sqlID,jobID,stageId,stageAttemptId,Stage Duration,SQL Nodes(IDs)
1,31,31,0,517539,"Exchange(467),Filter(470),ColumnarToRow(471),WholeStageCodegen (45)(468),Scan parquet spark_catalog.demo_pauldefusco.trs_v25(472)"
1,29,29,0,511265,"Exchange(416),Filter(419),ColumnarToRow(420),WholeStageCodegen (39)(417),Scan parquet spark_catalog.demo_pauldefusco.trs_v25(421)"
1,32,32,0,447845,"Exchange(475),Filter(477),ColumnarToRow(478),WholeStageCodegen (46)(476),Scan parquet spark_catalog.demo_pauldefusco.customers_skewed(479)"
1,28,28,0,402829,"Exchange(297),Filter(299),ColumnarToRow(300),WholeStageCodegen (25)(298),Scan parquet spark_catalog.demo_pauldefusco.accounts_skewed(301)"
1,30,30,0,401564,"Exchange(424),Filter(426),ColumnarToRow(427),WholeStageCodegen (40)(425),Scan parquet spark_catalog.demo_pauldefusco.customers_skewed(428)"
1,25,25,0,399763,"Exchange(194),Filter(196),ColumnarToRow(197),WholeStageCodegen (14)(195),Scan parquet spark_catalog.demo_pauldefusco.customers_skewed(198)"
1,24,24,0,391066,"Exchange(186),Filter(189),ColumnarToRow(190),WholeStageCodegen (13)(187),Scan parquet spark_catalog.demo_pauldefusco.trs_v25(191)"
1,27,27,0,364439,"Exchange(252),Filter(254),ColumnarToRow(255),WholeStageCodegen (20)(253),Scan parquet spark_catalog.demo_pauldefusco.accounts_skewed(256)"
1,26,26,0,364217,"Exchange(201),Filter(203),ColumnarToRow(204),WholeStageCodegen (15)(202),Scan parquet spark_catalog.demo_pauldefusco.accounts_skewed(205)"
1,33,33,0,343398,"Exchange(282),BroadcastHashJoin(285),Filter(287),ColumnarToRow(288),WholeStageCodegen (56)(283),Scan parquet spark_catalog.demo_pauldefusco.trs_v25(289)"
1,21,21,0,336685,"Exchange(124),Filter(127),ColumnarToRow(128),WholeStageCodegen (7)(125),Scan parquet spark_catalog.demo_pauldefusco.trs_v25(129)"
1,22,22,0,320416,"Exchange(132),Filter(134),ColumnarToRow(135),WholeStageCodegen (8)(133),Scan parquet spark_catalog.demo_pauldefusco.customers_skewed(136)"
1,23,23,0,318777,"Exchange(139),Filter(141),ColumnarToRow(142),WholeStageCodegen (9)(140),Scan parquet spark_catalog.demo_pauldefusco.accounts_skewed(143)"
1,9,9,0,286227,"Filter(344),ColumnarToRow(345),WholeStageCodegen (31)(343),Scan parquet spark_catalog.demo_pauldefusco.merchants_skewed(346)"
1,4,7,0,275058,"Filter(433),ColumnarToRow(434),WholeStageCodegen (42)(432),Scan parquet spark_catalog.demo_pauldefusco.merchants_skewed(435)"
1,2,2,0,273453,"Filter(146),ColumnarToRow(147),WholeStageCodegen (10)(145),Scan parquet spark_catalog.demo_pauldefusco.merchants_skewed(148)"
1,0,0,0,272348,"Exchange(54),Filter(57),ColumnarToRow(58),WholeStageCodegen (1)(55),Scan parquet spark_catalog.demo_pauldefusco.trs_v25(59)"
1,36,36,0,270011,"Exchange(370),BroadcastHashJoin(373),Filter(375),ColumnarToRow(376),WholeStageCodegen (59)(371),Scan parquet spark_catalog.demo_pauldefusco.trs_v25(377)"
1,3,6,0,268826,"Filter(86),ColumnarToRow(87),WholeStageCodegen (6)(85),Scan parquet spark_catalog.demo_pauldefusco.calendar(88)"
1,37,37,0,267201,"Exchange(505),BroadcastHashJoin(508),Filter(510),ColumnarToRow(511),WholeStageCodegen (60)(506),Scan parquet spark_catalog.demo_pauldefusco.trs_v25(512)"
1,35,35,0,267107,"Exchange(332),BroadcastHashJoin(335),Filter(337),ColumnarToRow(338),WholeStageCodegen (58)(333),Scan parquet spark_catalog.demo_pauldefusco.trs_v25(339)"
1,34,34,0,263244,"Exchange(237),BroadcastHashJoin(240),Filter(242),ColumnarToRow(243),WholeStageCodegen (57)(238),Scan parquet spark_catalog.demo_pauldefusco.trs_v25(244)"
1,20,20,0,262317,"Exchange(69),Filter(71),ColumnarToRow(72),WholeStageCodegen (3)(70),Scan parquet spark_catalog.demo_pauldefusco.accounts_skewed(73)"
1,19,19,0,259211,"Filter(76),ColumnarToRow(77),WholeStageCodegen (4)(75),Scan parquet spark_catalog.demo_pauldefusco.merchants_skewed(78)"
1,18,18,0,258662,"Filter(517),ColumnarToRow(518),WholeStageCodegen (53)(516),Scan parquet spark_catalog.demo_pauldefusco.merchants_skewed(519)"
1,17,17,0,257227,"Filter(304),ColumnarToRow(305),WholeStageCodegen (26)(303),Scan parquet spark_catalog.demo_pauldefusco.merchants_skewed(306)"
1,10,10,0,254751,"Filter(247),ColumnarToRow(248),WholeStageCodegen (19)(246),Scan parquet spark_catalog.demo_pauldefusco.customers_skewed(249)"
1,12,12,0,252401,"Filter(208),ColumnarToRow(209),WholeStageCodegen (16)(207),Scan parquet spark_catalog.demo_pauldefusco.merchants_skewed(210)"
1,14,14,0,252140,"Filter(292),ColumnarToRow(293),WholeStageCodegen (24)(291),Scan parquet spark_catalog.demo_pauldefusco.customers_skewed(294)"
1,15,15,0,251639,"Filter(151),ColumnarToRow(152),WholeStageCodegen (11)(150),Scan parquet spark_catalog.demo_pauldefusco.branches_skewed(153)"
1,38,40,0,248277,"Exchange(48),SortMergeJoin(51),WholeStageCodegen (63)(49),Sort(53),WholeStageCodegen (61)(52),Exchange(54),Sort(61),WholeStageCodegen (62)(60),Exchange(62)"
1,16,16,0,243296,"Filter(309),ColumnarToRow(310),WholeStageCodegen (28)(308),Scan parquet spark_catalog.demo_pauldefusco.calendar(311)"
1,11,11,0,243111,"Filter(484),ColumnarToRow(485),WholeStageCodegen (49)(483),Scan parquet spark_catalog.demo_pauldefusco.branches_skewed(486)"
1,13,13,0,239918,"Filter(349),ColumnarToRow(350),WholeStageCodegen (33)(348),Scan parquet spark_catalog.demo_pauldefusco.calendar(351)"
1,1,1,0,237338,"Exchange(62),Filter(64),ColumnarToRow(65),WholeStageCodegen (2)(63),Scan parquet spark_catalog.demo_pauldefusco.customers_skewed(66)"
1,6,4,0,230167,"Filter(438),ColumnarToRow(439),WholeStageCodegen (43)(437),Scan parquet spark_catalog.demo_pauldefusco.branches_skewed(440)"
1,7,5,0,230015,"Filter(81),ColumnarToRow(82),WholeStageCodegen (5)(80),Scan parquet spark_catalog.demo_pauldefusco.branches_skewed(83)"
1,8,8,0,225525,"Filter(213),ColumnarToRow(214),WholeStageCodegen (18)(212),Scan parquet spark_catalog.demo_pauldefusco.calendar(215)"
1,5,3,0,225264,"Filter(156),ColumnarToRow(157),WholeStageCodegen (12)(155),Scan parquet spark_catalog.demo_pauldefusco.calendar(158)"
1,39,43,0,183883,"Exchange(118),SortMergeJoin(121),WholeStageCodegen (66)(119),Sort(123),Exchange(124),Sort(131),WholeStageCodegen (65)(130),Exchange(132)"
1,68,283,1,182534,"Exchange(15),SortMergeJoin(18),WholeStageCodegen (135)(16),Sort(20),WholeStageCodegen (133)(19),Exchange(21),Sort(353),HashAggregate(354),HashAggregate(355),Sort(356),WholeStageCodegen (134)(352),Exchange(357)"
1,50,79,0,173771,"Exchange(166),BroadcastHashJoin(171),BroadcastHashJoin(173),BroadcastHashJoin(175),SortMergeJoin(177),WholeStageCodegen (99)(167),Sort(179),WholeStageCodegen (97)(178),Exchange(180),Sort(200),Exchange(201)"
1,51,83,0,148157,"Exchange(201),Exchange(448),BroadcastHashJoin(452),BroadcastHashJoin(454),BroadcastHashJoin(456),SortMergeJoin(458),WholeStageCodegen (102)(449),Sort(460),WholeStageCodegen (100)(459),Exchange(461),Sort(481)"
1,49,73,1,133628,"Exchange(118),SortMergeJoin(121),WholeStageCodegen (66)(119),Sort(123),Exchange(124),Sort(131),WholeStageCodegen (65)(130),Exchange(132)"
1,69,329,0,132150,"Exchange(443),HashAggregate(445),HashAggregate(446),Sort(447),WholeStageCodegen (110)(444),Exchange(448)"
1,48,68,1,131676,"Exchange(48),SortMergeJoin(51),WholeStageCodegen (63)(49),Sort(53),WholeStageCodegen (61)(52),Exchange(54),Sort(61),WholeStageCodegen (62)(60),Exchange(62)"
1,69,329,3,128954,"Exchange(443),HashAggregate(445),HashAggregate(446),Sort(447),WholeStageCodegen (110)(444),Exchange(448)"
1,69,291,2,127073,"Exchange(266),HashAggregate(268),WholeStageCodegen (108)(267),Exchange(269)"
1,69,293,2,125703,"Exchange(314),HashAggregate(316),HashAggregate(317),Sort(318),WholeStageCodegen (107)(315),Exchange(319)"
1,42,52,1,125634,"Exchange(223),BroadcastHashJoin(228),BroadcastHashJoin(230),BroadcastHashJoin(232),SortMergeJoin(234),WholeStageCodegen (75)(224),Sort(236),WholeStageCodegen (73)(235),Exchange(237),Sort(251),Exchange(252)"
1,69,313,2,125371,"Exchange(97),SortMergeJoin(100),WholeStageCodegen (123)(98),Sort(102),WholeStageCodegen (121)(101),Exchange(103),Sort(160),WholeStageCodegen (122)(159),Exchange(161)"
1,67,224,0,125037,"Exchange(48),SortMergeJoin(51),WholeStageCodegen (63)(49),Sort(53),WholeStageCodegen (61)(52),Exchange(54),Sort(61),WholeStageCodegen (62)(60),Exchange(62)"
1,40,46,2,122670,"Exchange(180),SortMergeJoin(183),WholeStageCodegen (69)(181),Sort(185),Exchange(186),Sort(193),WholeStageCodegen (68)(192),Exchange(194)"
1,43,55,1,121820,"Exchange(410),SortMergeJoin(413),WholeStageCodegen (78)(411),Sort(415),Exchange(416),Sort(423),WholeStageCodegen (77)(422),Exchange(424)"
1,46,61,1,120914,"Exchange(370),BroadcastHashJoin(373),Filter(375),ColumnarToRow(376),WholeStageCodegen (59)(371),Scan parquet spark_catalog.demo_pauldefusco.trs_v25(377)"
1,40,46,0,120799,"Exchange(180),SortMergeJoin(183),WholeStageCodegen (69)(181),Sort(185),Exchange(186),Sort(193),WholeStageCodegen (68)(192),Exchange(194)"
1,43,55,2,120528,"Exchange(410),SortMergeJoin(413),WholeStageCodegen (78)(411),Sort(415),Exchange(416),Sort(423),WholeStageCodegen (77)(422),Exchange(424)"
1,47,64,1,119241,"Exchange(282),BroadcastHashJoin(285),Filter(287),ColumnarToRow(288),WholeStageCodegen (56)(283),Scan parquet spark_catalog.demo_pauldefusco.trs_v25(289)"
1,44,57,1,115021,"Exchange(332),BroadcastHashJoin(335),Filter(337),ColumnarToRow(338),WholeStageCodegen (58)(333),Scan parquet spark_catalog.demo_pauldefusco.trs_v25(339)"
1,49,74,1,114894,"Exchange(139),Filter(141),ColumnarToRow(142),WholeStageCodegen (9)(140),Scan parquet spark_catalog.demo_pauldefusco.accounts_skewed(143)"
1,45,59,1,114351,"Exchange(505),BroadcastHashJoin(508),Filter(510),ColumnarToRow(511),WholeStageCodegen (60)(506),Scan parquet spark_catalog.demo_pauldefusco.trs_v25(512)"
1,48,69,1,114157,"Exchange(69),Filter(71),ColumnarToRow(72),WholeStageCodegen (3)(70),Scan parquet spark_catalog.demo_pauldefusco.accounts_skewed(73)"
1,50,56,1,111605,"Exchange(201),Filter(203),ColumnarToRow(204),WholeStageCodegen (15)(202),Scan parquet spark_catalog.demo_pauldefusco.accounts_skewed(205)"
1,62,56,1,111605,"Exchange(201),Filter(203),ColumnarToRow(204),WholeStageCodegen (15)(202),Scan parquet spark_catalog.demo_pauldefusco.accounts_skewed(205)"
1,44,56,1,111605,"Exchange(201),Filter(203),ColumnarToRow(204),WholeStageCodegen (15)(202),Scan parquet spark_catalog.demo_pauldefusco.accounts_skewed(205)"
1,56,56,1,111605,"Exchange(201),Filter(203),ColumnarToRow(204),WholeStageCodegen (15)(202),Scan parquet spark_catalog.demo_pauldefusco.accounts_skewed(205)"
1,46,56,1,111605,"Exchange(201),Filter(203),ColumnarToRow(204),WholeStageCodegen (15)(202),Scan parquet spark_catalog.demo_pauldefusco.accounts_skewed(205)"
1,61,56,1,111605,"Exchange(201),Filter(203),ColumnarToRow(204),WholeStageCodegen (15)(202),Scan parquet spark_catalog.demo_pauldefusco.accounts_skewed(205)"
1,60,56,1,111605,"Exchange(201),Filter(203),ColumnarToRow(204),WholeStageCodegen (15)(202),Scan parquet spark_catalog.demo_pauldefusco.accounts_skewed(205)"
1,45,56,1,111605,"Exchange(201),Filter(203),ColumnarToRow(204),WholeStageCodegen (15)(202),Scan parquet spark_catalog.demo_pauldefusco.accounts_skewed(205)"
1,54,56,1,111605,"Exchange(201),Filter(203),ColumnarToRow(204),WholeStageCodegen (15)(202),Scan parquet spark_catalog.demo_pauldefusco.accounts_skewed(205)"
1,57,56,1,111605,"Exchange(201),Filter(203),ColumnarToRow(204),WholeStageCodegen (15)(202),Scan parquet spark_catalog.demo_pauldefusco.accounts_skewed(205)"
1,51,56,1,111605,"Exchange(201),Filter(203),ColumnarToRow(204),WholeStageCodegen (15)(202),Scan parquet spark_catalog.demo_pauldefusco.accounts_skewed(205)"
1,52,87,0,111254,"Exchange(218),HashAggregate(220),HashAggregate(221),Sort(222),WholeStageCodegen (103)(219),Exchange(223)"
1,41,49,1,107658,"Exchange(461),SortMergeJoin(464),WholeStageCodegen (72)(462),Sort(466),Exchange(467),Sort(474),WholeStageCodegen (71)(473),Exchange(475)"
1,39,43,2,104257,"Exchange(118),SortMergeJoin(121),WholeStageCodegen (66)(119),Sort(123),Exchange(124),Sort(131),WholeStageCodegen (65)(130),Exchange(132)"
1,53,63,0,97468,"Exchange(297),Filter(299),ColumnarToRow(300),WholeStageCodegen (25)(298),Scan parquet spark_catalog.demo_pauldefusco.accounts_skewed(301)"
1,47,63,0,97468,"Exchange(297),Filter(299),ColumnarToRow(300),WholeStageCodegen (25)(298),Scan parquet spark_catalog.demo_pauldefusco.accounts_skewed(301)"
1,55,63,0,97468,"Exchange(297),Filter(299),ColumnarToRow(300),WholeStageCodegen (25)(298),Scan parquet spark_catalog.demo_pauldefusco.accounts_skewed(301)"
1,58,63,0,97468,"Exchange(297),Filter(299),ColumnarToRow(300),WholeStageCodegen (25)(298),Scan parquet spark_catalog.demo_pauldefusco.accounts_skewed(301)"
1,69,334,3,88743,"Exchange(15),SortMergeJoin(18),WholeStageCodegen (135)(16),Sort(20),WholeStageCodegen (133)(19),Exchange(21),Sort(353),HashAggregate(354),HashAggregate(355),Sort(356),WholeStageCodegen (134)(352),Exchange(357)"
1,69,334,2,85034,"Exchange(15),SortMergeJoin(18),WholeStageCodegen (135)(16),Sort(20),WholeStageCodegen (133)(19),Exchange(21),Sort(353),HashAggregate(354),HashAggregate(355),Sort(356),WholeStageCodegen (134)(352),Exchange(357)"
1,69,335,0,82440,"Exchange(9),SortMergeJoin(12),WholeStageCodegen (138)(10),Sort(14),WholeStageCodegen (136)(13),Exchange(15),Sort(381),WholeStageCodegen (137)(380),Exchange(382)"
1,68,283,0,81346,"Exchange(15),SortMergeJoin(18),WholeStageCodegen (135)(16),Sort(20),WholeStageCodegen (133)(19),Exchange(21),Sort(353),HashAggregate(354),HashAggregate(355),Sort(356),WholeStageCodegen (134)(352),Exchange(357)"
1,42,52,2,79323,"Exchange(223),BroadcastHashJoin(228),BroadcastHashJoin(230),BroadcastHashJoin(232),SortMergeJoin(234),WholeStageCodegen (75)(224),Sort(236),WholeStageCodegen (73)(235),Exchange(237),Sort(251),Exchange(252)"
1,48,69,0,78584,"Exchange(69),Filter(71),ColumnarToRow(72),WholeStageCodegen (3)(70),Scan parquet spark_catalog.demo_pauldefusco.accounts_skewed(73)"
1,67,246,0,77831,"Exchange(21),SortMergeJoin(24),WholeStageCodegen (132)(22),Sort(26),WholeStageCodegen (130)(25),Exchange(27),Sort(258),WholeStageCodegen (131)(257),Exchange(259)"
1,66,212,0,70173,"Exchange(27),SortMergeJoin(30),WholeStageCodegen (129)(28),Sort(32),WholeStageCodegen (127)(31),Exchange(33),Sort(90),WholeStageCodegen (128)(89),Exchange(91)"
1,53,91,0,68921,"Exchange(297),Exchange(397),HashAggregate(399),BroadcastHashJoin(401),BroadcastHashJoin(403),BroadcastHashJoin(405),SortMergeJoin(407),WholeStageCodegen (106)(398),Sort(409),WholeStageCodegen (104)(408),Exchange(410),Sort(430)"
1,38,40,2,66306,"Exchange(48),SortMergeJoin(51),WholeStageCodegen (63)(49),Sort(53),WholeStageCodegen (61)(52),Exchange(54),Sort(61),WholeStageCodegen (62)(60),Exchange(62)"
1,48,67,0,65632,"Exchange(54),Filter(57),ColumnarToRow(58),WholeStageCodegen (1)(55),Scan parquet spark_catalog.demo_pauldefusco.trs_v25(59)"
1,49,71,0,62420,"Exchange(124),Filter(127),ColumnarToRow(128),WholeStageCodegen (7)(125),Scan parquet spark_catalog.demo_pauldefusco.trs_v25(129)"
1,48,66,0,61492,"Exchange(62),Filter(64),ColumnarToRow(65),WholeStageCodegen (2)(63),Scan parquet spark_catalog.demo_pauldefusco.customers_skewed(66)"
1,47,65,0,59024,"Exchange(269),HashAggregate(271),BroadcastHashJoin(273),BroadcastHashJoin(275),BroadcastHashJoin(277),SortMergeJoin(279),WholeStageCodegen (90)(270),Sort(281),WholeStageCodegen (88)(280),Exchange(282),Sort(296),Exchange(297)"
1,48,70,0,56541,"Exchange(33),BroadcastHashJoin(39),BroadcastHashJoin(41),BroadcastHashJoin(43),SortMergeJoin(45),WholeStageCodegen (93)(34),Sort(47),WholeStageCodegen (91)(46),Exchange(48),Sort(68),Exchange(69)"
1,50,56,0,51805,"Exchange(201),Filter(203),ColumnarToRow(204),WholeStageCodegen (15)(202),Scan parquet spark_catalog.demo_pauldefusco.accounts_skewed(205)"
1,62,56,0,51805,"Exchange(201),Filter(203),ColumnarToRow(204),WholeStageCodegen (15)(202),Scan parquet spark_catalog.demo_pauldefusco.accounts_skewed(205)"
1,44,56,0,51805,"Exchange(201),Filter(203),ColumnarToRow(204),WholeStageCodegen (15)(202),Scan parquet spark_catalog.demo_pauldefusco.accounts_skewed(205)"
1,56,56,0,51805,"Exchange(201),Filter(203),ColumnarToRow(204),WholeStageCodegen (15)(202),Scan parquet spark_catalog.demo_pauldefusco.accounts_skewed(205)"
1,46,56,0,51805,"Exchange(201),Filter(203),ColumnarToRow(204),WholeStageCodegen (15)(202),Scan parquet spark_catalog.demo_pauldefusco.accounts_skewed(205)"
1,61,56,0,51805,"Exchange(201),Filter(203),ColumnarToRow(204),WholeStageCodegen (15)(202),Scan parquet spark_catalog.demo_pauldefusco.accounts_skewed(205)"
1,60,56,0,51805,"Exchange(201),Filter(203),ColumnarToRow(204),WholeStageCodegen (15)(202),Scan parquet spark_catalog.demo_pauldefusco.accounts_skewed(205)"
1,45,56,0,51805,"Exchange(201),Filter(203),ColumnarToRow(204),WholeStageCodegen (15)(202),Scan parquet spark_catalog.demo_pauldefusco.accounts_skewed(205)"
1,54,56,0,51805,"Exchange(201),Filter(203),ColumnarToRow(204),WholeStageCodegen (15)(202),Scan parquet spark_catalog.demo_pauldefusco.accounts_skewed(205)"
1,57,56,0,51805,"Exchange(201),Filter(203),ColumnarToRow(204),WholeStageCodegen (15)(202),Scan parquet spark_catalog.demo_pauldefusco.accounts_skewed(205)"
1,51,56,0,51805,"Exchange(201),Filter(203),ColumnarToRow(204),WholeStageCodegen (15)(202),Scan parquet spark_catalog.demo_pauldefusco.accounts_skewed(205)"
1,56,101,1,50630,"Exchange(166),BroadcastHashJoin(171),BroadcastHashJoin(173),BroadcastHashJoin(175),SortMergeJoin(177),WholeStageCodegen (99)(167),Sort(179),WholeStageCodegen (97)(178),Exchange(180),Sort(200),Exchange(201)"
1,49,75,0,48933,"Exchange(104),HashAggregate(106),HashAggregate(107),BroadcastHashJoin(109),BroadcastHashJoin(111),BroadcastHashJoin(113),SortMergeJoin(115),WholeStageCodegen (96)(105),Sort(117),WholeStageCodegen (94)(116),Exchange(118),Sort(138),Exchange(139)"
1,54,94,1,46211,"Exchange(314),HashAggregate(316),HashAggregate(317),Sort(318),WholeStageCodegen (107)(315),Exchange(319)"
1,55,97,1,45294,"Exchange(266),HashAggregate(268),WholeStageCodegen (108)(267),Exchange(269)"
1,54,94,0,42268,"Exchange(314),HashAggregate(316),HashAggregate(317),Sort(318),WholeStageCodegen (107)(315),Exchange(319)"
1,41,49,2,41865,"Exchange(461),SortMergeJoin(464),WholeStageCodegen (72)(462),Sort(466),Exchange(467),Sort(474),WholeStageCodegen (71)(473),Exchange(475)"
1,57,107,1,40729,"Exchange(443),HashAggregate(445),HashAggregate(446),Sort(447),WholeStageCodegen (110)(444),Exchange(448)"
1,49,74,0,39821,"Exchange(139),Filter(141),ColumnarToRow(142),WholeStageCodegen (9)(140),Scan parquet spark_catalog.demo_pauldefusco.accounts_skewed(143)"
1,46,62,0,39666,"Exchange(201),Exchange(357),BroadcastHashJoin(361),BroadcastHashJoin(363),BroadcastHashJoin(365),SortMergeJoin(367),WholeStageCodegen (87)(358),Sort(369),WholeStageCodegen (85)(368),Exchange(370),Sort(379)"
1,53,91,1,32893,"Exchange(297),Exchange(397),HashAggregate(399),BroadcastHashJoin(401),BroadcastHashJoin(403),BroadcastHashJoin(405),SortMergeJoin(407),WholeStageCodegen (106)(398),Sort(409),WholeStageCodegen (104)(408),Exchange(410),Sort(430)"
1,57,107,0,30007,"Exchange(443),HashAggregate(445),HashAggregate(446),Sort(447),WholeStageCodegen (110)(444),Exchange(448)"
1,44,58,0,29451,"Exchange(201),Exchange(319),BroadcastHashJoin(323),BroadcastHashJoin(325),BroadcastHashJoin(327),SortMergeJoin(329),WholeStageCodegen (81)(320),Sort(331),WholeStageCodegen (79)(330),Exchange(332),Sort(341)"
1,66,212,1,29075,"Exchange(27),SortMergeJoin(30),WholeStageCodegen (129)(28),Sort(32),WholeStageCodegen (127)(31),Exchange(33),Sort(90),WholeStageCodegen (128)(89),Exchange(91)"
1,70,388,0,27785,"HashAggregate(6),HashAggregate(7),Sort(8),WholeStageCodegen (139)(5),Exchange(9)"
1,41,47,1,27473,"Exchange(467),Filter(470),ColumnarToRow(471),WholeStageCodegen (45)(468),Scan parquet spark_catalog.demo_pauldefusco.trs_v25(472)"
1,45,60,0,24232,"Exchange(201),Exchange(492),BroadcastHashJoin(496),BroadcastHashJoin(498),BroadcastHashJoin(500),SortMergeJoin(502),WholeStageCodegen (84)(493),Sort(504),WholeStageCodegen (82)(503),Exchange(505),Sort(514)"
1,52,87,1,23535,"Exchange(218),HashAggregate(220),HashAggregate(221),Sort(222),WholeStageCodegen (103)(219),Exchange(223)"
1,68,281,2,23133,"Exchange(21),SortMergeJoin(24),WholeStageCodegen (132)(22),Sort(26),WholeStageCodegen (130)(25),Exchange(27),Sort(258),WholeStageCodegen (131)(257),Exchange(259)"
1,67,246,1,22205,"Exchange(21),SortMergeJoin(24),WholeStageCodegen (132)(22),Sort(26),WholeStageCodegen (130)(25),Exchange(27),Sort(258),WholeStageCodegen (131)(257),Exchange(259)"
1,68,259,0,21572,"Exchange(48),SortMergeJoin(51),WholeStageCodegen (63)(49),Sort(53),WholeStageCodegen (61)(52),Exchange(54),Sort(61),WholeStageCodegen (62)(60),Exchange(62)"
1,70,370,0,21302,"Exchange(21),SortMergeJoin(24),WholeStageCodegen (132)(22),Sort(26),WholeStageCodegen (130)(25),Exchange(27),Sort(258),WholeStageCodegen (131)(257),Exchange(259)"
1,43,55,0,21125,"Exchange(410),SortMergeJoin(413),WholeStageCodegen (78)(411),Sort(415),Exchange(416),Sort(423),WholeStageCodegen (77)(422),Exchange(424)"
1,42,52,0,21109,"Exchange(223),BroadcastHashJoin(228),BroadcastHashJoin(230),BroadcastHashJoin(232),SortMergeJoin(234),WholeStageCodegen (75)(224),Sort(236),WholeStageCodegen (73)(235),Exchange(237),Sort(251),Exchange(252)"
1,69,318,2,20964,"Exchange(21),SortMergeJoin(24),WholeStageCodegen (132)(22),Sort(26),WholeStageCodegen (130)(25),Exchange(27),Sort(258),WholeStageCodegen (131)(257),Exchange(259)"
1,67,231,0,20570,"Exchange(132),Filter(134),ColumnarToRow(135),WholeStageCodegen (8)(133),Scan parquet spark_catalog.demo_pauldefusco.customers_skewed(136)"
1,69,318,0,20455,"Exchange(21),SortMergeJoin(24),WholeStageCodegen (132)(22),Sort(26),WholeStageCodegen (130)(25),Exchange(27),Sort(258),WholeStageCodegen (131)(257),Exchange(259)"
1,60,126,0,20429,"Exchange(259),SortMergeJoin(262),WholeStageCodegen (114)(260),Sort(264),WholeStageCodegen (112)(263),Exchange(265),Sort(313),WholeStageCodegen (113)(312),Exchange(314)"
1,69,318,3,20208,"Exchange(21),SortMergeJoin(24),WholeStageCodegen (132)(22),Sort(26),WholeStageCodegen (130)(25),Exchange(27),Sort(258),WholeStageCodegen (131)(257),Exchange(259)"
1,68,253,0,20125,"Exchange(269),HashAggregate(271),BroadcastHashJoin(273),BroadcastHashJoin(275),BroadcastHashJoin(277),SortMergeJoin(279),WholeStageCodegen (90)(270),Sort(281),WholeStageCodegen (88)(280),Exchange(282),Sort(296),Exchange(297)"
1,69,335,1,20015,"Exchange(9),SortMergeJoin(12),WholeStageCodegen (138)(10),Sort(14),WholeStageCodegen (136)(13),Exchange(15),Sort(381),WholeStageCodegen (137)(380),Exchange(382)"
1,69,329,4,19468,"Exchange(443),HashAggregate(445),HashAggregate(446),Sort(447),WholeStageCodegen (110)(444),Exchange(448)"
1,40,45,1,19168,"Exchange(194),Filter(196),ColumnarToRow(197),WholeStageCodegen (14)(195),Scan parquet spark_catalog.demo_pauldefusco.customers_skewed(198)"
1,69,318,1,18825,"Exchange(21),SortMergeJoin(24),WholeStageCodegen (132)(22),Sort(26),WholeStageCodegen (130)(25),Exchange(27),Sort(258),WholeStageCodegen (131)(257),Exchange(259)"
1,70,368,0,18177,"Exchange(27),SortMergeJoin(30),WholeStageCodegen (129)(28),Sort(32),WholeStageCodegen (127)(31),Exchange(33),Sort(90),WholeStageCodegen (128)(89),Exchange(91)"
1,58,112,0,17683,"Exchange(394),HashAggregate(396),WholeStageCodegen (111)(395),Exchange(397)"
1,68,267,0,17557,"Exchange(118),SortMergeJoin(121),WholeStageCodegen (66)(119),Sort(123),Exchange(124),Sort(131),WholeStageCodegen (65)(130),Exchange(132)"
1,40,44,1,16707,"Exchange(186),Filter(189),ColumnarToRow(190),WholeStageCodegen (13)(187),Scan parquet spark_catalog.demo_pauldefusco.trs_v25(191)"
1,69,316,2,16666,"Exchange(27),SortMergeJoin(30),WholeStageCodegen (129)(28),Sort(32),WholeStageCodegen (127)(31),Exchange(33),Sort(90),WholeStageCodegen (128)(89),Exchange(91)"
1,43,54,2,16335,"Exchange(416),Filter(419),ColumnarToRow(420),WholeStageCodegen (39)(417),Scan parquet spark_catalog.demo_pauldefusco.trs_v25(421)"
1,39,42,1,16275,"Exchange(132),Filter(134),ColumnarToRow(135),WholeStageCodegen (8)(133),Scan parquet spark_catalog.demo_pauldefusco.customers_skewed(136)"
1,67,230,0,16165,"Exchange(124),Filter(127),ColumnarToRow(128),WholeStageCodegen (7)(125),Scan parquet spark_catalog.demo_pauldefusco.trs_v25(129)"
1,69,316,3,16083,"Exchange(27),SortMergeJoin(30),WholeStageCodegen (129)(28),Sort(32),WholeStageCodegen (127)(31),Exchange(33),Sort(90),WholeStageCodegen (128)(89),Exchange(91)"
1,67,244,2,15977,"Exchange(27),SortMergeJoin(30),WholeStageCodegen (129)(28),Sort(32),WholeStageCodegen (127)(31),Exchange(33),Sort(90),WholeStageCodegen (128)(89),Exchange(91)"
1,69,319,3,15941,"Exchange(201),Exchange(357),BroadcastHashJoin(361),BroadcastHashJoin(363),BroadcastHashJoin(365),SortMergeJoin(367),WholeStageCodegen (87)(358),Sort(369),WholeStageCodegen (85)(368),Exchange(370),Sort(379)"
1,40,45,2,15936,"Exchange(194),Filter(196),ColumnarToRow(197),WholeStageCodegen (14)(195),Scan parquet spark_catalog.demo_pauldefusco.customers_skewed(198)"
1,68,279,1,15659,"Exchange(27),SortMergeJoin(30),WholeStageCodegen (129)(28),Sort(32),WholeStageCodegen (127)(31),Exchange(33),Sort(90),WholeStageCodegen (128)(89),Exchange(91)"
1,41,48,2,15616,"Exchange(475),Filter(477),ColumnarToRow(478),WholeStageCodegen (46)(476),Scan parquet spark_catalog.demo_pauldefusco.customers_skewed(479)"
1,69,316,0,15573,"Exchange(27),SortMergeJoin(30),WholeStageCodegen (129)(28),Sort(32),WholeStageCodegen (127)(31),Exchange(33),Sort(90),WholeStageCodegen (128)(89),Exchange(91)"
1,66,193,0,15569,"Exchange(186),Filter(189),ColumnarToRow(190),WholeStageCodegen (13)(187),Scan parquet spark_catalog.demo_pauldefusco.trs_v25(191)"
1,67,244,1,15464,"Exchange(27),SortMergeJoin(30),WholeStageCodegen (129)(28),Sort(32),WholeStageCodegen (127)(31),Exchange(33),Sort(90),WholeStageCodegen (128)(89),Exchange(91)"
1,68,282,1,15356,"Exchange(201),Exchange(357),BroadcastHashJoin(361),BroadcastHashJoin(363),BroadcastHashJoin(365),SortMergeJoin(367),WholeStageCodegen (87)(358),Sort(369),WholeStageCodegen (85)(368),Exchange(370),Sort(379)"
1,68,279,0,15343,"Exchange(27),SortMergeJoin(30),WholeStageCodegen (129)(28),Sort(32),WholeStageCodegen (127)(31),Exchange(33),Sort(90),WholeStageCodegen (128)(89),Exchange(91)"
1,42,50,1,15194,"Exchange(252),Filter(254),ColumnarToRow(255),WholeStageCodegen (20)(253),Scan parquet spark_catalog.demo_pauldefusco.accounts_skewed(256)"
1,69,316,1,15179,"Exchange(27),SortMergeJoin(30),WholeStageCodegen (129)(28),Sort(32),WholeStageCodegen (127)(31),Exchange(33),Sort(90),WholeStageCodegen (128)(89),Exchange(91)"
1,42,51,2,15039,"Exchange(237),BroadcastHashJoin(240),Filter(242),ColumnarToRow(243),WholeStageCodegen (57)(238),Scan parquet spark_catalog.demo_pauldefusco.trs_v25(244)"
1,41,49,0,15038,"Exchange(461),SortMergeJoin(464),WholeStageCodegen (72)(462),Sort(466),Exchange(467),Sort(474),WholeStageCodegen (71)(473),Exchange(475)"
1,70,367,1,14581,"Exchange(33),BroadcastHashJoin(39),BroadcastHashJoin(41),BroadcastHashJoin(43),SortMergeJoin(45),WholeStageCodegen (93)(34),Sort(47),WholeStageCodegen (91)(46),Exchange(48),Sort(68),Exchange(69)"
1,68,250,0,14466,"Exchange(201),Exchange(319),BroadcastHashJoin(323),BroadcastHashJoin(325),BroadcastHashJoin(327),SortMergeJoin(329),WholeStageCodegen (81)(320),Sort(331),WholeStageCodegen (79)(330),Exchange(332),Sort(341)"
1,69,284,2,14449,"Exchange(370),BroadcastHashJoin(373),Filter(375),ColumnarToRow(376),WholeStageCodegen (59)(371),Scan parquet spark_catalog.demo_pauldefusco.trs_v25(377)"
1,67,239,1,14301,"Exchange(223),BroadcastHashJoin(228),BroadcastHashJoin(230),BroadcastHashJoin(232),SortMergeJoin(234),WholeStageCodegen (75)(224),Sort(236),WholeStageCodegen (73)(235),Exchange(237),Sort(251),Exchange(252)"
1,67,227,1,14272,"Exchange(194),Filter(196),ColumnarToRow(197),WholeStageCodegen (14)(195),Scan parquet spark_catalog.demo_pauldefusco.customers_skewed(198)"
1,66,199,0,14208,"Exchange(132),Filter(134),ColumnarToRow(135),WholeStageCodegen (8)(133),Scan parquet spark_catalog.demo_pauldefusco.customers_skewed(136)"
1,69,315,4,13946,"Exchange(33),BroadcastHashJoin(39),BroadcastHashJoin(41),BroadcastHashJoin(43),SortMergeJoin(45),WholeStageCodegen (93)(34),Sort(47),WholeStageCodegen (91)(46),Exchange(48),Sort(68),Exchange(69)"
1,69,286,2,13850,"Exchange(332),BroadcastHashJoin(335),Filter(337),ColumnarToRow(338),WholeStageCodegen (58)(333),Scan parquet spark_catalog.demo_pauldefusco.trs_v25(339)"
1,38,39,1,13764,"Exchange(54),Filter(57),ColumnarToRow(58),WholeStageCodegen (1)(55),Scan parquet spark_catalog.demo_pauldefusco.trs_v25(59)"
1,69,310,2,13681,"Exchange(237),BroadcastHashJoin(240),Filter(242),ColumnarToRow(243),WholeStageCodegen (57)(238),Scan parquet spark_catalog.demo_pauldefusco.trs_v25(244)"
1,69,300,2,13662,"Exchange(180),SortMergeJoin(183),WholeStageCodegen (69)(181),Sort(185),Exchange(186),Sort(193),WholeStageCodegen (68)(192),Exchange(194)"
1,69,322,3,13635,"Exchange(416),Filter(419),ColumnarToRow(420),WholeStageCodegen (39)(417),Scan parquet spark_catalog.demo_pauldefusco.trs_v25(421)"
1,67,226,1,13596,"Exchange(186),Filter(189),ColumnarToRow(190),WholeStageCodegen (13)(187),Scan parquet spark_catalog.demo_pauldefusco.trs_v25(191)"
1,66,194,0,13525,"Exchange(194),Filter(196),ColumnarToRow(197),WholeStageCodegen (14)(195),Scan parquet spark_catalog.demo_pauldefusco.customers_skewed(198)"
1,69,310,5,13495,"Exchange(237),BroadcastHashJoin(240),Filter(242),ColumnarToRow(243),WholeStageCodegen (57)(238),Scan parquet spark_catalog.demo_pauldefusco.trs_v25(244)"
1,41,48,1,13363,"Exchange(475),Filter(477),ColumnarToRow(478),WholeStageCodegen (46)(476),Scan parquet spark_catalog.demo_pauldefusco.customers_skewed(479)"
1,66,201,0,13363,"Exchange(139),Filter(141),ColumnarToRow(142),WholeStageCodegen (9)(140),Scan parquet spark_catalog.demo_pauldefusco.accounts_skewed(143)"
1,69,323,3,13190,"Exchange(410),SortMergeJoin(413),WholeStageCodegen (78)(411),Sort(415),Exchange(416),Sort(423),WholeStageCodegen (77)(422),Exchange(424)"
1,69,289,2,13177,"Exchange(282),BroadcastHashJoin(285),Filter(287),ColumnarToRow(288),WholeStageCodegen (56)(283),Scan parquet spark_catalog.demo_pauldefusco.trs_v25(289)"
1,70,348,0,13096,"Exchange(48),SortMergeJoin(51),WholeStageCodegen (63)(49),Sort(53),WholeStageCodegen (61)(52),Exchange(54),Sort(61),WholeStageCodegen (62)(60),Exchange(62)"
1,69,315,3,13095,"Exchange(33),BroadcastHashJoin(39),BroadcastHashJoin(41),BroadcastHashJoin(43),SortMergeJoin(45),WholeStageCodegen (93)(34),Sort(47),WholeStageCodegen (91)(46),Exchange(48),Sort(68),Exchange(69)"
1,69,298,2,13086,"Exchange(186),Filter(189),ColumnarToRow(190),WholeStageCodegen (13)(187),Scan parquet spark_catalog.demo_pauldefusco.trs_v25(191)"
1,69,296,2,13039,"Exchange(48),SortMergeJoin(51),WholeStageCodegen (63)(49),Sort(53),WholeStageCodegen (61)(52),Exchange(54),Sort(61),WholeStageCodegen (62)(60),Exchange(62)"
1,69,302,2,13024,"Exchange(124),Filter(127),ColumnarToRow(128),WholeStageCodegen (7)(125),Scan parquet spark_catalog.demo_pauldefusco.trs_v25(129)"
1,69,325,3,13002,"Exchange(467),Filter(470),ColumnarToRow(471),WholeStageCodegen (45)(468),Scan parquet spark_catalog.demo_pauldefusco.trs_v25(472)"
1,66,196,0,12954,"Exchange(201),Filter(203),ColumnarToRow(204),WholeStageCodegen (15)(202),Scan parquet spark_catalog.demo_pauldefusco.accounts_skewed(205)"
1,51,81,0,12818,"Exchange(475),Filter(477),ColumnarToRow(478),WholeStageCodegen (46)(476),Scan parquet spark_catalog.demo_pauldefusco.customers_skewed(479)"
1,50,56,2,12805,"Exchange(201),Filter(203),ColumnarToRow(204),WholeStageCodegen (15)(202),Scan parquet spark_catalog.demo_pauldefusco.accounts_skewed(205)"
1,62,56,2,12805,"Exchange(201),Filter(203),ColumnarToRow(204),WholeStageCodegen (15)(202),Scan parquet spark_catalog.demo_pauldefusco.accounts_skewed(205)"
1,44,56,2,12805,"Exchange(201),Filter(203),ColumnarToRow(204),WholeStageCodegen (15)(202),Scan parquet spark_catalog.demo_pauldefusco.accounts_skewed(205)"
1,56,56,2,12805,"Exchange(201),Filter(203),ColumnarToRow(204),WholeStageCodegen (15)(202),Scan parquet spark_catalog.demo_pauldefusco.accounts_skewed(205)"
1,46,56,2,12805,"Exchange(201),Filter(203),ColumnarToRow(204),WholeStageCodegen (15)(202),Scan parquet spark_catalog.demo_pauldefusco.accounts_skewed(205)"
1,61,56,2,12805,"Exchange(201),Filter(203),ColumnarToRow(204),WholeStageCodegen (15)(202),Scan parquet spark_catalog.demo_pauldefusco.accounts_skewed(205)"
1,60,56,2,12805,"Exchange(201),Filter(203),ColumnarToRow(204),WholeStageCodegen (15)(202),Scan parquet spark_catalog.demo_pauldefusco.accounts_skewed(205)"
1,45,56,2,12805,"Exchange(201),Filter(203),ColumnarToRow(204),WholeStageCodegen (15)(202),Scan parquet spark_catalog.demo_pauldefusco.accounts_skewed(205)"
1,54,56,2,12805,"Exchange(201),Filter(203),ColumnarToRow(204),WholeStageCodegen (15)(202),Scan parquet spark_catalog.demo_pauldefusco.accounts_skewed(205)"
1,57,56,2,12805,"Exchange(201),Filter(203),ColumnarToRow(204),WholeStageCodegen (15)(202),Scan parquet spark_catalog.demo_pauldefusco.accounts_skewed(205)"
1,51,56,2,12805,"Exchange(201),Filter(203),ColumnarToRow(204),WholeStageCodegen (15)(202),Scan parquet spark_catalog.demo_pauldefusco.accounts_skewed(205)"
1,69,304,2,12776,"Exchange(118),SortMergeJoin(121),WholeStageCodegen (66)(119),Sort(123),Exchange(124),Sort(131),WholeStageCodegen (65)(130),Exchange(132)"
1,51,83,1,12738,"Exchange(201),Exchange(448),BroadcastHashJoin(452),BroadcastHashJoin(454),BroadcastHashJoin(456),SortMergeJoin(458),WholeStageCodegen (102)(449),Sort(460),WholeStageCodegen (100)(459),Exchange(461),Sort(481)"
1,69,315,1,12700,"Exchange(33),BroadcastHashJoin(39),BroadcastHashJoin(41),BroadcastHashJoin(43),SortMergeJoin(45),WholeStageCodegen (93)(34),Sort(47),WholeStageCodegen (91)(46),Exchange(48),Sort(68),Exchange(69)"
1,68,273,1,12690,"Exchange(237),BroadcastHashJoin(240),Filter(242),ColumnarToRow(243),WholeStageCodegen (57)(238),Scan parquet spark_catalog.demo_pauldefusco.trs_v25(244)"
1,69,315,0,12616,"Exchange(33),BroadcastHashJoin(39),BroadcastHashJoin(41),BroadcastHashJoin(43),SortMergeJoin(45),WholeStageCodegen (93)(34),Sort(47),WholeStageCodegen (91)(46),Exchange(48),Sort(68),Exchange(69)"
1,66,211,1,12513,"Exchange(33),BroadcastHashJoin(39),BroadcastHashJoin(41),BroadcastHashJoin(43),SortMergeJoin(45),WholeStageCodegen (93)(34),Sort(47),WholeStageCodegen (91)(46),Exchange(48),Sort(68),Exchange(69)"
1,68,278,0,12489,"Exchange(33),BroadcastHashJoin(39),BroadcastHashJoin(41),BroadcastHashJoin(43),SortMergeJoin(45),WholeStageCodegen (93)(34),Sort(47),WholeStageCodegen (91)(46),Exchange(48),Sort(68),Exchange(69)"
1,67,243,1,12480,"Exchange(33),BroadcastHashJoin(39),BroadcastHashJoin(41),BroadcastHashJoin(43),SortMergeJoin(45),WholeStageCodegen (93)(34),Sort(47),WholeStageCodegen (91)(46),Exchange(48),Sort(68),Exchange(69)"
1,67,223,1,12387,"Exchange(54),Filter(57),ColumnarToRow(58),WholeStageCodegen (1)(55),Scan parquet spark_catalog.demo_pauldefusco.trs_v25(59)"
1,69,315,8,12271,"Exchange(33),BroadcastHashJoin(39),BroadcastHashJoin(41),BroadcastHashJoin(43),SortMergeJoin(45),WholeStageCodegen (93)(34),Sort(47),WholeStageCodegen (91)(46),Exchange(48),Sort(68),Exchange(69)"
1,68,263,0,12254,"Exchange(180),SortMergeJoin(183),WholeStageCodegen (69)(181),Sort(185),Exchange(186),Sort(193),WholeStageCodegen (68)(192),Exchange(194)"
1,68,274,0,12247,"Exchange(223),BroadcastHashJoin(228),BroadcastHashJoin(230),BroadcastHashJoin(232),SortMergeJoin(234),WholeStageCodegen (75)(224),Sort(236),WholeStageCodegen (73)(235),Exchange(237),Sort(251),Exchange(252)"
1,69,315,7,12228,"Exchange(33),BroadcastHashJoin(39),BroadcastHashJoin(41),BroadcastHashJoin(43),SortMergeJoin(45),WholeStageCodegen (93)(34),Sort(47),WholeStageCodegen (91)(46),Exchange(48),Sort(68),Exchange(69)"
1,68,264,0,12213,"Exchange(166),BroadcastHashJoin(171),BroadcastHashJoin(173),BroadcastHashJoin(175),SortMergeJoin(177),WholeStageCodegen (99)(167),Sort(179),WholeStageCodegen (97)(178),Exchange(180),Sort(200),Exchange(201)"
1,69,295,2,12164,"Exchange(54),Filter(57),ColumnarToRow(58),WholeStageCodegen (1)(55),Scan parquet spark_catalog.demo_pauldefusco.trs_v25(59)"
1,69,326,0,12151,"Exchange(475),Filter(477),ColumnarToRow(478),WholeStageCodegen (46)(476),Scan parquet spark_catalog.demo_pauldefusco.customers_skewed(479)"
1,59,117,0,12126,"Exchange(265),Exchange(266)"
1,70,371,0,12106,"Exchange(201),Exchange(357),BroadcastHashJoin(361),BroadcastHashJoin(363),BroadcastHashJoin(365),SortMergeJoin(367),WholeStageCodegen (87)(358),Sort(369),WholeStageCodegen (85)(368),Exchange(370),Sort(379)"
1,52,84,0,12086,"Exchange(252),Filter(254),ColumnarToRow(255),WholeStageCodegen (20)(253),Scan parquet spark_catalog.demo_pauldefusco.accounts_skewed(256)"
1,39,41,1,12080,"Exchange(124),Filter(127),ColumnarToRow(128),WholeStageCodegen (7)(125),Scan parquet spark_catalog.demo_pauldefusco.trs_v25(129)"
1,41,47,2,12055,"Exchange(467),Filter(470),ColumnarToRow(471),WholeStageCodegen (45)(468),Scan parquet spark_catalog.demo_pauldefusco.trs_v25(472)"
1,69,315,6,12016,"Exchange(33),BroadcastHashJoin(39),BroadcastHashJoin(41),BroadcastHashJoin(43),SortMergeJoin(45),WholeStageCodegen (93)(34),Sort(47),WholeStageCodegen (91)(46),Exchange(48),Sort(68),Exchange(69)"
1,49,71,1,11892,"Exchange(124),Filter(127),ColumnarToRow(128),WholeStageCodegen (7)(125),Scan parquet spark_catalog.demo_pauldefusco.trs_v25(129)"
1,67,243,0,11837,"Exchange(33),BroadcastHashJoin(39),BroadcastHashJoin(41),BroadcastHashJoin(43),SortMergeJoin(45),WholeStageCodegen (93)(34),Sort(47),WholeStageCodegen (91)(46),Exchange(48),Sort(68),Exchange(69)"
1,60,118,0,11802,"Exchange(332),BroadcastHashJoin(335),Filter(337),ColumnarToRow(338),WholeStageCodegen (58)(333),Scan parquet spark_catalog.demo_pauldefusco.trs_v25(339)"
1,41,48,0,11742,"Exchange(475),Filter(477),ColumnarToRow(478),WholeStageCodegen (46)(476),Scan parquet spark_catalog.demo_pauldefusco.customers_skewed(479)"
1,56,102,1,11688,"Exchange(161),HashAggregate(163),HashAggregate(164),Sort(165),WholeStageCodegen (109)(162),Exchange(166)"
1,69,321,0,11604,"Exchange(424),Filter(426),ColumnarToRow(427),WholeStageCodegen (40)(425),Scan parquet spark_catalog.demo_pauldefusco.customers_skewed(428)"
1,69,315,5,11587,"Exchange(33),BroadcastHashJoin(39),BroadcastHashJoin(41),BroadcastHashJoin(43),SortMergeJoin(45),WholeStageCodegen (93)(34),Sort(47),WholeStageCodegen (91)(46),Exchange(48),Sort(68),Exchange(69)"
1,69,311,2,11543,"Exchange(223),BroadcastHashJoin(228),BroadcastHashJoin(230),BroadcastHashJoin(232),SortMergeJoin(234),WholeStageCodegen (75)(224),Sort(236),WholeStageCodegen (73)(235),Exchange(237),Sort(251),Exchange(252)"
1,69,285,1,11456,"Exchange(201),Filter(203),ColumnarToRow(204),WholeStageCodegen (15)(202),Scan parquet spark_catalog.demo_pauldefusco.accounts_skewed(205)"
1,70,377,0,11393,"Exchange(467),Filter(470),ColumnarToRow(471),WholeStageCodegen (45)(468),Scan parquet spark_catalog.demo_pauldefusco.trs_v25(472)"
1,69,325,0,11374,"Exchange(467),Filter(470),ColumnarToRow(471),WholeStageCodegen (45)(468),Scan parquet spark_catalog.demo_pauldefusco.trs_v25(472)"
1,40,45,3,11351,"Exchange(194),Filter(196),ColumnarToRow(197),WholeStageCodegen (14)(195),Scan parquet spark_catalog.demo_pauldefusco.customers_skewed(198)"
1,67,214,0,11344,"Exchange(332),BroadcastHashJoin(335),Filter(337),ColumnarToRow(338),WholeStageCodegen (58)(333),Scan parquet spark_catalog.demo_pauldefusco.trs_v25(339)"
1,68,278,1,11236,"Exchange(33),BroadcastHashJoin(39),BroadcastHashJoin(41),BroadcastHashJoin(43),SortMergeJoin(45),WholeStageCodegen (93)(34),Sort(47),WholeStageCodegen (91)(46),Exchange(48),Sort(68),Exchange(69)"
1,67,215,3,11223,"Exchange(201),Exchange(319),BroadcastHashJoin(323),BroadcastHashJoin(325),BroadcastHashJoin(327),SortMergeJoin(329),WholeStageCodegen (81)(320),Sort(331),WholeStageCodegen (79)(330),Exchange(332),Sort(341)"
1,69,329,5,11203,"Exchange(443),HashAggregate(445),HashAggregate(446),Sort(447),WholeStageCodegen (110)(444),Exchange(448)"
1,68,265,0,11200,"Exchange(124),Filter(127),ColumnarToRow(128),WholeStageCodegen (7)(125),Scan parquet spark_catalog.demo_pauldefusco.trs_v25(129)"
1,66,198,0,11175,"Exchange(124),Filter(127),ColumnarToRow(128),WholeStageCodegen (7)(125),Scan parquet spark_catalog.demo_pauldefusco.trs_v25(129)"
1,39,42,2,11080,"Exchange(132),Filter(134),ColumnarToRow(135),WholeStageCodegen (8)(133),Scan parquet spark_catalog.demo_pauldefusco.customers_skewed(136)"
1,69,287,2,10982,"Exchange(201),Exchange(319),BroadcastHashJoin(323),BroadcastHashJoin(325),BroadcastHashJoin(327),SortMergeJoin(329),WholeStageCodegen (81)(320),Sort(331),WholeStageCodegen (79)(330),Exchange(332),Sort(341)"
1,49,72,1,10976,"Exchange(132),Filter(134),ColumnarToRow(135),WholeStageCodegen (8)(133),Scan parquet spark_catalog.demo_pauldefusco.customers_skewed(136)"
1,67,217,0,10844,"Exchange(282),BroadcastHashJoin(285),Filter(287),ColumnarToRow(288),WholeStageCodegen (56)(283),Scan parquet spark_catalog.demo_pauldefusco.trs_v25(289)"
1,68,258,1,10793,"Exchange(54),Filter(57),ColumnarToRow(58),WholeStageCodegen (1)(55),Scan parquet spark_catalog.demo_pauldefusco.trs_v25(59)"
1,69,290,2,10751,"Exchange(269),HashAggregate(271),BroadcastHashJoin(273),BroadcastHashJoin(275),BroadcastHashJoin(277),SortMergeJoin(279),WholeStageCodegen (90)(270),Sort(281),WholeStageCodegen (88)(280),Exchange(282),Sort(296),Exchange(297)"
1,40,44,2,10654,"Exchange(186),Filter(189),ColumnarToRow(190),WholeStageCodegen (13)(187),Scan parquet spark_catalog.demo_pauldefusco.trs_v25(191)"
1,68,273,0,10648,"Exchange(237),BroadcastHashJoin(240),Filter(242),ColumnarToRow(243),WholeStageCodegen (57)(238),Scan parquet spark_catalog.demo_pauldefusco.trs_v25(244)"
1,69,322,2,10544,"Exchange(416),Filter(419),ColumnarToRow(420),WholeStageCodegen (39)(417),Scan parquet spark_catalog.demo_pauldefusco.trs_v25(421)"
1,40,46,3,10532,"Exchange(180),SortMergeJoin(183),WholeStageCodegen (69)(181),Sort(185),Exchange(186),Sort(193),WholeStageCodegen (68)(192),Exchange(194)"
1,51,80,0,10412,"Exchange(467),Filter(470),ColumnarToRow(471),WholeStageCodegen (45)(468),Scan parquet spark_catalog.demo_pauldefusco.trs_v25(472)"
1,68,249,0,10359,"Exchange(332),BroadcastHashJoin(335),Filter(337),ColumnarToRow(338),WholeStageCodegen (58)(333),Scan parquet spark_catalog.demo_pauldefusco.trs_v25(339)"
1,67,224,2,10322,"Exchange(48),SortMergeJoin(51),WholeStageCodegen (63)(49),Sort(53),WholeStageCodegen (61)(52),Exchange(54),Sort(61),WholeStageCodegen (62)(60),Exchange(62)"
1,68,247,2,10217,"Exchange(370),BroadcastHashJoin(373),Filter(375),ColumnarToRow(376),WholeStageCodegen (59)(371),Scan parquet spark_catalog.demo_pauldefusco.trs_v25(377)"
1,69,320,2,10209,"Exchange(505),BroadcastHashJoin(508),Filter(510),ColumnarToRow(511),WholeStageCodegen (60)(506),Scan parquet spark_catalog.demo_pauldefusco.trs_v25(512)"
1,42,50,0,10042,"Exchange(252),Filter(254),ColumnarToRow(255),WholeStageCodegen (20)(253),Scan parquet spark_catalog.demo_pauldefusco.accounts_skewed(256)"
1,70,342,0,9976,"Exchange(269),HashAggregate(271),BroadcastHashJoin(273),BroadcastHashJoin(275),BroadcastHashJoin(277),SortMergeJoin(279),WholeStageCodegen (90)(270),Sort(281),WholeStageCodegen (88)(280),Exchange(282),Sort(296),Exchange(297)"
1,55,97,0,9926,"Exchange(266),HashAggregate(268),WholeStageCodegen (108)(267),Exchange(269)"
1,43,53,0,9916,"Exchange(424),Filter(426),ColumnarToRow(427),WholeStageCodegen (40)(425),Scan parquet spark_catalog.demo_pauldefusco.customers_skewed(428)"
1,38,40,1,9882,"Exchange(48),SortMergeJoin(51),WholeStageCodegen (63)(49),Sort(53),WholeStageCodegen (61)(52),Exchange(54),Sort(61),WholeStageCodegen (62)(60),Exchange(62)"
1,55,97,2,9823,"Exchange(266),HashAggregate(268),WholeStageCodegen (108)(267),Exchange(269)"
1,69,334,1,9823,"Exchange(15),SortMergeJoin(18),WholeStageCodegen (135)(16),Sort(20),WholeStageCodegen (133)(19),Exchange(21),Sort(353),HashAggregate(354),HashAggregate(355),Sort(356),WholeStageCodegen (134)(352),Exchange(357)"
1,69,327,3,9734,"Exchange(461),SortMergeJoin(464),WholeStageCodegen (72)(462),Sort(466),Exchange(467),Sort(474),WholeStageCodegen (71)(473),Exchange(475)"
1,67,218,0,9644,"Exchange(269),HashAggregate(271),BroadcastHashJoin(273),BroadcastHashJoin(275),BroadcastHashJoin(277),SortMergeJoin(279),WholeStageCodegen (90)(270),Sort(281),WholeStageCodegen (88)(280),Exchange(282),Sort(296),Exchange(297)"
1,38,39,2,9547,"Exchange(54),Filter(57),ColumnarToRow(58),WholeStageCodegen (1)(55),Scan parquet spark_catalog.demo_pauldefusco.trs_v25(59)"
1,69,327,0,9536,"Exchange(461),SortMergeJoin(464),WholeStageCodegen (72)(462),Sort(466),Exchange(467),Sort(474),WholeStageCodegen (71)(473),Exchange(475)"
1,69,323,0,9478,"Exchange(410),SortMergeJoin(413),WholeStageCodegen (78)(411),Sort(415),Exchange(416),Sort(423),WholeStageCodegen (77)(422),Exchange(424)"
1,66,206,0,9463,"Exchange(237),BroadcastHashJoin(240),Filter(242),ColumnarToRow(243),WholeStageCodegen (57)(238),Scan parquet spark_catalog.demo_pauldefusco.trs_v25(244)"
1,68,252,0,9432,"Exchange(282),BroadcastHashJoin(285),Filter(287),ColumnarToRow(288),WholeStageCodegen (56)(283),Scan parquet spark_catalog.demo_pauldefusco.trs_v25(289)"
1,48,68,2,9424,"Exchange(48),SortMergeJoin(51),WholeStageCodegen (63)(49),Sort(53),WholeStageCodegen (61)(52),Exchange(54),Sort(61),WholeStageCodegen (62)(60),Exchange(62)"
1,66,192,0,9367,"Exchange(69),Filter(71),ColumnarToRow(72),WholeStageCodegen (3)(70),Scan parquet spark_catalog.demo_pauldefusco.accounts_skewed(73)"
1,68,247,0,9326,"Exchange(370),BroadcastHashJoin(373),Filter(375),ColumnarToRow(376),WholeStageCodegen (59)(371),Scan parquet spark_catalog.demo_pauldefusco.trs_v25(377)"
1,66,189,0,9309,"Exchange(62),Filter(64),ColumnarToRow(65),WholeStageCodegen (2)(63),Scan parquet spark_catalog.demo_pauldefusco.customers_skewed(66)"
1,56,102,0,9274,"Exchange(161),HashAggregate(163),HashAggregate(164),Sort(165),WholeStageCodegen (109)(162),Exchange(166)"
1,68,252,2,9167,"Exchange(282),BroadcastHashJoin(285),Filter(287),ColumnarToRow(288),WholeStageCodegen (56)(283),Scan parquet spark_catalog.demo_pauldefusco.trs_v25(289)"
1,55,96,2,9108,"Exchange(269),HashAggregate(271),BroadcastHashJoin(273),BroadcastHashJoin(275),BroadcastHashJoin(277),SortMergeJoin(279),WholeStageCodegen (90)(270),Sort(281),WholeStageCodegen (88)(280),Exchange(282),Sort(296),Exchange(297)"
1,69,322,0,9004,"Exchange(416),Filter(419),ColumnarToRow(420),WholeStageCodegen (39)(417),Scan parquet spark_catalog.demo_pauldefusco.trs_v25(421)"
1,53,89,0,8912,"Exchange(416),Filter(419),ColumnarToRow(420),WholeStageCodegen (39)(417),Scan parquet spark_catalog.demo_pauldefusco.trs_v25(421)"
1,38,38,1,8871,"Exchange(62),Filter(64),ColumnarToRow(65),WholeStageCodegen (2)(63),Scan parquet spark_catalog.demo_pauldefusco.customers_skewed(66)"
1,68,254,0,8789,"Exchange(266),HashAggregate(268),WholeStageCodegen (108)(267),Exchange(269)"
1,55,96,1,8650,"Exchange(269),HashAggregate(271),BroadcastHashJoin(273),BroadcastHashJoin(275),BroadcastHashJoin(277),SortMergeJoin(279),WholeStageCodegen (90)(270),Sort(281),WholeStageCodegen (88)(280),Exchange(282),Sort(296),Exchange(297)"
1,69,301,2,8563,"Exchange(166),BroadcastHashJoin(171),BroadcastHashJoin(173),BroadcastHashJoin(175),SortMergeJoin(177),WholeStageCodegen (99)(167),Sort(179),WholeStageCodegen (97)(178),Exchange(180),Sort(200),Exchange(201)"
1,70,342,1,8560,"Exchange(269),HashAggregate(271),BroadcastHashJoin(273),BroadcastHashJoin(275),BroadcastHashJoin(277),SortMergeJoin(279),WholeStageCodegen (90)(270),Sort(281),WholeStageCodegen (88)(280),Exchange(282),Sort(296),Exchange(297)"
1,66,190,0,8534,"Exchange(54),Filter(57),ColumnarToRow(58),WholeStageCodegen (1)(55),Scan parquet spark_catalog.demo_pauldefusco.trs_v25(59)"
1,68,256,0,8517,"Exchange(314),HashAggregate(316),HashAggregate(317),Sort(318),WholeStageCodegen (107)(315),Exchange(319)"
1,69,317,2,8457,"Exchange(259),SortMergeJoin(262),WholeStageCodegen (114)(260),Sort(264),WholeStageCodegen (112)(263),Exchange(265),Sort(313),WholeStageCodegen (113)(312),Exchange(314)"
1,70,386,0,8333,"SortMergeJoin(18),WholeStageCodegen (135)(16),Sort(20),WholeStageCodegen (133)(19)"
1,69,303,1,8332,"Exchange(132),Filter(134),ColumnarToRow(135),WholeStageCodegen (8)(133),Scan parquet spark_catalog.demo_pauldefusco.customers_skewed(136)"
1,53,88,0,8307,"Exchange(424),Filter(426),ColumnarToRow(427),WholeStageCodegen (40)(425),Scan parquet spark_catalog.demo_pauldefusco.customers_skewed(428)"
1,67,215,0,8219,"Exchange(201),Exchange(319),BroadcastHashJoin(323),BroadcastHashJoin(325),BroadcastHashJoin(327),SortMergeJoin(329),WholeStageCodegen (81)(320),Sort(331),WholeStageCodegen (79)(330),Exchange(332),Sort(341)"
1,69,290,6,8198,"Exchange(269),HashAggregate(271),BroadcastHashJoin(273),BroadcastHashJoin(275),BroadcastHashJoin(277),SortMergeJoin(279),WholeStageCodegen (90)(270),Sort(281),WholeStageCodegen (88)(280),Exchange(282),Sort(296),Exchange(297)"
1,69,290,0,8139,"Exchange(269),HashAggregate(271),BroadcastHashJoin(273),BroadcastHashJoin(275),BroadcastHashJoin(277),SortMergeJoin(279),WholeStageCodegen (90)(270),Sort(281),WholeStageCodegen (88)(280),Exchange(282),Sort(296),Exchange(297)"
1,69,317,0,8112,"Exchange(259),SortMergeJoin(262),WholeStageCodegen (114)(260),Sort(264),WholeStageCodegen (112)(263),Exchange(265),Sort(313),WholeStageCodegen (113)(312),Exchange(314)"
1,69,310,0,8095,"Exchange(237),BroadcastHashJoin(240),Filter(242),ColumnarToRow(243),WholeStageCodegen (57)(238),Scan parquet spark_catalog.demo_pauldefusco.trs_v25(244)"
1,67,245,0,8053,"Exchange(259),SortMergeJoin(262),WholeStageCodegen (114)(260),Sort(264),WholeStageCodegen (112)(263),Exchange(265),Sort(313),WholeStageCodegen (113)(312),Exchange(314)"
1,51,82,1,8026,"Exchange(461),SortMergeJoin(464),WholeStageCodegen (72)(462),Sort(466),Exchange(467),Sort(474),WholeStageCodegen (71)(473),Exchange(475)"
1,48,67,1,7887,"Exchange(54),Filter(57),ColumnarToRow(58),WholeStageCodegen (1)(55),Scan parquet spark_catalog.demo_pauldefusco.trs_v25(59)"
1,70,348,1,7870,"Exchange(48),SortMergeJoin(51),WholeStageCodegen (63)(49),Sort(53),WholeStageCodegen (61)(52),Exchange(54),Sort(61),WholeStageCodegen (62)(60),Exchange(62)"
1,70,339,0,7838,"Exchange(201),Exchange(319),BroadcastHashJoin(323),BroadcastHashJoin(325),BroadcastHashJoin(327),SortMergeJoin(329),WholeStageCodegen (81)(320),Sort(331),WholeStageCodegen (79)(330),Exchange(332),Sort(341)"
1,43,53,1,7758,"Exchange(424),Filter(426),ColumnarToRow(427),WholeStageCodegen (40)(425),Scan parquet spark_catalog.demo_pauldefusco.customers_skewed(428)"
1,69,290,4,7747,"Exchange(269),HashAggregate(271),BroadcastHashJoin(273),BroadcastHashJoin(275),BroadcastHashJoin(277),SortMergeJoin(279),WholeStageCodegen (90)(270),Sort(281),WholeStageCodegen (88)(280),Exchange(282),Sort(296),Exchange(297)"
1,70,369,0,7675,"Exchange(259),SortMergeJoin(262),WholeStageCodegen (114)(260),Sort(264),WholeStageCodegen (112)(263),Exchange(265),Sort(313),WholeStageCodegen (113)(312),Exchange(314)"
1,68,280,0,7671,"Exchange(259),SortMergeJoin(262),WholeStageCodegen (114)(260),Sort(264),WholeStageCodegen (112)(263),Exchange(265),Sort(313),WholeStageCodegen (113)(312),Exchange(314)"
1,68,280,1,7612,"Exchange(259),SortMergeJoin(262),WholeStageCodegen (114)(260),Sort(264),WholeStageCodegen (112)(263),Exchange(265),Sort(313),WholeStageCodegen (113)(312),Exchange(314)"
1,69,290,5,7606,"Exchange(269),HashAggregate(271),BroadcastHashJoin(273),BroadcastHashJoin(275),BroadcastHashJoin(277),SortMergeJoin(279),WholeStageCodegen (90)(270),Sort(281),WholeStageCodegen (88)(280),Exchange(282),Sort(296),Exchange(297)"
1,67,218,1,7594,"Exchange(269),HashAggregate(271),BroadcastHashJoin(273),BroadcastHashJoin(275),BroadcastHashJoin(277),SortMergeJoin(279),WholeStageCodegen (90)(270),Sort(281),WholeStageCodegen (88)(280),Exchange(282),Sort(296),Exchange(297)"
1,29,29,1,7577,"Exchange(416),Filter(419),ColumnarToRow(420),WholeStageCodegen (39)(417),Scan parquet spark_catalog.demo_pauldefusco.trs_v25(421)"
1,69,303,4,7577,"Exchange(132),Filter(134),ColumnarToRow(135),WholeStageCodegen (8)(133),Scan parquet spark_catalog.demo_pauldefusco.customers_skewed(136)"
1,69,317,3,7564,"Exchange(259),SortMergeJoin(262),WholeStageCodegen (114)(260),Sort(264),WholeStageCodegen (112)(263),Exchange(265),Sort(313),WholeStageCodegen (113)(312),Exchange(314)"
1,69,290,7,7518,"Exchange(269),HashAggregate(271),BroadcastHashJoin(273),BroadcastHashJoin(275),BroadcastHashJoin(277),SortMergeJoin(279),WholeStageCodegen (90)(270),Sort(281),WholeStageCodegen (88)(280),Exchange(282),Sort(296),Exchange(297)"
1,40,44,3,7498,"Exchange(186),Filter(189),ColumnarToRow(190),WholeStageCodegen (13)(187),Scan parquet spark_catalog.demo_pauldefusco.trs_v25(191)"
1,68,253,1,7496,"Exchange(269),HashAggregate(271),BroadcastHashJoin(273),BroadcastHashJoin(275),BroadcastHashJoin(277),SortMergeJoin(279),WholeStageCodegen (90)(270),Sort(281),WholeStageCodegen (88)(280),Exchange(282),Sort(296),Exchange(297)"
1,39,43,1,7491,"Exchange(118),SortMergeJoin(121),WholeStageCodegen (66)(119),Sort(123),Exchange(124),Sort(131),WholeStageCodegen (65)(130),Exchange(132)"
1,69,326,2,7487,"Exchange(475),Filter(477),ColumnarToRow(478),WholeStageCodegen (46)(476),Scan parquet spark_catalog.demo_pauldefusco.customers_skewed(479)"
1,69,290,1,7467,"Exchange(269),HashAggregate(271),BroadcastHashJoin(273),BroadcastHashJoin(275),BroadcastHashJoin(277),SortMergeJoin(279),WholeStageCodegen (90)(270),Sort(281),WholeStageCodegen (88)(280),Exchange(282),Sort(296),Exchange(297)"
1,69,321,2,7463,"Exchange(424),Filter(426),ColumnarToRow(427),WholeStageCodegen (40)(425),Scan parquet spark_catalog.demo_pauldefusco.customers_skewed(428)"
1,69,290,3,7457,"Exchange(269),HashAggregate(271),BroadcastHashJoin(273),BroadcastHashJoin(275),BroadcastHashJoin(277),SortMergeJoin(279),WholeStageCodegen (90)(270),Sort(281),WholeStageCodegen (88)(280),Exchange(282),Sort(296),Exchange(297)"
1,70,362,1,7432,"Exchange(237),BroadcastHashJoin(240),Filter(242),ColumnarToRow(243),WholeStageCodegen (57)(238),Scan parquet spark_catalog.demo_pauldefusco.trs_v25(244)"
1,69,317,1,7409,"Exchange(259),SortMergeJoin(262),WholeStageCodegen (114)(260),Sort(264),WholeStageCodegen (112)(263),Exchange(265),Sort(313),WholeStageCodegen (113)(312),Exchange(314)"
1,69,303,2,7395,"Exchange(132),Filter(134),ColumnarToRow(135),WholeStageCodegen (8)(133),Scan parquet spark_catalog.demo_pauldefusco.customers_skewed(136)"
1,53,63,2,7348,"Exchange(297),Filter(299),ColumnarToRow(300),WholeStageCodegen (25)(298),Scan parquet spark_catalog.demo_pauldefusco.accounts_skewed(301)"
1,47,63,2,7348,"Exchange(297),Filter(299),ColumnarToRow(300),WholeStageCodegen (25)(298),Scan parquet spark_catalog.demo_pauldefusco.accounts_skewed(301)"
1,55,63,2,7348,"Exchange(297),Filter(299),ColumnarToRow(300),WholeStageCodegen (25)(298),Scan parquet spark_catalog.demo_pauldefusco.accounts_skewed(301)"
1,58,63,2,7348,"Exchange(297),Filter(299),ColumnarToRow(300),WholeStageCodegen (25)(298),Scan parquet spark_catalog.demo_pauldefusco.accounts_skewed(301)"
1,67,218,2,7329,"Exchange(269),HashAggregate(271),BroadcastHashJoin(273),BroadcastHashJoin(275),BroadcastHashJoin(277),SortMergeJoin(279),WholeStageCodegen (90)(270),Sort(281),WholeStageCodegen (88)(280),Exchange(282),Sort(296),Exchange(297)"
1,67,223,2,7306,"Exchange(54),Filter(57),ColumnarToRow(58),WholeStageCodegen (1)(55),Scan parquet spark_catalog.demo_pauldefusco.trs_v25(59)"
1,70,350,2,7306,"Exchange(186),Filter(189),ColumnarToRow(190),WholeStageCodegen (13)(187),Scan parquet spark_catalog.demo_pauldefusco.trs_v25(191)"
1,70,336,1,7296,"Exchange(370),BroadcastHashJoin(373),Filter(375),ColumnarToRow(376),WholeStageCodegen (59)(371),Scan parquet spark_catalog.demo_pauldefusco.trs_v25(377)"
1,67,245,2,7291,"Exchange(259),SortMergeJoin(262),WholeStageCodegen (114)(260),Sort(264),WholeStageCodegen (112)(263),Exchange(265),Sort(313),WholeStageCodegen (113)(312),Exchange(314)"
1,70,361,1,7277,"Exchange(252),Filter(254),ColumnarToRow(255),WholeStageCodegen (20)(253),Scan parquet spark_catalog.demo_pauldefusco.accounts_skewed(256)"
1,69,303,3,7272,"Exchange(132),Filter(134),ColumnarToRow(135),WholeStageCodegen (8)(133),Scan parquet spark_catalog.demo_pauldefusco.customers_skewed(136)"
1,69,322,5,7253,"Exchange(416),Filter(419),ColumnarToRow(420),WholeStageCodegen (39)(417),Scan parquet spark_catalog.demo_pauldefusco.trs_v25(421)"
1,66,191,0,7236,"Exchange(48),SortMergeJoin(51),WholeStageCodegen (63)(49),Sort(53),WholeStageCodegen (61)(52),Exchange(54),Sort(61),WholeStageCodegen (62)(60),Exchange(62)"
1,69,299,2,7228,"Exchange(194),Filter(196),ColumnarToRow(197),WholeStageCodegen (14)(195),Scan parquet spark_catalog.demo_pauldefusco.customers_skewed(198)"
1,69,326,1,7197,"Exchange(475),Filter(477),ColumnarToRow(478),WholeStageCodegen (46)(476),Scan parquet spark_catalog.demo_pauldefusco.customers_skewed(479)"
1,69,299,1,7162,"Exchange(194),Filter(196),ColumnarToRow(197),WholeStageCodegen (14)(195),Scan parquet spark_catalog.demo_pauldefusco.customers_skewed(198)"
1,69,321,1,7150,"Exchange(424),Filter(426),ColumnarToRow(427),WholeStageCodegen (40)(425),Scan parquet spark_catalog.demo_pauldefusco.customers_skewed(428)"
1,69,323,7,7144,"Exchange(410),SortMergeJoin(413),WholeStageCodegen (78)(411),Sort(415),Exchange(416),Sort(423),WholeStageCodegen (77)(422),Exchange(424)"
1,54,92,0,7120,"Exchange(332),BroadcastHashJoin(335),Filter(337),ColumnarToRow(338),WholeStageCodegen (58)(333),Scan parquet spark_catalog.demo_pauldefusco.trs_v25(339)"
1,70,337,1,7078,"Exchange(201),Filter(203),ColumnarToRow(204),WholeStageCodegen (15)(202),Scan parquet spark_catalog.demo_pauldefusco.accounts_skewed(205)"
1,69,296,0,7061,"Exchange(48),SortMergeJoin(51),WholeStageCodegen (63)(49),Sort(53),WholeStageCodegen (61)(52),Exchange(54),Sort(61),WholeStageCodegen (62)(60),Exchange(62)"
1,70,376,0,7054,"Exchange(297),Exchange(397),HashAggregate(399),BroadcastHashJoin(401),BroadcastHashJoin(403),BroadcastHashJoin(405),SortMergeJoin(407),WholeStageCodegen (106)(398),Sort(409),WholeStageCodegen (104)(408),Exchange(410),Sort(430)"
1,69,296,7,6977,"Exchange(48),SortMergeJoin(51),WholeStageCodegen (63)(49),Sort(53),WholeStageCodegen (61)(52),Exchange(54),Sort(61),WholeStageCodegen (62)(60),Exchange(62)"
1,68,262,1,6974,"Exchange(194),Filter(196),ColumnarToRow(197),WholeStageCodegen (14)(195),Scan parquet spark_catalog.demo_pauldefusco.customers_skewed(198)"
1,66,205,0,6971,"Exchange(252),Filter(254),ColumnarToRow(255),WholeStageCodegen (20)(253),Scan parquet spark_catalog.demo_pauldefusco.accounts_skewed(256)"
1,70,356,0,6955,"Exchange(118),SortMergeJoin(121),WholeStageCodegen (66)(119),Sort(123),Exchange(124),Sort(131),WholeStageCodegen (65)(130),Exchange(132)"
1,70,352,0,6937,"Exchange(180),SortMergeJoin(183),WholeStageCodegen (69)(181),Sort(185),Exchange(186),Sort(193),WholeStageCodegen (68)(192),Exchange(194)"
1,69,287,3,6932,"Exchange(201),Exchange(319),BroadcastHashJoin(323),BroadcastHashJoin(325),BroadcastHashJoin(327),SortMergeJoin(329),WholeStageCodegen (81)(320),Sort(331),WholeStageCodegen (79)(330),Exchange(332),Sort(341)"
1,69,291,6,6921,"Exchange(266),HashAggregate(268),WholeStageCodegen (108)(267),Exchange(269)"
1,67,245,1,6912,"Exchange(259),SortMergeJoin(262),WholeStageCodegen (114)(260),Sort(264),WholeStageCodegen (112)(263),Exchange(265),Sort(313),WholeStageCodegen (113)(312),Exchange(314)"
1,68,259,1,6901,"Exchange(48),SortMergeJoin(51),WholeStageCodegen (63)(49),Sort(53),WholeStageCodegen (61)(52),Exchange(54),Sort(61),WholeStageCodegen (62)(60),Exchange(62)"
1,67,233,1,6898,"Exchange(139),Filter(141),ColumnarToRow(142),WholeStageCodegen (9)(140),Scan parquet spark_catalog.demo_pauldefusco.accounts_skewed(143)"
1,69,319,4,6896,"Exchange(201),Exchange(357),BroadcastHashJoin(361),BroadcastHashJoin(363),BroadcastHashJoin(365),SortMergeJoin(367),WholeStageCodegen (87)(358),Sort(369),WholeStageCodegen (85)(368),Exchange(370),Sort(379)"
1,68,258,0,6895,"Exchange(54),Filter(57),ColumnarToRow(58),WholeStageCodegen (1)(55),Scan parquet spark_catalog.demo_pauldefusco.trs_v25(59)"
1,70,354,1,6890,"Exchange(124),Filter(127),ColumnarToRow(128),WholeStageCodegen (7)(125),Scan parquet spark_catalog.demo_pauldefusco.trs_v25(129)"
1,55,95,0,6889,"Exchange(282),BroadcastHashJoin(285),Filter(287),ColumnarToRow(288),WholeStageCodegen (56)(283),Scan parquet spark_catalog.demo_pauldefusco.trs_v25(289)"
1,70,355,1,6886,"Exchange(132),Filter(134),ColumnarToRow(135),WholeStageCodegen (8)(133),Scan parquet spark_catalog.demo_pauldefusco.customers_skewed(136)"
1,69,287,4,6859,"Exchange(201),Exchange(319),BroadcastHashJoin(323),BroadcastHashJoin(325),BroadcastHashJoin(327),SortMergeJoin(329),WholeStageCodegen (81)(320),Sort(331),WholeStageCodegen (79)(330),Exchange(332),Sort(341)"
1,48,69,2,6833,"Exchange(69),Filter(71),ColumnarToRow(72),WholeStageCodegen (3)(70),Scan parquet spark_catalog.demo_pauldefusco.accounts_skewed(73)"
1,68,260,0,6824,"Exchange(69),Filter(71),ColumnarToRow(72),WholeStageCodegen (3)(70),Scan parquet spark_catalog.demo_pauldefusco.accounts_skewed(73)"
1,69,297,2,6822,"Exchange(69),Filter(71),ColumnarToRow(72),WholeStageCodegen (3)(70),Scan parquet spark_catalog.demo_pauldefusco.accounts_skewed(73)"
1,69,306,2,6817,"Exchange(104),HashAggregate(106),HashAggregate(107),BroadcastHashJoin(109),BroadcastHashJoin(111),BroadcastHashJoin(113),SortMergeJoin(115),WholeStageCodegen (96)(105),Sort(117),WholeStageCodegen (94)(116),Exchange(118),Sort(138),Exchange(139)"
1,69,296,6,6792,"Exchange(48),SortMergeJoin(51),WholeStageCodegen (63)(49),Sort(53),WholeStageCodegen (61)(52),Exchange(54),Sort(61),WholeStageCodegen (62)(60),Exchange(62)"
1,69,296,8,6792,"Exchange(48),SortMergeJoin(51),WholeStageCodegen (63)(49),Sort(53),WholeStageCodegen (61)(52),Exchange(54),Sort(61),WholeStageCodegen (62)(60),Exchange(62)"
1,69,297,1,6791,"Exchange(69),Filter(71),ColumnarToRow(72),WholeStageCodegen (3)(70),Scan parquet spark_catalog.demo_pauldefusco.accounts_skewed(73)"
1,70,343,0,6781,"Exchange(266),HashAggregate(268),WholeStageCodegen (108)(267),Exchange(269)"
1,69,297,0,6781,"Exchange(69),Filter(71),ColumnarToRow(72),WholeStageCodegen (3)(70),Scan parquet spark_catalog.demo_pauldefusco.accounts_skewed(73)"
1,70,339,1,6724,"Exchange(201),Exchange(319),BroadcastHashJoin(323),BroadcastHashJoin(325),BroadcastHashJoin(327),SortMergeJoin(329),WholeStageCodegen (81)(320),Sort(331),WholeStageCodegen (79)(330),Exchange(332),Sort(341)"
1,50,56,3,6701,"Exchange(201),Filter(203),ColumnarToRow(204),WholeStageCodegen (15)(202),Scan parquet spark_catalog.demo_pauldefusco.accounts_skewed(205)"
1,62,56,3,6701,"Exchange(201),Filter(203),ColumnarToRow(204),WholeStageCodegen (15)(202),Scan parquet spark_catalog.demo_pauldefusco.accounts_skewed(205)"
1,44,56,3,6701,"Exchange(201),Filter(203),ColumnarToRow(204),WholeStageCodegen (15)(202),Scan parquet spark_catalog.demo_pauldefusco.accounts_skewed(205)"
1,56,56,3,6701,"Exchange(201),Filter(203),ColumnarToRow(204),WholeStageCodegen (15)(202),Scan parquet spark_catalog.demo_pauldefusco.accounts_skewed(205)"
1,46,56,3,6701,"Exchange(201),Filter(203),ColumnarToRow(204),WholeStageCodegen (15)(202),Scan parquet spark_catalog.demo_pauldefusco.accounts_skewed(205)"
1,61,56,3,6701,"Exchange(201),Filter(203),ColumnarToRow(204),WholeStageCodegen (15)(202),Scan parquet spark_catalog.demo_pauldefusco.accounts_skewed(205)"
1,60,56,3,6701,"Exchange(201),Filter(203),ColumnarToRow(204),WholeStageCodegen (15)(202),Scan parquet spark_catalog.demo_pauldefusco.accounts_skewed(205)"
1,45,56,3,6701,"Exchange(201),Filter(203),ColumnarToRow(204),WholeStageCodegen (15)(202),Scan parquet spark_catalog.demo_pauldefusco.accounts_skewed(205)"
1,54,56,3,6701,"Exchange(201),Filter(203),ColumnarToRow(204),WholeStageCodegen (15)(202),Scan parquet spark_catalog.demo_pauldefusco.accounts_skewed(205)"
1,57,56,3,6701,"Exchange(201),Filter(203),ColumnarToRow(204),WholeStageCodegen (15)(202),Scan parquet spark_catalog.demo_pauldefusco.accounts_skewed(205)"
1,51,56,3,6701,"Exchange(201),Filter(203),ColumnarToRow(204),WholeStageCodegen (15)(202),Scan parquet spark_catalog.demo_pauldefusco.accounts_skewed(205)"
1,69,296,3,6697,"Exchange(48),SortMergeJoin(51),WholeStageCodegen (63)(49),Sort(53),WholeStageCodegen (61)(52),Exchange(54),Sort(61),WholeStageCodegen (62)(60),Exchange(62)"
1,60,119,0,6695,"Exchange(201),Exchange(319),BroadcastHashJoin(323),BroadcastHashJoin(325),BroadcastHashJoin(327),SortMergeJoin(329),WholeStageCodegen (81)(320),Sort(331),WholeStageCodegen (79)(330),Exchange(332),Sort(341)"
1,69,305,2,6686,"Exchange(139),Filter(141),ColumnarToRow(142),WholeStageCodegen (9)(140),Scan parquet spark_catalog.demo_pauldefusco.accounts_skewed(143)"
1,70,343,1,6676,"Exchange(266),HashAggregate(268),WholeStageCodegen (108)(267),Exchange(269)"
1,67,225,1,6671,"Exchange(69),Filter(71),ColumnarToRow(72),WholeStageCodegen (3)(70),Scan parquet spark_catalog.demo_pauldefusco.accounts_skewed(73)"
1,68,252,1,6662,"Exchange(282),BroadcastHashJoin(285),Filter(287),ColumnarToRow(288),WholeStageCodegen (56)(283),Scan parquet spark_catalog.demo_pauldefusco.trs_v25(289)"
1,69,296,9,6649,"Exchange(48),SortMergeJoin(51),WholeStageCodegen (63)(49),Sort(53),WholeStageCodegen (61)(52),Exchange(54),Sort(61),WholeStageCodegen (62)(60),Exchange(62)"
1,69,324,3,6612,"Exchange(297),Exchange(397),HashAggregate(399),BroadcastHashJoin(401),BroadcastHashJoin(403),BroadcastHashJoin(405),SortMergeJoin(407),WholeStageCodegen (106)(398),Sort(409),WholeStageCodegen (104)(408),Exchange(410),Sort(430)"
1,67,215,1,6603,"Exchange(201),Exchange(319),BroadcastHashJoin(323),BroadcastHashJoin(325),BroadcastHashJoin(327),SortMergeJoin(329),WholeStageCodegen (81)(320),Sort(331),WholeStageCodegen (79)(330),Exchange(332),Sort(341)"
1,69,287,0,6589,"Exchange(201),Exchange(319),BroadcastHashJoin(323),BroadcastHashJoin(325),BroadcastHashJoin(327),SortMergeJoin(329),WholeStageCodegen (81)(320),Sort(331),WholeStageCodegen (79)(330),Exchange(332),Sort(341)"
1,69,319,0,6576,"Exchange(201),Exchange(357),BroadcastHashJoin(361),BroadcastHashJoin(363),BroadcastHashJoin(365),SortMergeJoin(367),WholeStageCodegen (87)(358),Sort(369),WholeStageCodegen (85)(368),Exchange(370),Sort(379)"
1,69,309,1,6558,"Exchange(252),Filter(254),ColumnarToRow(255),WholeStageCodegen (20)(253),Scan parquet spark_catalog.demo_pauldefusco.accounts_skewed(256)"
1,67,216,0,6543,"Exchange(297),Filter(299),ColumnarToRow(300),WholeStageCodegen (25)(298),Scan parquet spark_catalog.demo_pauldefusco.accounts_skewed(301)"
1,69,296,4,6542,"Exchange(48),SortMergeJoin(51),WholeStageCodegen (63)(49),Sort(53),WholeStageCodegen (61)(52),Exchange(54),Sort(61),WholeStageCodegen (62)(60),Exchange(62)"
1,69,288,3,6532,"Exchange(297),Filter(299),ColumnarToRow(300),WholeStageCodegen (25)(298),Scan parquet spark_catalog.demo_pauldefusco.accounts_skewed(301)"
1,69,287,5,6521,"Exchange(201),Exchange(319),BroadcastHashJoin(323),BroadcastHashJoin(325),BroadcastHashJoin(327),SortMergeJoin(329),WholeStageCodegen (81)(320),Sort(331),WholeStageCodegen (79)(330),Exchange(332),Sort(341)"
1,67,224,1,6463,"Exchange(48),SortMergeJoin(51),WholeStageCodegen (63)(49),Sort(53),WholeStageCodegen (61)(52),Exchange(54),Sort(61),WholeStageCodegen (62)(60),Exchange(62)"
1,68,261,1,6459,"Exchange(186),Filter(189),ColumnarToRow(190),WholeStageCodegen (13)(187),Scan parquet spark_catalog.demo_pauldefusco.trs_v25(191)"
1,49,74,2,6452,"Exchange(139),Filter(141),ColumnarToRow(142),WholeStageCodegen (9)(140),Scan parquet spark_catalog.demo_pauldefusco.accounts_skewed(143)"
1,39,41,2,6450,"Exchange(124),Filter(127),ColumnarToRow(128),WholeStageCodegen (7)(125),Scan parquet spark_catalog.demo_pauldefusco.trs_v25(129)"
1,67,237,0,6445,"Exchange(252),Filter(254),ColumnarToRow(255),WholeStageCodegen (20)(253),Scan parquet spark_catalog.demo_pauldefusco.accounts_skewed(256)"
1,69,288,2,6442,"Exchange(297),Filter(299),ColumnarToRow(300),WholeStageCodegen (25)(298),Scan parquet spark_catalog.demo_pauldefusco.accounts_skewed(301)"
1,54,93,1,6425,"Exchange(201),Exchange(319),BroadcastHashJoin(323),BroadcastHashJoin(325),BroadcastHashJoin(327),SortMergeJoin(329),WholeStageCodegen (81)(320),Sort(331),WholeStageCodegen (79)(330),Exchange(332),Sort(341)"
1,69,287,6,6407,"Exchange(201),Exchange(319),BroadcastHashJoin(323),BroadcastHashJoin(325),BroadcastHashJoin(327),SortMergeJoin(329),WholeStageCodegen (81)(320),Sort(331),WholeStageCodegen (79)(330),Exchange(332),Sort(341)"
1,53,63,3,6385,"Exchange(297),Filter(299),ColumnarToRow(300),WholeStageCodegen (25)(298),Scan parquet spark_catalog.demo_pauldefusco.accounts_skewed(301)"
1,47,63,3,6385,"Exchange(297),Filter(299),ColumnarToRow(300),WholeStageCodegen (25)(298),Scan parquet spark_catalog.demo_pauldefusco.accounts_skewed(301)"
1,55,63,3,6385,"Exchange(297),Filter(299),ColumnarToRow(300),WholeStageCodegen (25)(298),Scan parquet spark_catalog.demo_pauldefusco.accounts_skewed(301)"
1,58,63,3,6385,"Exchange(297),Filter(299),ColumnarToRow(300),WholeStageCodegen (25)(298),Scan parquet spark_catalog.demo_pauldefusco.accounts_skewed(301)"
1,53,63,1,6356,"Exchange(297),Filter(299),ColumnarToRow(300),WholeStageCodegen (25)(298),Scan parquet spark_catalog.demo_pauldefusco.accounts_skewed(301)"
1,47,63,1,6356,"Exchange(297),Filter(299),ColumnarToRow(300),WholeStageCodegen (25)(298),Scan parquet spark_catalog.demo_pauldefusco.accounts_skewed(301)"
1,55,63,1,6356,"Exchange(297),Filter(299),ColumnarToRow(300),WholeStageCodegen (25)(298),Scan parquet spark_catalog.demo_pauldefusco.accounts_skewed(301)"
1,58,63,1,6356,"Exchange(297),Filter(299),ColumnarToRow(300),WholeStageCodegen (25)(298),Scan parquet spark_catalog.demo_pauldefusco.accounts_skewed(301)"
1,69,287,7,6354,"Exchange(201),Exchange(319),BroadcastHashJoin(323),BroadcastHashJoin(325),BroadcastHashJoin(327),SortMergeJoin(329),WholeStageCodegen (81)(320),Sort(331),WholeStageCodegen (79)(330),Exchange(332),Sort(341)"
1,69,285,2,6350,"Exchange(201),Filter(203),ColumnarToRow(204),WholeStageCodegen (15)(202),Scan parquet spark_catalog.demo_pauldefusco.accounts_skewed(205)"
1,69,287,1,6325,"Exchange(201),Exchange(319),BroadcastHashJoin(323),BroadcastHashJoin(325),BroadcastHashJoin(327),SortMergeJoin(329),WholeStageCodegen (81)(320),Sort(331),WholeStageCodegen (79)(330),Exchange(332),Sort(341)"
1,70,356,1,6322,"Exchange(118),SortMergeJoin(121),WholeStageCodegen (66)(119),Sort(123),Exchange(124),Sort(131),WholeStageCodegen (65)(130),Exchange(132)"
1,69,288,1,6312,"Exchange(297),Filter(299),ColumnarToRow(300),WholeStageCodegen (25)(298),Scan parquet spark_catalog.demo_pauldefusco.accounts_skewed(301)"
1,68,282,0,6292,"Exchange(201),Exchange(357),BroadcastHashJoin(361),BroadcastHashJoin(363),BroadcastHashJoin(365),SortMergeJoin(367),WholeStageCodegen (87)(358),Sort(369),WholeStageCodegen (85)(368),Exchange(370),Sort(379)"
1,69,296,5,6277,"Exchange(48),SortMergeJoin(51),WholeStageCodegen (63)(49),Sort(53),WholeStageCodegen (61)(52),Exchange(54),Sort(61),WholeStageCodegen (62)(60),Exchange(62)"
1,70,347,0,6260,"Exchange(54),Filter(57),ColumnarToRow(58),WholeStageCodegen (1)(55),Scan parquet spark_catalog.demo_pauldefusco.trs_v25(59)"
1,70,371,1,6260,"Exchange(201),Exchange(357),BroadcastHashJoin(361),BroadcastHashJoin(363),BroadcastHashJoin(365),SortMergeJoin(367),WholeStageCodegen (87)(358),Sort(369),WholeStageCodegen (85)(368),Exchange(370),Sort(379)"
1,68,272,1,6256,"Exchange(252),Filter(254),ColumnarToRow(255),WholeStageCodegen (20)(253),Scan parquet spark_catalog.demo_pauldefusco.accounts_skewed(256)"
1,69,296,1,6255,"Exchange(48),SortMergeJoin(51),WholeStageCodegen (63)(49),Sort(53),WholeStageCodegen (61)(52),Exchange(54),Sort(61),WholeStageCodegen (62)(60),Exchange(62)"
1,69,291,3,6253,"Exchange(266),HashAggregate(268),WholeStageCodegen (108)(267),Exchange(269)"
1,56,98,0,6236,"Exchange(186),Filter(189),ColumnarToRow(190),WholeStageCodegen (13)(187),Scan parquet spark_catalog.demo_pauldefusco.trs_v25(191)"
1,67,213,1,6216,"Exchange(201),Filter(203),ColumnarToRow(204),WholeStageCodegen (15)(202),Scan parquet spark_catalog.demo_pauldefusco.accounts_skewed(205)"
1,69,309,2,6210,"Exchange(252),Filter(254),ColumnarToRow(255),WholeStageCodegen (20)(253),Scan parquet spark_catalog.demo_pauldefusco.accounts_skewed(256)"
1,69,291,4,6210,"Exchange(266),HashAggregate(268),WholeStageCodegen (108)(267),Exchange(269)"
1,69,305,0,6208,"Exchange(139),Filter(141),ColumnarToRow(142),WholeStageCodegen (9)(140),Scan parquet spark_catalog.demo_pauldefusco.accounts_skewed(143)"
1,67,237,1,6172,"Exchange(252),Filter(254),ColumnarToRow(255),WholeStageCodegen (20)(253),Scan parquet spark_catalog.demo_pauldefusco.accounts_skewed(256)"
1,70,346,1,6149,"Exchange(62),Filter(64),ColumnarToRow(65),WholeStageCodegen (2)(63),Scan parquet spark_catalog.demo_pauldefusco.customers_skewed(66)"
1,69,319,1,6142,"Exchange(201),Exchange(357),BroadcastHashJoin(361),BroadcastHashJoin(363),BroadcastHashJoin(365),SortMergeJoin(367),WholeStageCodegen (87)(358),Sort(369),WholeStageCodegen (85)(368),Exchange(370),Sort(379)"
1,67,213,2,6139,"Exchange(201),Filter(203),ColumnarToRow(204),WholeStageCodegen (15)(202),Scan parquet spark_catalog.demo_pauldefusco.accounts_skewed(205)"
1,67,233,0,6134,"Exchange(139),Filter(141),ColumnarToRow(142),WholeStageCodegen (9)(140),Scan parquet spark_catalog.demo_pauldefusco.accounts_skewed(143)"
1,69,319,6,6094,"Exchange(201),Exchange(357),BroadcastHashJoin(361),BroadcastHashJoin(363),BroadcastHashJoin(365),SortMergeJoin(367),WholeStageCodegen (87)(358),Sort(369),WholeStageCodegen (85)(368),Exchange(370),Sort(379)"
1,68,250,1,6058,"Exchange(201),Exchange(319),BroadcastHashJoin(323),BroadcastHashJoin(325),BroadcastHashJoin(327),SortMergeJoin(329),WholeStageCodegen (81)(320),Sort(331),WholeStageCodegen (79)(330),Exchange(332),Sort(341)"
1,69,295,6,5997,"Exchange(54),Filter(57),ColumnarToRow(58),WholeStageCodegen (1)(55),Scan parquet spark_catalog.demo_pauldefusco.trs_v25(59)"
1,69,319,5,5979,"Exchange(201),Exchange(357),BroadcastHashJoin(361),BroadcastHashJoin(363),BroadcastHashJoin(365),SortMergeJoin(367),WholeStageCodegen (87)(358),Sort(369),WholeStageCodegen (85)(368),Exchange(370),Sort(379)"
1,69,327,6,5965,"Exchange(461),SortMergeJoin(464),WholeStageCodegen (72)(462),Sort(466),Exchange(467),Sort(474),WholeStageCodegen (71)(473),Exchange(475)"
1,67,216,1,5964,"Exchange(297),Filter(299),ColumnarToRow(300),WholeStageCodegen (25)(298),Scan parquet spark_catalog.demo_pauldefusco.accounts_skewed(301)"
1,67,219,0,5952,"Exchange(266),HashAggregate(268),WholeStageCodegen (108)(267),Exchange(269)"
1,67,215,2,5939,"Exchange(201),Exchange(319),BroadcastHashJoin(323),BroadcastHashJoin(325),BroadcastHashJoin(327),SortMergeJoin(329),WholeStageCodegen (81)(320),Sort(331),WholeStageCodegen (79)(330),Exchange(332),Sort(341)"
1,70,345,1,5901,"Exchange(314),HashAggregate(316),HashAggregate(317),Sort(318),WholeStageCodegen (107)(315),Exchange(319)"
1,69,305,1,5882,"Exchange(139),Filter(141),ColumnarToRow(142),WholeStageCodegen (9)(140),Scan parquet spark_catalog.demo_pauldefusco.accounts_skewed(143)"
1,68,282,2,5832,"Exchange(201),Exchange(357),BroadcastHashJoin(361),BroadcastHashJoin(363),BroadcastHashJoin(365),SortMergeJoin(367),WholeStageCodegen (87)(358),Sort(369),WholeStageCodegen (85)(368),Exchange(370),Sort(379)"
1,70,336,0,5822,"Exchange(370),BroadcastHashJoin(373),Filter(375),ColumnarToRow(376),WholeStageCodegen (59)(371),Scan parquet spark_catalog.demo_pauldefusco.trs_v25(377)"
1,69,291,0,5673,"Exchange(266),HashAggregate(268),WholeStageCodegen (108)(267),Exchange(269)"
1,69,291,1,5638,"Exchange(266),HashAggregate(268),WholeStageCodegen (108)(267),Exchange(269)"
1,67,219,1,5630,"Exchange(266),HashAggregate(268),WholeStageCodegen (108)(267),Exchange(269)"
1,69,289,0,5630,"Exchange(282),BroadcastHashJoin(285),Filter(287),ColumnarToRow(288),WholeStageCodegen (56)(283),Scan parquet spark_catalog.demo_pauldefusco.trs_v25(289)"
1,70,341,0,5618,"Exchange(282),BroadcastHashJoin(285),Filter(287),ColumnarToRow(288),WholeStageCodegen (56)(283),Scan parquet spark_catalog.demo_pauldefusco.trs_v25(289)"
1,68,254,1,5569,"Exchange(266),HashAggregate(268),WholeStageCodegen (108)(267),Exchange(269)"
1,70,344,0,5566,"Exchange(265),Exchange(266)"
1,70,345,0,5537,"Exchange(314),HashAggregate(316),HashAggregate(317),Sort(318),WholeStageCodegen (107)(315),Exchange(319)"
1,67,228,1,5520,"Exchange(180),SortMergeJoin(183),WholeStageCodegen (69)(181),Sort(185),Exchange(186),Sort(193),WholeStageCodegen (68)(192),Exchange(194)"
1,70,347,1,5498,"Exchange(54),Filter(57),ColumnarToRow(58),WholeStageCodegen (1)(55),Scan parquet spark_catalog.demo_pauldefusco.trs_v25(59)"
1,69,291,5,5486,"Exchange(266),HashAggregate(268),WholeStageCodegen (108)(267),Exchange(269)"
1,67,221,0,5322,"Exchange(314),HashAggregate(316),HashAggregate(317),Sort(318),WholeStageCodegen (107)(315),Exchange(319)"
1,70,347,2,5311,"Exchange(54),Filter(57),ColumnarToRow(58),WholeStageCodegen (1)(55),Scan parquet spark_catalog.demo_pauldefusco.trs_v25(59)"
1,70,353,0,5307,"Exchange(166),BroadcastHashJoin(171),BroadcastHashJoin(173),BroadcastHashJoin(175),SortMergeJoin(177),WholeStageCodegen (99)(167),Sort(179),WholeStageCodegen (97)(178),Exchange(180),Sort(200),Exchange(201)"
1,69,304,7,5293,"Exchange(118),SortMergeJoin(121),WholeStageCodegen (66)(119),Sort(123),Exchange(124),Sort(131),WholeStageCodegen (65)(130),Exchange(132)"
1,43,54,1,5282,"Exchange(416),Filter(419),ColumnarToRow(420),WholeStageCodegen (39)(417),Scan parquet spark_catalog.demo_pauldefusco.trs_v25(421)"
1,69,293,3,5261,"Exchange(314),HashAggregate(316),HashAggregate(317),Sort(318),WholeStageCodegen (107)(315),Exchange(319)"
1,67,214,3,5245,"Exchange(332),BroadcastHashJoin(335),Filter(337),ColumnarToRow(338),WholeStageCodegen (58)(333),Scan parquet spark_catalog.demo_pauldefusco.trs_v25(339)"
1,69,293,0,5237,"Exchange(314),HashAggregate(316),HashAggregate(317),Sort(318),WholeStageCodegen (107)(315),Exchange(319)"
1,69,284,5,5206,"Exchange(370),BroadcastHashJoin(373),Filter(375),ColumnarToRow(376),WholeStageCodegen (59)(371),Scan parquet spark_catalog.demo_pauldefusco.trs_v25(377)"
1,65,188,0,5174,"Exchange(91),SortMergeJoin(94),WholeStageCodegen (126)(92),Sort(96),WholeStageCodegen (124)(95),Exchange(97),Sort(217),WholeStageCodegen (125)(216),Exchange(218)"
1,69,324,0,5164,"Exchange(297),Exchange(397),HashAggregate(399),BroadcastHashJoin(401),BroadcastHashJoin(403),BroadcastHashJoin(405),SortMergeJoin(407),WholeStageCodegen (106)(398),Sort(409),WholeStageCodegen (104)(408),Exchange(410),Sort(430)"
1,67,221,1,5130,"Exchange(314),HashAggregate(316),HashAggregate(317),Sort(318),WholeStageCodegen (107)(315),Exchange(319)"
1,69,328,0,5103,"Exchange(201),Exchange(448),BroadcastHashJoin(452),BroadcastHashJoin(454),BroadcastHashJoin(456),SortMergeJoin(458),WholeStageCodegen (102)(449),Sort(460),WholeStageCodegen (100)(459),Exchange(461),Sort(481)"
1,69,304,3,5103,"Exchange(118),SortMergeJoin(121),WholeStageCodegen (66)(119),Sort(123),Exchange(124),Sort(131),WholeStageCodegen (65)(130),Exchange(132)"
1,69,295,0,5073,"Exchange(54),Filter(57),ColumnarToRow(58),WholeStageCodegen (1)(55),Scan parquet spark_catalog.demo_pauldefusco.trs_v25(59)"
1,69,320,0,5070,"Exchange(505),BroadcastHashJoin(508),Filter(510),ColumnarToRow(511),WholeStageCodegen (60)(506),Scan parquet spark_catalog.demo_pauldefusco.trs_v25(512)"
1,70,353,1,5067,"Exchange(166),BroadcastHashJoin(171),BroadcastHashJoin(173),BroadcastHashJoin(175),SortMergeJoin(177),WholeStageCodegen (99)(167),Sort(179),WholeStageCodegen (97)(178),Exchange(180),Sort(200),Exchange(201)"
1,68,256,1,5056,"Exchange(314),HashAggregate(316),HashAggregate(317),Sort(318),WholeStageCodegen (107)(315),Exchange(319)"
1,69,293,4,4974,"Exchange(314),HashAggregate(316),HashAggregate(317),Sort(318),WholeStageCodegen (107)(315),Exchange(319)"
1,69,284,0,4959,"Exchange(370),BroadcastHashJoin(373),Filter(375),ColumnarToRow(376),WholeStageCodegen (59)(371),Scan parquet spark_catalog.demo_pauldefusco.trs_v25(377)"
1,69,295,1,4943,"Exchange(54),Filter(57),ColumnarToRow(58),WholeStageCodegen (1)(55),Scan parquet spark_catalog.demo_pauldefusco.trs_v25(59)"
1,68,247,1,4923,"Exchange(370),BroadcastHashJoin(373),Filter(375),ColumnarToRow(376),WholeStageCodegen (59)(371),Scan parquet spark_catalog.demo_pauldefusco.trs_v25(377)"
1,68,247,3,4909,"Exchange(370),BroadcastHashJoin(373),Filter(375),ColumnarToRow(376),WholeStageCodegen (59)(371),Scan parquet spark_catalog.demo_pauldefusco.trs_v25(377)"
1,69,295,9,4908,"Exchange(54),Filter(57),ColumnarToRow(58),WholeStageCodegen (1)(55),Scan parquet spark_catalog.demo_pauldefusco.trs_v25(59)"
1,69,284,3,4901,"Exchange(370),BroadcastHashJoin(373),Filter(375),ColumnarToRow(376),WholeStageCodegen (59)(371),Scan parquet spark_catalog.demo_pauldefusco.trs_v25(377)"
1,69,293,1,4898,"Exchange(314),HashAggregate(316),HashAggregate(317),Sort(318),WholeStageCodegen (107)(315),Exchange(319)"
1,67,229,1,4897,"Exchange(166),BroadcastHashJoin(171),BroadcastHashJoin(173),BroadcastHashJoin(175),SortMergeJoin(177),WholeStageCodegen (99)(167),Sort(179),WholeStageCodegen (97)(178),Exchange(180),Sort(200),Exchange(201)"
1,69,295,8,4895,"Exchange(54),Filter(57),ColumnarToRow(58),WholeStageCodegen (1)(55),Scan parquet spark_catalog.demo_pauldefusco.trs_v25(59)"
1,67,242,1,4889,"Exchange(91),SortMergeJoin(94),WholeStageCodegen (126)(92),Sort(96),WholeStageCodegen (124)(95),Exchange(97),Sort(217),WholeStageCodegen (125)(216),Exchange(218)"
1,69,295,3,4887,"Exchange(54),Filter(57),ColumnarToRow(58),WholeStageCodegen (1)(55),Scan parquet spark_catalog.demo_pauldefusco.trs_v25(59)"
1,68,258,2,4885,"Exchange(54),Filter(57),ColumnarToRow(58),WholeStageCodegen (1)(55),Scan parquet spark_catalog.demo_pauldefusco.trs_v25(59)"
1,67,238,2,4859,"Exchange(237),BroadcastHashJoin(240),Filter(242),ColumnarToRow(243),WholeStageCodegen (57)(238),Scan parquet spark_catalog.demo_pauldefusco.trs_v25(244)"
1,69,295,7,4843,"Exchange(54),Filter(57),ColumnarToRow(58),WholeStageCodegen (1)(55),Scan parquet spark_catalog.demo_pauldefusco.trs_v25(59)"
1,69,311,3,4838,"Exchange(223),BroadcastHashJoin(228),BroadcastHashJoin(230),BroadcastHashJoin(232),SortMergeJoin(234),WholeStageCodegen (75)(224),Sort(236),WholeStageCodegen (73)(235),Exchange(237),Sort(251),Exchange(252)"
1,69,293,5,4834,"Exchange(314),HashAggregate(316),HashAggregate(317),Sort(318),WholeStageCodegen (107)(315),Exchange(319)"
1,70,338,0,4824,"Exchange(332),BroadcastHashJoin(335),Filter(337),ColumnarToRow(338),WholeStageCodegen (58)(333),Scan parquet spark_catalog.demo_pauldefusco.trs_v25(339)"
1,69,295,4,4804,"Exchange(54),Filter(57),ColumnarToRow(58),WholeStageCodegen (1)(55),Scan parquet spark_catalog.demo_pauldefusco.trs_v25(59)"
1,69,323,6,4797,"Exchange(410),SortMergeJoin(413),WholeStageCodegen (78)(411),Sort(415),Exchange(416),Sort(423),WholeStageCodegen (77)(422),Exchange(424)"
1,69,284,4,4781,"Exchange(370),BroadcastHashJoin(373),Filter(375),ColumnarToRow(376),WholeStageCodegen (59)(371),Scan parquet spark_catalog.demo_pauldefusco.trs_v25(377)"
1,69,295,5,4771,"Exchange(54),Filter(57),ColumnarToRow(58),WholeStageCodegen (1)(55),Scan parquet spark_catalog.demo_pauldefusco.trs_v25(59)"
1,67,223,0,4749,"Exchange(54),Filter(57),ColumnarToRow(58),WholeStageCodegen (1)(55),Scan parquet spark_catalog.demo_pauldefusco.trs_v25(59)"
1,69,284,1,4734,"Exchange(370),BroadcastHashJoin(373),Filter(375),ColumnarToRow(376),WholeStageCodegen (59)(371),Scan parquet spark_catalog.demo_pauldefusco.trs_v25(377)"
1,69,286,3,4712,"Exchange(332),BroadcastHashJoin(335),Filter(337),ColumnarToRow(338),WholeStageCodegen (58)(333),Scan parquet spark_catalog.demo_pauldefusco.trs_v25(339)"
1,60,125,0,4699,"Exchange(314),HashAggregate(316),HashAggregate(317),Sort(318),WholeStageCodegen (107)(315),Exchange(319)"
1,40,46,1,4642,"Exchange(180),SortMergeJoin(183),WholeStageCodegen (69)(181),Sort(185),Exchange(186),Sort(193),WholeStageCodegen (68)(192),Exchange(194)"
1,70,362,0,4629,"Exchange(237),BroadcastHashJoin(240),Filter(242),ColumnarToRow(243),WholeStageCodegen (57)(238),Scan parquet spark_catalog.demo_pauldefusco.trs_v25(244)"
1,69,312,2,4622,"Exchange(218),HashAggregate(220),HashAggregate(221),Sort(222),WholeStageCodegen (103)(219),Exchange(223)"
1,55,95,1,4535,"Exchange(282),BroadcastHashJoin(285),Filter(287),ColumnarToRow(288),WholeStageCodegen (56)(283),Scan parquet spark_catalog.demo_pauldefusco.trs_v25(289)"
1,52,85,0,4476,"Exchange(237),BroadcastHashJoin(240),Filter(242),ColumnarToRow(243),WholeStageCodegen (57)(238),Scan parquet spark_catalog.demo_pauldefusco.trs_v25(244)"
1,69,286,7,4449,"Exchange(332),BroadcastHashJoin(335),Filter(337),ColumnarToRow(338),WholeStageCodegen (58)(333),Scan parquet spark_catalog.demo_pauldefusco.trs_v25(339)"
1,69,286,6,4429,"Exchange(332),BroadcastHashJoin(335),Filter(337),ColumnarToRow(338),WholeStageCodegen (58)(333),Scan parquet spark_catalog.demo_pauldefusco.trs_v25(339)"
1,66,195,0,4412,"Exchange(180),SortMergeJoin(183),WholeStageCodegen (69)(181),Sort(185),Exchange(186),Sort(193),WholeStageCodegen (68)(192),Exchange(194)"
1,68,261,0,4403,"Exchange(186),Filter(189),ColumnarToRow(190),WholeStageCodegen (13)(187),Scan parquet spark_catalog.demo_pauldefusco.trs_v25(191)"
1,70,341,1,4378,"Exchange(282),BroadcastHashJoin(285),Filter(287),ColumnarToRow(288),WholeStageCodegen (56)(283),Scan parquet spark_catalog.demo_pauldefusco.trs_v25(289)"
1,70,374,0,4372,"Exchange(416),Filter(419),ColumnarToRow(420),WholeStageCodegen (39)(417),Scan parquet spark_catalog.demo_pauldefusco.trs_v25(421)"
1,69,310,4,4368,"Exchange(237),BroadcastHashJoin(240),Filter(242),ColumnarToRow(243),WholeStageCodegen (57)(238),Scan parquet spark_catalog.demo_pauldefusco.trs_v25(244)"
1,69,286,0,4312,"Exchange(332),BroadcastHashJoin(335),Filter(337),ColumnarToRow(338),WholeStageCodegen (58)(333),Scan parquet spark_catalog.demo_pauldefusco.trs_v25(339)"
1,64,170,0,4277,"Exchange(97),SortMergeJoin(100),WholeStageCodegen (123)(98),Sort(102),WholeStageCodegen (121)(101),Exchange(103),Sort(160),WholeStageCodegen (122)(159),Exchange(161)"
1,49,73,2,4254,"Exchange(118),SortMergeJoin(121),WholeStageCodegen (66)(119),Sort(123),Exchange(124),Sort(131),WholeStageCodegen (65)(130),Exchange(132)"
1,68,265,1,4244,"Exchange(124),Filter(127),ColumnarToRow(128),WholeStageCodegen (7)(125),Scan parquet spark_catalog.demo_pauldefusco.trs_v25(129)"
1,69,327,5,4213,"Exchange(461),SortMergeJoin(464),WholeStageCodegen (72)(462),Sort(466),Exchange(467),Sort(474),WholeStageCodegen (71)(473),Exchange(475)"
1,69,286,4,4181,"Exchange(332),BroadcastHashJoin(335),Filter(337),ColumnarToRow(338),WholeStageCodegen (58)(333),Scan parquet spark_catalog.demo_pauldefusco.trs_v25(339)"
1,70,380,0,4169,"Exchange(201),Exchange(448),BroadcastHashJoin(452),BroadcastHashJoin(454),BroadcastHashJoin(456),SortMergeJoin(458),WholeStageCodegen (102)(449),Sort(460),WholeStageCodegen (100)(459),Exchange(461),Sort(481)"
1,70,338,1,4161,"Exchange(332),BroadcastHashJoin(335),Filter(337),ColumnarToRow(338),WholeStageCodegen (58)(333),Scan parquet spark_catalog.demo_pauldefusco.trs_v25(339)"
1,66,197,0,4161,"Exchange(166),BroadcastHashJoin(171),BroadcastHashJoin(173),BroadcastHashJoin(175),SortMergeJoin(177),WholeStageCodegen (99)(167),Sort(179),WholeStageCodegen (97)(178),Exchange(180),Sort(200),Exchange(201)"
1,68,249,2,4156,"Exchange(332),BroadcastHashJoin(335),Filter(337),ColumnarToRow(338),WholeStageCodegen (58)(333),Scan parquet spark_catalog.demo_pauldefusco.trs_v25(339)"
1,69,301,5,4130,"Exchange(166),BroadcastHashJoin(171),BroadcastHashJoin(173),BroadcastHashJoin(175),SortMergeJoin(177),WholeStageCodegen (99)(167),Sort(179),WholeStageCodegen (97)(178),Exchange(180),Sort(200),Exchange(201)"
1,67,229,0,4102,"Exchange(166),BroadcastHashJoin(171),BroadcastHashJoin(173),BroadcastHashJoin(175),SortMergeJoin(177),WholeStageCodegen (99)(167),Sort(179),WholeStageCodegen (97)(178),Exchange(180),Sort(200),Exchange(201)"
1,68,249,1,4097,"Exchange(332),BroadcastHashJoin(335),Filter(337),ColumnarToRow(338),WholeStageCodegen (58)(333),Scan parquet spark_catalog.demo_pauldefusco.trs_v25(339)"
1,70,350,0,4093,"Exchange(186),Filter(189),ColumnarToRow(190),WholeStageCodegen (13)(187),Scan parquet spark_catalog.demo_pauldefusco.trs_v25(191)"
1,53,90,1,4088,"Exchange(410),SortMergeJoin(413),WholeStageCodegen (78)(411),Sort(415),Exchange(416),Sort(423),WholeStageCodegen (77)(422),Exchange(424)"
1,69,327,4,4045,"Exchange(461),SortMergeJoin(464),WholeStageCodegen (72)(462),Sort(466),Exchange(467),Sort(474),WholeStageCodegen (71)(473),Exchange(475)"
1,56,100,0,4034,"Exchange(180),SortMergeJoin(183),WholeStageCodegen (69)(181),Sort(185),Exchange(186),Sort(193),WholeStageCodegen (68)(192),Exchange(194)"
1,67,214,2,4012,"Exchange(332),BroadcastHashJoin(335),Filter(337),ColumnarToRow(338),WholeStageCodegen (58)(333),Scan parquet spark_catalog.demo_pauldefusco.trs_v25(339)"
1,69,289,4,4006,"Exchange(282),BroadcastHashJoin(285),Filter(287),ColumnarToRow(288),WholeStageCodegen (56)(283),Scan parquet spark_catalog.demo_pauldefusco.trs_v25(289)"
1,69,286,1,4001,"Exchange(332),BroadcastHashJoin(335),Filter(337),ColumnarToRow(338),WholeStageCodegen (58)(333),Scan parquet spark_catalog.demo_pauldefusco.trs_v25(339)"
1,69,328,3,3985,"Exchange(201),Exchange(448),BroadcastHashJoin(452),BroadcastHashJoin(454),BroadcastHashJoin(456),SortMergeJoin(458),WholeStageCodegen (102)(449),Sort(460),WholeStageCodegen (100)(459),Exchange(461),Sort(481)"
1,67,214,1,3955,"Exchange(332),BroadcastHashJoin(335),Filter(337),ColumnarToRow(338),WholeStageCodegen (58)(333),Scan parquet spark_catalog.demo_pauldefusco.trs_v25(339)"
1,70,350,1,3941,"Exchange(186),Filter(189),ColumnarToRow(190),WholeStageCodegen (13)(187),Scan parquet spark_catalog.demo_pauldefusco.trs_v25(191)"
1,42,51,1,3899,"Exchange(237),BroadcastHashJoin(240),Filter(242),ColumnarToRow(243),WholeStageCodegen (57)(238),Scan parquet spark_catalog.demo_pauldefusco.trs_v25(244)"
1,69,289,6,3889,"Exchange(282),BroadcastHashJoin(285),Filter(287),ColumnarToRow(288),WholeStageCodegen (56)(283),Scan parquet spark_catalog.demo_pauldefusco.trs_v25(289)"
1,69,289,7,3853,"Exchange(282),BroadcastHashJoin(285),Filter(287),ColumnarToRow(288),WholeStageCodegen (56)(283),Scan parquet spark_catalog.demo_pauldefusco.trs_v25(289)"
1,69,301,4,3850,"Exchange(166),BroadcastHashJoin(171),BroadcastHashJoin(173),BroadcastHashJoin(175),SortMergeJoin(177),WholeStageCodegen (99)(167),Sort(179),WholeStageCodegen (97)(178),Exchange(180),Sort(200),Exchange(201)"
1,67,217,2,3784,"Exchange(282),BroadcastHashJoin(285),Filter(287),ColumnarToRow(288),WholeStageCodegen (56)(283),Scan parquet spark_catalog.demo_pauldefusco.trs_v25(289)"
1,69,310,7,3778,"Exchange(237),BroadcastHashJoin(240),Filter(242),ColumnarToRow(243),WholeStageCodegen (57)(238),Scan parquet spark_catalog.demo_pauldefusco.trs_v25(244)"
1,69,286,5,3772,"Exchange(332),BroadcastHashJoin(335),Filter(337),ColumnarToRow(338),WholeStageCodegen (58)(333),Scan parquet spark_catalog.demo_pauldefusco.trs_v25(339)"
1,58,112,1,3757,"Exchange(394),HashAggregate(396),WholeStageCodegen (111)(395),Exchange(397)"
1,69,301,3,3756,"Exchange(166),BroadcastHashJoin(171),BroadcastHashJoin(173),BroadcastHashJoin(175),SortMergeJoin(177),WholeStageCodegen (99)(167),Sort(179),WholeStageCodegen (97)(178),Exchange(180),Sort(200),Exchange(201)"
1,69,289,3,3745,"Exchange(282),BroadcastHashJoin(285),Filter(287),ColumnarToRow(288),WholeStageCodegen (56)(283),Scan parquet spark_catalog.demo_pauldefusco.trs_v25(289)"
1,66,207,0,3743,"Exchange(223),BroadcastHashJoin(228),BroadcastHashJoin(230),BroadcastHashJoin(232),SortMergeJoin(234),WholeStageCodegen (75)(224),Sort(236),WholeStageCodegen (73)(235),Exchange(237),Sort(251),Exchange(252)"
1,69,301,0,3731,"Exchange(166),BroadcastHashJoin(171),BroadcastHashJoin(173),BroadcastHashJoin(175),SortMergeJoin(177),WholeStageCodegen (99)(167),Sort(179),WholeStageCodegen (97)(178),Exchange(180),Sort(200),Exchange(201)"
1,69,311,8,3731,"Exchange(223),BroadcastHashJoin(228),BroadcastHashJoin(230),BroadcastHashJoin(232),SortMergeJoin(234),WholeStageCodegen (75)(224),Sort(236),WholeStageCodegen (73)(235),Exchange(237),Sort(251),Exchange(252)"
1,69,310,3,3719,"Exchange(237),BroadcastHashJoin(240),Filter(242),ColumnarToRow(243),WholeStageCodegen (57)(238),Scan parquet spark_catalog.demo_pauldefusco.trs_v25(244)"
1,69,289,5,3706,"Exchange(282),BroadcastHashJoin(285),Filter(287),ColumnarToRow(288),WholeStageCodegen (56)(283),Scan parquet spark_catalog.demo_pauldefusco.trs_v25(289)"
1,69,301,7,3677,"Exchange(166),BroadcastHashJoin(171),BroadcastHashJoin(173),BroadcastHashJoin(175),SortMergeJoin(177),WholeStageCodegen (99)(167),Sort(179),WholeStageCodegen (97)(178),Exchange(180),Sort(200),Exchange(201)"
1,57,106,1,3670,"Exchange(201),Exchange(448),BroadcastHashJoin(452),BroadcastHashJoin(454),BroadcastHashJoin(456),SortMergeJoin(458),WholeStageCodegen (102)(449),Sort(460),WholeStageCodegen (100)(459),Exchange(461),Sort(481)"
1,69,289,1,3660,"Exchange(282),BroadcastHashJoin(285),Filter(287),ColumnarToRow(288),WholeStageCodegen (56)(283),Scan parquet spark_catalog.demo_pauldefusco.trs_v25(289)"
1,70,354,0,3657,"Exchange(124),Filter(127),ColumnarToRow(128),WholeStageCodegen (7)(125),Scan parquet spark_catalog.demo_pauldefusco.trs_v25(129)"
1,68,264,1,3644,"Exchange(166),BroadcastHashJoin(171),BroadcastHashJoin(173),BroadcastHashJoin(175),SortMergeJoin(177),WholeStageCodegen (99)(167),Sort(179),WholeStageCodegen (97)(178),Exchange(180),Sort(200),Exchange(201)"
1,69,310,1,3640,"Exchange(237),BroadcastHashJoin(240),Filter(242),ColumnarToRow(243),WholeStageCodegen (57)(238),Scan parquet spark_catalog.demo_pauldefusco.trs_v25(244)"
1,68,271,0,3635,"Exchange(161),HashAggregate(163),HashAggregate(164),Sort(165),WholeStageCodegen (109)(162),Exchange(166)"
1,70,352,1,3630,"Exchange(180),SortMergeJoin(183),WholeStageCodegen (69)(181),Sort(185),Exchange(186),Sort(193),WholeStageCodegen (68)(192),Exchange(194)"
1,69,310,8,3624,"Exchange(237),BroadcastHashJoin(240),Filter(242),ColumnarToRow(243),WholeStageCodegen (57)(238),Scan parquet spark_catalog.demo_pauldefusco.trs_v25(244)"
1,69,322,4,3622,"Exchange(416),Filter(419),ColumnarToRow(420),WholeStageCodegen (39)(417),Scan parquet spark_catalog.demo_pauldefusco.trs_v25(421)"
1,56,101,2,3614,"Exchange(166),BroadcastHashJoin(171),BroadcastHashJoin(173),BroadcastHashJoin(175),SortMergeJoin(177),WholeStageCodegen (99)(167),Sort(179),WholeStageCodegen (97)(178),Exchange(180),Sort(200),Exchange(201)"
1,68,273,2,3611,"Exchange(237),BroadcastHashJoin(240),Filter(242),ColumnarToRow(243),WholeStageCodegen (57)(238),Scan parquet spark_catalog.demo_pauldefusco.trs_v25(244)"
1,69,301,6,3607,"Exchange(166),BroadcastHashJoin(171),BroadcastHashJoin(173),BroadcastHashJoin(175),SortMergeJoin(177),WholeStageCodegen (99)(167),Sort(179),WholeStageCodegen (97)(178),Exchange(180),Sort(200),Exchange(201)"
1,70,375,0,3606,"Exchange(410),SortMergeJoin(413),WholeStageCodegen (78)(411),Sort(415),Exchange(416),Sort(423),WholeStageCodegen (77)(422),Exchange(424)"
1,69,301,1,3600,"Exchange(166),BroadcastHashJoin(171),BroadcastHashJoin(173),BroadcastHashJoin(175),SortMergeJoin(177),WholeStageCodegen (99)(167),Sort(179),WholeStageCodegen (97)(178),Exchange(180),Sort(200),Exchange(201)"
1,69,313,3,3581,"Exchange(97),SortMergeJoin(100),WholeStageCodegen (123)(98),Sort(102),WholeStageCodegen (121)(101),Exchange(103),Sort(160),WholeStageCodegen (122)(159),Exchange(161)"
1,67,238,1,3575,"Exchange(237),BroadcastHashJoin(240),Filter(242),ColumnarToRow(243),WholeStageCodegen (57)(238),Scan parquet spark_catalog.demo_pauldefusco.trs_v25(244)"
1,67,221,2,3547,"Exchange(314),HashAggregate(316),HashAggregate(317),Sort(318),WholeStageCodegen (107)(315),Exchange(319)"
1,69,325,5,3513,"Exchange(467),Filter(470),ColumnarToRow(471),WholeStageCodegen (45)(468),Scan parquet spark_catalog.demo_pauldefusco.trs_v25(472)"
1,69,322,7,3510,"Exchange(416),Filter(419),ColumnarToRow(420),WholeStageCodegen (39)(417),Scan parquet spark_catalog.demo_pauldefusco.trs_v25(421)"
1,67,217,1,3503,"Exchange(282),BroadcastHashJoin(285),Filter(287),ColumnarToRow(288),WholeStageCodegen (56)(283),Scan parquet spark_catalog.demo_pauldefusco.trs_v25(289)"
1,69,322,6,3500,"Exchange(416),Filter(419),ColumnarToRow(420),WholeStageCodegen (39)(417),Scan parquet spark_catalog.demo_pauldefusco.trs_v25(421)"
1,69,324,6,3496,"Exchange(297),Exchange(397),HashAggregate(399),BroadcastHashJoin(401),BroadcastHashJoin(403),BroadcastHashJoin(405),SortMergeJoin(407),WholeStageCodegen (106)(398),Sort(409),WholeStageCodegen (104)(408),Exchange(410),Sort(430)"
1,67,238,0,3493,"Exchange(237),BroadcastHashJoin(240),Filter(242),ColumnarToRow(243),WholeStageCodegen (57)(238),Scan parquet spark_catalog.demo_pauldefusco.trs_v25(244)"
1,70,360,0,3432,"Exchange(161),HashAggregate(163),HashAggregate(164),Sort(165),WholeStageCodegen (109)(162),Exchange(166)"
1,69,298,0,3404,"Exchange(186),Filter(189),ColumnarToRow(190),WholeStageCodegen (13)(187),Scan parquet spark_catalog.demo_pauldefusco.trs_v25(191)"
1,69,322,1,3402,"Exchange(416),Filter(419),ColumnarToRow(420),WholeStageCodegen (39)(417),Scan parquet spark_catalog.demo_pauldefusco.trs_v25(421)"
1,69,311,6,3391,"Exchange(223),BroadcastHashJoin(228),BroadcastHashJoin(230),BroadcastHashJoin(232),SortMergeJoin(234),WholeStageCodegen (75)(224),Sort(236),WholeStageCodegen (73)(235),Exchange(237),Sort(251),Exchange(252)"
1,69,311,5,3386,"Exchange(223),BroadcastHashJoin(228),BroadcastHashJoin(230),BroadcastHashJoin(232),SortMergeJoin(234),WholeStageCodegen (75)(224),Sort(236),WholeStageCodegen (73)(235),Exchange(237),Sort(251),Exchange(252)"
1,69,298,1,3344,"Exchange(186),Filter(189),ColumnarToRow(190),WholeStageCodegen (13)(187),Scan parquet spark_catalog.demo_pauldefusco.trs_v25(191)"
1,66,202,0,3343,"Exchange(104),HashAggregate(106),HashAggregate(107),BroadcastHashJoin(109),BroadcastHashJoin(111),BroadcastHashJoin(113),SortMergeJoin(115),WholeStageCodegen (96)(105),Sort(117),WholeStageCodegen (94)(116),Exchange(118),Sort(138),Exchange(139)"
1,67,226,0,3316,"Exchange(186),Filter(189),ColumnarToRow(190),WholeStageCodegen (13)(187),Scan parquet spark_catalog.demo_pauldefusco.trs_v25(191)"
1,69,292,2,3315,"Exchange(265),Exchange(266)"
1,69,310,6,3314,"Exchange(237),BroadcastHashJoin(240),Filter(242),ColumnarToRow(243),WholeStageCodegen (57)(238),Scan parquet spark_catalog.demo_pauldefusco.trs_v25(244)"
1,68,277,0,3300,"Exchange(91),SortMergeJoin(94),WholeStageCodegen (126)(92),Sort(96),WholeStageCodegen (124)(95),Exchange(97),Sort(217),WholeStageCodegen (125)(216),Exchange(218)"
1,70,379,0,3298,"Exchange(461),SortMergeJoin(464),WholeStageCodegen (72)(462),Sort(466),Exchange(467),Sort(474),WholeStageCodegen (71)(473),Exchange(475)"
1,69,323,4,3275,"Exchange(410),SortMergeJoin(413),WholeStageCodegen (78)(411),Sort(415),Exchange(416),Sort(423),WholeStageCodegen (77)(422),Exchange(424)"
1,68,255,0,3268,"Exchange(265),Exchange(266)"
1,69,323,5,3264,"Exchange(410),SortMergeJoin(413),WholeStageCodegen (78)(411),Sort(415),Exchange(416),Sort(423),WholeStageCodegen (77)(422),Exchange(424)"
1,69,325,2,3263,"Exchange(467),Filter(470),ColumnarToRow(471),WholeStageCodegen (45)(468),Scan parquet spark_catalog.demo_pauldefusco.trs_v25(472)"
1,69,298,5,3260,"Exchange(186),Filter(189),ColumnarToRow(190),WholeStageCodegen (13)(187),Scan parquet spark_catalog.demo_pauldefusco.trs_v25(191)"
1,67,220,0,3240,"Exchange(265),Exchange(266)"
1,69,308,2,3238,"Exchange(161),HashAggregate(163),HashAggregate(164),Sort(165),WholeStageCodegen (109)(162),Exchange(166)"
1,69,298,6,3232,"Exchange(186),Filter(189),ColumnarToRow(190),WholeStageCodegen (13)(187),Scan parquet spark_catalog.demo_pauldefusco.trs_v25(191)"
1,69,325,1,3230,"Exchange(467),Filter(470),ColumnarToRow(471),WholeStageCodegen (45)(468),Scan parquet spark_catalog.demo_pauldefusco.trs_v25(472)"
1,68,255,1,3228,"Exchange(265),Exchange(266)"
1,69,323,2,3227,"Exchange(410),SortMergeJoin(413),WholeStageCodegen (78)(411),Sort(415),Exchange(416),Sort(423),WholeStageCodegen (77)(422),Exchange(424)"
1,69,293,6,3209,"Exchange(314),HashAggregate(316),HashAggregate(317),Sort(318),WholeStageCodegen (107)(315),Exchange(319)"
1,69,325,6,3208,"Exchange(467),Filter(470),ColumnarToRow(471),WholeStageCodegen (45)(468),Scan parquet spark_catalog.demo_pauldefusco.trs_v25(472)"
1,69,298,4,3207,"Exchange(186),Filter(189),ColumnarToRow(190),WholeStageCodegen (13)(187),Scan parquet spark_catalog.demo_pauldefusco.trs_v25(191)"
1,69,298,3,3200,"Exchange(186),Filter(189),ColumnarToRow(190),WholeStageCodegen (13)(187),Scan parquet spark_catalog.demo_pauldefusco.trs_v25(191)"
1,69,292,3,3192,"Exchange(265),Exchange(266)"
1,69,324,4,3179,"Exchange(297),Exchange(397),HashAggregate(399),BroadcastHashJoin(401),BroadcastHashJoin(403),BroadcastHashJoin(405),SortMergeJoin(407),WholeStageCodegen (106)(398),Sort(409),WholeStageCodegen (104)(408),Exchange(410),Sort(430)"
1,69,300,5,3174,"Exchange(180),SortMergeJoin(183),WholeStageCodegen (69)(181),Sort(185),Exchange(186),Sort(193),WholeStageCodegen (68)(192),Exchange(194)"
1,69,298,7,3168,"Exchange(186),Filter(189),ColumnarToRow(190),WholeStageCodegen (13)(187),Scan parquet spark_catalog.demo_pauldefusco.trs_v25(191)"
1,69,325,4,3154,"Exchange(467),Filter(470),ColumnarToRow(471),WholeStageCodegen (45)(468),Scan parquet spark_catalog.demo_pauldefusco.trs_v25(472)"
1,69,300,1,3148,"Exchange(180),SortMergeJoin(183),WholeStageCodegen (69)(181),Sort(185),Exchange(186),Sort(193),WholeStageCodegen (68)(192),Exchange(194)"
1,67,220,1,3147,"Exchange(265),Exchange(266)"
1,69,292,0,3143,"Exchange(265),Exchange(266)"
1,69,300,6,3137,"Exchange(180),SortMergeJoin(183),WholeStageCodegen (69)(181),Sort(185),Exchange(186),Sort(193),WholeStageCodegen (68)(192),Exchange(194)"
1,69,292,1,3117,"Exchange(265),Exchange(266)"
1,69,302,5,3116,"Exchange(124),Filter(127),ColumnarToRow(128),WholeStageCodegen (7)(125),Scan parquet spark_catalog.demo_pauldefusco.trs_v25(129)"
1,69,302,0,3111,"Exchange(124),Filter(127),ColumnarToRow(128),WholeStageCodegen (7)(125),Scan parquet spark_catalog.demo_pauldefusco.trs_v25(129)"
1,69,328,5,3103,"Exchange(201),Exchange(448),BroadcastHashJoin(452),BroadcastHashJoin(454),BroadcastHashJoin(456),SortMergeJoin(458),WholeStageCodegen (102)(449),Sort(460),WholeStageCodegen (100)(459),Exchange(461),Sort(481)"
1,69,298,8,3103,"Exchange(186),Filter(189),ColumnarToRow(190),WholeStageCodegen (13)(187),Scan parquet spark_catalog.demo_pauldefusco.trs_v25(191)"
1,68,261,2,3101,"Exchange(186),Filter(189),ColumnarToRow(190),WholeStageCodegen (13)(187),Scan parquet spark_catalog.demo_pauldefusco.trs_v25(191)"
1,69,328,1,3092,"Exchange(201),Exchange(448),BroadcastHashJoin(452),BroadcastHashJoin(454),BroadcastHashJoin(456),SortMergeJoin(458),WholeStageCodegen (102)(449),Sort(460),WholeStageCodegen (100)(459),Exchange(461),Sort(481)"
1,69,324,5,3061,"Exchange(297),Exchange(397),HashAggregate(399),BroadcastHashJoin(401),BroadcastHashJoin(403),BroadcastHashJoin(405),SortMergeJoin(407),WholeStageCodegen (106)(398),Sort(409),WholeStageCodegen (104)(408),Exchange(410),Sort(430)"
1,69,292,4,3043,"Exchange(265),Exchange(266)"
1,69,300,3,3042,"Exchange(180),SortMergeJoin(183),WholeStageCodegen (69)(181),Sort(185),Exchange(186),Sort(193),WholeStageCodegen (68)(192),Exchange(194)"
1,69,304,1,3024,"Exchange(118),SortMergeJoin(121),WholeStageCodegen (66)(119),Sort(123),Exchange(124),Sort(131),WholeStageCodegen (65)(130),Exchange(132)"
1,69,300,0,3005,"Exchange(180),SortMergeJoin(183),WholeStageCodegen (69)(181),Sort(185),Exchange(186),Sort(193),WholeStageCodegen (68)(192),Exchange(194)"
1,52,86,1,2978,"Exchange(223),BroadcastHashJoin(228),BroadcastHashJoin(230),BroadcastHashJoin(232),SortMergeJoin(234),WholeStageCodegen (75)(224),Sort(236),WholeStageCodegen (73)(235),Exchange(237),Sort(251),Exchange(252)"
1,69,302,7,2974,"Exchange(124),Filter(127),ColumnarToRow(128),WholeStageCodegen (7)(125),Scan parquet spark_catalog.demo_pauldefusco.trs_v25(129)"
1,69,300,7,2968,"Exchange(180),SortMergeJoin(183),WholeStageCodegen (69)(181),Sort(185),Exchange(186),Sort(193),WholeStageCodegen (68)(192),Exchange(194)"
1,69,328,4,2956,"Exchange(201),Exchange(448),BroadcastHashJoin(452),BroadcastHashJoin(454),BroadcastHashJoin(456),SortMergeJoin(458),WholeStageCodegen (102)(449),Sort(460),WholeStageCodegen (100)(459),Exchange(461),Sort(481)"
1,69,302,8,2936,"Exchange(124),Filter(127),ColumnarToRow(128),WholeStageCodegen (7)(125),Scan parquet spark_catalog.demo_pauldefusco.trs_v25(129)"
1,69,302,1,2931,"Exchange(124),Filter(127),ColumnarToRow(128),WholeStageCodegen (7)(125),Scan parquet spark_catalog.demo_pauldefusco.trs_v25(129)"
1,69,302,4,2915,"Exchange(124),Filter(127),ColumnarToRow(128),WholeStageCodegen (7)(125),Scan parquet spark_catalog.demo_pauldefusco.trs_v25(129)"
1,69,327,2,2909,"Exchange(461),SortMergeJoin(464),WholeStageCodegen (72)(462),Sort(466),Exchange(467),Sort(474),WholeStageCodegen (71)(473),Exchange(475)"
1,69,323,1,2849,"Exchange(410),SortMergeJoin(413),WholeStageCodegen (78)(411),Sort(415),Exchange(416),Sort(423),WholeStageCodegen (77)(422),Exchange(424)"
1,69,327,1,2845,"Exchange(461),SortMergeJoin(464),WholeStageCodegen (72)(462),Sort(466),Exchange(467),Sort(474),WholeStageCodegen (71)(473),Exchange(475)"
1,69,302,6,2822,"Exchange(124),Filter(127),ColumnarToRow(128),WholeStageCodegen (7)(125),Scan parquet spark_catalog.demo_pauldefusco.trs_v25(129)"
1,70,360,1,2774,"Exchange(161),HashAggregate(163),HashAggregate(164),Sort(165),WholeStageCodegen (109)(162),Exchange(166)"
1,69,302,3,2772,"Exchange(124),Filter(127),ColumnarToRow(128),WholeStageCodegen (7)(125),Scan parquet spark_catalog.demo_pauldefusco.trs_v25(129)"
1,69,328,2,2740,"Exchange(201),Exchange(448),BroadcastHashJoin(452),BroadcastHashJoin(454),BroadcastHashJoin(456),SortMergeJoin(458),WholeStageCodegen (102)(449),Sort(460),WholeStageCodegen (100)(459),Exchange(461),Sort(481)"
1,69,300,8,2736,"Exchange(180),SortMergeJoin(183),WholeStageCodegen (69)(181),Sort(185),Exchange(186),Sort(193),WholeStageCodegen (68)(192),Exchange(194)"
1,67,232,1,2716,"Exchange(118),SortMergeJoin(121),WholeStageCodegen (66)(119),Sort(123),Exchange(124),Sort(131),WholeStageCodegen (65)(130),Exchange(132)"
1,67,239,0,2715,"Exchange(223),BroadcastHashJoin(228),BroadcastHashJoin(230),BroadcastHashJoin(232),SortMergeJoin(234),WholeStageCodegen (75)(224),Sort(236),WholeStageCodegen (73)(235),Exchange(237),Sort(251),Exchange(252)"
1,69,300,4,2707,"Exchange(180),SortMergeJoin(183),WholeStageCodegen (69)(181),Sort(185),Exchange(186),Sort(193),WholeStageCodegen (68)(192),Exchange(194)"
1,69,308,3,2695,"Exchange(161),HashAggregate(163),HashAggregate(164),Sort(165),WholeStageCodegen (109)(162),Exchange(166)"
1,70,363,1,2673,"Exchange(223),BroadcastHashJoin(228),BroadcastHashJoin(230),BroadcastHashJoin(232),SortMergeJoin(234),WholeStageCodegen (75)(224),Sort(236),WholeStageCodegen (73)(235),Exchange(237),Sort(251),Exchange(252)"
1,69,311,1,2673,"Exchange(223),BroadcastHashJoin(228),BroadcastHashJoin(230),BroadcastHashJoin(232),SortMergeJoin(234),WholeStageCodegen (75)(224),Sort(236),WholeStageCodegen (73)(235),Exchange(237),Sort(251),Exchange(252)"
1,69,311,7,2659,"Exchange(223),BroadcastHashJoin(228),BroadcastHashJoin(230),BroadcastHashJoin(232),SortMergeJoin(234),WholeStageCodegen (75)(224),Sort(236),WholeStageCodegen (73)(235),Exchange(237),Sort(251),Exchange(252)"
1,69,304,5,2642,"Exchange(118),SortMergeJoin(121),WholeStageCodegen (66)(119),Sort(123),Exchange(124),Sort(131),WholeStageCodegen (65)(130),Exchange(132)"
1,63,157,0,2642,"Exchange(103),Exchange(104)"
1,66,200,0,2637,"Exchange(118),SortMergeJoin(121),WholeStageCodegen (66)(119),Sort(123),Exchange(124),Sort(131),WholeStageCodegen (65)(130),Exchange(132)"
1,67,228,0,2616,"Exchange(180),SortMergeJoin(183),WholeStageCodegen (69)(181),Sort(185),Exchange(186),Sort(193),WholeStageCodegen (68)(192),Exchange(194)"
1,69,308,5,2595,"Exchange(161),HashAggregate(163),HashAggregate(164),Sort(165),WholeStageCodegen (109)(162),Exchange(166)"
1,69,324,2,2593,"Exchange(297),Exchange(397),HashAggregate(399),BroadcastHashJoin(401),BroadcastHashJoin(403),BroadcastHashJoin(405),SortMergeJoin(407),WholeStageCodegen (106)(398),Sort(409),WholeStageCodegen (104)(408),Exchange(410),Sort(430)"
1,68,263,1,2592,"Exchange(180),SortMergeJoin(183),WholeStageCodegen (69)(181),Sort(185),Exchange(186),Sort(193),WholeStageCodegen (68)(192),Exchange(194)"
1,69,304,6,2582,"Exchange(118),SortMergeJoin(121),WholeStageCodegen (66)(119),Sort(123),Exchange(124),Sort(131),WholeStageCodegen (65)(130),Exchange(132)"
1,69,311,0,2576,"Exchange(223),BroadcastHashJoin(228),BroadcastHashJoin(230),BroadcastHashJoin(232),SortMergeJoin(234),WholeStageCodegen (75)(224),Sort(236),WholeStageCodegen (73)(235),Exchange(237),Sort(251),Exchange(252)"
1,69,308,4,2557,"Exchange(161),HashAggregate(163),HashAggregate(164),Sort(165),WholeStageCodegen (109)(162),Exchange(166)"
1,69,329,1,2549,"Exchange(443),HashAggregate(445),HashAggregate(446),Sort(447),WholeStageCodegen (110)(444),Exchange(448)"
1,69,324,1,2538,"Exchange(297),Exchange(397),HashAggregate(399),BroadcastHashJoin(401),BroadcastHashJoin(403),BroadcastHashJoin(405),SortMergeJoin(407),WholeStageCodegen (106)(398),Sort(409),WholeStageCodegen (104)(408),Exchange(410),Sort(430)"
1,66,204,0,2520,"Exchange(161),HashAggregate(163),HashAggregate(164),Sort(165),WholeStageCodegen (109)(162),Exchange(166)"
1,69,304,0,2480,"Exchange(118),SortMergeJoin(121),WholeStageCodegen (66)(119),Sort(123),Exchange(124),Sort(131),WholeStageCodegen (65)(130),Exchange(132)"
1,69,308,0,2470,"Exchange(161),HashAggregate(163),HashAggregate(164),Sort(165),WholeStageCodegen (109)(162),Exchange(166)"
1,67,236,0,2435,"Exchange(161),HashAggregate(163),HashAggregate(164),Sort(165),WholeStageCodegen (109)(162),Exchange(166)"
1,62,138,0,2430,"Exchange(505),BroadcastHashJoin(508),Filter(510),ColumnarToRow(511),WholeStageCodegen (60)(506),Scan parquet spark_catalog.demo_pauldefusco.trs_v25(512)"
1,69,332,2,2430,"Exchange(201),Exchange(492),BroadcastHashJoin(496),BroadcastHashJoin(498),BroadcastHashJoin(500),SortMergeJoin(502),WholeStageCodegen (84)(493),Sort(504),WholeStageCodegen (82)(503),Exchange(505),Sort(514)"
1,68,271,1,2409,"Exchange(161),HashAggregate(163),HashAggregate(164),Sort(165),WholeStageCodegen (109)(162),Exchange(166)"
1,68,274,1,2405,"Exchange(223),BroadcastHashJoin(228),BroadcastHashJoin(230),BroadcastHashJoin(232),SortMergeJoin(234),WholeStageCodegen (75)(224),Sort(236),WholeStageCodegen (73)(235),Exchange(237),Sort(251),Exchange(252)"
1,69,304,8,2391,"Exchange(118),SortMergeJoin(121),WholeStageCodegen (66)(119),Sort(123),Exchange(124),Sort(131),WholeStageCodegen (65)(130),Exchange(132)"
1,69,304,4,2385,"Exchange(118),SortMergeJoin(121),WholeStageCodegen (66)(119),Sort(123),Exchange(124),Sort(131),WholeStageCodegen (65)(130),Exchange(132)"
1,68,281,1,2376,"Exchange(21),SortMergeJoin(24),WholeStageCodegen (132)(22),Sort(26),WholeStageCodegen (130)(25),Exchange(27),Sort(258),WholeStageCodegen (131)(257),Exchange(259)"
1,58,111,1,2361,"Exchange(297),Exchange(397),HashAggregate(399),BroadcastHashJoin(401),BroadcastHashJoin(403),BroadcastHashJoin(405),SortMergeJoin(407),WholeStageCodegen (106)(398),Sort(409),WholeStageCodegen (104)(408),Exchange(410),Sort(430)"
1,67,236,1,2349,"Exchange(161),HashAggregate(163),HashAggregate(164),Sort(165),WholeStageCodegen (109)(162),Exchange(166)"
1,70,363,0,2340,"Exchange(223),BroadcastHashJoin(228),BroadcastHashJoin(230),BroadcastHashJoin(232),SortMergeJoin(234),WholeStageCodegen (75)(224),Sort(236),WholeStageCodegen (73)(235),Exchange(237),Sort(251),Exchange(252)"
1,70,372,0,2302,"Exchange(505),BroadcastHashJoin(508),Filter(510),ColumnarToRow(511),WholeStageCodegen (60)(506),Scan parquet spark_catalog.demo_pauldefusco.trs_v25(512)"
1,69,311,4,2282,"Exchange(223),BroadcastHashJoin(228),BroadcastHashJoin(230),BroadcastHashJoin(232),SortMergeJoin(234),WholeStageCodegen (75)(224),Sort(236),WholeStageCodegen (73)(235),Exchange(237),Sort(251),Exchange(252)"
1,69,308,1,2166,"Exchange(161),HashAggregate(163),HashAggregate(164),Sort(165),WholeStageCodegen (109)(162),Exchange(166)"
1,70,358,0,2165,"Exchange(104),HashAggregate(106),HashAggregate(107),BroadcastHashJoin(109),BroadcastHashJoin(111),BroadcastHashJoin(113),SortMergeJoin(115),WholeStageCodegen (96)(105),Sort(117),WholeStageCodegen (94)(116),Exchange(118),Sort(138),Exchange(139)"
1,67,234,1,2123,"Exchange(104),HashAggregate(106),HashAggregate(107),BroadcastHashJoin(109),BroadcastHashJoin(111),BroadcastHashJoin(113),SortMergeJoin(115),WholeStageCodegen (96)(105),Sort(117),WholeStageCodegen (94)(116),Exchange(118),Sort(138),Exchange(139)"
1,70,358,1,2100,"Exchange(104),HashAggregate(106),HashAggregate(107),BroadcastHashJoin(109),BroadcastHashJoin(111),BroadcastHashJoin(113),SortMergeJoin(115),WholeStageCodegen (96)(105),Sort(117),WholeStageCodegen (94)(116),Exchange(118),Sort(138),Exchange(139)"
1,70,364,0,2075,"Exchange(218),HashAggregate(220),HashAggregate(221),Sort(222),WholeStageCodegen (103)(219),Exchange(223)"
1,69,306,4,2074,"Exchange(104),HashAggregate(106),HashAggregate(107),BroadcastHashJoin(109),BroadcastHashJoin(111),BroadcastHashJoin(113),SortMergeJoin(115),WholeStageCodegen (96)(105),Sort(117),WholeStageCodegen (94)(116),Exchange(118),Sort(138),Exchange(139)"
1,69,314,4,2018,"Exchange(91),SortMergeJoin(94),WholeStageCodegen (126)(92),Sort(96),WholeStageCodegen (124)(95),Exchange(97),Sort(217),WholeStageCodegen (125)(216),Exchange(218)"
1,69,306,3,1952,"Exchange(104),HashAggregate(106),HashAggregate(107),BroadcastHashJoin(109),BroadcastHashJoin(111),BroadcastHashJoin(113),SortMergeJoin(115),WholeStageCodegen (96)(105),Sort(117),WholeStageCodegen (94)(116),Exchange(118),Sort(138),Exchange(139)"
1,68,269,0,1934,"Exchange(104),HashAggregate(106),HashAggregate(107),BroadcastHashJoin(109),BroadcastHashJoin(111),BroadcastHashJoin(113),SortMergeJoin(115),WholeStageCodegen (96)(105),Sort(117),WholeStageCodegen (94)(116),Exchange(118),Sort(138),Exchange(139)"
1,69,306,5,1924,"Exchange(104),HashAggregate(106),HashAggregate(107),BroadcastHashJoin(109),BroadcastHashJoin(111),BroadcastHashJoin(113),SortMergeJoin(115),WholeStageCodegen (96)(105),Sort(117),WholeStageCodegen (94)(116),Exchange(118),Sort(138),Exchange(139)"
1,67,234,0,1883,"Exchange(104),HashAggregate(106),HashAggregate(107),BroadcastHashJoin(109),BroadcastHashJoin(111),BroadcastHashJoin(113),SortMergeJoin(115),WholeStageCodegen (96)(105),Sort(117),WholeStageCodegen (94)(116),Exchange(118),Sort(138),Exchange(139)"
1,69,306,0,1839,"Exchange(104),HashAggregate(106),HashAggregate(107),BroadcastHashJoin(109),BroadcastHashJoin(111),BroadcastHashJoin(113),SortMergeJoin(115),WholeStageCodegen (96)(105),Sort(117),WholeStageCodegen (94)(116),Exchange(118),Sort(138),Exchange(139)"
1,69,306,6,1805,"Exchange(104),HashAggregate(106),HashAggregate(107),BroadcastHashJoin(109),BroadcastHashJoin(111),BroadcastHashJoin(113),SortMergeJoin(115),WholeStageCodegen (96)(105),Sort(117),WholeStageCodegen (94)(116),Exchange(118),Sort(138),Exchange(139)"
1,69,306,1,1777,"Exchange(104),HashAggregate(106),HashAggregate(107),BroadcastHashJoin(109),BroadcastHashJoin(111),BroadcastHashJoin(113),SortMergeJoin(115),WholeStageCodegen (96)(105),Sort(117),WholeStageCodegen (94)(116),Exchange(118),Sort(138),Exchange(139)"
1,69,314,2,1769,"Exchange(91),SortMergeJoin(94),WholeStageCodegen (126)(92),Sort(96),WholeStageCodegen (124)(95),Exchange(97),Sort(217),WholeStageCodegen (125)(216),Exchange(218)"
1,67,241,1,1733,"Exchange(97),SortMergeJoin(100),WholeStageCodegen (123)(98),Sort(102),WholeStageCodegen (121)(101),Exchange(103),Sort(160),WholeStageCodegen (122)(159),Exchange(161)"
1,69,314,3,1714,"Exchange(91),SortMergeJoin(94),WholeStageCodegen (126)(92),Sort(96),WholeStageCodegen (124)(95),Exchange(97),Sort(217),WholeStageCodegen (125)(216),Exchange(218)"
1,69,320,3,1688,"Exchange(505),BroadcastHashJoin(508),Filter(510),ColumnarToRow(511),WholeStageCodegen (60)(506),Scan parquet spark_catalog.demo_pauldefusco.trs_v25(512)"
1,70,365,0,1664,"Exchange(97),SortMergeJoin(100),WholeStageCodegen (123)(98),Sort(102),WholeStageCodegen (121)(101),Exchange(103),Sort(160),WholeStageCodegen (122)(159),Exchange(161)"
1,69,320,4,1603,"Exchange(505),BroadcastHashJoin(508),Filter(510),ColumnarToRow(511),WholeStageCodegen (60)(506),Scan parquet spark_catalog.demo_pauldefusco.trs_v25(512)"
1,66,210,1,1583,"Exchange(91),SortMergeJoin(94),WholeStageCodegen (126)(92),Sort(96),WholeStageCodegen (124)(95),Exchange(97),Sort(217),WholeStageCodegen (125)(216),Exchange(218)"
1,68,276,0,1572,"Exchange(97),SortMergeJoin(100),WholeStageCodegen (123)(98),Sort(102),WholeStageCodegen (121)(101),Exchange(103),Sort(160),WholeStageCodegen (122)(159),Exchange(161)"
1,68,269,1,1564,"Exchange(104),HashAggregate(106),HashAggregate(107),BroadcastHashJoin(109),BroadcastHashJoin(111),BroadcastHashJoin(113),SortMergeJoin(115),WholeStageCodegen (96)(105),Sort(117),WholeStageCodegen (94)(116),Exchange(118),Sort(138),Exchange(139)"
1,70,366,0,1556,"Exchange(91),SortMergeJoin(94),WholeStageCodegen (126)(92),Sort(96),WholeStageCodegen (124)(95),Exchange(97),Sort(217),WholeStageCodegen (125)(216),Exchange(218)"
1,69,315,2,1549,"Exchange(33),BroadcastHashJoin(39),BroadcastHashJoin(41),BroadcastHashJoin(43),SortMergeJoin(45),WholeStageCodegen (93)(34),Sort(47),WholeStageCodegen (91)(46),Exchange(48),Sort(68),Exchange(69)"
1,69,314,0,1546,"Exchange(91),SortMergeJoin(94),WholeStageCodegen (126)(92),Sort(96),WholeStageCodegen (124)(95),Exchange(97),Sort(217),WholeStageCodegen (125)(216),Exchange(218)"
1,69,320,1,1522,"Exchange(505),BroadcastHashJoin(508),Filter(510),ColumnarToRow(511),WholeStageCodegen (60)(506),Scan parquet spark_catalog.demo_pauldefusco.trs_v25(512)"
1,69,314,1,1496,"Exchange(91),SortMergeJoin(94),WholeStageCodegen (126)(92),Sort(96),WholeStageCodegen (124)(95),Exchange(97),Sort(217),WholeStageCodegen (125)(216),Exchange(218)"
1,66,209,0,1449,"Exchange(97),SortMergeJoin(100),WholeStageCodegen (123)(98),Sort(102),WholeStageCodegen (121)(101),Exchange(103),Sort(160),WholeStageCodegen (122)(159),Exchange(161)"
1,67,242,0,1434,"Exchange(91),SortMergeJoin(94),WholeStageCodegen (126)(92),Sort(96),WholeStageCodegen (124)(95),Exchange(97),Sort(217),WholeStageCodegen (125)(216),Exchange(218)"
1,69,307,4,1422,"Exchange(103),Exchange(104)"
1,67,240,1,1371,"Exchange(218),HashAggregate(220),HashAggregate(221),Sort(222),WholeStageCodegen (103)(219),Exchange(223)"
1,62,151,0,1357,"Exchange(382),SortMergeJoin(385),WholeStageCodegen (120)(383),Sort(387),WholeStageCodegen (118)(386),Exchange(388),Sort(488),HashAggregate(489),HashAggregate(490),Sort(491),WholeStageCodegen (119)(487),Exchange(492)"
1,68,277,1,1301,"Exchange(91),SortMergeJoin(94),WholeStageCodegen (126)(92),Sort(96),WholeStageCodegen (124)(95),Exchange(97),Sort(217),WholeStageCodegen (125)(216),Exchange(218)"
1,68,275,0,1290,"Exchange(218),HashAggregate(220),HashAggregate(221),Sort(222),WholeStageCodegen (103)(219),Exchange(223)"
1,69,312,5,1285,"Exchange(218),HashAggregate(220),HashAggregate(221),Sort(222),WholeStageCodegen (103)(219),Exchange(223)"
1,69,313,4,1274,"Exchange(97),SortMergeJoin(100),WholeStageCodegen (123)(98),Sort(102),WholeStageCodegen (121)(101),Exchange(103),Sort(160),WholeStageCodegen (122)(159),Exchange(161)"
1,69,313,5,1268,"Exchange(97),SortMergeJoin(100),WholeStageCodegen (123)(98),Sort(102),WholeStageCodegen (121)(101),Exchange(103),Sort(160),WholeStageCodegen (122)(159),Exchange(161)"
1,67,241,0,1244,"Exchange(97),SortMergeJoin(100),WholeStageCodegen (123)(98),Sort(102),WholeStageCodegen (121)(101),Exchange(103),Sort(160),WholeStageCodegen (122)(159),Exchange(161)"
1,69,313,0,1217,"Exchange(97),SortMergeJoin(100),WholeStageCodegen (123)(98),Sort(102),WholeStageCodegen (121)(101),Exchange(103),Sort(160),WholeStageCodegen (122)(159),Exchange(161)"
1,68,276,1,1205,"Exchange(97),SortMergeJoin(100),WholeStageCodegen (123)(98),Sort(102),WholeStageCodegen (121)(101),Exchange(103),Sort(160),WholeStageCodegen (122)(159),Exchange(161)"
1,69,313,1,1196,"Exchange(97),SortMergeJoin(100),WholeStageCodegen (123)(98),Sort(102),WholeStageCodegen (121)(101),Exchange(103),Sort(160),WholeStageCodegen (122)(159),Exchange(161)"
1,66,208,0,1125,"Exchange(218),HashAggregate(220),HashAggregate(221),Sort(222),WholeStageCodegen (103)(219),Exchange(223)"
1,70,364,1,960,"Exchange(218),HashAggregate(220),HashAggregate(221),Sort(222),WholeStageCodegen (103)(219),Exchange(223)"
1,70,382,0,937,"Exchange(394),HashAggregate(396),WholeStageCodegen (111)(395),Exchange(397)"
1,67,240,0,932,"Exchange(218),HashAggregate(220),HashAggregate(221),Sort(222),WholeStageCodegen (103)(219),Exchange(223)"
1,69,312,4,909,"Exchange(218),HashAggregate(220),HashAggregate(221),Sort(222),WholeStageCodegen (103)(219),Exchange(223)"
1,69,312,6,880,"Exchange(218),HashAggregate(220),HashAggregate(221),Sort(222),WholeStageCodegen (103)(219),Exchange(223)"
1,69,312,3,869,"Exchange(218),HashAggregate(220),HashAggregate(221),Sort(222),WholeStageCodegen (103)(219),Exchange(223)"
1,69,333,3,821,"Exchange(382),SortMergeJoin(385),WholeStageCodegen (120)(383),Sort(387),WholeStageCodegen (118)(386),Exchange(388),Sort(488),HashAggregate(489),HashAggregate(490),Sort(491),WholeStageCodegen (119)(487),Exchange(492)"
1,65,186,0,801,"Exchange(218),HashAggregate(220),HashAggregate(221),Sort(222),WholeStageCodegen (103)(219),Exchange(223)"
1,69,312,1,783,"Exchange(218),HashAggregate(220),HashAggregate(221),Sort(222),WholeStageCodegen (103)(219),Exchange(223)"
1,69,307,2,756,"Exchange(103),Exchange(104)"
1,66,203,0,748,"Exchange(103),Exchange(104)"
1,70,359,1,743,"Exchange(103),Exchange(104)"
1,69,333,2,742,"Exchange(382),SortMergeJoin(385),WholeStageCodegen (120)(383),Sort(387),WholeStageCodegen (118)(386),Exchange(388),Sort(488),HashAggregate(489),HashAggregate(490),Sort(491),WholeStageCodegen (119)(487),Exchange(492)"
1,69,312,0,735,"Exchange(218),HashAggregate(220),HashAggregate(221),Sort(222),WholeStageCodegen (103)(219),Exchange(223)"
1,69,332,0,729,"Exchange(201),Exchange(492),BroadcastHashJoin(496),BroadcastHashJoin(498),BroadcastHashJoin(500),SortMergeJoin(502),WholeStageCodegen (84)(493),Sort(504),WholeStageCodegen (82)(503),Exchange(505),Sort(514)"
1,70,367,0,728,"Exchange(33),BroadcastHashJoin(39),BroadcastHashJoin(41),BroadcastHashJoin(43),SortMergeJoin(45),WholeStageCodegen (93)(34),Sort(47),WholeStageCodegen (91)(46),Exchange(48),Sort(68),Exchange(69)"
1,68,275,1,721,"Exchange(218),HashAggregate(220),HashAggregate(221),Sort(222),WholeStageCodegen (103)(219),Exchange(223)"
1,70,384,0,713,"Exchange(201),Exchange(492),BroadcastHashJoin(496),BroadcastHashJoin(498),BroadcastHashJoin(500),SortMergeJoin(502),WholeStageCodegen (84)(493),Sort(504),WholeStageCodegen (82)(503),Exchange(505),Sort(514)"
1,69,333,0,680,"Exchange(382),SortMergeJoin(385),WholeStageCodegen (120)(383),Sort(387),WholeStageCodegen (118)(386),Exchange(388),Sort(488),HashAggregate(489),HashAggregate(490),Sort(491),WholeStageCodegen (119)(487),Exchange(492)"
1,68,270,0,662,"Exchange(103),Exchange(104)"
1,70,359,0,656,"Exchange(103),Exchange(104)"
1,67,235,1,646,"Exchange(103),Exchange(104)"
1,61,137,0,574,"Exchange(388),SortMergeJoin(391),WholeStageCodegen (117)(389),Sort(393),WholeStageCodegen (115)(392),Exchange(394),Sort(442),WholeStageCodegen (116)(441),Exchange(443)"
1,69,307,0,551,"Exchange(103),Exchange(104)"
1,69,307,3,548,"Exchange(103),Exchange(104)"
1,69,307,5,532,"Exchange(103),Exchange(104)"
1,69,307,1,526,"Exchange(103),Exchange(104)"
1,69,312,7,525,"Exchange(218),HashAggregate(220),HashAggregate(221),Sort(222),WholeStageCodegen (103)(219),Exchange(223)"
1,69,330,0,506,"Exchange(394),HashAggregate(396),WholeStageCodegen (111)(395),Exchange(397)"
1,68,270,1,495,"Exchange(103),Exchange(104)"
1,67,235,0,495,"Exchange(103),Exchange(104)"
1,69,330,3,492,"Exchange(394),HashAggregate(396),WholeStageCodegen (111)(395),Exchange(397)"
1,69,332,4,482,"Exchange(201),Exchange(492),BroadcastHashJoin(496),BroadcastHashJoin(498),BroadcastHashJoin(500),SortMergeJoin(502),WholeStageCodegen (84)(493),Sort(504),WholeStageCodegen (82)(503),Exchange(505),Sort(514)"
1,69,332,3,447,"Exchange(201),Exchange(492),BroadcastHashJoin(496),BroadcastHashJoin(498),BroadcastHashJoin(500),SortMergeJoin(502),WholeStageCodegen (84)(493),Sort(504),WholeStageCodegen (82)(503),Exchange(505),Sort(514)"
1,69,332,1,441,"Exchange(201),Exchange(492),BroadcastHashJoin(496),BroadcastHashJoin(498),BroadcastHashJoin(500),SortMergeJoin(502),WholeStageCodegen (84)(493),Sort(504),WholeStageCodegen (82)(503),Exchange(505),Sort(514)"
1,69,330,1,424,"Exchange(394),HashAggregate(396),WholeStageCodegen (111)(395),Exchange(397)"
1,69,330,4,412,"Exchange(394),HashAggregate(396),WholeStageCodegen (111)(395),Exchange(397)"
1,69,333,1,410,"Exchange(382),SortMergeJoin(385),WholeStageCodegen (120)(383),Sort(387),WholeStageCodegen (118)(386),Exchange(388),Sort(488),HashAggregate(489),HashAggregate(490),Sort(491),WholeStageCodegen (119)(487),Exchange(492)"
1,69,330,2,393,"Exchange(394),HashAggregate(396),WholeStageCodegen (111)(395),Exchange(397)"
1,69,330,5,387,"Exchange(394),HashAggregate(396),WholeStageCodegen (111)(395),Exchange(397)"
1,69,331,2,242,"Exchange(388),SortMergeJoin(391),WholeStageCodegen (117)(389),Sort(393),WholeStageCodegen (115)(392),Exchange(394),Sort(442),WholeStageCodegen (116)(441),Exchange(443)"
1,69,331,0,240,"Exchange(388),SortMergeJoin(391),WholeStageCodegen (117)(389),Sort(393),WholeStageCodegen (115)(392),Exchange(394),Sort(442),WholeStageCodegen (116)(441),Exchange(443)"
1,62,150,0,216,"Exchange(201),Exchange(492),BroadcastHashJoin(496),BroadcastHashJoin(498),BroadcastHashJoin(500),SortMergeJoin(502),WholeStageCodegen (84)(493),Sort(504),WholeStageCodegen (82)(503),Exchange(505),Sort(514)"
1,69,331,3,199,"Exchange(388),SortMergeJoin(391),WholeStageCodegen (117)(389),Sort(393),WholeStageCodegen (115)(392),Exchange(394),Sort(442),WholeStageCodegen (116)(441),Exchange(443)"
1,69,331,1,135,"Exchange(388),SortMergeJoin(391),WholeStageCodegen (117)(389),Sort(393),WholeStageCodegen (115)(392),Exchange(394),Sort(442),WholeStageCodegen (116)(441),Exchange(443)"
1,69,329,2,49,"Exchange(443),HashAggregate(445),HashAggregate(446),Sort(447),WholeStageCodegen (110)(444),Exchange(448)"
1,68,281,3,"","Exchange(21),SortMergeJoin(24),WholeStageCodegen (132)(22),Sort(26),WholeStageCodegen (130)(25),Exchange(27),Sort(258),WholeStageCodegen (131)(257),Exchange(259)"
1,38,39,3,"","Exchange(54),Filter(57),ColumnarToRow(58),WholeStageCodegen (1)(55),Scan parquet spark_catalog.demo_pauldefusco.trs_v25(59)"
1,70,357,1,"",""
1,70,336,2,"","Exchange(370),BroadcastHashJoin(373),Filter(375),ColumnarToRow(376),WholeStageCodegen (59)(371),Scan parquet spark_catalog.demo_pauldefusco.trs_v25(377)"
1,70,351,1,"",""
1,70,381,0,"","Exchange(443),HashAggregate(445),HashAggregate(446),Sort(447),WholeStageCodegen (110)(444),Exchange(448)"
1,70,354,2,"","Exchange(124),Filter(127),ColumnarToRow(128),WholeStageCodegen (7)(125),Scan parquet spark_catalog.demo_pauldefusco.trs_v25(129)"
1,70,355,2,"","Exchange(132),Filter(134),ColumnarToRow(135),WholeStageCodegen (8)(133),Scan parquet spark_catalog.demo_pauldefusco.customers_skewed(136)"
1,70,347,3,"","Exchange(54),Filter(57),ColumnarToRow(58),WholeStageCodegen (1)(55),Scan parquet spark_catalog.demo_pauldefusco.trs_v25(59)"
1,70,349,1,"",""
1,70,350,3,"","Exchange(186),Filter(189),ColumnarToRow(190),WholeStageCodegen (13)(187),Scan parquet spark_catalog.demo_pauldefusco.trs_v25(191)"
1,70,337,2,"","Exchange(201),Filter(203),ColumnarToRow(204),WholeStageCodegen (15)(202),Scan parquet spark_catalog.demo_pauldefusco.accounts_skewed(205)"
1,70,338,2,"","Exchange(332),BroadcastHashJoin(335),Filter(337),ColumnarToRow(338),WholeStageCodegen (58)(333),Scan parquet spark_catalog.demo_pauldefusco.trs_v25(339)"
1,70,361,2,"","Exchange(252),Filter(254),ColumnarToRow(255),WholeStageCodegen (20)(253),Scan parquet spark_catalog.demo_pauldefusco.accounts_skewed(256)"
1,70,340,1,"",""
1,70,362,2,"","Exchange(237),BroadcastHashJoin(240),Filter(242),ColumnarToRow(243),WholeStageCodegen (57)(238),Scan parquet spark_catalog.demo_pauldefusco.trs_v25(244)"
1,70,341,2,"","Exchange(282),BroadcastHashJoin(285),Filter(287),ColumnarToRow(288),WholeStageCodegen (56)(283),Scan parquet spark_catalog.demo_pauldefusco.trs_v25(289)"
1,69,319,2,"","Exchange(201),Exchange(357),BroadcastHashJoin(361),BroadcastHashJoin(363),BroadcastHashJoin(365),SortMergeJoin(367),WholeStageCodegen (87)(358),Sort(369),WholeStageCodegen (85)(368),Exchange(370),Sort(379)"
