sqlID,sql_plan_version,nodeId,format,buffer_time,scan_time,data_size,decode_time,location,pushedFilters,schema,data_filters,partition_filters,from_final_plan
1,0,221,"Parquet",0,0,0,0,"InMemoryFileIndex(1 paths)[s3a://goes-se-sandbox/data/warehouse/tablespace/external/hive/demo_pauldefusco.db/accounts_skewed]","IsNotNull(account_id)","account_id:bigint","isnotnull(account_id#2948L)","",false
1,0,343,"Parquet",0,0,0,0,"InMemoryFileIndex(1 paths)[s3a://goes-se-sandbox/data/warehouse/tablespace/external/hive/demo_pauldefusco.db/accounts_skewed]","IsNotNull(account_id)","account_id:bigint","isnotnull(account_id#3996L)","",false
1,0,99,"Parquet",0,0,0,0,"InMemoryFileIndex(1 paths)[s3a://goes-se-sandbox/data/warehouse/tablespace/external/hive/demo_pauldefusco.db/accounts_skewed]","IsNotNull(account_id), IsNotNull(account_type)","account_id:bigint,account_type:string,account_status:string","isnotnull(account_id#2676L), isnotnull(account_type#2677)","",false
1,0,52,"Parquet",0,0,0,0,"InMemoryFileIndex(1 paths)[s3a://goes-se-sandbox/data/warehouse/tablespace/external/hive/demo_pauldefusco.db/accounts_skewed]","IsNotNull(account_id)","account_id:bigint,account_type:string,account_status:string,current_balance:double,credit_limit:double,interest_rate:double","isnotnull(account_id#52L)","",false
1,0,180,"Parquet",0,0,0,0,"InMemoryFileIndex(1 paths)[s3a://goes-se-sandbox/data/warehouse/tablespace/external/hive/demo_pauldefusco.db/accounts_skewed]","IsNotNull(account_id), IsNotNull(account_type), IsNotNull(account_status)","account_id:bigint,account_type:string,account_status:string,current_balance:double,credit_limit:double,interest_rate:double","isnotnull(account_id#2333L), isnotnull(account_type#2334), isnotnull(account_status#2336)","",false
1,0,141,"Parquet",0,0,0,0,"InMemoryFileIndex(1 paths)[s3a://goes-se-sandbox/data/warehouse/tablespace/external/hive/demo_pauldefusco.db/accounts_skewed]","IsNotNull(account_id)","account_id:bigint,current_balance:double,interest_rate:double","isnotnull(account_id#2209L)","",false
1,0,259,"Parquet",0,0,0,0,"InMemoryFileIndex(1 paths)[s3a://goes-se-sandbox/data/warehouse/tablespace/external/hive/demo_pauldefusco.db/accounts_skewed]","IsNotNull(account_id)","account_id:bigint,current_balance:double,interest_rate:double","isnotnull(account_id#2526L)","",false
1,0,296,"Parquet",0,0,0,0,"InMemoryFileIndex(1 paths)[s3a://goes-se-sandbox/data/warehouse/tablespace/external/hive/demo_pauldefusco.db/accounts_skewed]","IsNotNull(account_id)","account_id:bigint,current_balance:double,interest_rate:double","isnotnull(account_id#3263L)","",false
1,0,384,"Parquet",0,0,0,0,"InMemoryFileIndex(1 paths)[s3a://goes-se-sandbox/data/warehouse/tablespace/external/hive/demo_pauldefusco.db/accounts_skewed]","IsNotNull(account_id)","account_id:bigint,current_balance:double,interest_rate:double","isnotnull(account_id#3668L)","",false
1,0,421,"Parquet",0,0,0,0,"InMemoryFileIndex(1 paths)[s3a://goes-se-sandbox/data/warehouse/tablespace/external/hive/demo_pauldefusco.db/accounts_skewed]","IsNotNull(account_id)","account_id:bigint,current_balance:double,interest_rate:double","isnotnull(account_id#3801L)","",false
1,0,105,"Parquet",0,0,0,0,"InMemoryFileIndex(1 paths)[s3a://goes-se-sandbox/data/warehouse/tablespace/external/hive/demo_pauldefusco.db/branches_skewed]","IsNotNull(branch_id)","branch_id:bigint","isnotnull(branch_id#2695L)","",false
1,0,147,"Parquet",0,0,0,0,"InMemoryFileIndex(1 paths)[s3a://goes-se-sandbox/data/warehouse/tablespace/external/hive/demo_pauldefusco.db/branches_skewed]","IsNotNull(branch_id)","branch_id:bigint","isnotnull(branch_id#2228L)","",false
1,0,186,"Parquet",0,0,0,0,"InMemoryFileIndex(1 paths)[s3a://goes-se-sandbox/data/warehouse/tablespace/external/hive/demo_pauldefusco.db/branches_skewed]","IsNotNull(branch_id)","branch_id:bigint","isnotnull(branch_id#2352L)","",false
1,0,227,"Parquet",0,0,0,0,"InMemoryFileIndex(1 paths)[s3a://goes-se-sandbox/data/warehouse/tablespace/external/hive/demo_pauldefusco.db/branches_skewed]","IsNotNull(branch_id)","branch_id:bigint","isnotnull(branch_id#2967L)","",false
1,0,265,"Parquet",0,0,0,0,"InMemoryFileIndex(1 paths)[s3a://goes-se-sandbox/data/warehouse/tablespace/external/hive/demo_pauldefusco.db/branches_skewed]","IsNotNull(branch_id)","branch_id:bigint","isnotnull(branch_id#2545L)","",false
1,0,302,"Parquet",0,0,0,0,"InMemoryFileIndex(1 paths)[s3a://goes-se-sandbox/data/warehouse/tablespace/external/hive/demo_pauldefusco.db/branches_skewed]","IsNotNull(branch_id)","branch_id:bigint","isnotnull(branch_id#3282L)","",false
1,0,427,"Parquet",0,0,0,0,"InMemoryFileIndex(1 paths)[s3a://goes-se-sandbox/data/warehouse/tablespace/external/hive/demo_pauldefusco.db/branches_skewed]","IsNotNull(branch_id)","branch_id:bigint","isnotnull(branch_id#3820L)","",false
1,0,58,"Parquet",0,0,0,0,"InMemoryFileIndex(1 paths)[s3a://goes-se-sandbox/data/warehouse/tablespace/external/hive/demo_pauldefusco.db/branches_skewed]","IsNotNull(branch_id)","branch_id:bigint,region:string,branch_type:string","isnotnull(branch_id#91L)","",false
1,0,349,"Parquet",0,0,0,0,"InMemoryFileIndex(1 paths)[s3a://goes-se-sandbox/data/warehouse/tablespace/external/hive/demo_pauldefusco.db/branches_skewed]","IsNotNull(branch_id), IsNotNull(region), IsNotNull(branch_type)","branch_id:bigint,region:string,branch_type:string","isnotnull(branch_id#4015L), isnotnull(region#4018), isnotnull(branch_type#4019)","",false
1,0,390,"Parquet",0,0,0,0,"InMemoryFileIndex(1 paths)[s3a://goes-se-sandbox/data/warehouse/tablespace/external/hive/demo_pauldefusco.db/branches_skewed]","IsNotNull(branch_id), IsNotNull(region), IsNotNull(branch_type)","branch_id:bigint,region:string,branch_type:string,assets_under_management:double,annual_operating_cost:double","isnotnull(branch_id#3687L), isnotnull(region#3690), isnotnull(branch_type#3691)","",false
1,0,108,"Parquet",0,0,0,0,"InMemoryFileIndex(1 paths)[s3a://goes-se-sandbox/data/warehouse/tablespace/external/hive/demo_pauldefusco.db/calendar]","IsNotNull(calendar_date), IsNotNull(year), IsNotNull(month)","calendar_date:date,year:int,month:int","isnotnull(calendar_date#2706), isnotnull(year#2708), isnotnull(month#2710)","",false
1,0,352,"Parquet",0,0,0,0,"InMemoryFileIndex(1 paths)[s3a://goes-se-sandbox/data/warehouse/tablespace/external/hive/demo_pauldefusco.db/calendar]","IsNotNull(calendar_date), IsNotNull(year), IsNotNull(month)","calendar_date:date,year:int,month:int","isnotnull(calendar_date#4026), isnotnull(year#4028), isnotnull(month#4030)","",false
1,0,150,"Parquet",0,0,0,0,"InMemoryFileIndex(1 paths)[s3a://goes-se-sandbox/data/warehouse/tablespace/external/hive/demo_pauldefusco.db/calendar]","IsNotNull(calendar_date), IsNotNull(year), IsNotNull(month)","calendar_date:date,year:int,month:int,is_weekend:boolean","isnotnull(calendar_date#2239), isnotnull(year#2241), isnotnull(month#2243)","",false
1,0,189,"Parquet",0,0,0,0,"InMemoryFileIndex(1 paths)[s3a://goes-se-sandbox/data/warehouse/tablespace/external/hive/demo_pauldefusco.db/calendar]","IsNotNull(calendar_date), IsNotNull(year), IsNotNull(month)","calendar_date:date,year:int,month:int,is_weekend:boolean","isnotnull(calendar_date#2363), isnotnull(year#2365), isnotnull(month#2367)","",false
1,0,305,"Parquet",0,0,0,0,"InMemoryFileIndex(1 paths)[s3a://goes-se-sandbox/data/warehouse/tablespace/external/hive/demo_pauldefusco.db/calendar]","IsNotNull(calendar_date), IsNotNull(year), IsNotNull(month)","calendar_date:date,year:int,month:int,is_weekend:boolean","isnotnull(calendar_date#3293), isnotnull(year#3295), isnotnull(month#3297)","",false
1,0,393,"Parquet",0,0,0,0,"InMemoryFileIndex(1 paths)[s3a://goes-se-sandbox/data/warehouse/tablespace/external/hive/demo_pauldefusco.db/calendar]","IsNotNull(calendar_date), IsNotNull(year), IsNotNull(month)","calendar_date:date,year:int,month:int,is_weekend:boolean","isnotnull(calendar_date#3698), isnotnull(year#3700), isnotnull(month#3702)","",false
1,0,430,"Parquet",0,0,0,0,"InMemoryFileIndex(1 paths)[s3a://goes-se-sandbox/data/warehouse/tablespace/external/hive/demo_pauldefusco.db/calendar]","IsNotNull(calendar_date), IsNotNull(year), IsNotNull(month)","calendar_date:date,year:int,month:int,is_weekend:boolean","isnotnull(calendar_date#3831), isnotnull(year#3833), isnotnull(month#3835)","",false
1,0,230,"Parquet",0,0,0,0,"InMemoryFileIndex(1 paths)[s3a://goes-se-sandbox/data/warehouse/tablespace/external/hive/demo_pauldefusco.db/calendar]","IsNotNull(calendar_date), IsNotNull(year), IsNotNull(quarter)","calendar_date:date,year:int,quarter:int","isnotnull(calendar_date#2978), isnotnull(year#2980), isnotnull(quarter#2981)","",false
1,0,268,"Parquet",0,0,0,0,"InMemoryFileIndex(1 paths)[s3a://goes-se-sandbox/data/warehouse/tablespace/external/hive/demo_pauldefusco.db/calendar]","IsNotNull(calendar_date), IsNotNull(year), IsNotNull(quarter)","calendar_date:date,year:int,quarter:int,is_weekend:boolean","isnotnull(calendar_date#2556), isnotnull(year#2558), isnotnull(quarter#2559)","",false
1,0,61,"Parquet",0,0,0,0,"InMemoryFileIndex(1 paths)[s3a://goes-se-sandbox/data/warehouse/tablespace/external/hive/demo_pauldefusco.db/calendar]","IsNotNull(calendar_date)","calendar_date:date,year:int,quarter:int,month:int,is_weekend:boolean","isnotnull(calendar_date#113)","",false
1,0,217,"Parquet",0,0,0,0,"InMemoryFileIndex(1 paths)[s3a://goes-se-sandbox/data/warehouse/tablespace/external/hive/demo_pauldefusco.db/customers_skewed]","IsNotNull(customer_id)","customer_id:bigint","isnotnull(customer_id#2937L)","",false
1,0,176,"Parquet",0,0,0,0,"InMemoryFileIndex(1 paths)[s3a://goes-se-sandbox/data/warehouse/tablespace/external/hive/demo_pauldefusco.db/customers_skewed]","IsNotNull(customer_id)","customer_id:bigint,credit_score:int","isnotnull(customer_id#2322L)","",false
1,0,255,"Parquet",0,0,0,0,"InMemoryFileIndex(1 paths)[s3a://goes-se-sandbox/data/warehouse/tablespace/external/hive/demo_pauldefusco.db/customers_skewed]","IsNotNull(customer_id)","customer_id:bigint,credit_score:int","isnotnull(customer_id#2515L)","",false
1,0,292,"Parquet",0,0,0,0,"InMemoryFileIndex(1 paths)[s3a://goes-se-sandbox/data/warehouse/tablespace/external/hive/demo_pauldefusco.db/customers_skewed]","IsNotNull(customer_id)","customer_id:bigint,credit_score:int","isnotnull(customer_id#3252L)","",false
1,0,417,"Parquet",0,0,0,0,"InMemoryFileIndex(1 paths)[s3a://goes-se-sandbox/data/warehouse/tablespace/external/hive/demo_pauldefusco.db/customers_skewed]","IsNotNull(customer_id)","customer_id:bigint,credit_score:int","isnotnull(customer_id#3790L)","",false
1,0,380,"Parquet",0,0,0,0,"InMemoryFileIndex(1 paths)[s3a://goes-se-sandbox/data/warehouse/tablespace/external/hive/demo_pauldefusco.db/customers_skewed]","IsNotNull(customer_id), IsNotNull(customer_segment), IsNotNull(income_band)","customer_id:bigint,credit_score:int,income_band:string,customer_segment:string","isnotnull(customer_id#3657L), isnotnull(customer_segment#3664), isnotnull(income_band#3662)","",false
1,0,137,"Parquet",0,0,0,0,"InMemoryFileIndex(1 paths)[s3a://goes-se-sandbox/data/warehouse/tablespace/external/hive/demo_pauldefusco.db/customers_skewed]","IsNotNull(customer_id), IsNotNull(customer_segment), IsNotNull(income_band), IsNotNull(risk_rating)","customer_id:bigint,credit_score:int,income_band:string,customer_segment:string,risk_rating:string","isnotnull(customer_id#2198L), isnotnull(customer_segment#2205), isnotnull(income_band#2203), isnotnull(risk_rating#2207)","",false
1,0,48,"Parquet",0,0,0,0,"InMemoryFileIndex(1 paths)[s3a://goes-se-sandbox/data/warehouse/tablespace/external/hive/demo_pauldefusco.db/customers_skewed]","IsNotNull(customer_id)","customer_id:bigint,credit_score:int,income_band:string,estimated_income:double,customer_segment:string,risk_rating:string","isnotnull(customer_id#31L)","",false
1,0,339,"Parquet",0,0,0,0,"InMemoryFileIndex(1 paths)[s3a://goes-se-sandbox/data/warehouse/tablespace/external/hive/demo_pauldefusco.db/customers_skewed]","IsNotNull(customer_id), IsNotNull(customer_segment), IsNotNull(income_band)","customer_id:bigint,income_band:string,customer_segment:string","isnotnull(customer_id#3985L), isnotnull(customer_segment#3992), isnotnull(income_band#3990)","",false
1,0,95,"Parquet",0,0,0,0,"InMemoryFileIndex(1 paths)[s3a://goes-se-sandbox/data/warehouse/tablespace/external/hive/demo_pauldefusco.db/customers_skewed]","IsNotNull(customer_id), IsNotNull(customer_segment), IsNotNull(income_band), IsNotNull(risk_rating)","customer_id:bigint,income_band:string,customer_segment:string,risk_rating:string","isnotnull(customer_id#2665L), isnotnull(customer_segment#2672), isnotnull(income_band#2670), isnotnull(risk_rating#2674)","",false
1,0,102,"Parquet",0,0,0,0,"InMemoryFileIndex(1 paths)[s3a://goes-se-sandbox/data/warehouse/tablespace/external/hive/demo_pauldefusco.db/merchants_skewed]","IsNotNull(merchant_id)","merchant_id:bigint","isnotnull(merchant_id#2685L)","",false
1,0,346,"Parquet",0,0,0,0,"InMemoryFileIndex(1 paths)[s3a://goes-se-sandbox/data/warehouse/tablespace/external/hive/demo_pauldefusco.db/merchants_skewed]","IsNotNull(merchant_id), IsNotNull(region)","merchant_id:bigint,region:string","isnotnull(merchant_id#4005L), isnotnull(region#4007)","",false
1,0,424,"Parquet",0,0,0,0,"InMemoryFileIndex(1 paths)[s3a://goes-se-sandbox/data/warehouse/tablespace/external/hive/demo_pauldefusco.db/merchants_skewed]","IsNotNull(merchant_id), IsNotNull(region)","merchant_id:bigint,region:string,risk_level:string","isnotnull(merchant_id#3810L), isnotnull(region#3812)","",false
1,0,262,"Parquet",0,0,0,0,"InMemoryFileIndex(1 paths)[s3a://goes-se-sandbox/data/warehouse/tablespace/external/hive/demo_pauldefusco.db/merchants_skewed]","IsNotNull(merchant_id), IsNotNull(region), IsNotNull(risk_level), IsNotNull(merchant_size)","merchant_id:bigint,region:string,risk_level:string,annual_revenue:double,merchant_size:string","isnotnull(merchant_id#2535L), isnotnull(region#2537), isnotnull(risk_level#2540), isnotnull(merchant_size#2542)","",false
1,0,55,"Parquet",0,0,0,0,"InMemoryFileIndex(1 paths)[s3a://goes-se-sandbox/data/warehouse/tablespace/external/hive/demo_pauldefusco.db/merchants_skewed]","IsNotNull(merchant_id)","merchant_id:bigint,region:string,risk_level:string,merchant_size:string","isnotnull(merchant_id#71L)","",false
1,0,224,"Parquet",0,0,0,0,"InMemoryFileIndex(1 paths)[s3a://goes-se-sandbox/data/warehouse/tablespace/external/hive/demo_pauldefusco.db/merchants_skewed]","IsNotNull(merchant_id), IsNotNull(region)","merchant_id:bigint,region:string,risk_level:string,merchant_size:string","isnotnull(merchant_id#2957L), isnotnull(region#2959)","",false
1,0,144,"Parquet",0,0,0,0,"InMemoryFileIndex(1 paths)[s3a://goes-se-sandbox/data/warehouse/tablespace/external/hive/demo_pauldefusco.db/merchants_skewed]","IsNotNull(merchant_id)","merchant_id:bigint,risk_level:string","isnotnull(merchant_id#2218L)","",false
1,0,183,"Parquet",0,0,0,0,"InMemoryFileIndex(1 paths)[s3a://goes-se-sandbox/data/warehouse/tablespace/external/hive/demo_pauldefusco.db/merchants_skewed]","IsNotNull(merchant_id)","merchant_id:bigint,risk_level:string","isnotnull(merchant_id#2342L)","",false
1,0,299,"Parquet",0,0,0,0,"InMemoryFileIndex(1 paths)[s3a://goes-se-sandbox/data/warehouse/tablespace/external/hive/demo_pauldefusco.db/merchants_skewed]","IsNotNull(merchant_id)","merchant_id:bigint,risk_level:string","isnotnull(merchant_id#3272L)","",false
1,0,387,"Parquet",0,0,0,0,"InMemoryFileIndex(1 paths)[s3a://goes-se-sandbox/data/warehouse/tablespace/external/hive/demo_pauldefusco.db/merchants_skewed]","IsNotNull(merchant_id)","merchant_id:bigint,risk_level:string","isnotnull(merchant_id#3677L)","",false
1,0,91,"Parquet",0,0,0,0,"InMemoryFileIndex(1 paths)[s3a://goes-se-sandbox/data/warehouse/tablespace/external/hive/demo_pauldefusco.db/trs_v26]","IsNotNull(transaction_id), LessThan(transaction_id,12500000000), IsNotNull(customer_id), IsNotNull(account_id)","transaction_id:bigint,customer_id:bigint,account_id:bigint,merchant_id:bigint,branch_id:bigint,transaction_date:date","isnotnull(transaction_id#2650L), (transaction_id#2650L < 12500000000), isnotnull(customer_id#2651L), isnotnull(account_id#2652L)","",false
1,0,214,"Parquet",0,0,0,0,"InMemoryFileIndex(1 paths)[s3a://goes-se-sandbox/data/warehouse/tablespace/external/hive/demo_pauldefusco.db/trs_v26]","IsNotNull(transaction_id), LessThan(transaction_id,12500000000), IsNotNull(customer_id), IsNotNull(merchant_id), IsNotNull(merchant_category)","transaction_id:bigint,customer_id:bigint,account_id:bigint,merchant_id:bigint,branch_id:bigint,transaction_date:date,merchant_category:string","isnotnull(transaction_id#2922L), (transaction_id#2922L < 12500000000), isnotnull(customer_id#2923L), isnotnull(merchant_id#2925L), isnotnull(merchant_category#2929)","",false
1,0,335,"Parquet",0,0,0,0,"InMemoryFileIndex(1 paths)[s3a://goes-se-sandbox/data/warehouse/tablespace/external/hive/demo_pauldefusco.db/trs_v26]","IsNotNull(transaction_id), LessThan(transaction_id,12500000000), IsNotNull(merchant_category)","transaction_id:bigint,customer_id:bigint,account_id:bigint,merchant_id:bigint,branch_id:bigint,transaction_date:date,merchant_category:string","isnotnull(transaction_id#3970L), (transaction_id#3970L < 12500000000), isnotnull(merchant_category#3977)","",false
1,0,252,"Parquet",0,0,0,0,"InMemoryFileIndex(1 paths)[s3a://goes-se-sandbox/data/warehouse/tablespace/external/hive/demo_pauldefusco.db/trs_v26]","IsNotNull(transaction_id), LessThan(transaction_id,12500000000), IsNotNull(merchant_id), IsNotNull(merchant_category)","transaction_id:bigint,customer_id:bigint,account_id:bigint,merchant_id:bigint,branch_id:bigint,transaction_date:date,merchant_category:string,transaction_amount:double,fraud_flag:int","isnotnull(transaction_id#2500L), (transaction_id#2500L < 12500000000), isnotnull(merchant_id#2503L), isnotnull(merchant_category#2507)","",false
1,0,414,"Parquet",0,0,0,0,"InMemoryFileIndex(1 paths)[s3a://goes-se-sandbox/data/warehouse/tablespace/external/hive/demo_pauldefusco.db/trs_v26]","IsNotNull(transaction_id), IsNotNull(fraud_flag), LessThan(transaction_id,12500000000), EqualTo(fraud_flag,1), IsNotNull(merchant_category)","transaction_id:bigint,customer_id:bigint,account_id:bigint,merchant_id:bigint,branch_id:bigint,transaction_date:date,merchant_category:string,transaction_amount:double,fraud_flag:int","isnotnull(transaction_id#3775L), isnotnull(fraud_flag#3787), (transaction_id#3775L < 12500000000), (fraud_flag#3787 = 1), isnotnull(merchant_category#3782)","",false
1,0,44,"Parquet",0,0,0,0,"InMemoryFileIndex(1 paths)[s3a://goes-se-sandbox/data/warehouse/tablespace/external/hive/demo_pauldefusco.db/trs_v26]","IsNotNull(transaction_id), LessThan(transaction_id,12500000000)","transaction_id:bigint,customer_id:bigint,account_id:bigint,merchant_id:bigint,branch_id:bigint,transaction_date:date,merchant_category:string,transaction_amount:double,payment_channel:string,payment_type:string,device_type:string,fraud_flag:int","isnotnull(transaction_id#0L), (transaction_id#0L < 12500000000)","",false
1,0,133,"Parquet",0,0,0,0,"InMemoryFileIndex(1 paths)[s3a://goes-se-sandbox/data/warehouse/tablespace/external/hive/demo_pauldefusco.db/trs_v26]","IsNotNull(transaction_id), LessThan(transaction_id,12500000000), IsNotNull(customer_id)","transaction_id:bigint,customer_id:bigint,account_id:bigint,merchant_id:bigint,branch_id:bigint,transaction_date:date,transaction_amount:double,fraud_flag:int","isnotnull(transaction_id#2183L), (transaction_id#2183L < 12500000000), isnotnull(customer_id#2184L)","",false
1,0,173,"Parquet",0,0,0,0,"InMemoryFileIndex(1 paths)[s3a://goes-se-sandbox/data/warehouse/tablespace/external/hive/demo_pauldefusco.db/trs_v26]","IsNotNull(transaction_id), LessThan(transaction_id,12500000000), IsNotNull(account_id)","transaction_id:bigint,customer_id:bigint,account_id:bigint,merchant_id:bigint,branch_id:bigint,transaction_date:date,transaction_amount:double,fraud_flag:int","isnotnull(transaction_id#2307L), (transaction_id#2307L < 12500000000), isnotnull(account_id#2309L)","",false
1,0,376,"Parquet",0,0,0,0,"InMemoryFileIndex(1 paths)[s3a://goes-se-sandbox/data/warehouse/tablespace/external/hive/demo_pauldefusco.db/trs_v26]","IsNotNull(transaction_id), LessThan(transaction_id,12500000000)","transaction_id:bigint,customer_id:bigint,account_id:bigint,merchant_id:bigint,branch_id:bigint,transaction_date:date,transaction_amount:double,fraud_flag:int","isnotnull(transaction_id#3642L), (transaction_id#3642L < 12500000000)","",false
1,0,289,"Parquet",0,0,0,0,"InMemoryFileIndex(1 paths)[s3a://goes-se-sandbox/data/warehouse/tablespace/external/hive/demo_pauldefusco.db/trs_v26]","IsNotNull(transaction_id), LessThan(transaction_id,12500000000), IsNotNull(payment_channel), IsNotNull(payment_type), IsNotNull(device_type)","transaction_id:bigint,customer_id:bigint,account_id:bigint,merchant_id:bigint,branch_id:bigint,transaction_date:date,transaction_amount:double,payment_channel:string,payment_type:string,device_type:string,fraud_flag:int","isnotnull(transaction_id#3237L), (transaction_id#3237L < 12500000000), isnotnull(payment_channel#3246), isnotnull(payment_type#3247), isnotnull(device_type#3248)","",false
1,1,251,"Parquet",0,0,0,0,"InMemoryFileIndex(1 paths)[s3a://goes-se-sandbox/data/warehouse/tablespace/external/hive/demo_pauldefusco.db/accounts_skewed]","IsNotNull(account_id)","account_id:bigint","isnotnull(account_id#2948L)","",false
1,1,117,"Parquet",0,0,0,0,"InMemoryFileIndex(1 paths)[s3a://goes-se-sandbox/data/warehouse/tablespace/external/hive/demo_pauldefusco.db/accounts_skewed]","IsNotNull(account_id), IsNotNull(account_type)","account_id:bigint,account_type:string,account_status:string","isnotnull(account_id#2676L), isnotnull(account_type#2677)","",false
1,1,58,"Parquet",0,0,0,0,"InMemoryFileIndex(1 paths)[s3a://goes-se-sandbox/data/warehouse/tablespace/external/hive/demo_pauldefusco.db/accounts_skewed]","IsNotNull(account_id)","account_id:bigint,account_type:string,account_status:string,current_balance:double,credit_limit:double,interest_rate:double","isnotnull(account_id#52L)","",false
1,1,215,"Parquet",0,0,0,0,"InMemoryFileIndex(1 paths)[s3a://goes-se-sandbox/data/warehouse/tablespace/external/hive/demo_pauldefusco.db/accounts_skewed]","IsNotNull(account_id), IsNotNull(account_type), IsNotNull(account_status)","account_id:bigint,account_type:string,account_status:string,current_balance:double,credit_limit:double,interest_rate:double","isnotnull(account_id#2333L), isnotnull(account_type#2334), isnotnull(account_status#2336)","",false
1,1,171,"Parquet",0,0,0,0,"InMemoryFileIndex(1 paths)[s3a://goes-se-sandbox/data/warehouse/tablespace/external/hive/demo_pauldefusco.db/accounts_skewed]","IsNotNull(account_id)","account_id:bigint,current_balance:double,interest_rate:double","isnotnull(account_id#2209L)","",false
1,1,127,"Parquet",0,0,0,0,"InMemoryFileIndex(1 paths)[s3a://goes-se-sandbox/data/warehouse/tablespace/external/hive/demo_pauldefusco.db/branches_skewed]","IsNotNull(branch_id)","branch_id:bigint","isnotnull(branch_id#2695L)","",false
1,1,68,"Parquet",0,0,0,0,"InMemoryFileIndex(1 paths)[s3a://goes-se-sandbox/data/warehouse/tablespace/external/hive/demo_pauldefusco.db/branches_skewed]","IsNotNull(branch_id)","branch_id:bigint,region:string,branch_type:string","isnotnull(branch_id#91L)","",false
1,1,365,"Parquet",0,0,0,0,"InMemoryFileIndex(1 paths)[s3a://goes-se-sandbox/data/warehouse/tablespace/external/hive/demo_pauldefusco.db/branches_skewed]","IsNotNull(branch_id), IsNotNull(region), IsNotNull(branch_type)","branch_id:bigint,region:string,branch_type:string","isnotnull(branch_id#4015L), isnotnull(region#4018), isnotnull(branch_type#4019)","",false
1,1,403,"Parquet",0,0,0,0,"InMemoryFileIndex(1 paths)[s3a://goes-se-sandbox/data/warehouse/tablespace/external/hive/demo_pauldefusco.db/branches_skewed]","IsNotNull(branch_id), IsNotNull(region), IsNotNull(branch_type)","branch_id:bigint,region:string,branch_type:string,assets_under_management:double,annual_operating_cost:double","isnotnull(branch_id#3687L), isnotnull(region#3690), isnotnull(branch_type#3691)","",false
1,1,132,"Parquet",0,0,0,0,"InMemoryFileIndex(1 paths)[s3a://goes-se-sandbox/data/warehouse/tablespace/external/hive/demo_pauldefusco.db/calendar]","IsNotNull(calendar_date), IsNotNull(year), IsNotNull(month)","calendar_date:date,year:int,month:int","isnotnull(calendar_date#2706), isnotnull(year#2708), isnotnull(month#2710)","",false
1,1,181,"Parquet",0,0,0,0,"InMemoryFileIndex(1 paths)[s3a://goes-se-sandbox/data/warehouse/tablespace/external/hive/demo_pauldefusco.db/calendar]","IsNotNull(calendar_date), IsNotNull(year), IsNotNull(month)","calendar_date:date,year:int,month:int,is_weekend:boolean","isnotnull(calendar_date#2239), isnotnull(year#2241), isnotnull(month#2243)","",false
1,1,261,"Parquet",0,0,0,0,"InMemoryFileIndex(1 paths)[s3a://goes-se-sandbox/data/warehouse/tablespace/external/hive/demo_pauldefusco.db/calendar]","IsNotNull(calendar_date), IsNotNull(year), IsNotNull(quarter)","calendar_date:date,year:int,quarter:int","isnotnull(calendar_date#2978), isnotnull(year#2980), isnotnull(quarter#2981)","",false
1,1,294,"Parquet",0,0,0,0,"InMemoryFileIndex(1 paths)[s3a://goes-se-sandbox/data/warehouse/tablespace/external/hive/demo_pauldefusco.db/calendar]","IsNotNull(calendar_date), IsNotNull(year), IsNotNull(quarter)","calendar_date:date,year:int,quarter:int,is_weekend:boolean","isnotnull(calendar_date#2556), isnotnull(year#2558), isnotnull(quarter#2559)","",false
1,1,73,"Parquet",0,0,0,0,"InMemoryFileIndex(1 paths)[s3a://goes-se-sandbox/data/warehouse/tablespace/external/hive/demo_pauldefusco.db/calendar]","IsNotNull(calendar_date)","calendar_date:date,year:int,quarter:int,month:int,is_weekend:boolean","isnotnull(calendar_date#113)","",false
1,1,245,"Parquet",0,0,0,0,"InMemoryFileIndex(1 paths)[s3a://goes-se-sandbox/data/warehouse/tablespace/external/hive/demo_pauldefusco.db/customers_skewed]","IsNotNull(customer_id)","customer_id:bigint","isnotnull(customer_id#2937L)","",false
1,1,209,"Parquet",0,0,0,0,"InMemoryFileIndex(1 paths)[s3a://goes-se-sandbox/data/warehouse/tablespace/external/hive/demo_pauldefusco.db/customers_skewed]","IsNotNull(customer_id)","customer_id:bigint,credit_score:int","isnotnull(customer_id#2322L)","",false
1,1,397,"Parquet",0,0,0,0,"InMemoryFileIndex(1 paths)[s3a://goes-se-sandbox/data/warehouse/tablespace/external/hive/demo_pauldefusco.db/customers_skewed]","IsNotNull(customer_id), IsNotNull(customer_segment), IsNotNull(income_band)","customer_id:bigint,credit_score:int,income_band:string,customer_segment:string","isnotnull(customer_id#3657L), isnotnull(customer_segment#3664), isnotnull(income_band#3662)","",false
1,1,165,"Parquet",0,0,0,0,"InMemoryFileIndex(1 paths)[s3a://goes-se-sandbox/data/warehouse/tablespace/external/hive/demo_pauldefusco.db/customers_skewed]","IsNotNull(customer_id), IsNotNull(customer_segment), IsNotNull(income_band), IsNotNull(risk_rating)","customer_id:bigint,credit_score:int,income_band:string,customer_segment:string,risk_rating:string","isnotnull(customer_id#2198L), isnotnull(customer_segment#2205), isnotnull(income_band#2203), isnotnull(risk_rating#2207)","",false
1,1,52,"Parquet",0,0,0,0,"InMemoryFileIndex(1 paths)[s3a://goes-se-sandbox/data/warehouse/tablespace/external/hive/demo_pauldefusco.db/customers_skewed]","IsNotNull(customer_id)","customer_id:bigint,credit_score:int,income_band:string,estimated_income:double,customer_segment:string,risk_rating:string","isnotnull(customer_id#31L)","",false
1,1,354,"Parquet",0,0,0,0,"InMemoryFileIndex(1 paths)[s3a://goes-se-sandbox/data/warehouse/tablespace/external/hive/demo_pauldefusco.db/customers_skewed]","IsNotNull(customer_id), IsNotNull(customer_segment), IsNotNull(income_band)","customer_id:bigint,income_band:string,customer_segment:string","isnotnull(customer_id#3985L), isnotnull(customer_segment#3992), isnotnull(income_band#3990)","",false
1,1,111,"Parquet",0,0,0,0,"InMemoryFileIndex(1 paths)[s3a://goes-se-sandbox/data/warehouse/tablespace/external/hive/demo_pauldefusco.db/customers_skewed]","IsNotNull(customer_id), IsNotNull(customer_segment), IsNotNull(income_band), IsNotNull(risk_rating)","customer_id:bigint,income_band:string,customer_segment:string,risk_rating:string","isnotnull(customer_id#2665L), isnotnull(customer_segment#2672), isnotnull(income_band#2670), isnotnull(risk_rating#2674)","",false
1,1,122,"Parquet",0,0,0,0,"InMemoryFileIndex(1 paths)[s3a://goes-se-sandbox/data/warehouse/tablespace/external/hive/demo_pauldefusco.db/merchants_skewed]","IsNotNull(merchant_id)","merchant_id:bigint","isnotnull(merchant_id#2685L)","",false
1,1,360,"Parquet",0,0,0,0,"InMemoryFileIndex(1 paths)[s3a://goes-se-sandbox/data/warehouse/tablespace/external/hive/demo_pauldefusco.db/merchants_skewed]","IsNotNull(merchant_id), IsNotNull(region)","merchant_id:bigint,region:string","isnotnull(merchant_id#4005L), isnotnull(region#4007)","",false
1,1,430,"Parquet",0,0,0,0,"InMemoryFileIndex(1 paths)[s3a://goes-se-sandbox/data/warehouse/tablespace/external/hive/demo_pauldefusco.db/merchants_skewed]","IsNotNull(merchant_id), IsNotNull(region)","merchant_id:bigint,region:string,risk_level:string","isnotnull(merchant_id#3810L), isnotnull(region#3812)","",false
1,1,289,"Parquet",0,0,0,0,"InMemoryFileIndex(1 paths)[s3a://goes-se-sandbox/data/warehouse/tablespace/external/hive/demo_pauldefusco.db/merchants_skewed]","IsNotNull(merchant_id), IsNotNull(region), IsNotNull(risk_level), IsNotNull(merchant_size)","merchant_id:bigint,region:string,risk_level:string,annual_revenue:double,merchant_size:string","isnotnull(merchant_id#2535L), isnotnull(region#2537), isnotnull(risk_level#2540), isnotnull(merchant_size#2542)","",false
1,1,63,"Parquet",0,0,0,0,"InMemoryFileIndex(1 paths)[s3a://goes-se-sandbox/data/warehouse/tablespace/external/hive/demo_pauldefusco.db/merchants_skewed]","IsNotNull(merchant_id)","merchant_id:bigint,region:string,risk_level:string,merchant_size:string","isnotnull(merchant_id#71L)","",false
1,1,256,"Parquet",0,0,0,0,"InMemoryFileIndex(1 paths)[s3a://goes-se-sandbox/data/warehouse/tablespace/external/hive/demo_pauldefusco.db/merchants_skewed]","IsNotNull(merchant_id), IsNotNull(region)","merchant_id:bigint,region:string,risk_level:string,merchant_size:string","isnotnull(merchant_id#2957L), isnotnull(region#2959)","",false
1,1,176,"Parquet",0,0,0,0,"InMemoryFileIndex(1 paths)[s3a://goes-se-sandbox/data/warehouse/tablespace/external/hive/demo_pauldefusco.db/merchants_skewed]","IsNotNull(merchant_id)","merchant_id:bigint,risk_level:string","isnotnull(merchant_id#2218L)","",false
1,1,105,"Parquet",0,0,0,0,"InMemoryFileIndex(1 paths)[s3a://goes-se-sandbox/data/warehouse/tablespace/external/hive/demo_pauldefusco.db/trs_v26]","IsNotNull(transaction_id), LessThan(transaction_id,12500000000), IsNotNull(customer_id), IsNotNull(account_id)","transaction_id:bigint,customer_id:bigint,account_id:bigint,merchant_id:bigint,branch_id:bigint,transaction_date:date","isnotnull(transaction_id#2650L), (transaction_id#2650L < 12500000000), isnotnull(customer_id#2651L), isnotnull(account_id#2652L)","",false
1,1,240,"Parquet",0,0,0,0,"InMemoryFileIndex(1 paths)[s3a://goes-se-sandbox/data/warehouse/tablespace/external/hive/demo_pauldefusco.db/trs_v26]","IsNotNull(transaction_id), LessThan(transaction_id,12500000000), IsNotNull(customer_id), IsNotNull(merchant_id), IsNotNull(merchant_category)","transaction_id:bigint,customer_id:bigint,account_id:bigint,merchant_id:bigint,branch_id:bigint,transaction_date:date,merchant_category:string","isnotnull(transaction_id#2922L), (transaction_id#2922L < 12500000000), isnotnull(customer_id#2923L), isnotnull(merchant_id#2925L), isnotnull(merchant_category#2929)","",false
1,1,348,"Parquet",0,0,0,0,"InMemoryFileIndex(1 paths)[s3a://goes-se-sandbox/data/warehouse/tablespace/external/hive/demo_pauldefusco.db/trs_v26]","IsNotNull(transaction_id), LessThan(transaction_id,12500000000), IsNotNull(merchant_category)","transaction_id:bigint,customer_id:bigint,account_id:bigint,merchant_id:bigint,branch_id:bigint,transaction_date:date,merchant_category:string","isnotnull(transaction_id#3970L), (transaction_id#3970L < 12500000000), isnotnull(merchant_category#3977)","",false
1,1,283,"Parquet",0,0,0,0,"InMemoryFileIndex(1 paths)[s3a://goes-se-sandbox/data/warehouse/tablespace/external/hive/demo_pauldefusco.db/trs_v26]","IsNotNull(transaction_id), LessThan(transaction_id,12500000000), IsNotNull(merchant_id), IsNotNull(merchant_category)","transaction_id:bigint,customer_id:bigint,account_id:bigint,merchant_id:bigint,branch_id:bigint,transaction_date:date,merchant_category:string,transaction_amount:double,fraud_flag:int","isnotnull(transaction_id#2500L), (transaction_id#2500L < 12500000000), isnotnull(merchant_id#2503L), isnotnull(merchant_category#2507)","",false
1,1,424,"Parquet",0,0,0,0,"InMemoryFileIndex(1 paths)[s3a://goes-se-sandbox/data/warehouse/tablespace/external/hive/demo_pauldefusco.db/trs_v26]","IsNotNull(transaction_id), IsNotNull(fraud_flag), LessThan(transaction_id,12500000000), EqualTo(fraud_flag,1), IsNotNull(merchant_category)","transaction_id:bigint,customer_id:bigint,account_id:bigint,merchant_id:bigint,branch_id:bigint,transaction_date:date,merchant_category:string,transaction_amount:double,fraud_flag:int","isnotnull(transaction_id#3775L), isnotnull(fraud_flag#3787), (transaction_id#3775L < 12500000000), (fraud_flag#3787 = 1), isnotnull(merchant_category#3782)","",false
1,1,46,"Parquet",0,0,0,0,"InMemoryFileIndex(1 paths)[s3a://goes-se-sandbox/data/warehouse/tablespace/external/hive/demo_pauldefusco.db/trs_v26]","IsNotNull(transaction_id), LessThan(transaction_id,12500000000)","transaction_id:bigint,customer_id:bigint,account_id:bigint,merchant_id:bigint,branch_id:bigint,transaction_date:date,merchant_category:string,transaction_amount:double,payment_channel:string,payment_type:string,device_type:string,fraud_flag:int","isnotnull(transaction_id#0L), (transaction_id#0L < 12500000000)","",false
1,1,159,"Parquet",0,0,0,0,"InMemoryFileIndex(1 paths)[s3a://goes-se-sandbox/data/warehouse/tablespace/external/hive/demo_pauldefusco.db/trs_v26]","IsNotNull(transaction_id), LessThan(transaction_id,12500000000), IsNotNull(customer_id)","transaction_id:bigint,customer_id:bigint,account_id:bigint,merchant_id:bigint,branch_id:bigint,transaction_date:date,transaction_amount:double,fraud_flag:int","isnotnull(transaction_id#2183L), (transaction_id#2183L < 12500000000), isnotnull(customer_id#2184L)","",false
1,1,204,"Parquet",0,0,0,0,"InMemoryFileIndex(1 paths)[s3a://goes-se-sandbox/data/warehouse/tablespace/external/hive/demo_pauldefusco.db/trs_v26]","IsNotNull(transaction_id), LessThan(transaction_id,12500000000), IsNotNull(account_id)","transaction_id:bigint,customer_id:bigint,account_id:bigint,merchant_id:bigint,branch_id:bigint,transaction_date:date,transaction_amount:double,fraud_flag:int","isnotnull(transaction_id#2307L), (transaction_id#2307L < 12500000000), isnotnull(account_id#2309L)","",false
1,1,391,"Parquet",0,0,0,0,"InMemoryFileIndex(1 paths)[s3a://goes-se-sandbox/data/warehouse/tablespace/external/hive/demo_pauldefusco.db/trs_v26]","IsNotNull(transaction_id), LessThan(transaction_id,12500000000)","transaction_id:bigint,customer_id:bigint,account_id:bigint,merchant_id:bigint,branch_id:bigint,transaction_date:date,transaction_amount:double,fraud_flag:int","isnotnull(transaction_id#3642L), (transaction_id#3642L < 12500000000)","",false
1,1,315,"Parquet",0,0,0,0,"InMemoryFileIndex(1 paths)[s3a://goes-se-sandbox/data/warehouse/tablespace/external/hive/demo_pauldefusco.db/trs_v26]","IsNotNull(transaction_id), LessThan(transaction_id,12500000000), IsNotNull(payment_channel), IsNotNull(payment_type), IsNotNull(device_type)","transaction_id:bigint,customer_id:bigint,account_id:bigint,merchant_id:bigint,branch_id:bigint,transaction_date:date,transaction_amount:double,payment_channel:string,payment_type:string,device_type:string,fraud_flag:int","isnotnull(transaction_id#3237L), (transaction_id#3237L < 12500000000), isnotnull(payment_channel#3246), isnotnull(payment_type#3247), isnotnull(device_type#3248)","",false
1,2,254,"Parquet",0,0,0,0,"InMemoryFileIndex(1 paths)[s3a://goes-se-sandbox/data/warehouse/tablespace/external/hive/demo_pauldefusco.db/accounts_skewed]","IsNotNull(account_id)","account_id:bigint","isnotnull(account_id#2948L)","",false
1,2,120,"Parquet",0,0,0,0,"InMemoryFileIndex(1 paths)[s3a://goes-se-sandbox/data/warehouse/tablespace/external/hive/demo_pauldefusco.db/accounts_skewed]","IsNotNull(account_id), IsNotNull(account_type)","account_id:bigint,account_type:string,account_status:string","isnotnull(account_id#2676L), isnotnull(account_type#2677)","",false
1,2,61,"Parquet",0,0,0,0,"InMemoryFileIndex(1 paths)[s3a://goes-se-sandbox/data/warehouse/tablespace/external/hive/demo_pauldefusco.db/accounts_skewed]","IsNotNull(account_id)","account_id:bigint,account_type:string,account_status:string,current_balance:double,credit_limit:double,interest_rate:double","isnotnull(account_id#52L)","",false
1,2,218,"Parquet",0,0,0,0,"InMemoryFileIndex(1 paths)[s3a://goes-se-sandbox/data/warehouse/tablespace/external/hive/demo_pauldefusco.db/accounts_skewed]","IsNotNull(account_id), IsNotNull(account_type), IsNotNull(account_status)","account_id:bigint,account_type:string,account_status:string,current_balance:double,credit_limit:double,interest_rate:double","isnotnull(account_id#2333L), isnotnull(account_type#2334), isnotnull(account_status#2336)","",false
1,2,174,"Parquet",0,0,0,0,"InMemoryFileIndex(1 paths)[s3a://goes-se-sandbox/data/warehouse/tablespace/external/hive/demo_pauldefusco.db/accounts_skewed]","IsNotNull(account_id)","account_id:bigint,current_balance:double,interest_rate:double","isnotnull(account_id#2209L)","",false
1,2,130,"Parquet",0,0,0,0,"InMemoryFileIndex(1 paths)[s3a://goes-se-sandbox/data/warehouse/tablespace/external/hive/demo_pauldefusco.db/branches_skewed]","IsNotNull(branch_id)","branch_id:bigint","isnotnull(branch_id#2695L)","",false
1,2,71,"Parquet",0,0,0,0,"InMemoryFileIndex(1 paths)[s3a://goes-se-sandbox/data/warehouse/tablespace/external/hive/demo_pauldefusco.db/branches_skewed]","IsNotNull(branch_id)","branch_id:bigint,region:string,branch_type:string","isnotnull(branch_id#91L)","",false
1,2,368,"Parquet",0,0,0,0,"InMemoryFileIndex(1 paths)[s3a://goes-se-sandbox/data/warehouse/tablespace/external/hive/demo_pauldefusco.db/branches_skewed]","IsNotNull(branch_id), IsNotNull(region), IsNotNull(branch_type)","branch_id:bigint,region:string,branch_type:string","isnotnull(branch_id#4015L), isnotnull(region#4018), isnotnull(branch_type#4019)","",false
1,2,406,"Parquet",0,0,0,0,"InMemoryFileIndex(1 paths)[s3a://goes-se-sandbox/data/warehouse/tablespace/external/hive/demo_pauldefusco.db/branches_skewed]","IsNotNull(branch_id), IsNotNull(region), IsNotNull(branch_type)","branch_id:bigint,region:string,branch_type:string,assets_under_management:double,annual_operating_cost:double","isnotnull(branch_id#3687L), isnotnull(region#3690), isnotnull(branch_type#3691)","",false
1,2,135,"Parquet",0,0,0,0,"InMemoryFileIndex(1 paths)[s3a://goes-se-sandbox/data/warehouse/tablespace/external/hive/demo_pauldefusco.db/calendar]","IsNotNull(calendar_date), IsNotNull(year), IsNotNull(month)","calendar_date:date,year:int,month:int","isnotnull(calendar_date#2706), isnotnull(year#2708), isnotnull(month#2710)","",false
1,2,184,"Parquet",0,0,0,0,"InMemoryFileIndex(1 paths)[s3a://goes-se-sandbox/data/warehouse/tablespace/external/hive/demo_pauldefusco.db/calendar]","IsNotNull(calendar_date), IsNotNull(year), IsNotNull(month)","calendar_date:date,year:int,month:int,is_weekend:boolean","isnotnull(calendar_date#2239), isnotnull(year#2241), isnotnull(month#2243)","",false
1,2,264,"Parquet",0,0,0,0,"InMemoryFileIndex(1 paths)[s3a://goes-se-sandbox/data/warehouse/tablespace/external/hive/demo_pauldefusco.db/calendar]","IsNotNull(calendar_date), IsNotNull(year), IsNotNull(quarter)","calendar_date:date,year:int,quarter:int","isnotnull(calendar_date#2978), isnotnull(year#2980), isnotnull(quarter#2981)","",false
1,2,297,"Parquet",0,0,0,0,"InMemoryFileIndex(1 paths)[s3a://goes-se-sandbox/data/warehouse/tablespace/external/hive/demo_pauldefusco.db/calendar]","IsNotNull(calendar_date), IsNotNull(year), IsNotNull(quarter)","calendar_date:date,year:int,quarter:int,is_weekend:boolean","isnotnull(calendar_date#2556), isnotnull(year#2558), isnotnull(quarter#2559)","",false
1,2,76,"Parquet",0,0,0,0,"InMemoryFileIndex(1 paths)[s3a://goes-se-sandbox/data/warehouse/tablespace/external/hive/demo_pauldefusco.db/calendar]","IsNotNull(calendar_date)","calendar_date:date,year:int,quarter:int,month:int,is_weekend:boolean","isnotnull(calendar_date#113)","",false
1,2,248,"Parquet",0,0,0,0,"InMemoryFileIndex(1 paths)[s3a://goes-se-sandbox/data/warehouse/tablespace/external/hive/demo_pauldefusco.db/customers_skewed]","IsNotNull(customer_id)","customer_id:bigint","isnotnull(customer_id#2937L)","",false
1,2,212,"Parquet",0,0,0,0,"InMemoryFileIndex(1 paths)[s3a://goes-se-sandbox/data/warehouse/tablespace/external/hive/demo_pauldefusco.db/customers_skewed]","IsNotNull(customer_id)","customer_id:bigint,credit_score:int","isnotnull(customer_id#2322L)","",false
1,2,400,"Parquet",0,0,0,0,"InMemoryFileIndex(1 paths)[s3a://goes-se-sandbox/data/warehouse/tablespace/external/hive/demo_pauldefusco.db/customers_skewed]","IsNotNull(customer_id), IsNotNull(customer_segment), IsNotNull(income_band)","customer_id:bigint,credit_score:int,income_band:string,customer_segment:string","isnotnull(customer_id#3657L), isnotnull(customer_segment#3664), isnotnull(income_band#3662)","",false
1,2,168,"Parquet",0,0,0,0,"InMemoryFileIndex(1 paths)[s3a://goes-se-sandbox/data/warehouse/tablespace/external/hive/demo_pauldefusco.db/customers_skewed]","IsNotNull(customer_id), IsNotNull(customer_segment), IsNotNull(income_band), IsNotNull(risk_rating)","customer_id:bigint,credit_score:int,income_band:string,customer_segment:string,risk_rating:string","isnotnull(customer_id#2198L), isnotnull(customer_segment#2205), isnotnull(income_band#2203), isnotnull(risk_rating#2207)","",false
1,2,55,"Parquet",0,0,0,0,"InMemoryFileIndex(1 paths)[s3a://goes-se-sandbox/data/warehouse/tablespace/external/hive/demo_pauldefusco.db/customers_skewed]","IsNotNull(customer_id)","customer_id:bigint,credit_score:int,income_band:string,estimated_income:double,customer_segment:string,risk_rating:string","isnotnull(customer_id#31L)","",false
1,2,357,"Parquet",0,0,0,0,"InMemoryFileIndex(1 paths)[s3a://goes-se-sandbox/data/warehouse/tablespace/external/hive/demo_pauldefusco.db/customers_skewed]","IsNotNull(customer_id), IsNotNull(customer_segment), IsNotNull(income_band)","customer_id:bigint,income_band:string,customer_segment:string","isnotnull(customer_id#3985L), isnotnull(customer_segment#3992), isnotnull(income_band#3990)","",false
1,2,114,"Parquet",0,0,0,0,"InMemoryFileIndex(1 paths)[s3a://goes-se-sandbox/data/warehouse/tablespace/external/hive/demo_pauldefusco.db/customers_skewed]","IsNotNull(customer_id), IsNotNull(customer_segment), IsNotNull(income_band), IsNotNull(risk_rating)","customer_id:bigint,income_band:string,customer_segment:string,risk_rating:string","isnotnull(customer_id#2665L), isnotnull(customer_segment#2672), isnotnull(income_band#2670), isnotnull(risk_rating#2674)","",false
1,2,125,"Parquet",0,0,0,0,"InMemoryFileIndex(1 paths)[s3a://goes-se-sandbox/data/warehouse/tablespace/external/hive/demo_pauldefusco.db/merchants_skewed]","IsNotNull(merchant_id)","merchant_id:bigint","isnotnull(merchant_id#2685L)","",false
1,2,363,"Parquet",0,0,0,0,"InMemoryFileIndex(1 paths)[s3a://goes-se-sandbox/data/warehouse/tablespace/external/hive/demo_pauldefusco.db/merchants_skewed]","IsNotNull(merchant_id), IsNotNull(region)","merchant_id:bigint,region:string","isnotnull(merchant_id#4005L), isnotnull(region#4007)","",false
1,2,433,"Parquet",0,0,0,0,"InMemoryFileIndex(1 paths)[s3a://goes-se-sandbox/data/warehouse/tablespace/external/hive/demo_pauldefusco.db/merchants_skewed]","IsNotNull(merchant_id), IsNotNull(region)","merchant_id:bigint,region:string,risk_level:string","isnotnull(merchant_id#3810L), isnotnull(region#3812)","",false
1,2,292,"Parquet",0,0,0,0,"InMemoryFileIndex(1 paths)[s3a://goes-se-sandbox/data/warehouse/tablespace/external/hive/demo_pauldefusco.db/merchants_skewed]","IsNotNull(merchant_id), IsNotNull(region), IsNotNull(risk_level), IsNotNull(merchant_size)","merchant_id:bigint,region:string,risk_level:string,annual_revenue:double,merchant_size:string","isnotnull(merchant_id#2535L), isnotnull(region#2537), isnotnull(risk_level#2540), isnotnull(merchant_size#2542)","",false
1,2,66,"Parquet",0,0,0,0,"InMemoryFileIndex(1 paths)[s3a://goes-se-sandbox/data/warehouse/tablespace/external/hive/demo_pauldefusco.db/merchants_skewed]","IsNotNull(merchant_id)","merchant_id:bigint,region:string,risk_level:string,merchant_size:string","isnotnull(merchant_id#71L)","",false
1,2,259,"Parquet",0,0,0,0,"InMemoryFileIndex(1 paths)[s3a://goes-se-sandbox/data/warehouse/tablespace/external/hive/demo_pauldefusco.db/merchants_skewed]","IsNotNull(merchant_id), IsNotNull(region)","merchant_id:bigint,region:string,risk_level:string,merchant_size:string","isnotnull(merchant_id#2957L), isnotnull(region#2959)","",false
1,2,179,"Parquet",0,0,0,0,"InMemoryFileIndex(1 paths)[s3a://goes-se-sandbox/data/warehouse/tablespace/external/hive/demo_pauldefusco.db/merchants_skewed]","IsNotNull(merchant_id)","merchant_id:bigint,risk_level:string","isnotnull(merchant_id#2218L)","",false
1,2,108,"Parquet",0,0,0,0,"InMemoryFileIndex(1 paths)[s3a://goes-se-sandbox/data/warehouse/tablespace/external/hive/demo_pauldefusco.db/trs_v26]","IsNotNull(transaction_id), LessThan(transaction_id,12500000000), IsNotNull(customer_id), IsNotNull(account_id)","transaction_id:bigint,customer_id:bigint,account_id:bigint,merchant_id:bigint,branch_id:bigint,transaction_date:date","isnotnull(transaction_id#2650L), (transaction_id#2650L < 12500000000), isnotnull(customer_id#2651L), isnotnull(account_id#2652L)","",false
1,2,243,"Parquet",0,0,0,0,"InMemoryFileIndex(1 paths)[s3a://goes-se-sandbox/data/warehouse/tablespace/external/hive/demo_pauldefusco.db/trs_v26]","IsNotNull(transaction_id), LessThan(transaction_id,12500000000), IsNotNull(customer_id), IsNotNull(merchant_id), IsNotNull(merchant_category)","transaction_id:bigint,customer_id:bigint,account_id:bigint,merchant_id:bigint,branch_id:bigint,transaction_date:date,merchant_category:string","isnotnull(transaction_id#2922L), (transaction_id#2922L < 12500000000), isnotnull(customer_id#2923L), isnotnull(merchant_id#2925L), isnotnull(merchant_category#2929)","",false
1,2,351,"Parquet",0,0,0,0,"InMemoryFileIndex(1 paths)[s3a://goes-se-sandbox/data/warehouse/tablespace/external/hive/demo_pauldefusco.db/trs_v26]","IsNotNull(transaction_id), LessThan(transaction_id,12500000000), IsNotNull(merchant_category)","transaction_id:bigint,customer_id:bigint,account_id:bigint,merchant_id:bigint,branch_id:bigint,transaction_date:date,merchant_category:string","isnotnull(transaction_id#3970L), (transaction_id#3970L < 12500000000), isnotnull(merchant_category#3977)","",false
1,2,286,"Parquet",0,0,0,0,"InMemoryFileIndex(1 paths)[s3a://goes-se-sandbox/data/warehouse/tablespace/external/hive/demo_pauldefusco.db/trs_v26]","IsNotNull(transaction_id), LessThan(transaction_id,12500000000), IsNotNull(merchant_id), IsNotNull(merchant_category)","transaction_id:bigint,customer_id:bigint,account_id:bigint,merchant_id:bigint,branch_id:bigint,transaction_date:date,merchant_category:string,transaction_amount:double,fraud_flag:int","isnotnull(transaction_id#2500L), (transaction_id#2500L < 12500000000), isnotnull(merchant_id#2503L), isnotnull(merchant_category#2507)","",false
1,2,427,"Parquet",0,0,0,0,"InMemoryFileIndex(1 paths)[s3a://goes-se-sandbox/data/warehouse/tablespace/external/hive/demo_pauldefusco.db/trs_v26]","IsNotNull(transaction_id), IsNotNull(fraud_flag), LessThan(transaction_id,12500000000), EqualTo(fraud_flag,1), IsNotNull(merchant_category)","transaction_id:bigint,customer_id:bigint,account_id:bigint,merchant_id:bigint,branch_id:bigint,transaction_date:date,merchant_category:string,transaction_amount:double,fraud_flag:int","isnotnull(transaction_id#3775L), isnotnull(fraud_flag#3787), (transaction_id#3775L < 12500000000), (fraud_flag#3787 = 1), isnotnull(merchant_category#3782)","",false
1,2,48,"Parquet",0,0,0,0,"InMemoryFileIndex(1 paths)[s3a://goes-se-sandbox/data/warehouse/tablespace/external/hive/demo_pauldefusco.db/trs_v26]","IsNotNull(transaction_id), LessThan(transaction_id,12500000000)","transaction_id:bigint,customer_id:bigint,account_id:bigint,merchant_id:bigint,branch_id:bigint,transaction_date:date,merchant_category:string,transaction_amount:double,payment_channel:string,payment_type:string,device_type:string,fraud_flag:int","isnotnull(transaction_id#0L), (transaction_id#0L < 12500000000)","",false
1,2,162,"Parquet",0,0,0,0,"InMemoryFileIndex(1 paths)[s3a://goes-se-sandbox/data/warehouse/tablespace/external/hive/demo_pauldefusco.db/trs_v26]","IsNotNull(transaction_id), LessThan(transaction_id,12500000000), IsNotNull(customer_id)","transaction_id:bigint,customer_id:bigint,account_id:bigint,merchant_id:bigint,branch_id:bigint,transaction_date:date,transaction_amount:double,fraud_flag:int","isnotnull(transaction_id#2183L), (transaction_id#2183L < 12500000000), isnotnull(customer_id#2184L)","",false
1,2,207,"Parquet",0,0,0,0,"InMemoryFileIndex(1 paths)[s3a://goes-se-sandbox/data/warehouse/tablespace/external/hive/demo_pauldefusco.db/trs_v26]","IsNotNull(transaction_id), LessThan(transaction_id,12500000000), IsNotNull(account_id)","transaction_id:bigint,customer_id:bigint,account_id:bigint,merchant_id:bigint,branch_id:bigint,transaction_date:date,transaction_amount:double,fraud_flag:int","isnotnull(transaction_id#2307L), (transaction_id#2307L < 12500000000), isnotnull(account_id#2309L)","",false
1,2,394,"Parquet",0,0,0,0,"InMemoryFileIndex(1 paths)[s3a://goes-se-sandbox/data/warehouse/tablespace/external/hive/demo_pauldefusco.db/trs_v26]","IsNotNull(transaction_id), LessThan(transaction_id,12500000000)","transaction_id:bigint,customer_id:bigint,account_id:bigint,merchant_id:bigint,branch_id:bigint,transaction_date:date,transaction_amount:double,fraud_flag:int","isnotnull(transaction_id#3642L), (transaction_id#3642L < 12500000000)","",false
1,2,318,"Parquet",0,0,0,0,"InMemoryFileIndex(1 paths)[s3a://goes-se-sandbox/data/warehouse/tablespace/external/hive/demo_pauldefusco.db/trs_v26]","IsNotNull(transaction_id), LessThan(transaction_id,12500000000), IsNotNull(payment_channel), IsNotNull(payment_type), IsNotNull(device_type)","transaction_id:bigint,customer_id:bigint,account_id:bigint,merchant_id:bigint,branch_id:bigint,transaction_date:date,transaction_amount:double,payment_channel:string,payment_type:string,device_type:string,fraud_flag:int","isnotnull(transaction_id#3237L), (transaction_id#3237L < 12500000000), isnotnull(payment_channel#3246), isnotnull(payment_type#3247), isnotnull(device_type#3248)","",false
1,3,256,"Parquet",0,0,0,0,"InMemoryFileIndex(1 paths)[s3a://goes-se-sandbox/data/warehouse/tablespace/external/hive/demo_pauldefusco.db/accounts_skewed]","IsNotNull(account_id)","account_id:bigint","isnotnull(account_id#2948L)","",false
1,3,120,"Parquet",0,0,0,0,"InMemoryFileIndex(1 paths)[s3a://goes-se-sandbox/data/warehouse/tablespace/external/hive/demo_pauldefusco.db/accounts_skewed]","IsNotNull(account_id), IsNotNull(account_type)","account_id:bigint,account_type:string,account_status:string","isnotnull(account_id#2676L), isnotnull(account_type#2677)","",false
1,3,61,"Parquet",0,0,0,0,"InMemoryFileIndex(1 paths)[s3a://goes-se-sandbox/data/warehouse/tablespace/external/hive/demo_pauldefusco.db/accounts_skewed]","IsNotNull(account_id)","account_id:bigint,account_type:string,account_status:string,current_balance:double,credit_limit:double,interest_rate:double","isnotnull(account_id#52L)","",false
1,3,218,"Parquet",0,0,0,0,"InMemoryFileIndex(1 paths)[s3a://goes-se-sandbox/data/warehouse/tablespace/external/hive/demo_pauldefusco.db/accounts_skewed]","IsNotNull(account_id), IsNotNull(account_type), IsNotNull(account_status)","account_id:bigint,account_type:string,account_status:string,current_balance:double,credit_limit:double,interest_rate:double","isnotnull(account_id#2333L), isnotnull(account_type#2334), isnotnull(account_status#2336)","",false
1,3,174,"Parquet",0,0,0,0,"InMemoryFileIndex(1 paths)[s3a://goes-se-sandbox/data/warehouse/tablespace/external/hive/demo_pauldefusco.db/accounts_skewed]","IsNotNull(account_id)","account_id:bigint,current_balance:double,interest_rate:double","isnotnull(account_id#2209L)","",false
1,3,130,"Parquet",0,0,0,0,"InMemoryFileIndex(1 paths)[s3a://goes-se-sandbox/data/warehouse/tablespace/external/hive/demo_pauldefusco.db/branches_skewed]","IsNotNull(branch_id)","branch_id:bigint","isnotnull(branch_id#2695L)","",false
1,3,71,"Parquet",0,0,0,0,"InMemoryFileIndex(1 paths)[s3a://goes-se-sandbox/data/warehouse/tablespace/external/hive/demo_pauldefusco.db/branches_skewed]","IsNotNull(branch_id)","branch_id:bigint,region:string,branch_type:string","isnotnull(branch_id#91L)","",false
1,3,370,"Parquet",0,0,0,0,"InMemoryFileIndex(1 paths)[s3a://goes-se-sandbox/data/warehouse/tablespace/external/hive/demo_pauldefusco.db/branches_skewed]","IsNotNull(branch_id), IsNotNull(region), IsNotNull(branch_type)","branch_id:bigint,region:string,branch_type:string","isnotnull(branch_id#4015L), isnotnull(region#4018), isnotnull(branch_type#4019)","",false
1,3,408,"Parquet",0,0,0,0,"InMemoryFileIndex(1 paths)[s3a://goes-se-sandbox/data/warehouse/tablespace/external/hive/demo_pauldefusco.db/branches_skewed]","IsNotNull(branch_id), IsNotNull(region), IsNotNull(branch_type)","branch_id:bigint,region:string,branch_type:string,assets_under_management:double,annual_operating_cost:double","isnotnull(branch_id#3687L), isnotnull(region#3690), isnotnull(branch_type#3691)","",false
1,3,135,"Parquet",0,0,0,0,"InMemoryFileIndex(1 paths)[s3a://goes-se-sandbox/data/warehouse/tablespace/external/hive/demo_pauldefusco.db/calendar]","IsNotNull(calendar_date), IsNotNull(year), IsNotNull(month)","calendar_date:date,year:int,month:int","isnotnull(calendar_date#2706), isnotnull(year#2708), isnotnull(month#2710)","",false
1,3,184,"Parquet",0,0,0,0,"InMemoryFileIndex(1 paths)[s3a://goes-se-sandbox/data/warehouse/tablespace/external/hive/demo_pauldefusco.db/calendar]","IsNotNull(calendar_date), IsNotNull(year), IsNotNull(month)","calendar_date:date,year:int,month:int,is_weekend:boolean","isnotnull(calendar_date#2239), isnotnull(year#2241), isnotnull(month#2243)","",false
1,3,266,"Parquet",0,0,0,0,"InMemoryFileIndex(1 paths)[s3a://goes-se-sandbox/data/warehouse/tablespace/external/hive/demo_pauldefusco.db/calendar]","IsNotNull(calendar_date), IsNotNull(year), IsNotNull(quarter)","calendar_date:date,year:int,quarter:int","isnotnull(calendar_date#2978), isnotnull(year#2980), isnotnull(quarter#2981)","",false
1,3,299,"Parquet",0,0,0,0,"InMemoryFileIndex(1 paths)[s3a://goes-se-sandbox/data/warehouse/tablespace/external/hive/demo_pauldefusco.db/calendar]","IsNotNull(calendar_date), IsNotNull(year), IsNotNull(quarter)","calendar_date:date,year:int,quarter:int,is_weekend:boolean","isnotnull(calendar_date#2556), isnotnull(year#2558), isnotnull(quarter#2559)","",false
1,3,76,"Parquet",0,0,0,0,"InMemoryFileIndex(1 paths)[s3a://goes-se-sandbox/data/warehouse/tablespace/external/hive/demo_pauldefusco.db/calendar]","IsNotNull(calendar_date)","calendar_date:date,year:int,quarter:int,month:int,is_weekend:boolean","isnotnull(calendar_date#113)","",false
1,3,250,"Parquet",0,0,0,0,"InMemoryFileIndex(1 paths)[s3a://goes-se-sandbox/data/warehouse/tablespace/external/hive/demo_pauldefusco.db/customers_skewed]","IsNotNull(customer_id)","customer_id:bigint","isnotnull(customer_id#2937L)","",false
1,3,212,"Parquet",0,0,0,0,"InMemoryFileIndex(1 paths)[s3a://goes-se-sandbox/data/warehouse/tablespace/external/hive/demo_pauldefusco.db/customers_skewed]","IsNotNull(customer_id)","customer_id:bigint,credit_score:int","isnotnull(customer_id#2322L)","",false
1,3,402,"Parquet",0,0,0,0,"InMemoryFileIndex(1 paths)[s3a://goes-se-sandbox/data/warehouse/tablespace/external/hive/demo_pauldefusco.db/customers_skewed]","IsNotNull(customer_id), IsNotNull(customer_segment), IsNotNull(income_band)","customer_id:bigint,credit_score:int,income_band:string,customer_segment:string","isnotnull(customer_id#3657L), isnotnull(customer_segment#3664), isnotnull(income_band#3662)","",false
1,3,168,"Parquet",0,0,0,0,"InMemoryFileIndex(1 paths)[s3a://goes-se-sandbox/data/warehouse/tablespace/external/hive/demo_pauldefusco.db/customers_skewed]","IsNotNull(customer_id), IsNotNull(customer_segment), IsNotNull(income_band), IsNotNull(risk_rating)","customer_id:bigint,credit_score:int,income_band:string,customer_segment:string,risk_rating:string","isnotnull(customer_id#2198L), isnotnull(customer_segment#2205), isnotnull(income_band#2203), isnotnull(risk_rating#2207)","",false
1,3,55,"Parquet",0,0,0,0,"InMemoryFileIndex(1 paths)[s3a://goes-se-sandbox/data/warehouse/tablespace/external/hive/demo_pauldefusco.db/customers_skewed]","IsNotNull(customer_id)","customer_id:bigint,credit_score:int,income_band:string,estimated_income:double,customer_segment:string,risk_rating:string","isnotnull(customer_id#31L)","",false
1,3,359,"Parquet",0,0,0,0,"InMemoryFileIndex(1 paths)[s3a://goes-se-sandbox/data/warehouse/tablespace/external/hive/demo_pauldefusco.db/customers_skewed]","IsNotNull(customer_id), IsNotNull(customer_segment), IsNotNull(income_band)","customer_id:bigint,income_band:string,customer_segment:string","isnotnull(customer_id#3985L), isnotnull(customer_segment#3992), isnotnull(income_band#3990)","",false
1,3,114,"Parquet",0,0,0,0,"InMemoryFileIndex(1 paths)[s3a://goes-se-sandbox/data/warehouse/tablespace/external/hive/demo_pauldefusco.db/customers_skewed]","IsNotNull(customer_id), IsNotNull(customer_segment), IsNotNull(income_band), IsNotNull(risk_rating)","customer_id:bigint,income_band:string,customer_segment:string,risk_rating:string","isnotnull(customer_id#2665L), isnotnull(customer_segment#2672), isnotnull(income_band#2670), isnotnull(risk_rating#2674)","",false
1,3,125,"Parquet",0,0,0,0,"InMemoryFileIndex(1 paths)[s3a://goes-se-sandbox/data/warehouse/tablespace/external/hive/demo_pauldefusco.db/merchants_skewed]","IsNotNull(merchant_id)","merchant_id:bigint","isnotnull(merchant_id#2685L)","",false
1,3,365,"Parquet",0,0,0,0,"InMemoryFileIndex(1 paths)[s3a://goes-se-sandbox/data/warehouse/tablespace/external/hive/demo_pauldefusco.db/merchants_skewed]","IsNotNull(merchant_id), IsNotNull(region)","merchant_id:bigint,region:string","isnotnull(merchant_id#4005L), isnotnull(region#4007)","",false
1,3,435,"Parquet",0,0,0,0,"InMemoryFileIndex(1 paths)[s3a://goes-se-sandbox/data/warehouse/tablespace/external/hive/demo_pauldefusco.db/merchants_skewed]","IsNotNull(merchant_id), IsNotNull(region)","merchant_id:bigint,region:string,risk_level:string","isnotnull(merchant_id#3810L), isnotnull(region#3812)","",false
1,3,294,"Parquet",0,0,0,0,"InMemoryFileIndex(1 paths)[s3a://goes-se-sandbox/data/warehouse/tablespace/external/hive/demo_pauldefusco.db/merchants_skewed]","IsNotNull(merchant_id), IsNotNull(region), IsNotNull(risk_level), IsNotNull(merchant_size)","merchant_id:bigint,region:string,risk_level:string,annual_revenue:double,merchant_size:string","isnotnull(merchant_id#2535L), isnotnull(region#2537), isnotnull(risk_level#2540), isnotnull(merchant_size#2542)","",false
1,3,66,"Parquet",0,0,0,0,"InMemoryFileIndex(1 paths)[s3a://goes-se-sandbox/data/warehouse/tablespace/external/hive/demo_pauldefusco.db/merchants_skewed]","IsNotNull(merchant_id)","merchant_id:bigint,region:string,risk_level:string,merchant_size:string","isnotnull(merchant_id#71L)","",false
1,3,261,"Parquet",0,0,0,0,"InMemoryFileIndex(1 paths)[s3a://goes-se-sandbox/data/warehouse/tablespace/external/hive/demo_pauldefusco.db/merchants_skewed]","IsNotNull(merchant_id), IsNotNull(region)","merchant_id:bigint,region:string,risk_level:string,merchant_size:string","isnotnull(merchant_id#2957L), isnotnull(region#2959)","",false
1,3,179,"Parquet",0,0,0,0,"InMemoryFileIndex(1 paths)[s3a://goes-se-sandbox/data/warehouse/tablespace/external/hive/demo_pauldefusco.db/merchants_skewed]","IsNotNull(merchant_id)","merchant_id:bigint,risk_level:string","isnotnull(merchant_id#2218L)","",false
1,3,108,"Parquet",0,0,0,0,"InMemoryFileIndex(1 paths)[s3a://goes-se-sandbox/data/warehouse/tablespace/external/hive/demo_pauldefusco.db/trs_v26]","IsNotNull(transaction_id), LessThan(transaction_id,12500000000), IsNotNull(customer_id), IsNotNull(account_id)","transaction_id:bigint,customer_id:bigint,account_id:bigint,merchant_id:bigint,branch_id:bigint,transaction_date:date","isnotnull(transaction_id#2650L), (transaction_id#2650L < 12500000000), isnotnull(customer_id#2651L), isnotnull(account_id#2652L)","",false
1,3,245,"Parquet",0,0,0,0,"InMemoryFileIndex(1 paths)[s3a://goes-se-sandbox/data/warehouse/tablespace/external/hive/demo_pauldefusco.db/trs_v26]","IsNotNull(transaction_id), LessThan(transaction_id,12500000000), IsNotNull(customer_id), IsNotNull(merchant_id), IsNotNull(merchant_category)","transaction_id:bigint,customer_id:bigint,account_id:bigint,merchant_id:bigint,branch_id:bigint,transaction_date:date,merchant_category:string","isnotnull(transaction_id#2922L), (transaction_id#2922L < 12500000000), isnotnull(customer_id#2923L), isnotnull(merchant_id#2925L), isnotnull(merchant_category#2929)","",false
1,3,353,"Parquet",0,0,0,0,"InMemoryFileIndex(1 paths)[s3a://goes-se-sandbox/data/warehouse/tablespace/external/hive/demo_pauldefusco.db/trs_v26]","IsNotNull(transaction_id), LessThan(transaction_id,12500000000), IsNotNull(merchant_category)","transaction_id:bigint,customer_id:bigint,account_id:bigint,merchant_id:bigint,branch_id:bigint,transaction_date:date,merchant_category:string","isnotnull(transaction_id#3970L), (transaction_id#3970L < 12500000000), isnotnull(merchant_category#3977)","",false
1,3,288,"Parquet",0,0,0,0,"InMemoryFileIndex(1 paths)[s3a://goes-se-sandbox/data/warehouse/tablespace/external/hive/demo_pauldefusco.db/trs_v26]","IsNotNull(transaction_id), LessThan(transaction_id,12500000000), IsNotNull(merchant_id), IsNotNull(merchant_category)","transaction_id:bigint,customer_id:bigint,account_id:bigint,merchant_id:bigint,branch_id:bigint,transaction_date:date,merchant_category:string,transaction_amount:double,fraud_flag:int","isnotnull(transaction_id#2500L), (transaction_id#2500L < 12500000000), isnotnull(merchant_id#2503L), isnotnull(merchant_category#2507)","",false
1,3,429,"Parquet",0,0,0,0,"InMemoryFileIndex(1 paths)[s3a://goes-se-sandbox/data/warehouse/tablespace/external/hive/demo_pauldefusco.db/trs_v26]","IsNotNull(transaction_id), IsNotNull(fraud_flag), LessThan(transaction_id,12500000000), EqualTo(fraud_flag,1), IsNotNull(merchant_category)","transaction_id:bigint,customer_id:bigint,account_id:bigint,merchant_id:bigint,branch_id:bigint,transaction_date:date,merchant_category:string,transaction_amount:double,fraud_flag:int","isnotnull(transaction_id#3775L), isnotnull(fraud_flag#3787), (transaction_id#3775L < 12500000000), (fraud_flag#3787 = 1), isnotnull(merchant_category#3782)","",false
1,3,48,"Parquet",0,0,0,0,"InMemoryFileIndex(1 paths)[s3a://goes-se-sandbox/data/warehouse/tablespace/external/hive/demo_pauldefusco.db/trs_v26]","IsNotNull(transaction_id), LessThan(transaction_id,12500000000)","transaction_id:bigint,customer_id:bigint,account_id:bigint,merchant_id:bigint,branch_id:bigint,transaction_date:date,merchant_category:string,transaction_amount:double,payment_channel:string,payment_type:string,device_type:string,fraud_flag:int","isnotnull(transaction_id#0L), (transaction_id#0L < 12500000000)","",false
1,3,162,"Parquet",0,0,0,0,"InMemoryFileIndex(1 paths)[s3a://goes-se-sandbox/data/warehouse/tablespace/external/hive/demo_pauldefusco.db/trs_v26]","IsNotNull(transaction_id), LessThan(transaction_id,12500000000), IsNotNull(customer_id)","transaction_id:bigint,customer_id:bigint,account_id:bigint,merchant_id:bigint,branch_id:bigint,transaction_date:date,transaction_amount:double,fraud_flag:int","isnotnull(transaction_id#2183L), (transaction_id#2183L < 12500000000), isnotnull(customer_id#2184L)","",false
1,3,207,"Parquet",0,0,0,0,"InMemoryFileIndex(1 paths)[s3a://goes-se-sandbox/data/warehouse/tablespace/external/hive/demo_pauldefusco.db/trs_v26]","IsNotNull(transaction_id), LessThan(transaction_id,12500000000), IsNotNull(account_id)","transaction_id:bigint,customer_id:bigint,account_id:bigint,merchant_id:bigint,branch_id:bigint,transaction_date:date,transaction_amount:double,fraud_flag:int","isnotnull(transaction_id#2307L), (transaction_id#2307L < 12500000000), isnotnull(account_id#2309L)","",false
1,3,396,"Parquet",0,0,0,0,"InMemoryFileIndex(1 paths)[s3a://goes-se-sandbox/data/warehouse/tablespace/external/hive/demo_pauldefusco.db/trs_v26]","IsNotNull(transaction_id), LessThan(transaction_id,12500000000)","transaction_id:bigint,customer_id:bigint,account_id:bigint,merchant_id:bigint,branch_id:bigint,transaction_date:date,transaction_amount:double,fraud_flag:int","isnotnull(transaction_id#3642L), (transaction_id#3642L < 12500000000)","",false
1,3,320,"Parquet",0,0,0,0,"InMemoryFileIndex(1 paths)[s3a://goes-se-sandbox/data/warehouse/tablespace/external/hive/demo_pauldefusco.db/trs_v26]","IsNotNull(transaction_id), LessThan(transaction_id,12500000000), IsNotNull(payment_channel), IsNotNull(payment_type), IsNotNull(device_type)","transaction_id:bigint,customer_id:bigint,account_id:bigint,merchant_id:bigint,branch_id:bigint,transaction_date:date,transaction_amount:double,payment_channel:string,payment_type:string,device_type:string,fraud_flag:int","isnotnull(transaction_id#3237L), (transaction_id#3237L < 12500000000), isnotnull(payment_channel#3246), isnotnull(payment_type#3247), isnotnull(device_type#3248)","",false
1,4,258,"Parquet",0,0,0,0,"InMemoryFileIndex(1 paths)[s3a://goes-se-sandbox/data/warehouse/tablespace/external/hive/demo_pauldefusco.db/accounts_skewed]","IsNotNull(account_id)","account_id:bigint","isnotnull(account_id#2948L)","",false
1,4,120,"Parquet",0,0,0,0,"InMemoryFileIndex(1 paths)[s3a://goes-se-sandbox/data/warehouse/tablespace/external/hive/demo_pauldefusco.db/accounts_skewed]","IsNotNull(account_id), IsNotNull(account_type)","account_id:bigint,account_type:string,account_status:string","isnotnull(account_id#2676L), isnotnull(account_type#2677)","",false
1,4,61,"Parquet",0,0,0,0,"InMemoryFileIndex(1 paths)[s3a://goes-se-sandbox/data/warehouse/tablespace/external/hive/demo_pauldefusco.db/accounts_skewed]","IsNotNull(account_id)","account_id:bigint,account_type:string,account_status:string,current_balance:double,credit_limit:double,interest_rate:double","isnotnull(account_id#52L)","",false
1,4,220,"Parquet",0,0,0,0,"InMemoryFileIndex(1 paths)[s3a://goes-se-sandbox/data/warehouse/tablespace/external/hive/demo_pauldefusco.db/accounts_skewed]","IsNotNull(account_id), IsNotNull(account_type), IsNotNull(account_status)","account_id:bigint,account_type:string,account_status:string,current_balance:double,credit_limit:double,interest_rate:double","isnotnull(account_id#2333L), isnotnull(account_type#2334), isnotnull(account_status#2336)","",false
1,4,174,"Parquet",0,0,0,0,"InMemoryFileIndex(1 paths)[s3a://goes-se-sandbox/data/warehouse/tablespace/external/hive/demo_pauldefusco.db/accounts_skewed]","IsNotNull(account_id)","account_id:bigint,current_balance:double,interest_rate:double","isnotnull(account_id#2209L)","",false
1,4,130,"Parquet",0,0,0,0,"InMemoryFileIndex(1 paths)[s3a://goes-se-sandbox/data/warehouse/tablespace/external/hive/demo_pauldefusco.db/branches_skewed]","IsNotNull(branch_id)","branch_id:bigint","isnotnull(branch_id#2695L)","",false
1,4,71,"Parquet",0,0,0,0,"InMemoryFileIndex(1 paths)[s3a://goes-se-sandbox/data/warehouse/tablespace/external/hive/demo_pauldefusco.db/branches_skewed]","IsNotNull(branch_id)","branch_id:bigint,region:string,branch_type:string","isnotnull(branch_id#91L)","",false
1,4,376,"Parquet",0,0,0,0,"InMemoryFileIndex(1 paths)[s3a://goes-se-sandbox/data/warehouse/tablespace/external/hive/demo_pauldefusco.db/branches_skewed]","IsNotNull(branch_id), IsNotNull(region), IsNotNull(branch_type)","branch_id:bigint,region:string,branch_type:string","isnotnull(branch_id#4015L), isnotnull(region#4018), isnotnull(branch_type#4019)","",false
1,4,414,"Parquet",0,0,0,0,"InMemoryFileIndex(1 paths)[s3a://goes-se-sandbox/data/warehouse/tablespace/external/hive/demo_pauldefusco.db/branches_skewed]","IsNotNull(branch_id), IsNotNull(region), IsNotNull(branch_type)","branch_id:bigint,region:string,branch_type:string,assets_under_management:double,annual_operating_cost:double","isnotnull(branch_id#3687L), isnotnull(region#3690), isnotnull(branch_type#3691)","",false
1,4,135,"Parquet",0,0,0,0,"InMemoryFileIndex(1 paths)[s3a://goes-se-sandbox/data/warehouse/tablespace/external/hive/demo_pauldefusco.db/calendar]","IsNotNull(calendar_date), IsNotNull(year), IsNotNull(month)","calendar_date:date,year:int,month:int","isnotnull(calendar_date#2706), isnotnull(year#2708), isnotnull(month#2710)","",false
1,4,184,"Parquet",0,0,0,0,"InMemoryFileIndex(1 paths)[s3a://goes-se-sandbox/data/warehouse/tablespace/external/hive/demo_pauldefusco.db/calendar]","IsNotNull(calendar_date), IsNotNull(year), IsNotNull(month)","calendar_date:date,year:int,month:int,is_weekend:boolean","isnotnull(calendar_date#2239), isnotnull(year#2241), isnotnull(month#2243)","",false
1,4,268,"Parquet",0,0,0,0,"InMemoryFileIndex(1 paths)[s3a://goes-se-sandbox/data/warehouse/tablespace/external/hive/demo_pauldefusco.db/calendar]","IsNotNull(calendar_date), IsNotNull(year), IsNotNull(quarter)","calendar_date:date,year:int,quarter:int","isnotnull(calendar_date#2978), isnotnull(year#2980), isnotnull(quarter#2981)","",false
1,4,303,"Parquet",0,0,0,0,"InMemoryFileIndex(1 paths)[s3a://goes-se-sandbox/data/warehouse/tablespace/external/hive/demo_pauldefusco.db/calendar]","IsNotNull(calendar_date), IsNotNull(year), IsNotNull(quarter)","calendar_date:date,year:int,quarter:int,is_weekend:boolean","isnotnull(calendar_date#2556), isnotnull(year#2558), isnotnull(quarter#2559)","",false
1,4,76,"Parquet",0,0,0,0,"InMemoryFileIndex(1 paths)[s3a://goes-se-sandbox/data/warehouse/tablespace/external/hive/demo_pauldefusco.db/calendar]","IsNotNull(calendar_date)","calendar_date:date,year:int,quarter:int,month:int,is_weekend:boolean","isnotnull(calendar_date#113)","",false
1,4,252,"Parquet",0,0,0,0,"InMemoryFileIndex(1 paths)[s3a://goes-se-sandbox/data/warehouse/tablespace/external/hive/demo_pauldefusco.db/customers_skewed]","IsNotNull(customer_id)","customer_id:bigint","isnotnull(customer_id#2937L)","",false
1,4,214,"Parquet",0,0,0,0,"InMemoryFileIndex(1 paths)[s3a://goes-se-sandbox/data/warehouse/tablespace/external/hive/demo_pauldefusco.db/customers_skewed]","IsNotNull(customer_id)","customer_id:bigint,credit_score:int","isnotnull(customer_id#2322L)","",false
1,4,408,"Parquet",0,0,0,0,"InMemoryFileIndex(1 paths)[s3a://goes-se-sandbox/data/warehouse/tablespace/external/hive/demo_pauldefusco.db/customers_skewed]","IsNotNull(customer_id), IsNotNull(customer_segment), IsNotNull(income_band)","customer_id:bigint,credit_score:int,income_band:string,customer_segment:string","isnotnull(customer_id#3657L), isnotnull(customer_segment#3664), isnotnull(income_band#3662)","",false
1,4,168,"Parquet",0,0,0,0,"InMemoryFileIndex(1 paths)[s3a://goes-se-sandbox/data/warehouse/tablespace/external/hive/demo_pauldefusco.db/customers_skewed]","IsNotNull(customer_id), IsNotNull(customer_segment), IsNotNull(income_band), IsNotNull(risk_rating)","customer_id:bigint,credit_score:int,income_band:string,customer_segment:string,risk_rating:string","isnotnull(customer_id#2198L), isnotnull(customer_segment#2205), isnotnull(income_band#2203), isnotnull(risk_rating#2207)","",false
1,4,55,"Parquet",0,0,0,0,"InMemoryFileIndex(1 paths)[s3a://goes-se-sandbox/data/warehouse/tablespace/external/hive/demo_pauldefusco.db/customers_skewed]","IsNotNull(customer_id)","customer_id:bigint,credit_score:int,income_band:string,estimated_income:double,customer_segment:string,risk_rating:string","isnotnull(customer_id#31L)","",false
1,4,365,"Parquet",0,0,0,0,"InMemoryFileIndex(1 paths)[s3a://goes-se-sandbox/data/warehouse/tablespace/external/hive/demo_pauldefusco.db/customers_skewed]","IsNotNull(customer_id), IsNotNull(customer_segment), IsNotNull(income_band)","customer_id:bigint,income_band:string,customer_segment:string","isnotnull(customer_id#3985L), isnotnull(customer_segment#3992), isnotnull(income_band#3990)","",false
1,4,114,"Parquet",0,0,0,0,"InMemoryFileIndex(1 paths)[s3a://goes-se-sandbox/data/warehouse/tablespace/external/hive/demo_pauldefusco.db/customers_skewed]","IsNotNull(customer_id), IsNotNull(customer_segment), IsNotNull(income_band), IsNotNull(risk_rating)","customer_id:bigint,income_band:string,customer_segment:string,risk_rating:string","isnotnull(customer_id#2665L), isnotnull(customer_segment#2672), isnotnull(income_band#2670), isnotnull(risk_rating#2674)","",false
1,4,125,"Parquet",0,0,0,0,"InMemoryFileIndex(1 paths)[s3a://goes-se-sandbox/data/warehouse/tablespace/external/hive/demo_pauldefusco.db/merchants_skewed]","IsNotNull(merchant_id)","merchant_id:bigint","isnotnull(merchant_id#2685L)","",false
1,4,371,"Parquet",0,0,0,0,"InMemoryFileIndex(1 paths)[s3a://goes-se-sandbox/data/warehouse/tablespace/external/hive/demo_pauldefusco.db/merchants_skewed]","IsNotNull(merchant_id), IsNotNull(region)","merchant_id:bigint,region:string","isnotnull(merchant_id#4005L), isnotnull(region#4007)","",false
1,4,443,"Parquet",0,0,0,0,"InMemoryFileIndex(1 paths)[s3a://goes-se-sandbox/data/warehouse/tablespace/external/hive/demo_pauldefusco.db/merchants_skewed]","IsNotNull(merchant_id), IsNotNull(region)","merchant_id:bigint,region:string,risk_level:string","isnotnull(merchant_id#3810L), isnotnull(region#3812)","",false
1,4,298,"Parquet",0,0,0,0,"InMemoryFileIndex(1 paths)[s3a://goes-se-sandbox/data/warehouse/tablespace/external/hive/demo_pauldefusco.db/merchants_skewed]","IsNotNull(merchant_id), IsNotNull(region), IsNotNull(risk_level), IsNotNull(merchant_size)","merchant_id:bigint,region:string,risk_level:string,annual_revenue:double,merchant_size:string","isnotnull(merchant_id#2535L), isnotnull(region#2537), isnotnull(risk_level#2540), isnotnull(merchant_size#2542)","",false
1,4,66,"Parquet",0,0,0,0,"InMemoryFileIndex(1 paths)[s3a://goes-se-sandbox/data/warehouse/tablespace/external/hive/demo_pauldefusco.db/merchants_skewed]","IsNotNull(merchant_id)","merchant_id:bigint,region:string,risk_level:string,merchant_size:string","isnotnull(merchant_id#71L)","",false
1,4,263,"Parquet",0,0,0,0,"InMemoryFileIndex(1 paths)[s3a://goes-se-sandbox/data/warehouse/tablespace/external/hive/demo_pauldefusco.db/merchants_skewed]","IsNotNull(merchant_id), IsNotNull(region)","merchant_id:bigint,region:string,risk_level:string,merchant_size:string","isnotnull(merchant_id#2957L), isnotnull(region#2959)","",false
1,4,179,"Parquet",0,0,0,0,"InMemoryFileIndex(1 paths)[s3a://goes-se-sandbox/data/warehouse/tablespace/external/hive/demo_pauldefusco.db/merchants_skewed]","IsNotNull(merchant_id)","merchant_id:bigint,risk_level:string","isnotnull(merchant_id#2218L)","",false
1,4,108,"Parquet",0,0,0,0,"InMemoryFileIndex(1 paths)[s3a://goes-se-sandbox/data/warehouse/tablespace/external/hive/demo_pauldefusco.db/trs_v26]","IsNotNull(transaction_id), LessThan(transaction_id,12500000000), IsNotNull(customer_id), IsNotNull(account_id)","transaction_id:bigint,customer_id:bigint,account_id:bigint,merchant_id:bigint,branch_id:bigint,transaction_date:date","isnotnull(transaction_id#2650L), (transaction_id#2650L < 12500000000), isnotnull(customer_id#2651L), isnotnull(account_id#2652L)","",false
1,4,247,"Parquet",0,0,0,0,"InMemoryFileIndex(1 paths)[s3a://goes-se-sandbox/data/warehouse/tablespace/external/hive/demo_pauldefusco.db/trs_v26]","IsNotNull(transaction_id), LessThan(transaction_id,12500000000), IsNotNull(customer_id), IsNotNull(merchant_id), IsNotNull(merchant_category)","transaction_id:bigint,customer_id:bigint,account_id:bigint,merchant_id:bigint,branch_id:bigint,transaction_date:date,merchant_category:string","isnotnull(transaction_id#2922L), (transaction_id#2922L < 12500000000), isnotnull(customer_id#2923L), isnotnull(merchant_id#2925L), isnotnull(merchant_category#2929)","",false
1,4,359,"Parquet",0,0,0,0,"InMemoryFileIndex(1 paths)[s3a://goes-se-sandbox/data/warehouse/tablespace/external/hive/demo_pauldefusco.db/trs_v26]","IsNotNull(transaction_id), LessThan(transaction_id,12500000000), IsNotNull(merchant_category)","transaction_id:bigint,customer_id:bigint,account_id:bigint,merchant_id:bigint,branch_id:bigint,transaction_date:date,merchant_category:string","isnotnull(transaction_id#3970L), (transaction_id#3970L < 12500000000), isnotnull(merchant_category#3977)","",false
1,4,292,"Parquet",0,0,0,0,"InMemoryFileIndex(1 paths)[s3a://goes-se-sandbox/data/warehouse/tablespace/external/hive/demo_pauldefusco.db/trs_v26]","IsNotNull(transaction_id), LessThan(transaction_id,12500000000), IsNotNull(merchant_id), IsNotNull(merchant_category)","transaction_id:bigint,customer_id:bigint,account_id:bigint,merchant_id:bigint,branch_id:bigint,transaction_date:date,merchant_category:string,transaction_amount:double,fraud_flag:int","isnotnull(transaction_id#2500L), (transaction_id#2500L < 12500000000), isnotnull(merchant_id#2503L), isnotnull(merchant_category#2507)","",false
1,4,437,"Parquet",0,0,0,0,"InMemoryFileIndex(1 paths)[s3a://goes-se-sandbox/data/warehouse/tablespace/external/hive/demo_pauldefusco.db/trs_v26]","IsNotNull(transaction_id), IsNotNull(fraud_flag), LessThan(transaction_id,12500000000), EqualTo(fraud_flag,1), IsNotNull(merchant_category)","transaction_id:bigint,customer_id:bigint,account_id:bigint,merchant_id:bigint,branch_id:bigint,transaction_date:date,merchant_category:string,transaction_amount:double,fraud_flag:int","isnotnull(transaction_id#3775L), isnotnull(fraud_flag#3787), (transaction_id#3775L < 12500000000), (fraud_flag#3787 = 1), isnotnull(merchant_category#3782)","",false
1,4,48,"Parquet",0,0,0,0,"InMemoryFileIndex(1 paths)[s3a://goes-se-sandbox/data/warehouse/tablespace/external/hive/demo_pauldefusco.db/trs_v26]","IsNotNull(transaction_id), LessThan(transaction_id,12500000000)","transaction_id:bigint,customer_id:bigint,account_id:bigint,merchant_id:bigint,branch_id:bigint,transaction_date:date,merchant_category:string,transaction_amount:double,payment_channel:string,payment_type:string,device_type:string,fraud_flag:int","isnotnull(transaction_id#0L), (transaction_id#0L < 12500000000)","",false
1,4,162,"Parquet",0,0,0,0,"InMemoryFileIndex(1 paths)[s3a://goes-se-sandbox/data/warehouse/tablespace/external/hive/demo_pauldefusco.db/trs_v26]","IsNotNull(transaction_id), LessThan(transaction_id,12500000000), IsNotNull(customer_id)","transaction_id:bigint,customer_id:bigint,account_id:bigint,merchant_id:bigint,branch_id:bigint,transaction_date:date,transaction_amount:double,fraud_flag:int","isnotnull(transaction_id#2183L), (transaction_id#2183L < 12500000000), isnotnull(customer_id#2184L)","",false
1,4,209,"Parquet",0,0,0,0,"InMemoryFileIndex(1 paths)[s3a://goes-se-sandbox/data/warehouse/tablespace/external/hive/demo_pauldefusco.db/trs_v26]","IsNotNull(transaction_id), LessThan(transaction_id,12500000000), IsNotNull(account_id)","transaction_id:bigint,customer_id:bigint,account_id:bigint,merchant_id:bigint,branch_id:bigint,transaction_date:date,transaction_amount:double,fraud_flag:int","isnotnull(transaction_id#2307L), (transaction_id#2307L < 12500000000), isnotnull(account_id#2309L)","",false
1,4,402,"Parquet",0,0,0,0,"InMemoryFileIndex(1 paths)[s3a://goes-se-sandbox/data/warehouse/tablespace/external/hive/demo_pauldefusco.db/trs_v26]","IsNotNull(transaction_id), LessThan(transaction_id,12500000000)","transaction_id:bigint,customer_id:bigint,account_id:bigint,merchant_id:bigint,branch_id:bigint,transaction_date:date,transaction_amount:double,fraud_flag:int","isnotnull(transaction_id#3642L), (transaction_id#3642L < 12500000000)","",false
1,4,326,"Parquet",0,0,0,0,"InMemoryFileIndex(1 paths)[s3a://goes-se-sandbox/data/warehouse/tablespace/external/hive/demo_pauldefusco.db/trs_v26]","IsNotNull(transaction_id), LessThan(transaction_id,12500000000), IsNotNull(payment_channel), IsNotNull(payment_type), IsNotNull(device_type)","transaction_id:bigint,customer_id:bigint,account_id:bigint,merchant_id:bigint,branch_id:bigint,transaction_date:date,transaction_amount:double,payment_channel:string,payment_type:string,device_type:string,fraud_flag:int","isnotnull(transaction_id#3237L), (transaction_id#3237L < 12500000000), isnotnull(payment_channel#3246), isnotnull(payment_type#3247), isnotnull(device_type#3248)","",false
1,5,263,"Parquet",0,0,0,0,"InMemoryFileIndex(1 paths)[s3a://goes-se-sandbox/data/warehouse/tablespace/external/hive/demo_pauldefusco.db/accounts_skewed]","IsNotNull(account_id)","account_id:bigint","isnotnull(account_id#2948L)","",false
1,5,125,"Parquet",0,0,0,0,"InMemoryFileIndex(1 paths)[s3a://goes-se-sandbox/data/warehouse/tablespace/external/hive/demo_pauldefusco.db/accounts_skewed]","IsNotNull(account_id), IsNotNull(account_type)","account_id:bigint,account_type:string,account_status:string","isnotnull(account_id#2676L), isnotnull(account_type#2677)","",false
1,5,61,"Parquet",0,0,0,0,"InMemoryFileIndex(1 paths)[s3a://goes-se-sandbox/data/warehouse/tablespace/external/hive/demo_pauldefusco.db/accounts_skewed]","IsNotNull(account_id)","account_id:bigint,account_type:string,account_status:string,current_balance:double,credit_limit:double,interest_rate:double","isnotnull(account_id#52L)","",false
1,5,225,"Parquet",0,0,0,0,"InMemoryFileIndex(1 paths)[s3a://goes-se-sandbox/data/warehouse/tablespace/external/hive/demo_pauldefusco.db/accounts_skewed]","IsNotNull(account_id), IsNotNull(account_type), IsNotNull(account_status)","account_id:bigint,account_type:string,account_status:string,current_balance:double,credit_limit:double,interest_rate:double","isnotnull(account_id#2333L), isnotnull(account_type#2334), isnotnull(account_status#2336)","",false
1,5,179,"Parquet",0,0,0,0,"InMemoryFileIndex(1 paths)[s3a://goes-se-sandbox/data/warehouse/tablespace/external/hive/demo_pauldefusco.db/accounts_skewed]","IsNotNull(account_id)","account_id:bigint,current_balance:double,interest_rate:double","isnotnull(account_id#2209L)","",false
1,5,135,"Parquet",0,0,0,0,"InMemoryFileIndex(1 paths)[s3a://goes-se-sandbox/data/warehouse/tablespace/external/hive/demo_pauldefusco.db/branches_skewed]","IsNotNull(branch_id)","branch_id:bigint","isnotnull(branch_id#2695L)","",false
1,5,71,"Parquet",0,0,0,0,"InMemoryFileIndex(1 paths)[s3a://goes-se-sandbox/data/warehouse/tablespace/external/hive/demo_pauldefusco.db/branches_skewed]","IsNotNull(branch_id)","branch_id:bigint,region:string,branch_type:string","isnotnull(branch_id#91L)","",false
1,5,381,"Parquet",0,0,0,0,"InMemoryFileIndex(1 paths)[s3a://goes-se-sandbox/data/warehouse/tablespace/external/hive/demo_pauldefusco.db/branches_skewed]","IsNotNull(branch_id), IsNotNull(region), IsNotNull(branch_type)","branch_id:bigint,region:string,branch_type:string","isnotnull(branch_id#4015L), isnotnull(region#4018), isnotnull(branch_type#4019)","",false
1,5,419,"Parquet",0,0,0,0,"InMemoryFileIndex(1 paths)[s3a://goes-se-sandbox/data/warehouse/tablespace/external/hive/demo_pauldefusco.db/branches_skewed]","IsNotNull(branch_id), IsNotNull(region), IsNotNull(branch_type)","branch_id:bigint,region:string,branch_type:string,assets_under_management:double,annual_operating_cost:double","isnotnull(branch_id#3687L), isnotnull(region#3690), isnotnull(branch_type#3691)","",false
1,5,140,"Parquet",0,0,0,0,"InMemoryFileIndex(1 paths)[s3a://goes-se-sandbox/data/warehouse/tablespace/external/hive/demo_pauldefusco.db/calendar]","IsNotNull(calendar_date), IsNotNull(year), IsNotNull(month)","calendar_date:date,year:int,month:int","isnotnull(calendar_date#2706), isnotnull(year#2708), isnotnull(month#2710)","",false
1,5,189,"Parquet",0,0,0,0,"InMemoryFileIndex(1 paths)[s3a://goes-se-sandbox/data/warehouse/tablespace/external/hive/demo_pauldefusco.db/calendar]","IsNotNull(calendar_date), IsNotNull(year), IsNotNull(month)","calendar_date:date,year:int,month:int,is_weekend:boolean","isnotnull(calendar_date#2239), isnotnull(year#2241), isnotnull(month#2243)","",false
1,5,273,"Parquet",0,0,0,0,"InMemoryFileIndex(1 paths)[s3a://goes-se-sandbox/data/warehouse/tablespace/external/hive/demo_pauldefusco.db/calendar]","IsNotNull(calendar_date), IsNotNull(year), IsNotNull(quarter)","calendar_date:date,year:int,quarter:int","isnotnull(calendar_date#2978), isnotnull(year#2980), isnotnull(quarter#2981)","",false
1,5,308,"Parquet",0,0,0,0,"InMemoryFileIndex(1 paths)[s3a://goes-se-sandbox/data/warehouse/tablespace/external/hive/demo_pauldefusco.db/calendar]","IsNotNull(calendar_date), IsNotNull(year), IsNotNull(quarter)","calendar_date:date,year:int,quarter:int,is_weekend:boolean","isnotnull(calendar_date#2556), isnotnull(year#2558), isnotnull(quarter#2559)","",false
1,5,76,"Parquet",0,0,0,0,"InMemoryFileIndex(1 paths)[s3a://goes-se-sandbox/data/warehouse/tablespace/external/hive/demo_pauldefusco.db/calendar]","IsNotNull(calendar_date)","calendar_date:date,year:int,quarter:int,month:int,is_weekend:boolean","isnotnull(calendar_date#113)","",false
1,5,257,"Parquet",0,0,0,0,"InMemoryFileIndex(1 paths)[s3a://goes-se-sandbox/data/warehouse/tablespace/external/hive/demo_pauldefusco.db/customers_skewed]","IsNotNull(customer_id)","customer_id:bigint","isnotnull(customer_id#2937L)","",false
1,5,219,"Parquet",0,0,0,0,"InMemoryFileIndex(1 paths)[s3a://goes-se-sandbox/data/warehouse/tablespace/external/hive/demo_pauldefusco.db/customers_skewed]","IsNotNull(customer_id)","customer_id:bigint,credit_score:int","isnotnull(customer_id#2322L)","",false
1,5,413,"Parquet",0,0,0,0,"InMemoryFileIndex(1 paths)[s3a://goes-se-sandbox/data/warehouse/tablespace/external/hive/demo_pauldefusco.db/customers_skewed]","IsNotNull(customer_id), IsNotNull(customer_segment), IsNotNull(income_band)","customer_id:bigint,credit_score:int,income_band:string,customer_segment:string","isnotnull(customer_id#3657L), isnotnull(customer_segment#3664), isnotnull(income_band#3662)","",false
1,5,173,"Parquet",0,0,0,0,"InMemoryFileIndex(1 paths)[s3a://goes-se-sandbox/data/warehouse/tablespace/external/hive/demo_pauldefusco.db/customers_skewed]","IsNotNull(customer_id), IsNotNull(customer_segment), IsNotNull(income_band), IsNotNull(risk_rating)","customer_id:bigint,credit_score:int,income_band:string,customer_segment:string,risk_rating:string","isnotnull(customer_id#2198L), isnotnull(customer_segment#2205), isnotnull(income_band#2203), isnotnull(risk_rating#2207)","",false
1,5,55,"Parquet",0,0,0,0,"InMemoryFileIndex(1 paths)[s3a://goes-se-sandbox/data/warehouse/tablespace/external/hive/demo_pauldefusco.db/customers_skewed]","IsNotNull(customer_id)","customer_id:bigint,credit_score:int,income_band:string,estimated_income:double,customer_segment:string,risk_rating:string","isnotnull(customer_id#31L)","",false
1,5,370,"Parquet",0,0,0,0,"InMemoryFileIndex(1 paths)[s3a://goes-se-sandbox/data/warehouse/tablespace/external/hive/demo_pauldefusco.db/customers_skewed]","IsNotNull(customer_id), IsNotNull(customer_segment), IsNotNull(income_band)","customer_id:bigint,income_band:string,customer_segment:string","isnotnull(customer_id#3985L), isnotnull(customer_segment#3992), isnotnull(income_band#3990)","",false
1,5,119,"Parquet",0,0,0,0,"InMemoryFileIndex(1 paths)[s3a://goes-se-sandbox/data/warehouse/tablespace/external/hive/demo_pauldefusco.db/customers_skewed]","IsNotNull(customer_id), IsNotNull(customer_segment), IsNotNull(income_band), IsNotNull(risk_rating)","customer_id:bigint,income_band:string,customer_segment:string,risk_rating:string","isnotnull(customer_id#2665L), isnotnull(customer_segment#2672), isnotnull(income_band#2670), isnotnull(risk_rating#2674)","",false
1,5,130,"Parquet",0,0,0,0,"InMemoryFileIndex(1 paths)[s3a://goes-se-sandbox/data/warehouse/tablespace/external/hive/demo_pauldefusco.db/merchants_skewed]","IsNotNull(merchant_id)","merchant_id:bigint","isnotnull(merchant_id#2685L)","",false
1,5,376,"Parquet",0,0,0,0,"InMemoryFileIndex(1 paths)[s3a://goes-se-sandbox/data/warehouse/tablespace/external/hive/demo_pauldefusco.db/merchants_skewed]","IsNotNull(merchant_id), IsNotNull(region)","merchant_id:bigint,region:string","isnotnull(merchant_id#4005L), isnotnull(region#4007)","",false
1,5,448,"Parquet",0,0,0,0,"InMemoryFileIndex(1 paths)[s3a://goes-se-sandbox/data/warehouse/tablespace/external/hive/demo_pauldefusco.db/merchants_skewed]","IsNotNull(merchant_id), IsNotNull(region)","merchant_id:bigint,region:string,risk_level:string","isnotnull(merchant_id#3810L), isnotnull(region#3812)","",false
1,5,303,"Parquet",0,0,0,0,"InMemoryFileIndex(1 paths)[s3a://goes-se-sandbox/data/warehouse/tablespace/external/hive/demo_pauldefusco.db/merchants_skewed]","IsNotNull(merchant_id), IsNotNull(region), IsNotNull(risk_level), IsNotNull(merchant_size)","merchant_id:bigint,region:string,risk_level:string,annual_revenue:double,merchant_size:string","isnotnull(merchant_id#2535L), isnotnull(region#2537), isnotnull(risk_level#2540), isnotnull(merchant_size#2542)","",false
1,5,66,"Parquet",0,0,0,0,"InMemoryFileIndex(1 paths)[s3a://goes-se-sandbox/data/warehouse/tablespace/external/hive/demo_pauldefusco.db/merchants_skewed]","IsNotNull(merchant_id)","merchant_id:bigint,region:string,risk_level:string,merchant_size:string","isnotnull(merchant_id#71L)","",false
1,5,268,"Parquet",0,0,0,0,"InMemoryFileIndex(1 paths)[s3a://goes-se-sandbox/data/warehouse/tablespace/external/hive/demo_pauldefusco.db/merchants_skewed]","IsNotNull(merchant_id), IsNotNull(region)","merchant_id:bigint,region:string,risk_level:string,merchant_size:string","isnotnull(merchant_id#2957L), isnotnull(region#2959)","",false
1,5,184,"Parquet",0,0,0,0,"InMemoryFileIndex(1 paths)[s3a://goes-se-sandbox/data/warehouse/tablespace/external/hive/demo_pauldefusco.db/merchants_skewed]","IsNotNull(merchant_id)","merchant_id:bigint,risk_level:string","isnotnull(merchant_id#2218L)","",false
1,5,111,"Parquet",0,0,0,0,"InMemoryFileIndex(1 paths)[s3a://goes-se-sandbox/data/warehouse/tablespace/external/hive/demo_pauldefusco.db/trs_v26]","IsNotNull(transaction_id), LessThan(transaction_id,12500000000), IsNotNull(customer_id), IsNotNull(account_id)","transaction_id:bigint,customer_id:bigint,account_id:bigint,merchant_id:bigint,branch_id:bigint,transaction_date:date","isnotnull(transaction_id#2650L), (transaction_id#2650L < 12500000000), isnotnull(customer_id#2651L), isnotnull(account_id#2652L)","",false
1,5,252,"Parquet",0,0,0,0,"InMemoryFileIndex(1 paths)[s3a://goes-se-sandbox/data/warehouse/tablespace/external/hive/demo_pauldefusco.db/trs_v26]","IsNotNull(transaction_id), LessThan(transaction_id,12500000000), IsNotNull(customer_id), IsNotNull(merchant_id), IsNotNull(merchant_category)","transaction_id:bigint,customer_id:bigint,account_id:bigint,merchant_id:bigint,branch_id:bigint,transaction_date:date,merchant_category:string","isnotnull(transaction_id#2922L), (transaction_id#2922L < 12500000000), isnotnull(customer_id#2923L), isnotnull(merchant_id#2925L), isnotnull(merchant_category#2929)","",false
1,5,364,"Parquet",0,0,0,0,"InMemoryFileIndex(1 paths)[s3a://goes-se-sandbox/data/warehouse/tablespace/external/hive/demo_pauldefusco.db/trs_v26]","IsNotNull(transaction_id), LessThan(transaction_id,12500000000), IsNotNull(merchant_category)","transaction_id:bigint,customer_id:bigint,account_id:bigint,merchant_id:bigint,branch_id:bigint,transaction_date:date,merchant_category:string","isnotnull(transaction_id#3970L), (transaction_id#3970L < 12500000000), isnotnull(merchant_category#3977)","",false
1,5,297,"Parquet",0,0,0,0,"InMemoryFileIndex(1 paths)[s3a://goes-se-sandbox/data/warehouse/tablespace/external/hive/demo_pauldefusco.db/trs_v26]","IsNotNull(transaction_id), LessThan(transaction_id,12500000000), IsNotNull(merchant_id), IsNotNull(merchant_category)","transaction_id:bigint,customer_id:bigint,account_id:bigint,merchant_id:bigint,branch_id:bigint,transaction_date:date,merchant_category:string,transaction_amount:double,fraud_flag:int","isnotnull(transaction_id#2500L), (transaction_id#2500L < 12500000000), isnotnull(merchant_id#2503L), isnotnull(merchant_category#2507)","",false
1,5,442,"Parquet",0,0,0,0,"InMemoryFileIndex(1 paths)[s3a://goes-se-sandbox/data/warehouse/tablespace/external/hive/demo_pauldefusco.db/trs_v26]","IsNotNull(transaction_id), IsNotNull(fraud_flag), LessThan(transaction_id,12500000000), EqualTo(fraud_flag,1), IsNotNull(merchant_category)","transaction_id:bigint,customer_id:bigint,account_id:bigint,merchant_id:bigint,branch_id:bigint,transaction_date:date,merchant_category:string,transaction_amount:double,fraud_flag:int","isnotnull(transaction_id#3775L), isnotnull(fraud_flag#3787), (transaction_id#3775L < 12500000000), (fraud_flag#3787 = 1), isnotnull(merchant_category#3782)","",false
1,5,48,"Parquet",0,0,0,0,"InMemoryFileIndex(1 paths)[s3a://goes-se-sandbox/data/warehouse/tablespace/external/hive/demo_pauldefusco.db/trs_v26]","IsNotNull(transaction_id), LessThan(transaction_id,12500000000)","transaction_id:bigint,customer_id:bigint,account_id:bigint,merchant_id:bigint,branch_id:bigint,transaction_date:date,merchant_category:string,transaction_amount:double,payment_channel:string,payment_type:string,device_type:string,fraud_flag:int","isnotnull(transaction_id#0L), (transaction_id#0L < 12500000000)","",false
1,5,167,"Parquet",0,0,0,0,"InMemoryFileIndex(1 paths)[s3a://goes-se-sandbox/data/warehouse/tablespace/external/hive/demo_pauldefusco.db/trs_v26]","IsNotNull(transaction_id), LessThan(transaction_id,12500000000), IsNotNull(customer_id)","transaction_id:bigint,customer_id:bigint,account_id:bigint,merchant_id:bigint,branch_id:bigint,transaction_date:date,transaction_amount:double,fraud_flag:int","isnotnull(transaction_id#2183L), (transaction_id#2183L < 12500000000), isnotnull(customer_id#2184L)","",false
1,5,214,"Parquet",0,0,0,0,"InMemoryFileIndex(1 paths)[s3a://goes-se-sandbox/data/warehouse/tablespace/external/hive/demo_pauldefusco.db/trs_v26]","IsNotNull(transaction_id), LessThan(transaction_id,12500000000), IsNotNull(account_id)","transaction_id:bigint,customer_id:bigint,account_id:bigint,merchant_id:bigint,branch_id:bigint,transaction_date:date,transaction_amount:double,fraud_flag:int","isnotnull(transaction_id#2307L), (transaction_id#2307L < 12500000000), isnotnull(account_id#2309L)","",false
1,5,407,"Parquet",0,0,0,0,"InMemoryFileIndex(1 paths)[s3a://goes-se-sandbox/data/warehouse/tablespace/external/hive/demo_pauldefusco.db/trs_v26]","IsNotNull(transaction_id), LessThan(transaction_id,12500000000)","transaction_id:bigint,customer_id:bigint,account_id:bigint,merchant_id:bigint,branch_id:bigint,transaction_date:date,transaction_amount:double,fraud_flag:int","isnotnull(transaction_id#3642L), (transaction_id#3642L < 12500000000)","",false
1,5,331,"Parquet",0,0,0,0,"InMemoryFileIndex(1 paths)[s3a://goes-se-sandbox/data/warehouse/tablespace/external/hive/demo_pauldefusco.db/trs_v26]","IsNotNull(transaction_id), LessThan(transaction_id,12500000000), IsNotNull(payment_channel), IsNotNull(payment_type), IsNotNull(device_type)","transaction_id:bigint,customer_id:bigint,account_id:bigint,merchant_id:bigint,branch_id:bigint,transaction_date:date,transaction_amount:double,payment_channel:string,payment_type:string,device_type:string,fraud_flag:int","isnotnull(transaction_id#3237L), (transaction_id#3237L < 12500000000), isnotnull(payment_channel#3246), isnotnull(payment_type#3247), isnotnull(device_type#3248)","",false
1,6,268,"Parquet",0,0,0,0,"InMemoryFileIndex(1 paths)[s3a://goes-se-sandbox/data/warehouse/tablespace/external/hive/demo_pauldefusco.db/accounts_skewed]","IsNotNull(account_id)","account_id:bigint","isnotnull(account_id#2948L)","",false
1,6,125,"Parquet",0,0,0,0,"InMemoryFileIndex(1 paths)[s3a://goes-se-sandbox/data/warehouse/tablespace/external/hive/demo_pauldefusco.db/accounts_skewed]","IsNotNull(account_id), IsNotNull(account_type)","account_id:bigint,account_type:string,account_status:string","isnotnull(account_id#2676L), isnotnull(account_type#2677)","",false
1,6,61,"Parquet",0,0,0,0,"InMemoryFileIndex(1 paths)[s3a://goes-se-sandbox/data/warehouse/tablespace/external/hive/demo_pauldefusco.db/accounts_skewed]","IsNotNull(account_id)","account_id:bigint,account_type:string,account_status:string,current_balance:double,credit_limit:double,interest_rate:double","isnotnull(account_id#52L)","",false
1,6,230,"Parquet",0,0,0,0,"InMemoryFileIndex(1 paths)[s3a://goes-se-sandbox/data/warehouse/tablespace/external/hive/demo_pauldefusco.db/accounts_skewed]","IsNotNull(account_id), IsNotNull(account_type), IsNotNull(account_status)","account_id:bigint,account_type:string,account_status:string,current_balance:double,credit_limit:double,interest_rate:double","isnotnull(account_id#2333L), isnotnull(account_type#2334), isnotnull(account_status#2336)","",false
1,6,184,"Parquet",0,0,0,0,"InMemoryFileIndex(1 paths)[s3a://goes-se-sandbox/data/warehouse/tablespace/external/hive/demo_pauldefusco.db/accounts_skewed]","IsNotNull(account_id)","account_id:bigint,current_balance:double,interest_rate:double","isnotnull(account_id#2209L)","",false
1,6,135,"Parquet",0,0,0,0,"InMemoryFileIndex(1 paths)[s3a://goes-se-sandbox/data/warehouse/tablespace/external/hive/demo_pauldefusco.db/branches_skewed]","IsNotNull(branch_id)","branch_id:bigint","isnotnull(branch_id#2695L)","",false
1,6,71,"Parquet",0,0,0,0,"InMemoryFileIndex(1 paths)[s3a://goes-se-sandbox/data/warehouse/tablespace/external/hive/demo_pauldefusco.db/branches_skewed]","IsNotNull(branch_id)","branch_id:bigint,region:string,branch_type:string","isnotnull(branch_id#91L)","",false
1,6,386,"Parquet",0,0,0,0,"InMemoryFileIndex(1 paths)[s3a://goes-se-sandbox/data/warehouse/tablespace/external/hive/demo_pauldefusco.db/branches_skewed]","IsNotNull(branch_id), IsNotNull(region), IsNotNull(branch_type)","branch_id:bigint,region:string,branch_type:string","isnotnull(branch_id#4015L), isnotnull(region#4018), isnotnull(branch_type#4019)","",false
1,6,424,"Parquet",0,0,0,0,"InMemoryFileIndex(1 paths)[s3a://goes-se-sandbox/data/warehouse/tablespace/external/hive/demo_pauldefusco.db/branches_skewed]","IsNotNull(branch_id), IsNotNull(region), IsNotNull(branch_type)","branch_id:bigint,region:string,branch_type:string,assets_under_management:double,annual_operating_cost:double","isnotnull(branch_id#3687L), isnotnull(region#3690), isnotnull(branch_type#3691)","",false
1,6,140,"Parquet",0,0,0,0,"InMemoryFileIndex(1 paths)[s3a://goes-se-sandbox/data/warehouse/tablespace/external/hive/demo_pauldefusco.db/calendar]","IsNotNull(calendar_date), IsNotNull(year), IsNotNull(month)","calendar_date:date,year:int,month:int","isnotnull(calendar_date#2706), isnotnull(year#2708), isnotnull(month#2710)","",false
1,6,194,"Parquet",0,0,0,0,"InMemoryFileIndex(1 paths)[s3a://goes-se-sandbox/data/warehouse/tablespace/external/hive/demo_pauldefusco.db/calendar]","IsNotNull(calendar_date), IsNotNull(year), IsNotNull(month)","calendar_date:date,year:int,month:int,is_weekend:boolean","isnotnull(calendar_date#2239), isnotnull(year#2241), isnotnull(month#2243)","",false
1,6,278,"Parquet",0,0,0,0,"InMemoryFileIndex(1 paths)[s3a://goes-se-sandbox/data/warehouse/tablespace/external/hive/demo_pauldefusco.db/calendar]","IsNotNull(calendar_date), IsNotNull(year), IsNotNull(quarter)","calendar_date:date,year:int,quarter:int","isnotnull(calendar_date#2978), isnotnull(year#2980), isnotnull(quarter#2981)","",false
1,6,313,"Parquet",0,0,0,0,"InMemoryFileIndex(1 paths)[s3a://goes-se-sandbox/data/warehouse/tablespace/external/hive/demo_pauldefusco.db/calendar]","IsNotNull(calendar_date), IsNotNull(year), IsNotNull(quarter)","calendar_date:date,year:int,quarter:int,is_weekend:boolean","isnotnull(calendar_date#2556), isnotnull(year#2558), isnotnull(quarter#2559)","",false
1,6,76,"Parquet",0,0,0,0,"InMemoryFileIndex(1 paths)[s3a://goes-se-sandbox/data/warehouse/tablespace/external/hive/demo_pauldefusco.db/calendar]","IsNotNull(calendar_date)","calendar_date:date,year:int,quarter:int,month:int,is_weekend:boolean","isnotnull(calendar_date#113)","",false
1,6,262,"Parquet",0,0,0,0,"InMemoryFileIndex(1 paths)[s3a://goes-se-sandbox/data/warehouse/tablespace/external/hive/demo_pauldefusco.db/customers_skewed]","IsNotNull(customer_id)","customer_id:bigint","isnotnull(customer_id#2937L)","",false
1,6,224,"Parquet",0,0,0,0,"InMemoryFileIndex(1 paths)[s3a://goes-se-sandbox/data/warehouse/tablespace/external/hive/demo_pauldefusco.db/customers_skewed]","IsNotNull(customer_id)","customer_id:bigint,credit_score:int","isnotnull(customer_id#2322L)","",false
1,6,418,"Parquet",0,0,0,0,"InMemoryFileIndex(1 paths)[s3a://goes-se-sandbox/data/warehouse/tablespace/external/hive/demo_pauldefusco.db/customers_skewed]","IsNotNull(customer_id), IsNotNull(customer_segment), IsNotNull(income_band)","customer_id:bigint,credit_score:int,income_band:string,customer_segment:string","isnotnull(customer_id#3657L), isnotnull(customer_segment#3664), isnotnull(income_band#3662)","",false
1,6,178,"Parquet",0,0,0,0,"InMemoryFileIndex(1 paths)[s3a://goes-se-sandbox/data/warehouse/tablespace/external/hive/demo_pauldefusco.db/customers_skewed]","IsNotNull(customer_id), IsNotNull(customer_segment), IsNotNull(income_band), IsNotNull(risk_rating)","customer_id:bigint,credit_score:int,income_band:string,customer_segment:string,risk_rating:string","isnotnull(customer_id#2198L), isnotnull(customer_segment#2205), isnotnull(income_band#2203), isnotnull(risk_rating#2207)","",false
1,6,55,"Parquet",0,0,0,0,"InMemoryFileIndex(1 paths)[s3a://goes-se-sandbox/data/warehouse/tablespace/external/hive/demo_pauldefusco.db/customers_skewed]","IsNotNull(customer_id)","customer_id:bigint,credit_score:int,income_band:string,estimated_income:double,customer_segment:string,risk_rating:string","isnotnull(customer_id#31L)","",false
1,6,375,"Parquet",0,0,0,0,"InMemoryFileIndex(1 paths)[s3a://goes-se-sandbox/data/warehouse/tablespace/external/hive/demo_pauldefusco.db/customers_skewed]","IsNotNull(customer_id), IsNotNull(customer_segment), IsNotNull(income_band)","customer_id:bigint,income_band:string,customer_segment:string","isnotnull(customer_id#3985L), isnotnull(customer_segment#3992), isnotnull(income_band#3990)","",false
1,6,119,"Parquet",0,0,0,0,"InMemoryFileIndex(1 paths)[s3a://goes-se-sandbox/data/warehouse/tablespace/external/hive/demo_pauldefusco.db/customers_skewed]","IsNotNull(customer_id), IsNotNull(customer_segment), IsNotNull(income_band), IsNotNull(risk_rating)","customer_id:bigint,income_band:string,customer_segment:string,risk_rating:string","isnotnull(customer_id#2665L), isnotnull(customer_segment#2672), isnotnull(income_band#2670), isnotnull(risk_rating#2674)","",false
1,6,130,"Parquet",0,0,0,0,"InMemoryFileIndex(1 paths)[s3a://goes-se-sandbox/data/warehouse/tablespace/external/hive/demo_pauldefusco.db/merchants_skewed]","IsNotNull(merchant_id)","merchant_id:bigint","isnotnull(merchant_id#2685L)","",false
1,6,381,"Parquet",0,0,0,0,"InMemoryFileIndex(1 paths)[s3a://goes-se-sandbox/data/warehouse/tablespace/external/hive/demo_pauldefusco.db/merchants_skewed]","IsNotNull(merchant_id), IsNotNull(region)","merchant_id:bigint,region:string","isnotnull(merchant_id#4005L), isnotnull(region#4007)","",false
1,6,453,"Parquet",0,0,0,0,"InMemoryFileIndex(1 paths)[s3a://goes-se-sandbox/data/warehouse/tablespace/external/hive/demo_pauldefusco.db/merchants_skewed]","IsNotNull(merchant_id), IsNotNull(region)","merchant_id:bigint,region:string,risk_level:string","isnotnull(merchant_id#3810L), isnotnull(region#3812)","",false
1,6,308,"Parquet",0,0,0,0,"InMemoryFileIndex(1 paths)[s3a://goes-se-sandbox/data/warehouse/tablespace/external/hive/demo_pauldefusco.db/merchants_skewed]","IsNotNull(merchant_id), IsNotNull(region), IsNotNull(risk_level), IsNotNull(merchant_size)","merchant_id:bigint,region:string,risk_level:string,annual_revenue:double,merchant_size:string","isnotnull(merchant_id#2535L), isnotnull(region#2537), isnotnull(risk_level#2540), isnotnull(merchant_size#2542)","",false
1,6,66,"Parquet",0,0,0,0,"InMemoryFileIndex(1 paths)[s3a://goes-se-sandbox/data/warehouse/tablespace/external/hive/demo_pauldefusco.db/merchants_skewed]","IsNotNull(merchant_id)","merchant_id:bigint,region:string,risk_level:string,merchant_size:string","isnotnull(merchant_id#71L)","",false
1,6,273,"Parquet",0,0,0,0,"InMemoryFileIndex(1 paths)[s3a://goes-se-sandbox/data/warehouse/tablespace/external/hive/demo_pauldefusco.db/merchants_skewed]","IsNotNull(merchant_id), IsNotNull(region)","merchant_id:bigint,region:string,risk_level:string,merchant_size:string","isnotnull(merchant_id#2957L), isnotnull(region#2959)","",false
1,6,189,"Parquet",0,0,0,0,"InMemoryFileIndex(1 paths)[s3a://goes-se-sandbox/data/warehouse/tablespace/external/hive/demo_pauldefusco.db/merchants_skewed]","IsNotNull(merchant_id)","merchant_id:bigint,risk_level:string","isnotnull(merchant_id#2218L)","",false
1,6,111,"Parquet",0,0,0,0,"InMemoryFileIndex(1 paths)[s3a://goes-se-sandbox/data/warehouse/tablespace/external/hive/demo_pauldefusco.db/trs_v26]","IsNotNull(transaction_id), LessThan(transaction_id,12500000000), IsNotNull(customer_id), IsNotNull(account_id)","transaction_id:bigint,customer_id:bigint,account_id:bigint,merchant_id:bigint,branch_id:bigint,transaction_date:date","isnotnull(transaction_id#2650L), (transaction_id#2650L < 12500000000), isnotnull(customer_id#2651L), isnotnull(account_id#2652L)","",false
1,6,257,"Parquet",0,0,0,0,"InMemoryFileIndex(1 paths)[s3a://goes-se-sandbox/data/warehouse/tablespace/external/hive/demo_pauldefusco.db/trs_v26]","IsNotNull(transaction_id), LessThan(transaction_id,12500000000), IsNotNull(customer_id), IsNotNull(merchant_id), IsNotNull(merchant_category)","transaction_id:bigint,customer_id:bigint,account_id:bigint,merchant_id:bigint,branch_id:bigint,transaction_date:date,merchant_category:string","isnotnull(transaction_id#2922L), (transaction_id#2922L < 12500000000), isnotnull(customer_id#2923L), isnotnull(merchant_id#2925L), isnotnull(merchant_category#2929)","",false
1,6,369,"Parquet",0,0,0,0,"InMemoryFileIndex(1 paths)[s3a://goes-se-sandbox/data/warehouse/tablespace/external/hive/demo_pauldefusco.db/trs_v26]","IsNotNull(transaction_id), LessThan(transaction_id,12500000000), IsNotNull(merchant_category)","transaction_id:bigint,customer_id:bigint,account_id:bigint,merchant_id:bigint,branch_id:bigint,transaction_date:date,merchant_category:string","isnotnull(transaction_id#3970L), (transaction_id#3970L < 12500000000), isnotnull(merchant_category#3977)","",false
1,6,302,"Parquet",0,0,0,0,"InMemoryFileIndex(1 paths)[s3a://goes-se-sandbox/data/warehouse/tablespace/external/hive/demo_pauldefusco.db/trs_v26]","IsNotNull(transaction_id), LessThan(transaction_id,12500000000), IsNotNull(merchant_id), IsNotNull(merchant_category)","transaction_id:bigint,customer_id:bigint,account_id:bigint,merchant_id:bigint,branch_id:bigint,transaction_date:date,merchant_category:string,transaction_amount:double,fraud_flag:int","isnotnull(transaction_id#2500L), (transaction_id#2500L < 12500000000), isnotnull(merchant_id#2503L), isnotnull(merchant_category#2507)","",false
1,6,447,"Parquet",0,0,0,0,"InMemoryFileIndex(1 paths)[s3a://goes-se-sandbox/data/warehouse/tablespace/external/hive/demo_pauldefusco.db/trs_v26]","IsNotNull(transaction_id), IsNotNull(fraud_flag), LessThan(transaction_id,12500000000), EqualTo(fraud_flag,1), IsNotNull(merchant_category)","transaction_id:bigint,customer_id:bigint,account_id:bigint,merchant_id:bigint,branch_id:bigint,transaction_date:date,merchant_category:string,transaction_amount:double,fraud_flag:int","isnotnull(transaction_id#3775L), isnotnull(fraud_flag#3787), (transaction_id#3775L < 12500000000), (fraud_flag#3787 = 1), isnotnull(merchant_category#3782)","",false
1,6,48,"Parquet",0,0,0,0,"InMemoryFileIndex(1 paths)[s3a://goes-se-sandbox/data/warehouse/tablespace/external/hive/demo_pauldefusco.db/trs_v26]","IsNotNull(transaction_id), LessThan(transaction_id,12500000000)","transaction_id:bigint,customer_id:bigint,account_id:bigint,merchant_id:bigint,branch_id:bigint,transaction_date:date,merchant_category:string,transaction_amount:double,payment_channel:string,payment_type:string,device_type:string,fraud_flag:int","isnotnull(transaction_id#0L), (transaction_id#0L < 12500000000)","",false
1,6,170,"Parquet",0,0,0,0,"InMemoryFileIndex(1 paths)[s3a://goes-se-sandbox/data/warehouse/tablespace/external/hive/demo_pauldefusco.db/trs_v26]","IsNotNull(transaction_id), LessThan(transaction_id,12500000000), IsNotNull(customer_id)","transaction_id:bigint,customer_id:bigint,account_id:bigint,merchant_id:bigint,branch_id:bigint,transaction_date:date,transaction_amount:double,fraud_flag:int","isnotnull(transaction_id#2183L), (transaction_id#2183L < 12500000000), isnotnull(customer_id#2184L)","",false
1,6,219,"Parquet",0,0,0,0,"InMemoryFileIndex(1 paths)[s3a://goes-se-sandbox/data/warehouse/tablespace/external/hive/demo_pauldefusco.db/trs_v26]","IsNotNull(transaction_id), LessThan(transaction_id,12500000000), IsNotNull(account_id)","transaction_id:bigint,customer_id:bigint,account_id:bigint,merchant_id:bigint,branch_id:bigint,transaction_date:date,transaction_amount:double,fraud_flag:int","isnotnull(transaction_id#2307L), (transaction_id#2307L < 12500000000), isnotnull(account_id#2309L)","",false
1,6,412,"Parquet",0,0,0,0,"InMemoryFileIndex(1 paths)[s3a://goes-se-sandbox/data/warehouse/tablespace/external/hive/demo_pauldefusco.db/trs_v26]","IsNotNull(transaction_id), LessThan(transaction_id,12500000000)","transaction_id:bigint,customer_id:bigint,account_id:bigint,merchant_id:bigint,branch_id:bigint,transaction_date:date,transaction_amount:double,fraud_flag:int","isnotnull(transaction_id#3642L), (transaction_id#3642L < 12500000000)","",false
1,6,336,"Parquet",0,0,0,0,"InMemoryFileIndex(1 paths)[s3a://goes-se-sandbox/data/warehouse/tablespace/external/hive/demo_pauldefusco.db/trs_v26]","IsNotNull(transaction_id), LessThan(transaction_id,12500000000), IsNotNull(payment_channel), IsNotNull(payment_type), IsNotNull(device_type)","transaction_id:bigint,customer_id:bigint,account_id:bigint,merchant_id:bigint,branch_id:bigint,transaction_date:date,transaction_amount:double,payment_channel:string,payment_type:string,device_type:string,fraud_flag:int","isnotnull(transaction_id#3237L), (transaction_id#3237L < 12500000000), isnotnull(payment_channel#3246), isnotnull(payment_type#3247), isnotnull(device_type#3248)","",false
1,7,268,"Parquet",0,0,0,0,"InMemoryFileIndex(1 paths)[s3a://goes-se-sandbox/data/warehouse/tablespace/external/hive/demo_pauldefusco.db/accounts_skewed]","IsNotNull(account_id)","account_id:bigint","isnotnull(account_id#2948L)","",false
1,7,125,"Parquet",0,0,0,0,"InMemoryFileIndex(1 paths)[s3a://goes-se-sandbox/data/warehouse/tablespace/external/hive/demo_pauldefusco.db/accounts_skewed]","IsNotNull(account_id), IsNotNull(account_type)","account_id:bigint,account_type:string,account_status:string","isnotnull(account_id#2676L), isnotnull(account_type#2677)","",false
1,7,61,"Parquet",0,0,0,0,"InMemoryFileIndex(1 paths)[s3a://goes-se-sandbox/data/warehouse/tablespace/external/hive/demo_pauldefusco.db/accounts_skewed]","IsNotNull(account_id)","account_id:bigint,account_type:string,account_status:string,current_balance:double,credit_limit:double,interest_rate:double","isnotnull(account_id#52L)","",false
1,7,230,"Parquet",0,0,0,0,"InMemoryFileIndex(1 paths)[s3a://goes-se-sandbox/data/warehouse/tablespace/external/hive/demo_pauldefusco.db/accounts_skewed]","IsNotNull(account_id), IsNotNull(account_type), IsNotNull(account_status)","account_id:bigint,account_type:string,account_status:string,current_balance:double,credit_limit:double,interest_rate:double","isnotnull(account_id#2333L), isnotnull(account_type#2334), isnotnull(account_status#2336)","",false
1,7,184,"Parquet",0,0,0,0,"InMemoryFileIndex(1 paths)[s3a://goes-se-sandbox/data/warehouse/tablespace/external/hive/demo_pauldefusco.db/accounts_skewed]","IsNotNull(account_id)","account_id:bigint,current_balance:double,interest_rate:double","isnotnull(account_id#2209L)","",false
1,7,135,"Parquet",0,0,0,0,"InMemoryFileIndex(1 paths)[s3a://goes-se-sandbox/data/warehouse/tablespace/external/hive/demo_pauldefusco.db/branches_skewed]","IsNotNull(branch_id)","branch_id:bigint","isnotnull(branch_id#2695L)","",false
1,7,71,"Parquet",0,0,0,0,"InMemoryFileIndex(1 paths)[s3a://goes-se-sandbox/data/warehouse/tablespace/external/hive/demo_pauldefusco.db/branches_skewed]","IsNotNull(branch_id)","branch_id:bigint,region:string,branch_type:string","isnotnull(branch_id#91L)","",false
1,7,391,"Parquet",0,0,0,0,"InMemoryFileIndex(1 paths)[s3a://goes-se-sandbox/data/warehouse/tablespace/external/hive/demo_pauldefusco.db/branches_skewed]","IsNotNull(branch_id), IsNotNull(region), IsNotNull(branch_type)","branch_id:bigint,region:string,branch_type:string","isnotnull(branch_id#4015L), isnotnull(region#4018), isnotnull(branch_type#4019)","",false
1,7,429,"Parquet",0,0,0,0,"InMemoryFileIndex(1 paths)[s3a://goes-se-sandbox/data/warehouse/tablespace/external/hive/demo_pauldefusco.db/branches_skewed]","IsNotNull(branch_id), IsNotNull(region), IsNotNull(branch_type)","branch_id:bigint,region:string,branch_type:string,assets_under_management:double,annual_operating_cost:double","isnotnull(branch_id#3687L), isnotnull(region#3690), isnotnull(branch_type#3691)","",false
1,7,140,"Parquet",0,0,0,0,"InMemoryFileIndex(1 paths)[s3a://goes-se-sandbox/data/warehouse/tablespace/external/hive/demo_pauldefusco.db/calendar]","IsNotNull(calendar_date), IsNotNull(year), IsNotNull(month)","calendar_date:date,year:int,month:int","isnotnull(calendar_date#2706), isnotnull(year#2708), isnotnull(month#2710)","",false
1,7,194,"Parquet",0,0,0,0,"InMemoryFileIndex(1 paths)[s3a://goes-se-sandbox/data/warehouse/tablespace/external/hive/demo_pauldefusco.db/calendar]","IsNotNull(calendar_date), IsNotNull(year), IsNotNull(month)","calendar_date:date,year:int,month:int,is_weekend:boolean","isnotnull(calendar_date#2239), isnotnull(year#2241), isnotnull(month#2243)","",false
1,7,278,"Parquet",0,0,0,0,"InMemoryFileIndex(1 paths)[s3a://goes-se-sandbox/data/warehouse/tablespace/external/hive/demo_pauldefusco.db/calendar]","IsNotNull(calendar_date), IsNotNull(year), IsNotNull(quarter)","calendar_date:date,year:int,quarter:int","isnotnull(calendar_date#2978), isnotnull(year#2980), isnotnull(quarter#2981)","",false
1,7,313,"Parquet",0,0,0,0,"InMemoryFileIndex(1 paths)[s3a://goes-se-sandbox/data/warehouse/tablespace/external/hive/demo_pauldefusco.db/calendar]","IsNotNull(calendar_date), IsNotNull(year), IsNotNull(quarter)","calendar_date:date,year:int,quarter:int,is_weekend:boolean","isnotnull(calendar_date#2556), isnotnull(year#2558), isnotnull(quarter#2559)","",false
1,7,76,"Parquet",0,0,0,0,"InMemoryFileIndex(1 paths)[s3a://goes-se-sandbox/data/warehouse/tablespace/external/hive/demo_pauldefusco.db/calendar]","IsNotNull(calendar_date)","calendar_date:date,year:int,quarter:int,month:int,is_weekend:boolean","isnotnull(calendar_date#113)","",false
1,7,262,"Parquet",0,0,0,0,"InMemoryFileIndex(1 paths)[s3a://goes-se-sandbox/data/warehouse/tablespace/external/hive/demo_pauldefusco.db/customers_skewed]","IsNotNull(customer_id)","customer_id:bigint","isnotnull(customer_id#2937L)","",false
1,7,224,"Parquet",0,0,0,0,"InMemoryFileIndex(1 paths)[s3a://goes-se-sandbox/data/warehouse/tablespace/external/hive/demo_pauldefusco.db/customers_skewed]","IsNotNull(customer_id)","customer_id:bigint,credit_score:int","isnotnull(customer_id#2322L)","",false
1,7,423,"Parquet",0,0,0,0,"InMemoryFileIndex(1 paths)[s3a://goes-se-sandbox/data/warehouse/tablespace/external/hive/demo_pauldefusco.db/customers_skewed]","IsNotNull(customer_id), IsNotNull(customer_segment), IsNotNull(income_band)","customer_id:bigint,credit_score:int,income_band:string,customer_segment:string","isnotnull(customer_id#3657L), isnotnull(customer_segment#3664), isnotnull(income_band#3662)","",false
1,7,178,"Parquet",0,0,0,0,"InMemoryFileIndex(1 paths)[s3a://goes-se-sandbox/data/warehouse/tablespace/external/hive/demo_pauldefusco.db/customers_skewed]","IsNotNull(customer_id), IsNotNull(customer_segment), IsNotNull(income_band), IsNotNull(risk_rating)","customer_id:bigint,credit_score:int,income_band:string,customer_segment:string,risk_rating:string","isnotnull(customer_id#2198L), isnotnull(customer_segment#2205), isnotnull(income_band#2203), isnotnull(risk_rating#2207)","",false
1,7,55,"Parquet",0,0,0,0,"InMemoryFileIndex(1 paths)[s3a://goes-se-sandbox/data/warehouse/tablespace/external/hive/demo_pauldefusco.db/customers_skewed]","IsNotNull(customer_id)","customer_id:bigint,credit_score:int,income_band:string,estimated_income:double,customer_segment:string,risk_rating:string","isnotnull(customer_id#31L)","",false
1,7,380,"Parquet",0,0,0,0,"InMemoryFileIndex(1 paths)[s3a://goes-se-sandbox/data/warehouse/tablespace/external/hive/demo_pauldefusco.db/customers_skewed]","IsNotNull(customer_id), IsNotNull(customer_segment), IsNotNull(income_band)","customer_id:bigint,income_band:string,customer_segment:string","isnotnull(customer_id#3985L), isnotnull(customer_segment#3992), isnotnull(income_band#3990)","",false
1,7,119,"Parquet",0,0,0,0,"InMemoryFileIndex(1 paths)[s3a://goes-se-sandbox/data/warehouse/tablespace/external/hive/demo_pauldefusco.db/customers_skewed]","IsNotNull(customer_id), IsNotNull(customer_segment), IsNotNull(income_band), IsNotNull(risk_rating)","customer_id:bigint,income_band:string,customer_segment:string,risk_rating:string","isnotnull(customer_id#2665L), isnotnull(customer_segment#2672), isnotnull(income_band#2670), isnotnull(risk_rating#2674)","",false
1,7,130,"Parquet",0,0,0,0,"InMemoryFileIndex(1 paths)[s3a://goes-se-sandbox/data/warehouse/tablespace/external/hive/demo_pauldefusco.db/merchants_skewed]","IsNotNull(merchant_id)","merchant_id:bigint","isnotnull(merchant_id#2685L)","",false
1,7,386,"Parquet",0,0,0,0,"InMemoryFileIndex(1 paths)[s3a://goes-se-sandbox/data/warehouse/tablespace/external/hive/demo_pauldefusco.db/merchants_skewed]","IsNotNull(merchant_id), IsNotNull(region)","merchant_id:bigint,region:string","isnotnull(merchant_id#4005L), isnotnull(region#4007)","",false
1,7,458,"Parquet",0,0,0,0,"InMemoryFileIndex(1 paths)[s3a://goes-se-sandbox/data/warehouse/tablespace/external/hive/demo_pauldefusco.db/merchants_skewed]","IsNotNull(merchant_id), IsNotNull(region)","merchant_id:bigint,region:string,risk_level:string","isnotnull(merchant_id#3810L), isnotnull(region#3812)","",false
1,7,308,"Parquet",0,0,0,0,"InMemoryFileIndex(1 paths)[s3a://goes-se-sandbox/data/warehouse/tablespace/external/hive/demo_pauldefusco.db/merchants_skewed]","IsNotNull(merchant_id), IsNotNull(region), IsNotNull(risk_level), IsNotNull(merchant_size)","merchant_id:bigint,region:string,risk_level:string,annual_revenue:double,merchant_size:string","isnotnull(merchant_id#2535L), isnotnull(region#2537), isnotnull(risk_level#2540), isnotnull(merchant_size#2542)","",false
1,7,66,"Parquet",0,0,0,0,"InMemoryFileIndex(1 paths)[s3a://goes-se-sandbox/data/warehouse/tablespace/external/hive/demo_pauldefusco.db/merchants_skewed]","IsNotNull(merchant_id)","merchant_id:bigint,region:string,risk_level:string,merchant_size:string","isnotnull(merchant_id#71L)","",false
1,7,273,"Parquet",0,0,0,0,"InMemoryFileIndex(1 paths)[s3a://goes-se-sandbox/data/warehouse/tablespace/external/hive/demo_pauldefusco.db/merchants_skewed]","IsNotNull(merchant_id), IsNotNull(region)","merchant_id:bigint,region:string,risk_level:string,merchant_size:string","isnotnull(merchant_id#2957L), isnotnull(region#2959)","",false
1,7,189,"Parquet",0,0,0,0,"InMemoryFileIndex(1 paths)[s3a://goes-se-sandbox/data/warehouse/tablespace/external/hive/demo_pauldefusco.db/merchants_skewed]","IsNotNull(merchant_id)","merchant_id:bigint,risk_level:string","isnotnull(merchant_id#2218L)","",false
1,7,111,"Parquet",0,0,0,0,"InMemoryFileIndex(1 paths)[s3a://goes-se-sandbox/data/warehouse/tablespace/external/hive/demo_pauldefusco.db/trs_v26]","IsNotNull(transaction_id), LessThan(transaction_id,12500000000), IsNotNull(customer_id), IsNotNull(account_id)","transaction_id:bigint,customer_id:bigint,account_id:bigint,merchant_id:bigint,branch_id:bigint,transaction_date:date","isnotnull(transaction_id#2650L), (transaction_id#2650L < 12500000000), isnotnull(customer_id#2651L), isnotnull(account_id#2652L)","",false
1,7,257,"Parquet",0,0,0,0,"InMemoryFileIndex(1 paths)[s3a://goes-se-sandbox/data/warehouse/tablespace/external/hive/demo_pauldefusco.db/trs_v26]","IsNotNull(transaction_id), LessThan(transaction_id,12500000000), IsNotNull(customer_id), IsNotNull(merchant_id), IsNotNull(merchant_category)","transaction_id:bigint,customer_id:bigint,account_id:bigint,merchant_id:bigint,branch_id:bigint,transaction_date:date,merchant_category:string","isnotnull(transaction_id#2922L), (transaction_id#2922L < 12500000000), isnotnull(customer_id#2923L), isnotnull(merchant_id#2925L), isnotnull(merchant_category#2929)","",false
1,7,372,"Parquet",0,0,0,0,"InMemoryFileIndex(1 paths)[s3a://goes-se-sandbox/data/warehouse/tablespace/external/hive/demo_pauldefusco.db/trs_v26]","IsNotNull(transaction_id), LessThan(transaction_id,12500000000), IsNotNull(merchant_category)","transaction_id:bigint,customer_id:bigint,account_id:bigint,merchant_id:bigint,branch_id:bigint,transaction_date:date,merchant_category:string","isnotnull(transaction_id#3970L), (transaction_id#3970L < 12500000000), isnotnull(merchant_category#3977)","",false
1,7,302,"Parquet",0,0,0,0,"InMemoryFileIndex(1 paths)[s3a://goes-se-sandbox/data/warehouse/tablespace/external/hive/demo_pauldefusco.db/trs_v26]","IsNotNull(transaction_id), LessThan(transaction_id,12500000000), IsNotNull(merchant_id), IsNotNull(merchant_category)","transaction_id:bigint,customer_id:bigint,account_id:bigint,merchant_id:bigint,branch_id:bigint,transaction_date:date,merchant_category:string,transaction_amount:double,fraud_flag:int","isnotnull(transaction_id#2500L), (transaction_id#2500L < 12500000000), isnotnull(merchant_id#2503L), isnotnull(merchant_category#2507)","",false
1,7,452,"Parquet",0,0,0,0,"InMemoryFileIndex(1 paths)[s3a://goes-se-sandbox/data/warehouse/tablespace/external/hive/demo_pauldefusco.db/trs_v26]","IsNotNull(transaction_id), IsNotNull(fraud_flag), LessThan(transaction_id,12500000000), EqualTo(fraud_flag,1), IsNotNull(merchant_category)","transaction_id:bigint,customer_id:bigint,account_id:bigint,merchant_id:bigint,branch_id:bigint,transaction_date:date,merchant_category:string,transaction_amount:double,fraud_flag:int","isnotnull(transaction_id#3775L), isnotnull(fraud_flag#3787), (transaction_id#3775L < 12500000000), (fraud_flag#3787 = 1), isnotnull(merchant_category#3782)","",false
1,7,48,"Parquet",0,0,0,0,"InMemoryFileIndex(1 paths)[s3a://goes-se-sandbox/data/warehouse/tablespace/external/hive/demo_pauldefusco.db/trs_v26]","IsNotNull(transaction_id), LessThan(transaction_id,12500000000)","transaction_id:bigint,customer_id:bigint,account_id:bigint,merchant_id:bigint,branch_id:bigint,transaction_date:date,merchant_category:string,transaction_amount:double,payment_channel:string,payment_type:string,device_type:string,fraud_flag:int","isnotnull(transaction_id#0L), (transaction_id#0L < 12500000000)","",false
1,7,170,"Parquet",0,0,0,0,"InMemoryFileIndex(1 paths)[s3a://goes-se-sandbox/data/warehouse/tablespace/external/hive/demo_pauldefusco.db/trs_v26]","IsNotNull(transaction_id), LessThan(transaction_id,12500000000), IsNotNull(customer_id)","transaction_id:bigint,customer_id:bigint,account_id:bigint,merchant_id:bigint,branch_id:bigint,transaction_date:date,transaction_amount:double,fraud_flag:int","isnotnull(transaction_id#2183L), (transaction_id#2183L < 12500000000), isnotnull(customer_id#2184L)","",false
1,7,219,"Parquet",0,0,0,0,"InMemoryFileIndex(1 paths)[s3a://goes-se-sandbox/data/warehouse/tablespace/external/hive/demo_pauldefusco.db/trs_v26]","IsNotNull(transaction_id), LessThan(transaction_id,12500000000), IsNotNull(account_id)","transaction_id:bigint,customer_id:bigint,account_id:bigint,merchant_id:bigint,branch_id:bigint,transaction_date:date,transaction_amount:double,fraud_flag:int","isnotnull(transaction_id#2307L), (transaction_id#2307L < 12500000000), isnotnull(account_id#2309L)","",false
1,7,417,"Parquet",0,0,0,0,"InMemoryFileIndex(1 paths)[s3a://goes-se-sandbox/data/warehouse/tablespace/external/hive/demo_pauldefusco.db/trs_v26]","IsNotNull(transaction_id), LessThan(transaction_id,12500000000)","transaction_id:bigint,customer_id:bigint,account_id:bigint,merchant_id:bigint,branch_id:bigint,transaction_date:date,transaction_amount:double,fraud_flag:int","isnotnull(transaction_id#3642L), (transaction_id#3642L < 12500000000)","",false
1,7,336,"Parquet",0,0,0,0,"InMemoryFileIndex(1 paths)[s3a://goes-se-sandbox/data/warehouse/tablespace/external/hive/demo_pauldefusco.db/trs_v26]","IsNotNull(transaction_id), LessThan(transaction_id,12500000000), IsNotNull(payment_channel), IsNotNull(payment_type), IsNotNull(device_type)","transaction_id:bigint,customer_id:bigint,account_id:bigint,merchant_id:bigint,branch_id:bigint,transaction_date:date,transaction_amount:double,payment_channel:string,payment_type:string,device_type:string,fraud_flag:int","isnotnull(transaction_id#3237L), (transaction_id#3237L < 12500000000), isnotnull(payment_channel#3246), isnotnull(payment_type#3247), isnotnull(device_type#3248)","",false
1,8,268,"Parquet",0,0,0,0,"InMemoryFileIndex(1 paths)[s3a://goes-se-sandbox/data/warehouse/tablespace/external/hive/demo_pauldefusco.db/accounts_skewed]","IsNotNull(account_id)","account_id:bigint","isnotnull(account_id#2948L)","",false
1,8,125,"Parquet",0,0,0,0,"InMemoryFileIndex(1 paths)[s3a://goes-se-sandbox/data/warehouse/tablespace/external/hive/demo_pauldefusco.db/accounts_skewed]","IsNotNull(account_id), IsNotNull(account_type)","account_id:bigint,account_type:string,account_status:string","isnotnull(account_id#2676L), isnotnull(account_type#2677)","",false
1,8,61,"Parquet",0,0,0,0,"InMemoryFileIndex(1 paths)[s3a://goes-se-sandbox/data/warehouse/tablespace/external/hive/demo_pauldefusco.db/accounts_skewed]","IsNotNull(account_id)","account_id:bigint,account_type:string,account_status:string,current_balance:double,credit_limit:double,interest_rate:double","isnotnull(account_id#52L)","",false
1,8,230,"Parquet",0,0,0,0,"InMemoryFileIndex(1 paths)[s3a://goes-se-sandbox/data/warehouse/tablespace/external/hive/demo_pauldefusco.db/accounts_skewed]","IsNotNull(account_id), IsNotNull(account_type), IsNotNull(account_status)","account_id:bigint,account_type:string,account_status:string,current_balance:double,credit_limit:double,interest_rate:double","isnotnull(account_id#2333L), isnotnull(account_type#2334), isnotnull(account_status#2336)","",false
1,8,184,"Parquet",0,0,0,0,"InMemoryFileIndex(1 paths)[s3a://goes-se-sandbox/data/warehouse/tablespace/external/hive/demo_pauldefusco.db/accounts_skewed]","IsNotNull(account_id)","account_id:bigint,current_balance:double,interest_rate:double","isnotnull(account_id#2209L)","",false
1,8,135,"Parquet",0,0,0,0,"InMemoryFileIndex(1 paths)[s3a://goes-se-sandbox/data/warehouse/tablespace/external/hive/demo_pauldefusco.db/branches_skewed]","IsNotNull(branch_id)","branch_id:bigint","isnotnull(branch_id#2695L)","",false
1,8,71,"Parquet",0,0,0,0,"InMemoryFileIndex(1 paths)[s3a://goes-se-sandbox/data/warehouse/tablespace/external/hive/demo_pauldefusco.db/branches_skewed]","IsNotNull(branch_id)","branch_id:bigint,region:string,branch_type:string","isnotnull(branch_id#91L)","",false
1,8,391,"Parquet",0,0,0,0,"InMemoryFileIndex(1 paths)[s3a://goes-se-sandbox/data/warehouse/tablespace/external/hive/demo_pauldefusco.db/branches_skewed]","IsNotNull(branch_id), IsNotNull(region), IsNotNull(branch_type)","branch_id:bigint,region:string,branch_type:string","isnotnull(branch_id#4015L), isnotnull(region#4018), isnotnull(branch_type#4019)","",false
1,8,434,"Parquet",0,0,0,0,"InMemoryFileIndex(1 paths)[s3a://goes-se-sandbox/data/warehouse/tablespace/external/hive/demo_pauldefusco.db/branches_skewed]","IsNotNull(branch_id), IsNotNull(region), IsNotNull(branch_type)","branch_id:bigint,region:string,branch_type:string,assets_under_management:double,annual_operating_cost:double","isnotnull(branch_id#3687L), isnotnull(region#3690), isnotnull(branch_type#3691)","",false
1,8,140,"Parquet",0,0,0,0,"InMemoryFileIndex(1 paths)[s3a://goes-se-sandbox/data/warehouse/tablespace/external/hive/demo_pauldefusco.db/calendar]","IsNotNull(calendar_date), IsNotNull(year), IsNotNull(month)","calendar_date:date,year:int,month:int","isnotnull(calendar_date#2706), isnotnull(year#2708), isnotnull(month#2710)","",false
1,8,194,"Parquet",0,0,0,0,"InMemoryFileIndex(1 paths)[s3a://goes-se-sandbox/data/warehouse/tablespace/external/hive/demo_pauldefusco.db/calendar]","IsNotNull(calendar_date), IsNotNull(year), IsNotNull(month)","calendar_date:date,year:int,month:int,is_weekend:boolean","isnotnull(calendar_date#2239), isnotnull(year#2241), isnotnull(month#2243)","",false
1,8,278,"Parquet",0,0,0,0,"InMemoryFileIndex(1 paths)[s3a://goes-se-sandbox/data/warehouse/tablespace/external/hive/demo_pauldefusco.db/calendar]","IsNotNull(calendar_date), IsNotNull(year), IsNotNull(quarter)","calendar_date:date,year:int,quarter:int","isnotnull(calendar_date#2978), isnotnull(year#2980), isnotnull(quarter#2981)","",false
1,8,313,"Parquet",0,0,0,0,"InMemoryFileIndex(1 paths)[s3a://goes-se-sandbox/data/warehouse/tablespace/external/hive/demo_pauldefusco.db/calendar]","IsNotNull(calendar_date), IsNotNull(year), IsNotNull(quarter)","calendar_date:date,year:int,quarter:int,is_weekend:boolean","isnotnull(calendar_date#2556), isnotnull(year#2558), isnotnull(quarter#2559)","",false
1,8,76,"Parquet",0,0,0,0,"InMemoryFileIndex(1 paths)[s3a://goes-se-sandbox/data/warehouse/tablespace/external/hive/demo_pauldefusco.db/calendar]","IsNotNull(calendar_date)","calendar_date:date,year:int,quarter:int,month:int,is_weekend:boolean","isnotnull(calendar_date#113)","",false
1,8,262,"Parquet",0,0,0,0,"InMemoryFileIndex(1 paths)[s3a://goes-se-sandbox/data/warehouse/tablespace/external/hive/demo_pauldefusco.db/customers_skewed]","IsNotNull(customer_id)","customer_id:bigint","isnotnull(customer_id#2937L)","",false
1,8,224,"Parquet",0,0,0,0,"InMemoryFileIndex(1 paths)[s3a://goes-se-sandbox/data/warehouse/tablespace/external/hive/demo_pauldefusco.db/customers_skewed]","IsNotNull(customer_id)","customer_id:bigint,credit_score:int","isnotnull(customer_id#2322L)","",false
1,8,428,"Parquet",0,0,0,0,"InMemoryFileIndex(1 paths)[s3a://goes-se-sandbox/data/warehouse/tablespace/external/hive/demo_pauldefusco.db/customers_skewed]","IsNotNull(customer_id), IsNotNull(customer_segment), IsNotNull(income_band)","customer_id:bigint,credit_score:int,income_band:string,customer_segment:string","isnotnull(customer_id#3657L), isnotnull(customer_segment#3664), isnotnull(income_band#3662)","",false
1,8,178,"Parquet",0,0,0,0,"InMemoryFileIndex(1 paths)[s3a://goes-se-sandbox/data/warehouse/tablespace/external/hive/demo_pauldefusco.db/customers_skewed]","IsNotNull(customer_id), IsNotNull(customer_segment), IsNotNull(income_band), IsNotNull(risk_rating)","customer_id:bigint,credit_score:int,income_band:string,customer_segment:string,risk_rating:string","isnotnull(customer_id#2198L), isnotnull(customer_segment#2205), isnotnull(income_band#2203), isnotnull(risk_rating#2207)","",false
1,8,55,"Parquet",0,0,0,0,"InMemoryFileIndex(1 paths)[s3a://goes-se-sandbox/data/warehouse/tablespace/external/hive/demo_pauldefusco.db/customers_skewed]","IsNotNull(customer_id)","customer_id:bigint,credit_score:int,income_band:string,estimated_income:double,customer_segment:string,risk_rating:string","isnotnull(customer_id#31L)","",false
1,8,380,"Parquet",0,0,0,0,"InMemoryFileIndex(1 paths)[s3a://goes-se-sandbox/data/warehouse/tablespace/external/hive/demo_pauldefusco.db/customers_skewed]","IsNotNull(customer_id), IsNotNull(customer_segment), IsNotNull(income_band)","customer_id:bigint,income_band:string,customer_segment:string","isnotnull(customer_id#3985L), isnotnull(customer_segment#3992), isnotnull(income_band#3990)","",false
1,8,119,"Parquet",0,0,0,0,"InMemoryFileIndex(1 paths)[s3a://goes-se-sandbox/data/warehouse/tablespace/external/hive/demo_pauldefusco.db/customers_skewed]","IsNotNull(customer_id), IsNotNull(customer_segment), IsNotNull(income_band), IsNotNull(risk_rating)","customer_id:bigint,income_band:string,customer_segment:string,risk_rating:string","isnotnull(customer_id#2665L), isnotnull(customer_segment#2672), isnotnull(income_band#2670), isnotnull(risk_rating#2674)","",false
1,8,130,"Parquet",0,0,0,0,"InMemoryFileIndex(1 paths)[s3a://goes-se-sandbox/data/warehouse/tablespace/external/hive/demo_pauldefusco.db/merchants_skewed]","IsNotNull(merchant_id)","merchant_id:bigint","isnotnull(merchant_id#2685L)","",false
1,8,386,"Parquet",0,0,0,0,"InMemoryFileIndex(1 paths)[s3a://goes-se-sandbox/data/warehouse/tablespace/external/hive/demo_pauldefusco.db/merchants_skewed]","IsNotNull(merchant_id), IsNotNull(region)","merchant_id:bigint,region:string","isnotnull(merchant_id#4005L), isnotnull(region#4007)","",false
1,8,463,"Parquet",0,0,0,0,"InMemoryFileIndex(1 paths)[s3a://goes-se-sandbox/data/warehouse/tablespace/external/hive/demo_pauldefusco.db/merchants_skewed]","IsNotNull(merchant_id), IsNotNull(region)","merchant_id:bigint,region:string,risk_level:string","isnotnull(merchant_id#3810L), isnotnull(region#3812)","",false
1,8,308,"Parquet",0,0,0,0,"InMemoryFileIndex(1 paths)[s3a://goes-se-sandbox/data/warehouse/tablespace/external/hive/demo_pauldefusco.db/merchants_skewed]","IsNotNull(merchant_id), IsNotNull(region), IsNotNull(risk_level), IsNotNull(merchant_size)","merchant_id:bigint,region:string,risk_level:string,annual_revenue:double,merchant_size:string","isnotnull(merchant_id#2535L), isnotnull(region#2537), isnotnull(risk_level#2540), isnotnull(merchant_size#2542)","",false
1,8,66,"Parquet",0,0,0,0,"InMemoryFileIndex(1 paths)[s3a://goes-se-sandbox/data/warehouse/tablespace/external/hive/demo_pauldefusco.db/merchants_skewed]","IsNotNull(merchant_id)","merchant_id:bigint,region:string,risk_level:string,merchant_size:string","isnotnull(merchant_id#71L)","",false
1,8,273,"Parquet",0,0,0,0,"InMemoryFileIndex(1 paths)[s3a://goes-se-sandbox/data/warehouse/tablespace/external/hive/demo_pauldefusco.db/merchants_skewed]","IsNotNull(merchant_id), IsNotNull(region)","merchant_id:bigint,region:string,risk_level:string,merchant_size:string","isnotnull(merchant_id#2957L), isnotnull(region#2959)","",false
1,8,189,"Parquet",0,0,0,0,"InMemoryFileIndex(1 paths)[s3a://goes-se-sandbox/data/warehouse/tablespace/external/hive/demo_pauldefusco.db/merchants_skewed]","IsNotNull(merchant_id)","merchant_id:bigint,risk_level:string","isnotnull(merchant_id#2218L)","",false
1,8,111,"Parquet",0,0,0,0,"InMemoryFileIndex(1 paths)[s3a://goes-se-sandbox/data/warehouse/tablespace/external/hive/demo_pauldefusco.db/trs_v26]","IsNotNull(transaction_id), LessThan(transaction_id,12500000000), IsNotNull(customer_id), IsNotNull(account_id)","transaction_id:bigint,customer_id:bigint,account_id:bigint,merchant_id:bigint,branch_id:bigint,transaction_date:date","isnotnull(transaction_id#2650L), (transaction_id#2650L < 12500000000), isnotnull(customer_id#2651L), isnotnull(account_id#2652L)","",false
1,8,257,"Parquet",0,0,0,0,"InMemoryFileIndex(1 paths)[s3a://goes-se-sandbox/data/warehouse/tablespace/external/hive/demo_pauldefusco.db/trs_v26]","IsNotNull(transaction_id), LessThan(transaction_id,12500000000), IsNotNull(customer_id), IsNotNull(merchant_id), IsNotNull(merchant_category)","transaction_id:bigint,customer_id:bigint,account_id:bigint,merchant_id:bigint,branch_id:bigint,transaction_date:date,merchant_category:string","isnotnull(transaction_id#2922L), (transaction_id#2922L < 12500000000), isnotnull(customer_id#2923L), isnotnull(merchant_id#2925L), isnotnull(merchant_category#2929)","",false
1,8,372,"Parquet",0,0,0,0,"InMemoryFileIndex(1 paths)[s3a://goes-se-sandbox/data/warehouse/tablespace/external/hive/demo_pauldefusco.db/trs_v26]","IsNotNull(transaction_id), LessThan(transaction_id,12500000000), IsNotNull(merchant_category)","transaction_id:bigint,customer_id:bigint,account_id:bigint,merchant_id:bigint,branch_id:bigint,transaction_date:date,merchant_category:string","isnotnull(transaction_id#3970L), (transaction_id#3970L < 12500000000), isnotnull(merchant_category#3977)","",false
1,8,302,"Parquet",0,0,0,0,"InMemoryFileIndex(1 paths)[s3a://goes-se-sandbox/data/warehouse/tablespace/external/hive/demo_pauldefusco.db/trs_v26]","IsNotNull(transaction_id), LessThan(transaction_id,12500000000), IsNotNull(merchant_id), IsNotNull(merchant_category)","transaction_id:bigint,customer_id:bigint,account_id:bigint,merchant_id:bigint,branch_id:bigint,transaction_date:date,merchant_category:string,transaction_amount:double,fraud_flag:int","isnotnull(transaction_id#2500L), (transaction_id#2500L < 12500000000), isnotnull(merchant_id#2503L), isnotnull(merchant_category#2507)","",false
1,8,457,"Parquet",0,0,0,0,"InMemoryFileIndex(1 paths)[s3a://goes-se-sandbox/data/warehouse/tablespace/external/hive/demo_pauldefusco.db/trs_v26]","IsNotNull(transaction_id), IsNotNull(fraud_flag), LessThan(transaction_id,12500000000), EqualTo(fraud_flag,1), IsNotNull(merchant_category)","transaction_id:bigint,customer_id:bigint,account_id:bigint,merchant_id:bigint,branch_id:bigint,transaction_date:date,merchant_category:string,transaction_amount:double,fraud_flag:int","isnotnull(transaction_id#3775L), isnotnull(fraud_flag#3787), (transaction_id#3775L < 12500000000), (fraud_flag#3787 = 1), isnotnull(merchant_category#3782)","",false
1,8,48,"Parquet",0,0,0,0,"InMemoryFileIndex(1 paths)[s3a://goes-se-sandbox/data/warehouse/tablespace/external/hive/demo_pauldefusco.db/trs_v26]","IsNotNull(transaction_id), LessThan(transaction_id,12500000000)","transaction_id:bigint,customer_id:bigint,account_id:bigint,merchant_id:bigint,branch_id:bigint,transaction_date:date,merchant_category:string,transaction_amount:double,payment_channel:string,payment_type:string,device_type:string,fraud_flag:int","isnotnull(transaction_id#0L), (transaction_id#0L < 12500000000)","",false
1,8,170,"Parquet",0,0,0,0,"InMemoryFileIndex(1 paths)[s3a://goes-se-sandbox/data/warehouse/tablespace/external/hive/demo_pauldefusco.db/trs_v26]","IsNotNull(transaction_id), LessThan(transaction_id,12500000000), IsNotNull(customer_id)","transaction_id:bigint,customer_id:bigint,account_id:bigint,merchant_id:bigint,branch_id:bigint,transaction_date:date,transaction_amount:double,fraud_flag:int","isnotnull(transaction_id#2183L), (transaction_id#2183L < 12500000000), isnotnull(customer_id#2184L)","",false
1,8,219,"Parquet",0,0,0,0,"InMemoryFileIndex(1 paths)[s3a://goes-se-sandbox/data/warehouse/tablespace/external/hive/demo_pauldefusco.db/trs_v26]","IsNotNull(transaction_id), LessThan(transaction_id,12500000000), IsNotNull(account_id)","transaction_id:bigint,customer_id:bigint,account_id:bigint,merchant_id:bigint,branch_id:bigint,transaction_date:date,transaction_amount:double,fraud_flag:int","isnotnull(transaction_id#2307L), (transaction_id#2307L < 12500000000), isnotnull(account_id#2309L)","",false
1,8,420,"Parquet",0,0,0,0,"InMemoryFileIndex(1 paths)[s3a://goes-se-sandbox/data/warehouse/tablespace/external/hive/demo_pauldefusco.db/trs_v26]","IsNotNull(transaction_id), LessThan(transaction_id,12500000000)","transaction_id:bigint,customer_id:bigint,account_id:bigint,merchant_id:bigint,branch_id:bigint,transaction_date:date,transaction_amount:double,fraud_flag:int","isnotnull(transaction_id#3642L), (transaction_id#3642L < 12500000000)","",false
1,8,336,"Parquet",0,0,0,0,"InMemoryFileIndex(1 paths)[s3a://goes-se-sandbox/data/warehouse/tablespace/external/hive/demo_pauldefusco.db/trs_v26]","IsNotNull(transaction_id), LessThan(transaction_id,12500000000), IsNotNull(payment_channel), IsNotNull(payment_type), IsNotNull(device_type)","transaction_id:bigint,customer_id:bigint,account_id:bigint,merchant_id:bigint,branch_id:bigint,transaction_date:date,transaction_amount:double,payment_channel:string,payment_type:string,device_type:string,fraud_flag:int","isnotnull(transaction_id#3237L), (transaction_id#3237L < 12500000000), isnotnull(payment_channel#3246), isnotnull(payment_type#3247), isnotnull(device_type#3248)","",false
1,9,271,"Parquet",0,0,0,0,"InMemoryFileIndex(1 paths)[s3a://goes-se-sandbox/data/warehouse/tablespace/external/hive/demo_pauldefusco.db/accounts_skewed]","IsNotNull(account_id)","account_id:bigint","isnotnull(account_id#2948L)","",false
1,9,128,"Parquet",0,0,0,0,"InMemoryFileIndex(1 paths)[s3a://goes-se-sandbox/data/warehouse/tablespace/external/hive/demo_pauldefusco.db/accounts_skewed]","IsNotNull(account_id), IsNotNull(account_type)","account_id:bigint,account_type:string,account_status:string","isnotnull(account_id#2676L), isnotnull(account_type#2677)","",false
1,9,64,"Parquet",0,0,0,0,"InMemoryFileIndex(1 paths)[s3a://goes-se-sandbox/data/warehouse/tablespace/external/hive/demo_pauldefusco.db/accounts_skewed]","IsNotNull(account_id)","account_id:bigint,account_type:string,account_status:string,current_balance:double,credit_limit:double,interest_rate:double","isnotnull(account_id#52L)","",false
1,9,233,"Parquet",0,0,0,0,"InMemoryFileIndex(1 paths)[s3a://goes-se-sandbox/data/warehouse/tablespace/external/hive/demo_pauldefusco.db/accounts_skewed]","IsNotNull(account_id), IsNotNull(account_type), IsNotNull(account_status)","account_id:bigint,account_type:string,account_status:string,current_balance:double,credit_limit:double,interest_rate:double","isnotnull(account_id#2333L), isnotnull(account_type#2334), isnotnull(account_status#2336)","",false
1,9,187,"Parquet",0,0,0,0,"InMemoryFileIndex(1 paths)[s3a://goes-se-sandbox/data/warehouse/tablespace/external/hive/demo_pauldefusco.db/accounts_skewed]","IsNotNull(account_id)","account_id:bigint,current_balance:double,interest_rate:double","isnotnull(account_id#2209L)","",false
1,9,138,"Parquet",0,0,0,0,"InMemoryFileIndex(1 paths)[s3a://goes-se-sandbox/data/warehouse/tablespace/external/hive/demo_pauldefusco.db/branches_skewed]","IsNotNull(branch_id)","branch_id:bigint","isnotnull(branch_id#2695L)","",false
1,9,74,"Parquet",0,0,0,0,"InMemoryFileIndex(1 paths)[s3a://goes-se-sandbox/data/warehouse/tablespace/external/hive/demo_pauldefusco.db/branches_skewed]","IsNotNull(branch_id)","branch_id:bigint,region:string,branch_type:string","isnotnull(branch_id#91L)","",false
1,9,394,"Parquet",0,0,0,0,"InMemoryFileIndex(1 paths)[s3a://goes-se-sandbox/data/warehouse/tablespace/external/hive/demo_pauldefusco.db/branches_skewed]","IsNotNull(branch_id), IsNotNull(region), IsNotNull(branch_type)","branch_id:bigint,region:string,branch_type:string","isnotnull(branch_id#4015L), isnotnull(region#4018), isnotnull(branch_type#4019)","",false
1,9,437,"Parquet",0,0,0,0,"InMemoryFileIndex(1 paths)[s3a://goes-se-sandbox/data/warehouse/tablespace/external/hive/demo_pauldefusco.db/branches_skewed]","IsNotNull(branch_id), IsNotNull(region), IsNotNull(branch_type)","branch_id:bigint,region:string,branch_type:string,assets_under_management:double,annual_operating_cost:double","isnotnull(branch_id#3687L), isnotnull(region#3690), isnotnull(branch_type#3691)","",false
1,9,143,"Parquet",0,0,0,0,"InMemoryFileIndex(1 paths)[s3a://goes-se-sandbox/data/warehouse/tablespace/external/hive/demo_pauldefusco.db/calendar]","IsNotNull(calendar_date), IsNotNull(year), IsNotNull(month)","calendar_date:date,year:int,month:int","isnotnull(calendar_date#2706), isnotnull(year#2708), isnotnull(month#2710)","",false
1,9,197,"Parquet",0,0,0,0,"InMemoryFileIndex(1 paths)[s3a://goes-se-sandbox/data/warehouse/tablespace/external/hive/demo_pauldefusco.db/calendar]","IsNotNull(calendar_date), IsNotNull(year), IsNotNull(month)","calendar_date:date,year:int,month:int,is_weekend:boolean","isnotnull(calendar_date#2239), isnotnull(year#2241), isnotnull(month#2243)","",false
1,9,281,"Parquet",0,0,0,0,"InMemoryFileIndex(1 paths)[s3a://goes-se-sandbox/data/warehouse/tablespace/external/hive/demo_pauldefusco.db/calendar]","IsNotNull(calendar_date), IsNotNull(year), IsNotNull(quarter)","calendar_date:date,year:int,quarter:int","isnotnull(calendar_date#2978), isnotnull(year#2980), isnotnull(quarter#2981)","",false
1,9,316,"Parquet",0,0,0,0,"InMemoryFileIndex(1 paths)[s3a://goes-se-sandbox/data/warehouse/tablespace/external/hive/demo_pauldefusco.db/calendar]","IsNotNull(calendar_date), IsNotNull(year), IsNotNull(quarter)","calendar_date:date,year:int,quarter:int,is_weekend:boolean","isnotnull(calendar_date#2556), isnotnull(year#2558), isnotnull(quarter#2559)","",false
1,9,79,"Parquet",0,0,0,0,"InMemoryFileIndex(1 paths)[s3a://goes-se-sandbox/data/warehouse/tablespace/external/hive/demo_pauldefusco.db/calendar]","IsNotNull(calendar_date)","calendar_date:date,year:int,quarter:int,month:int,is_weekend:boolean","isnotnull(calendar_date#113)","",false
1,9,265,"Parquet",0,0,0,0,"InMemoryFileIndex(1 paths)[s3a://goes-se-sandbox/data/warehouse/tablespace/external/hive/demo_pauldefusco.db/customers_skewed]","IsNotNull(customer_id)","customer_id:bigint","isnotnull(customer_id#2937L)","",false
1,9,227,"Parquet",0,0,0,0,"InMemoryFileIndex(1 paths)[s3a://goes-se-sandbox/data/warehouse/tablespace/external/hive/demo_pauldefusco.db/customers_skewed]","IsNotNull(customer_id)","customer_id:bigint,credit_score:int","isnotnull(customer_id#2322L)","",false
1,9,431,"Parquet",0,0,0,0,"InMemoryFileIndex(1 paths)[s3a://goes-se-sandbox/data/warehouse/tablespace/external/hive/demo_pauldefusco.db/customers_skewed]","IsNotNull(customer_id), IsNotNull(customer_segment), IsNotNull(income_band)","customer_id:bigint,credit_score:int,income_band:string,customer_segment:string","isnotnull(customer_id#3657L), isnotnull(customer_segment#3664), isnotnull(income_band#3662)","",false
1,9,181,"Parquet",0,0,0,0,"InMemoryFileIndex(1 paths)[s3a://goes-se-sandbox/data/warehouse/tablespace/external/hive/demo_pauldefusco.db/customers_skewed]","IsNotNull(customer_id), IsNotNull(customer_segment), IsNotNull(income_band), IsNotNull(risk_rating)","customer_id:bigint,credit_score:int,income_band:string,customer_segment:string,risk_rating:string","isnotnull(customer_id#2198L), isnotnull(customer_segment#2205), isnotnull(income_band#2203), isnotnull(risk_rating#2207)","",false
1,9,57,"Parquet",0,0,0,0,"InMemoryFileIndex(1 paths)[s3a://goes-se-sandbox/data/warehouse/tablespace/external/hive/demo_pauldefusco.db/customers_skewed]","IsNotNull(customer_id)","customer_id:bigint,credit_score:int,income_band:string,estimated_income:double,customer_segment:string,risk_rating:string","isnotnull(customer_id#31L)","",false
1,9,383,"Parquet",0,0,0,0,"InMemoryFileIndex(1 paths)[s3a://goes-se-sandbox/data/warehouse/tablespace/external/hive/demo_pauldefusco.db/customers_skewed]","IsNotNull(customer_id), IsNotNull(customer_segment), IsNotNull(income_band)","customer_id:bigint,income_band:string,customer_segment:string","isnotnull(customer_id#3985L), isnotnull(customer_segment#3992), isnotnull(income_band#3990)","",false
1,9,122,"Parquet",0,0,0,0,"InMemoryFileIndex(1 paths)[s3a://goes-se-sandbox/data/warehouse/tablespace/external/hive/demo_pauldefusco.db/customers_skewed]","IsNotNull(customer_id), IsNotNull(customer_segment), IsNotNull(income_band), IsNotNull(risk_rating)","customer_id:bigint,income_band:string,customer_segment:string,risk_rating:string","isnotnull(customer_id#2665L), isnotnull(customer_segment#2672), isnotnull(income_band#2670), isnotnull(risk_rating#2674)","",false
1,9,133,"Parquet",0,0,0,0,"InMemoryFileIndex(1 paths)[s3a://goes-se-sandbox/data/warehouse/tablespace/external/hive/demo_pauldefusco.db/merchants_skewed]","IsNotNull(merchant_id)","merchant_id:bigint","isnotnull(merchant_id#2685L)","",false
1,9,389,"Parquet",0,0,0,0,"InMemoryFileIndex(1 paths)[s3a://goes-se-sandbox/data/warehouse/tablespace/external/hive/demo_pauldefusco.db/merchants_skewed]","IsNotNull(merchant_id), IsNotNull(region)","merchant_id:bigint,region:string","isnotnull(merchant_id#4005L), isnotnull(region#4007)","",false
1,9,466,"Parquet",0,0,0,0,"InMemoryFileIndex(1 paths)[s3a://goes-se-sandbox/data/warehouse/tablespace/external/hive/demo_pauldefusco.db/merchants_skewed]","IsNotNull(merchant_id), IsNotNull(region)","merchant_id:bigint,region:string,risk_level:string","isnotnull(merchant_id#3810L), isnotnull(region#3812)","",false
1,9,311,"Parquet",0,0,0,0,"InMemoryFileIndex(1 paths)[s3a://goes-se-sandbox/data/warehouse/tablespace/external/hive/demo_pauldefusco.db/merchants_skewed]","IsNotNull(merchant_id), IsNotNull(region), IsNotNull(risk_level), IsNotNull(merchant_size)","merchant_id:bigint,region:string,risk_level:string,annual_revenue:double,merchant_size:string","isnotnull(merchant_id#2535L), isnotnull(region#2537), isnotnull(risk_level#2540), isnotnull(merchant_size#2542)","",false
1,9,69,"Parquet",0,0,0,0,"InMemoryFileIndex(1 paths)[s3a://goes-se-sandbox/data/warehouse/tablespace/external/hive/demo_pauldefusco.db/merchants_skewed]","IsNotNull(merchant_id)","merchant_id:bigint,region:string,risk_level:string,merchant_size:string","isnotnull(merchant_id#71L)","",false
1,9,276,"Parquet",0,0,0,0,"InMemoryFileIndex(1 paths)[s3a://goes-se-sandbox/data/warehouse/tablespace/external/hive/demo_pauldefusco.db/merchants_skewed]","IsNotNull(merchant_id), IsNotNull(region)","merchant_id:bigint,region:string,risk_level:string,merchant_size:string","isnotnull(merchant_id#2957L), isnotnull(region#2959)","",false
1,9,192,"Parquet",0,0,0,0,"InMemoryFileIndex(1 paths)[s3a://goes-se-sandbox/data/warehouse/tablespace/external/hive/demo_pauldefusco.db/merchants_skewed]","IsNotNull(merchant_id)","merchant_id:bigint,risk_level:string","isnotnull(merchant_id#2218L)","",false
1,9,114,"Parquet",0,0,0,0,"InMemoryFileIndex(1 paths)[s3a://goes-se-sandbox/data/warehouse/tablespace/external/hive/demo_pauldefusco.db/trs_v26]","IsNotNull(transaction_id), LessThan(transaction_id,12500000000), IsNotNull(customer_id), IsNotNull(account_id)","transaction_id:bigint,customer_id:bigint,account_id:bigint,merchant_id:bigint,branch_id:bigint,transaction_date:date","isnotnull(transaction_id#2650L), (transaction_id#2650L < 12500000000), isnotnull(customer_id#2651L), isnotnull(account_id#2652L)","",false
1,9,260,"Parquet",0,0,0,0,"InMemoryFileIndex(1 paths)[s3a://goes-se-sandbox/data/warehouse/tablespace/external/hive/demo_pauldefusco.db/trs_v26]","IsNotNull(transaction_id), LessThan(transaction_id,12500000000), IsNotNull(customer_id), IsNotNull(merchant_id), IsNotNull(merchant_category)","transaction_id:bigint,customer_id:bigint,account_id:bigint,merchant_id:bigint,branch_id:bigint,transaction_date:date,merchant_category:string","isnotnull(transaction_id#2922L), (transaction_id#2922L < 12500000000), isnotnull(customer_id#2923L), isnotnull(merchant_id#2925L), isnotnull(merchant_category#2929)","",false
1,9,375,"Parquet",0,0,0,0,"InMemoryFileIndex(1 paths)[s3a://goes-se-sandbox/data/warehouse/tablespace/external/hive/demo_pauldefusco.db/trs_v26]","IsNotNull(transaction_id), LessThan(transaction_id,12500000000), IsNotNull(merchant_category)","transaction_id:bigint,customer_id:bigint,account_id:bigint,merchant_id:bigint,branch_id:bigint,transaction_date:date,merchant_category:string","isnotnull(transaction_id#3970L), (transaction_id#3970L < 12500000000), isnotnull(merchant_category#3977)","",false
1,9,305,"Parquet",0,0,0,0,"InMemoryFileIndex(1 paths)[s3a://goes-se-sandbox/data/warehouse/tablespace/external/hive/demo_pauldefusco.db/trs_v26]","IsNotNull(transaction_id), LessThan(transaction_id,12500000000), IsNotNull(merchant_id), IsNotNull(merchant_category)","transaction_id:bigint,customer_id:bigint,account_id:bigint,merchant_id:bigint,branch_id:bigint,transaction_date:date,merchant_category:string,transaction_amount:double,fraud_flag:int","isnotnull(transaction_id#2500L), (transaction_id#2500L < 12500000000), isnotnull(merchant_id#2503L), isnotnull(merchant_category#2507)","",false
1,9,460,"Parquet",0,0,0,0,"InMemoryFileIndex(1 paths)[s3a://goes-se-sandbox/data/warehouse/tablespace/external/hive/demo_pauldefusco.db/trs_v26]","IsNotNull(transaction_id), IsNotNull(fraud_flag), LessThan(transaction_id,12500000000), EqualTo(fraud_flag,1), IsNotNull(merchant_category)","transaction_id:bigint,customer_id:bigint,account_id:bigint,merchant_id:bigint,branch_id:bigint,transaction_date:date,merchant_category:string,transaction_amount:double,fraud_flag:int","isnotnull(transaction_id#3775L), isnotnull(fraud_flag#3787), (transaction_id#3775L < 12500000000), (fraud_flag#3787 = 1), isnotnull(merchant_category#3782)","",false
1,9,50,"Parquet",0,0,0,0,"InMemoryFileIndex(1 paths)[s3a://goes-se-sandbox/data/warehouse/tablespace/external/hive/demo_pauldefusco.db/trs_v26]","IsNotNull(transaction_id), LessThan(transaction_id,12500000000)","transaction_id:bigint,customer_id:bigint,account_id:bigint,merchant_id:bigint,branch_id:bigint,transaction_date:date,merchant_category:string,transaction_amount:double,payment_channel:string,payment_type:string,device_type:string,fraud_flag:int","isnotnull(transaction_id#0L), (transaction_id#0L < 12500000000)","",false
1,9,173,"Parquet",0,0,0,0,"InMemoryFileIndex(1 paths)[s3a://goes-se-sandbox/data/warehouse/tablespace/external/hive/demo_pauldefusco.db/trs_v26]","IsNotNull(transaction_id), LessThan(transaction_id,12500000000), IsNotNull(customer_id)","transaction_id:bigint,customer_id:bigint,account_id:bigint,merchant_id:bigint,branch_id:bigint,transaction_date:date,transaction_amount:double,fraud_flag:int","isnotnull(transaction_id#2183L), (transaction_id#2183L < 12500000000), isnotnull(customer_id#2184L)","",false
1,9,222,"Parquet",0,0,0,0,"InMemoryFileIndex(1 paths)[s3a://goes-se-sandbox/data/warehouse/tablespace/external/hive/demo_pauldefusco.db/trs_v26]","IsNotNull(transaction_id), LessThan(transaction_id,12500000000), IsNotNull(account_id)","transaction_id:bigint,customer_id:bigint,account_id:bigint,merchant_id:bigint,branch_id:bigint,transaction_date:date,transaction_amount:double,fraud_flag:int","isnotnull(transaction_id#2307L), (transaction_id#2307L < 12500000000), isnotnull(account_id#2309L)","",false
1,9,423,"Parquet",0,0,0,0,"InMemoryFileIndex(1 paths)[s3a://goes-se-sandbox/data/warehouse/tablespace/external/hive/demo_pauldefusco.db/trs_v26]","IsNotNull(transaction_id), LessThan(transaction_id,12500000000)","transaction_id:bigint,customer_id:bigint,account_id:bigint,merchant_id:bigint,branch_id:bigint,transaction_date:date,transaction_amount:double,fraud_flag:int","isnotnull(transaction_id#3642L), (transaction_id#3642L < 12500000000)","",false
1,9,339,"Parquet",0,0,0,0,"InMemoryFileIndex(1 paths)[s3a://goes-se-sandbox/data/warehouse/tablespace/external/hive/demo_pauldefusco.db/trs_v26]","IsNotNull(transaction_id), LessThan(transaction_id,12500000000), IsNotNull(payment_channel), IsNotNull(payment_type), IsNotNull(device_type)","transaction_id:bigint,customer_id:bigint,account_id:bigint,merchant_id:bigint,branch_id:bigint,transaction_date:date,transaction_amount:double,payment_channel:string,payment_type:string,device_type:string,fraud_flag:int","isnotnull(transaction_id#3237L), (transaction_id#3237L < 12500000000), isnotnull(payment_channel#3246), isnotnull(payment_type#3247), isnotnull(device_type#3248)","",false
1,10,271,"Parquet",0,0,0,0,"InMemoryFileIndex(1 paths)[s3a://goes-se-sandbox/data/warehouse/tablespace/external/hive/demo_pauldefusco.db/accounts_skewed]","IsNotNull(account_id)","account_id:bigint","isnotnull(account_id#2948L)","",false
1,10,128,"Parquet",0,0,0,0,"InMemoryFileIndex(1 paths)[s3a://goes-se-sandbox/data/warehouse/tablespace/external/hive/demo_pauldefusco.db/accounts_skewed]","IsNotNull(account_id), IsNotNull(account_type)","account_id:bigint,account_type:string,account_status:string","isnotnull(account_id#2676L), isnotnull(account_type#2677)","",false
1,10,64,"Parquet",0,0,0,0,"InMemoryFileIndex(1 paths)[s3a://goes-se-sandbox/data/warehouse/tablespace/external/hive/demo_pauldefusco.db/accounts_skewed]","IsNotNull(account_id)","account_id:bigint,account_type:string,account_status:string,current_balance:double,credit_limit:double,interest_rate:double","isnotnull(account_id#52L)","",false
1,10,233,"Parquet",0,0,0,0,"InMemoryFileIndex(1 paths)[s3a://goes-se-sandbox/data/warehouse/tablespace/external/hive/demo_pauldefusco.db/accounts_skewed]","IsNotNull(account_id), IsNotNull(account_type), IsNotNull(account_status)","account_id:bigint,account_type:string,account_status:string,current_balance:double,credit_limit:double,interest_rate:double","isnotnull(account_id#2333L), isnotnull(account_type#2334), isnotnull(account_status#2336)","",false
1,10,187,"Parquet",0,0,0,0,"InMemoryFileIndex(1 paths)[s3a://goes-se-sandbox/data/warehouse/tablespace/external/hive/demo_pauldefusco.db/accounts_skewed]","IsNotNull(account_id)","account_id:bigint,current_balance:double,interest_rate:double","isnotnull(account_id#2209L)","",false
1,10,138,"Parquet",0,0,0,0,"InMemoryFileIndex(1 paths)[s3a://goes-se-sandbox/data/warehouse/tablespace/external/hive/demo_pauldefusco.db/branches_skewed]","IsNotNull(branch_id)","branch_id:bigint","isnotnull(branch_id#2695L)","",false
1,10,74,"Parquet",0,0,0,0,"InMemoryFileIndex(1 paths)[s3a://goes-se-sandbox/data/warehouse/tablespace/external/hive/demo_pauldefusco.db/branches_skewed]","IsNotNull(branch_id)","branch_id:bigint,region:string,branch_type:string","isnotnull(branch_id#91L)","",false
1,10,394,"Parquet",0,0,0,0,"InMemoryFileIndex(1 paths)[s3a://goes-se-sandbox/data/warehouse/tablespace/external/hive/demo_pauldefusco.db/branches_skewed]","IsNotNull(branch_id), IsNotNull(region), IsNotNull(branch_type)","branch_id:bigint,region:string,branch_type:string","isnotnull(branch_id#4015L), isnotnull(region#4018), isnotnull(branch_type#4019)","",false
1,10,437,"Parquet",0,0,0,0,"InMemoryFileIndex(1 paths)[s3a://goes-se-sandbox/data/warehouse/tablespace/external/hive/demo_pauldefusco.db/branches_skewed]","IsNotNull(branch_id), IsNotNull(region), IsNotNull(branch_type)","branch_id:bigint,region:string,branch_type:string,assets_under_management:double,annual_operating_cost:double","isnotnull(branch_id#3687L), isnotnull(region#3690), isnotnull(branch_type#3691)","",false
1,10,143,"Parquet",0,0,0,0,"InMemoryFileIndex(1 paths)[s3a://goes-se-sandbox/data/warehouse/tablespace/external/hive/demo_pauldefusco.db/calendar]","IsNotNull(calendar_date), IsNotNull(year), IsNotNull(month)","calendar_date:date,year:int,month:int","isnotnull(calendar_date#2706), isnotnull(year#2708), isnotnull(month#2710)","",false
1,10,197,"Parquet",0,0,0,0,"InMemoryFileIndex(1 paths)[s3a://goes-se-sandbox/data/warehouse/tablespace/external/hive/demo_pauldefusco.db/calendar]","IsNotNull(calendar_date), IsNotNull(year), IsNotNull(month)","calendar_date:date,year:int,month:int,is_weekend:boolean","isnotnull(calendar_date#2239), isnotnull(year#2241), isnotnull(month#2243)","",false
1,10,281,"Parquet",0,0,0,0,"InMemoryFileIndex(1 paths)[s3a://goes-se-sandbox/data/warehouse/tablespace/external/hive/demo_pauldefusco.db/calendar]","IsNotNull(calendar_date), IsNotNull(year), IsNotNull(quarter)","calendar_date:date,year:int,quarter:int","isnotnull(calendar_date#2978), isnotnull(year#2980), isnotnull(quarter#2981)","",false
1,10,316,"Parquet",0,0,0,0,"InMemoryFileIndex(1 paths)[s3a://goes-se-sandbox/data/warehouse/tablespace/external/hive/demo_pauldefusco.db/calendar]","IsNotNull(calendar_date), IsNotNull(year), IsNotNull(quarter)","calendar_date:date,year:int,quarter:int,is_weekend:boolean","isnotnull(calendar_date#2556), isnotnull(year#2558), isnotnull(quarter#2559)","",false
1,10,79,"Parquet",0,0,0,0,"InMemoryFileIndex(1 paths)[s3a://goes-se-sandbox/data/warehouse/tablespace/external/hive/demo_pauldefusco.db/calendar]","IsNotNull(calendar_date)","calendar_date:date,year:int,quarter:int,month:int,is_weekend:boolean","isnotnull(calendar_date#113)","",false
1,10,265,"Parquet",0,0,0,0,"InMemoryFileIndex(1 paths)[s3a://goes-se-sandbox/data/warehouse/tablespace/external/hive/demo_pauldefusco.db/customers_skewed]","IsNotNull(customer_id)","customer_id:bigint","isnotnull(customer_id#2937L)","",false
1,10,227,"Parquet",0,0,0,0,"InMemoryFileIndex(1 paths)[s3a://goes-se-sandbox/data/warehouse/tablespace/external/hive/demo_pauldefusco.db/customers_skewed]","IsNotNull(customer_id)","customer_id:bigint,credit_score:int","isnotnull(customer_id#2322L)","",false
1,10,431,"Parquet",0,0,0,0,"InMemoryFileIndex(1 paths)[s3a://goes-se-sandbox/data/warehouse/tablespace/external/hive/demo_pauldefusco.db/customers_skewed]","IsNotNull(customer_id), IsNotNull(customer_segment), IsNotNull(income_band)","customer_id:bigint,credit_score:int,income_band:string,customer_segment:string","isnotnull(customer_id#3657L), isnotnull(customer_segment#3664), isnotnull(income_band#3662)","",false
1,10,181,"Parquet",0,0,0,0,"InMemoryFileIndex(1 paths)[s3a://goes-se-sandbox/data/warehouse/tablespace/external/hive/demo_pauldefusco.db/customers_skewed]","IsNotNull(customer_id), IsNotNull(customer_segment), IsNotNull(income_band), IsNotNull(risk_rating)","customer_id:bigint,credit_score:int,income_band:string,customer_segment:string,risk_rating:string","isnotnull(customer_id#2198L), isnotnull(customer_segment#2205), isnotnull(income_band#2203), isnotnull(risk_rating#2207)","",false
1,10,57,"Parquet",0,0,0,0,"InMemoryFileIndex(1 paths)[s3a://goes-se-sandbox/data/warehouse/tablespace/external/hive/demo_pauldefusco.db/customers_skewed]","IsNotNull(customer_id)","customer_id:bigint,credit_score:int,income_band:string,estimated_income:double,customer_segment:string,risk_rating:string","isnotnull(customer_id#31L)","",false
1,10,383,"Parquet",0,0,0,0,"InMemoryFileIndex(1 paths)[s3a://goes-se-sandbox/data/warehouse/tablespace/external/hive/demo_pauldefusco.db/customers_skewed]","IsNotNull(customer_id), IsNotNull(customer_segment), IsNotNull(income_band)","customer_id:bigint,income_band:string,customer_segment:string","isnotnull(customer_id#3985L), isnotnull(customer_segment#3992), isnotnull(income_band#3990)","",false
1,10,122,"Parquet",0,0,0,0,"InMemoryFileIndex(1 paths)[s3a://goes-se-sandbox/data/warehouse/tablespace/external/hive/demo_pauldefusco.db/customers_skewed]","IsNotNull(customer_id), IsNotNull(customer_segment), IsNotNull(income_band), IsNotNull(risk_rating)","customer_id:bigint,income_band:string,customer_segment:string,risk_rating:string","isnotnull(customer_id#2665L), isnotnull(customer_segment#2672), isnotnull(income_band#2670), isnotnull(risk_rating#2674)","",false
1,10,133,"Parquet",0,0,0,0,"InMemoryFileIndex(1 paths)[s3a://goes-se-sandbox/data/warehouse/tablespace/external/hive/demo_pauldefusco.db/merchants_skewed]","IsNotNull(merchant_id)","merchant_id:bigint","isnotnull(merchant_id#2685L)","",false
1,10,389,"Parquet",0,0,0,0,"InMemoryFileIndex(1 paths)[s3a://goes-se-sandbox/data/warehouse/tablespace/external/hive/demo_pauldefusco.db/merchants_skewed]","IsNotNull(merchant_id), IsNotNull(region)","merchant_id:bigint,region:string","isnotnull(merchant_id#4005L), isnotnull(region#4007)","",false
1,10,471,"Parquet",0,0,0,0,"InMemoryFileIndex(1 paths)[s3a://goes-se-sandbox/data/warehouse/tablespace/external/hive/demo_pauldefusco.db/merchants_skewed]","IsNotNull(merchant_id), IsNotNull(region)","merchant_id:bigint,region:string,risk_level:string","isnotnull(merchant_id#3810L), isnotnull(region#3812)","",false
1,10,311,"Parquet",0,0,0,0,"InMemoryFileIndex(1 paths)[s3a://goes-se-sandbox/data/warehouse/tablespace/external/hive/demo_pauldefusco.db/merchants_skewed]","IsNotNull(merchant_id), IsNotNull(region), IsNotNull(risk_level), IsNotNull(merchant_size)","merchant_id:bigint,region:string,risk_level:string,annual_revenue:double,merchant_size:string","isnotnull(merchant_id#2535L), isnotnull(region#2537), isnotnull(risk_level#2540), isnotnull(merchant_size#2542)","",false
1,10,69,"Parquet",0,0,0,0,"InMemoryFileIndex(1 paths)[s3a://goes-se-sandbox/data/warehouse/tablespace/external/hive/demo_pauldefusco.db/merchants_skewed]","IsNotNull(merchant_id)","merchant_id:bigint,region:string,risk_level:string,merchant_size:string","isnotnull(merchant_id#71L)","",false
1,10,276,"Parquet",0,0,0,0,"InMemoryFileIndex(1 paths)[s3a://goes-se-sandbox/data/warehouse/tablespace/external/hive/demo_pauldefusco.db/merchants_skewed]","IsNotNull(merchant_id), IsNotNull(region)","merchant_id:bigint,region:string,risk_level:string,merchant_size:string","isnotnull(merchant_id#2957L), isnotnull(region#2959)","",false
1,10,192,"Parquet",0,0,0,0,"InMemoryFileIndex(1 paths)[s3a://goes-se-sandbox/data/warehouse/tablespace/external/hive/demo_pauldefusco.db/merchants_skewed]","IsNotNull(merchant_id)","merchant_id:bigint,risk_level:string","isnotnull(merchant_id#2218L)","",false
1,10,114,"Parquet",0,0,0,0,"InMemoryFileIndex(1 paths)[s3a://goes-se-sandbox/data/warehouse/tablespace/external/hive/demo_pauldefusco.db/trs_v26]","IsNotNull(transaction_id), LessThan(transaction_id,12500000000), IsNotNull(customer_id), IsNotNull(account_id)","transaction_id:bigint,customer_id:bigint,account_id:bigint,merchant_id:bigint,branch_id:bigint,transaction_date:date","isnotnull(transaction_id#2650L), (transaction_id#2650L < 12500000000), isnotnull(customer_id#2651L), isnotnull(account_id#2652L)","",false
1,10,260,"Parquet",0,0,0,0,"InMemoryFileIndex(1 paths)[s3a://goes-se-sandbox/data/warehouse/tablespace/external/hive/demo_pauldefusco.db/trs_v26]","IsNotNull(transaction_id), LessThan(transaction_id,12500000000), IsNotNull(customer_id), IsNotNull(merchant_id), IsNotNull(merchant_category)","transaction_id:bigint,customer_id:bigint,account_id:bigint,merchant_id:bigint,branch_id:bigint,transaction_date:date,merchant_category:string","isnotnull(transaction_id#2922L), (transaction_id#2922L < 12500000000), isnotnull(customer_id#2923L), isnotnull(merchant_id#2925L), isnotnull(merchant_category#2929)","",false
1,10,375,"Parquet",0,0,0,0,"InMemoryFileIndex(1 paths)[s3a://goes-se-sandbox/data/warehouse/tablespace/external/hive/demo_pauldefusco.db/trs_v26]","IsNotNull(transaction_id), LessThan(transaction_id,12500000000), IsNotNull(merchant_category)","transaction_id:bigint,customer_id:bigint,account_id:bigint,merchant_id:bigint,branch_id:bigint,transaction_date:date,merchant_category:string","isnotnull(transaction_id#3970L), (transaction_id#3970L < 12500000000), isnotnull(merchant_category#3977)","",false
1,10,305,"Parquet",0,0,0,0,"InMemoryFileIndex(1 paths)[s3a://goes-se-sandbox/data/warehouse/tablespace/external/hive/demo_pauldefusco.db/trs_v26]","IsNotNull(transaction_id), LessThan(transaction_id,12500000000), IsNotNull(merchant_id), IsNotNull(merchant_category)","transaction_id:bigint,customer_id:bigint,account_id:bigint,merchant_id:bigint,branch_id:bigint,transaction_date:date,merchant_category:string,transaction_amount:double,fraud_flag:int","isnotnull(transaction_id#2500L), (transaction_id#2500L < 12500000000), isnotnull(merchant_id#2503L), isnotnull(merchant_category#2507)","",false
1,10,463,"Parquet",0,0,0,0,"InMemoryFileIndex(1 paths)[s3a://goes-se-sandbox/data/warehouse/tablespace/external/hive/demo_pauldefusco.db/trs_v26]","IsNotNull(transaction_id), IsNotNull(fraud_flag), LessThan(transaction_id,12500000000), EqualTo(fraud_flag,1), IsNotNull(merchant_category)","transaction_id:bigint,customer_id:bigint,account_id:bigint,merchant_id:bigint,branch_id:bigint,transaction_date:date,merchant_category:string,transaction_amount:double,fraud_flag:int","isnotnull(transaction_id#3775L), isnotnull(fraud_flag#3787), (transaction_id#3775L < 12500000000), (fraud_flag#3787 = 1), isnotnull(merchant_category#3782)","",false
1,10,50,"Parquet",0,0,0,0,"InMemoryFileIndex(1 paths)[s3a://goes-se-sandbox/data/warehouse/tablespace/external/hive/demo_pauldefusco.db/trs_v26]","IsNotNull(transaction_id), LessThan(transaction_id,12500000000)","transaction_id:bigint,customer_id:bigint,account_id:bigint,merchant_id:bigint,branch_id:bigint,transaction_date:date,merchant_category:string,transaction_amount:double,payment_channel:string,payment_type:string,device_type:string,fraud_flag:int","isnotnull(transaction_id#0L), (transaction_id#0L < 12500000000)","",false
1,10,173,"Parquet",0,0,0,0,"InMemoryFileIndex(1 paths)[s3a://goes-se-sandbox/data/warehouse/tablespace/external/hive/demo_pauldefusco.db/trs_v26]","IsNotNull(transaction_id), LessThan(transaction_id,12500000000), IsNotNull(customer_id)","transaction_id:bigint,customer_id:bigint,account_id:bigint,merchant_id:bigint,branch_id:bigint,transaction_date:date,transaction_amount:double,fraud_flag:int","isnotnull(transaction_id#2183L), (transaction_id#2183L < 12500000000), isnotnull(customer_id#2184L)","",false
1,10,222,"Parquet",0,0,0,0,"InMemoryFileIndex(1 paths)[s3a://goes-se-sandbox/data/warehouse/tablespace/external/hive/demo_pauldefusco.db/trs_v26]","IsNotNull(transaction_id), LessThan(transaction_id,12500000000), IsNotNull(account_id)","transaction_id:bigint,customer_id:bigint,account_id:bigint,merchant_id:bigint,branch_id:bigint,transaction_date:date,transaction_amount:double,fraud_flag:int","isnotnull(transaction_id#2307L), (transaction_id#2307L < 12500000000), isnotnull(account_id#2309L)","",false
1,10,423,"Parquet",0,0,0,0,"InMemoryFileIndex(1 paths)[s3a://goes-se-sandbox/data/warehouse/tablespace/external/hive/demo_pauldefusco.db/trs_v26]","IsNotNull(transaction_id), LessThan(transaction_id,12500000000)","transaction_id:bigint,customer_id:bigint,account_id:bigint,merchant_id:bigint,branch_id:bigint,transaction_date:date,transaction_amount:double,fraud_flag:int","isnotnull(transaction_id#3642L), (transaction_id#3642L < 12500000000)","",false
1,10,339,"Parquet",0,0,0,0,"InMemoryFileIndex(1 paths)[s3a://goes-se-sandbox/data/warehouse/tablespace/external/hive/demo_pauldefusco.db/trs_v26]","IsNotNull(transaction_id), LessThan(transaction_id,12500000000), IsNotNull(payment_channel), IsNotNull(payment_type), IsNotNull(device_type)","transaction_id:bigint,customer_id:bigint,account_id:bigint,merchant_id:bigint,branch_id:bigint,transaction_date:date,transaction_amount:double,payment_channel:string,payment_type:string,device_type:string,fraud_flag:int","isnotnull(transaction_id#3237L), (transaction_id#3237L < 12500000000), isnotnull(payment_channel#3246), isnotnull(payment_type#3247), isnotnull(device_type#3248)","",false
1,11,276,"Parquet",0,0,0,0,"InMemoryFileIndex(1 paths)[s3a://goes-se-sandbox/data/warehouse/tablespace/external/hive/demo_pauldefusco.db/accounts_skewed]","IsNotNull(account_id)","account_id:bigint","isnotnull(account_id#2948L)","",false
1,11,128,"Parquet",0,0,0,0,"InMemoryFileIndex(1 paths)[s3a://goes-se-sandbox/data/warehouse/tablespace/external/hive/demo_pauldefusco.db/accounts_skewed]","IsNotNull(account_id), IsNotNull(account_type)","account_id:bigint,account_type:string,account_status:string","isnotnull(account_id#2676L), isnotnull(account_type#2677)","",false
1,11,64,"Parquet",0,0,0,0,"InMemoryFileIndex(1 paths)[s3a://goes-se-sandbox/data/warehouse/tablespace/external/hive/demo_pauldefusco.db/accounts_skewed]","IsNotNull(account_id)","account_id:bigint,account_type:string,account_status:string,current_balance:double,credit_limit:double,interest_rate:double","isnotnull(account_id#52L)","",false
1,11,238,"Parquet",0,0,0,0,"InMemoryFileIndex(1 paths)[s3a://goes-se-sandbox/data/warehouse/tablespace/external/hive/demo_pauldefusco.db/accounts_skewed]","IsNotNull(account_id), IsNotNull(account_type), IsNotNull(account_status)","account_id:bigint,account_type:string,account_status:string,current_balance:double,credit_limit:double,interest_rate:double","isnotnull(account_id#2333L), isnotnull(account_type#2334), isnotnull(account_status#2336)","",false
1,11,187,"Parquet",0,0,0,0,"InMemoryFileIndex(1 paths)[s3a://goes-se-sandbox/data/warehouse/tablespace/external/hive/demo_pauldefusco.db/accounts_skewed]","IsNotNull(account_id)","account_id:bigint,current_balance:double,interest_rate:double","isnotnull(account_id#2209L)","",false
1,11,138,"Parquet",0,0,0,0,"InMemoryFileIndex(1 paths)[s3a://goes-se-sandbox/data/warehouse/tablespace/external/hive/demo_pauldefusco.db/branches_skewed]","IsNotNull(branch_id)","branch_id:bigint","isnotnull(branch_id#2695L)","",false
1,11,74,"Parquet",0,0,0,0,"InMemoryFileIndex(1 paths)[s3a://goes-se-sandbox/data/warehouse/tablespace/external/hive/demo_pauldefusco.db/branches_skewed]","IsNotNull(branch_id)","branch_id:bigint,region:string,branch_type:string","isnotnull(branch_id#91L)","",false
1,11,399,"Parquet",0,0,0,0,"InMemoryFileIndex(1 paths)[s3a://goes-se-sandbox/data/warehouse/tablespace/external/hive/demo_pauldefusco.db/branches_skewed]","IsNotNull(branch_id), IsNotNull(region), IsNotNull(branch_type)","branch_id:bigint,region:string,branch_type:string","isnotnull(branch_id#4015L), isnotnull(region#4018), isnotnull(branch_type#4019)","",false
1,11,442,"Parquet",0,0,0,0,"InMemoryFileIndex(1 paths)[s3a://goes-se-sandbox/data/warehouse/tablespace/external/hive/demo_pauldefusco.db/branches_skewed]","IsNotNull(branch_id), IsNotNull(region), IsNotNull(branch_type)","branch_id:bigint,region:string,branch_type:string,assets_under_management:double,annual_operating_cost:double","isnotnull(branch_id#3687L), isnotnull(region#3690), isnotnull(branch_type#3691)","",false
1,11,143,"Parquet",0,0,0,0,"InMemoryFileIndex(1 paths)[s3a://goes-se-sandbox/data/warehouse/tablespace/external/hive/demo_pauldefusco.db/calendar]","IsNotNull(calendar_date), IsNotNull(year), IsNotNull(month)","calendar_date:date,year:int,month:int","isnotnull(calendar_date#2706), isnotnull(year#2708), isnotnull(month#2710)","",false
1,11,197,"Parquet",0,0,0,0,"InMemoryFileIndex(1 paths)[s3a://goes-se-sandbox/data/warehouse/tablespace/external/hive/demo_pauldefusco.db/calendar]","IsNotNull(calendar_date), IsNotNull(year), IsNotNull(month)","calendar_date:date,year:int,month:int,is_weekend:boolean","isnotnull(calendar_date#2239), isnotnull(year#2241), isnotnull(month#2243)","",false
1,11,286,"Parquet",0,0,0,0,"InMemoryFileIndex(1 paths)[s3a://goes-se-sandbox/data/warehouse/tablespace/external/hive/demo_pauldefusco.db/calendar]","IsNotNull(calendar_date), IsNotNull(year), IsNotNull(quarter)","calendar_date:date,year:int,quarter:int","isnotnull(calendar_date#2978), isnotnull(year#2980), isnotnull(quarter#2981)","",false
1,11,321,"Parquet",0,0,0,0,"InMemoryFileIndex(1 paths)[s3a://goes-se-sandbox/data/warehouse/tablespace/external/hive/demo_pauldefusco.db/calendar]","IsNotNull(calendar_date), IsNotNull(year), IsNotNull(quarter)","calendar_date:date,year:int,quarter:int,is_weekend:boolean","isnotnull(calendar_date#2556), isnotnull(year#2558), isnotnull(quarter#2559)","",false
1,11,79,"Parquet",0,0,0,0,"InMemoryFileIndex(1 paths)[s3a://goes-se-sandbox/data/warehouse/tablespace/external/hive/demo_pauldefusco.db/calendar]","IsNotNull(calendar_date)","calendar_date:date,year:int,quarter:int,month:int,is_weekend:boolean","isnotnull(calendar_date#113)","",false
1,11,270,"Parquet",0,0,0,0,"InMemoryFileIndex(1 paths)[s3a://goes-se-sandbox/data/warehouse/tablespace/external/hive/demo_pauldefusco.db/customers_skewed]","IsNotNull(customer_id)","customer_id:bigint","isnotnull(customer_id#2937L)","",false
1,11,230,"Parquet",0,0,0,0,"InMemoryFileIndex(1 paths)[s3a://goes-se-sandbox/data/warehouse/tablespace/external/hive/demo_pauldefusco.db/customers_skewed]","IsNotNull(customer_id)","customer_id:bigint,credit_score:int","isnotnull(customer_id#2322L)","",false
1,11,436,"Parquet",0,0,0,0,"InMemoryFileIndex(1 paths)[s3a://goes-se-sandbox/data/warehouse/tablespace/external/hive/demo_pauldefusco.db/customers_skewed]","IsNotNull(customer_id), IsNotNull(customer_segment), IsNotNull(income_band)","customer_id:bigint,credit_score:int,income_band:string,customer_segment:string","isnotnull(customer_id#3657L), isnotnull(customer_segment#3664), isnotnull(income_band#3662)","",false
1,11,181,"Parquet",0,0,0,0,"InMemoryFileIndex(1 paths)[s3a://goes-se-sandbox/data/warehouse/tablespace/external/hive/demo_pauldefusco.db/customers_skewed]","IsNotNull(customer_id), IsNotNull(customer_segment), IsNotNull(income_band), IsNotNull(risk_rating)","customer_id:bigint,credit_score:int,income_band:string,customer_segment:string,risk_rating:string","isnotnull(customer_id#2198L), isnotnull(customer_segment#2205), isnotnull(income_band#2203), isnotnull(risk_rating#2207)","",false
1,11,57,"Parquet",0,0,0,0,"InMemoryFileIndex(1 paths)[s3a://goes-se-sandbox/data/warehouse/tablespace/external/hive/demo_pauldefusco.db/customers_skewed]","IsNotNull(customer_id)","customer_id:bigint,credit_score:int,income_band:string,estimated_income:double,customer_segment:string,risk_rating:string","isnotnull(customer_id#31L)","",false
1,11,388,"Parquet",0,0,0,0,"InMemoryFileIndex(1 paths)[s3a://goes-se-sandbox/data/warehouse/tablespace/external/hive/demo_pauldefusco.db/customers_skewed]","IsNotNull(customer_id), IsNotNull(customer_segment), IsNotNull(income_band)","customer_id:bigint,income_band:string,customer_segment:string","isnotnull(customer_id#3985L), isnotnull(customer_segment#3992), isnotnull(income_band#3990)","",false
1,11,122,"Parquet",0,0,0,0,"InMemoryFileIndex(1 paths)[s3a://goes-se-sandbox/data/warehouse/tablespace/external/hive/demo_pauldefusco.db/customers_skewed]","IsNotNull(customer_id), IsNotNull(customer_segment), IsNotNull(income_band), IsNotNull(risk_rating)","customer_id:bigint,income_band:string,customer_segment:string,risk_rating:string","isnotnull(customer_id#2665L), isnotnull(customer_segment#2672), isnotnull(income_band#2670), isnotnull(risk_rating#2674)","",false
1,11,133,"Parquet",0,0,0,0,"InMemoryFileIndex(1 paths)[s3a://goes-se-sandbox/data/warehouse/tablespace/external/hive/demo_pauldefusco.db/merchants_skewed]","IsNotNull(merchant_id)","merchant_id:bigint","isnotnull(merchant_id#2685L)","",false
1,11,394,"Parquet",0,0,0,0,"InMemoryFileIndex(1 paths)[s3a://goes-se-sandbox/data/warehouse/tablespace/external/hive/demo_pauldefusco.db/merchants_skewed]","IsNotNull(merchant_id), IsNotNull(region)","merchant_id:bigint,region:string","isnotnull(merchant_id#4005L), isnotnull(region#4007)","",false
1,11,476,"Parquet",0,0,0,0,"InMemoryFileIndex(1 paths)[s3a://goes-se-sandbox/data/warehouse/tablespace/external/hive/demo_pauldefusco.db/merchants_skewed]","IsNotNull(merchant_id), IsNotNull(region)","merchant_id:bigint,region:string,risk_level:string","isnotnull(merchant_id#3810L), isnotnull(region#3812)","",false
1,11,316,"Parquet",0,0,0,0,"InMemoryFileIndex(1 paths)[s3a://goes-se-sandbox/data/warehouse/tablespace/external/hive/demo_pauldefusco.db/merchants_skewed]","IsNotNull(merchant_id), IsNotNull(region), IsNotNull(risk_level), IsNotNull(merchant_size)","merchant_id:bigint,region:string,risk_level:string,annual_revenue:double,merchant_size:string","isnotnull(merchant_id#2535L), isnotnull(region#2537), isnotnull(risk_level#2540), isnotnull(merchant_size#2542)","",false
1,11,69,"Parquet",0,0,0,0,"InMemoryFileIndex(1 paths)[s3a://goes-se-sandbox/data/warehouse/tablespace/external/hive/demo_pauldefusco.db/merchants_skewed]","IsNotNull(merchant_id)","merchant_id:bigint,region:string,risk_level:string,merchant_size:string","isnotnull(merchant_id#71L)","",false
1,11,281,"Parquet",0,0,0,0,"InMemoryFileIndex(1 paths)[s3a://goes-se-sandbox/data/warehouse/tablespace/external/hive/demo_pauldefusco.db/merchants_skewed]","IsNotNull(merchant_id), IsNotNull(region)","merchant_id:bigint,region:string,risk_level:string,merchant_size:string","isnotnull(merchant_id#2957L), isnotnull(region#2959)","",false
1,11,192,"Parquet",0,0,0,0,"InMemoryFileIndex(1 paths)[s3a://goes-se-sandbox/data/warehouse/tablespace/external/hive/demo_pauldefusco.db/merchants_skewed]","IsNotNull(merchant_id)","merchant_id:bigint,risk_level:string","isnotnull(merchant_id#2218L)","",false
1,11,114,"Parquet",0,0,0,0,"InMemoryFileIndex(1 paths)[s3a://goes-se-sandbox/data/warehouse/tablespace/external/hive/demo_pauldefusco.db/trs_v26]","IsNotNull(transaction_id), LessThan(transaction_id,12500000000), IsNotNull(customer_id), IsNotNull(account_id)","transaction_id:bigint,customer_id:bigint,account_id:bigint,merchant_id:bigint,branch_id:bigint,transaction_date:date","isnotnull(transaction_id#2650L), (transaction_id#2650L < 12500000000), isnotnull(customer_id#2651L), isnotnull(account_id#2652L)","",false
1,11,265,"Parquet",0,0,0,0,"InMemoryFileIndex(1 paths)[s3a://goes-se-sandbox/data/warehouse/tablespace/external/hive/demo_pauldefusco.db/trs_v26]","IsNotNull(transaction_id), LessThan(transaction_id,12500000000), IsNotNull(customer_id), IsNotNull(merchant_id), IsNotNull(merchant_category)","transaction_id:bigint,customer_id:bigint,account_id:bigint,merchant_id:bigint,branch_id:bigint,transaction_date:date,merchant_category:string","isnotnull(transaction_id#2922L), (transaction_id#2922L < 12500000000), isnotnull(customer_id#2923L), isnotnull(merchant_id#2925L), isnotnull(merchant_category#2929)","",false
1,11,380,"Parquet",0,0,0,0,"InMemoryFileIndex(1 paths)[s3a://goes-se-sandbox/data/warehouse/tablespace/external/hive/demo_pauldefusco.db/trs_v26]","IsNotNull(transaction_id), LessThan(transaction_id,12500000000), IsNotNull(merchant_category)","transaction_id:bigint,customer_id:bigint,account_id:bigint,merchant_id:bigint,branch_id:bigint,transaction_date:date,merchant_category:string","isnotnull(transaction_id#3970L), (transaction_id#3970L < 12500000000), isnotnull(merchant_category#3977)","",false
1,11,310,"Parquet",0,0,0,0,"InMemoryFileIndex(1 paths)[s3a://goes-se-sandbox/data/warehouse/tablespace/external/hive/demo_pauldefusco.db/trs_v26]","IsNotNull(transaction_id), LessThan(transaction_id,12500000000), IsNotNull(merchant_id), IsNotNull(merchant_category)","transaction_id:bigint,customer_id:bigint,account_id:bigint,merchant_id:bigint,branch_id:bigint,transaction_date:date,merchant_category:string,transaction_amount:double,fraud_flag:int","isnotnull(transaction_id#2500L), (transaction_id#2500L < 12500000000), isnotnull(merchant_id#2503L), isnotnull(merchant_category#2507)","",false
1,11,468,"Parquet",0,0,0,0,"InMemoryFileIndex(1 paths)[s3a://goes-se-sandbox/data/warehouse/tablespace/external/hive/demo_pauldefusco.db/trs_v26]","IsNotNull(transaction_id), IsNotNull(fraud_flag), LessThan(transaction_id,12500000000), EqualTo(fraud_flag,1), IsNotNull(merchant_category)","transaction_id:bigint,customer_id:bigint,account_id:bigint,merchant_id:bigint,branch_id:bigint,transaction_date:date,merchant_category:string,transaction_amount:double,fraud_flag:int","isnotnull(transaction_id#3775L), isnotnull(fraud_flag#3787), (transaction_id#3775L < 12500000000), (fraud_flag#3787 = 1), isnotnull(merchant_category#3782)","",false
1,11,50,"Parquet",0,0,0,0,"InMemoryFileIndex(1 paths)[s3a://goes-se-sandbox/data/warehouse/tablespace/external/hive/demo_pauldefusco.db/trs_v26]","IsNotNull(transaction_id), LessThan(transaction_id,12500000000)","transaction_id:bigint,customer_id:bigint,account_id:bigint,merchant_id:bigint,branch_id:bigint,transaction_date:date,merchant_category:string,transaction_amount:double,payment_channel:string,payment_type:string,device_type:string,fraud_flag:int","isnotnull(transaction_id#0L), (transaction_id#0L < 12500000000)","",false
1,11,173,"Parquet",0,0,0,0,"InMemoryFileIndex(1 paths)[s3a://goes-se-sandbox/data/warehouse/tablespace/external/hive/demo_pauldefusco.db/trs_v26]","IsNotNull(transaction_id), LessThan(transaction_id,12500000000), IsNotNull(customer_id)","transaction_id:bigint,customer_id:bigint,account_id:bigint,merchant_id:bigint,branch_id:bigint,transaction_date:date,transaction_amount:double,fraud_flag:int","isnotnull(transaction_id#2183L), (transaction_id#2183L < 12500000000), isnotnull(customer_id#2184L)","",false
1,11,225,"Parquet",0,0,0,0,"InMemoryFileIndex(1 paths)[s3a://goes-se-sandbox/data/warehouse/tablespace/external/hive/demo_pauldefusco.db/trs_v26]","IsNotNull(transaction_id), LessThan(transaction_id,12500000000), IsNotNull(account_id)","transaction_id:bigint,customer_id:bigint,account_id:bigint,merchant_id:bigint,branch_id:bigint,transaction_date:date,transaction_amount:double,fraud_flag:int","isnotnull(transaction_id#2307L), (transaction_id#2307L < 12500000000), isnotnull(account_id#2309L)","",false
1,11,428,"Parquet",0,0,0,0,"InMemoryFileIndex(1 paths)[s3a://goes-se-sandbox/data/warehouse/tablespace/external/hive/demo_pauldefusco.db/trs_v26]","IsNotNull(transaction_id), LessThan(transaction_id,12500000000)","transaction_id:bigint,customer_id:bigint,account_id:bigint,merchant_id:bigint,branch_id:bigint,transaction_date:date,transaction_amount:double,fraud_flag:int","isnotnull(transaction_id#3642L), (transaction_id#3642L < 12500000000)","",false
1,11,344,"Parquet",0,0,0,0,"InMemoryFileIndex(1 paths)[s3a://goes-se-sandbox/data/warehouse/tablespace/external/hive/demo_pauldefusco.db/trs_v26]","IsNotNull(transaction_id), LessThan(transaction_id,12500000000), IsNotNull(payment_channel), IsNotNull(payment_type), IsNotNull(device_type)","transaction_id:bigint,customer_id:bigint,account_id:bigint,merchant_id:bigint,branch_id:bigint,transaction_date:date,transaction_amount:double,payment_channel:string,payment_type:string,device_type:string,fraud_flag:int","isnotnull(transaction_id#3237L), (transaction_id#3237L < 12500000000), isnotnull(payment_channel#3246), isnotnull(payment_type#3247), isnotnull(device_type#3248)","",false
1,12,276,"Parquet",0,0,0,0,"InMemoryFileIndex(1 paths)[s3a://goes-se-sandbox/data/warehouse/tablespace/external/hive/demo_pauldefusco.db/accounts_skewed]","IsNotNull(account_id)","account_id:bigint","isnotnull(account_id#2948L)","",false
1,12,128,"Parquet",0,0,0,0,"InMemoryFileIndex(1 paths)[s3a://goes-se-sandbox/data/warehouse/tablespace/external/hive/demo_pauldefusco.db/accounts_skewed]","IsNotNull(account_id), IsNotNull(account_type)","account_id:bigint,account_type:string,account_status:string","isnotnull(account_id#2676L), isnotnull(account_type#2677)","",false
1,12,64,"Parquet",0,0,0,0,"InMemoryFileIndex(1 paths)[s3a://goes-se-sandbox/data/warehouse/tablespace/external/hive/demo_pauldefusco.db/accounts_skewed]","IsNotNull(account_id)","account_id:bigint,account_type:string,account_status:string,current_balance:double,credit_limit:double,interest_rate:double","isnotnull(account_id#52L)","",false
1,12,238,"Parquet",0,0,0,0,"InMemoryFileIndex(1 paths)[s3a://goes-se-sandbox/data/warehouse/tablespace/external/hive/demo_pauldefusco.db/accounts_skewed]","IsNotNull(account_id), IsNotNull(account_type), IsNotNull(account_status)","account_id:bigint,account_type:string,account_status:string,current_balance:double,credit_limit:double,interest_rate:double","isnotnull(account_id#2333L), isnotnull(account_type#2334), isnotnull(account_status#2336)","",false
1,12,187,"Parquet",0,0,0,0,"InMemoryFileIndex(1 paths)[s3a://goes-se-sandbox/data/warehouse/tablespace/external/hive/demo_pauldefusco.db/accounts_skewed]","IsNotNull(account_id)","account_id:bigint,current_balance:double,interest_rate:double","isnotnull(account_id#2209L)","",false
1,12,138,"Parquet",0,0,0,0,"InMemoryFileIndex(1 paths)[s3a://goes-se-sandbox/data/warehouse/tablespace/external/hive/demo_pauldefusco.db/branches_skewed]","IsNotNull(branch_id)","branch_id:bigint","isnotnull(branch_id#2695L)","",false
1,12,74,"Parquet",0,0,0,0,"InMemoryFileIndex(1 paths)[s3a://goes-se-sandbox/data/warehouse/tablespace/external/hive/demo_pauldefusco.db/branches_skewed]","IsNotNull(branch_id)","branch_id:bigint,region:string,branch_type:string","isnotnull(branch_id#91L)","",false
1,12,402,"Parquet",0,0,0,0,"InMemoryFileIndex(1 paths)[s3a://goes-se-sandbox/data/warehouse/tablespace/external/hive/demo_pauldefusco.db/branches_skewed]","IsNotNull(branch_id), IsNotNull(region), IsNotNull(branch_type)","branch_id:bigint,region:string,branch_type:string","isnotnull(branch_id#4015L), isnotnull(region#4018), isnotnull(branch_type#4019)","",false
1,12,445,"Parquet",0,0,0,0,"InMemoryFileIndex(1 paths)[s3a://goes-se-sandbox/data/warehouse/tablespace/external/hive/demo_pauldefusco.db/branches_skewed]","IsNotNull(branch_id), IsNotNull(region), IsNotNull(branch_type)","branch_id:bigint,region:string,branch_type:string,assets_under_management:double,annual_operating_cost:double","isnotnull(branch_id#3687L), isnotnull(region#3690), isnotnull(branch_type#3691)","",false
1,12,143,"Parquet",0,0,0,0,"InMemoryFileIndex(1 paths)[s3a://goes-se-sandbox/data/warehouse/tablespace/external/hive/demo_pauldefusco.db/calendar]","IsNotNull(calendar_date), IsNotNull(year), IsNotNull(month)","calendar_date:date,year:int,month:int","isnotnull(calendar_date#2706), isnotnull(year#2708), isnotnull(month#2710)","",false
1,12,197,"Parquet",0,0,0,0,"InMemoryFileIndex(1 paths)[s3a://goes-se-sandbox/data/warehouse/tablespace/external/hive/demo_pauldefusco.db/calendar]","IsNotNull(calendar_date), IsNotNull(year), IsNotNull(month)","calendar_date:date,year:int,month:int,is_weekend:boolean","isnotnull(calendar_date#2239), isnotnull(year#2241), isnotnull(month#2243)","",false
1,12,286,"Parquet",0,0,0,0,"InMemoryFileIndex(1 paths)[s3a://goes-se-sandbox/data/warehouse/tablespace/external/hive/demo_pauldefusco.db/calendar]","IsNotNull(calendar_date), IsNotNull(year), IsNotNull(quarter)","calendar_date:date,year:int,quarter:int","isnotnull(calendar_date#2978), isnotnull(year#2980), isnotnull(quarter#2981)","",false
1,12,324,"Parquet",0,0,0,0,"InMemoryFileIndex(1 paths)[s3a://goes-se-sandbox/data/warehouse/tablespace/external/hive/demo_pauldefusco.db/calendar]","IsNotNull(calendar_date), IsNotNull(year), IsNotNull(quarter)","calendar_date:date,year:int,quarter:int,is_weekend:boolean","isnotnull(calendar_date#2556), isnotnull(year#2558), isnotnull(quarter#2559)","",false
1,12,79,"Parquet",0,0,0,0,"InMemoryFileIndex(1 paths)[s3a://goes-se-sandbox/data/warehouse/tablespace/external/hive/demo_pauldefusco.db/calendar]","IsNotNull(calendar_date)","calendar_date:date,year:int,quarter:int,month:int,is_weekend:boolean","isnotnull(calendar_date#113)","",false
1,12,270,"Parquet",0,0,0,0,"InMemoryFileIndex(1 paths)[s3a://goes-se-sandbox/data/warehouse/tablespace/external/hive/demo_pauldefusco.db/customers_skewed]","IsNotNull(customer_id)","customer_id:bigint","isnotnull(customer_id#2937L)","",false
1,12,230,"Parquet",0,0,0,0,"InMemoryFileIndex(1 paths)[s3a://goes-se-sandbox/data/warehouse/tablespace/external/hive/demo_pauldefusco.db/customers_skewed]","IsNotNull(customer_id)","customer_id:bigint,credit_score:int","isnotnull(customer_id#2322L)","",false
1,12,439,"Parquet",0,0,0,0,"InMemoryFileIndex(1 paths)[s3a://goes-se-sandbox/data/warehouse/tablespace/external/hive/demo_pauldefusco.db/customers_skewed]","IsNotNull(customer_id), IsNotNull(customer_segment), IsNotNull(income_band)","customer_id:bigint,credit_score:int,income_band:string,customer_segment:string","isnotnull(customer_id#3657L), isnotnull(customer_segment#3664), isnotnull(income_band#3662)","",false
1,12,181,"Parquet",0,0,0,0,"InMemoryFileIndex(1 paths)[s3a://goes-se-sandbox/data/warehouse/tablespace/external/hive/demo_pauldefusco.db/customers_skewed]","IsNotNull(customer_id), IsNotNull(customer_segment), IsNotNull(income_band), IsNotNull(risk_rating)","customer_id:bigint,credit_score:int,income_band:string,customer_segment:string,risk_rating:string","isnotnull(customer_id#2198L), isnotnull(customer_segment#2205), isnotnull(income_band#2203), isnotnull(risk_rating#2207)","",false
1,12,57,"Parquet",0,0,0,0,"InMemoryFileIndex(1 paths)[s3a://goes-se-sandbox/data/warehouse/tablespace/external/hive/demo_pauldefusco.db/customers_skewed]","IsNotNull(customer_id)","customer_id:bigint,credit_score:int,income_band:string,estimated_income:double,customer_segment:string,risk_rating:string","isnotnull(customer_id#31L)","",false
1,12,391,"Parquet",0,0,0,0,"InMemoryFileIndex(1 paths)[s3a://goes-se-sandbox/data/warehouse/tablespace/external/hive/demo_pauldefusco.db/customers_skewed]","IsNotNull(customer_id), IsNotNull(customer_segment), IsNotNull(income_band)","customer_id:bigint,income_band:string,customer_segment:string","isnotnull(customer_id#3985L), isnotnull(customer_segment#3992), isnotnull(income_band#3990)","",false
1,12,122,"Parquet",0,0,0,0,"InMemoryFileIndex(1 paths)[s3a://goes-se-sandbox/data/warehouse/tablespace/external/hive/demo_pauldefusco.db/customers_skewed]","IsNotNull(customer_id), IsNotNull(customer_segment), IsNotNull(income_band), IsNotNull(risk_rating)","customer_id:bigint,income_band:string,customer_segment:string,risk_rating:string","isnotnull(customer_id#2665L), isnotnull(customer_segment#2672), isnotnull(income_band#2670), isnotnull(risk_rating#2674)","",false
1,12,133,"Parquet",0,0,0,0,"InMemoryFileIndex(1 paths)[s3a://goes-se-sandbox/data/warehouse/tablespace/external/hive/demo_pauldefusco.db/merchants_skewed]","IsNotNull(merchant_id)","merchant_id:bigint","isnotnull(merchant_id#2685L)","",false
1,12,397,"Parquet",0,0,0,0,"InMemoryFileIndex(1 paths)[s3a://goes-se-sandbox/data/warehouse/tablespace/external/hive/demo_pauldefusco.db/merchants_skewed]","IsNotNull(merchant_id), IsNotNull(region)","merchant_id:bigint,region:string","isnotnull(merchant_id#4005L), isnotnull(region#4007)","",false
1,12,479,"Parquet",0,0,0,0,"InMemoryFileIndex(1 paths)[s3a://goes-se-sandbox/data/warehouse/tablespace/external/hive/demo_pauldefusco.db/merchants_skewed]","IsNotNull(merchant_id), IsNotNull(region)","merchant_id:bigint,region:string,risk_level:string","isnotnull(merchant_id#3810L), isnotnull(region#3812)","",false
1,12,319,"Parquet",0,0,0,0,"InMemoryFileIndex(1 paths)[s3a://goes-se-sandbox/data/warehouse/tablespace/external/hive/demo_pauldefusco.db/merchants_skewed]","IsNotNull(merchant_id), IsNotNull(region), IsNotNull(risk_level), IsNotNull(merchant_size)","merchant_id:bigint,region:string,risk_level:string,annual_revenue:double,merchant_size:string","isnotnull(merchant_id#2535L), isnotnull(region#2537), isnotnull(risk_level#2540), isnotnull(merchant_size#2542)","",false
1,12,69,"Parquet",0,0,0,0,"InMemoryFileIndex(1 paths)[s3a://goes-se-sandbox/data/warehouse/tablespace/external/hive/demo_pauldefusco.db/merchants_skewed]","IsNotNull(merchant_id)","merchant_id:bigint,region:string,risk_level:string,merchant_size:string","isnotnull(merchant_id#71L)","",false
1,12,281,"Parquet",0,0,0,0,"InMemoryFileIndex(1 paths)[s3a://goes-se-sandbox/data/warehouse/tablespace/external/hive/demo_pauldefusco.db/merchants_skewed]","IsNotNull(merchant_id), IsNotNull(region)","merchant_id:bigint,region:string,risk_level:string,merchant_size:string","isnotnull(merchant_id#2957L), isnotnull(region#2959)","",false
1,12,192,"Parquet",0,0,0,0,"InMemoryFileIndex(1 paths)[s3a://goes-se-sandbox/data/warehouse/tablespace/external/hive/demo_pauldefusco.db/merchants_skewed]","IsNotNull(merchant_id)","merchant_id:bigint,risk_level:string","isnotnull(merchant_id#2218L)","",false
1,12,114,"Parquet",0,0,0,0,"InMemoryFileIndex(1 paths)[s3a://goes-se-sandbox/data/warehouse/tablespace/external/hive/demo_pauldefusco.db/trs_v26]","IsNotNull(transaction_id), LessThan(transaction_id,12500000000), IsNotNull(customer_id), IsNotNull(account_id)","transaction_id:bigint,customer_id:bigint,account_id:bigint,merchant_id:bigint,branch_id:bigint,transaction_date:date","isnotnull(transaction_id#2650L), (transaction_id#2650L < 12500000000), isnotnull(customer_id#2651L), isnotnull(account_id#2652L)","",false
1,12,265,"Parquet",0,0,0,0,"InMemoryFileIndex(1 paths)[s3a://goes-se-sandbox/data/warehouse/tablespace/external/hive/demo_pauldefusco.db/trs_v26]","IsNotNull(transaction_id), LessThan(transaction_id,12500000000), IsNotNull(customer_id), IsNotNull(merchant_id), IsNotNull(merchant_category)","transaction_id:bigint,customer_id:bigint,account_id:bigint,merchant_id:bigint,branch_id:bigint,transaction_date:date,merchant_category:string","isnotnull(transaction_id#2922L), (transaction_id#2922L < 12500000000), isnotnull(customer_id#2923L), isnotnull(merchant_id#2925L), isnotnull(merchant_category#2929)","",false
1,12,383,"Parquet",0,0,0,0,"InMemoryFileIndex(1 paths)[s3a://goes-se-sandbox/data/warehouse/tablespace/external/hive/demo_pauldefusco.db/trs_v26]","IsNotNull(transaction_id), LessThan(transaction_id,12500000000), IsNotNull(merchant_category)","transaction_id:bigint,customer_id:bigint,account_id:bigint,merchant_id:bigint,branch_id:bigint,transaction_date:date,merchant_category:string","isnotnull(transaction_id#3970L), (transaction_id#3970L < 12500000000), isnotnull(merchant_category#3977)","",false
1,12,312,"Parquet",0,0,0,0,"InMemoryFileIndex(1 paths)[s3a://goes-se-sandbox/data/warehouse/tablespace/external/hive/demo_pauldefusco.db/trs_v26]","IsNotNull(transaction_id), LessThan(transaction_id,12500000000), IsNotNull(merchant_id), IsNotNull(merchant_category)","transaction_id:bigint,customer_id:bigint,account_id:bigint,merchant_id:bigint,branch_id:bigint,transaction_date:date,merchant_category:string,transaction_amount:double,fraud_flag:int","isnotnull(transaction_id#2500L), (transaction_id#2500L < 12500000000), isnotnull(merchant_id#2503L), isnotnull(merchant_category#2507)","",false
1,12,471,"Parquet",0,0,0,0,"InMemoryFileIndex(1 paths)[s3a://goes-se-sandbox/data/warehouse/tablespace/external/hive/demo_pauldefusco.db/trs_v26]","IsNotNull(transaction_id), IsNotNull(fraud_flag), LessThan(transaction_id,12500000000), EqualTo(fraud_flag,1), IsNotNull(merchant_category)","transaction_id:bigint,customer_id:bigint,account_id:bigint,merchant_id:bigint,branch_id:bigint,transaction_date:date,merchant_category:string,transaction_amount:double,fraud_flag:int","isnotnull(transaction_id#3775L), isnotnull(fraud_flag#3787), (transaction_id#3775L < 12500000000), (fraud_flag#3787 = 1), isnotnull(merchant_category#3782)","",false
1,12,50,"Parquet",0,0,0,0,"InMemoryFileIndex(1 paths)[s3a://goes-se-sandbox/data/warehouse/tablespace/external/hive/demo_pauldefusco.db/trs_v26]","IsNotNull(transaction_id), LessThan(transaction_id,12500000000)","transaction_id:bigint,customer_id:bigint,account_id:bigint,merchant_id:bigint,branch_id:bigint,transaction_date:date,merchant_category:string,transaction_amount:double,payment_channel:string,payment_type:string,device_type:string,fraud_flag:int","isnotnull(transaction_id#0L), (transaction_id#0L < 12500000000)","",false
1,12,173,"Parquet",0,0,0,0,"InMemoryFileIndex(1 paths)[s3a://goes-se-sandbox/data/warehouse/tablespace/external/hive/demo_pauldefusco.db/trs_v26]","IsNotNull(transaction_id), LessThan(transaction_id,12500000000), IsNotNull(customer_id)","transaction_id:bigint,customer_id:bigint,account_id:bigint,merchant_id:bigint,branch_id:bigint,transaction_date:date,transaction_amount:double,fraud_flag:int","isnotnull(transaction_id#2183L), (transaction_id#2183L < 12500000000), isnotnull(customer_id#2184L)","",false
1,12,225,"Parquet",0,0,0,0,"InMemoryFileIndex(1 paths)[s3a://goes-se-sandbox/data/warehouse/tablespace/external/hive/demo_pauldefusco.db/trs_v26]","IsNotNull(transaction_id), LessThan(transaction_id,12500000000), IsNotNull(account_id)","transaction_id:bigint,customer_id:bigint,account_id:bigint,merchant_id:bigint,branch_id:bigint,transaction_date:date,transaction_amount:double,fraud_flag:int","isnotnull(transaction_id#2307L), (transaction_id#2307L < 12500000000), isnotnull(account_id#2309L)","",false
1,12,431,"Parquet",0,0,0,0,"InMemoryFileIndex(1 paths)[s3a://goes-se-sandbox/data/warehouse/tablespace/external/hive/demo_pauldefusco.db/trs_v26]","IsNotNull(transaction_id), LessThan(transaction_id,12500000000)","transaction_id:bigint,customer_id:bigint,account_id:bigint,merchant_id:bigint,branch_id:bigint,transaction_date:date,transaction_amount:double,fraud_flag:int","isnotnull(transaction_id#3642L), (transaction_id#3642L < 12500000000)","",false
1,12,347,"Parquet",0,0,0,0,"InMemoryFileIndex(1 paths)[s3a://goes-se-sandbox/data/warehouse/tablespace/external/hive/demo_pauldefusco.db/trs_v26]","IsNotNull(transaction_id), LessThan(transaction_id,12500000000), IsNotNull(payment_channel), IsNotNull(payment_type), IsNotNull(device_type)","transaction_id:bigint,customer_id:bigint,account_id:bigint,merchant_id:bigint,branch_id:bigint,transaction_date:date,transaction_amount:double,payment_channel:string,payment_type:string,device_type:string,fraud_flag:int","isnotnull(transaction_id#3237L), (transaction_id#3237L < 12500000000), isnotnull(payment_channel#3246), isnotnull(payment_type#3247), isnotnull(device_type#3248)","",false
1,13,281,"Parquet",0,0,0,0,"InMemoryFileIndex(1 paths)[s3a://goes-se-sandbox/data/warehouse/tablespace/external/hive/demo_pauldefusco.db/accounts_skewed]","IsNotNull(account_id)","account_id:bigint","isnotnull(account_id#2948L)","",false
1,13,128,"Parquet",0,0,0,0,"InMemoryFileIndex(1 paths)[s3a://goes-se-sandbox/data/warehouse/tablespace/external/hive/demo_pauldefusco.db/accounts_skewed]","IsNotNull(account_id), IsNotNull(account_type)","account_id:bigint,account_type:string,account_status:string","isnotnull(account_id#2676L), isnotnull(account_type#2677)","",false
1,13,64,"Parquet",0,0,0,0,"InMemoryFileIndex(1 paths)[s3a://goes-se-sandbox/data/warehouse/tablespace/external/hive/demo_pauldefusco.db/accounts_skewed]","IsNotNull(account_id)","account_id:bigint,account_type:string,account_status:string,current_balance:double,credit_limit:double,interest_rate:double","isnotnull(account_id#52L)","",false
1,13,238,"Parquet",0,0,0,0,"InMemoryFileIndex(1 paths)[s3a://goes-se-sandbox/data/warehouse/tablespace/external/hive/demo_pauldefusco.db/accounts_skewed]","IsNotNull(account_id), IsNotNull(account_type), IsNotNull(account_status)","account_id:bigint,account_type:string,account_status:string,current_balance:double,credit_limit:double,interest_rate:double","isnotnull(account_id#2333L), isnotnull(account_type#2334), isnotnull(account_status#2336)","",false
1,13,187,"Parquet",0,0,0,0,"InMemoryFileIndex(1 paths)[s3a://goes-se-sandbox/data/warehouse/tablespace/external/hive/demo_pauldefusco.db/accounts_skewed]","IsNotNull(account_id)","account_id:bigint,current_balance:double,interest_rate:double","isnotnull(account_id#2209L)","",false
1,13,138,"Parquet",0,0,0,0,"InMemoryFileIndex(1 paths)[s3a://goes-se-sandbox/data/warehouse/tablespace/external/hive/demo_pauldefusco.db/branches_skewed]","IsNotNull(branch_id)","branch_id:bigint","isnotnull(branch_id#2695L)","",false
1,13,74,"Parquet",0,0,0,0,"InMemoryFileIndex(1 paths)[s3a://goes-se-sandbox/data/warehouse/tablespace/external/hive/demo_pauldefusco.db/branches_skewed]","IsNotNull(branch_id)","branch_id:bigint,region:string,branch_type:string","isnotnull(branch_id#91L)","",false
1,13,407,"Parquet",0,0,0,0,"InMemoryFileIndex(1 paths)[s3a://goes-se-sandbox/data/warehouse/tablespace/external/hive/demo_pauldefusco.db/branches_skewed]","IsNotNull(branch_id), IsNotNull(region), IsNotNull(branch_type)","branch_id:bigint,region:string,branch_type:string","isnotnull(branch_id#4015L), isnotnull(region#4018), isnotnull(branch_type#4019)","",false
1,13,450,"Parquet",0,0,0,0,"InMemoryFileIndex(1 paths)[s3a://goes-se-sandbox/data/warehouse/tablespace/external/hive/demo_pauldefusco.db/branches_skewed]","IsNotNull(branch_id), IsNotNull(region), IsNotNull(branch_type)","branch_id:bigint,region:string,branch_type:string,assets_under_management:double,annual_operating_cost:double","isnotnull(branch_id#3687L), isnotnull(region#3690), isnotnull(branch_type#3691)","",false
1,13,143,"Parquet",0,0,0,0,"InMemoryFileIndex(1 paths)[s3a://goes-se-sandbox/data/warehouse/tablespace/external/hive/demo_pauldefusco.db/calendar]","IsNotNull(calendar_date), IsNotNull(year), IsNotNull(month)","calendar_date:date,year:int,month:int","isnotnull(calendar_date#2706), isnotnull(year#2708), isnotnull(month#2710)","",false
1,13,197,"Parquet",0,0,0,0,"InMemoryFileIndex(1 paths)[s3a://goes-se-sandbox/data/warehouse/tablespace/external/hive/demo_pauldefusco.db/calendar]","IsNotNull(calendar_date), IsNotNull(year), IsNotNull(month)","calendar_date:date,year:int,month:int,is_weekend:boolean","isnotnull(calendar_date#2239), isnotnull(year#2241), isnotnull(month#2243)","",false
1,13,291,"Parquet",0,0,0,0,"InMemoryFileIndex(1 paths)[s3a://goes-se-sandbox/data/warehouse/tablespace/external/hive/demo_pauldefusco.db/calendar]","IsNotNull(calendar_date), IsNotNull(year), IsNotNull(quarter)","calendar_date:date,year:int,quarter:int","isnotnull(calendar_date#2978), isnotnull(year#2980), isnotnull(quarter#2981)","",false
1,13,329,"Parquet",0,0,0,0,"InMemoryFileIndex(1 paths)[s3a://goes-se-sandbox/data/warehouse/tablespace/external/hive/demo_pauldefusco.db/calendar]","IsNotNull(calendar_date), IsNotNull(year), IsNotNull(quarter)","calendar_date:date,year:int,quarter:int,is_weekend:boolean","isnotnull(calendar_date#2556), isnotnull(year#2558), isnotnull(quarter#2559)","",false
1,13,79,"Parquet",0,0,0,0,"InMemoryFileIndex(1 paths)[s3a://goes-se-sandbox/data/warehouse/tablespace/external/hive/demo_pauldefusco.db/calendar]","IsNotNull(calendar_date)","calendar_date:date,year:int,quarter:int,month:int,is_weekend:boolean","isnotnull(calendar_date#113)","",false
1,13,273,"Parquet",0,0,0,0,"InMemoryFileIndex(1 paths)[s3a://goes-se-sandbox/data/warehouse/tablespace/external/hive/demo_pauldefusco.db/customers_skewed]","IsNotNull(customer_id)","customer_id:bigint","isnotnull(customer_id#2937L)","",false
1,13,230,"Parquet",0,0,0,0,"InMemoryFileIndex(1 paths)[s3a://goes-se-sandbox/data/warehouse/tablespace/external/hive/demo_pauldefusco.db/customers_skewed]","IsNotNull(customer_id)","customer_id:bigint,credit_score:int","isnotnull(customer_id#2322L)","",false
1,13,444,"Parquet",0,0,0,0,"InMemoryFileIndex(1 paths)[s3a://goes-se-sandbox/data/warehouse/tablespace/external/hive/demo_pauldefusco.db/customers_skewed]","IsNotNull(customer_id), IsNotNull(customer_segment), IsNotNull(income_band)","customer_id:bigint,credit_score:int,income_band:string,customer_segment:string","isnotnull(customer_id#3657L), isnotnull(customer_segment#3664), isnotnull(income_band#3662)","",false
1,13,181,"Parquet",0,0,0,0,"InMemoryFileIndex(1 paths)[s3a://goes-se-sandbox/data/warehouse/tablespace/external/hive/demo_pauldefusco.db/customers_skewed]","IsNotNull(customer_id), IsNotNull(customer_segment), IsNotNull(income_band), IsNotNull(risk_rating)","customer_id:bigint,credit_score:int,income_band:string,customer_segment:string,risk_rating:string","isnotnull(customer_id#2198L), isnotnull(customer_segment#2205), isnotnull(income_band#2203), isnotnull(risk_rating#2207)","",false
1,13,57,"Parquet",0,0,0,0,"InMemoryFileIndex(1 paths)[s3a://goes-se-sandbox/data/warehouse/tablespace/external/hive/demo_pauldefusco.db/customers_skewed]","IsNotNull(customer_id)","customer_id:bigint,credit_score:int,income_band:string,estimated_income:double,customer_segment:string,risk_rating:string","isnotnull(customer_id#31L)","",false
1,13,396,"Parquet",0,0,0,0,"InMemoryFileIndex(1 paths)[s3a://goes-se-sandbox/data/warehouse/tablespace/external/hive/demo_pauldefusco.db/customers_skewed]","IsNotNull(customer_id), IsNotNull(customer_segment), IsNotNull(income_band)","customer_id:bigint,income_band:string,customer_segment:string","isnotnull(customer_id#3985L), isnotnull(customer_segment#3992), isnotnull(income_band#3990)","",false
1,13,122,"Parquet",0,0,0,0,"InMemoryFileIndex(1 paths)[s3a://goes-se-sandbox/data/warehouse/tablespace/external/hive/demo_pauldefusco.db/customers_skewed]","IsNotNull(customer_id), IsNotNull(customer_segment), IsNotNull(income_band), IsNotNull(risk_rating)","customer_id:bigint,income_band:string,customer_segment:string,risk_rating:string","isnotnull(customer_id#2665L), isnotnull(customer_segment#2672), isnotnull(income_band#2670), isnotnull(risk_rating#2674)","",false
1,13,133,"Parquet",0,0,0,0,"InMemoryFileIndex(1 paths)[s3a://goes-se-sandbox/data/warehouse/tablespace/external/hive/demo_pauldefusco.db/merchants_skewed]","IsNotNull(merchant_id)","merchant_id:bigint","isnotnull(merchant_id#2685L)","",false
1,13,402,"Parquet",0,0,0,0,"InMemoryFileIndex(1 paths)[s3a://goes-se-sandbox/data/warehouse/tablespace/external/hive/demo_pauldefusco.db/merchants_skewed]","IsNotNull(merchant_id), IsNotNull(region)","merchant_id:bigint,region:string","isnotnull(merchant_id#4005L), isnotnull(region#4007)","",false
1,13,484,"Parquet",0,0,0,0,"InMemoryFileIndex(1 paths)[s3a://goes-se-sandbox/data/warehouse/tablespace/external/hive/demo_pauldefusco.db/merchants_skewed]","IsNotNull(merchant_id), IsNotNull(region)","merchant_id:bigint,region:string,risk_level:string","isnotnull(merchant_id#3810L), isnotnull(region#3812)","",false
1,13,324,"Parquet",0,0,0,0,"InMemoryFileIndex(1 paths)[s3a://goes-se-sandbox/data/warehouse/tablespace/external/hive/demo_pauldefusco.db/merchants_skewed]","IsNotNull(merchant_id), IsNotNull(region), IsNotNull(risk_level), IsNotNull(merchant_size)","merchant_id:bigint,region:string,risk_level:string,annual_revenue:double,merchant_size:string","isnotnull(merchant_id#2535L), isnotnull(region#2537), isnotnull(risk_level#2540), isnotnull(merchant_size#2542)","",false
1,13,69,"Parquet",0,0,0,0,"InMemoryFileIndex(1 paths)[s3a://goes-se-sandbox/data/warehouse/tablespace/external/hive/demo_pauldefusco.db/merchants_skewed]","IsNotNull(merchant_id)","merchant_id:bigint,region:string,risk_level:string,merchant_size:string","isnotnull(merchant_id#71L)","",false
1,13,286,"Parquet",0,0,0,0,"InMemoryFileIndex(1 paths)[s3a://goes-se-sandbox/data/warehouse/tablespace/external/hive/demo_pauldefusco.db/merchants_skewed]","IsNotNull(merchant_id), IsNotNull(region)","merchant_id:bigint,region:string,risk_level:string,merchant_size:string","isnotnull(merchant_id#2957L), isnotnull(region#2959)","",false
1,13,192,"Parquet",0,0,0,0,"InMemoryFileIndex(1 paths)[s3a://goes-se-sandbox/data/warehouse/tablespace/external/hive/demo_pauldefusco.db/merchants_skewed]","IsNotNull(merchant_id)","merchant_id:bigint,risk_level:string","isnotnull(merchant_id#2218L)","",false
1,13,114,"Parquet",0,0,0,0,"InMemoryFileIndex(1 paths)[s3a://goes-se-sandbox/data/warehouse/tablespace/external/hive/demo_pauldefusco.db/trs_v26]","IsNotNull(transaction_id), LessThan(transaction_id,12500000000), IsNotNull(customer_id), IsNotNull(account_id)","transaction_id:bigint,customer_id:bigint,account_id:bigint,merchant_id:bigint,branch_id:bigint,transaction_date:date","isnotnull(transaction_id#2650L), (transaction_id#2650L < 12500000000), isnotnull(customer_id#2651L), isnotnull(account_id#2652L)","",false
1,13,268,"Parquet",0,0,0,0,"InMemoryFileIndex(1 paths)[s3a://goes-se-sandbox/data/warehouse/tablespace/external/hive/demo_pauldefusco.db/trs_v26]","IsNotNull(transaction_id), LessThan(transaction_id,12500000000), IsNotNull(customer_id), IsNotNull(merchant_id), IsNotNull(merchant_category)","transaction_id:bigint,customer_id:bigint,account_id:bigint,merchant_id:bigint,branch_id:bigint,transaction_date:date,merchant_category:string","isnotnull(transaction_id#2922L), (transaction_id#2922L < 12500000000), isnotnull(customer_id#2923L), isnotnull(merchant_id#2925L), isnotnull(merchant_category#2929)","",false
1,13,388,"Parquet",0,0,0,0,"InMemoryFileIndex(1 paths)[s3a://goes-se-sandbox/data/warehouse/tablespace/external/hive/demo_pauldefusco.db/trs_v26]","IsNotNull(transaction_id), LessThan(transaction_id,12500000000), IsNotNull(merchant_category)","transaction_id:bigint,customer_id:bigint,account_id:bigint,merchant_id:bigint,branch_id:bigint,transaction_date:date,merchant_category:string","isnotnull(transaction_id#3970L), (transaction_id#3970L < 12500000000), isnotnull(merchant_category#3977)","",false
1,13,317,"Parquet",0,0,0,0,"InMemoryFileIndex(1 paths)[s3a://goes-se-sandbox/data/warehouse/tablespace/external/hive/demo_pauldefusco.db/trs_v26]","IsNotNull(transaction_id), LessThan(transaction_id,12500000000), IsNotNull(merchant_id), IsNotNull(merchant_category)","transaction_id:bigint,customer_id:bigint,account_id:bigint,merchant_id:bigint,branch_id:bigint,transaction_date:date,merchant_category:string,transaction_amount:double,fraud_flag:int","isnotnull(transaction_id#2500L), (transaction_id#2500L < 12500000000), isnotnull(merchant_id#2503L), isnotnull(merchant_category#2507)","",false
1,13,476,"Parquet",0,0,0,0,"InMemoryFileIndex(1 paths)[s3a://goes-se-sandbox/data/warehouse/tablespace/external/hive/demo_pauldefusco.db/trs_v26]","IsNotNull(transaction_id), IsNotNull(fraud_flag), LessThan(transaction_id,12500000000), EqualTo(fraud_flag,1), IsNotNull(merchant_category)","transaction_id:bigint,customer_id:bigint,account_id:bigint,merchant_id:bigint,branch_id:bigint,transaction_date:date,merchant_category:string,transaction_amount:double,fraud_flag:int","isnotnull(transaction_id#3775L), isnotnull(fraud_flag#3787), (transaction_id#3775L < 12500000000), (fraud_flag#3787 = 1), isnotnull(merchant_category#3782)","",false
1,13,50,"Parquet",0,0,0,0,"InMemoryFileIndex(1 paths)[s3a://goes-se-sandbox/data/warehouse/tablespace/external/hive/demo_pauldefusco.db/trs_v26]","IsNotNull(transaction_id), LessThan(transaction_id,12500000000)","transaction_id:bigint,customer_id:bigint,account_id:bigint,merchant_id:bigint,branch_id:bigint,transaction_date:date,merchant_category:string,transaction_amount:double,payment_channel:string,payment_type:string,device_type:string,fraud_flag:int","isnotnull(transaction_id#0L), (transaction_id#0L < 12500000000)","",false
1,13,173,"Parquet",0,0,0,0,"InMemoryFileIndex(1 paths)[s3a://goes-se-sandbox/data/warehouse/tablespace/external/hive/demo_pauldefusco.db/trs_v26]","IsNotNull(transaction_id), LessThan(transaction_id,12500000000), IsNotNull(customer_id)","transaction_id:bigint,customer_id:bigint,account_id:bigint,merchant_id:bigint,branch_id:bigint,transaction_date:date,transaction_amount:double,fraud_flag:int","isnotnull(transaction_id#2183L), (transaction_id#2183L < 12500000000), isnotnull(customer_id#2184L)","",false
1,13,225,"Parquet",0,0,0,0,"InMemoryFileIndex(1 paths)[s3a://goes-se-sandbox/data/warehouse/tablespace/external/hive/demo_pauldefusco.db/trs_v26]","IsNotNull(transaction_id), LessThan(transaction_id,12500000000), IsNotNull(account_id)","transaction_id:bigint,customer_id:bigint,account_id:bigint,merchant_id:bigint,branch_id:bigint,transaction_date:date,transaction_amount:double,fraud_flag:int","isnotnull(transaction_id#2307L), (transaction_id#2307L < 12500000000), isnotnull(account_id#2309L)","",false
1,13,436,"Parquet",0,0,0,0,"InMemoryFileIndex(1 paths)[s3a://goes-se-sandbox/data/warehouse/tablespace/external/hive/demo_pauldefusco.db/trs_v26]","IsNotNull(transaction_id), LessThan(transaction_id,12500000000)","transaction_id:bigint,customer_id:bigint,account_id:bigint,merchant_id:bigint,branch_id:bigint,transaction_date:date,transaction_amount:double,fraud_flag:int","isnotnull(transaction_id#3642L), (transaction_id#3642L < 12500000000)","",false
1,13,352,"Parquet",0,0,0,0,"InMemoryFileIndex(1 paths)[s3a://goes-se-sandbox/data/warehouse/tablespace/external/hive/demo_pauldefusco.db/trs_v26]","IsNotNull(transaction_id), LessThan(transaction_id,12500000000), IsNotNull(payment_channel), IsNotNull(payment_type), IsNotNull(device_type)","transaction_id:bigint,customer_id:bigint,account_id:bigint,merchant_id:bigint,branch_id:bigint,transaction_date:date,transaction_amount:double,payment_channel:string,payment_type:string,device_type:string,fraud_flag:int","isnotnull(transaction_id#3237L), (transaction_id#3237L < 12500000000), isnotnull(payment_channel#3246), isnotnull(payment_type#3247), isnotnull(device_type#3248)","",false
1,14,281,"Parquet",0,0,0,0,"InMemoryFileIndex(1 paths)[s3a://goes-se-sandbox/data/warehouse/tablespace/external/hive/demo_pauldefusco.db/accounts_skewed]","IsNotNull(account_id)","account_id:bigint","isnotnull(account_id#2948L)","",false
1,14,128,"Parquet",0,0,0,0,"InMemoryFileIndex(1 paths)[s3a://goes-se-sandbox/data/warehouse/tablespace/external/hive/demo_pauldefusco.db/accounts_skewed]","IsNotNull(account_id), IsNotNull(account_type)","account_id:bigint,account_type:string,account_status:string","isnotnull(account_id#2676L), isnotnull(account_type#2677)","",false
1,14,64,"Parquet",0,0,0,0,"InMemoryFileIndex(1 paths)[s3a://goes-se-sandbox/data/warehouse/tablespace/external/hive/demo_pauldefusco.db/accounts_skewed]","IsNotNull(account_id)","account_id:bigint,account_type:string,account_status:string,current_balance:double,credit_limit:double,interest_rate:double","isnotnull(account_id#52L)","",false
1,14,238,"Parquet",0,0,0,0,"InMemoryFileIndex(1 paths)[s3a://goes-se-sandbox/data/warehouse/tablespace/external/hive/demo_pauldefusco.db/accounts_skewed]","IsNotNull(account_id), IsNotNull(account_type), IsNotNull(account_status)","account_id:bigint,account_type:string,account_status:string,current_balance:double,credit_limit:double,interest_rate:double","isnotnull(account_id#2333L), isnotnull(account_type#2334), isnotnull(account_status#2336)","",false
1,14,187,"Parquet",0,0,0,0,"InMemoryFileIndex(1 paths)[s3a://goes-se-sandbox/data/warehouse/tablespace/external/hive/demo_pauldefusco.db/accounts_skewed]","IsNotNull(account_id)","account_id:bigint,current_balance:double,interest_rate:double","isnotnull(account_id#2209L)","",false
1,14,138,"Parquet",0,0,0,0,"InMemoryFileIndex(1 paths)[s3a://goes-se-sandbox/data/warehouse/tablespace/external/hive/demo_pauldefusco.db/branches_skewed]","IsNotNull(branch_id)","branch_id:bigint","isnotnull(branch_id#2695L)","",false
1,14,74,"Parquet",0,0,0,0,"InMemoryFileIndex(1 paths)[s3a://goes-se-sandbox/data/warehouse/tablespace/external/hive/demo_pauldefusco.db/branches_skewed]","IsNotNull(branch_id)","branch_id:bigint,region:string,branch_type:string","isnotnull(branch_id#91L)","",false
1,14,410,"Parquet",0,0,0,0,"InMemoryFileIndex(1 paths)[s3a://goes-se-sandbox/data/warehouse/tablespace/external/hive/demo_pauldefusco.db/branches_skewed]","IsNotNull(branch_id), IsNotNull(region), IsNotNull(branch_type)","branch_id:bigint,region:string,branch_type:string","isnotnull(branch_id#4015L), isnotnull(region#4018), isnotnull(branch_type#4019)","",false
1,14,453,"Parquet",0,0,0,0,"InMemoryFileIndex(1 paths)[s3a://goes-se-sandbox/data/warehouse/tablespace/external/hive/demo_pauldefusco.db/branches_skewed]","IsNotNull(branch_id), IsNotNull(region), IsNotNull(branch_type)","branch_id:bigint,region:string,branch_type:string,assets_under_management:double,annual_operating_cost:double","isnotnull(branch_id#3687L), isnotnull(region#3690), isnotnull(branch_type#3691)","",false
1,14,143,"Parquet",0,0,0,0,"InMemoryFileIndex(1 paths)[s3a://goes-se-sandbox/data/warehouse/tablespace/external/hive/demo_pauldefusco.db/calendar]","IsNotNull(calendar_date), IsNotNull(year), IsNotNull(month)","calendar_date:date,year:int,month:int","isnotnull(calendar_date#2706), isnotnull(year#2708), isnotnull(month#2710)","",false
1,14,197,"Parquet",0,0,0,0,"InMemoryFileIndex(1 paths)[s3a://goes-se-sandbox/data/warehouse/tablespace/external/hive/demo_pauldefusco.db/calendar]","IsNotNull(calendar_date), IsNotNull(year), IsNotNull(month)","calendar_date:date,year:int,month:int,is_weekend:boolean","isnotnull(calendar_date#2239), isnotnull(year#2241), isnotnull(month#2243)","",false
1,14,291,"Parquet",0,0,0,0,"InMemoryFileIndex(1 paths)[s3a://goes-se-sandbox/data/warehouse/tablespace/external/hive/demo_pauldefusco.db/calendar]","IsNotNull(calendar_date), IsNotNull(year), IsNotNull(quarter)","calendar_date:date,year:int,quarter:int","isnotnull(calendar_date#2978), isnotnull(year#2980), isnotnull(quarter#2981)","",false
1,14,329,"Parquet",0,0,0,0,"InMemoryFileIndex(1 paths)[s3a://goes-se-sandbox/data/warehouse/tablespace/external/hive/demo_pauldefusco.db/calendar]","IsNotNull(calendar_date), IsNotNull(year), IsNotNull(quarter)","calendar_date:date,year:int,quarter:int,is_weekend:boolean","isnotnull(calendar_date#2556), isnotnull(year#2558), isnotnull(quarter#2559)","",false
1,14,79,"Parquet",0,0,0,0,"InMemoryFileIndex(1 paths)[s3a://goes-se-sandbox/data/warehouse/tablespace/external/hive/demo_pauldefusco.db/calendar]","IsNotNull(calendar_date)","calendar_date:date,year:int,quarter:int,month:int,is_weekend:boolean","isnotnull(calendar_date#113)","",false
1,14,273,"Parquet",0,0,0,0,"InMemoryFileIndex(1 paths)[s3a://goes-se-sandbox/data/warehouse/tablespace/external/hive/demo_pauldefusco.db/customers_skewed]","IsNotNull(customer_id)","customer_id:bigint","isnotnull(customer_id#2937L)","",false
1,14,230,"Parquet",0,0,0,0,"InMemoryFileIndex(1 paths)[s3a://goes-se-sandbox/data/warehouse/tablespace/external/hive/demo_pauldefusco.db/customers_skewed]","IsNotNull(customer_id)","customer_id:bigint,credit_score:int","isnotnull(customer_id#2322L)","",false
1,14,447,"Parquet",0,0,0,0,"InMemoryFileIndex(1 paths)[s3a://goes-se-sandbox/data/warehouse/tablespace/external/hive/demo_pauldefusco.db/customers_skewed]","IsNotNull(customer_id), IsNotNull(customer_segment), IsNotNull(income_band)","customer_id:bigint,credit_score:int,income_band:string,customer_segment:string","isnotnull(customer_id#3657L), isnotnull(customer_segment#3664), isnotnull(income_band#3662)","",false
1,14,181,"Parquet",0,0,0,0,"InMemoryFileIndex(1 paths)[s3a://goes-se-sandbox/data/warehouse/tablespace/external/hive/demo_pauldefusco.db/customers_skewed]","IsNotNull(customer_id), IsNotNull(customer_segment), IsNotNull(income_band), IsNotNull(risk_rating)","customer_id:bigint,credit_score:int,income_band:string,customer_segment:string,risk_rating:string","isnotnull(customer_id#2198L), isnotnull(customer_segment#2205), isnotnull(income_band#2203), isnotnull(risk_rating#2207)","",false
1,14,57,"Parquet",0,0,0,0,"InMemoryFileIndex(1 paths)[s3a://goes-se-sandbox/data/warehouse/tablespace/external/hive/demo_pauldefusco.db/customers_skewed]","IsNotNull(customer_id)","customer_id:bigint,credit_score:int,income_band:string,estimated_income:double,customer_segment:string,risk_rating:string","isnotnull(customer_id#31L)","",false
1,14,399,"Parquet",0,0,0,0,"InMemoryFileIndex(1 paths)[s3a://goes-se-sandbox/data/warehouse/tablespace/external/hive/demo_pauldefusco.db/customers_skewed]","IsNotNull(customer_id), IsNotNull(customer_segment), IsNotNull(income_band)","customer_id:bigint,income_band:string,customer_segment:string","isnotnull(customer_id#3985L), isnotnull(customer_segment#3992), isnotnull(income_band#3990)","",false
1,14,122,"Parquet",0,0,0,0,"InMemoryFileIndex(1 paths)[s3a://goes-se-sandbox/data/warehouse/tablespace/external/hive/demo_pauldefusco.db/customers_skewed]","IsNotNull(customer_id), IsNotNull(customer_segment), IsNotNull(income_band), IsNotNull(risk_rating)","customer_id:bigint,income_band:string,customer_segment:string,risk_rating:string","isnotnull(customer_id#2665L), isnotnull(customer_segment#2672), isnotnull(income_band#2670), isnotnull(risk_rating#2674)","",false
1,14,133,"Parquet",0,0,0,0,"InMemoryFileIndex(1 paths)[s3a://goes-se-sandbox/data/warehouse/tablespace/external/hive/demo_pauldefusco.db/merchants_skewed]","IsNotNull(merchant_id)","merchant_id:bigint","isnotnull(merchant_id#2685L)","",false
1,14,405,"Parquet",0,0,0,0,"InMemoryFileIndex(1 paths)[s3a://goes-se-sandbox/data/warehouse/tablespace/external/hive/demo_pauldefusco.db/merchants_skewed]","IsNotNull(merchant_id), IsNotNull(region)","merchant_id:bigint,region:string","isnotnull(merchant_id#4005L), isnotnull(region#4007)","",false
1,14,487,"Parquet",0,0,0,0,"InMemoryFileIndex(1 paths)[s3a://goes-se-sandbox/data/warehouse/tablespace/external/hive/demo_pauldefusco.db/merchants_skewed]","IsNotNull(merchant_id), IsNotNull(region)","merchant_id:bigint,region:string,risk_level:string","isnotnull(merchant_id#3810L), isnotnull(region#3812)","",false
1,14,324,"Parquet",0,0,0,0,"InMemoryFileIndex(1 paths)[s3a://goes-se-sandbox/data/warehouse/tablespace/external/hive/demo_pauldefusco.db/merchants_skewed]","IsNotNull(merchant_id), IsNotNull(region), IsNotNull(risk_level), IsNotNull(merchant_size)","merchant_id:bigint,region:string,risk_level:string,annual_revenue:double,merchant_size:string","isnotnull(merchant_id#2535L), isnotnull(region#2537), isnotnull(risk_level#2540), isnotnull(merchant_size#2542)","",false
1,14,69,"Parquet",0,0,0,0,"InMemoryFileIndex(1 paths)[s3a://goes-se-sandbox/data/warehouse/tablespace/external/hive/demo_pauldefusco.db/merchants_skewed]","IsNotNull(merchant_id)","merchant_id:bigint,region:string,risk_level:string,merchant_size:string","isnotnull(merchant_id#71L)","",false
1,14,286,"Parquet",0,0,0,0,"InMemoryFileIndex(1 paths)[s3a://goes-se-sandbox/data/warehouse/tablespace/external/hive/demo_pauldefusco.db/merchants_skewed]","IsNotNull(merchant_id), IsNotNull(region)","merchant_id:bigint,region:string,risk_level:string,merchant_size:string","isnotnull(merchant_id#2957L), isnotnull(region#2959)","",false
1,14,192,"Parquet",0,0,0,0,"InMemoryFileIndex(1 paths)[s3a://goes-se-sandbox/data/warehouse/tablespace/external/hive/demo_pauldefusco.db/merchants_skewed]","IsNotNull(merchant_id)","merchant_id:bigint,risk_level:string","isnotnull(merchant_id#2218L)","",false
1,14,114,"Parquet",0,0,0,0,"InMemoryFileIndex(1 paths)[s3a://goes-se-sandbox/data/warehouse/tablespace/external/hive/demo_pauldefusco.db/trs_v26]","IsNotNull(transaction_id), LessThan(transaction_id,12500000000), IsNotNull(customer_id), IsNotNull(account_id)","transaction_id:bigint,customer_id:bigint,account_id:bigint,merchant_id:bigint,branch_id:bigint,transaction_date:date","isnotnull(transaction_id#2650L), (transaction_id#2650L < 12500000000), isnotnull(customer_id#2651L), isnotnull(account_id#2652L)","",false
1,14,268,"Parquet",0,0,0,0,"InMemoryFileIndex(1 paths)[s3a://goes-se-sandbox/data/warehouse/tablespace/external/hive/demo_pauldefusco.db/trs_v26]","IsNotNull(transaction_id), LessThan(transaction_id,12500000000), IsNotNull(customer_id), IsNotNull(merchant_id), IsNotNull(merchant_category)","transaction_id:bigint,customer_id:bigint,account_id:bigint,merchant_id:bigint,branch_id:bigint,transaction_date:date,merchant_category:string","isnotnull(transaction_id#2922L), (transaction_id#2922L < 12500000000), isnotnull(customer_id#2923L), isnotnull(merchant_id#2925L), isnotnull(merchant_category#2929)","",false
1,14,391,"Parquet",0,0,0,0,"InMemoryFileIndex(1 paths)[s3a://goes-se-sandbox/data/warehouse/tablespace/external/hive/demo_pauldefusco.db/trs_v26]","IsNotNull(transaction_id), LessThan(transaction_id,12500000000), IsNotNull(merchant_category)","transaction_id:bigint,customer_id:bigint,account_id:bigint,merchant_id:bigint,branch_id:bigint,transaction_date:date,merchant_category:string","isnotnull(transaction_id#3970L), (transaction_id#3970L < 12500000000), isnotnull(merchant_category#3977)","",false
1,14,317,"Parquet",0,0,0,0,"InMemoryFileIndex(1 paths)[s3a://goes-se-sandbox/data/warehouse/tablespace/external/hive/demo_pauldefusco.db/trs_v26]","IsNotNull(transaction_id), LessThan(transaction_id,12500000000), IsNotNull(merchant_id), IsNotNull(merchant_category)","transaction_id:bigint,customer_id:bigint,account_id:bigint,merchant_id:bigint,branch_id:bigint,transaction_date:date,merchant_category:string,transaction_amount:double,fraud_flag:int","isnotnull(transaction_id#2500L), (transaction_id#2500L < 12500000000), isnotnull(merchant_id#2503L), isnotnull(merchant_category#2507)","",false
1,14,479,"Parquet",0,0,0,0,"InMemoryFileIndex(1 paths)[s3a://goes-se-sandbox/data/warehouse/tablespace/external/hive/demo_pauldefusco.db/trs_v26]","IsNotNull(transaction_id), IsNotNull(fraud_flag), LessThan(transaction_id,12500000000), EqualTo(fraud_flag,1), IsNotNull(merchant_category)","transaction_id:bigint,customer_id:bigint,account_id:bigint,merchant_id:bigint,branch_id:bigint,transaction_date:date,merchant_category:string,transaction_amount:double,fraud_flag:int","isnotnull(transaction_id#3775L), isnotnull(fraud_flag#3787), (transaction_id#3775L < 12500000000), (fraud_flag#3787 = 1), isnotnull(merchant_category#3782)","",false
1,14,50,"Parquet",0,0,0,0,"InMemoryFileIndex(1 paths)[s3a://goes-se-sandbox/data/warehouse/tablespace/external/hive/demo_pauldefusco.db/trs_v26]","IsNotNull(transaction_id), LessThan(transaction_id,12500000000)","transaction_id:bigint,customer_id:bigint,account_id:bigint,merchant_id:bigint,branch_id:bigint,transaction_date:date,merchant_category:string,transaction_amount:double,payment_channel:string,payment_type:string,device_type:string,fraud_flag:int","isnotnull(transaction_id#0L), (transaction_id#0L < 12500000000)","",false
1,14,173,"Parquet",0,0,0,0,"InMemoryFileIndex(1 paths)[s3a://goes-se-sandbox/data/warehouse/tablespace/external/hive/demo_pauldefusco.db/trs_v26]","IsNotNull(transaction_id), LessThan(transaction_id,12500000000), IsNotNull(customer_id)","transaction_id:bigint,customer_id:bigint,account_id:bigint,merchant_id:bigint,branch_id:bigint,transaction_date:date,transaction_amount:double,fraud_flag:int","isnotnull(transaction_id#2183L), (transaction_id#2183L < 12500000000), isnotnull(customer_id#2184L)","",false
1,14,225,"Parquet",0,0,0,0,"InMemoryFileIndex(1 paths)[s3a://goes-se-sandbox/data/warehouse/tablespace/external/hive/demo_pauldefusco.db/trs_v26]","IsNotNull(transaction_id), LessThan(transaction_id,12500000000), IsNotNull(account_id)","transaction_id:bigint,customer_id:bigint,account_id:bigint,merchant_id:bigint,branch_id:bigint,transaction_date:date,transaction_amount:double,fraud_flag:int","isnotnull(transaction_id#2307L), (transaction_id#2307L < 12500000000), isnotnull(account_id#2309L)","",false
1,14,439,"Parquet",0,0,0,0,"InMemoryFileIndex(1 paths)[s3a://goes-se-sandbox/data/warehouse/tablespace/external/hive/demo_pauldefusco.db/trs_v26]","IsNotNull(transaction_id), LessThan(transaction_id,12500000000)","transaction_id:bigint,customer_id:bigint,account_id:bigint,merchant_id:bigint,branch_id:bigint,transaction_date:date,transaction_amount:double,fraud_flag:int","isnotnull(transaction_id#3642L), (transaction_id#3642L < 12500000000)","",false
1,14,354,"Parquet",0,0,0,0,"InMemoryFileIndex(1 paths)[s3a://goes-se-sandbox/data/warehouse/tablespace/external/hive/demo_pauldefusco.db/trs_v26]","IsNotNull(transaction_id), LessThan(transaction_id,12500000000), IsNotNull(payment_channel), IsNotNull(payment_type), IsNotNull(device_type)","transaction_id:bigint,customer_id:bigint,account_id:bigint,merchant_id:bigint,branch_id:bigint,transaction_date:date,transaction_amount:double,payment_channel:string,payment_type:string,device_type:string,fraud_flag:int","isnotnull(transaction_id#3237L), (transaction_id#3237L < 12500000000), isnotnull(payment_channel#3246), isnotnull(payment_type#3247), isnotnull(device_type#3248)","",false
1,15,286,"Parquet",0,0,0,0,"InMemoryFileIndex(1 paths)[s3a://goes-se-sandbox/data/warehouse/tablespace/external/hive/demo_pauldefusco.db/accounts_skewed]","IsNotNull(account_id)","account_id:bigint","isnotnull(account_id#2948L)","",false
1,15,133,"Parquet",0,0,0,0,"InMemoryFileIndex(1 paths)[s3a://goes-se-sandbox/data/warehouse/tablespace/external/hive/demo_pauldefusco.db/accounts_skewed]","IsNotNull(account_id), IsNotNull(account_type)","account_id:bigint,account_type:string,account_status:string","isnotnull(account_id#2676L), isnotnull(account_type#2677)","",false
1,15,64,"Parquet",0,0,0,0,"InMemoryFileIndex(1 paths)[s3a://goes-se-sandbox/data/warehouse/tablespace/external/hive/demo_pauldefusco.db/accounts_skewed]","IsNotNull(account_id)","account_id:bigint,account_type:string,account_status:string,current_balance:double,credit_limit:double,interest_rate:double","isnotnull(account_id#52L)","",false
1,15,243,"Parquet",0,0,0,0,"InMemoryFileIndex(1 paths)[s3a://goes-se-sandbox/data/warehouse/tablespace/external/hive/demo_pauldefusco.db/accounts_skewed]","IsNotNull(account_id), IsNotNull(account_type), IsNotNull(account_status)","account_id:bigint,account_type:string,account_status:string,current_balance:double,credit_limit:double,interest_rate:double","isnotnull(account_id#2333L), isnotnull(account_type#2334), isnotnull(account_status#2336)","",false
1,15,192,"Parquet",0,0,0,0,"InMemoryFileIndex(1 paths)[s3a://goes-se-sandbox/data/warehouse/tablespace/external/hive/demo_pauldefusco.db/accounts_skewed]","IsNotNull(account_id)","account_id:bigint,current_balance:double,interest_rate:double","isnotnull(account_id#2209L)","",false
1,15,143,"Parquet",0,0,0,0,"InMemoryFileIndex(1 paths)[s3a://goes-se-sandbox/data/warehouse/tablespace/external/hive/demo_pauldefusco.db/branches_skewed]","IsNotNull(branch_id)","branch_id:bigint","isnotnull(branch_id#2695L)","",false
1,15,74,"Parquet",0,0,0,0,"InMemoryFileIndex(1 paths)[s3a://goes-se-sandbox/data/warehouse/tablespace/external/hive/demo_pauldefusco.db/branches_skewed]","IsNotNull(branch_id)","branch_id:bigint,region:string,branch_type:string","isnotnull(branch_id#91L)","",false
1,15,415,"Parquet",0,0,0,0,"InMemoryFileIndex(1 paths)[s3a://goes-se-sandbox/data/warehouse/tablespace/external/hive/demo_pauldefusco.db/branches_skewed]","IsNotNull(branch_id), IsNotNull(region), IsNotNull(branch_type)","branch_id:bigint,region:string,branch_type:string","isnotnull(branch_id#4015L), isnotnull(region#4018), isnotnull(branch_type#4019)","",false
1,15,458,"Parquet",0,0,0,0,"InMemoryFileIndex(1 paths)[s3a://goes-se-sandbox/data/warehouse/tablespace/external/hive/demo_pauldefusco.db/branches_skewed]","IsNotNull(branch_id), IsNotNull(region), IsNotNull(branch_type)","branch_id:bigint,region:string,branch_type:string,assets_under_management:double,annual_operating_cost:double","isnotnull(branch_id#3687L), isnotnull(region#3690), isnotnull(branch_type#3691)","",false
1,15,148,"Parquet",0,0,0,0,"InMemoryFileIndex(1 paths)[s3a://goes-se-sandbox/data/warehouse/tablespace/external/hive/demo_pauldefusco.db/calendar]","IsNotNull(calendar_date), IsNotNull(year), IsNotNull(month)","calendar_date:date,year:int,month:int","isnotnull(calendar_date#2706), isnotnull(year#2708), isnotnull(month#2710)","",false
1,15,202,"Parquet",0,0,0,0,"InMemoryFileIndex(1 paths)[s3a://goes-se-sandbox/data/warehouse/tablespace/external/hive/demo_pauldefusco.db/calendar]","IsNotNull(calendar_date), IsNotNull(year), IsNotNull(month)","calendar_date:date,year:int,month:int,is_weekend:boolean","isnotnull(calendar_date#2239), isnotnull(year#2241), isnotnull(month#2243)","",false
1,15,296,"Parquet",0,0,0,0,"InMemoryFileIndex(1 paths)[s3a://goes-se-sandbox/data/warehouse/tablespace/external/hive/demo_pauldefusco.db/calendar]","IsNotNull(calendar_date), IsNotNull(year), IsNotNull(quarter)","calendar_date:date,year:int,quarter:int","isnotnull(calendar_date#2978), isnotnull(year#2980), isnotnull(quarter#2981)","",false
1,15,334,"Parquet",0,0,0,0,"InMemoryFileIndex(1 paths)[s3a://goes-se-sandbox/data/warehouse/tablespace/external/hive/demo_pauldefusco.db/calendar]","IsNotNull(calendar_date), IsNotNull(year), IsNotNull(quarter)","calendar_date:date,year:int,quarter:int,is_weekend:boolean","isnotnull(calendar_date#2556), isnotnull(year#2558), isnotnull(quarter#2559)","",false
1,15,79,"Parquet",0,0,0,0,"InMemoryFileIndex(1 paths)[s3a://goes-se-sandbox/data/warehouse/tablespace/external/hive/demo_pauldefusco.db/calendar]","IsNotNull(calendar_date)","calendar_date:date,year:int,quarter:int,month:int,is_weekend:boolean","isnotnull(calendar_date#113)","",false
1,15,278,"Parquet",0,0,0,0,"InMemoryFileIndex(1 paths)[s3a://goes-se-sandbox/data/warehouse/tablespace/external/hive/demo_pauldefusco.db/customers_skewed]","IsNotNull(customer_id)","customer_id:bigint","isnotnull(customer_id#2937L)","",false
1,15,235,"Parquet",0,0,0,0,"InMemoryFileIndex(1 paths)[s3a://goes-se-sandbox/data/warehouse/tablespace/external/hive/demo_pauldefusco.db/customers_skewed]","IsNotNull(customer_id)","customer_id:bigint,credit_score:int","isnotnull(customer_id#2322L)","",false
1,15,452,"Parquet",0,0,0,0,"InMemoryFileIndex(1 paths)[s3a://goes-se-sandbox/data/warehouse/tablespace/external/hive/demo_pauldefusco.db/customers_skewed]","IsNotNull(customer_id), IsNotNull(customer_segment), IsNotNull(income_band)","customer_id:bigint,credit_score:int,income_band:string,customer_segment:string","isnotnull(customer_id#3657L), isnotnull(customer_segment#3664), isnotnull(income_band#3662)","",false
1,15,186,"Parquet",0,0,0,0,"InMemoryFileIndex(1 paths)[s3a://goes-se-sandbox/data/warehouse/tablespace/external/hive/demo_pauldefusco.db/customers_skewed]","IsNotNull(customer_id), IsNotNull(customer_segment), IsNotNull(income_band), IsNotNull(risk_rating)","customer_id:bigint,credit_score:int,income_band:string,customer_segment:string,risk_rating:string","isnotnull(customer_id#2198L), isnotnull(customer_segment#2205), isnotnull(income_band#2203), isnotnull(risk_rating#2207)","",false
1,15,57,"Parquet",0,0,0,0,"InMemoryFileIndex(1 paths)[s3a://goes-se-sandbox/data/warehouse/tablespace/external/hive/demo_pauldefusco.db/customers_skewed]","IsNotNull(customer_id)","customer_id:bigint,credit_score:int,income_band:string,estimated_income:double,customer_segment:string,risk_rating:string","isnotnull(customer_id#31L)","",false
1,15,404,"Parquet",0,0,0,0,"InMemoryFileIndex(1 paths)[s3a://goes-se-sandbox/data/warehouse/tablespace/external/hive/demo_pauldefusco.db/customers_skewed]","IsNotNull(customer_id), IsNotNull(customer_segment), IsNotNull(income_band)","customer_id:bigint,income_band:string,customer_segment:string","isnotnull(customer_id#3985L), isnotnull(customer_segment#3992), isnotnull(income_band#3990)","",false
1,15,125,"Parquet",0,0,0,0,"InMemoryFileIndex(1 paths)[s3a://goes-se-sandbox/data/warehouse/tablespace/external/hive/demo_pauldefusco.db/customers_skewed]","IsNotNull(customer_id), IsNotNull(customer_segment), IsNotNull(income_band), IsNotNull(risk_rating)","customer_id:bigint,income_band:string,customer_segment:string,risk_rating:string","isnotnull(customer_id#2665L), isnotnull(customer_segment#2672), isnotnull(income_band#2670), isnotnull(risk_rating#2674)","",false
1,15,138,"Parquet",0,0,0,0,"InMemoryFileIndex(1 paths)[s3a://goes-se-sandbox/data/warehouse/tablespace/external/hive/demo_pauldefusco.db/merchants_skewed]","IsNotNull(merchant_id)","merchant_id:bigint","isnotnull(merchant_id#2685L)","",false
1,15,410,"Parquet",0,0,0,0,"InMemoryFileIndex(1 paths)[s3a://goes-se-sandbox/data/warehouse/tablespace/external/hive/demo_pauldefusco.db/merchants_skewed]","IsNotNull(merchant_id), IsNotNull(region)","merchant_id:bigint,region:string","isnotnull(merchant_id#4005L), isnotnull(region#4007)","",false
1,15,492,"Parquet",0,0,0,0,"InMemoryFileIndex(1 paths)[s3a://goes-se-sandbox/data/warehouse/tablespace/external/hive/demo_pauldefusco.db/merchants_skewed]","IsNotNull(merchant_id), IsNotNull(region)","merchant_id:bigint,region:string,risk_level:string","isnotnull(merchant_id#3810L), isnotnull(region#3812)","",false
1,15,329,"Parquet",0,0,0,0,"InMemoryFileIndex(1 paths)[s3a://goes-se-sandbox/data/warehouse/tablespace/external/hive/demo_pauldefusco.db/merchants_skewed]","IsNotNull(merchant_id), IsNotNull(region), IsNotNull(risk_level), IsNotNull(merchant_size)","merchant_id:bigint,region:string,risk_level:string,annual_revenue:double,merchant_size:string","isnotnull(merchant_id#2535L), isnotnull(region#2537), isnotnull(risk_level#2540), isnotnull(merchant_size#2542)","",false
1,15,69,"Parquet",0,0,0,0,"InMemoryFileIndex(1 paths)[s3a://goes-se-sandbox/data/warehouse/tablespace/external/hive/demo_pauldefusco.db/merchants_skewed]","IsNotNull(merchant_id)","merchant_id:bigint,region:string,risk_level:string,merchant_size:string","isnotnull(merchant_id#71L)","",false
1,15,291,"Parquet",0,0,0,0,"InMemoryFileIndex(1 paths)[s3a://goes-se-sandbox/data/warehouse/tablespace/external/hive/demo_pauldefusco.db/merchants_skewed]","IsNotNull(merchant_id), IsNotNull(region)","merchant_id:bigint,region:string,risk_level:string,merchant_size:string","isnotnull(merchant_id#2957L), isnotnull(region#2959)","",false
1,15,197,"Parquet",0,0,0,0,"InMemoryFileIndex(1 paths)[s3a://goes-se-sandbox/data/warehouse/tablespace/external/hive/demo_pauldefusco.db/merchants_skewed]","IsNotNull(merchant_id)","merchant_id:bigint,risk_level:string","isnotnull(merchant_id#2218L)","",false
1,15,117,"Parquet",0,0,0,0,"InMemoryFileIndex(1 paths)[s3a://goes-se-sandbox/data/warehouse/tablespace/external/hive/demo_pauldefusco.db/trs_v26]","IsNotNull(transaction_id), LessThan(transaction_id,12500000000), IsNotNull(customer_id), IsNotNull(account_id)","transaction_id:bigint,customer_id:bigint,account_id:bigint,merchant_id:bigint,branch_id:bigint,transaction_date:date","isnotnull(transaction_id#2650L), (transaction_id#2650L < 12500000000), isnotnull(customer_id#2651L), isnotnull(account_id#2652L)","",false
1,15,273,"Parquet",0,0,0,0,"InMemoryFileIndex(1 paths)[s3a://goes-se-sandbox/data/warehouse/tablespace/external/hive/demo_pauldefusco.db/trs_v26]","IsNotNull(transaction_id), LessThan(transaction_id,12500000000), IsNotNull(customer_id), IsNotNull(merchant_id), IsNotNull(merchant_category)","transaction_id:bigint,customer_id:bigint,account_id:bigint,merchant_id:bigint,branch_id:bigint,transaction_date:date,merchant_category:string","isnotnull(transaction_id#2922L), (transaction_id#2922L < 12500000000), isnotnull(customer_id#2923L), isnotnull(merchant_id#2925L), isnotnull(merchant_category#2929)","",false
1,15,396,"Parquet",0,0,0,0,"InMemoryFileIndex(1 paths)[s3a://goes-se-sandbox/data/warehouse/tablespace/external/hive/demo_pauldefusco.db/trs_v26]","IsNotNull(transaction_id), LessThan(transaction_id,12500000000), IsNotNull(merchant_category)","transaction_id:bigint,customer_id:bigint,account_id:bigint,merchant_id:bigint,branch_id:bigint,transaction_date:date,merchant_category:string","isnotnull(transaction_id#3970L), (transaction_id#3970L < 12500000000), isnotnull(merchant_category#3977)","",false
1,15,322,"Parquet",0,0,0,0,"InMemoryFileIndex(1 paths)[s3a://goes-se-sandbox/data/warehouse/tablespace/external/hive/demo_pauldefusco.db/trs_v26]","IsNotNull(transaction_id), LessThan(transaction_id,12500000000), IsNotNull(merchant_id), IsNotNull(merchant_category)","transaction_id:bigint,customer_id:bigint,account_id:bigint,merchant_id:bigint,branch_id:bigint,transaction_date:date,merchant_category:string,transaction_amount:double,fraud_flag:int","isnotnull(transaction_id#2500L), (transaction_id#2500L < 12500000000), isnotnull(merchant_id#2503L), isnotnull(merchant_category#2507)","",false
1,15,484,"Parquet",0,0,0,0,"InMemoryFileIndex(1 paths)[s3a://goes-se-sandbox/data/warehouse/tablespace/external/hive/demo_pauldefusco.db/trs_v26]","IsNotNull(transaction_id), IsNotNull(fraud_flag), LessThan(transaction_id,12500000000), EqualTo(fraud_flag,1), IsNotNull(merchant_category)","transaction_id:bigint,customer_id:bigint,account_id:bigint,merchant_id:bigint,branch_id:bigint,transaction_date:date,merchant_category:string,transaction_amount:double,fraud_flag:int","isnotnull(transaction_id#3775L), isnotnull(fraud_flag#3787), (transaction_id#3775L < 12500000000), (fraud_flag#3787 = 1), isnotnull(merchant_category#3782)","",false
1,15,50,"Parquet",0,0,0,0,"InMemoryFileIndex(1 paths)[s3a://goes-se-sandbox/data/warehouse/tablespace/external/hive/demo_pauldefusco.db/trs_v26]","IsNotNull(transaction_id), LessThan(transaction_id,12500000000)","transaction_id:bigint,customer_id:bigint,account_id:bigint,merchant_id:bigint,branch_id:bigint,transaction_date:date,merchant_category:string,transaction_amount:double,payment_channel:string,payment_type:string,device_type:string,fraud_flag:int","isnotnull(transaction_id#0L), (transaction_id#0L < 12500000000)","",false
1,15,178,"Parquet",0,0,0,0,"InMemoryFileIndex(1 paths)[s3a://goes-se-sandbox/data/warehouse/tablespace/external/hive/demo_pauldefusco.db/trs_v26]","IsNotNull(transaction_id), LessThan(transaction_id,12500000000), IsNotNull(customer_id)","transaction_id:bigint,customer_id:bigint,account_id:bigint,merchant_id:bigint,branch_id:bigint,transaction_date:date,transaction_amount:double,fraud_flag:int","isnotnull(transaction_id#2183L), (transaction_id#2183L < 12500000000), isnotnull(customer_id#2184L)","",false
1,15,230,"Parquet",0,0,0,0,"InMemoryFileIndex(1 paths)[s3a://goes-se-sandbox/data/warehouse/tablespace/external/hive/demo_pauldefusco.db/trs_v26]","IsNotNull(transaction_id), LessThan(transaction_id,12500000000), IsNotNull(account_id)","transaction_id:bigint,customer_id:bigint,account_id:bigint,merchant_id:bigint,branch_id:bigint,transaction_date:date,transaction_amount:double,fraud_flag:int","isnotnull(transaction_id#2307L), (transaction_id#2307L < 12500000000), isnotnull(account_id#2309L)","",false
1,15,444,"Parquet",0,0,0,0,"InMemoryFileIndex(1 paths)[s3a://goes-se-sandbox/data/warehouse/tablespace/external/hive/demo_pauldefusco.db/trs_v26]","IsNotNull(transaction_id), LessThan(transaction_id,12500000000)","transaction_id:bigint,customer_id:bigint,account_id:bigint,merchant_id:bigint,branch_id:bigint,transaction_date:date,transaction_amount:double,fraud_flag:int","isnotnull(transaction_id#3642L), (transaction_id#3642L < 12500000000)","",false
1,15,359,"Parquet",0,0,0,0,"InMemoryFileIndex(1 paths)[s3a://goes-se-sandbox/data/warehouse/tablespace/external/hive/demo_pauldefusco.db/trs_v26]","IsNotNull(transaction_id), LessThan(transaction_id,12500000000), IsNotNull(payment_channel), IsNotNull(payment_type), IsNotNull(device_type)","transaction_id:bigint,customer_id:bigint,account_id:bigint,merchant_id:bigint,branch_id:bigint,transaction_date:date,transaction_amount:double,payment_channel:string,payment_type:string,device_type:string,fraud_flag:int","isnotnull(transaction_id#3237L), (transaction_id#3237L < 12500000000), isnotnull(payment_channel#3246), isnotnull(payment_type#3247), isnotnull(device_type#3248)","",false
1,16,291,"Parquet",0,0,0,0,"InMemoryFileIndex(1 paths)[s3a://goes-se-sandbox/data/warehouse/tablespace/external/hive/demo_pauldefusco.db/accounts_skewed]","IsNotNull(account_id)","account_id:bigint","isnotnull(account_id#2948L)","",false
1,16,133,"Parquet",0,0,0,0,"InMemoryFileIndex(1 paths)[s3a://goes-se-sandbox/data/warehouse/tablespace/external/hive/demo_pauldefusco.db/accounts_skewed]","IsNotNull(account_id), IsNotNull(account_type)","account_id:bigint,account_type:string,account_status:string","isnotnull(account_id#2676L), isnotnull(account_type#2677)","",false
1,16,64,"Parquet",0,0,0,0,"InMemoryFileIndex(1 paths)[s3a://goes-se-sandbox/data/warehouse/tablespace/external/hive/demo_pauldefusco.db/accounts_skewed]","IsNotNull(account_id)","account_id:bigint,account_type:string,account_status:string,current_balance:double,credit_limit:double,interest_rate:double","isnotnull(account_id#52L)","",false
1,16,248,"Parquet",0,0,0,0,"InMemoryFileIndex(1 paths)[s3a://goes-se-sandbox/data/warehouse/tablespace/external/hive/demo_pauldefusco.db/accounts_skewed]","IsNotNull(account_id), IsNotNull(account_type), IsNotNull(account_status)","account_id:bigint,account_type:string,account_status:string,current_balance:double,credit_limit:double,interest_rate:double","isnotnull(account_id#2333L), isnotnull(account_type#2334), isnotnull(account_status#2336)","",false
1,16,197,"Parquet",0,0,0,0,"InMemoryFileIndex(1 paths)[s3a://goes-se-sandbox/data/warehouse/tablespace/external/hive/demo_pauldefusco.db/accounts_skewed]","IsNotNull(account_id)","account_id:bigint,current_balance:double,interest_rate:double","isnotnull(account_id#2209L)","",false
1,16,143,"Parquet",0,0,0,0,"InMemoryFileIndex(1 paths)[s3a://goes-se-sandbox/data/warehouse/tablespace/external/hive/demo_pauldefusco.db/branches_skewed]","IsNotNull(branch_id)","branch_id:bigint","isnotnull(branch_id#2695L)","",false
1,16,74,"Parquet",0,0,0,0,"InMemoryFileIndex(1 paths)[s3a://goes-se-sandbox/data/warehouse/tablespace/external/hive/demo_pauldefusco.db/branches_skewed]","IsNotNull(branch_id)","branch_id:bigint,region:string,branch_type:string","isnotnull(branch_id#91L)","",false
1,16,420,"Parquet",0,0,0,0,"InMemoryFileIndex(1 paths)[s3a://goes-se-sandbox/data/warehouse/tablespace/external/hive/demo_pauldefusco.db/branches_skewed]","IsNotNull(branch_id), IsNotNull(region), IsNotNull(branch_type)","branch_id:bigint,region:string,branch_type:string","isnotnull(branch_id#4015L), isnotnull(region#4018), isnotnull(branch_type#4019)","",false
1,16,463,"Parquet",0,0,0,0,"InMemoryFileIndex(1 paths)[s3a://goes-se-sandbox/data/warehouse/tablespace/external/hive/demo_pauldefusco.db/branches_skewed]","IsNotNull(branch_id), IsNotNull(region), IsNotNull(branch_type)","branch_id:bigint,region:string,branch_type:string,assets_under_management:double,annual_operating_cost:double","isnotnull(branch_id#3687L), isnotnull(region#3690), isnotnull(branch_type#3691)","",false
1,16,148,"Parquet",0,0,0,0,"InMemoryFileIndex(1 paths)[s3a://goes-se-sandbox/data/warehouse/tablespace/external/hive/demo_pauldefusco.db/calendar]","IsNotNull(calendar_date), IsNotNull(year), IsNotNull(month)","calendar_date:date,year:int,month:int","isnotnull(calendar_date#2706), isnotnull(year#2708), isnotnull(month#2710)","",false
1,16,207,"Parquet",0,0,0,0,"InMemoryFileIndex(1 paths)[s3a://goes-se-sandbox/data/warehouse/tablespace/external/hive/demo_pauldefusco.db/calendar]","IsNotNull(calendar_date), IsNotNull(year), IsNotNull(month)","calendar_date:date,year:int,month:int,is_weekend:boolean","isnotnull(calendar_date#2239), isnotnull(year#2241), isnotnull(month#2243)","",false
1,16,301,"Parquet",0,0,0,0,"InMemoryFileIndex(1 paths)[s3a://goes-se-sandbox/data/warehouse/tablespace/external/hive/demo_pauldefusco.db/calendar]","IsNotNull(calendar_date), IsNotNull(year), IsNotNull(quarter)","calendar_date:date,year:int,quarter:int","isnotnull(calendar_date#2978), isnotnull(year#2980), isnotnull(quarter#2981)","",false
1,16,339,"Parquet",0,0,0,0,"InMemoryFileIndex(1 paths)[s3a://goes-se-sandbox/data/warehouse/tablespace/external/hive/demo_pauldefusco.db/calendar]","IsNotNull(calendar_date), IsNotNull(year), IsNotNull(quarter)","calendar_date:date,year:int,quarter:int,is_weekend:boolean","isnotnull(calendar_date#2556), isnotnull(year#2558), isnotnull(quarter#2559)","",false
1,16,79,"Parquet",0,0,0,0,"InMemoryFileIndex(1 paths)[s3a://goes-se-sandbox/data/warehouse/tablespace/external/hive/demo_pauldefusco.db/calendar]","IsNotNull(calendar_date)","calendar_date:date,year:int,quarter:int,month:int,is_weekend:boolean","isnotnull(calendar_date#113)","",false
1,16,283,"Parquet",0,0,0,0,"InMemoryFileIndex(1 paths)[s3a://goes-se-sandbox/data/warehouse/tablespace/external/hive/demo_pauldefusco.db/customers_skewed]","IsNotNull(customer_id)","customer_id:bigint","isnotnull(customer_id#2937L)","",false
1,16,240,"Parquet",0,0,0,0,"InMemoryFileIndex(1 paths)[s3a://goes-se-sandbox/data/warehouse/tablespace/external/hive/demo_pauldefusco.db/customers_skewed]","IsNotNull(customer_id)","customer_id:bigint,credit_score:int","isnotnull(customer_id#2322L)","",false
1,16,457,"Parquet",0,0,0,0,"InMemoryFileIndex(1 paths)[s3a://goes-se-sandbox/data/warehouse/tablespace/external/hive/demo_pauldefusco.db/customers_skewed]","IsNotNull(customer_id), IsNotNull(customer_segment), IsNotNull(income_band)","customer_id:bigint,credit_score:int,income_band:string,customer_segment:string","isnotnull(customer_id#3657L), isnotnull(customer_segment#3664), isnotnull(income_band#3662)","",false
1,16,189,"Parquet",0,0,0,0,"InMemoryFileIndex(1 paths)[s3a://goes-se-sandbox/data/warehouse/tablespace/external/hive/demo_pauldefusco.db/customers_skewed]","IsNotNull(customer_id), IsNotNull(customer_segment), IsNotNull(income_band), IsNotNull(risk_rating)","customer_id:bigint,credit_score:int,income_band:string,customer_segment:string,risk_rating:string","isnotnull(customer_id#2198L), isnotnull(customer_segment#2205), isnotnull(income_band#2203), isnotnull(risk_rating#2207)","",false
1,16,57,"Parquet",0,0,0,0,"InMemoryFileIndex(1 paths)[s3a://goes-se-sandbox/data/warehouse/tablespace/external/hive/demo_pauldefusco.db/customers_skewed]","IsNotNull(customer_id)","customer_id:bigint,credit_score:int,income_band:string,estimated_income:double,customer_segment:string,risk_rating:string","isnotnull(customer_id#31L)","",false
1,16,409,"Parquet",0,0,0,0,"InMemoryFileIndex(1 paths)[s3a://goes-se-sandbox/data/warehouse/tablespace/external/hive/demo_pauldefusco.db/customers_skewed]","IsNotNull(customer_id), IsNotNull(customer_segment), IsNotNull(income_band)","customer_id:bigint,income_band:string,customer_segment:string","isnotnull(customer_id#3985L), isnotnull(customer_segment#3992), isnotnull(income_band#3990)","",false
1,16,125,"Parquet",0,0,0,0,"InMemoryFileIndex(1 paths)[s3a://goes-se-sandbox/data/warehouse/tablespace/external/hive/demo_pauldefusco.db/customers_skewed]","IsNotNull(customer_id), IsNotNull(customer_segment), IsNotNull(income_band), IsNotNull(risk_rating)","customer_id:bigint,income_band:string,customer_segment:string,risk_rating:string","isnotnull(customer_id#2665L), isnotnull(customer_segment#2672), isnotnull(income_band#2670), isnotnull(risk_rating#2674)","",false
1,16,138,"Parquet",0,0,0,0,"InMemoryFileIndex(1 paths)[s3a://goes-se-sandbox/data/warehouse/tablespace/external/hive/demo_pauldefusco.db/merchants_skewed]","IsNotNull(merchant_id)","merchant_id:bigint","isnotnull(merchant_id#2685L)","",false
1,16,415,"Parquet",0,0,0,0,"InMemoryFileIndex(1 paths)[s3a://goes-se-sandbox/data/warehouse/tablespace/external/hive/demo_pauldefusco.db/merchants_skewed]","IsNotNull(merchant_id), IsNotNull(region)","merchant_id:bigint,region:string","isnotnull(merchant_id#4005L), isnotnull(region#4007)","",false
1,16,497,"Parquet",0,0,0,0,"InMemoryFileIndex(1 paths)[s3a://goes-se-sandbox/data/warehouse/tablespace/external/hive/demo_pauldefusco.db/merchants_skewed]","IsNotNull(merchant_id), IsNotNull(region)","merchant_id:bigint,region:string,risk_level:string","isnotnull(merchant_id#3810L), isnotnull(region#3812)","",false
1,16,334,"Parquet",0,0,0,0,"InMemoryFileIndex(1 paths)[s3a://goes-se-sandbox/data/warehouse/tablespace/external/hive/demo_pauldefusco.db/merchants_skewed]","IsNotNull(merchant_id), IsNotNull(region), IsNotNull(risk_level), IsNotNull(merchant_size)","merchant_id:bigint,region:string,risk_level:string,annual_revenue:double,merchant_size:string","isnotnull(merchant_id#2535L), isnotnull(region#2537), isnotnull(risk_level#2540), isnotnull(merchant_size#2542)","",false
1,16,69,"Parquet",0,0,0,0,"InMemoryFileIndex(1 paths)[s3a://goes-se-sandbox/data/warehouse/tablespace/external/hive/demo_pauldefusco.db/merchants_skewed]","IsNotNull(merchant_id)","merchant_id:bigint,region:string,risk_level:string,merchant_size:string","isnotnull(merchant_id#71L)","",false
1,16,296,"Parquet",0,0,0,0,"InMemoryFileIndex(1 paths)[s3a://goes-se-sandbox/data/warehouse/tablespace/external/hive/demo_pauldefusco.db/merchants_skewed]","IsNotNull(merchant_id), IsNotNull(region)","merchant_id:bigint,region:string,risk_level:string,merchant_size:string","isnotnull(merchant_id#2957L), isnotnull(region#2959)","",false
1,16,202,"Parquet",0,0,0,0,"InMemoryFileIndex(1 paths)[s3a://goes-se-sandbox/data/warehouse/tablespace/external/hive/demo_pauldefusco.db/merchants_skewed]","IsNotNull(merchant_id)","merchant_id:bigint,risk_level:string","isnotnull(merchant_id#2218L)","",false
1,16,117,"Parquet",0,0,0,0,"InMemoryFileIndex(1 paths)[s3a://goes-se-sandbox/data/warehouse/tablespace/external/hive/demo_pauldefusco.db/trs_v26]","IsNotNull(transaction_id), LessThan(transaction_id,12500000000), IsNotNull(customer_id), IsNotNull(account_id)","transaction_id:bigint,customer_id:bigint,account_id:bigint,merchant_id:bigint,branch_id:bigint,transaction_date:date","isnotnull(transaction_id#2650L), (transaction_id#2650L < 12500000000), isnotnull(customer_id#2651L), isnotnull(account_id#2652L)","",false
1,16,278,"Parquet",0,0,0,0,"InMemoryFileIndex(1 paths)[s3a://goes-se-sandbox/data/warehouse/tablespace/external/hive/demo_pauldefusco.db/trs_v26]","IsNotNull(transaction_id), LessThan(transaction_id,12500000000), IsNotNull(customer_id), IsNotNull(merchant_id), IsNotNull(merchant_category)","transaction_id:bigint,customer_id:bigint,account_id:bigint,merchant_id:bigint,branch_id:bigint,transaction_date:date,merchant_category:string","isnotnull(transaction_id#2922L), (transaction_id#2922L < 12500000000), isnotnull(customer_id#2923L), isnotnull(merchant_id#2925L), isnotnull(merchant_category#2929)","",false
1,16,401,"Parquet",0,0,0,0,"InMemoryFileIndex(1 paths)[s3a://goes-se-sandbox/data/warehouse/tablespace/external/hive/demo_pauldefusco.db/trs_v26]","IsNotNull(transaction_id), LessThan(transaction_id,12500000000), IsNotNull(merchant_category)","transaction_id:bigint,customer_id:bigint,account_id:bigint,merchant_id:bigint,branch_id:bigint,transaction_date:date,merchant_category:string","isnotnull(transaction_id#3970L), (transaction_id#3970L < 12500000000), isnotnull(merchant_category#3977)","",false
1,16,327,"Parquet",0,0,0,0,"InMemoryFileIndex(1 paths)[s3a://goes-se-sandbox/data/warehouse/tablespace/external/hive/demo_pauldefusco.db/trs_v26]","IsNotNull(transaction_id), LessThan(transaction_id,12500000000), IsNotNull(merchant_id), IsNotNull(merchant_category)","transaction_id:bigint,customer_id:bigint,account_id:bigint,merchant_id:bigint,branch_id:bigint,transaction_date:date,merchant_category:string,transaction_amount:double,fraud_flag:int","isnotnull(transaction_id#2500L), (transaction_id#2500L < 12500000000), isnotnull(merchant_id#2503L), isnotnull(merchant_category#2507)","",false
1,16,489,"Parquet",0,0,0,0,"InMemoryFileIndex(1 paths)[s3a://goes-se-sandbox/data/warehouse/tablespace/external/hive/demo_pauldefusco.db/trs_v26]","IsNotNull(transaction_id), IsNotNull(fraud_flag), LessThan(transaction_id,12500000000), EqualTo(fraud_flag,1), IsNotNull(merchant_category)","transaction_id:bigint,customer_id:bigint,account_id:bigint,merchant_id:bigint,branch_id:bigint,transaction_date:date,merchant_category:string,transaction_amount:double,fraud_flag:int","isnotnull(transaction_id#3775L), isnotnull(fraud_flag#3787), (transaction_id#3775L < 12500000000), (fraud_flag#3787 = 1), isnotnull(merchant_category#3782)","",false
1,16,50,"Parquet",0,0,0,0,"InMemoryFileIndex(1 paths)[s3a://goes-se-sandbox/data/warehouse/tablespace/external/hive/demo_pauldefusco.db/trs_v26]","IsNotNull(transaction_id), LessThan(transaction_id,12500000000)","transaction_id:bigint,customer_id:bigint,account_id:bigint,merchant_id:bigint,branch_id:bigint,transaction_date:date,merchant_category:string,transaction_amount:double,payment_channel:string,payment_type:string,device_type:string,fraud_flag:int","isnotnull(transaction_id#0L), (transaction_id#0L < 12500000000)","",false
1,16,181,"Parquet",0,0,0,0,"InMemoryFileIndex(1 paths)[s3a://goes-se-sandbox/data/warehouse/tablespace/external/hive/demo_pauldefusco.db/trs_v26]","IsNotNull(transaction_id), LessThan(transaction_id,12500000000), IsNotNull(customer_id)","transaction_id:bigint,customer_id:bigint,account_id:bigint,merchant_id:bigint,branch_id:bigint,transaction_date:date,transaction_amount:double,fraud_flag:int","isnotnull(transaction_id#2183L), (transaction_id#2183L < 12500000000), isnotnull(customer_id#2184L)","",false
1,16,235,"Parquet",0,0,0,0,"InMemoryFileIndex(1 paths)[s3a://goes-se-sandbox/data/warehouse/tablespace/external/hive/demo_pauldefusco.db/trs_v26]","IsNotNull(transaction_id), LessThan(transaction_id,12500000000), IsNotNull(account_id)","transaction_id:bigint,customer_id:bigint,account_id:bigint,merchant_id:bigint,branch_id:bigint,transaction_date:date,transaction_amount:double,fraud_flag:int","isnotnull(transaction_id#2307L), (transaction_id#2307L < 12500000000), isnotnull(account_id#2309L)","",false
1,16,449,"Parquet",0,0,0,0,"InMemoryFileIndex(1 paths)[s3a://goes-se-sandbox/data/warehouse/tablespace/external/hive/demo_pauldefusco.db/trs_v26]","IsNotNull(transaction_id), LessThan(transaction_id,12500000000)","transaction_id:bigint,customer_id:bigint,account_id:bigint,merchant_id:bigint,branch_id:bigint,transaction_date:date,transaction_amount:double,fraud_flag:int","isnotnull(transaction_id#3642L), (transaction_id#3642L < 12500000000)","",false
1,16,364,"Parquet",0,0,0,0,"InMemoryFileIndex(1 paths)[s3a://goes-se-sandbox/data/warehouse/tablespace/external/hive/demo_pauldefusco.db/trs_v26]","IsNotNull(transaction_id), LessThan(transaction_id,12500000000), IsNotNull(payment_channel), IsNotNull(payment_type), IsNotNull(device_type)","transaction_id:bigint,customer_id:bigint,account_id:bigint,merchant_id:bigint,branch_id:bigint,transaction_date:date,transaction_amount:double,payment_channel:string,payment_type:string,device_type:string,fraud_flag:int","isnotnull(transaction_id#3237L), (transaction_id#3237L < 12500000000), isnotnull(payment_channel#3246), isnotnull(payment_type#3247), isnotnull(device_type#3248)","",false
1,17,291,"Parquet",0,0,0,0,"InMemoryFileIndex(1 paths)[s3a://goes-se-sandbox/data/warehouse/tablespace/external/hive/demo_pauldefusco.db/accounts_skewed]","IsNotNull(account_id)","account_id:bigint","isnotnull(account_id#2948L)","",false
1,17,133,"Parquet",0,0,0,0,"InMemoryFileIndex(1 paths)[s3a://goes-se-sandbox/data/warehouse/tablespace/external/hive/demo_pauldefusco.db/accounts_skewed]","IsNotNull(account_id), IsNotNull(account_type)","account_id:bigint,account_type:string,account_status:string","isnotnull(account_id#2676L), isnotnull(account_type#2677)","",false
1,17,64,"Parquet",0,0,0,0,"InMemoryFileIndex(1 paths)[s3a://goes-se-sandbox/data/warehouse/tablespace/external/hive/demo_pauldefusco.db/accounts_skewed]","IsNotNull(account_id)","account_id:bigint,account_type:string,account_status:string,current_balance:double,credit_limit:double,interest_rate:double","isnotnull(account_id#52L)","",false
1,17,248,"Parquet",0,0,0,0,"InMemoryFileIndex(1 paths)[s3a://goes-se-sandbox/data/warehouse/tablespace/external/hive/demo_pauldefusco.db/accounts_skewed]","IsNotNull(account_id), IsNotNull(account_type), IsNotNull(account_status)","account_id:bigint,account_type:string,account_status:string,current_balance:double,credit_limit:double,interest_rate:double","isnotnull(account_id#2333L), isnotnull(account_type#2334), isnotnull(account_status#2336)","",false
1,17,197,"Parquet",0,0,0,0,"InMemoryFileIndex(1 paths)[s3a://goes-se-sandbox/data/warehouse/tablespace/external/hive/demo_pauldefusco.db/accounts_skewed]","IsNotNull(account_id)","account_id:bigint,current_balance:double,interest_rate:double","isnotnull(account_id#2209L)","",false
1,17,143,"Parquet",0,0,0,0,"InMemoryFileIndex(1 paths)[s3a://goes-se-sandbox/data/warehouse/tablespace/external/hive/demo_pauldefusco.db/branches_skewed]","IsNotNull(branch_id)","branch_id:bigint","isnotnull(branch_id#2695L)","",false
1,17,74,"Parquet",0,0,0,0,"InMemoryFileIndex(1 paths)[s3a://goes-se-sandbox/data/warehouse/tablespace/external/hive/demo_pauldefusco.db/branches_skewed]","IsNotNull(branch_id)","branch_id:bigint,region:string,branch_type:string","isnotnull(branch_id#91L)","",false
1,17,425,"Parquet",0,0,0,0,"InMemoryFileIndex(1 paths)[s3a://goes-se-sandbox/data/warehouse/tablespace/external/hive/demo_pauldefusco.db/branches_skewed]","IsNotNull(branch_id), IsNotNull(region), IsNotNull(branch_type)","branch_id:bigint,region:string,branch_type:string","isnotnull(branch_id#4015L), isnotnull(region#4018), isnotnull(branch_type#4019)","",false
1,17,468,"Parquet",0,0,0,0,"InMemoryFileIndex(1 paths)[s3a://goes-se-sandbox/data/warehouse/tablespace/external/hive/demo_pauldefusco.db/branches_skewed]","IsNotNull(branch_id), IsNotNull(region), IsNotNull(branch_type)","branch_id:bigint,region:string,branch_type:string,assets_under_management:double,annual_operating_cost:double","isnotnull(branch_id#3687L), isnotnull(region#3690), isnotnull(branch_type#3691)","",false
1,17,148,"Parquet",0,0,0,0,"InMemoryFileIndex(1 paths)[s3a://goes-se-sandbox/data/warehouse/tablespace/external/hive/demo_pauldefusco.db/calendar]","IsNotNull(calendar_date), IsNotNull(year), IsNotNull(month)","calendar_date:date,year:int,month:int","isnotnull(calendar_date#2706), isnotnull(year#2708), isnotnull(month#2710)","",false
1,17,207,"Parquet",0,0,0,0,"InMemoryFileIndex(1 paths)[s3a://goes-se-sandbox/data/warehouse/tablespace/external/hive/demo_pauldefusco.db/calendar]","IsNotNull(calendar_date), IsNotNull(year), IsNotNull(month)","calendar_date:date,year:int,month:int,is_weekend:boolean","isnotnull(calendar_date#2239), isnotnull(year#2241), isnotnull(month#2243)","",false
1,17,301,"Parquet",0,0,0,0,"InMemoryFileIndex(1 paths)[s3a://goes-se-sandbox/data/warehouse/tablespace/external/hive/demo_pauldefusco.db/calendar]","IsNotNull(calendar_date), IsNotNull(year), IsNotNull(quarter)","calendar_date:date,year:int,quarter:int","isnotnull(calendar_date#2978), isnotnull(year#2980), isnotnull(quarter#2981)","",false
1,17,339,"Parquet",0,0,0,0,"InMemoryFileIndex(1 paths)[s3a://goes-se-sandbox/data/warehouse/tablespace/external/hive/demo_pauldefusco.db/calendar]","IsNotNull(calendar_date), IsNotNull(year), IsNotNull(quarter)","calendar_date:date,year:int,quarter:int,is_weekend:boolean","isnotnull(calendar_date#2556), isnotnull(year#2558), isnotnull(quarter#2559)","",false
1,17,79,"Parquet",0,0,0,0,"InMemoryFileIndex(1 paths)[s3a://goes-se-sandbox/data/warehouse/tablespace/external/hive/demo_pauldefusco.db/calendar]","IsNotNull(calendar_date)","calendar_date:date,year:int,quarter:int,month:int,is_weekend:boolean","isnotnull(calendar_date#113)","",false
1,17,283,"Parquet",0,0,0,0,"InMemoryFileIndex(1 paths)[s3a://goes-se-sandbox/data/warehouse/tablespace/external/hive/demo_pauldefusco.db/customers_skewed]","IsNotNull(customer_id)","customer_id:bigint","isnotnull(customer_id#2937L)","",false
1,17,240,"Parquet",0,0,0,0,"InMemoryFileIndex(1 paths)[s3a://goes-se-sandbox/data/warehouse/tablespace/external/hive/demo_pauldefusco.db/customers_skewed]","IsNotNull(customer_id)","customer_id:bigint,credit_score:int","isnotnull(customer_id#2322L)","",false
1,17,462,"Parquet",0,0,0,0,"InMemoryFileIndex(1 paths)[s3a://goes-se-sandbox/data/warehouse/tablespace/external/hive/demo_pauldefusco.db/customers_skewed]","IsNotNull(customer_id), IsNotNull(customer_segment), IsNotNull(income_band)","customer_id:bigint,credit_score:int,income_band:string,customer_segment:string","isnotnull(customer_id#3657L), isnotnull(customer_segment#3664), isnotnull(income_band#3662)","",false
1,17,189,"Parquet",0,0,0,0,"InMemoryFileIndex(1 paths)[s3a://goes-se-sandbox/data/warehouse/tablespace/external/hive/demo_pauldefusco.db/customers_skewed]","IsNotNull(customer_id), IsNotNull(customer_segment), IsNotNull(income_band), IsNotNull(risk_rating)","customer_id:bigint,credit_score:int,income_band:string,customer_segment:string,risk_rating:string","isnotnull(customer_id#2198L), isnotnull(customer_segment#2205), isnotnull(income_band#2203), isnotnull(risk_rating#2207)","",false
1,17,57,"Parquet",0,0,0,0,"InMemoryFileIndex(1 paths)[s3a://goes-se-sandbox/data/warehouse/tablespace/external/hive/demo_pauldefusco.db/customers_skewed]","IsNotNull(customer_id)","customer_id:bigint,credit_score:int,income_band:string,estimated_income:double,customer_segment:string,risk_rating:string","isnotnull(customer_id#31L)","",false
1,17,412,"Parquet",0,0,0,0,"InMemoryFileIndex(1 paths)[s3a://goes-se-sandbox/data/warehouse/tablespace/external/hive/demo_pauldefusco.db/customers_skewed]","IsNotNull(customer_id), IsNotNull(customer_segment), IsNotNull(income_band)","customer_id:bigint,income_band:string,customer_segment:string","isnotnull(customer_id#3985L), isnotnull(customer_segment#3992), isnotnull(income_band#3990)","",false
1,17,125,"Parquet",0,0,0,0,"InMemoryFileIndex(1 paths)[s3a://goes-se-sandbox/data/warehouse/tablespace/external/hive/demo_pauldefusco.db/customers_skewed]","IsNotNull(customer_id), IsNotNull(customer_segment), IsNotNull(income_band), IsNotNull(risk_rating)","customer_id:bigint,income_band:string,customer_segment:string,risk_rating:string","isnotnull(customer_id#2665L), isnotnull(customer_segment#2672), isnotnull(income_band#2670), isnotnull(risk_rating#2674)","",false
1,17,138,"Parquet",0,0,0,0,"InMemoryFileIndex(1 paths)[s3a://goes-se-sandbox/data/warehouse/tablespace/external/hive/demo_pauldefusco.db/merchants_skewed]","IsNotNull(merchant_id)","merchant_id:bigint","isnotnull(merchant_id#2685L)","",false
1,17,420,"Parquet",0,0,0,0,"InMemoryFileIndex(1 paths)[s3a://goes-se-sandbox/data/warehouse/tablespace/external/hive/demo_pauldefusco.db/merchants_skewed]","IsNotNull(merchant_id), IsNotNull(region)","merchant_id:bigint,region:string","isnotnull(merchant_id#4005L), isnotnull(region#4007)","",false
1,17,502,"Parquet",0,0,0,0,"InMemoryFileIndex(1 paths)[s3a://goes-se-sandbox/data/warehouse/tablespace/external/hive/demo_pauldefusco.db/merchants_skewed]","IsNotNull(merchant_id), IsNotNull(region)","merchant_id:bigint,region:string,risk_level:string","isnotnull(merchant_id#3810L), isnotnull(region#3812)","",false
1,17,334,"Parquet",0,0,0,0,"InMemoryFileIndex(1 paths)[s3a://goes-se-sandbox/data/warehouse/tablespace/external/hive/demo_pauldefusco.db/merchants_skewed]","IsNotNull(merchant_id), IsNotNull(region), IsNotNull(risk_level), IsNotNull(merchant_size)","merchant_id:bigint,region:string,risk_level:string,annual_revenue:double,merchant_size:string","isnotnull(merchant_id#2535L), isnotnull(region#2537), isnotnull(risk_level#2540), isnotnull(merchant_size#2542)","",false
1,17,69,"Parquet",0,0,0,0,"InMemoryFileIndex(1 paths)[s3a://goes-se-sandbox/data/warehouse/tablespace/external/hive/demo_pauldefusco.db/merchants_skewed]","IsNotNull(merchant_id)","merchant_id:bigint,region:string,risk_level:string,merchant_size:string","isnotnull(merchant_id#71L)","",false
1,17,296,"Parquet",0,0,0,0,"InMemoryFileIndex(1 paths)[s3a://goes-se-sandbox/data/warehouse/tablespace/external/hive/demo_pauldefusco.db/merchants_skewed]","IsNotNull(merchant_id), IsNotNull(region)","merchant_id:bigint,region:string,risk_level:string,merchant_size:string","isnotnull(merchant_id#2957L), isnotnull(region#2959)","",false
1,17,202,"Parquet",0,0,0,0,"InMemoryFileIndex(1 paths)[s3a://goes-se-sandbox/data/warehouse/tablespace/external/hive/demo_pauldefusco.db/merchants_skewed]","IsNotNull(merchant_id)","merchant_id:bigint,risk_level:string","isnotnull(merchant_id#2218L)","",false
1,17,117,"Parquet",0,0,0,0,"InMemoryFileIndex(1 paths)[s3a://goes-se-sandbox/data/warehouse/tablespace/external/hive/demo_pauldefusco.db/trs_v26]","IsNotNull(transaction_id), LessThan(transaction_id,12500000000), IsNotNull(customer_id), IsNotNull(account_id)","transaction_id:bigint,customer_id:bigint,account_id:bigint,merchant_id:bigint,branch_id:bigint,transaction_date:date","isnotnull(transaction_id#2650L), (transaction_id#2650L < 12500000000), isnotnull(customer_id#2651L), isnotnull(account_id#2652L)","",false
1,17,278,"Parquet",0,0,0,0,"InMemoryFileIndex(1 paths)[s3a://goes-se-sandbox/data/warehouse/tablespace/external/hive/demo_pauldefusco.db/trs_v26]","IsNotNull(transaction_id), LessThan(transaction_id,12500000000), IsNotNull(customer_id), IsNotNull(merchant_id), IsNotNull(merchant_category)","transaction_id:bigint,customer_id:bigint,account_id:bigint,merchant_id:bigint,branch_id:bigint,transaction_date:date,merchant_category:string","isnotnull(transaction_id#2922L), (transaction_id#2922L < 12500000000), isnotnull(customer_id#2923L), isnotnull(merchant_id#2925L), isnotnull(merchant_category#2929)","",false
1,17,404,"Parquet",0,0,0,0,"InMemoryFileIndex(1 paths)[s3a://goes-se-sandbox/data/warehouse/tablespace/external/hive/demo_pauldefusco.db/trs_v26]","IsNotNull(transaction_id), LessThan(transaction_id,12500000000), IsNotNull(merchant_category)","transaction_id:bigint,customer_id:bigint,account_id:bigint,merchant_id:bigint,branch_id:bigint,transaction_date:date,merchant_category:string","isnotnull(transaction_id#3970L), (transaction_id#3970L < 12500000000), isnotnull(merchant_category#3977)","",false
1,17,327,"Parquet",0,0,0,0,"InMemoryFileIndex(1 paths)[s3a://goes-se-sandbox/data/warehouse/tablespace/external/hive/demo_pauldefusco.db/trs_v26]","IsNotNull(transaction_id), LessThan(transaction_id,12500000000), IsNotNull(merchant_id), IsNotNull(merchant_category)","transaction_id:bigint,customer_id:bigint,account_id:bigint,merchant_id:bigint,branch_id:bigint,transaction_date:date,merchant_category:string,transaction_amount:double,fraud_flag:int","isnotnull(transaction_id#2500L), (transaction_id#2500L < 12500000000), isnotnull(merchant_id#2503L), isnotnull(merchant_category#2507)","",false
1,17,494,"Parquet",0,0,0,0,"InMemoryFileIndex(1 paths)[s3a://goes-se-sandbox/data/warehouse/tablespace/external/hive/demo_pauldefusco.db/trs_v26]","IsNotNull(transaction_id), IsNotNull(fraud_flag), LessThan(transaction_id,12500000000), EqualTo(fraud_flag,1), IsNotNull(merchant_category)","transaction_id:bigint,customer_id:bigint,account_id:bigint,merchant_id:bigint,branch_id:bigint,transaction_date:date,merchant_category:string,transaction_amount:double,fraud_flag:int","isnotnull(transaction_id#3775L), isnotnull(fraud_flag#3787), (transaction_id#3775L < 12500000000), (fraud_flag#3787 = 1), isnotnull(merchant_category#3782)","",false
1,17,50,"Parquet",0,0,0,0,"InMemoryFileIndex(1 paths)[s3a://goes-se-sandbox/data/warehouse/tablespace/external/hive/demo_pauldefusco.db/trs_v26]","IsNotNull(transaction_id), LessThan(transaction_id,12500000000)","transaction_id:bigint,customer_id:bigint,account_id:bigint,merchant_id:bigint,branch_id:bigint,transaction_date:date,merchant_category:string,transaction_amount:double,payment_channel:string,payment_type:string,device_type:string,fraud_flag:int","isnotnull(transaction_id#0L), (transaction_id#0L < 12500000000)","",false
1,17,181,"Parquet",0,0,0,0,"InMemoryFileIndex(1 paths)[s3a://goes-se-sandbox/data/warehouse/tablespace/external/hive/demo_pauldefusco.db/trs_v26]","IsNotNull(transaction_id), LessThan(transaction_id,12500000000), IsNotNull(customer_id)","transaction_id:bigint,customer_id:bigint,account_id:bigint,merchant_id:bigint,branch_id:bigint,transaction_date:date,transaction_amount:double,fraud_flag:int","isnotnull(transaction_id#2183L), (transaction_id#2183L < 12500000000), isnotnull(customer_id#2184L)","",false
1,17,235,"Parquet",0,0,0,0,"InMemoryFileIndex(1 paths)[s3a://goes-se-sandbox/data/warehouse/tablespace/external/hive/demo_pauldefusco.db/trs_v26]","IsNotNull(transaction_id), LessThan(transaction_id,12500000000), IsNotNull(account_id)","transaction_id:bigint,customer_id:bigint,account_id:bigint,merchant_id:bigint,branch_id:bigint,transaction_date:date,transaction_amount:double,fraud_flag:int","isnotnull(transaction_id#2307L), (transaction_id#2307L < 12500000000), isnotnull(account_id#2309L)","",false
1,17,454,"Parquet",0,0,0,0,"InMemoryFileIndex(1 paths)[s3a://goes-se-sandbox/data/warehouse/tablespace/external/hive/demo_pauldefusco.db/trs_v26]","IsNotNull(transaction_id), LessThan(transaction_id,12500000000)","transaction_id:bigint,customer_id:bigint,account_id:bigint,merchant_id:bigint,branch_id:bigint,transaction_date:date,transaction_amount:double,fraud_flag:int","isnotnull(transaction_id#3642L), (transaction_id#3642L < 12500000000)","",false
1,17,364,"Parquet",0,0,0,0,"InMemoryFileIndex(1 paths)[s3a://goes-se-sandbox/data/warehouse/tablespace/external/hive/demo_pauldefusco.db/trs_v26]","IsNotNull(transaction_id), LessThan(transaction_id,12500000000), IsNotNull(payment_channel), IsNotNull(payment_type), IsNotNull(device_type)","transaction_id:bigint,customer_id:bigint,account_id:bigint,merchant_id:bigint,branch_id:bigint,transaction_date:date,transaction_amount:double,payment_channel:string,payment_type:string,device_type:string,fraud_flag:int","isnotnull(transaction_id#3237L), (transaction_id#3237L < 12500000000), isnotnull(payment_channel#3246), isnotnull(payment_type#3247), isnotnull(device_type#3248)","",false
1,18,291,"Parquet",0,0,0,0,"InMemoryFileIndex(1 paths)[s3a://goes-se-sandbox/data/warehouse/tablespace/external/hive/demo_pauldefusco.db/accounts_skewed]","IsNotNull(account_id)","account_id:bigint","isnotnull(account_id#2948L)","",false
1,18,133,"Parquet",0,0,0,0,"InMemoryFileIndex(1 paths)[s3a://goes-se-sandbox/data/warehouse/tablespace/external/hive/demo_pauldefusco.db/accounts_skewed]","IsNotNull(account_id), IsNotNull(account_type)","account_id:bigint,account_type:string,account_status:string","isnotnull(account_id#2676L), isnotnull(account_type#2677)","",false
1,18,64,"Parquet",0,0,0,0,"InMemoryFileIndex(1 paths)[s3a://goes-se-sandbox/data/warehouse/tablespace/external/hive/demo_pauldefusco.db/accounts_skewed]","IsNotNull(account_id)","account_id:bigint,account_type:string,account_status:string,current_balance:double,credit_limit:double,interest_rate:double","isnotnull(account_id#52L)","",false
1,18,248,"Parquet",0,0,0,0,"InMemoryFileIndex(1 paths)[s3a://goes-se-sandbox/data/warehouse/tablespace/external/hive/demo_pauldefusco.db/accounts_skewed]","IsNotNull(account_id), IsNotNull(account_type), IsNotNull(account_status)","account_id:bigint,account_type:string,account_status:string,current_balance:double,credit_limit:double,interest_rate:double","isnotnull(account_id#2333L), isnotnull(account_type#2334), isnotnull(account_status#2336)","",false
1,18,197,"Parquet",0,0,0,0,"InMemoryFileIndex(1 paths)[s3a://goes-se-sandbox/data/warehouse/tablespace/external/hive/demo_pauldefusco.db/accounts_skewed]","IsNotNull(account_id)","account_id:bigint,current_balance:double,interest_rate:double","isnotnull(account_id#2209L)","",false
1,18,143,"Parquet",0,0,0,0,"InMemoryFileIndex(1 paths)[s3a://goes-se-sandbox/data/warehouse/tablespace/external/hive/demo_pauldefusco.db/branches_skewed]","IsNotNull(branch_id)","branch_id:bigint","isnotnull(branch_id#2695L)","",false
1,18,74,"Parquet",0,0,0,0,"InMemoryFileIndex(1 paths)[s3a://goes-se-sandbox/data/warehouse/tablespace/external/hive/demo_pauldefusco.db/branches_skewed]","IsNotNull(branch_id)","branch_id:bigint,region:string,branch_type:string","isnotnull(branch_id#91L)","",false
1,18,425,"Parquet",0,0,0,0,"InMemoryFileIndex(1 paths)[s3a://goes-se-sandbox/data/warehouse/tablespace/external/hive/demo_pauldefusco.db/branches_skewed]","IsNotNull(branch_id), IsNotNull(region), IsNotNull(branch_type)","branch_id:bigint,region:string,branch_type:string","isnotnull(branch_id#4015L), isnotnull(region#4018), isnotnull(branch_type#4019)","",false
1,18,473,"Parquet",0,0,0,0,"InMemoryFileIndex(1 paths)[s3a://goes-se-sandbox/data/warehouse/tablespace/external/hive/demo_pauldefusco.db/branches_skewed]","IsNotNull(branch_id), IsNotNull(region), IsNotNull(branch_type)","branch_id:bigint,region:string,branch_type:string,assets_under_management:double,annual_operating_cost:double","isnotnull(branch_id#3687L), isnotnull(region#3690), isnotnull(branch_type#3691)","",false
1,18,148,"Parquet",0,0,0,0,"InMemoryFileIndex(1 paths)[s3a://goes-se-sandbox/data/warehouse/tablespace/external/hive/demo_pauldefusco.db/calendar]","IsNotNull(calendar_date), IsNotNull(year), IsNotNull(month)","calendar_date:date,year:int,month:int","isnotnull(calendar_date#2706), isnotnull(year#2708), isnotnull(month#2710)","",false
1,18,207,"Parquet",0,0,0,0,"InMemoryFileIndex(1 paths)[s3a://goes-se-sandbox/data/warehouse/tablespace/external/hive/demo_pauldefusco.db/calendar]","IsNotNull(calendar_date), IsNotNull(year), IsNotNull(month)","calendar_date:date,year:int,month:int,is_weekend:boolean","isnotnull(calendar_date#2239), isnotnull(year#2241), isnotnull(month#2243)","",false
1,18,301,"Parquet",0,0,0,0,"InMemoryFileIndex(1 paths)[s3a://goes-se-sandbox/data/warehouse/tablespace/external/hive/demo_pauldefusco.db/calendar]","IsNotNull(calendar_date), IsNotNull(year), IsNotNull(quarter)","calendar_date:date,year:int,quarter:int","isnotnull(calendar_date#2978), isnotnull(year#2980), isnotnull(quarter#2981)","",false
1,18,339,"Parquet",0,0,0,0,"InMemoryFileIndex(1 paths)[s3a://goes-se-sandbox/data/warehouse/tablespace/external/hive/demo_pauldefusco.db/calendar]","IsNotNull(calendar_date), IsNotNull(year), IsNotNull(quarter)","calendar_date:date,year:int,quarter:int,is_weekend:boolean","isnotnull(calendar_date#2556), isnotnull(year#2558), isnotnull(quarter#2559)","",false
1,18,79,"Parquet",0,0,0,0,"InMemoryFileIndex(1 paths)[s3a://goes-se-sandbox/data/warehouse/tablespace/external/hive/demo_pauldefusco.db/calendar]","IsNotNull(calendar_date)","calendar_date:date,year:int,quarter:int,month:int,is_weekend:boolean","isnotnull(calendar_date#113)","",false
1,18,283,"Parquet",0,0,0,0,"InMemoryFileIndex(1 paths)[s3a://goes-se-sandbox/data/warehouse/tablespace/external/hive/demo_pauldefusco.db/customers_skewed]","IsNotNull(customer_id)","customer_id:bigint","isnotnull(customer_id#2937L)","",false
1,18,240,"Parquet",0,0,0,0,"InMemoryFileIndex(1 paths)[s3a://goes-se-sandbox/data/warehouse/tablespace/external/hive/demo_pauldefusco.db/customers_skewed]","IsNotNull(customer_id)","customer_id:bigint,credit_score:int","isnotnull(customer_id#2322L)","",false
1,18,465,"Parquet",0,0,0,0,"InMemoryFileIndex(1 paths)[s3a://goes-se-sandbox/data/warehouse/tablespace/external/hive/demo_pauldefusco.db/customers_skewed]","IsNotNull(customer_id), IsNotNull(customer_segment), IsNotNull(income_band)","customer_id:bigint,credit_score:int,income_band:string,customer_segment:string","isnotnull(customer_id#3657L), isnotnull(customer_segment#3664), isnotnull(income_band#3662)","",false
1,18,189,"Parquet",0,0,0,0,"InMemoryFileIndex(1 paths)[s3a://goes-se-sandbox/data/warehouse/tablespace/external/hive/demo_pauldefusco.db/customers_skewed]","IsNotNull(customer_id), IsNotNull(customer_segment), IsNotNull(income_band), IsNotNull(risk_rating)","customer_id:bigint,credit_score:int,income_band:string,customer_segment:string,risk_rating:string","isnotnull(customer_id#2198L), isnotnull(customer_segment#2205), isnotnull(income_band#2203), isnotnull(risk_rating#2207)","",false
1,18,57,"Parquet",0,0,0,0,"InMemoryFileIndex(1 paths)[s3a://goes-se-sandbox/data/warehouse/tablespace/external/hive/demo_pauldefusco.db/customers_skewed]","IsNotNull(customer_id)","customer_id:bigint,credit_score:int,income_band:string,estimated_income:double,customer_segment:string,risk_rating:string","isnotnull(customer_id#31L)","",false
1,18,412,"Parquet",0,0,0,0,"InMemoryFileIndex(1 paths)[s3a://goes-se-sandbox/data/warehouse/tablespace/external/hive/demo_pauldefusco.db/customers_skewed]","IsNotNull(customer_id), IsNotNull(customer_segment), IsNotNull(income_band)","customer_id:bigint,income_band:string,customer_segment:string","isnotnull(customer_id#3985L), isnotnull(customer_segment#3992), isnotnull(income_band#3990)","",false
1,18,125,"Parquet",0,0,0,0,"InMemoryFileIndex(1 paths)[s3a://goes-se-sandbox/data/warehouse/tablespace/external/hive/demo_pauldefusco.db/customers_skewed]","IsNotNull(customer_id), IsNotNull(customer_segment), IsNotNull(income_band), IsNotNull(risk_rating)","customer_id:bigint,income_band:string,customer_segment:string,risk_rating:string","isnotnull(customer_id#2665L), isnotnull(customer_segment#2672), isnotnull(income_band#2670), isnotnull(risk_rating#2674)","",false
1,18,138,"Parquet",0,0,0,0,"InMemoryFileIndex(1 paths)[s3a://goes-se-sandbox/data/warehouse/tablespace/external/hive/demo_pauldefusco.db/merchants_skewed]","IsNotNull(merchant_id)","merchant_id:bigint","isnotnull(merchant_id#2685L)","",false
1,18,420,"Parquet",0,0,0,0,"InMemoryFileIndex(1 paths)[s3a://goes-se-sandbox/data/warehouse/tablespace/external/hive/demo_pauldefusco.db/merchants_skewed]","IsNotNull(merchant_id), IsNotNull(region)","merchant_id:bigint,region:string","isnotnull(merchant_id#4005L), isnotnull(region#4007)","",false
1,18,507,"Parquet",0,0,0,0,"InMemoryFileIndex(1 paths)[s3a://goes-se-sandbox/data/warehouse/tablespace/external/hive/demo_pauldefusco.db/merchants_skewed]","IsNotNull(merchant_id), IsNotNull(region)","merchant_id:bigint,region:string,risk_level:string","isnotnull(merchant_id#3810L), isnotnull(region#3812)","",false
1,18,334,"Parquet",0,0,0,0,"InMemoryFileIndex(1 paths)[s3a://goes-se-sandbox/data/warehouse/tablespace/external/hive/demo_pauldefusco.db/merchants_skewed]","IsNotNull(merchant_id), IsNotNull(region), IsNotNull(risk_level), IsNotNull(merchant_size)","merchant_id:bigint,region:string,risk_level:string,annual_revenue:double,merchant_size:string","isnotnull(merchant_id#2535L), isnotnull(region#2537), isnotnull(risk_level#2540), isnotnull(merchant_size#2542)","",false
1,18,69,"Parquet",0,0,0,0,"InMemoryFileIndex(1 paths)[s3a://goes-se-sandbox/data/warehouse/tablespace/external/hive/demo_pauldefusco.db/merchants_skewed]","IsNotNull(merchant_id)","merchant_id:bigint,region:string,risk_level:string,merchant_size:string","isnotnull(merchant_id#71L)","",false
1,18,296,"Parquet",0,0,0,0,"InMemoryFileIndex(1 paths)[s3a://goes-se-sandbox/data/warehouse/tablespace/external/hive/demo_pauldefusco.db/merchants_skewed]","IsNotNull(merchant_id), IsNotNull(region)","merchant_id:bigint,region:string,risk_level:string,merchant_size:string","isnotnull(merchant_id#2957L), isnotnull(region#2959)","",false
1,18,202,"Parquet",0,0,0,0,"InMemoryFileIndex(1 paths)[s3a://goes-se-sandbox/data/warehouse/tablespace/external/hive/demo_pauldefusco.db/merchants_skewed]","IsNotNull(merchant_id)","merchant_id:bigint,risk_level:string","isnotnull(merchant_id#2218L)","",false
1,18,117,"Parquet",0,0,0,0,"InMemoryFileIndex(1 paths)[s3a://goes-se-sandbox/data/warehouse/tablespace/external/hive/demo_pauldefusco.db/trs_v26]","IsNotNull(transaction_id), LessThan(transaction_id,12500000000), IsNotNull(customer_id), IsNotNull(account_id)","transaction_id:bigint,customer_id:bigint,account_id:bigint,merchant_id:bigint,branch_id:bigint,transaction_date:date","isnotnull(transaction_id#2650L), (transaction_id#2650L < 12500000000), isnotnull(customer_id#2651L), isnotnull(account_id#2652L)","",false
1,18,278,"Parquet",0,0,0,0,"InMemoryFileIndex(1 paths)[s3a://goes-se-sandbox/data/warehouse/tablespace/external/hive/demo_pauldefusco.db/trs_v26]","IsNotNull(transaction_id), LessThan(transaction_id,12500000000), IsNotNull(customer_id), IsNotNull(merchant_id), IsNotNull(merchant_category)","transaction_id:bigint,customer_id:bigint,account_id:bigint,merchant_id:bigint,branch_id:bigint,transaction_date:date,merchant_category:string","isnotnull(transaction_id#2922L), (transaction_id#2922L < 12500000000), isnotnull(customer_id#2923L), isnotnull(merchant_id#2925L), isnotnull(merchant_category#2929)","",false
1,18,404,"Parquet",0,0,0,0,"InMemoryFileIndex(1 paths)[s3a://goes-se-sandbox/data/warehouse/tablespace/external/hive/demo_pauldefusco.db/trs_v26]","IsNotNull(transaction_id), LessThan(transaction_id,12500000000), IsNotNull(merchant_category)","transaction_id:bigint,customer_id:bigint,account_id:bigint,merchant_id:bigint,branch_id:bigint,transaction_date:date,merchant_category:string","isnotnull(transaction_id#3970L), (transaction_id#3970L < 12500000000), isnotnull(merchant_category#3977)","",false
1,18,327,"Parquet",0,0,0,0,"InMemoryFileIndex(1 paths)[s3a://goes-se-sandbox/data/warehouse/tablespace/external/hive/demo_pauldefusco.db/trs_v26]","IsNotNull(transaction_id), LessThan(transaction_id,12500000000), IsNotNull(merchant_id), IsNotNull(merchant_category)","transaction_id:bigint,customer_id:bigint,account_id:bigint,merchant_id:bigint,branch_id:bigint,transaction_date:date,merchant_category:string,transaction_amount:double,fraud_flag:int","isnotnull(transaction_id#2500L), (transaction_id#2500L < 12500000000), isnotnull(merchant_id#2503L), isnotnull(merchant_category#2507)","",false
1,18,499,"Parquet",0,0,0,0,"InMemoryFileIndex(1 paths)[s3a://goes-se-sandbox/data/warehouse/tablespace/external/hive/demo_pauldefusco.db/trs_v26]","IsNotNull(transaction_id), IsNotNull(fraud_flag), LessThan(transaction_id,12500000000), EqualTo(fraud_flag,1), IsNotNull(merchant_category)","transaction_id:bigint,customer_id:bigint,account_id:bigint,merchant_id:bigint,branch_id:bigint,transaction_date:date,merchant_category:string,transaction_amount:double,fraud_flag:int","isnotnull(transaction_id#3775L), isnotnull(fraud_flag#3787), (transaction_id#3775L < 12500000000), (fraud_flag#3787 = 1), isnotnull(merchant_category#3782)","",false
1,18,50,"Parquet",0,0,0,0,"InMemoryFileIndex(1 paths)[s3a://goes-se-sandbox/data/warehouse/tablespace/external/hive/demo_pauldefusco.db/trs_v26]","IsNotNull(transaction_id), LessThan(transaction_id,12500000000)","transaction_id:bigint,customer_id:bigint,account_id:bigint,merchant_id:bigint,branch_id:bigint,transaction_date:date,merchant_category:string,transaction_amount:double,payment_channel:string,payment_type:string,device_type:string,fraud_flag:int","isnotnull(transaction_id#0L), (transaction_id#0L < 12500000000)","",false
1,18,181,"Parquet",0,0,0,0,"InMemoryFileIndex(1 paths)[s3a://goes-se-sandbox/data/warehouse/tablespace/external/hive/demo_pauldefusco.db/trs_v26]","IsNotNull(transaction_id), LessThan(transaction_id,12500000000), IsNotNull(customer_id)","transaction_id:bigint,customer_id:bigint,account_id:bigint,merchant_id:bigint,branch_id:bigint,transaction_date:date,transaction_amount:double,fraud_flag:int","isnotnull(transaction_id#2183L), (transaction_id#2183L < 12500000000), isnotnull(customer_id#2184L)","",false
1,18,235,"Parquet",0,0,0,0,"InMemoryFileIndex(1 paths)[s3a://goes-se-sandbox/data/warehouse/tablespace/external/hive/demo_pauldefusco.db/trs_v26]","IsNotNull(transaction_id), LessThan(transaction_id,12500000000), IsNotNull(account_id)","transaction_id:bigint,customer_id:bigint,account_id:bigint,merchant_id:bigint,branch_id:bigint,transaction_date:date,transaction_amount:double,fraud_flag:int","isnotnull(transaction_id#2307L), (transaction_id#2307L < 12500000000), isnotnull(account_id#2309L)","",false
1,18,457,"Parquet",0,0,0,0,"InMemoryFileIndex(1 paths)[s3a://goes-se-sandbox/data/warehouse/tablespace/external/hive/demo_pauldefusco.db/trs_v26]","IsNotNull(transaction_id), LessThan(transaction_id,12500000000)","transaction_id:bigint,customer_id:bigint,account_id:bigint,merchant_id:bigint,branch_id:bigint,transaction_date:date,transaction_amount:double,fraud_flag:int","isnotnull(transaction_id#3642L), (transaction_id#3642L < 12500000000)","",false
1,18,364,"Parquet",0,0,0,0,"InMemoryFileIndex(1 paths)[s3a://goes-se-sandbox/data/warehouse/tablespace/external/hive/demo_pauldefusco.db/trs_v26]","IsNotNull(transaction_id), LessThan(transaction_id,12500000000), IsNotNull(payment_channel), IsNotNull(payment_type), IsNotNull(device_type)","transaction_id:bigint,customer_id:bigint,account_id:bigint,merchant_id:bigint,branch_id:bigint,transaction_date:date,transaction_amount:double,payment_channel:string,payment_type:string,device_type:string,fraud_flag:int","isnotnull(transaction_id#3237L), (transaction_id#3237L < 12500000000), isnotnull(payment_channel#3246), isnotnull(payment_type#3247), isnotnull(device_type#3248)","",false
1,19,292,"Parquet",0,0,0,0,"InMemoryFileIndex(1 paths)[s3a://goes-se-sandbox/data/warehouse/tablespace/external/hive/demo_pauldefusco.db/accounts_skewed]","IsNotNull(account_id)","account_id:bigint","isnotnull(account_id#2948L)","",false
1,19,133,"Parquet",0,0,0,0,"InMemoryFileIndex(1 paths)[s3a://goes-se-sandbox/data/warehouse/tablespace/external/hive/demo_pauldefusco.db/accounts_skewed]","IsNotNull(account_id), IsNotNull(account_type)","account_id:bigint,account_type:string,account_status:string","isnotnull(account_id#2676L), isnotnull(account_type#2677)","",false
1,19,64,"Parquet",0,0,0,0,"InMemoryFileIndex(1 paths)[s3a://goes-se-sandbox/data/warehouse/tablespace/external/hive/demo_pauldefusco.db/accounts_skewed]","IsNotNull(account_id)","account_id:bigint,account_type:string,account_status:string,current_balance:double,credit_limit:double,interest_rate:double","isnotnull(account_id#52L)","",false
1,19,249,"Parquet",0,0,0,0,"InMemoryFileIndex(1 paths)[s3a://goes-se-sandbox/data/warehouse/tablespace/external/hive/demo_pauldefusco.db/accounts_skewed]","IsNotNull(account_id), IsNotNull(account_type), IsNotNull(account_status)","account_id:bigint,account_type:string,account_status:string,current_balance:double,credit_limit:double,interest_rate:double","isnotnull(account_id#2333L), isnotnull(account_type#2334), isnotnull(account_status#2336)","",false
1,19,197,"Parquet",0,0,0,0,"InMemoryFileIndex(1 paths)[s3a://goes-se-sandbox/data/warehouse/tablespace/external/hive/demo_pauldefusco.db/accounts_skewed]","IsNotNull(account_id)","account_id:bigint,current_balance:double,interest_rate:double","isnotnull(account_id#2209L)","",false
1,19,143,"Parquet",0,0,0,0,"InMemoryFileIndex(1 paths)[s3a://goes-se-sandbox/data/warehouse/tablespace/external/hive/demo_pauldefusco.db/branches_skewed]","IsNotNull(branch_id)","branch_id:bigint","isnotnull(branch_id#2695L)","",false
1,19,74,"Parquet",0,0,0,0,"InMemoryFileIndex(1 paths)[s3a://goes-se-sandbox/data/warehouse/tablespace/external/hive/demo_pauldefusco.db/branches_skewed]","IsNotNull(branch_id)","branch_id:bigint,region:string,branch_type:string","isnotnull(branch_id#91L)","",false
1,19,426,"Parquet",0,0,0,0,"InMemoryFileIndex(1 paths)[s3a://goes-se-sandbox/data/warehouse/tablespace/external/hive/demo_pauldefusco.db/branches_skewed]","IsNotNull(branch_id), IsNotNull(region), IsNotNull(branch_type)","branch_id:bigint,region:string,branch_type:string","isnotnull(branch_id#4015L), isnotnull(region#4018), isnotnull(branch_type#4019)","",false
1,19,474,"Parquet",0,0,0,0,"InMemoryFileIndex(1 paths)[s3a://goes-se-sandbox/data/warehouse/tablespace/external/hive/demo_pauldefusco.db/branches_skewed]","IsNotNull(branch_id), IsNotNull(region), IsNotNull(branch_type)","branch_id:bigint,region:string,branch_type:string,assets_under_management:double,annual_operating_cost:double","isnotnull(branch_id#3687L), isnotnull(region#3690), isnotnull(branch_type#3691)","",false
1,19,148,"Parquet",0,0,0,0,"InMemoryFileIndex(1 paths)[s3a://goes-se-sandbox/data/warehouse/tablespace/external/hive/demo_pauldefusco.db/calendar]","IsNotNull(calendar_date), IsNotNull(year), IsNotNull(month)","calendar_date:date,year:int,month:int","isnotnull(calendar_date#2706), isnotnull(year#2708), isnotnull(month#2710)","",false
1,19,207,"Parquet",0,0,0,0,"InMemoryFileIndex(1 paths)[s3a://goes-se-sandbox/data/warehouse/tablespace/external/hive/demo_pauldefusco.db/calendar]","IsNotNull(calendar_date), IsNotNull(year), IsNotNull(month)","calendar_date:date,year:int,month:int,is_weekend:boolean","isnotnull(calendar_date#2239), isnotnull(year#2241), isnotnull(month#2243)","",false
1,19,302,"Parquet",0,0,0,0,"InMemoryFileIndex(1 paths)[s3a://goes-se-sandbox/data/warehouse/tablespace/external/hive/demo_pauldefusco.db/calendar]","IsNotNull(calendar_date), IsNotNull(year), IsNotNull(quarter)","calendar_date:date,year:int,quarter:int","isnotnull(calendar_date#2978), isnotnull(year#2980), isnotnull(quarter#2981)","",false
1,19,340,"Parquet",0,0,0,0,"InMemoryFileIndex(1 paths)[s3a://goes-se-sandbox/data/warehouse/tablespace/external/hive/demo_pauldefusco.db/calendar]","IsNotNull(calendar_date), IsNotNull(year), IsNotNull(quarter)","calendar_date:date,year:int,quarter:int,is_weekend:boolean","isnotnull(calendar_date#2556), isnotnull(year#2558), isnotnull(quarter#2559)","",false
1,19,79,"Parquet",0,0,0,0,"InMemoryFileIndex(1 paths)[s3a://goes-se-sandbox/data/warehouse/tablespace/external/hive/demo_pauldefusco.db/calendar]","IsNotNull(calendar_date)","calendar_date:date,year:int,quarter:int,month:int,is_weekend:boolean","isnotnull(calendar_date#113)","",false
1,19,284,"Parquet",0,0,0,0,"InMemoryFileIndex(1 paths)[s3a://goes-se-sandbox/data/warehouse/tablespace/external/hive/demo_pauldefusco.db/customers_skewed]","IsNotNull(customer_id)","customer_id:bigint","isnotnull(customer_id#2937L)","",false
1,19,241,"Parquet",0,0,0,0,"InMemoryFileIndex(1 paths)[s3a://goes-se-sandbox/data/warehouse/tablespace/external/hive/demo_pauldefusco.db/customers_skewed]","IsNotNull(customer_id)","customer_id:bigint,credit_score:int","isnotnull(customer_id#2322L)","",false
1,19,466,"Parquet",0,0,0,0,"InMemoryFileIndex(1 paths)[s3a://goes-se-sandbox/data/warehouse/tablespace/external/hive/demo_pauldefusco.db/customers_skewed]","IsNotNull(customer_id), IsNotNull(customer_segment), IsNotNull(income_band)","customer_id:bigint,credit_score:int,income_band:string,customer_segment:string","isnotnull(customer_id#3657L), isnotnull(customer_segment#3664), isnotnull(income_band#3662)","",false
1,19,189,"Parquet",0,0,0,0,"InMemoryFileIndex(1 paths)[s3a://goes-se-sandbox/data/warehouse/tablespace/external/hive/demo_pauldefusco.db/customers_skewed]","IsNotNull(customer_id), IsNotNull(customer_segment), IsNotNull(income_band), IsNotNull(risk_rating)","customer_id:bigint,credit_score:int,income_band:string,customer_segment:string,risk_rating:string","isnotnull(customer_id#2198L), isnotnull(customer_segment#2205), isnotnull(income_band#2203), isnotnull(risk_rating#2207)","",false
1,19,57,"Parquet",0,0,0,0,"InMemoryFileIndex(1 paths)[s3a://goes-se-sandbox/data/warehouse/tablespace/external/hive/demo_pauldefusco.db/customers_skewed]","IsNotNull(customer_id)","customer_id:bigint,credit_score:int,income_band:string,estimated_income:double,customer_segment:string,risk_rating:string","isnotnull(customer_id#31L)","",false
1,19,413,"Parquet",0,0,0,0,"InMemoryFileIndex(1 paths)[s3a://goes-se-sandbox/data/warehouse/tablespace/external/hive/demo_pauldefusco.db/customers_skewed]","IsNotNull(customer_id), IsNotNull(customer_segment), IsNotNull(income_band)","customer_id:bigint,income_band:string,customer_segment:string","isnotnull(customer_id#3985L), isnotnull(customer_segment#3992), isnotnull(income_band#3990)","",false
1,19,125,"Parquet",0,0,0,0,"InMemoryFileIndex(1 paths)[s3a://goes-se-sandbox/data/warehouse/tablespace/external/hive/demo_pauldefusco.db/customers_skewed]","IsNotNull(customer_id), IsNotNull(customer_segment), IsNotNull(income_band), IsNotNull(risk_rating)","customer_id:bigint,income_band:string,customer_segment:string,risk_rating:string","isnotnull(customer_id#2665L), isnotnull(customer_segment#2672), isnotnull(income_band#2670), isnotnull(risk_rating#2674)","",false
1,19,138,"Parquet",0,0,0,0,"InMemoryFileIndex(1 paths)[s3a://goes-se-sandbox/data/warehouse/tablespace/external/hive/demo_pauldefusco.db/merchants_skewed]","IsNotNull(merchant_id)","merchant_id:bigint","isnotnull(merchant_id#2685L)","",false
1,19,421,"Parquet",0,0,0,0,"InMemoryFileIndex(1 paths)[s3a://goes-se-sandbox/data/warehouse/tablespace/external/hive/demo_pauldefusco.db/merchants_skewed]","IsNotNull(merchant_id), IsNotNull(region)","merchant_id:bigint,region:string","isnotnull(merchant_id#4005L), isnotnull(region#4007)","",false
1,19,508,"Parquet",0,0,0,0,"InMemoryFileIndex(1 paths)[s3a://goes-se-sandbox/data/warehouse/tablespace/external/hive/demo_pauldefusco.db/merchants_skewed]","IsNotNull(merchant_id), IsNotNull(region)","merchant_id:bigint,region:string,risk_level:string","isnotnull(merchant_id#3810L), isnotnull(region#3812)","",false
1,19,335,"Parquet",0,0,0,0,"InMemoryFileIndex(1 paths)[s3a://goes-se-sandbox/data/warehouse/tablespace/external/hive/demo_pauldefusco.db/merchants_skewed]","IsNotNull(merchant_id), IsNotNull(region), IsNotNull(risk_level), IsNotNull(merchant_size)","merchant_id:bigint,region:string,risk_level:string,annual_revenue:double,merchant_size:string","isnotnull(merchant_id#2535L), isnotnull(region#2537), isnotnull(risk_level#2540), isnotnull(merchant_size#2542)","",false
1,19,69,"Parquet",0,0,0,0,"InMemoryFileIndex(1 paths)[s3a://goes-se-sandbox/data/warehouse/tablespace/external/hive/demo_pauldefusco.db/merchants_skewed]","IsNotNull(merchant_id)","merchant_id:bigint,region:string,risk_level:string,merchant_size:string","isnotnull(merchant_id#71L)","",false
1,19,297,"Parquet",0,0,0,0,"InMemoryFileIndex(1 paths)[s3a://goes-se-sandbox/data/warehouse/tablespace/external/hive/demo_pauldefusco.db/merchants_skewed]","IsNotNull(merchant_id), IsNotNull(region)","merchant_id:bigint,region:string,risk_level:string,merchant_size:string","isnotnull(merchant_id#2957L), isnotnull(region#2959)","",false
1,19,202,"Parquet",0,0,0,0,"InMemoryFileIndex(1 paths)[s3a://goes-se-sandbox/data/warehouse/tablespace/external/hive/demo_pauldefusco.db/merchants_skewed]","IsNotNull(merchant_id)","merchant_id:bigint,risk_level:string","isnotnull(merchant_id#2218L)","",false
1,19,117,"Parquet",0,0,0,0,"InMemoryFileIndex(1 paths)[s3a://goes-se-sandbox/data/warehouse/tablespace/external/hive/demo_pauldefusco.db/trs_v26]","IsNotNull(transaction_id), LessThan(transaction_id,12500000000), IsNotNull(customer_id), IsNotNull(account_id)","transaction_id:bigint,customer_id:bigint,account_id:bigint,merchant_id:bigint,branch_id:bigint,transaction_date:date","isnotnull(transaction_id#2650L), (transaction_id#2650L < 12500000000), isnotnull(customer_id#2651L), isnotnull(account_id#2652L)","",false
1,19,279,"Parquet",0,0,0,0,"InMemoryFileIndex(1 paths)[s3a://goes-se-sandbox/data/warehouse/tablespace/external/hive/demo_pauldefusco.db/trs_v26]","IsNotNull(transaction_id), LessThan(transaction_id,12500000000), IsNotNull(customer_id), IsNotNull(merchant_id), IsNotNull(merchant_category)","transaction_id:bigint,customer_id:bigint,account_id:bigint,merchant_id:bigint,branch_id:bigint,transaction_date:date,merchant_category:string","isnotnull(transaction_id#2922L), (transaction_id#2922L < 12500000000), isnotnull(customer_id#2923L), isnotnull(merchant_id#2925L), isnotnull(merchant_category#2929)","",false
1,19,405,"Parquet",0,0,0,0,"InMemoryFileIndex(1 paths)[s3a://goes-se-sandbox/data/warehouse/tablespace/external/hive/demo_pauldefusco.db/trs_v26]","IsNotNull(transaction_id), LessThan(transaction_id,12500000000), IsNotNull(merchant_category)","transaction_id:bigint,customer_id:bigint,account_id:bigint,merchant_id:bigint,branch_id:bigint,transaction_date:date,merchant_category:string","isnotnull(transaction_id#3970L), (transaction_id#3970L < 12500000000), isnotnull(merchant_category#3977)","",false
1,19,328,"Parquet",0,0,0,0,"InMemoryFileIndex(1 paths)[s3a://goes-se-sandbox/data/warehouse/tablespace/external/hive/demo_pauldefusco.db/trs_v26]","IsNotNull(transaction_id), LessThan(transaction_id,12500000000), IsNotNull(merchant_id), IsNotNull(merchant_category)","transaction_id:bigint,customer_id:bigint,account_id:bigint,merchant_id:bigint,branch_id:bigint,transaction_date:date,merchant_category:string,transaction_amount:double,fraud_flag:int","isnotnull(transaction_id#2500L), (transaction_id#2500L < 12500000000), isnotnull(merchant_id#2503L), isnotnull(merchant_category#2507)","",false
1,19,500,"Parquet",0,0,0,0,"InMemoryFileIndex(1 paths)[s3a://goes-se-sandbox/data/warehouse/tablespace/external/hive/demo_pauldefusco.db/trs_v26]","IsNotNull(transaction_id), IsNotNull(fraud_flag), LessThan(transaction_id,12500000000), EqualTo(fraud_flag,1), IsNotNull(merchant_category)","transaction_id:bigint,customer_id:bigint,account_id:bigint,merchant_id:bigint,branch_id:bigint,transaction_date:date,merchant_category:string,transaction_amount:double,fraud_flag:int","isnotnull(transaction_id#3775L), isnotnull(fraud_flag#3787), (transaction_id#3775L < 12500000000), (fraud_flag#3787 = 1), isnotnull(merchant_category#3782)","",false
1,19,50,"Parquet",0,0,0,0,"InMemoryFileIndex(1 paths)[s3a://goes-se-sandbox/data/warehouse/tablespace/external/hive/demo_pauldefusco.db/trs_v26]","IsNotNull(transaction_id), LessThan(transaction_id,12500000000)","transaction_id:bigint,customer_id:bigint,account_id:bigint,merchant_id:bigint,branch_id:bigint,transaction_date:date,merchant_category:string,transaction_amount:double,payment_channel:string,payment_type:string,device_type:string,fraud_flag:int","isnotnull(transaction_id#0L), (transaction_id#0L < 12500000000)","",false
1,19,181,"Parquet",0,0,0,0,"InMemoryFileIndex(1 paths)[s3a://goes-se-sandbox/data/warehouse/tablespace/external/hive/demo_pauldefusco.db/trs_v26]","IsNotNull(transaction_id), LessThan(transaction_id,12500000000), IsNotNull(customer_id)","transaction_id:bigint,customer_id:bigint,account_id:bigint,merchant_id:bigint,branch_id:bigint,transaction_date:date,transaction_amount:double,fraud_flag:int","isnotnull(transaction_id#2183L), (transaction_id#2183L < 12500000000), isnotnull(customer_id#2184L)","",false
1,19,236,"Parquet",0,0,0,0,"InMemoryFileIndex(1 paths)[s3a://goes-se-sandbox/data/warehouse/tablespace/external/hive/demo_pauldefusco.db/trs_v26]","IsNotNull(transaction_id), LessThan(transaction_id,12500000000), IsNotNull(account_id)","transaction_id:bigint,customer_id:bigint,account_id:bigint,merchant_id:bigint,branch_id:bigint,transaction_date:date,transaction_amount:double,fraud_flag:int","isnotnull(transaction_id#2307L), (transaction_id#2307L < 12500000000), isnotnull(account_id#2309L)","",false
1,19,458,"Parquet",0,0,0,0,"InMemoryFileIndex(1 paths)[s3a://goes-se-sandbox/data/warehouse/tablespace/external/hive/demo_pauldefusco.db/trs_v26]","IsNotNull(transaction_id), LessThan(transaction_id,12500000000)","transaction_id:bigint,customer_id:bigint,account_id:bigint,merchant_id:bigint,branch_id:bigint,transaction_date:date,transaction_amount:double,fraud_flag:int","isnotnull(transaction_id#3642L), (transaction_id#3642L < 12500000000)","",false
1,19,365,"Parquet",0,0,0,0,"InMemoryFileIndex(1 paths)[s3a://goes-se-sandbox/data/warehouse/tablespace/external/hive/demo_pauldefusco.db/trs_v26]","IsNotNull(transaction_id), LessThan(transaction_id,12500000000), IsNotNull(payment_channel), IsNotNull(payment_type), IsNotNull(device_type)","transaction_id:bigint,customer_id:bigint,account_id:bigint,merchant_id:bigint,branch_id:bigint,transaction_date:date,transaction_amount:double,payment_channel:string,payment_type:string,device_type:string,fraud_flag:int","isnotnull(transaction_id#3237L), (transaction_id#3237L < 12500000000), isnotnull(payment_channel#3246), isnotnull(payment_type#3247), isnotnull(device_type#3248)","",false
1,20,292,"Parquet",0,0,0,0,"InMemoryFileIndex(1 paths)[s3a://goes-se-sandbox/data/warehouse/tablespace/external/hive/demo_pauldefusco.db/accounts_skewed]","IsNotNull(account_id)","account_id:bigint","isnotnull(account_id#2948L)","",false
1,20,133,"Parquet",0,0,0,0,"InMemoryFileIndex(1 paths)[s3a://goes-se-sandbox/data/warehouse/tablespace/external/hive/demo_pauldefusco.db/accounts_skewed]","IsNotNull(account_id), IsNotNull(account_type)","account_id:bigint,account_type:string,account_status:string","isnotnull(account_id#2676L), isnotnull(account_type#2677)","",false
1,20,64,"Parquet",0,0,0,0,"InMemoryFileIndex(1 paths)[s3a://goes-se-sandbox/data/warehouse/tablespace/external/hive/demo_pauldefusco.db/accounts_skewed]","IsNotNull(account_id)","account_id:bigint,account_type:string,account_status:string,current_balance:double,credit_limit:double,interest_rate:double","isnotnull(account_id#52L)","",false
1,20,249,"Parquet",0,0,0,0,"InMemoryFileIndex(1 paths)[s3a://goes-se-sandbox/data/warehouse/tablespace/external/hive/demo_pauldefusco.db/accounts_skewed]","IsNotNull(account_id), IsNotNull(account_type), IsNotNull(account_status)","account_id:bigint,account_type:string,account_status:string,current_balance:double,credit_limit:double,interest_rate:double","isnotnull(account_id#2333L), isnotnull(account_type#2334), isnotnull(account_status#2336)","",false
1,20,197,"Parquet",0,0,0,0,"InMemoryFileIndex(1 paths)[s3a://goes-se-sandbox/data/warehouse/tablespace/external/hive/demo_pauldefusco.db/accounts_skewed]","IsNotNull(account_id)","account_id:bigint,current_balance:double,interest_rate:double","isnotnull(account_id#2209L)","",false
1,20,143,"Parquet",0,0,0,0,"InMemoryFileIndex(1 paths)[s3a://goes-se-sandbox/data/warehouse/tablespace/external/hive/demo_pauldefusco.db/branches_skewed]","IsNotNull(branch_id)","branch_id:bigint","isnotnull(branch_id#2695L)","",false
1,20,74,"Parquet",0,0,0,0,"InMemoryFileIndex(1 paths)[s3a://goes-se-sandbox/data/warehouse/tablespace/external/hive/demo_pauldefusco.db/branches_skewed]","IsNotNull(branch_id)","branch_id:bigint,region:string,branch_type:string","isnotnull(branch_id#91L)","",false
1,20,427,"Parquet",0,0,0,0,"InMemoryFileIndex(1 paths)[s3a://goes-se-sandbox/data/warehouse/tablespace/external/hive/demo_pauldefusco.db/branches_skewed]","IsNotNull(branch_id), IsNotNull(region), IsNotNull(branch_type)","branch_id:bigint,region:string,branch_type:string","isnotnull(branch_id#4015L), isnotnull(region#4018), isnotnull(branch_type#4019)","",false
1,20,475,"Parquet",0,0,0,0,"InMemoryFileIndex(1 paths)[s3a://goes-se-sandbox/data/warehouse/tablespace/external/hive/demo_pauldefusco.db/branches_skewed]","IsNotNull(branch_id), IsNotNull(region), IsNotNull(branch_type)","branch_id:bigint,region:string,branch_type:string,assets_under_management:double,annual_operating_cost:double","isnotnull(branch_id#3687L), isnotnull(region#3690), isnotnull(branch_type#3691)","",false
1,20,148,"Parquet",0,0,0,0,"InMemoryFileIndex(1 paths)[s3a://goes-se-sandbox/data/warehouse/tablespace/external/hive/demo_pauldefusco.db/calendar]","IsNotNull(calendar_date), IsNotNull(year), IsNotNull(month)","calendar_date:date,year:int,month:int","isnotnull(calendar_date#2706), isnotnull(year#2708), isnotnull(month#2710)","",false
1,20,207,"Parquet",0,0,0,0,"InMemoryFileIndex(1 paths)[s3a://goes-se-sandbox/data/warehouse/tablespace/external/hive/demo_pauldefusco.db/calendar]","IsNotNull(calendar_date), IsNotNull(year), IsNotNull(month)","calendar_date:date,year:int,month:int,is_weekend:boolean","isnotnull(calendar_date#2239), isnotnull(year#2241), isnotnull(month#2243)","",false
1,20,302,"Parquet",0,0,0,0,"InMemoryFileIndex(1 paths)[s3a://goes-se-sandbox/data/warehouse/tablespace/external/hive/demo_pauldefusco.db/calendar]","IsNotNull(calendar_date), IsNotNull(year), IsNotNull(quarter)","calendar_date:date,year:int,quarter:int","isnotnull(calendar_date#2978), isnotnull(year#2980), isnotnull(quarter#2981)","",false
1,20,341,"Parquet",0,0,0,0,"InMemoryFileIndex(1 paths)[s3a://goes-se-sandbox/data/warehouse/tablespace/external/hive/demo_pauldefusco.db/calendar]","IsNotNull(calendar_date), IsNotNull(year), IsNotNull(quarter)","calendar_date:date,year:int,quarter:int,is_weekend:boolean","isnotnull(calendar_date#2556), isnotnull(year#2558), isnotnull(quarter#2559)","",false
1,20,79,"Parquet",0,0,0,0,"InMemoryFileIndex(1 paths)[s3a://goes-se-sandbox/data/warehouse/tablespace/external/hive/demo_pauldefusco.db/calendar]","IsNotNull(calendar_date)","calendar_date:date,year:int,quarter:int,month:int,is_weekend:boolean","isnotnull(calendar_date#113)","",false
1,20,284,"Parquet",0,0,0,0,"InMemoryFileIndex(1 paths)[s3a://goes-se-sandbox/data/warehouse/tablespace/external/hive/demo_pauldefusco.db/customers_skewed]","IsNotNull(customer_id)","customer_id:bigint","isnotnull(customer_id#2937L)","",false
1,20,241,"Parquet",0,0,0,0,"InMemoryFileIndex(1 paths)[s3a://goes-se-sandbox/data/warehouse/tablespace/external/hive/demo_pauldefusco.db/customers_skewed]","IsNotNull(customer_id)","customer_id:bigint,credit_score:int","isnotnull(customer_id#2322L)","",false
1,20,467,"Parquet",0,0,0,0,"InMemoryFileIndex(1 paths)[s3a://goes-se-sandbox/data/warehouse/tablespace/external/hive/demo_pauldefusco.db/customers_skewed]","IsNotNull(customer_id), IsNotNull(customer_segment), IsNotNull(income_band)","customer_id:bigint,credit_score:int,income_band:string,customer_segment:string","isnotnull(customer_id#3657L), isnotnull(customer_segment#3664), isnotnull(income_band#3662)","",false
1,20,189,"Parquet",0,0,0,0,"InMemoryFileIndex(1 paths)[s3a://goes-se-sandbox/data/warehouse/tablespace/external/hive/demo_pauldefusco.db/customers_skewed]","IsNotNull(customer_id), IsNotNull(customer_segment), IsNotNull(income_band), IsNotNull(risk_rating)","customer_id:bigint,credit_score:int,income_band:string,customer_segment:string,risk_rating:string","isnotnull(customer_id#2198L), isnotnull(customer_segment#2205), isnotnull(income_band#2203), isnotnull(risk_rating#2207)","",false
1,20,57,"Parquet",0,0,0,0,"InMemoryFileIndex(1 paths)[s3a://goes-se-sandbox/data/warehouse/tablespace/external/hive/demo_pauldefusco.db/customers_skewed]","IsNotNull(customer_id)","customer_id:bigint,credit_score:int,income_band:string,estimated_income:double,customer_segment:string,risk_rating:string","isnotnull(customer_id#31L)","",false
1,20,414,"Parquet",0,0,0,0,"InMemoryFileIndex(1 paths)[s3a://goes-se-sandbox/data/warehouse/tablespace/external/hive/demo_pauldefusco.db/customers_skewed]","IsNotNull(customer_id), IsNotNull(customer_segment), IsNotNull(income_band)","customer_id:bigint,income_band:string,customer_segment:string","isnotnull(customer_id#3985L), isnotnull(customer_segment#3992), isnotnull(income_band#3990)","",false
1,20,125,"Parquet",0,0,0,0,"InMemoryFileIndex(1 paths)[s3a://goes-se-sandbox/data/warehouse/tablespace/external/hive/demo_pauldefusco.db/customers_skewed]","IsNotNull(customer_id), IsNotNull(customer_segment), IsNotNull(income_band), IsNotNull(risk_rating)","customer_id:bigint,income_band:string,customer_segment:string,risk_rating:string","isnotnull(customer_id#2665L), isnotnull(customer_segment#2672), isnotnull(income_band#2670), isnotnull(risk_rating#2674)","",false
1,20,138,"Parquet",0,0,0,0,"InMemoryFileIndex(1 paths)[s3a://goes-se-sandbox/data/warehouse/tablespace/external/hive/demo_pauldefusco.db/merchants_skewed]","IsNotNull(merchant_id)","merchant_id:bigint","isnotnull(merchant_id#2685L)","",false
1,20,422,"Parquet",0,0,0,0,"InMemoryFileIndex(1 paths)[s3a://goes-se-sandbox/data/warehouse/tablespace/external/hive/demo_pauldefusco.db/merchants_skewed]","IsNotNull(merchant_id), IsNotNull(region)","merchant_id:bigint,region:string","isnotnull(merchant_id#4005L), isnotnull(region#4007)","",false
1,20,509,"Parquet",0,0,0,0,"InMemoryFileIndex(1 paths)[s3a://goes-se-sandbox/data/warehouse/tablespace/external/hive/demo_pauldefusco.db/merchants_skewed]","IsNotNull(merchant_id), IsNotNull(region)","merchant_id:bigint,region:string,risk_level:string","isnotnull(merchant_id#3810L), isnotnull(region#3812)","",false
1,20,336,"Parquet",0,0,0,0,"InMemoryFileIndex(1 paths)[s3a://goes-se-sandbox/data/warehouse/tablespace/external/hive/demo_pauldefusco.db/merchants_skewed]","IsNotNull(merchant_id), IsNotNull(region), IsNotNull(risk_level), IsNotNull(merchant_size)","merchant_id:bigint,region:string,risk_level:string,annual_revenue:double,merchant_size:string","isnotnull(merchant_id#2535L), isnotnull(region#2537), isnotnull(risk_level#2540), isnotnull(merchant_size#2542)","",false
1,20,69,"Parquet",0,0,0,0,"InMemoryFileIndex(1 paths)[s3a://goes-se-sandbox/data/warehouse/tablespace/external/hive/demo_pauldefusco.db/merchants_skewed]","IsNotNull(merchant_id)","merchant_id:bigint,region:string,risk_level:string,merchant_size:string","isnotnull(merchant_id#71L)","",false
1,20,297,"Parquet",0,0,0,0,"InMemoryFileIndex(1 paths)[s3a://goes-se-sandbox/data/warehouse/tablespace/external/hive/demo_pauldefusco.db/merchants_skewed]","IsNotNull(merchant_id), IsNotNull(region)","merchant_id:bigint,region:string,risk_level:string,merchant_size:string","isnotnull(merchant_id#2957L), isnotnull(region#2959)","",false
1,20,202,"Parquet",0,0,0,0,"InMemoryFileIndex(1 paths)[s3a://goes-se-sandbox/data/warehouse/tablespace/external/hive/demo_pauldefusco.db/merchants_skewed]","IsNotNull(merchant_id)","merchant_id:bigint,risk_level:string","isnotnull(merchant_id#2218L)","",false
1,20,117,"Parquet",0,0,0,0,"InMemoryFileIndex(1 paths)[s3a://goes-se-sandbox/data/warehouse/tablespace/external/hive/demo_pauldefusco.db/trs_v26]","IsNotNull(transaction_id), LessThan(transaction_id,12500000000), IsNotNull(customer_id), IsNotNull(account_id)","transaction_id:bigint,customer_id:bigint,account_id:bigint,merchant_id:bigint,branch_id:bigint,transaction_date:date","isnotnull(transaction_id#2650L), (transaction_id#2650L < 12500000000), isnotnull(customer_id#2651L), isnotnull(account_id#2652L)","",false
1,20,279,"Parquet",0,0,0,0,"InMemoryFileIndex(1 paths)[s3a://goes-se-sandbox/data/warehouse/tablespace/external/hive/demo_pauldefusco.db/trs_v26]","IsNotNull(transaction_id), LessThan(transaction_id,12500000000), IsNotNull(customer_id), IsNotNull(merchant_id), IsNotNull(merchant_category)","transaction_id:bigint,customer_id:bigint,account_id:bigint,merchant_id:bigint,branch_id:bigint,transaction_date:date,merchant_category:string","isnotnull(transaction_id#2922L), (transaction_id#2922L < 12500000000), isnotnull(customer_id#2923L), isnotnull(merchant_id#2925L), isnotnull(merchant_category#2929)","",false
1,20,406,"Parquet",0,0,0,0,"InMemoryFileIndex(1 paths)[s3a://goes-se-sandbox/data/warehouse/tablespace/external/hive/demo_pauldefusco.db/trs_v26]","IsNotNull(transaction_id), LessThan(transaction_id,12500000000), IsNotNull(merchant_category)","transaction_id:bigint,customer_id:bigint,account_id:bigint,merchant_id:bigint,branch_id:bigint,transaction_date:date,merchant_category:string","isnotnull(transaction_id#3970L), (transaction_id#3970L < 12500000000), isnotnull(merchant_category#3977)","",false
1,20,329,"Parquet",0,0,0,0,"InMemoryFileIndex(1 paths)[s3a://goes-se-sandbox/data/warehouse/tablespace/external/hive/demo_pauldefusco.db/trs_v26]","IsNotNull(transaction_id), LessThan(transaction_id,12500000000), IsNotNull(merchant_id), IsNotNull(merchant_category)","transaction_id:bigint,customer_id:bigint,account_id:bigint,merchant_id:bigint,branch_id:bigint,transaction_date:date,merchant_category:string,transaction_amount:double,fraud_flag:int","isnotnull(transaction_id#2500L), (transaction_id#2500L < 12500000000), isnotnull(merchant_id#2503L), isnotnull(merchant_category#2507)","",false
1,20,501,"Parquet",0,0,0,0,"InMemoryFileIndex(1 paths)[s3a://goes-se-sandbox/data/warehouse/tablespace/external/hive/demo_pauldefusco.db/trs_v26]","IsNotNull(transaction_id), IsNotNull(fraud_flag), LessThan(transaction_id,12500000000), EqualTo(fraud_flag,1), IsNotNull(merchant_category)","transaction_id:bigint,customer_id:bigint,account_id:bigint,merchant_id:bigint,branch_id:bigint,transaction_date:date,merchant_category:string,transaction_amount:double,fraud_flag:int","isnotnull(transaction_id#3775L), isnotnull(fraud_flag#3787), (transaction_id#3775L < 12500000000), (fraud_flag#3787 = 1), isnotnull(merchant_category#3782)","",false
1,20,50,"Parquet",0,0,0,0,"InMemoryFileIndex(1 paths)[s3a://goes-se-sandbox/data/warehouse/tablespace/external/hive/demo_pauldefusco.db/trs_v26]","IsNotNull(transaction_id), LessThan(transaction_id,12500000000)","transaction_id:bigint,customer_id:bigint,account_id:bigint,merchant_id:bigint,branch_id:bigint,transaction_date:date,merchant_category:string,transaction_amount:double,payment_channel:string,payment_type:string,device_type:string,fraud_flag:int","isnotnull(transaction_id#0L), (transaction_id#0L < 12500000000)","",false
1,20,181,"Parquet",0,0,0,0,"InMemoryFileIndex(1 paths)[s3a://goes-se-sandbox/data/warehouse/tablespace/external/hive/demo_pauldefusco.db/trs_v26]","IsNotNull(transaction_id), LessThan(transaction_id,12500000000), IsNotNull(customer_id)","transaction_id:bigint,customer_id:bigint,account_id:bigint,merchant_id:bigint,branch_id:bigint,transaction_date:date,transaction_amount:double,fraud_flag:int","isnotnull(transaction_id#2183L), (transaction_id#2183L < 12500000000), isnotnull(customer_id#2184L)","",false
1,20,236,"Parquet",0,0,0,0,"InMemoryFileIndex(1 paths)[s3a://goes-se-sandbox/data/warehouse/tablespace/external/hive/demo_pauldefusco.db/trs_v26]","IsNotNull(transaction_id), LessThan(transaction_id,12500000000), IsNotNull(account_id)","transaction_id:bigint,customer_id:bigint,account_id:bigint,merchant_id:bigint,branch_id:bigint,transaction_date:date,transaction_amount:double,fraud_flag:int","isnotnull(transaction_id#2307L), (transaction_id#2307L < 12500000000), isnotnull(account_id#2309L)","",false
1,20,459,"Parquet",0,0,0,0,"InMemoryFileIndex(1 paths)[s3a://goes-se-sandbox/data/warehouse/tablespace/external/hive/demo_pauldefusco.db/trs_v26]","IsNotNull(transaction_id), LessThan(transaction_id,12500000000)","transaction_id:bigint,customer_id:bigint,account_id:bigint,merchant_id:bigint,branch_id:bigint,transaction_date:date,transaction_amount:double,fraud_flag:int","isnotnull(transaction_id#3642L), (transaction_id#3642L < 12500000000)","",false
1,20,366,"Parquet",0,0,0,0,"InMemoryFileIndex(1 paths)[s3a://goes-se-sandbox/data/warehouse/tablespace/external/hive/demo_pauldefusco.db/trs_v26]","IsNotNull(transaction_id), LessThan(transaction_id,12500000000), IsNotNull(payment_channel), IsNotNull(payment_type), IsNotNull(device_type)","transaction_id:bigint,customer_id:bigint,account_id:bigint,merchant_id:bigint,branch_id:bigint,transaction_date:date,transaction_amount:double,payment_channel:string,payment_type:string,device_type:string,fraud_flag:int","isnotnull(transaction_id#3237L), (transaction_id#3237L < 12500000000), isnotnull(payment_channel#3246), isnotnull(payment_type#3247), isnotnull(device_type#3248)","",false
1,21,293,"Parquet",0,0,0,0,"InMemoryFileIndex(1 paths)[s3a://goes-se-sandbox/data/warehouse/tablespace/external/hive/demo_pauldefusco.db/accounts_skewed]","IsNotNull(account_id)","account_id:bigint","isnotnull(account_id#2948L)","",false
1,21,133,"Parquet",0,0,0,0,"InMemoryFileIndex(1 paths)[s3a://goes-se-sandbox/data/warehouse/tablespace/external/hive/demo_pauldefusco.db/accounts_skewed]","IsNotNull(account_id), IsNotNull(account_type)","account_id:bigint,account_type:string,account_status:string","isnotnull(account_id#2676L), isnotnull(account_type#2677)","",false
1,21,64,"Parquet",0,0,0,0,"InMemoryFileIndex(1 paths)[s3a://goes-se-sandbox/data/warehouse/tablespace/external/hive/demo_pauldefusco.db/accounts_skewed]","IsNotNull(account_id)","account_id:bigint,account_type:string,account_status:string,current_balance:double,credit_limit:double,interest_rate:double","isnotnull(account_id#52L)","",false
1,21,249,"Parquet",0,0,0,0,"InMemoryFileIndex(1 paths)[s3a://goes-se-sandbox/data/warehouse/tablespace/external/hive/demo_pauldefusco.db/accounts_skewed]","IsNotNull(account_id), IsNotNull(account_type), IsNotNull(account_status)","account_id:bigint,account_type:string,account_status:string,current_balance:double,credit_limit:double,interest_rate:double","isnotnull(account_id#2333L), isnotnull(account_type#2334), isnotnull(account_status#2336)","",false
1,21,197,"Parquet",0,0,0,0,"InMemoryFileIndex(1 paths)[s3a://goes-se-sandbox/data/warehouse/tablespace/external/hive/demo_pauldefusco.db/accounts_skewed]","IsNotNull(account_id)","account_id:bigint,current_balance:double,interest_rate:double","isnotnull(account_id#2209L)","",false
1,21,143,"Parquet",0,0,0,0,"InMemoryFileIndex(1 paths)[s3a://goes-se-sandbox/data/warehouse/tablespace/external/hive/demo_pauldefusco.db/branches_skewed]","IsNotNull(branch_id)","branch_id:bigint","isnotnull(branch_id#2695L)","",false
1,21,74,"Parquet",0,0,0,0,"InMemoryFileIndex(1 paths)[s3a://goes-se-sandbox/data/warehouse/tablespace/external/hive/demo_pauldefusco.db/branches_skewed]","IsNotNull(branch_id)","branch_id:bigint,region:string,branch_type:string","isnotnull(branch_id#91L)","",false
1,21,428,"Parquet",0,0,0,0,"InMemoryFileIndex(1 paths)[s3a://goes-se-sandbox/data/warehouse/tablespace/external/hive/demo_pauldefusco.db/branches_skewed]","IsNotNull(branch_id), IsNotNull(region), IsNotNull(branch_type)","branch_id:bigint,region:string,branch_type:string","isnotnull(branch_id#4015L), isnotnull(region#4018), isnotnull(branch_type#4019)","",false
1,21,476,"Parquet",0,0,0,0,"InMemoryFileIndex(1 paths)[s3a://goes-se-sandbox/data/warehouse/tablespace/external/hive/demo_pauldefusco.db/branches_skewed]","IsNotNull(branch_id), IsNotNull(region), IsNotNull(branch_type)","branch_id:bigint,region:string,branch_type:string,assets_under_management:double,annual_operating_cost:double","isnotnull(branch_id#3687L), isnotnull(region#3690), isnotnull(branch_type#3691)","",false
1,21,148,"Parquet",0,0,0,0,"InMemoryFileIndex(1 paths)[s3a://goes-se-sandbox/data/warehouse/tablespace/external/hive/demo_pauldefusco.db/calendar]","IsNotNull(calendar_date), IsNotNull(year), IsNotNull(month)","calendar_date:date,year:int,month:int","isnotnull(calendar_date#2706), isnotnull(year#2708), isnotnull(month#2710)","",false
1,21,207,"Parquet",0,0,0,0,"InMemoryFileIndex(1 paths)[s3a://goes-se-sandbox/data/warehouse/tablespace/external/hive/demo_pauldefusco.db/calendar]","IsNotNull(calendar_date), IsNotNull(year), IsNotNull(month)","calendar_date:date,year:int,month:int,is_weekend:boolean","isnotnull(calendar_date#2239), isnotnull(year#2241), isnotnull(month#2243)","",false
1,21,303,"Parquet",0,0,0,0,"InMemoryFileIndex(1 paths)[s3a://goes-se-sandbox/data/warehouse/tablespace/external/hive/demo_pauldefusco.db/calendar]","IsNotNull(calendar_date), IsNotNull(year), IsNotNull(quarter)","calendar_date:date,year:int,quarter:int","isnotnull(calendar_date#2978), isnotnull(year#2980), isnotnull(quarter#2981)","",false
1,21,342,"Parquet",0,0,0,0,"InMemoryFileIndex(1 paths)[s3a://goes-se-sandbox/data/warehouse/tablespace/external/hive/demo_pauldefusco.db/calendar]","IsNotNull(calendar_date), IsNotNull(year), IsNotNull(quarter)","calendar_date:date,year:int,quarter:int,is_weekend:boolean","isnotnull(calendar_date#2556), isnotnull(year#2558), isnotnull(quarter#2559)","",false
1,21,79,"Parquet",0,0,0,0,"InMemoryFileIndex(1 paths)[s3a://goes-se-sandbox/data/warehouse/tablespace/external/hive/demo_pauldefusco.db/calendar]","IsNotNull(calendar_date)","calendar_date:date,year:int,quarter:int,month:int,is_weekend:boolean","isnotnull(calendar_date#113)","",false
1,21,285,"Parquet",0,0,0,0,"InMemoryFileIndex(1 paths)[s3a://goes-se-sandbox/data/warehouse/tablespace/external/hive/demo_pauldefusco.db/customers_skewed]","IsNotNull(customer_id)","customer_id:bigint","isnotnull(customer_id#2937L)","",false
1,21,241,"Parquet",0,0,0,0,"InMemoryFileIndex(1 paths)[s3a://goes-se-sandbox/data/warehouse/tablespace/external/hive/demo_pauldefusco.db/customers_skewed]","IsNotNull(customer_id)","customer_id:bigint,credit_score:int","isnotnull(customer_id#2322L)","",false
1,21,468,"Parquet",0,0,0,0,"InMemoryFileIndex(1 paths)[s3a://goes-se-sandbox/data/warehouse/tablespace/external/hive/demo_pauldefusco.db/customers_skewed]","IsNotNull(customer_id), IsNotNull(customer_segment), IsNotNull(income_band)","customer_id:bigint,credit_score:int,income_band:string,customer_segment:string","isnotnull(customer_id#3657L), isnotnull(customer_segment#3664), isnotnull(income_band#3662)","",false
1,21,189,"Parquet",0,0,0,0,"InMemoryFileIndex(1 paths)[s3a://goes-se-sandbox/data/warehouse/tablespace/external/hive/demo_pauldefusco.db/customers_skewed]","IsNotNull(customer_id), IsNotNull(customer_segment), IsNotNull(income_band), IsNotNull(risk_rating)","customer_id:bigint,credit_score:int,income_band:string,customer_segment:string,risk_rating:string","isnotnull(customer_id#2198L), isnotnull(customer_segment#2205), isnotnull(income_band#2203), isnotnull(risk_rating#2207)","",false
1,21,57,"Parquet",0,0,0,0,"InMemoryFileIndex(1 paths)[s3a://goes-se-sandbox/data/warehouse/tablespace/external/hive/demo_pauldefusco.db/customers_skewed]","IsNotNull(customer_id)","customer_id:bigint,credit_score:int,income_band:string,estimated_income:double,customer_segment:string,risk_rating:string","isnotnull(customer_id#31L)","",false
1,21,415,"Parquet",0,0,0,0,"InMemoryFileIndex(1 paths)[s3a://goes-se-sandbox/data/warehouse/tablespace/external/hive/demo_pauldefusco.db/customers_skewed]","IsNotNull(customer_id), IsNotNull(customer_segment), IsNotNull(income_band)","customer_id:bigint,income_band:string,customer_segment:string","isnotnull(customer_id#3985L), isnotnull(customer_segment#3992), isnotnull(income_band#3990)","",false
1,21,125,"Parquet",0,0,0,0,"InMemoryFileIndex(1 paths)[s3a://goes-se-sandbox/data/warehouse/tablespace/external/hive/demo_pauldefusco.db/customers_skewed]","IsNotNull(customer_id), IsNotNull(customer_segment), IsNotNull(income_band), IsNotNull(risk_rating)","customer_id:bigint,income_band:string,customer_segment:string,risk_rating:string","isnotnull(customer_id#2665L), isnotnull(customer_segment#2672), isnotnull(income_band#2670), isnotnull(risk_rating#2674)","",false
1,21,138,"Parquet",0,0,0,0,"InMemoryFileIndex(1 paths)[s3a://goes-se-sandbox/data/warehouse/tablespace/external/hive/demo_pauldefusco.db/merchants_skewed]","IsNotNull(merchant_id)","merchant_id:bigint","isnotnull(merchant_id#2685L)","",false
1,21,423,"Parquet",0,0,0,0,"InMemoryFileIndex(1 paths)[s3a://goes-se-sandbox/data/warehouse/tablespace/external/hive/demo_pauldefusco.db/merchants_skewed]","IsNotNull(merchant_id), IsNotNull(region)","merchant_id:bigint,region:string","isnotnull(merchant_id#4005L), isnotnull(region#4007)","",false
1,21,510,"Parquet",0,0,0,0,"InMemoryFileIndex(1 paths)[s3a://goes-se-sandbox/data/warehouse/tablespace/external/hive/demo_pauldefusco.db/merchants_skewed]","IsNotNull(merchant_id), IsNotNull(region)","merchant_id:bigint,region:string,risk_level:string","isnotnull(merchant_id#3810L), isnotnull(region#3812)","",false
1,21,337,"Parquet",0,0,0,0,"InMemoryFileIndex(1 paths)[s3a://goes-se-sandbox/data/warehouse/tablespace/external/hive/demo_pauldefusco.db/merchants_skewed]","IsNotNull(merchant_id), IsNotNull(region), IsNotNull(risk_level), IsNotNull(merchant_size)","merchant_id:bigint,region:string,risk_level:string,annual_revenue:double,merchant_size:string","isnotnull(merchant_id#2535L), isnotnull(region#2537), isnotnull(risk_level#2540), isnotnull(merchant_size#2542)","",false
1,21,69,"Parquet",0,0,0,0,"InMemoryFileIndex(1 paths)[s3a://goes-se-sandbox/data/warehouse/tablespace/external/hive/demo_pauldefusco.db/merchants_skewed]","IsNotNull(merchant_id)","merchant_id:bigint,region:string,risk_level:string,merchant_size:string","isnotnull(merchant_id#71L)","",false
1,21,298,"Parquet",0,0,0,0,"InMemoryFileIndex(1 paths)[s3a://goes-se-sandbox/data/warehouse/tablespace/external/hive/demo_pauldefusco.db/merchants_skewed]","IsNotNull(merchant_id), IsNotNull(region)","merchant_id:bigint,region:string,risk_level:string,merchant_size:string","isnotnull(merchant_id#2957L), isnotnull(region#2959)","",false
1,21,202,"Parquet",0,0,0,0,"InMemoryFileIndex(1 paths)[s3a://goes-se-sandbox/data/warehouse/tablespace/external/hive/demo_pauldefusco.db/merchants_skewed]","IsNotNull(merchant_id)","merchant_id:bigint,risk_level:string","isnotnull(merchant_id#2218L)","",false
1,21,117,"Parquet",0,0,0,0,"InMemoryFileIndex(1 paths)[s3a://goes-se-sandbox/data/warehouse/tablespace/external/hive/demo_pauldefusco.db/trs_v26]","IsNotNull(transaction_id), LessThan(transaction_id,12500000000), IsNotNull(customer_id), IsNotNull(account_id)","transaction_id:bigint,customer_id:bigint,account_id:bigint,merchant_id:bigint,branch_id:bigint,transaction_date:date","isnotnull(transaction_id#2650L), (transaction_id#2650L < 12500000000), isnotnull(customer_id#2651L), isnotnull(account_id#2652L)","",false
1,21,280,"Parquet",0,0,0,0,"InMemoryFileIndex(1 paths)[s3a://goes-se-sandbox/data/warehouse/tablespace/external/hive/demo_pauldefusco.db/trs_v26]","IsNotNull(transaction_id), LessThan(transaction_id,12500000000), IsNotNull(customer_id), IsNotNull(merchant_id), IsNotNull(merchant_category)","transaction_id:bigint,customer_id:bigint,account_id:bigint,merchant_id:bigint,branch_id:bigint,transaction_date:date,merchant_category:string","isnotnull(transaction_id#2922L), (transaction_id#2922L < 12500000000), isnotnull(customer_id#2923L), isnotnull(merchant_id#2925L), isnotnull(merchant_category#2929)","",false
1,21,407,"Parquet",0,0,0,0,"InMemoryFileIndex(1 paths)[s3a://goes-se-sandbox/data/warehouse/tablespace/external/hive/demo_pauldefusco.db/trs_v26]","IsNotNull(transaction_id), LessThan(transaction_id,12500000000), IsNotNull(merchant_category)","transaction_id:bigint,customer_id:bigint,account_id:bigint,merchant_id:bigint,branch_id:bigint,transaction_date:date,merchant_category:string","isnotnull(transaction_id#3970L), (transaction_id#3970L < 12500000000), isnotnull(merchant_category#3977)","",false
1,21,330,"Parquet",0,0,0,0,"InMemoryFileIndex(1 paths)[s3a://goes-se-sandbox/data/warehouse/tablespace/external/hive/demo_pauldefusco.db/trs_v26]","IsNotNull(transaction_id), LessThan(transaction_id,12500000000), IsNotNull(merchant_id), IsNotNull(merchant_category)","transaction_id:bigint,customer_id:bigint,account_id:bigint,merchant_id:bigint,branch_id:bigint,transaction_date:date,merchant_category:string,transaction_amount:double,fraud_flag:int","isnotnull(transaction_id#2500L), (transaction_id#2500L < 12500000000), isnotnull(merchant_id#2503L), isnotnull(merchant_category#2507)","",false
1,21,502,"Parquet",0,0,0,0,"InMemoryFileIndex(1 paths)[s3a://goes-se-sandbox/data/warehouse/tablespace/external/hive/demo_pauldefusco.db/trs_v26]","IsNotNull(transaction_id), IsNotNull(fraud_flag), LessThan(transaction_id,12500000000), EqualTo(fraud_flag,1), IsNotNull(merchant_category)","transaction_id:bigint,customer_id:bigint,account_id:bigint,merchant_id:bigint,branch_id:bigint,transaction_date:date,merchant_category:string,transaction_amount:double,fraud_flag:int","isnotnull(transaction_id#3775L), isnotnull(fraud_flag#3787), (transaction_id#3775L < 12500000000), (fraud_flag#3787 = 1), isnotnull(merchant_category#3782)","",false
1,21,50,"Parquet",0,0,0,0,"InMemoryFileIndex(1 paths)[s3a://goes-se-sandbox/data/warehouse/tablespace/external/hive/demo_pauldefusco.db/trs_v26]","IsNotNull(transaction_id), LessThan(transaction_id,12500000000)","transaction_id:bigint,customer_id:bigint,account_id:bigint,merchant_id:bigint,branch_id:bigint,transaction_date:date,merchant_category:string,transaction_amount:double,payment_channel:string,payment_type:string,device_type:string,fraud_flag:int","isnotnull(transaction_id#0L), (transaction_id#0L < 12500000000)","",false
1,21,181,"Parquet",0,0,0,0,"InMemoryFileIndex(1 paths)[s3a://goes-se-sandbox/data/warehouse/tablespace/external/hive/demo_pauldefusco.db/trs_v26]","IsNotNull(transaction_id), LessThan(transaction_id,12500000000), IsNotNull(customer_id)","transaction_id:bigint,customer_id:bigint,account_id:bigint,merchant_id:bigint,branch_id:bigint,transaction_date:date,transaction_amount:double,fraud_flag:int","isnotnull(transaction_id#2183L), (transaction_id#2183L < 12500000000), isnotnull(customer_id#2184L)","",false
1,21,236,"Parquet",0,0,0,0,"InMemoryFileIndex(1 paths)[s3a://goes-se-sandbox/data/warehouse/tablespace/external/hive/demo_pauldefusco.db/trs_v26]","IsNotNull(transaction_id), LessThan(transaction_id,12500000000), IsNotNull(account_id)","transaction_id:bigint,customer_id:bigint,account_id:bigint,merchant_id:bigint,branch_id:bigint,transaction_date:date,transaction_amount:double,fraud_flag:int","isnotnull(transaction_id#2307L), (transaction_id#2307L < 12500000000), isnotnull(account_id#2309L)","",false
1,21,460,"Parquet",0,0,0,0,"InMemoryFileIndex(1 paths)[s3a://goes-se-sandbox/data/warehouse/tablespace/external/hive/demo_pauldefusco.db/trs_v26]","IsNotNull(transaction_id), LessThan(transaction_id,12500000000)","transaction_id:bigint,customer_id:bigint,account_id:bigint,merchant_id:bigint,branch_id:bigint,transaction_date:date,transaction_amount:double,fraud_flag:int","isnotnull(transaction_id#3642L), (transaction_id#3642L < 12500000000)","",false
1,21,367,"Parquet",0,0,0,0,"InMemoryFileIndex(1 paths)[s3a://goes-se-sandbox/data/warehouse/tablespace/external/hive/demo_pauldefusco.db/trs_v26]","IsNotNull(transaction_id), LessThan(transaction_id,12500000000), IsNotNull(payment_channel), IsNotNull(payment_type), IsNotNull(device_type)","transaction_id:bigint,customer_id:bigint,account_id:bigint,merchant_id:bigint,branch_id:bigint,transaction_date:date,transaction_amount:double,payment_channel:string,payment_type:string,device_type:string,fraud_flag:int","isnotnull(transaction_id#3237L), (transaction_id#3237L < 12500000000), isnotnull(payment_channel#3246), isnotnull(payment_type#3247), isnotnull(device_type#3248)","",false
1,22,293,"Parquet",0,0,0,0,"InMemoryFileIndex(1 paths)[s3a://goes-se-sandbox/data/warehouse/tablespace/external/hive/demo_pauldefusco.db/accounts_skewed]","IsNotNull(account_id)","account_id:bigint","isnotnull(account_id#2948L)","",false
1,22,133,"Parquet",0,0,0,0,"InMemoryFileIndex(1 paths)[s3a://goes-se-sandbox/data/warehouse/tablespace/external/hive/demo_pauldefusco.db/accounts_skewed]","IsNotNull(account_id), IsNotNull(account_type)","account_id:bigint,account_type:string,account_status:string","isnotnull(account_id#2676L), isnotnull(account_type#2677)","",false
1,22,64,"Parquet",0,0,0,0,"InMemoryFileIndex(1 paths)[s3a://goes-se-sandbox/data/warehouse/tablespace/external/hive/demo_pauldefusco.db/accounts_skewed]","IsNotNull(account_id)","account_id:bigint,account_type:string,account_status:string,current_balance:double,credit_limit:double,interest_rate:double","isnotnull(account_id#52L)","",false
1,22,249,"Parquet",0,0,0,0,"InMemoryFileIndex(1 paths)[s3a://goes-se-sandbox/data/warehouse/tablespace/external/hive/demo_pauldefusco.db/accounts_skewed]","IsNotNull(account_id), IsNotNull(account_type), IsNotNull(account_status)","account_id:bigint,account_type:string,account_status:string,current_balance:double,credit_limit:double,interest_rate:double","isnotnull(account_id#2333L), isnotnull(account_type#2334), isnotnull(account_status#2336)","",false
1,22,197,"Parquet",0,0,0,0,"InMemoryFileIndex(1 paths)[s3a://goes-se-sandbox/data/warehouse/tablespace/external/hive/demo_pauldefusco.db/accounts_skewed]","IsNotNull(account_id)","account_id:bigint,current_balance:double,interest_rate:double","isnotnull(account_id#2209L)","",false
1,22,143,"Parquet",0,0,0,0,"InMemoryFileIndex(1 paths)[s3a://goes-se-sandbox/data/warehouse/tablespace/external/hive/demo_pauldefusco.db/branches_skewed]","IsNotNull(branch_id)","branch_id:bigint","isnotnull(branch_id#2695L)","",false
1,22,74,"Parquet",0,0,0,0,"InMemoryFileIndex(1 paths)[s3a://goes-se-sandbox/data/warehouse/tablespace/external/hive/demo_pauldefusco.db/branches_skewed]","IsNotNull(branch_id)","branch_id:bigint,region:string,branch_type:string","isnotnull(branch_id#91L)","",false
1,22,428,"Parquet",0,0,0,0,"InMemoryFileIndex(1 paths)[s3a://goes-se-sandbox/data/warehouse/tablespace/external/hive/demo_pauldefusco.db/branches_skewed]","IsNotNull(branch_id), IsNotNull(region), IsNotNull(branch_type)","branch_id:bigint,region:string,branch_type:string","isnotnull(branch_id#4015L), isnotnull(region#4018), isnotnull(branch_type#4019)","",false
1,22,476,"Parquet",0,0,0,0,"InMemoryFileIndex(1 paths)[s3a://goes-se-sandbox/data/warehouse/tablespace/external/hive/demo_pauldefusco.db/branches_skewed]","IsNotNull(branch_id), IsNotNull(region), IsNotNull(branch_type)","branch_id:bigint,region:string,branch_type:string,assets_under_management:double,annual_operating_cost:double","isnotnull(branch_id#3687L), isnotnull(region#3690), isnotnull(branch_type#3691)","",false
1,22,148,"Parquet",0,0,0,0,"InMemoryFileIndex(1 paths)[s3a://goes-se-sandbox/data/warehouse/tablespace/external/hive/demo_pauldefusco.db/calendar]","IsNotNull(calendar_date), IsNotNull(year), IsNotNull(month)","calendar_date:date,year:int,month:int","isnotnull(calendar_date#2706), isnotnull(year#2708), isnotnull(month#2710)","",false
1,22,207,"Parquet",0,0,0,0,"InMemoryFileIndex(1 paths)[s3a://goes-se-sandbox/data/warehouse/tablespace/external/hive/demo_pauldefusco.db/calendar]","IsNotNull(calendar_date), IsNotNull(year), IsNotNull(month)","calendar_date:date,year:int,month:int,is_weekend:boolean","isnotnull(calendar_date#2239), isnotnull(year#2241), isnotnull(month#2243)","",false
1,22,303,"Parquet",0,0,0,0,"InMemoryFileIndex(1 paths)[s3a://goes-se-sandbox/data/warehouse/tablespace/external/hive/demo_pauldefusco.db/calendar]","IsNotNull(calendar_date), IsNotNull(year), IsNotNull(quarter)","calendar_date:date,year:int,quarter:int","isnotnull(calendar_date#2978), isnotnull(year#2980), isnotnull(quarter#2981)","",false
1,22,342,"Parquet",0,0,0,0,"InMemoryFileIndex(1 paths)[s3a://goes-se-sandbox/data/warehouse/tablespace/external/hive/demo_pauldefusco.db/calendar]","IsNotNull(calendar_date), IsNotNull(year), IsNotNull(quarter)","calendar_date:date,year:int,quarter:int,is_weekend:boolean","isnotnull(calendar_date#2556), isnotnull(year#2558), isnotnull(quarter#2559)","",false
1,22,79,"Parquet",0,0,0,0,"InMemoryFileIndex(1 paths)[s3a://goes-se-sandbox/data/warehouse/tablespace/external/hive/demo_pauldefusco.db/calendar]","IsNotNull(calendar_date)","calendar_date:date,year:int,quarter:int,month:int,is_weekend:boolean","isnotnull(calendar_date#113)","",false
1,22,285,"Parquet",0,0,0,0,"InMemoryFileIndex(1 paths)[s3a://goes-se-sandbox/data/warehouse/tablespace/external/hive/demo_pauldefusco.db/customers_skewed]","IsNotNull(customer_id)","customer_id:bigint","isnotnull(customer_id#2937L)","",false
1,22,241,"Parquet",0,0,0,0,"InMemoryFileIndex(1 paths)[s3a://goes-se-sandbox/data/warehouse/tablespace/external/hive/demo_pauldefusco.db/customers_skewed]","IsNotNull(customer_id)","customer_id:bigint,credit_score:int","isnotnull(customer_id#2322L)","",false
1,22,468,"Parquet",0,0,0,0,"InMemoryFileIndex(1 paths)[s3a://goes-se-sandbox/data/warehouse/tablespace/external/hive/demo_pauldefusco.db/customers_skewed]","IsNotNull(customer_id), IsNotNull(customer_segment), IsNotNull(income_band)","customer_id:bigint,credit_score:int,income_band:string,customer_segment:string","isnotnull(customer_id#3657L), isnotnull(customer_segment#3664), isnotnull(income_band#3662)","",false
1,22,189,"Parquet",0,0,0,0,"InMemoryFileIndex(1 paths)[s3a://goes-se-sandbox/data/warehouse/tablespace/external/hive/demo_pauldefusco.db/customers_skewed]","IsNotNull(customer_id), IsNotNull(customer_segment), IsNotNull(income_band), IsNotNull(risk_rating)","customer_id:bigint,credit_score:int,income_band:string,customer_segment:string,risk_rating:string","isnotnull(customer_id#2198L), isnotnull(customer_segment#2205), isnotnull(income_band#2203), isnotnull(risk_rating#2207)","",false
1,22,57,"Parquet",0,0,0,0,"InMemoryFileIndex(1 paths)[s3a://goes-se-sandbox/data/warehouse/tablespace/external/hive/demo_pauldefusco.db/customers_skewed]","IsNotNull(customer_id)","customer_id:bigint,credit_score:int,income_band:string,estimated_income:double,customer_segment:string,risk_rating:string","isnotnull(customer_id#31L)","",false
1,22,415,"Parquet",0,0,0,0,"InMemoryFileIndex(1 paths)[s3a://goes-se-sandbox/data/warehouse/tablespace/external/hive/demo_pauldefusco.db/customers_skewed]","IsNotNull(customer_id), IsNotNull(customer_segment), IsNotNull(income_band)","customer_id:bigint,income_band:string,customer_segment:string","isnotnull(customer_id#3985L), isnotnull(customer_segment#3992), isnotnull(income_band#3990)","",false
1,22,125,"Parquet",0,0,0,0,"InMemoryFileIndex(1 paths)[s3a://goes-se-sandbox/data/warehouse/tablespace/external/hive/demo_pauldefusco.db/customers_skewed]","IsNotNull(customer_id), IsNotNull(customer_segment), IsNotNull(income_band), IsNotNull(risk_rating)","customer_id:bigint,income_band:string,customer_segment:string,risk_rating:string","isnotnull(customer_id#2665L), isnotnull(customer_segment#2672), isnotnull(income_band#2670), isnotnull(risk_rating#2674)","",false
1,22,138,"Parquet",0,0,0,0,"InMemoryFileIndex(1 paths)[s3a://goes-se-sandbox/data/warehouse/tablespace/external/hive/demo_pauldefusco.db/merchants_skewed]","IsNotNull(merchant_id)","merchant_id:bigint","isnotnull(merchant_id#2685L)","",false
1,22,423,"Parquet",0,0,0,0,"InMemoryFileIndex(1 paths)[s3a://goes-se-sandbox/data/warehouse/tablespace/external/hive/demo_pauldefusco.db/merchants_skewed]","IsNotNull(merchant_id), IsNotNull(region)","merchant_id:bigint,region:string","isnotnull(merchant_id#4005L), isnotnull(region#4007)","",false
1,22,510,"Parquet",0,0,0,0,"InMemoryFileIndex(1 paths)[s3a://goes-se-sandbox/data/warehouse/tablespace/external/hive/demo_pauldefusco.db/merchants_skewed]","IsNotNull(merchant_id), IsNotNull(region)","merchant_id:bigint,region:string,risk_level:string","isnotnull(merchant_id#3810L), isnotnull(region#3812)","",false
1,22,337,"Parquet",0,0,0,0,"InMemoryFileIndex(1 paths)[s3a://goes-se-sandbox/data/warehouse/tablespace/external/hive/demo_pauldefusco.db/merchants_skewed]","IsNotNull(merchant_id), IsNotNull(region), IsNotNull(risk_level), IsNotNull(merchant_size)","merchant_id:bigint,region:string,risk_level:string,annual_revenue:double,merchant_size:string","isnotnull(merchant_id#2535L), isnotnull(region#2537), isnotnull(risk_level#2540), isnotnull(merchant_size#2542)","",false
1,22,69,"Parquet",0,0,0,0,"InMemoryFileIndex(1 paths)[s3a://goes-se-sandbox/data/warehouse/tablespace/external/hive/demo_pauldefusco.db/merchants_skewed]","IsNotNull(merchant_id)","merchant_id:bigint,region:string,risk_level:string,merchant_size:string","isnotnull(merchant_id#71L)","",false
1,22,298,"Parquet",0,0,0,0,"InMemoryFileIndex(1 paths)[s3a://goes-se-sandbox/data/warehouse/tablespace/external/hive/demo_pauldefusco.db/merchants_skewed]","IsNotNull(merchant_id), IsNotNull(region)","merchant_id:bigint,region:string,risk_level:string,merchant_size:string","isnotnull(merchant_id#2957L), isnotnull(region#2959)","",false
1,22,202,"Parquet",0,0,0,0,"InMemoryFileIndex(1 paths)[s3a://goes-se-sandbox/data/warehouse/tablespace/external/hive/demo_pauldefusco.db/merchants_skewed]","IsNotNull(merchant_id)","merchant_id:bigint,risk_level:string","isnotnull(merchant_id#2218L)","",false
1,22,117,"Parquet",0,0,0,0,"InMemoryFileIndex(1 paths)[s3a://goes-se-sandbox/data/warehouse/tablespace/external/hive/demo_pauldefusco.db/trs_v26]","IsNotNull(transaction_id), LessThan(transaction_id,12500000000), IsNotNull(customer_id), IsNotNull(account_id)","transaction_id:bigint,customer_id:bigint,account_id:bigint,merchant_id:bigint,branch_id:bigint,transaction_date:date","isnotnull(transaction_id#2650L), (transaction_id#2650L < 12500000000), isnotnull(customer_id#2651L), isnotnull(account_id#2652L)","",false
1,22,280,"Parquet",0,0,0,0,"InMemoryFileIndex(1 paths)[s3a://goes-se-sandbox/data/warehouse/tablespace/external/hive/demo_pauldefusco.db/trs_v26]","IsNotNull(transaction_id), LessThan(transaction_id,12500000000), IsNotNull(customer_id), IsNotNull(merchant_id), IsNotNull(merchant_category)","transaction_id:bigint,customer_id:bigint,account_id:bigint,merchant_id:bigint,branch_id:bigint,transaction_date:date,merchant_category:string","isnotnull(transaction_id#2922L), (transaction_id#2922L < 12500000000), isnotnull(customer_id#2923L), isnotnull(merchant_id#2925L), isnotnull(merchant_category#2929)","",false
1,22,407,"Parquet",0,0,0,0,"InMemoryFileIndex(1 paths)[s3a://goes-se-sandbox/data/warehouse/tablespace/external/hive/demo_pauldefusco.db/trs_v26]","IsNotNull(transaction_id), LessThan(transaction_id,12500000000), IsNotNull(merchant_category)","transaction_id:bigint,customer_id:bigint,account_id:bigint,merchant_id:bigint,branch_id:bigint,transaction_date:date,merchant_category:string","isnotnull(transaction_id#3970L), (transaction_id#3970L < 12500000000), isnotnull(merchant_category#3977)","",false
1,22,330,"Parquet",0,0,0,0,"InMemoryFileIndex(1 paths)[s3a://goes-se-sandbox/data/warehouse/tablespace/external/hive/demo_pauldefusco.db/trs_v26]","IsNotNull(transaction_id), LessThan(transaction_id,12500000000), IsNotNull(merchant_id), IsNotNull(merchant_category)","transaction_id:bigint,customer_id:bigint,account_id:bigint,merchant_id:bigint,branch_id:bigint,transaction_date:date,merchant_category:string,transaction_amount:double,fraud_flag:int","isnotnull(transaction_id#2500L), (transaction_id#2500L < 12500000000), isnotnull(merchant_id#2503L), isnotnull(merchant_category#2507)","",false
1,22,502,"Parquet",0,0,0,0,"InMemoryFileIndex(1 paths)[s3a://goes-se-sandbox/data/warehouse/tablespace/external/hive/demo_pauldefusco.db/trs_v26]","IsNotNull(transaction_id), IsNotNull(fraud_flag), LessThan(transaction_id,12500000000), EqualTo(fraud_flag,1), IsNotNull(merchant_category)","transaction_id:bigint,customer_id:bigint,account_id:bigint,merchant_id:bigint,branch_id:bigint,transaction_date:date,merchant_category:string,transaction_amount:double,fraud_flag:int","isnotnull(transaction_id#3775L), isnotnull(fraud_flag#3787), (transaction_id#3775L < 12500000000), (fraud_flag#3787 = 1), isnotnull(merchant_category#3782)","",false
1,22,50,"Parquet",0,0,0,0,"InMemoryFileIndex(1 paths)[s3a://goes-se-sandbox/data/warehouse/tablespace/external/hive/demo_pauldefusco.db/trs_v26]","IsNotNull(transaction_id), LessThan(transaction_id,12500000000)","transaction_id:bigint,customer_id:bigint,account_id:bigint,merchant_id:bigint,branch_id:bigint,transaction_date:date,merchant_category:string,transaction_amount:double,payment_channel:string,payment_type:string,device_type:string,fraud_flag:int","isnotnull(transaction_id#0L), (transaction_id#0L < 12500000000)","",false
1,22,181,"Parquet",0,0,0,0,"InMemoryFileIndex(1 paths)[s3a://goes-se-sandbox/data/warehouse/tablespace/external/hive/demo_pauldefusco.db/trs_v26]","IsNotNull(transaction_id), LessThan(transaction_id,12500000000), IsNotNull(customer_id)","transaction_id:bigint,customer_id:bigint,account_id:bigint,merchant_id:bigint,branch_id:bigint,transaction_date:date,transaction_amount:double,fraud_flag:int","isnotnull(transaction_id#2183L), (transaction_id#2183L < 12500000000), isnotnull(customer_id#2184L)","",false
1,22,236,"Parquet",0,0,0,0,"InMemoryFileIndex(1 paths)[s3a://goes-se-sandbox/data/warehouse/tablespace/external/hive/demo_pauldefusco.db/trs_v26]","IsNotNull(transaction_id), LessThan(transaction_id,12500000000), IsNotNull(account_id)","transaction_id:bigint,customer_id:bigint,account_id:bigint,merchant_id:bigint,branch_id:bigint,transaction_date:date,transaction_amount:double,fraud_flag:int","isnotnull(transaction_id#2307L), (transaction_id#2307L < 12500000000), isnotnull(account_id#2309L)","",false
1,22,460,"Parquet",0,0,0,0,"InMemoryFileIndex(1 paths)[s3a://goes-se-sandbox/data/warehouse/tablespace/external/hive/demo_pauldefusco.db/trs_v26]","IsNotNull(transaction_id), LessThan(transaction_id,12500000000)","transaction_id:bigint,customer_id:bigint,account_id:bigint,merchant_id:bigint,branch_id:bigint,transaction_date:date,transaction_amount:double,fraud_flag:int","isnotnull(transaction_id#3642L), (transaction_id#3642L < 12500000000)","",false
1,22,367,"Parquet",0,0,0,0,"InMemoryFileIndex(1 paths)[s3a://goes-se-sandbox/data/warehouse/tablespace/external/hive/demo_pauldefusco.db/trs_v26]","IsNotNull(transaction_id), LessThan(transaction_id,12500000000), IsNotNull(payment_channel), IsNotNull(payment_type), IsNotNull(device_type)","transaction_id:bigint,customer_id:bigint,account_id:bigint,merchant_id:bigint,branch_id:bigint,transaction_date:date,transaction_amount:double,payment_channel:string,payment_type:string,device_type:string,fraud_flag:int","isnotnull(transaction_id#3237L), (transaction_id#3237L < 12500000000), isnotnull(payment_channel#3246), isnotnull(payment_type#3247), isnotnull(device_type#3248)","",false
1,23,294,"Parquet",0,0,0,0,"InMemoryFileIndex(1 paths)[s3a://goes-se-sandbox/data/warehouse/tablespace/external/hive/demo_pauldefusco.db/accounts_skewed]","IsNotNull(account_id)","account_id:bigint","isnotnull(account_id#2948L)","",false
1,23,133,"Parquet",0,0,0,0,"InMemoryFileIndex(1 paths)[s3a://goes-se-sandbox/data/warehouse/tablespace/external/hive/demo_pauldefusco.db/accounts_skewed]","IsNotNull(account_id), IsNotNull(account_type)","account_id:bigint,account_type:string,account_status:string","isnotnull(account_id#2676L), isnotnull(account_type#2677)","",false
1,23,64,"Parquet",0,0,0,0,"InMemoryFileIndex(1 paths)[s3a://goes-se-sandbox/data/warehouse/tablespace/external/hive/demo_pauldefusco.db/accounts_skewed]","IsNotNull(account_id)","account_id:bigint,account_type:string,account_status:string,current_balance:double,credit_limit:double,interest_rate:double","isnotnull(account_id#52L)","",false
1,23,250,"Parquet",0,0,0,0,"InMemoryFileIndex(1 paths)[s3a://goes-se-sandbox/data/warehouse/tablespace/external/hive/demo_pauldefusco.db/accounts_skewed]","IsNotNull(account_id), IsNotNull(account_type), IsNotNull(account_status)","account_id:bigint,account_type:string,account_status:string,current_balance:double,credit_limit:double,interest_rate:double","isnotnull(account_id#2333L), isnotnull(account_type#2334), isnotnull(account_status#2336)","",false
1,23,198,"Parquet",0,0,0,0,"InMemoryFileIndex(1 paths)[s3a://goes-se-sandbox/data/warehouse/tablespace/external/hive/demo_pauldefusco.db/accounts_skewed]","IsNotNull(account_id)","account_id:bigint,current_balance:double,interest_rate:double","isnotnull(account_id#2209L)","",false
1,23,143,"Parquet",0,0,0,0,"InMemoryFileIndex(1 paths)[s3a://goes-se-sandbox/data/warehouse/tablespace/external/hive/demo_pauldefusco.db/branches_skewed]","IsNotNull(branch_id)","branch_id:bigint","isnotnull(branch_id#2695L)","",false
1,23,74,"Parquet",0,0,0,0,"InMemoryFileIndex(1 paths)[s3a://goes-se-sandbox/data/warehouse/tablespace/external/hive/demo_pauldefusco.db/branches_skewed]","IsNotNull(branch_id)","branch_id:bigint,region:string,branch_type:string","isnotnull(branch_id#91L)","",false
1,23,429,"Parquet",0,0,0,0,"InMemoryFileIndex(1 paths)[s3a://goes-se-sandbox/data/warehouse/tablespace/external/hive/demo_pauldefusco.db/branches_skewed]","IsNotNull(branch_id), IsNotNull(region), IsNotNull(branch_type)","branch_id:bigint,region:string,branch_type:string","isnotnull(branch_id#4015L), isnotnull(region#4018), isnotnull(branch_type#4019)","",false
1,23,477,"Parquet",0,0,0,0,"InMemoryFileIndex(1 paths)[s3a://goes-se-sandbox/data/warehouse/tablespace/external/hive/demo_pauldefusco.db/branches_skewed]","IsNotNull(branch_id), IsNotNull(region), IsNotNull(branch_type)","branch_id:bigint,region:string,branch_type:string,assets_under_management:double,annual_operating_cost:double","isnotnull(branch_id#3687L), isnotnull(region#3690), isnotnull(branch_type#3691)","",false
1,23,148,"Parquet",0,0,0,0,"InMemoryFileIndex(1 paths)[s3a://goes-se-sandbox/data/warehouse/tablespace/external/hive/demo_pauldefusco.db/calendar]","IsNotNull(calendar_date), IsNotNull(year), IsNotNull(month)","calendar_date:date,year:int,month:int","isnotnull(calendar_date#2706), isnotnull(year#2708), isnotnull(month#2710)","",false
1,23,208,"Parquet",0,0,0,0,"InMemoryFileIndex(1 paths)[s3a://goes-se-sandbox/data/warehouse/tablespace/external/hive/demo_pauldefusco.db/calendar]","IsNotNull(calendar_date), IsNotNull(year), IsNotNull(month)","calendar_date:date,year:int,month:int,is_weekend:boolean","isnotnull(calendar_date#2239), isnotnull(year#2241), isnotnull(month#2243)","",false
1,23,304,"Parquet",0,0,0,0,"InMemoryFileIndex(1 paths)[s3a://goes-se-sandbox/data/warehouse/tablespace/external/hive/demo_pauldefusco.db/calendar]","IsNotNull(calendar_date), IsNotNull(year), IsNotNull(quarter)","calendar_date:date,year:int,quarter:int","isnotnull(calendar_date#2978), isnotnull(year#2980), isnotnull(quarter#2981)","",false
1,23,343,"Parquet",0,0,0,0,"InMemoryFileIndex(1 paths)[s3a://goes-se-sandbox/data/warehouse/tablespace/external/hive/demo_pauldefusco.db/calendar]","IsNotNull(calendar_date), IsNotNull(year), IsNotNull(quarter)","calendar_date:date,year:int,quarter:int,is_weekend:boolean","isnotnull(calendar_date#2556), isnotnull(year#2558), isnotnull(quarter#2559)","",false
1,23,79,"Parquet",0,0,0,0,"InMemoryFileIndex(1 paths)[s3a://goes-se-sandbox/data/warehouse/tablespace/external/hive/demo_pauldefusco.db/calendar]","IsNotNull(calendar_date)","calendar_date:date,year:int,quarter:int,month:int,is_weekend:boolean","isnotnull(calendar_date#113)","",false
1,23,286,"Parquet",0,0,0,0,"InMemoryFileIndex(1 paths)[s3a://goes-se-sandbox/data/warehouse/tablespace/external/hive/demo_pauldefusco.db/customers_skewed]","IsNotNull(customer_id)","customer_id:bigint","isnotnull(customer_id#2937L)","",false
1,23,242,"Parquet",0,0,0,0,"InMemoryFileIndex(1 paths)[s3a://goes-se-sandbox/data/warehouse/tablespace/external/hive/demo_pauldefusco.db/customers_skewed]","IsNotNull(customer_id)","customer_id:bigint,credit_score:int","isnotnull(customer_id#2322L)","",false
1,23,469,"Parquet",0,0,0,0,"InMemoryFileIndex(1 paths)[s3a://goes-se-sandbox/data/warehouse/tablespace/external/hive/demo_pauldefusco.db/customers_skewed]","IsNotNull(customer_id), IsNotNull(customer_segment), IsNotNull(income_band)","customer_id:bigint,credit_score:int,income_band:string,customer_segment:string","isnotnull(customer_id#3657L), isnotnull(customer_segment#3664), isnotnull(income_band#3662)","",false
1,23,190,"Parquet",0,0,0,0,"InMemoryFileIndex(1 paths)[s3a://goes-se-sandbox/data/warehouse/tablespace/external/hive/demo_pauldefusco.db/customers_skewed]","IsNotNull(customer_id), IsNotNull(customer_segment), IsNotNull(income_band), IsNotNull(risk_rating)","customer_id:bigint,credit_score:int,income_band:string,customer_segment:string,risk_rating:string","isnotnull(customer_id#2198L), isnotnull(customer_segment#2205), isnotnull(income_band#2203), isnotnull(risk_rating#2207)","",false
1,23,57,"Parquet",0,0,0,0,"InMemoryFileIndex(1 paths)[s3a://goes-se-sandbox/data/warehouse/tablespace/external/hive/demo_pauldefusco.db/customers_skewed]","IsNotNull(customer_id)","customer_id:bigint,credit_score:int,income_band:string,estimated_income:double,customer_segment:string,risk_rating:string","isnotnull(customer_id#31L)","",false
1,23,416,"Parquet",0,0,0,0,"InMemoryFileIndex(1 paths)[s3a://goes-se-sandbox/data/warehouse/tablespace/external/hive/demo_pauldefusco.db/customers_skewed]","IsNotNull(customer_id), IsNotNull(customer_segment), IsNotNull(income_band)","customer_id:bigint,income_band:string,customer_segment:string","isnotnull(customer_id#3985L), isnotnull(customer_segment#3992), isnotnull(income_band#3990)","",false
1,23,125,"Parquet",0,0,0,0,"InMemoryFileIndex(1 paths)[s3a://goes-se-sandbox/data/warehouse/tablespace/external/hive/demo_pauldefusco.db/customers_skewed]","IsNotNull(customer_id), IsNotNull(customer_segment), IsNotNull(income_band), IsNotNull(risk_rating)","customer_id:bigint,income_band:string,customer_segment:string,risk_rating:string","isnotnull(customer_id#2665L), isnotnull(customer_segment#2672), isnotnull(income_band#2670), isnotnull(risk_rating#2674)","",false
1,23,138,"Parquet",0,0,0,0,"InMemoryFileIndex(1 paths)[s3a://goes-se-sandbox/data/warehouse/tablespace/external/hive/demo_pauldefusco.db/merchants_skewed]","IsNotNull(merchant_id)","merchant_id:bigint","isnotnull(merchant_id#2685L)","",false
1,23,424,"Parquet",0,0,0,0,"InMemoryFileIndex(1 paths)[s3a://goes-se-sandbox/data/warehouse/tablespace/external/hive/demo_pauldefusco.db/merchants_skewed]","IsNotNull(merchant_id), IsNotNull(region)","merchant_id:bigint,region:string","isnotnull(merchant_id#4005L), isnotnull(region#4007)","",false
1,23,511,"Parquet",0,0,0,0,"InMemoryFileIndex(1 paths)[s3a://goes-se-sandbox/data/warehouse/tablespace/external/hive/demo_pauldefusco.db/merchants_skewed]","IsNotNull(merchant_id), IsNotNull(region)","merchant_id:bigint,region:string,risk_level:string","isnotnull(merchant_id#3810L), isnotnull(region#3812)","",false
1,23,338,"Parquet",0,0,0,0,"InMemoryFileIndex(1 paths)[s3a://goes-se-sandbox/data/warehouse/tablespace/external/hive/demo_pauldefusco.db/merchants_skewed]","IsNotNull(merchant_id), IsNotNull(region), IsNotNull(risk_level), IsNotNull(merchant_size)","merchant_id:bigint,region:string,risk_level:string,annual_revenue:double,merchant_size:string","isnotnull(merchant_id#2535L), isnotnull(region#2537), isnotnull(risk_level#2540), isnotnull(merchant_size#2542)","",false
1,23,69,"Parquet",0,0,0,0,"InMemoryFileIndex(1 paths)[s3a://goes-se-sandbox/data/warehouse/tablespace/external/hive/demo_pauldefusco.db/merchants_skewed]","IsNotNull(merchant_id)","merchant_id:bigint,region:string,risk_level:string,merchant_size:string","isnotnull(merchant_id#71L)","",false
1,23,299,"Parquet",0,0,0,0,"InMemoryFileIndex(1 paths)[s3a://goes-se-sandbox/data/warehouse/tablespace/external/hive/demo_pauldefusco.db/merchants_skewed]","IsNotNull(merchant_id), IsNotNull(region)","merchant_id:bigint,region:string,risk_level:string,merchant_size:string","isnotnull(merchant_id#2957L), isnotnull(region#2959)","",false
1,23,203,"Parquet",0,0,0,0,"InMemoryFileIndex(1 paths)[s3a://goes-se-sandbox/data/warehouse/tablespace/external/hive/demo_pauldefusco.db/merchants_skewed]","IsNotNull(merchant_id)","merchant_id:bigint,risk_level:string","isnotnull(merchant_id#2218L)","",false
1,23,117,"Parquet",0,0,0,0,"InMemoryFileIndex(1 paths)[s3a://goes-se-sandbox/data/warehouse/tablespace/external/hive/demo_pauldefusco.db/trs_v26]","IsNotNull(transaction_id), LessThan(transaction_id,12500000000), IsNotNull(customer_id), IsNotNull(account_id)","transaction_id:bigint,customer_id:bigint,account_id:bigint,merchant_id:bigint,branch_id:bigint,transaction_date:date","isnotnull(transaction_id#2650L), (transaction_id#2650L < 12500000000), isnotnull(customer_id#2651L), isnotnull(account_id#2652L)","",false
1,23,281,"Parquet",0,0,0,0,"InMemoryFileIndex(1 paths)[s3a://goes-se-sandbox/data/warehouse/tablespace/external/hive/demo_pauldefusco.db/trs_v26]","IsNotNull(transaction_id), LessThan(transaction_id,12500000000), IsNotNull(customer_id), IsNotNull(merchant_id), IsNotNull(merchant_category)","transaction_id:bigint,customer_id:bigint,account_id:bigint,merchant_id:bigint,branch_id:bigint,transaction_date:date,merchant_category:string","isnotnull(transaction_id#2922L), (transaction_id#2922L < 12500000000), isnotnull(customer_id#2923L), isnotnull(merchant_id#2925L), isnotnull(merchant_category#2929)","",false
1,23,408,"Parquet",0,0,0,0,"InMemoryFileIndex(1 paths)[s3a://goes-se-sandbox/data/warehouse/tablespace/external/hive/demo_pauldefusco.db/trs_v26]","IsNotNull(transaction_id), LessThan(transaction_id,12500000000), IsNotNull(merchant_category)","transaction_id:bigint,customer_id:bigint,account_id:bigint,merchant_id:bigint,branch_id:bigint,transaction_date:date,merchant_category:string","isnotnull(transaction_id#3970L), (transaction_id#3970L < 12500000000), isnotnull(merchant_category#3977)","",false
1,23,331,"Parquet",0,0,0,0,"InMemoryFileIndex(1 paths)[s3a://goes-se-sandbox/data/warehouse/tablespace/external/hive/demo_pauldefusco.db/trs_v26]","IsNotNull(transaction_id), LessThan(transaction_id,12500000000), IsNotNull(merchant_id), IsNotNull(merchant_category)","transaction_id:bigint,customer_id:bigint,account_id:bigint,merchant_id:bigint,branch_id:bigint,transaction_date:date,merchant_category:string,transaction_amount:double,fraud_flag:int","isnotnull(transaction_id#2500L), (transaction_id#2500L < 12500000000), isnotnull(merchant_id#2503L), isnotnull(merchant_category#2507)","",false
1,23,503,"Parquet",0,0,0,0,"InMemoryFileIndex(1 paths)[s3a://goes-se-sandbox/data/warehouse/tablespace/external/hive/demo_pauldefusco.db/trs_v26]","IsNotNull(transaction_id), IsNotNull(fraud_flag), LessThan(transaction_id,12500000000), EqualTo(fraud_flag,1), IsNotNull(merchant_category)","transaction_id:bigint,customer_id:bigint,account_id:bigint,merchant_id:bigint,branch_id:bigint,transaction_date:date,merchant_category:string,transaction_amount:double,fraud_flag:int","isnotnull(transaction_id#3775L), isnotnull(fraud_flag#3787), (transaction_id#3775L < 12500000000), (fraud_flag#3787 = 1), isnotnull(merchant_category#3782)","",false
1,23,50,"Parquet",0,0,0,0,"InMemoryFileIndex(1 paths)[s3a://goes-se-sandbox/data/warehouse/tablespace/external/hive/demo_pauldefusco.db/trs_v26]","IsNotNull(transaction_id), LessThan(transaction_id,12500000000)","transaction_id:bigint,customer_id:bigint,account_id:bigint,merchant_id:bigint,branch_id:bigint,transaction_date:date,merchant_category:string,transaction_amount:double,payment_channel:string,payment_type:string,device_type:string,fraud_flag:int","isnotnull(transaction_id#0L), (transaction_id#0L < 12500000000)","",false
1,23,182,"Parquet",0,0,0,0,"InMemoryFileIndex(1 paths)[s3a://goes-se-sandbox/data/warehouse/tablespace/external/hive/demo_pauldefusco.db/trs_v26]","IsNotNull(transaction_id), LessThan(transaction_id,12500000000), IsNotNull(customer_id)","transaction_id:bigint,customer_id:bigint,account_id:bigint,merchant_id:bigint,branch_id:bigint,transaction_date:date,transaction_amount:double,fraud_flag:int","isnotnull(transaction_id#2183L), (transaction_id#2183L < 12500000000), isnotnull(customer_id#2184L)","",false
1,23,237,"Parquet",0,0,0,0,"InMemoryFileIndex(1 paths)[s3a://goes-se-sandbox/data/warehouse/tablespace/external/hive/demo_pauldefusco.db/trs_v26]","IsNotNull(transaction_id), LessThan(transaction_id,12500000000), IsNotNull(account_id)","transaction_id:bigint,customer_id:bigint,account_id:bigint,merchant_id:bigint,branch_id:bigint,transaction_date:date,transaction_amount:double,fraud_flag:int","isnotnull(transaction_id#2307L), (transaction_id#2307L < 12500000000), isnotnull(account_id#2309L)","",false
1,23,461,"Parquet",0,0,0,0,"InMemoryFileIndex(1 paths)[s3a://goes-se-sandbox/data/warehouse/tablespace/external/hive/demo_pauldefusco.db/trs_v26]","IsNotNull(transaction_id), LessThan(transaction_id,12500000000)","transaction_id:bigint,customer_id:bigint,account_id:bigint,merchant_id:bigint,branch_id:bigint,transaction_date:date,transaction_amount:double,fraud_flag:int","isnotnull(transaction_id#3642L), (transaction_id#3642L < 12500000000)","",false
1,23,368,"Parquet",0,0,0,0,"InMemoryFileIndex(1 paths)[s3a://goes-se-sandbox/data/warehouse/tablespace/external/hive/demo_pauldefusco.db/trs_v26]","IsNotNull(transaction_id), LessThan(transaction_id,12500000000), IsNotNull(payment_channel), IsNotNull(payment_type), IsNotNull(device_type)","transaction_id:bigint,customer_id:bigint,account_id:bigint,merchant_id:bigint,branch_id:bigint,transaction_date:date,transaction_amount:double,payment_channel:string,payment_type:string,device_type:string,fraud_flag:int","isnotnull(transaction_id#3237L), (transaction_id#3237L < 12500000000), isnotnull(payment_channel#3246), isnotnull(payment_type#3247), isnotnull(device_type#3248)","",false
1,24,294,"Parquet",0,0,0,0,"InMemoryFileIndex(1 paths)[s3a://goes-se-sandbox/data/warehouse/tablespace/external/hive/demo_pauldefusco.db/accounts_skewed]","IsNotNull(account_id)","account_id:bigint","isnotnull(account_id#2948L)","",false
1,24,133,"Parquet",0,0,0,0,"InMemoryFileIndex(1 paths)[s3a://goes-se-sandbox/data/warehouse/tablespace/external/hive/demo_pauldefusco.db/accounts_skewed]","IsNotNull(account_id), IsNotNull(account_type)","account_id:bigint,account_type:string,account_status:string","isnotnull(account_id#2676L), isnotnull(account_type#2677)","",false
1,24,64,"Parquet",0,0,0,0,"InMemoryFileIndex(1 paths)[s3a://goes-se-sandbox/data/warehouse/tablespace/external/hive/demo_pauldefusco.db/accounts_skewed]","IsNotNull(account_id)","account_id:bigint,account_type:string,account_status:string,current_balance:double,credit_limit:double,interest_rate:double","isnotnull(account_id#52L)","",false
1,24,250,"Parquet",0,0,0,0,"InMemoryFileIndex(1 paths)[s3a://goes-se-sandbox/data/warehouse/tablespace/external/hive/demo_pauldefusco.db/accounts_skewed]","IsNotNull(account_id), IsNotNull(account_type), IsNotNull(account_status)","account_id:bigint,account_type:string,account_status:string,current_balance:double,credit_limit:double,interest_rate:double","isnotnull(account_id#2333L), isnotnull(account_type#2334), isnotnull(account_status#2336)","",false
1,24,198,"Parquet",0,0,0,0,"InMemoryFileIndex(1 paths)[s3a://goes-se-sandbox/data/warehouse/tablespace/external/hive/demo_pauldefusco.db/accounts_skewed]","IsNotNull(account_id)","account_id:bigint,current_balance:double,interest_rate:double","isnotnull(account_id#2209L)","",false
1,24,143,"Parquet",0,0,0,0,"InMemoryFileIndex(1 paths)[s3a://goes-se-sandbox/data/warehouse/tablespace/external/hive/demo_pauldefusco.db/branches_skewed]","IsNotNull(branch_id)","branch_id:bigint","isnotnull(branch_id#2695L)","",false
1,24,74,"Parquet",0,0,0,0,"InMemoryFileIndex(1 paths)[s3a://goes-se-sandbox/data/warehouse/tablespace/external/hive/demo_pauldefusco.db/branches_skewed]","IsNotNull(branch_id)","branch_id:bigint,region:string,branch_type:string","isnotnull(branch_id#91L)","",false
1,24,430,"Parquet",0,0,0,0,"InMemoryFileIndex(1 paths)[s3a://goes-se-sandbox/data/warehouse/tablespace/external/hive/demo_pauldefusco.db/branches_skewed]","IsNotNull(branch_id), IsNotNull(region), IsNotNull(branch_type)","branch_id:bigint,region:string,branch_type:string","isnotnull(branch_id#4015L), isnotnull(region#4018), isnotnull(branch_type#4019)","",false
1,24,478,"Parquet",0,0,0,0,"InMemoryFileIndex(1 paths)[s3a://goes-se-sandbox/data/warehouse/tablespace/external/hive/demo_pauldefusco.db/branches_skewed]","IsNotNull(branch_id), IsNotNull(region), IsNotNull(branch_type)","branch_id:bigint,region:string,branch_type:string,assets_under_management:double,annual_operating_cost:double","isnotnull(branch_id#3687L), isnotnull(region#3690), isnotnull(branch_type#3691)","",false
1,24,148,"Parquet",0,0,0,0,"InMemoryFileIndex(1 paths)[s3a://goes-se-sandbox/data/warehouse/tablespace/external/hive/demo_pauldefusco.db/calendar]","IsNotNull(calendar_date), IsNotNull(year), IsNotNull(month)","calendar_date:date,year:int,month:int","isnotnull(calendar_date#2706), isnotnull(year#2708), isnotnull(month#2710)","",false
1,24,208,"Parquet",0,0,0,0,"InMemoryFileIndex(1 paths)[s3a://goes-se-sandbox/data/warehouse/tablespace/external/hive/demo_pauldefusco.db/calendar]","IsNotNull(calendar_date), IsNotNull(year), IsNotNull(month)","calendar_date:date,year:int,month:int,is_weekend:boolean","isnotnull(calendar_date#2239), isnotnull(year#2241), isnotnull(month#2243)","",false
1,24,304,"Parquet",0,0,0,0,"InMemoryFileIndex(1 paths)[s3a://goes-se-sandbox/data/warehouse/tablespace/external/hive/demo_pauldefusco.db/calendar]","IsNotNull(calendar_date), IsNotNull(year), IsNotNull(quarter)","calendar_date:date,year:int,quarter:int","isnotnull(calendar_date#2978), isnotnull(year#2980), isnotnull(quarter#2981)","",false
1,24,343,"Parquet",0,0,0,0,"InMemoryFileIndex(1 paths)[s3a://goes-se-sandbox/data/warehouse/tablespace/external/hive/demo_pauldefusco.db/calendar]","IsNotNull(calendar_date), IsNotNull(year), IsNotNull(quarter)","calendar_date:date,year:int,quarter:int,is_weekend:boolean","isnotnull(calendar_date#2556), isnotnull(year#2558), isnotnull(quarter#2559)","",false
1,24,79,"Parquet",0,0,0,0,"InMemoryFileIndex(1 paths)[s3a://goes-se-sandbox/data/warehouse/tablespace/external/hive/demo_pauldefusco.db/calendar]","IsNotNull(calendar_date)","calendar_date:date,year:int,quarter:int,month:int,is_weekend:boolean","isnotnull(calendar_date#113)","",false
1,24,286,"Parquet",0,0,0,0,"InMemoryFileIndex(1 paths)[s3a://goes-se-sandbox/data/warehouse/tablespace/external/hive/demo_pauldefusco.db/customers_skewed]","IsNotNull(customer_id)","customer_id:bigint","isnotnull(customer_id#2937L)","",false
1,24,242,"Parquet",0,0,0,0,"InMemoryFileIndex(1 paths)[s3a://goes-se-sandbox/data/warehouse/tablespace/external/hive/demo_pauldefusco.db/customers_skewed]","IsNotNull(customer_id)","customer_id:bigint,credit_score:int","isnotnull(customer_id#2322L)","",false
1,24,470,"Parquet",0,0,0,0,"InMemoryFileIndex(1 paths)[s3a://goes-se-sandbox/data/warehouse/tablespace/external/hive/demo_pauldefusco.db/customers_skewed]","IsNotNull(customer_id), IsNotNull(customer_segment), IsNotNull(income_band)","customer_id:bigint,credit_score:int,income_band:string,customer_segment:string","isnotnull(customer_id#3657L), isnotnull(customer_segment#3664), isnotnull(income_band#3662)","",false
1,24,190,"Parquet",0,0,0,0,"InMemoryFileIndex(1 paths)[s3a://goes-se-sandbox/data/warehouse/tablespace/external/hive/demo_pauldefusco.db/customers_skewed]","IsNotNull(customer_id), IsNotNull(customer_segment), IsNotNull(income_band), IsNotNull(risk_rating)","customer_id:bigint,credit_score:int,income_band:string,customer_segment:string,risk_rating:string","isnotnull(customer_id#2198L), isnotnull(customer_segment#2205), isnotnull(income_band#2203), isnotnull(risk_rating#2207)","",false
1,24,57,"Parquet",0,0,0,0,"InMemoryFileIndex(1 paths)[s3a://goes-se-sandbox/data/warehouse/tablespace/external/hive/demo_pauldefusco.db/customers_skewed]","IsNotNull(customer_id)","customer_id:bigint,credit_score:int,income_band:string,estimated_income:double,customer_segment:string,risk_rating:string","isnotnull(customer_id#31L)","",false
1,24,417,"Parquet",0,0,0,0,"InMemoryFileIndex(1 paths)[s3a://goes-se-sandbox/data/warehouse/tablespace/external/hive/demo_pauldefusco.db/customers_skewed]","IsNotNull(customer_id), IsNotNull(customer_segment), IsNotNull(income_band)","customer_id:bigint,income_band:string,customer_segment:string","isnotnull(customer_id#3985L), isnotnull(customer_segment#3992), isnotnull(income_band#3990)","",false
1,24,125,"Parquet",0,0,0,0,"InMemoryFileIndex(1 paths)[s3a://goes-se-sandbox/data/warehouse/tablespace/external/hive/demo_pauldefusco.db/customers_skewed]","IsNotNull(customer_id), IsNotNull(customer_segment), IsNotNull(income_band), IsNotNull(risk_rating)","customer_id:bigint,income_band:string,customer_segment:string,risk_rating:string","isnotnull(customer_id#2665L), isnotnull(customer_segment#2672), isnotnull(income_band#2670), isnotnull(risk_rating#2674)","",false
1,24,138,"Parquet",0,0,0,0,"InMemoryFileIndex(1 paths)[s3a://goes-se-sandbox/data/warehouse/tablespace/external/hive/demo_pauldefusco.db/merchants_skewed]","IsNotNull(merchant_id)","merchant_id:bigint","isnotnull(merchant_id#2685L)","",false
1,24,425,"Parquet",0,0,0,0,"InMemoryFileIndex(1 paths)[s3a://goes-se-sandbox/data/warehouse/tablespace/external/hive/demo_pauldefusco.db/merchants_skewed]","IsNotNull(merchant_id), IsNotNull(region)","merchant_id:bigint,region:string","isnotnull(merchant_id#4005L), isnotnull(region#4007)","",false
1,24,512,"Parquet",0,0,0,0,"InMemoryFileIndex(1 paths)[s3a://goes-se-sandbox/data/warehouse/tablespace/external/hive/demo_pauldefusco.db/merchants_skewed]","IsNotNull(merchant_id), IsNotNull(region)","merchant_id:bigint,region:string,risk_level:string","isnotnull(merchant_id#3810L), isnotnull(region#3812)","",false
1,24,338,"Parquet",0,0,0,0,"InMemoryFileIndex(1 paths)[s3a://goes-se-sandbox/data/warehouse/tablespace/external/hive/demo_pauldefusco.db/merchants_skewed]","IsNotNull(merchant_id), IsNotNull(region), IsNotNull(risk_level), IsNotNull(merchant_size)","merchant_id:bigint,region:string,risk_level:string,annual_revenue:double,merchant_size:string","isnotnull(merchant_id#2535L), isnotnull(region#2537), isnotnull(risk_level#2540), isnotnull(merchant_size#2542)","",false
1,24,69,"Parquet",0,0,0,0,"InMemoryFileIndex(1 paths)[s3a://goes-se-sandbox/data/warehouse/tablespace/external/hive/demo_pauldefusco.db/merchants_skewed]","IsNotNull(merchant_id)","merchant_id:bigint,region:string,risk_level:string,merchant_size:string","isnotnull(merchant_id#71L)","",false
1,24,299,"Parquet",0,0,0,0,"InMemoryFileIndex(1 paths)[s3a://goes-se-sandbox/data/warehouse/tablespace/external/hive/demo_pauldefusco.db/merchants_skewed]","IsNotNull(merchant_id), IsNotNull(region)","merchant_id:bigint,region:string,risk_level:string,merchant_size:string","isnotnull(merchant_id#2957L), isnotnull(region#2959)","",false
1,24,203,"Parquet",0,0,0,0,"InMemoryFileIndex(1 paths)[s3a://goes-se-sandbox/data/warehouse/tablespace/external/hive/demo_pauldefusco.db/merchants_skewed]","IsNotNull(merchant_id)","merchant_id:bigint,risk_level:string","isnotnull(merchant_id#2218L)","",false
1,24,117,"Parquet",0,0,0,0,"InMemoryFileIndex(1 paths)[s3a://goes-se-sandbox/data/warehouse/tablespace/external/hive/demo_pauldefusco.db/trs_v26]","IsNotNull(transaction_id), LessThan(transaction_id,12500000000), IsNotNull(customer_id), IsNotNull(account_id)","transaction_id:bigint,customer_id:bigint,account_id:bigint,merchant_id:bigint,branch_id:bigint,transaction_date:date","isnotnull(transaction_id#2650L), (transaction_id#2650L < 12500000000), isnotnull(customer_id#2651L), isnotnull(account_id#2652L)","",false
1,24,281,"Parquet",0,0,0,0,"InMemoryFileIndex(1 paths)[s3a://goes-se-sandbox/data/warehouse/tablespace/external/hive/demo_pauldefusco.db/trs_v26]","IsNotNull(transaction_id), LessThan(transaction_id,12500000000), IsNotNull(customer_id), IsNotNull(merchant_id), IsNotNull(merchant_category)","transaction_id:bigint,customer_id:bigint,account_id:bigint,merchant_id:bigint,branch_id:bigint,transaction_date:date,merchant_category:string","isnotnull(transaction_id#2922L), (transaction_id#2922L < 12500000000), isnotnull(customer_id#2923L), isnotnull(merchant_id#2925L), isnotnull(merchant_category#2929)","",false
1,24,409,"Parquet",0,0,0,0,"InMemoryFileIndex(1 paths)[s3a://goes-se-sandbox/data/warehouse/tablespace/external/hive/demo_pauldefusco.db/trs_v26]","IsNotNull(transaction_id), LessThan(transaction_id,12500000000), IsNotNull(merchant_category)","transaction_id:bigint,customer_id:bigint,account_id:bigint,merchant_id:bigint,branch_id:bigint,transaction_date:date,merchant_category:string","isnotnull(transaction_id#3970L), (transaction_id#3970L < 12500000000), isnotnull(merchant_category#3977)","",false
1,24,331,"Parquet",0,0,0,0,"InMemoryFileIndex(1 paths)[s3a://goes-se-sandbox/data/warehouse/tablespace/external/hive/demo_pauldefusco.db/trs_v26]","IsNotNull(transaction_id), LessThan(transaction_id,12500000000), IsNotNull(merchant_id), IsNotNull(merchant_category)","transaction_id:bigint,customer_id:bigint,account_id:bigint,merchant_id:bigint,branch_id:bigint,transaction_date:date,merchant_category:string,transaction_amount:double,fraud_flag:int","isnotnull(transaction_id#2500L), (transaction_id#2500L < 12500000000), isnotnull(merchant_id#2503L), isnotnull(merchant_category#2507)","",false
1,24,504,"Parquet",0,0,0,0,"InMemoryFileIndex(1 paths)[s3a://goes-se-sandbox/data/warehouse/tablespace/external/hive/demo_pauldefusco.db/trs_v26]","IsNotNull(transaction_id), IsNotNull(fraud_flag), LessThan(transaction_id,12500000000), EqualTo(fraud_flag,1), IsNotNull(merchant_category)","transaction_id:bigint,customer_id:bigint,account_id:bigint,merchant_id:bigint,branch_id:bigint,transaction_date:date,merchant_category:string,transaction_amount:double,fraud_flag:int","isnotnull(transaction_id#3775L), isnotnull(fraud_flag#3787), (transaction_id#3775L < 12500000000), (fraud_flag#3787 = 1), isnotnull(merchant_category#3782)","",false
1,24,50,"Parquet",0,0,0,0,"InMemoryFileIndex(1 paths)[s3a://goes-se-sandbox/data/warehouse/tablespace/external/hive/demo_pauldefusco.db/trs_v26]","IsNotNull(transaction_id), LessThan(transaction_id,12500000000)","transaction_id:bigint,customer_id:bigint,account_id:bigint,merchant_id:bigint,branch_id:bigint,transaction_date:date,merchant_category:string,transaction_amount:double,payment_channel:string,payment_type:string,device_type:string,fraud_flag:int","isnotnull(transaction_id#0L), (transaction_id#0L < 12500000000)","",false
1,24,182,"Parquet",0,0,0,0,"InMemoryFileIndex(1 paths)[s3a://goes-se-sandbox/data/warehouse/tablespace/external/hive/demo_pauldefusco.db/trs_v26]","IsNotNull(transaction_id), LessThan(transaction_id,12500000000), IsNotNull(customer_id)","transaction_id:bigint,customer_id:bigint,account_id:bigint,merchant_id:bigint,branch_id:bigint,transaction_date:date,transaction_amount:double,fraud_flag:int","isnotnull(transaction_id#2183L), (transaction_id#2183L < 12500000000), isnotnull(customer_id#2184L)","",false
1,24,237,"Parquet",0,0,0,0,"InMemoryFileIndex(1 paths)[s3a://goes-se-sandbox/data/warehouse/tablespace/external/hive/demo_pauldefusco.db/trs_v26]","IsNotNull(transaction_id), LessThan(transaction_id,12500000000), IsNotNull(account_id)","transaction_id:bigint,customer_id:bigint,account_id:bigint,merchant_id:bigint,branch_id:bigint,transaction_date:date,transaction_amount:double,fraud_flag:int","isnotnull(transaction_id#2307L), (transaction_id#2307L < 12500000000), isnotnull(account_id#2309L)","",false
1,24,462,"Parquet",0,0,0,0,"InMemoryFileIndex(1 paths)[s3a://goes-se-sandbox/data/warehouse/tablespace/external/hive/demo_pauldefusco.db/trs_v26]","IsNotNull(transaction_id), LessThan(transaction_id,12500000000)","transaction_id:bigint,customer_id:bigint,account_id:bigint,merchant_id:bigint,branch_id:bigint,transaction_date:date,transaction_amount:double,fraud_flag:int","isnotnull(transaction_id#3642L), (transaction_id#3642L < 12500000000)","",false
1,24,368,"Parquet",0,0,0,0,"InMemoryFileIndex(1 paths)[s3a://goes-se-sandbox/data/warehouse/tablespace/external/hive/demo_pauldefusco.db/trs_v26]","IsNotNull(transaction_id), LessThan(transaction_id,12500000000), IsNotNull(payment_channel), IsNotNull(payment_type), IsNotNull(device_type)","transaction_id:bigint,customer_id:bigint,account_id:bigint,merchant_id:bigint,branch_id:bigint,transaction_date:date,transaction_amount:double,payment_channel:string,payment_type:string,device_type:string,fraud_flag:int","isnotnull(transaction_id#3237L), (transaction_id#3237L < 12500000000), isnotnull(payment_channel#3246), isnotnull(payment_type#3247), isnotnull(device_type#3248)","",false
1,25,294,"Parquet",0,0,0,0,"InMemoryFileIndex(1 paths)[s3a://goes-se-sandbox/data/warehouse/tablespace/external/hive/demo_pauldefusco.db/accounts_skewed]","IsNotNull(account_id)","account_id:bigint","isnotnull(account_id#2948L)","",false
1,25,133,"Parquet",0,0,0,0,"InMemoryFileIndex(1 paths)[s3a://goes-se-sandbox/data/warehouse/tablespace/external/hive/demo_pauldefusco.db/accounts_skewed]","IsNotNull(account_id), IsNotNull(account_type)","account_id:bigint,account_type:string,account_status:string","isnotnull(account_id#2676L), isnotnull(account_type#2677)","",false
1,25,64,"Parquet",0,0,0,0,"InMemoryFileIndex(1 paths)[s3a://goes-se-sandbox/data/warehouse/tablespace/external/hive/demo_pauldefusco.db/accounts_skewed]","IsNotNull(account_id)","account_id:bigint,account_type:string,account_status:string,current_balance:double,credit_limit:double,interest_rate:double","isnotnull(account_id#52L)","",false
1,25,250,"Parquet",0,0,0,0,"InMemoryFileIndex(1 paths)[s3a://goes-se-sandbox/data/warehouse/tablespace/external/hive/demo_pauldefusco.db/accounts_skewed]","IsNotNull(account_id), IsNotNull(account_type), IsNotNull(account_status)","account_id:bigint,account_type:string,account_status:string,current_balance:double,credit_limit:double,interest_rate:double","isnotnull(account_id#2333L), isnotnull(account_type#2334), isnotnull(account_status#2336)","",false
1,25,198,"Parquet",0,0,0,0,"InMemoryFileIndex(1 paths)[s3a://goes-se-sandbox/data/warehouse/tablespace/external/hive/demo_pauldefusco.db/accounts_skewed]","IsNotNull(account_id)","account_id:bigint,current_balance:double,interest_rate:double","isnotnull(account_id#2209L)","",false
1,25,143,"Parquet",0,0,0,0,"InMemoryFileIndex(1 paths)[s3a://goes-se-sandbox/data/warehouse/tablespace/external/hive/demo_pauldefusco.db/branches_skewed]","IsNotNull(branch_id)","branch_id:bigint","isnotnull(branch_id#2695L)","",false
1,25,74,"Parquet",0,0,0,0,"InMemoryFileIndex(1 paths)[s3a://goes-se-sandbox/data/warehouse/tablespace/external/hive/demo_pauldefusco.db/branches_skewed]","IsNotNull(branch_id)","branch_id:bigint,region:string,branch_type:string","isnotnull(branch_id#91L)","",false
1,25,430,"Parquet",0,0,0,0,"InMemoryFileIndex(1 paths)[s3a://goes-se-sandbox/data/warehouse/tablespace/external/hive/demo_pauldefusco.db/branches_skewed]","IsNotNull(branch_id), IsNotNull(region), IsNotNull(branch_type)","branch_id:bigint,region:string,branch_type:string","isnotnull(branch_id#4015L), isnotnull(region#4018), isnotnull(branch_type#4019)","",false
1,25,479,"Parquet",0,0,0,0,"InMemoryFileIndex(1 paths)[s3a://goes-se-sandbox/data/warehouse/tablespace/external/hive/demo_pauldefusco.db/branches_skewed]","IsNotNull(branch_id), IsNotNull(region), IsNotNull(branch_type)","branch_id:bigint,region:string,branch_type:string,assets_under_management:double,annual_operating_cost:double","isnotnull(branch_id#3687L), isnotnull(region#3690), isnotnull(branch_type#3691)","",false
1,25,148,"Parquet",0,0,0,0,"InMemoryFileIndex(1 paths)[s3a://goes-se-sandbox/data/warehouse/tablespace/external/hive/demo_pauldefusco.db/calendar]","IsNotNull(calendar_date), IsNotNull(year), IsNotNull(month)","calendar_date:date,year:int,month:int","isnotnull(calendar_date#2706), isnotnull(year#2708), isnotnull(month#2710)","",false
1,25,208,"Parquet",0,0,0,0,"InMemoryFileIndex(1 paths)[s3a://goes-se-sandbox/data/warehouse/tablespace/external/hive/demo_pauldefusco.db/calendar]","IsNotNull(calendar_date), IsNotNull(year), IsNotNull(month)","calendar_date:date,year:int,month:int,is_weekend:boolean","isnotnull(calendar_date#2239), isnotnull(year#2241), isnotnull(month#2243)","",false
1,25,304,"Parquet",0,0,0,0,"InMemoryFileIndex(1 paths)[s3a://goes-se-sandbox/data/warehouse/tablespace/external/hive/demo_pauldefusco.db/calendar]","IsNotNull(calendar_date), IsNotNull(year), IsNotNull(quarter)","calendar_date:date,year:int,quarter:int","isnotnull(calendar_date#2978), isnotnull(year#2980), isnotnull(quarter#2981)","",false
1,25,343,"Parquet",0,0,0,0,"InMemoryFileIndex(1 paths)[s3a://goes-se-sandbox/data/warehouse/tablespace/external/hive/demo_pauldefusco.db/calendar]","IsNotNull(calendar_date), IsNotNull(year), IsNotNull(quarter)","calendar_date:date,year:int,quarter:int,is_weekend:boolean","isnotnull(calendar_date#2556), isnotnull(year#2558), isnotnull(quarter#2559)","",false
1,25,79,"Parquet",0,0,0,0,"InMemoryFileIndex(1 paths)[s3a://goes-se-sandbox/data/warehouse/tablespace/external/hive/demo_pauldefusco.db/calendar]","IsNotNull(calendar_date)","calendar_date:date,year:int,quarter:int,month:int,is_weekend:boolean","isnotnull(calendar_date#113)","",false
1,25,286,"Parquet",0,0,0,0,"InMemoryFileIndex(1 paths)[s3a://goes-se-sandbox/data/warehouse/tablespace/external/hive/demo_pauldefusco.db/customers_skewed]","IsNotNull(customer_id)","customer_id:bigint","isnotnull(customer_id#2937L)","",false
1,25,242,"Parquet",0,0,0,0,"InMemoryFileIndex(1 paths)[s3a://goes-se-sandbox/data/warehouse/tablespace/external/hive/demo_pauldefusco.db/customers_skewed]","IsNotNull(customer_id)","customer_id:bigint,credit_score:int","isnotnull(customer_id#2322L)","",false
1,25,471,"Parquet",0,0,0,0,"InMemoryFileIndex(1 paths)[s3a://goes-se-sandbox/data/warehouse/tablespace/external/hive/demo_pauldefusco.db/customers_skewed]","IsNotNull(customer_id), IsNotNull(customer_segment), IsNotNull(income_band)","customer_id:bigint,credit_score:int,income_band:string,customer_segment:string","isnotnull(customer_id#3657L), isnotnull(customer_segment#3664), isnotnull(income_band#3662)","",false
1,25,190,"Parquet",0,0,0,0,"InMemoryFileIndex(1 paths)[s3a://goes-se-sandbox/data/warehouse/tablespace/external/hive/demo_pauldefusco.db/customers_skewed]","IsNotNull(customer_id), IsNotNull(customer_segment), IsNotNull(income_band), IsNotNull(risk_rating)","customer_id:bigint,credit_score:int,income_band:string,customer_segment:string,risk_rating:string","isnotnull(customer_id#2198L), isnotnull(customer_segment#2205), isnotnull(income_band#2203), isnotnull(risk_rating#2207)","",false
1,25,57,"Parquet",0,0,0,0,"InMemoryFileIndex(1 paths)[s3a://goes-se-sandbox/data/warehouse/tablespace/external/hive/demo_pauldefusco.db/customers_skewed]","IsNotNull(customer_id)","customer_id:bigint,credit_score:int,income_band:string,estimated_income:double,customer_segment:string,risk_rating:string","isnotnull(customer_id#31L)","",false
1,25,417,"Parquet",0,0,0,0,"InMemoryFileIndex(1 paths)[s3a://goes-se-sandbox/data/warehouse/tablespace/external/hive/demo_pauldefusco.db/customers_skewed]","IsNotNull(customer_id), IsNotNull(customer_segment), IsNotNull(income_band)","customer_id:bigint,income_band:string,customer_segment:string","isnotnull(customer_id#3985L), isnotnull(customer_segment#3992), isnotnull(income_band#3990)","",false
1,25,125,"Parquet",0,0,0,0,"InMemoryFileIndex(1 paths)[s3a://goes-se-sandbox/data/warehouse/tablespace/external/hive/demo_pauldefusco.db/customers_skewed]","IsNotNull(customer_id), IsNotNull(customer_segment), IsNotNull(income_band), IsNotNull(risk_rating)","customer_id:bigint,income_band:string,customer_segment:string,risk_rating:string","isnotnull(customer_id#2665L), isnotnull(customer_segment#2672), isnotnull(income_band#2670), isnotnull(risk_rating#2674)","",false
1,25,138,"Parquet",0,0,0,0,"InMemoryFileIndex(1 paths)[s3a://goes-se-sandbox/data/warehouse/tablespace/external/hive/demo_pauldefusco.db/merchants_skewed]","IsNotNull(merchant_id)","merchant_id:bigint","isnotnull(merchant_id#2685L)","",false
1,25,425,"Parquet",0,0,0,0,"InMemoryFileIndex(1 paths)[s3a://goes-se-sandbox/data/warehouse/tablespace/external/hive/demo_pauldefusco.db/merchants_skewed]","IsNotNull(merchant_id), IsNotNull(region)","merchant_id:bigint,region:string","isnotnull(merchant_id#4005L), isnotnull(region#4007)","",false
1,25,513,"Parquet",0,0,0,0,"InMemoryFileIndex(1 paths)[s3a://goes-se-sandbox/data/warehouse/tablespace/external/hive/demo_pauldefusco.db/merchants_skewed]","IsNotNull(merchant_id), IsNotNull(region)","merchant_id:bigint,region:string,risk_level:string","isnotnull(merchant_id#3810L), isnotnull(region#3812)","",false
1,25,338,"Parquet",0,0,0,0,"InMemoryFileIndex(1 paths)[s3a://goes-se-sandbox/data/warehouse/tablespace/external/hive/demo_pauldefusco.db/merchants_skewed]","IsNotNull(merchant_id), IsNotNull(region), IsNotNull(risk_level), IsNotNull(merchant_size)","merchant_id:bigint,region:string,risk_level:string,annual_revenue:double,merchant_size:string","isnotnull(merchant_id#2535L), isnotnull(region#2537), isnotnull(risk_level#2540), isnotnull(merchant_size#2542)","",false
1,25,69,"Parquet",0,0,0,0,"InMemoryFileIndex(1 paths)[s3a://goes-se-sandbox/data/warehouse/tablespace/external/hive/demo_pauldefusco.db/merchants_skewed]","IsNotNull(merchant_id)","merchant_id:bigint,region:string,risk_level:string,merchant_size:string","isnotnull(merchant_id#71L)","",false
1,25,299,"Parquet",0,0,0,0,"InMemoryFileIndex(1 paths)[s3a://goes-se-sandbox/data/warehouse/tablespace/external/hive/demo_pauldefusco.db/merchants_skewed]","IsNotNull(merchant_id), IsNotNull(region)","merchant_id:bigint,region:string,risk_level:string,merchant_size:string","isnotnull(merchant_id#2957L), isnotnull(region#2959)","",false
1,25,203,"Parquet",0,0,0,0,"InMemoryFileIndex(1 paths)[s3a://goes-se-sandbox/data/warehouse/tablespace/external/hive/demo_pauldefusco.db/merchants_skewed]","IsNotNull(merchant_id)","merchant_id:bigint,risk_level:string","isnotnull(merchant_id#2218L)","",false
1,25,117,"Parquet",0,0,0,0,"InMemoryFileIndex(1 paths)[s3a://goes-se-sandbox/data/warehouse/tablespace/external/hive/demo_pauldefusco.db/trs_v26]","IsNotNull(transaction_id), LessThan(transaction_id,12500000000), IsNotNull(customer_id), IsNotNull(account_id)","transaction_id:bigint,customer_id:bigint,account_id:bigint,merchant_id:bigint,branch_id:bigint,transaction_date:date","isnotnull(transaction_id#2650L), (transaction_id#2650L < 12500000000), isnotnull(customer_id#2651L), isnotnull(account_id#2652L)","",false
1,25,281,"Parquet",0,0,0,0,"InMemoryFileIndex(1 paths)[s3a://goes-se-sandbox/data/warehouse/tablespace/external/hive/demo_pauldefusco.db/trs_v26]","IsNotNull(transaction_id), LessThan(transaction_id,12500000000), IsNotNull(customer_id), IsNotNull(merchant_id), IsNotNull(merchant_category)","transaction_id:bigint,customer_id:bigint,account_id:bigint,merchant_id:bigint,branch_id:bigint,transaction_date:date,merchant_category:string","isnotnull(transaction_id#2922L), (transaction_id#2922L < 12500000000), isnotnull(customer_id#2923L), isnotnull(merchant_id#2925L), isnotnull(merchant_category#2929)","",false
1,25,409,"Parquet",0,0,0,0,"InMemoryFileIndex(1 paths)[s3a://goes-se-sandbox/data/warehouse/tablespace/external/hive/demo_pauldefusco.db/trs_v26]","IsNotNull(transaction_id), LessThan(transaction_id,12500000000), IsNotNull(merchant_category)","transaction_id:bigint,customer_id:bigint,account_id:bigint,merchant_id:bigint,branch_id:bigint,transaction_date:date,merchant_category:string","isnotnull(transaction_id#3970L), (transaction_id#3970L < 12500000000), isnotnull(merchant_category#3977)","",false
1,25,331,"Parquet",0,0,0,0,"InMemoryFileIndex(1 paths)[s3a://goes-se-sandbox/data/warehouse/tablespace/external/hive/demo_pauldefusco.db/trs_v26]","IsNotNull(transaction_id), LessThan(transaction_id,12500000000), IsNotNull(merchant_id), IsNotNull(merchant_category)","transaction_id:bigint,customer_id:bigint,account_id:bigint,merchant_id:bigint,branch_id:bigint,transaction_date:date,merchant_category:string,transaction_amount:double,fraud_flag:int","isnotnull(transaction_id#2500L), (transaction_id#2500L < 12500000000), isnotnull(merchant_id#2503L), isnotnull(merchant_category#2507)","",false
1,25,505,"Parquet",0,0,0,0,"InMemoryFileIndex(1 paths)[s3a://goes-se-sandbox/data/warehouse/tablespace/external/hive/demo_pauldefusco.db/trs_v26]","IsNotNull(transaction_id), IsNotNull(fraud_flag), LessThan(transaction_id,12500000000), EqualTo(fraud_flag,1), IsNotNull(merchant_category)","transaction_id:bigint,customer_id:bigint,account_id:bigint,merchant_id:bigint,branch_id:bigint,transaction_date:date,merchant_category:string,transaction_amount:double,fraud_flag:int","isnotnull(transaction_id#3775L), isnotnull(fraud_flag#3787), (transaction_id#3775L < 12500000000), (fraud_flag#3787 = 1), isnotnull(merchant_category#3782)","",false
1,25,50,"Parquet",0,0,0,0,"InMemoryFileIndex(1 paths)[s3a://goes-se-sandbox/data/warehouse/tablespace/external/hive/demo_pauldefusco.db/trs_v26]","IsNotNull(transaction_id), LessThan(transaction_id,12500000000)","transaction_id:bigint,customer_id:bigint,account_id:bigint,merchant_id:bigint,branch_id:bigint,transaction_date:date,merchant_category:string,transaction_amount:double,payment_channel:string,payment_type:string,device_type:string,fraud_flag:int","isnotnull(transaction_id#0L), (transaction_id#0L < 12500000000)","",false
1,25,182,"Parquet",0,0,0,0,"InMemoryFileIndex(1 paths)[s3a://goes-se-sandbox/data/warehouse/tablespace/external/hive/demo_pauldefusco.db/trs_v26]","IsNotNull(transaction_id), LessThan(transaction_id,12500000000), IsNotNull(customer_id)","transaction_id:bigint,customer_id:bigint,account_id:bigint,merchant_id:bigint,branch_id:bigint,transaction_date:date,transaction_amount:double,fraud_flag:int","isnotnull(transaction_id#2183L), (transaction_id#2183L < 12500000000), isnotnull(customer_id#2184L)","",false
1,25,237,"Parquet",0,0,0,0,"InMemoryFileIndex(1 paths)[s3a://goes-se-sandbox/data/warehouse/tablespace/external/hive/demo_pauldefusco.db/trs_v26]","IsNotNull(transaction_id), LessThan(transaction_id,12500000000), IsNotNull(account_id)","transaction_id:bigint,customer_id:bigint,account_id:bigint,merchant_id:bigint,branch_id:bigint,transaction_date:date,transaction_amount:double,fraud_flag:int","isnotnull(transaction_id#2307L), (transaction_id#2307L < 12500000000), isnotnull(account_id#2309L)","",false
1,25,463,"Parquet",0,0,0,0,"InMemoryFileIndex(1 paths)[s3a://goes-se-sandbox/data/warehouse/tablespace/external/hive/demo_pauldefusco.db/trs_v26]","IsNotNull(transaction_id), LessThan(transaction_id,12500000000)","transaction_id:bigint,customer_id:bigint,account_id:bigint,merchant_id:bigint,branch_id:bigint,transaction_date:date,transaction_amount:double,fraud_flag:int","isnotnull(transaction_id#3642L), (transaction_id#3642L < 12500000000)","",false
1,25,368,"Parquet",0,0,0,0,"InMemoryFileIndex(1 paths)[s3a://goes-se-sandbox/data/warehouse/tablespace/external/hive/demo_pauldefusco.db/trs_v26]","IsNotNull(transaction_id), LessThan(transaction_id,12500000000), IsNotNull(payment_channel), IsNotNull(payment_type), IsNotNull(device_type)","transaction_id:bigint,customer_id:bigint,account_id:bigint,merchant_id:bigint,branch_id:bigint,transaction_date:date,transaction_amount:double,payment_channel:string,payment_type:string,device_type:string,fraud_flag:int","isnotnull(transaction_id#3237L), (transaction_id#3237L < 12500000000), isnotnull(payment_channel#3246), isnotnull(payment_type#3247), isnotnull(device_type#3248)","",false
1,26,294,"Parquet",0,0,0,0,"InMemoryFileIndex(1 paths)[s3a://goes-se-sandbox/data/warehouse/tablespace/external/hive/demo_pauldefusco.db/accounts_skewed]","IsNotNull(account_id)","account_id:bigint","isnotnull(account_id#2948L)","",false
1,26,133,"Parquet",0,0,0,0,"InMemoryFileIndex(1 paths)[s3a://goes-se-sandbox/data/warehouse/tablespace/external/hive/demo_pauldefusco.db/accounts_skewed]","IsNotNull(account_id), IsNotNull(account_type)","account_id:bigint,account_type:string,account_status:string","isnotnull(account_id#2676L), isnotnull(account_type#2677)","",false
1,26,64,"Parquet",0,0,0,0,"InMemoryFileIndex(1 paths)[s3a://goes-se-sandbox/data/warehouse/tablespace/external/hive/demo_pauldefusco.db/accounts_skewed]","IsNotNull(account_id)","account_id:bigint,account_type:string,account_status:string,current_balance:double,credit_limit:double,interest_rate:double","isnotnull(account_id#52L)","",false
1,26,250,"Parquet",0,0,0,0,"InMemoryFileIndex(1 paths)[s3a://goes-se-sandbox/data/warehouse/tablespace/external/hive/demo_pauldefusco.db/accounts_skewed]","IsNotNull(account_id), IsNotNull(account_type), IsNotNull(account_status)","account_id:bigint,account_type:string,account_status:string,current_balance:double,credit_limit:double,interest_rate:double","isnotnull(account_id#2333L), isnotnull(account_type#2334), isnotnull(account_status#2336)","",false
1,26,198,"Parquet",0,0,0,0,"InMemoryFileIndex(1 paths)[s3a://goes-se-sandbox/data/warehouse/tablespace/external/hive/demo_pauldefusco.db/accounts_skewed]","IsNotNull(account_id)","account_id:bigint,current_balance:double,interest_rate:double","isnotnull(account_id#2209L)","",false
1,26,143,"Parquet",0,0,0,0,"InMemoryFileIndex(1 paths)[s3a://goes-se-sandbox/data/warehouse/tablespace/external/hive/demo_pauldefusco.db/branches_skewed]","IsNotNull(branch_id)","branch_id:bigint","isnotnull(branch_id#2695L)","",false
1,26,74,"Parquet",0,0,0,0,"InMemoryFileIndex(1 paths)[s3a://goes-se-sandbox/data/warehouse/tablespace/external/hive/demo_pauldefusco.db/branches_skewed]","IsNotNull(branch_id)","branch_id:bigint,region:string,branch_type:string","isnotnull(branch_id#91L)","",false
1,26,430,"Parquet",0,0,0,0,"InMemoryFileIndex(1 paths)[s3a://goes-se-sandbox/data/warehouse/tablespace/external/hive/demo_pauldefusco.db/branches_skewed]","IsNotNull(branch_id), IsNotNull(region), IsNotNull(branch_type)","branch_id:bigint,region:string,branch_type:string","isnotnull(branch_id#4015L), isnotnull(region#4018), isnotnull(branch_type#4019)","",false
1,26,479,"Parquet",0,0,0,0,"InMemoryFileIndex(1 paths)[s3a://goes-se-sandbox/data/warehouse/tablespace/external/hive/demo_pauldefusco.db/branches_skewed]","IsNotNull(branch_id), IsNotNull(region), IsNotNull(branch_type)","branch_id:bigint,region:string,branch_type:string,assets_under_management:double,annual_operating_cost:double","isnotnull(branch_id#3687L), isnotnull(region#3690), isnotnull(branch_type#3691)","",false
1,26,148,"Parquet",0,0,0,0,"InMemoryFileIndex(1 paths)[s3a://goes-se-sandbox/data/warehouse/tablespace/external/hive/demo_pauldefusco.db/calendar]","IsNotNull(calendar_date), IsNotNull(year), IsNotNull(month)","calendar_date:date,year:int,month:int","isnotnull(calendar_date#2706), isnotnull(year#2708), isnotnull(month#2710)","",false
1,26,208,"Parquet",0,0,0,0,"InMemoryFileIndex(1 paths)[s3a://goes-se-sandbox/data/warehouse/tablespace/external/hive/demo_pauldefusco.db/calendar]","IsNotNull(calendar_date), IsNotNull(year), IsNotNull(month)","calendar_date:date,year:int,month:int,is_weekend:boolean","isnotnull(calendar_date#2239), isnotnull(year#2241), isnotnull(month#2243)","",false
1,26,304,"Parquet",0,0,0,0,"InMemoryFileIndex(1 paths)[s3a://goes-se-sandbox/data/warehouse/tablespace/external/hive/demo_pauldefusco.db/calendar]","IsNotNull(calendar_date), IsNotNull(year), IsNotNull(quarter)","calendar_date:date,year:int,quarter:int","isnotnull(calendar_date#2978), isnotnull(year#2980), isnotnull(quarter#2981)","",false
1,26,343,"Parquet",0,0,0,0,"InMemoryFileIndex(1 paths)[s3a://goes-se-sandbox/data/warehouse/tablespace/external/hive/demo_pauldefusco.db/calendar]","IsNotNull(calendar_date), IsNotNull(year), IsNotNull(quarter)","calendar_date:date,year:int,quarter:int,is_weekend:boolean","isnotnull(calendar_date#2556), isnotnull(year#2558), isnotnull(quarter#2559)","",false
1,26,79,"Parquet",0,0,0,0,"InMemoryFileIndex(1 paths)[s3a://goes-se-sandbox/data/warehouse/tablespace/external/hive/demo_pauldefusco.db/calendar]","IsNotNull(calendar_date)","calendar_date:date,year:int,quarter:int,month:int,is_weekend:boolean","isnotnull(calendar_date#113)","",false
1,26,286,"Parquet",0,0,0,0,"InMemoryFileIndex(1 paths)[s3a://goes-se-sandbox/data/warehouse/tablespace/external/hive/demo_pauldefusco.db/customers_skewed]","IsNotNull(customer_id)","customer_id:bigint","isnotnull(customer_id#2937L)","",false
1,26,242,"Parquet",0,0,0,0,"InMemoryFileIndex(1 paths)[s3a://goes-se-sandbox/data/warehouse/tablespace/external/hive/demo_pauldefusco.db/customers_skewed]","IsNotNull(customer_id)","customer_id:bigint,credit_score:int","isnotnull(customer_id#2322L)","",false
1,26,471,"Parquet",0,0,0,0,"InMemoryFileIndex(1 paths)[s3a://goes-se-sandbox/data/warehouse/tablespace/external/hive/demo_pauldefusco.db/customers_skewed]","IsNotNull(customer_id), IsNotNull(customer_segment), IsNotNull(income_band)","customer_id:bigint,credit_score:int,income_band:string,customer_segment:string","isnotnull(customer_id#3657L), isnotnull(customer_segment#3664), isnotnull(income_band#3662)","",false
1,26,190,"Parquet",0,0,0,0,"InMemoryFileIndex(1 paths)[s3a://goes-se-sandbox/data/warehouse/tablespace/external/hive/demo_pauldefusco.db/customers_skewed]","IsNotNull(customer_id), IsNotNull(customer_segment), IsNotNull(income_band), IsNotNull(risk_rating)","customer_id:bigint,credit_score:int,income_band:string,customer_segment:string,risk_rating:string","isnotnull(customer_id#2198L), isnotnull(customer_segment#2205), isnotnull(income_band#2203), isnotnull(risk_rating#2207)","",false
1,26,57,"Parquet",0,0,0,0,"InMemoryFileIndex(1 paths)[s3a://goes-se-sandbox/data/warehouse/tablespace/external/hive/demo_pauldefusco.db/customers_skewed]","IsNotNull(customer_id)","customer_id:bigint,credit_score:int,income_band:string,estimated_income:double,customer_segment:string,risk_rating:string","isnotnull(customer_id#31L)","",false
1,26,417,"Parquet",0,0,0,0,"InMemoryFileIndex(1 paths)[s3a://goes-se-sandbox/data/warehouse/tablespace/external/hive/demo_pauldefusco.db/customers_skewed]","IsNotNull(customer_id), IsNotNull(customer_segment), IsNotNull(income_band)","customer_id:bigint,income_band:string,customer_segment:string","isnotnull(customer_id#3985L), isnotnull(customer_segment#3992), isnotnull(income_band#3990)","",false
1,26,125,"Parquet",0,0,0,0,"InMemoryFileIndex(1 paths)[s3a://goes-se-sandbox/data/warehouse/tablespace/external/hive/demo_pauldefusco.db/customers_skewed]","IsNotNull(customer_id), IsNotNull(customer_segment), IsNotNull(income_band), IsNotNull(risk_rating)","customer_id:bigint,income_band:string,customer_segment:string,risk_rating:string","isnotnull(customer_id#2665L), isnotnull(customer_segment#2672), isnotnull(income_band#2670), isnotnull(risk_rating#2674)","",false
1,26,138,"Parquet",0,0,0,0,"InMemoryFileIndex(1 paths)[s3a://goes-se-sandbox/data/warehouse/tablespace/external/hive/demo_pauldefusco.db/merchants_skewed]","IsNotNull(merchant_id)","merchant_id:bigint","isnotnull(merchant_id#2685L)","",false
1,26,425,"Parquet",0,0,0,0,"InMemoryFileIndex(1 paths)[s3a://goes-se-sandbox/data/warehouse/tablespace/external/hive/demo_pauldefusco.db/merchants_skewed]","IsNotNull(merchant_id), IsNotNull(region)","merchant_id:bigint,region:string","isnotnull(merchant_id#4005L), isnotnull(region#4007)","",false
1,26,513,"Parquet",0,0,0,0,"InMemoryFileIndex(1 paths)[s3a://goes-se-sandbox/data/warehouse/tablespace/external/hive/demo_pauldefusco.db/merchants_skewed]","IsNotNull(merchant_id), IsNotNull(region)","merchant_id:bigint,region:string,risk_level:string","isnotnull(merchant_id#3810L), isnotnull(region#3812)","",false
1,26,338,"Parquet",0,0,0,0,"InMemoryFileIndex(1 paths)[s3a://goes-se-sandbox/data/warehouse/tablespace/external/hive/demo_pauldefusco.db/merchants_skewed]","IsNotNull(merchant_id), IsNotNull(region), IsNotNull(risk_level), IsNotNull(merchant_size)","merchant_id:bigint,region:string,risk_level:string,annual_revenue:double,merchant_size:string","isnotnull(merchant_id#2535L), isnotnull(region#2537), isnotnull(risk_level#2540), isnotnull(merchant_size#2542)","",false
1,26,69,"Parquet",0,0,0,0,"InMemoryFileIndex(1 paths)[s3a://goes-se-sandbox/data/warehouse/tablespace/external/hive/demo_pauldefusco.db/merchants_skewed]","IsNotNull(merchant_id)","merchant_id:bigint,region:string,risk_level:string,merchant_size:string","isnotnull(merchant_id#71L)","",false
1,26,299,"Parquet",0,0,0,0,"InMemoryFileIndex(1 paths)[s3a://goes-se-sandbox/data/warehouse/tablespace/external/hive/demo_pauldefusco.db/merchants_skewed]","IsNotNull(merchant_id), IsNotNull(region)","merchant_id:bigint,region:string,risk_level:string,merchant_size:string","isnotnull(merchant_id#2957L), isnotnull(region#2959)","",false
1,26,203,"Parquet",0,0,0,0,"InMemoryFileIndex(1 paths)[s3a://goes-se-sandbox/data/warehouse/tablespace/external/hive/demo_pauldefusco.db/merchants_skewed]","IsNotNull(merchant_id)","merchant_id:bigint,risk_level:string","isnotnull(merchant_id#2218L)","",false
1,26,117,"Parquet",0,0,0,0,"InMemoryFileIndex(1 paths)[s3a://goes-se-sandbox/data/warehouse/tablespace/external/hive/demo_pauldefusco.db/trs_v26]","IsNotNull(transaction_id), LessThan(transaction_id,12500000000), IsNotNull(customer_id), IsNotNull(account_id)","transaction_id:bigint,customer_id:bigint,account_id:bigint,merchant_id:bigint,branch_id:bigint,transaction_date:date","isnotnull(transaction_id#2650L), (transaction_id#2650L < 12500000000), isnotnull(customer_id#2651L), isnotnull(account_id#2652L)","",false
1,26,281,"Parquet",0,0,0,0,"InMemoryFileIndex(1 paths)[s3a://goes-se-sandbox/data/warehouse/tablespace/external/hive/demo_pauldefusco.db/trs_v26]","IsNotNull(transaction_id), LessThan(transaction_id,12500000000), IsNotNull(customer_id), IsNotNull(merchant_id), IsNotNull(merchant_category)","transaction_id:bigint,customer_id:bigint,account_id:bigint,merchant_id:bigint,branch_id:bigint,transaction_date:date,merchant_category:string","isnotnull(transaction_id#2922L), (transaction_id#2922L < 12500000000), isnotnull(customer_id#2923L), isnotnull(merchant_id#2925L), isnotnull(merchant_category#2929)","",false
1,26,409,"Parquet",0,0,0,0,"InMemoryFileIndex(1 paths)[s3a://goes-se-sandbox/data/warehouse/tablespace/external/hive/demo_pauldefusco.db/trs_v26]","IsNotNull(transaction_id), LessThan(transaction_id,12500000000), IsNotNull(merchant_category)","transaction_id:bigint,customer_id:bigint,account_id:bigint,merchant_id:bigint,branch_id:bigint,transaction_date:date,merchant_category:string","isnotnull(transaction_id#3970L), (transaction_id#3970L < 12500000000), isnotnull(merchant_category#3977)","",false
1,26,331,"Parquet",0,0,0,0,"InMemoryFileIndex(1 paths)[s3a://goes-se-sandbox/data/warehouse/tablespace/external/hive/demo_pauldefusco.db/trs_v26]","IsNotNull(transaction_id), LessThan(transaction_id,12500000000), IsNotNull(merchant_id), IsNotNull(merchant_category)","transaction_id:bigint,customer_id:bigint,account_id:bigint,merchant_id:bigint,branch_id:bigint,transaction_date:date,merchant_category:string,transaction_amount:double,fraud_flag:int","isnotnull(transaction_id#2500L), (transaction_id#2500L < 12500000000), isnotnull(merchant_id#2503L), isnotnull(merchant_category#2507)","",false
1,26,505,"Parquet",0,0,0,0,"InMemoryFileIndex(1 paths)[s3a://goes-se-sandbox/data/warehouse/tablespace/external/hive/demo_pauldefusco.db/trs_v26]","IsNotNull(transaction_id), IsNotNull(fraud_flag), LessThan(transaction_id,12500000000), EqualTo(fraud_flag,1), IsNotNull(merchant_category)","transaction_id:bigint,customer_id:bigint,account_id:bigint,merchant_id:bigint,branch_id:bigint,transaction_date:date,merchant_category:string,transaction_amount:double,fraud_flag:int","isnotnull(transaction_id#3775L), isnotnull(fraud_flag#3787), (transaction_id#3775L < 12500000000), (fraud_flag#3787 = 1), isnotnull(merchant_category#3782)","",false
1,26,50,"Parquet",0,0,0,0,"InMemoryFileIndex(1 paths)[s3a://goes-se-sandbox/data/warehouse/tablespace/external/hive/demo_pauldefusco.db/trs_v26]","IsNotNull(transaction_id), LessThan(transaction_id,12500000000)","transaction_id:bigint,customer_id:bigint,account_id:bigint,merchant_id:bigint,branch_id:bigint,transaction_date:date,merchant_category:string,transaction_amount:double,payment_channel:string,payment_type:string,device_type:string,fraud_flag:int","isnotnull(transaction_id#0L), (transaction_id#0L < 12500000000)","",false
1,26,182,"Parquet",0,0,0,0,"InMemoryFileIndex(1 paths)[s3a://goes-se-sandbox/data/warehouse/tablespace/external/hive/demo_pauldefusco.db/trs_v26]","IsNotNull(transaction_id), LessThan(transaction_id,12500000000), IsNotNull(customer_id)","transaction_id:bigint,customer_id:bigint,account_id:bigint,merchant_id:bigint,branch_id:bigint,transaction_date:date,transaction_amount:double,fraud_flag:int","isnotnull(transaction_id#2183L), (transaction_id#2183L < 12500000000), isnotnull(customer_id#2184L)","",false
1,26,237,"Parquet",0,0,0,0,"InMemoryFileIndex(1 paths)[s3a://goes-se-sandbox/data/warehouse/tablespace/external/hive/demo_pauldefusco.db/trs_v26]","IsNotNull(transaction_id), LessThan(transaction_id,12500000000), IsNotNull(account_id)","transaction_id:bigint,customer_id:bigint,account_id:bigint,merchant_id:bigint,branch_id:bigint,transaction_date:date,transaction_amount:double,fraud_flag:int","isnotnull(transaction_id#2307L), (transaction_id#2307L < 12500000000), isnotnull(account_id#2309L)","",false
1,26,463,"Parquet",0,0,0,0,"InMemoryFileIndex(1 paths)[s3a://goes-se-sandbox/data/warehouse/tablespace/external/hive/demo_pauldefusco.db/trs_v26]","IsNotNull(transaction_id), LessThan(transaction_id,12500000000)","transaction_id:bigint,customer_id:bigint,account_id:bigint,merchant_id:bigint,branch_id:bigint,transaction_date:date,transaction_amount:double,fraud_flag:int","isnotnull(transaction_id#3642L), (transaction_id#3642L < 12500000000)","",false
1,26,368,"Parquet",0,0,0,0,"InMemoryFileIndex(1 paths)[s3a://goes-se-sandbox/data/warehouse/tablespace/external/hive/demo_pauldefusco.db/trs_v26]","IsNotNull(transaction_id), LessThan(transaction_id,12500000000), IsNotNull(payment_channel), IsNotNull(payment_type), IsNotNull(device_type)","transaction_id:bigint,customer_id:bigint,account_id:bigint,merchant_id:bigint,branch_id:bigint,transaction_date:date,transaction_amount:double,payment_channel:string,payment_type:string,device_type:string,fraud_flag:int","isnotnull(transaction_id#3237L), (transaction_id#3237L < 12500000000), isnotnull(payment_channel#3246), isnotnull(payment_type#3247), isnotnull(device_type#3248)","",false
1,27,297,"Parquet",0,0,0,0,"InMemoryFileIndex(1 paths)[s3a://goes-se-sandbox/data/warehouse/tablespace/external/hive/demo_pauldefusco.db/accounts_skewed]","IsNotNull(account_id)","account_id:bigint","isnotnull(account_id#2948L)","",false
1,27,135,"Parquet",0,0,0,0,"InMemoryFileIndex(1 paths)[s3a://goes-se-sandbox/data/warehouse/tablespace/external/hive/demo_pauldefusco.db/accounts_skewed]","IsNotNull(account_id), IsNotNull(account_type)","account_id:bigint,account_type:string,account_status:string","isnotnull(account_id#2676L), isnotnull(account_type#2677)","",false
1,27,64,"Parquet",0,0,0,0,"InMemoryFileIndex(1 paths)[s3a://goes-se-sandbox/data/warehouse/tablespace/external/hive/demo_pauldefusco.db/accounts_skewed]","IsNotNull(account_id)","account_id:bigint,account_type:string,account_status:string,current_balance:double,credit_limit:double,interest_rate:double","isnotnull(account_id#52L)","",false
1,27,253,"Parquet",0,0,0,0,"InMemoryFileIndex(1 paths)[s3a://goes-se-sandbox/data/warehouse/tablespace/external/hive/demo_pauldefusco.db/accounts_skewed]","IsNotNull(account_id), IsNotNull(account_type), IsNotNull(account_status)","account_id:bigint,account_type:string,account_status:string,current_balance:double,credit_limit:double,interest_rate:double","isnotnull(account_id#2333L), isnotnull(account_type#2334), isnotnull(account_status#2336)","",false
1,27,201,"Parquet",0,0,0,0,"InMemoryFileIndex(1 paths)[s3a://goes-se-sandbox/data/warehouse/tablespace/external/hive/demo_pauldefusco.db/accounts_skewed]","IsNotNull(account_id)","account_id:bigint,current_balance:double,interest_rate:double","isnotnull(account_id#2209L)","",false
1,27,145,"Parquet",0,0,0,0,"InMemoryFileIndex(1 paths)[s3a://goes-se-sandbox/data/warehouse/tablespace/external/hive/demo_pauldefusco.db/branches_skewed]","IsNotNull(branch_id)","branch_id:bigint","isnotnull(branch_id#2695L)","",false
1,27,74,"Parquet",0,0,0,0,"InMemoryFileIndex(1 paths)[s3a://goes-se-sandbox/data/warehouse/tablespace/external/hive/demo_pauldefusco.db/branches_skewed]","IsNotNull(branch_id)","branch_id:bigint,region:string,branch_type:string","isnotnull(branch_id#91L)","",false
1,27,433,"Parquet",0,0,0,0,"InMemoryFileIndex(1 paths)[s3a://goes-se-sandbox/data/warehouse/tablespace/external/hive/demo_pauldefusco.db/branches_skewed]","IsNotNull(branch_id), IsNotNull(region), IsNotNull(branch_type)","branch_id:bigint,region:string,branch_type:string","isnotnull(branch_id#4015L), isnotnull(region#4018), isnotnull(branch_type#4019)","",false
1,27,482,"Parquet",0,0,0,0,"InMemoryFileIndex(1 paths)[s3a://goes-se-sandbox/data/warehouse/tablespace/external/hive/demo_pauldefusco.db/branches_skewed]","IsNotNull(branch_id), IsNotNull(region), IsNotNull(branch_type)","branch_id:bigint,region:string,branch_type:string,assets_under_management:double,annual_operating_cost:double","isnotnull(branch_id#3687L), isnotnull(region#3690), isnotnull(branch_type#3691)","",false
1,27,150,"Parquet",0,0,0,0,"InMemoryFileIndex(1 paths)[s3a://goes-se-sandbox/data/warehouse/tablespace/external/hive/demo_pauldefusco.db/calendar]","IsNotNull(calendar_date), IsNotNull(year), IsNotNull(month)","calendar_date:date,year:int,month:int","isnotnull(calendar_date#2706), isnotnull(year#2708), isnotnull(month#2710)","",false
1,27,211,"Parquet",0,0,0,0,"InMemoryFileIndex(1 paths)[s3a://goes-se-sandbox/data/warehouse/tablespace/external/hive/demo_pauldefusco.db/calendar]","IsNotNull(calendar_date), IsNotNull(year), IsNotNull(month)","calendar_date:date,year:int,month:int,is_weekend:boolean","isnotnull(calendar_date#2239), isnotnull(year#2241), isnotnull(month#2243)","",false
1,27,307,"Parquet",0,0,0,0,"InMemoryFileIndex(1 paths)[s3a://goes-se-sandbox/data/warehouse/tablespace/external/hive/demo_pauldefusco.db/calendar]","IsNotNull(calendar_date), IsNotNull(year), IsNotNull(quarter)","calendar_date:date,year:int,quarter:int","isnotnull(calendar_date#2978), isnotnull(year#2980), isnotnull(quarter#2981)","",false
1,27,346,"Parquet",0,0,0,0,"InMemoryFileIndex(1 paths)[s3a://goes-se-sandbox/data/warehouse/tablespace/external/hive/demo_pauldefusco.db/calendar]","IsNotNull(calendar_date), IsNotNull(year), IsNotNull(quarter)","calendar_date:date,year:int,quarter:int,is_weekend:boolean","isnotnull(calendar_date#2556), isnotnull(year#2558), isnotnull(quarter#2559)","",false
1,27,79,"Parquet",0,0,0,0,"InMemoryFileIndex(1 paths)[s3a://goes-se-sandbox/data/warehouse/tablespace/external/hive/demo_pauldefusco.db/calendar]","IsNotNull(calendar_date)","calendar_date:date,year:int,quarter:int,month:int,is_weekend:boolean","isnotnull(calendar_date#113)","",false
1,27,289,"Parquet",0,0,0,0,"InMemoryFileIndex(1 paths)[s3a://goes-se-sandbox/data/warehouse/tablespace/external/hive/demo_pauldefusco.db/customers_skewed]","IsNotNull(customer_id)","customer_id:bigint","isnotnull(customer_id#2937L)","",false
1,27,245,"Parquet",0,0,0,0,"InMemoryFileIndex(1 paths)[s3a://goes-se-sandbox/data/warehouse/tablespace/external/hive/demo_pauldefusco.db/customers_skewed]","IsNotNull(customer_id)","customer_id:bigint,credit_score:int","isnotnull(customer_id#2322L)","",false
1,27,474,"Parquet",0,0,0,0,"InMemoryFileIndex(1 paths)[s3a://goes-se-sandbox/data/warehouse/tablespace/external/hive/demo_pauldefusco.db/customers_skewed]","IsNotNull(customer_id), IsNotNull(customer_segment), IsNotNull(income_band)","customer_id:bigint,credit_score:int,income_band:string,customer_segment:string","isnotnull(customer_id#3657L), isnotnull(customer_segment#3664), isnotnull(income_band#3662)","",false
1,27,193,"Parquet",0,0,0,0,"InMemoryFileIndex(1 paths)[s3a://goes-se-sandbox/data/warehouse/tablespace/external/hive/demo_pauldefusco.db/customers_skewed]","IsNotNull(customer_id), IsNotNull(customer_segment), IsNotNull(income_band), IsNotNull(risk_rating)","customer_id:bigint,credit_score:int,income_band:string,customer_segment:string,risk_rating:string","isnotnull(customer_id#2198L), isnotnull(customer_segment#2205), isnotnull(income_band#2203), isnotnull(risk_rating#2207)","",false
1,27,57,"Parquet",0,0,0,0,"InMemoryFileIndex(1 paths)[s3a://goes-se-sandbox/data/warehouse/tablespace/external/hive/demo_pauldefusco.db/customers_skewed]","IsNotNull(customer_id)","customer_id:bigint,credit_score:int,income_band:string,estimated_income:double,customer_segment:string,risk_rating:string","isnotnull(customer_id#31L)","",false
1,27,420,"Parquet",0,0,0,0,"InMemoryFileIndex(1 paths)[s3a://goes-se-sandbox/data/warehouse/tablespace/external/hive/demo_pauldefusco.db/customers_skewed]","IsNotNull(customer_id), IsNotNull(customer_segment), IsNotNull(income_band)","customer_id:bigint,income_band:string,customer_segment:string","isnotnull(customer_id#3985L), isnotnull(customer_segment#3992), isnotnull(income_band#3990)","",false
1,27,127,"Parquet",0,0,0,0,"InMemoryFileIndex(1 paths)[s3a://goes-se-sandbox/data/warehouse/tablespace/external/hive/demo_pauldefusco.db/customers_skewed]","IsNotNull(customer_id), IsNotNull(customer_segment), IsNotNull(income_band), IsNotNull(risk_rating)","customer_id:bigint,income_band:string,customer_segment:string,risk_rating:string","isnotnull(customer_id#2665L), isnotnull(customer_segment#2672), isnotnull(income_band#2670), isnotnull(risk_rating#2674)","",false
1,27,140,"Parquet",0,0,0,0,"InMemoryFileIndex(1 paths)[s3a://goes-se-sandbox/data/warehouse/tablespace/external/hive/demo_pauldefusco.db/merchants_skewed]","IsNotNull(merchant_id)","merchant_id:bigint","isnotnull(merchant_id#2685L)","",false
1,27,428,"Parquet",0,0,0,0,"InMemoryFileIndex(1 paths)[s3a://goes-se-sandbox/data/warehouse/tablespace/external/hive/demo_pauldefusco.db/merchants_skewed]","IsNotNull(merchant_id), IsNotNull(region)","merchant_id:bigint,region:string","isnotnull(merchant_id#4005L), isnotnull(region#4007)","",false
1,27,516,"Parquet",0,0,0,0,"InMemoryFileIndex(1 paths)[s3a://goes-se-sandbox/data/warehouse/tablespace/external/hive/demo_pauldefusco.db/merchants_skewed]","IsNotNull(merchant_id), IsNotNull(region)","merchant_id:bigint,region:string,risk_level:string","isnotnull(merchant_id#3810L), isnotnull(region#3812)","",false
1,27,341,"Parquet",0,0,0,0,"InMemoryFileIndex(1 paths)[s3a://goes-se-sandbox/data/warehouse/tablespace/external/hive/demo_pauldefusco.db/merchants_skewed]","IsNotNull(merchant_id), IsNotNull(region), IsNotNull(risk_level), IsNotNull(merchant_size)","merchant_id:bigint,region:string,risk_level:string,annual_revenue:double,merchant_size:string","isnotnull(merchant_id#2535L), isnotnull(region#2537), isnotnull(risk_level#2540), isnotnull(merchant_size#2542)","",false
1,27,69,"Parquet",0,0,0,0,"InMemoryFileIndex(1 paths)[s3a://goes-se-sandbox/data/warehouse/tablespace/external/hive/demo_pauldefusco.db/merchants_skewed]","IsNotNull(merchant_id)","merchant_id:bigint,region:string,risk_level:string,merchant_size:string","isnotnull(merchant_id#71L)","",false
1,27,302,"Parquet",0,0,0,0,"InMemoryFileIndex(1 paths)[s3a://goes-se-sandbox/data/warehouse/tablespace/external/hive/demo_pauldefusco.db/merchants_skewed]","IsNotNull(merchant_id), IsNotNull(region)","merchant_id:bigint,region:string,risk_level:string,merchant_size:string","isnotnull(merchant_id#2957L), isnotnull(region#2959)","",false
1,27,206,"Parquet",0,0,0,0,"InMemoryFileIndex(1 paths)[s3a://goes-se-sandbox/data/warehouse/tablespace/external/hive/demo_pauldefusco.db/merchants_skewed]","IsNotNull(merchant_id)","merchant_id:bigint,risk_level:string","isnotnull(merchant_id#2218L)","",false
1,27,119,"Parquet",0,0,0,0,"InMemoryFileIndex(1 paths)[s3a://goes-se-sandbox/data/warehouse/tablespace/external/hive/demo_pauldefusco.db/trs_v26]","IsNotNull(transaction_id), LessThan(transaction_id,12500000000), IsNotNull(customer_id), IsNotNull(account_id)","transaction_id:bigint,customer_id:bigint,account_id:bigint,merchant_id:bigint,branch_id:bigint,transaction_date:date","isnotnull(transaction_id#2650L), (transaction_id#2650L < 12500000000), isnotnull(customer_id#2651L), isnotnull(account_id#2652L)","",false
1,27,284,"Parquet",0,0,0,0,"InMemoryFileIndex(1 paths)[s3a://goes-se-sandbox/data/warehouse/tablespace/external/hive/demo_pauldefusco.db/trs_v26]","IsNotNull(transaction_id), LessThan(transaction_id,12500000000), IsNotNull(customer_id), IsNotNull(merchant_id), IsNotNull(merchant_category)","transaction_id:bigint,customer_id:bigint,account_id:bigint,merchant_id:bigint,branch_id:bigint,transaction_date:date,merchant_category:string","isnotnull(transaction_id#2922L), (transaction_id#2922L < 12500000000), isnotnull(customer_id#2923L), isnotnull(merchant_id#2925L), isnotnull(merchant_category#2929)","",false
1,27,412,"Parquet",0,0,0,0,"InMemoryFileIndex(1 paths)[s3a://goes-se-sandbox/data/warehouse/tablespace/external/hive/demo_pauldefusco.db/trs_v26]","IsNotNull(transaction_id), LessThan(transaction_id,12500000000), IsNotNull(merchant_category)","transaction_id:bigint,customer_id:bigint,account_id:bigint,merchant_id:bigint,branch_id:bigint,transaction_date:date,merchant_category:string","isnotnull(transaction_id#3970L), (transaction_id#3970L < 12500000000), isnotnull(merchant_category#3977)","",false
1,27,334,"Parquet",0,0,0,0,"InMemoryFileIndex(1 paths)[s3a://goes-se-sandbox/data/warehouse/tablespace/external/hive/demo_pauldefusco.db/trs_v26]","IsNotNull(transaction_id), LessThan(transaction_id,12500000000), IsNotNull(merchant_id), IsNotNull(merchant_category)","transaction_id:bigint,customer_id:bigint,account_id:bigint,merchant_id:bigint,branch_id:bigint,transaction_date:date,merchant_category:string,transaction_amount:double,fraud_flag:int","isnotnull(transaction_id#2500L), (transaction_id#2500L < 12500000000), isnotnull(merchant_id#2503L), isnotnull(merchant_category#2507)","",false
1,27,508,"Parquet",0,0,0,0,"InMemoryFileIndex(1 paths)[s3a://goes-se-sandbox/data/warehouse/tablespace/external/hive/demo_pauldefusco.db/trs_v26]","IsNotNull(transaction_id), IsNotNull(fraud_flag), LessThan(transaction_id,12500000000), EqualTo(fraud_flag,1), IsNotNull(merchant_category)","transaction_id:bigint,customer_id:bigint,account_id:bigint,merchant_id:bigint,branch_id:bigint,transaction_date:date,merchant_category:string,transaction_amount:double,fraud_flag:int","isnotnull(transaction_id#3775L), isnotnull(fraud_flag#3787), (transaction_id#3775L < 12500000000), (fraud_flag#3787 = 1), isnotnull(merchant_category#3782)","",false
1,27,50,"Parquet",0,0,0,0,"InMemoryFileIndex(1 paths)[s3a://goes-se-sandbox/data/warehouse/tablespace/external/hive/demo_pauldefusco.db/trs_v26]","IsNotNull(transaction_id), LessThan(transaction_id,12500000000)","transaction_id:bigint,customer_id:bigint,account_id:bigint,merchant_id:bigint,branch_id:bigint,transaction_date:date,merchant_category:string,transaction_amount:double,payment_channel:string,payment_type:string,device_type:string,fraud_flag:int","isnotnull(transaction_id#0L), (transaction_id#0L < 12500000000)","",false
1,27,185,"Parquet",0,0,0,0,"InMemoryFileIndex(1 paths)[s3a://goes-se-sandbox/data/warehouse/tablespace/external/hive/demo_pauldefusco.db/trs_v26]","IsNotNull(transaction_id), LessThan(transaction_id,12500000000), IsNotNull(customer_id)","transaction_id:bigint,customer_id:bigint,account_id:bigint,merchant_id:bigint,branch_id:bigint,transaction_date:date,transaction_amount:double,fraud_flag:int","isnotnull(transaction_id#2183L), (transaction_id#2183L < 12500000000), isnotnull(customer_id#2184L)","",false
1,27,240,"Parquet",0,0,0,0,"InMemoryFileIndex(1 paths)[s3a://goes-se-sandbox/data/warehouse/tablespace/external/hive/demo_pauldefusco.db/trs_v26]","IsNotNull(transaction_id), LessThan(transaction_id,12500000000), IsNotNull(account_id)","transaction_id:bigint,customer_id:bigint,account_id:bigint,merchant_id:bigint,branch_id:bigint,transaction_date:date,transaction_amount:double,fraud_flag:int","isnotnull(transaction_id#2307L), (transaction_id#2307L < 12500000000), isnotnull(account_id#2309L)","",false
1,27,466,"Parquet",0,0,0,0,"InMemoryFileIndex(1 paths)[s3a://goes-se-sandbox/data/warehouse/tablespace/external/hive/demo_pauldefusco.db/trs_v26]","IsNotNull(transaction_id), LessThan(transaction_id,12500000000)","transaction_id:bigint,customer_id:bigint,account_id:bigint,merchant_id:bigint,branch_id:bigint,transaction_date:date,transaction_amount:double,fraud_flag:int","isnotnull(transaction_id#3642L), (transaction_id#3642L < 12500000000)","",false
1,27,371,"Parquet",0,0,0,0,"InMemoryFileIndex(1 paths)[s3a://goes-se-sandbox/data/warehouse/tablespace/external/hive/demo_pauldefusco.db/trs_v26]","IsNotNull(transaction_id), LessThan(transaction_id,12500000000), IsNotNull(payment_channel), IsNotNull(payment_type), IsNotNull(device_type)","transaction_id:bigint,customer_id:bigint,account_id:bigint,merchant_id:bigint,branch_id:bigint,transaction_date:date,transaction_amount:double,payment_channel:string,payment_type:string,device_type:string,fraud_flag:int","isnotnull(transaction_id#3237L), (transaction_id#3237L < 12500000000), isnotnull(payment_channel#3246), isnotnull(payment_type#3247), isnotnull(device_type#3248)","",false
1,28,299,"Parquet",0,0,0,0,"InMemoryFileIndex(1 paths)[s3a://goes-se-sandbox/data/warehouse/tablespace/external/hive/demo_pauldefusco.db/accounts_skewed]","IsNotNull(account_id)","account_id:bigint","isnotnull(account_id#2948L)","",false
1,28,135,"Parquet",0,0,0,0,"InMemoryFileIndex(1 paths)[s3a://goes-se-sandbox/data/warehouse/tablespace/external/hive/demo_pauldefusco.db/accounts_skewed]","IsNotNull(account_id), IsNotNull(account_type)","account_id:bigint,account_type:string,account_status:string","isnotnull(account_id#2676L), isnotnull(account_type#2677)","",false
1,28,64,"Parquet",0,0,0,0,"InMemoryFileIndex(1 paths)[s3a://goes-se-sandbox/data/warehouse/tablespace/external/hive/demo_pauldefusco.db/accounts_skewed]","IsNotNull(account_id)","account_id:bigint,account_type:string,account_status:string,current_balance:double,credit_limit:double,interest_rate:double","isnotnull(account_id#52L)","",false
1,28,253,"Parquet",0,0,0,0,"InMemoryFileIndex(1 paths)[s3a://goes-se-sandbox/data/warehouse/tablespace/external/hive/demo_pauldefusco.db/accounts_skewed]","IsNotNull(account_id), IsNotNull(account_type), IsNotNull(account_status)","account_id:bigint,account_type:string,account_status:string,current_balance:double,credit_limit:double,interest_rate:double","isnotnull(account_id#2333L), isnotnull(account_type#2334), isnotnull(account_status#2336)","",false
1,28,201,"Parquet",0,0,0,0,"InMemoryFileIndex(1 paths)[s3a://goes-se-sandbox/data/warehouse/tablespace/external/hive/demo_pauldefusco.db/accounts_skewed]","IsNotNull(account_id)","account_id:bigint,current_balance:double,interest_rate:double","isnotnull(account_id#2209L)","",false
1,28,145,"Parquet",0,0,0,0,"InMemoryFileIndex(1 paths)[s3a://goes-se-sandbox/data/warehouse/tablespace/external/hive/demo_pauldefusco.db/branches_skewed]","IsNotNull(branch_id)","branch_id:bigint","isnotnull(branch_id#2695L)","",false
1,28,74,"Parquet",0,0,0,0,"InMemoryFileIndex(1 paths)[s3a://goes-se-sandbox/data/warehouse/tablespace/external/hive/demo_pauldefusco.db/branches_skewed]","IsNotNull(branch_id)","branch_id:bigint,region:string,branch_type:string","isnotnull(branch_id#91L)","",false
1,28,436,"Parquet",0,0,0,0,"InMemoryFileIndex(1 paths)[s3a://goes-se-sandbox/data/warehouse/tablespace/external/hive/demo_pauldefusco.db/branches_skewed]","IsNotNull(branch_id), IsNotNull(region), IsNotNull(branch_type)","branch_id:bigint,region:string,branch_type:string","isnotnull(branch_id#4015L), isnotnull(region#4018), isnotnull(branch_type#4019)","",false
1,28,485,"Parquet",0,0,0,0,"InMemoryFileIndex(1 paths)[s3a://goes-se-sandbox/data/warehouse/tablespace/external/hive/demo_pauldefusco.db/branches_skewed]","IsNotNull(branch_id), IsNotNull(region), IsNotNull(branch_type)","branch_id:bigint,region:string,branch_type:string,assets_under_management:double,annual_operating_cost:double","isnotnull(branch_id#3687L), isnotnull(region#3690), isnotnull(branch_type#3691)","",false
1,28,150,"Parquet",0,0,0,0,"InMemoryFileIndex(1 paths)[s3a://goes-se-sandbox/data/warehouse/tablespace/external/hive/demo_pauldefusco.db/calendar]","IsNotNull(calendar_date), IsNotNull(year), IsNotNull(month)","calendar_date:date,year:int,month:int","isnotnull(calendar_date#2706), isnotnull(year#2708), isnotnull(month#2710)","",false
1,28,211,"Parquet",0,0,0,0,"InMemoryFileIndex(1 paths)[s3a://goes-se-sandbox/data/warehouse/tablespace/external/hive/demo_pauldefusco.db/calendar]","IsNotNull(calendar_date), IsNotNull(year), IsNotNull(month)","calendar_date:date,year:int,month:int,is_weekend:boolean","isnotnull(calendar_date#2239), isnotnull(year#2241), isnotnull(month#2243)","",false
1,28,309,"Parquet",0,0,0,0,"InMemoryFileIndex(1 paths)[s3a://goes-se-sandbox/data/warehouse/tablespace/external/hive/demo_pauldefusco.db/calendar]","IsNotNull(calendar_date), IsNotNull(year), IsNotNull(quarter)","calendar_date:date,year:int,quarter:int","isnotnull(calendar_date#2978), isnotnull(year#2980), isnotnull(quarter#2981)","",false
1,28,349,"Parquet",0,0,0,0,"InMemoryFileIndex(1 paths)[s3a://goes-se-sandbox/data/warehouse/tablespace/external/hive/demo_pauldefusco.db/calendar]","IsNotNull(calendar_date), IsNotNull(year), IsNotNull(quarter)","calendar_date:date,year:int,quarter:int,is_weekend:boolean","isnotnull(calendar_date#2556), isnotnull(year#2558), isnotnull(quarter#2559)","",false
1,28,79,"Parquet",0,0,0,0,"InMemoryFileIndex(1 paths)[s3a://goes-se-sandbox/data/warehouse/tablespace/external/hive/demo_pauldefusco.db/calendar]","IsNotNull(calendar_date)","calendar_date:date,year:int,quarter:int,month:int,is_weekend:boolean","isnotnull(calendar_date#113)","",false
1,28,291,"Parquet",0,0,0,0,"InMemoryFileIndex(1 paths)[s3a://goes-se-sandbox/data/warehouse/tablespace/external/hive/demo_pauldefusco.db/customers_skewed]","IsNotNull(customer_id)","customer_id:bigint","isnotnull(customer_id#2937L)","",false
1,28,245,"Parquet",0,0,0,0,"InMemoryFileIndex(1 paths)[s3a://goes-se-sandbox/data/warehouse/tablespace/external/hive/demo_pauldefusco.db/customers_skewed]","IsNotNull(customer_id)","customer_id:bigint,credit_score:int","isnotnull(customer_id#2322L)","",false
1,28,477,"Parquet",0,0,0,0,"InMemoryFileIndex(1 paths)[s3a://goes-se-sandbox/data/warehouse/tablespace/external/hive/demo_pauldefusco.db/customers_skewed]","IsNotNull(customer_id), IsNotNull(customer_segment), IsNotNull(income_band)","customer_id:bigint,credit_score:int,income_band:string,customer_segment:string","isnotnull(customer_id#3657L), isnotnull(customer_segment#3664), isnotnull(income_band#3662)","",false
1,28,193,"Parquet",0,0,0,0,"InMemoryFileIndex(1 paths)[s3a://goes-se-sandbox/data/warehouse/tablespace/external/hive/demo_pauldefusco.db/customers_skewed]","IsNotNull(customer_id), IsNotNull(customer_segment), IsNotNull(income_band), IsNotNull(risk_rating)","customer_id:bigint,credit_score:int,income_band:string,customer_segment:string,risk_rating:string","isnotnull(customer_id#2198L), isnotnull(customer_segment#2205), isnotnull(income_band#2203), isnotnull(risk_rating#2207)","",false
1,28,57,"Parquet",0,0,0,0,"InMemoryFileIndex(1 paths)[s3a://goes-se-sandbox/data/warehouse/tablespace/external/hive/demo_pauldefusco.db/customers_skewed]","IsNotNull(customer_id)","customer_id:bigint,credit_score:int,income_band:string,estimated_income:double,customer_segment:string,risk_rating:string","isnotnull(customer_id#31L)","",false
1,28,423,"Parquet",0,0,0,0,"InMemoryFileIndex(1 paths)[s3a://goes-se-sandbox/data/warehouse/tablespace/external/hive/demo_pauldefusco.db/customers_skewed]","IsNotNull(customer_id), IsNotNull(customer_segment), IsNotNull(income_band)","customer_id:bigint,income_band:string,customer_segment:string","isnotnull(customer_id#3985L), isnotnull(customer_segment#3992), isnotnull(income_band#3990)","",false
1,28,127,"Parquet",0,0,0,0,"InMemoryFileIndex(1 paths)[s3a://goes-se-sandbox/data/warehouse/tablespace/external/hive/demo_pauldefusco.db/customers_skewed]","IsNotNull(customer_id), IsNotNull(customer_segment), IsNotNull(income_band), IsNotNull(risk_rating)","customer_id:bigint,income_band:string,customer_segment:string,risk_rating:string","isnotnull(customer_id#2665L), isnotnull(customer_segment#2672), isnotnull(income_band#2670), isnotnull(risk_rating#2674)","",false
1,28,140,"Parquet",0,0,0,0,"InMemoryFileIndex(1 paths)[s3a://goes-se-sandbox/data/warehouse/tablespace/external/hive/demo_pauldefusco.db/merchants_skewed]","IsNotNull(merchant_id)","merchant_id:bigint","isnotnull(merchant_id#2685L)","",false
1,28,431,"Parquet",0,0,0,0,"InMemoryFileIndex(1 paths)[s3a://goes-se-sandbox/data/warehouse/tablespace/external/hive/demo_pauldefusco.db/merchants_skewed]","IsNotNull(merchant_id), IsNotNull(region)","merchant_id:bigint,region:string","isnotnull(merchant_id#4005L), isnotnull(region#4007)","",false
1,28,519,"Parquet",0,0,0,0,"InMemoryFileIndex(1 paths)[s3a://goes-se-sandbox/data/warehouse/tablespace/external/hive/demo_pauldefusco.db/merchants_skewed]","IsNotNull(merchant_id), IsNotNull(region)","merchant_id:bigint,region:string,risk_level:string","isnotnull(merchant_id#3810L), isnotnull(region#3812)","",false
1,28,344,"Parquet",0,0,0,0,"InMemoryFileIndex(1 paths)[s3a://goes-se-sandbox/data/warehouse/tablespace/external/hive/demo_pauldefusco.db/merchants_skewed]","IsNotNull(merchant_id), IsNotNull(region), IsNotNull(risk_level), IsNotNull(merchant_size)","merchant_id:bigint,region:string,risk_level:string,annual_revenue:double,merchant_size:string","isnotnull(merchant_id#2535L), isnotnull(region#2537), isnotnull(risk_level#2540), isnotnull(merchant_size#2542)","",false
1,28,69,"Parquet",0,0,0,0,"InMemoryFileIndex(1 paths)[s3a://goes-se-sandbox/data/warehouse/tablespace/external/hive/demo_pauldefusco.db/merchants_skewed]","IsNotNull(merchant_id)","merchant_id:bigint,region:string,risk_level:string,merchant_size:string","isnotnull(merchant_id#71L)","",false
1,28,304,"Parquet",0,0,0,0,"InMemoryFileIndex(1 paths)[s3a://goes-se-sandbox/data/warehouse/tablespace/external/hive/demo_pauldefusco.db/merchants_skewed]","IsNotNull(merchant_id), IsNotNull(region)","merchant_id:bigint,region:string,risk_level:string,merchant_size:string","isnotnull(merchant_id#2957L), isnotnull(region#2959)","",false
1,28,206,"Parquet",0,0,0,0,"InMemoryFileIndex(1 paths)[s3a://goes-se-sandbox/data/warehouse/tablespace/external/hive/demo_pauldefusco.db/merchants_skewed]","IsNotNull(merchant_id)","merchant_id:bigint,risk_level:string","isnotnull(merchant_id#2218L)","",false
1,28,119,"Parquet",0,0,0,0,"InMemoryFileIndex(1 paths)[s3a://goes-se-sandbox/data/warehouse/tablespace/external/hive/demo_pauldefusco.db/trs_v26]","IsNotNull(transaction_id), LessThan(transaction_id,12500000000), IsNotNull(customer_id), IsNotNull(account_id)","transaction_id:bigint,customer_id:bigint,account_id:bigint,merchant_id:bigint,branch_id:bigint,transaction_date:date","isnotnull(transaction_id#2650L), (transaction_id#2650L < 12500000000), isnotnull(customer_id#2651L), isnotnull(account_id#2652L)","",false
1,28,286,"Parquet",0,0,0,0,"InMemoryFileIndex(1 paths)[s3a://goes-se-sandbox/data/warehouse/tablespace/external/hive/demo_pauldefusco.db/trs_v26]","IsNotNull(transaction_id), LessThan(transaction_id,12500000000), IsNotNull(customer_id), IsNotNull(merchant_id), IsNotNull(merchant_category)","transaction_id:bigint,customer_id:bigint,account_id:bigint,merchant_id:bigint,branch_id:bigint,transaction_date:date,merchant_category:string","isnotnull(transaction_id#2922L), (transaction_id#2922L < 12500000000), isnotnull(customer_id#2923L), isnotnull(merchant_id#2925L), isnotnull(merchant_category#2929)","",false
1,28,415,"Parquet",0,0,0,0,"InMemoryFileIndex(1 paths)[s3a://goes-se-sandbox/data/warehouse/tablespace/external/hive/demo_pauldefusco.db/trs_v26]","IsNotNull(transaction_id), LessThan(transaction_id,12500000000), IsNotNull(merchant_category)","transaction_id:bigint,customer_id:bigint,account_id:bigint,merchant_id:bigint,branch_id:bigint,transaction_date:date,merchant_category:string","isnotnull(transaction_id#3970L), (transaction_id#3970L < 12500000000), isnotnull(merchant_category#3977)","",false
1,28,337,"Parquet",0,0,0,0,"InMemoryFileIndex(1 paths)[s3a://goes-se-sandbox/data/warehouse/tablespace/external/hive/demo_pauldefusco.db/trs_v26]","IsNotNull(transaction_id), LessThan(transaction_id,12500000000), IsNotNull(merchant_id), IsNotNull(merchant_category)","transaction_id:bigint,customer_id:bigint,account_id:bigint,merchant_id:bigint,branch_id:bigint,transaction_date:date,merchant_category:string,transaction_amount:double,fraud_flag:int","isnotnull(transaction_id#2500L), (transaction_id#2500L < 12500000000), isnotnull(merchant_id#2503L), isnotnull(merchant_category#2507)","",false
1,28,511,"Parquet",0,0,0,0,"InMemoryFileIndex(1 paths)[s3a://goes-se-sandbox/data/warehouse/tablespace/external/hive/demo_pauldefusco.db/trs_v26]","IsNotNull(transaction_id), IsNotNull(fraud_flag), LessThan(transaction_id,12500000000), EqualTo(fraud_flag,1), IsNotNull(merchant_category)","transaction_id:bigint,customer_id:bigint,account_id:bigint,merchant_id:bigint,branch_id:bigint,transaction_date:date,merchant_category:string,transaction_amount:double,fraud_flag:int","isnotnull(transaction_id#3775L), isnotnull(fraud_flag#3787), (transaction_id#3775L < 12500000000), (fraud_flag#3787 = 1), isnotnull(merchant_category#3782)","",false
1,28,50,"Parquet",0,0,0,0,"InMemoryFileIndex(1 paths)[s3a://goes-se-sandbox/data/warehouse/tablespace/external/hive/demo_pauldefusco.db/trs_v26]","IsNotNull(transaction_id), LessThan(transaction_id,12500000000)","transaction_id:bigint,customer_id:bigint,account_id:bigint,merchant_id:bigint,branch_id:bigint,transaction_date:date,merchant_category:string,transaction_amount:double,payment_channel:string,payment_type:string,device_type:string,fraud_flag:int","isnotnull(transaction_id#0L), (transaction_id#0L < 12500000000)","",false
1,28,185,"Parquet",0,0,0,0,"InMemoryFileIndex(1 paths)[s3a://goes-se-sandbox/data/warehouse/tablespace/external/hive/demo_pauldefusco.db/trs_v26]","IsNotNull(transaction_id), LessThan(transaction_id,12500000000), IsNotNull(customer_id)","transaction_id:bigint,customer_id:bigint,account_id:bigint,merchant_id:bigint,branch_id:bigint,transaction_date:date,transaction_amount:double,fraud_flag:int","isnotnull(transaction_id#2183L), (transaction_id#2183L < 12500000000), isnotnull(customer_id#2184L)","",false
1,28,240,"Parquet",0,0,0,0,"InMemoryFileIndex(1 paths)[s3a://goes-se-sandbox/data/warehouse/tablespace/external/hive/demo_pauldefusco.db/trs_v26]","IsNotNull(transaction_id), LessThan(transaction_id,12500000000), IsNotNull(account_id)","transaction_id:bigint,customer_id:bigint,account_id:bigint,merchant_id:bigint,branch_id:bigint,transaction_date:date,transaction_amount:double,fraud_flag:int","isnotnull(transaction_id#2307L), (transaction_id#2307L < 12500000000), isnotnull(account_id#2309L)","",false
1,28,469,"Parquet",0,0,0,0,"InMemoryFileIndex(1 paths)[s3a://goes-se-sandbox/data/warehouse/tablespace/external/hive/demo_pauldefusco.db/trs_v26]","IsNotNull(transaction_id), LessThan(transaction_id,12500000000)","transaction_id:bigint,customer_id:bigint,account_id:bigint,merchant_id:bigint,branch_id:bigint,transaction_date:date,transaction_amount:double,fraud_flag:int","isnotnull(transaction_id#3642L), (transaction_id#3642L < 12500000000)","",false
1,28,374,"Parquet",0,0,0,0,"InMemoryFileIndex(1 paths)[s3a://goes-se-sandbox/data/warehouse/tablespace/external/hive/demo_pauldefusco.db/trs_v26]","IsNotNull(transaction_id), LessThan(transaction_id,12500000000), IsNotNull(payment_channel), IsNotNull(payment_type), IsNotNull(device_type)","transaction_id:bigint,customer_id:bigint,account_id:bigint,merchant_id:bigint,branch_id:bigint,transaction_date:date,transaction_amount:double,payment_channel:string,payment_type:string,device_type:string,fraud_flag:int","isnotnull(transaction_id#3237L), (transaction_id#3237L < 12500000000), isnotnull(payment_channel#3246), isnotnull(payment_type#3247), isnotnull(device_type#3248)","",false
1,29,302,"Parquet",0,0,0,0,"InMemoryFileIndex(1 paths)[s3a://goes-se-sandbox/data/warehouse/tablespace/external/hive/demo_pauldefusco.db/accounts_skewed]","IsNotNull(account_id)","account_id:bigint","isnotnull(account_id#2948L)","",false
1,29,137,"Parquet",0,0,0,0,"InMemoryFileIndex(1 paths)[s3a://goes-se-sandbox/data/warehouse/tablespace/external/hive/demo_pauldefusco.db/accounts_skewed]","IsNotNull(account_id), IsNotNull(account_type)","account_id:bigint,account_type:string,account_status:string","isnotnull(account_id#2676L), isnotnull(account_type#2677)","",false
1,29,64,"Parquet",0,0,0,0,"InMemoryFileIndex(1 paths)[s3a://goes-se-sandbox/data/warehouse/tablespace/external/hive/demo_pauldefusco.db/accounts_skewed]","IsNotNull(account_id)","account_id:bigint,account_type:string,account_status:string,current_balance:double,credit_limit:double,interest_rate:double","isnotnull(account_id#52L)","",false
1,29,256,"Parquet",0,0,0,0,"InMemoryFileIndex(1 paths)[s3a://goes-se-sandbox/data/warehouse/tablespace/external/hive/demo_pauldefusco.db/accounts_skewed]","IsNotNull(account_id), IsNotNull(account_type), IsNotNull(account_status)","account_id:bigint,account_type:string,account_status:string,current_balance:double,credit_limit:double,interest_rate:double","isnotnull(account_id#2333L), isnotnull(account_type#2334), isnotnull(account_status#2336)","",false
1,29,203,"Parquet",0,0,0,0,"InMemoryFileIndex(1 paths)[s3a://goes-se-sandbox/data/warehouse/tablespace/external/hive/demo_pauldefusco.db/accounts_skewed]","IsNotNull(account_id)","account_id:bigint,current_balance:double,interest_rate:double","isnotnull(account_id#2209L)","",false
1,29,147,"Parquet",0,0,0,0,"InMemoryFileIndex(1 paths)[s3a://goes-se-sandbox/data/warehouse/tablespace/external/hive/demo_pauldefusco.db/branches_skewed]","IsNotNull(branch_id)","branch_id:bigint","isnotnull(branch_id#2695L)","",false
1,29,74,"Parquet",0,0,0,0,"InMemoryFileIndex(1 paths)[s3a://goes-se-sandbox/data/warehouse/tablespace/external/hive/demo_pauldefusco.db/branches_skewed]","IsNotNull(branch_id)","branch_id:bigint,region:string,branch_type:string","isnotnull(branch_id#91L)","",false
1,29,439,"Parquet",0,0,0,0,"InMemoryFileIndex(1 paths)[s3a://goes-se-sandbox/data/warehouse/tablespace/external/hive/demo_pauldefusco.db/branches_skewed]","IsNotNull(branch_id), IsNotNull(region), IsNotNull(branch_type)","branch_id:bigint,region:string,branch_type:string","isnotnull(branch_id#4015L), isnotnull(region#4018), isnotnull(branch_type#4019)","",false
1,29,488,"Parquet",0,0,0,0,"InMemoryFileIndex(1 paths)[s3a://goes-se-sandbox/data/warehouse/tablespace/external/hive/demo_pauldefusco.db/branches_skewed]","IsNotNull(branch_id), IsNotNull(region), IsNotNull(branch_type)","branch_id:bigint,region:string,branch_type:string,assets_under_management:double,annual_operating_cost:double","isnotnull(branch_id#3687L), isnotnull(region#3690), isnotnull(branch_type#3691)","",false
1,29,152,"Parquet",0,0,0,0,"InMemoryFileIndex(1 paths)[s3a://goes-se-sandbox/data/warehouse/tablespace/external/hive/demo_pauldefusco.db/calendar]","IsNotNull(calendar_date), IsNotNull(year), IsNotNull(month)","calendar_date:date,year:int,month:int","isnotnull(calendar_date#2706), isnotnull(year#2708), isnotnull(month#2710)","",false
1,29,213,"Parquet",0,0,0,0,"InMemoryFileIndex(1 paths)[s3a://goes-se-sandbox/data/warehouse/tablespace/external/hive/demo_pauldefusco.db/calendar]","IsNotNull(calendar_date), IsNotNull(year), IsNotNull(month)","calendar_date:date,year:int,month:int,is_weekend:boolean","isnotnull(calendar_date#2239), isnotnull(year#2241), isnotnull(month#2243)","",false
1,29,312,"Parquet",0,0,0,0,"InMemoryFileIndex(1 paths)[s3a://goes-se-sandbox/data/warehouse/tablespace/external/hive/demo_pauldefusco.db/calendar]","IsNotNull(calendar_date), IsNotNull(year), IsNotNull(quarter)","calendar_date:date,year:int,quarter:int","isnotnull(calendar_date#2978), isnotnull(year#2980), isnotnull(quarter#2981)","",false
1,29,352,"Parquet",0,0,0,0,"InMemoryFileIndex(1 paths)[s3a://goes-se-sandbox/data/warehouse/tablespace/external/hive/demo_pauldefusco.db/calendar]","IsNotNull(calendar_date), IsNotNull(year), IsNotNull(quarter)","calendar_date:date,year:int,quarter:int,is_weekend:boolean","isnotnull(calendar_date#2556), isnotnull(year#2558), isnotnull(quarter#2559)","",false
1,29,79,"Parquet",0,0,0,0,"InMemoryFileIndex(1 paths)[s3a://goes-se-sandbox/data/warehouse/tablespace/external/hive/demo_pauldefusco.db/calendar]","IsNotNull(calendar_date)","calendar_date:date,year:int,quarter:int,month:int,is_weekend:boolean","isnotnull(calendar_date#113)","",false
1,29,294,"Parquet",0,0,0,0,"InMemoryFileIndex(1 paths)[s3a://goes-se-sandbox/data/warehouse/tablespace/external/hive/demo_pauldefusco.db/customers_skewed]","IsNotNull(customer_id)","customer_id:bigint","isnotnull(customer_id#2937L)","",false
1,29,248,"Parquet",0,0,0,0,"InMemoryFileIndex(1 paths)[s3a://goes-se-sandbox/data/warehouse/tablespace/external/hive/demo_pauldefusco.db/customers_skewed]","IsNotNull(customer_id)","customer_id:bigint,credit_score:int","isnotnull(customer_id#2322L)","",false
1,29,480,"Parquet",0,0,0,0,"InMemoryFileIndex(1 paths)[s3a://goes-se-sandbox/data/warehouse/tablespace/external/hive/demo_pauldefusco.db/customers_skewed]","IsNotNull(customer_id), IsNotNull(customer_segment), IsNotNull(income_band)","customer_id:bigint,credit_score:int,income_band:string,customer_segment:string","isnotnull(customer_id#3657L), isnotnull(customer_segment#3664), isnotnull(income_band#3662)","",false
1,29,195,"Parquet",0,0,0,0,"InMemoryFileIndex(1 paths)[s3a://goes-se-sandbox/data/warehouse/tablespace/external/hive/demo_pauldefusco.db/customers_skewed]","IsNotNull(customer_id), IsNotNull(customer_segment), IsNotNull(income_band), IsNotNull(risk_rating)","customer_id:bigint,credit_score:int,income_band:string,customer_segment:string,risk_rating:string","isnotnull(customer_id#2198L), isnotnull(customer_segment#2205), isnotnull(income_band#2203), isnotnull(risk_rating#2207)","",false
1,29,57,"Parquet",0,0,0,0,"InMemoryFileIndex(1 paths)[s3a://goes-se-sandbox/data/warehouse/tablespace/external/hive/demo_pauldefusco.db/customers_skewed]","IsNotNull(customer_id)","customer_id:bigint,credit_score:int,income_band:string,estimated_income:double,customer_segment:string,risk_rating:string","isnotnull(customer_id#31L)","",false
1,29,426,"Parquet",0,0,0,0,"InMemoryFileIndex(1 paths)[s3a://goes-se-sandbox/data/warehouse/tablespace/external/hive/demo_pauldefusco.db/customers_skewed]","IsNotNull(customer_id), IsNotNull(customer_segment), IsNotNull(income_band)","customer_id:bigint,income_band:string,customer_segment:string","isnotnull(customer_id#3985L), isnotnull(customer_segment#3992), isnotnull(income_band#3990)","",false
1,29,129,"Parquet",0,0,0,0,"InMemoryFileIndex(1 paths)[s3a://goes-se-sandbox/data/warehouse/tablespace/external/hive/demo_pauldefusco.db/customers_skewed]","IsNotNull(customer_id), IsNotNull(customer_segment), IsNotNull(income_band), IsNotNull(risk_rating)","customer_id:bigint,income_band:string,customer_segment:string,risk_rating:string","isnotnull(customer_id#2665L), isnotnull(customer_segment#2672), isnotnull(income_band#2670), isnotnull(risk_rating#2674)","",false
1,29,142,"Parquet",0,0,0,0,"InMemoryFileIndex(1 paths)[s3a://goes-se-sandbox/data/warehouse/tablespace/external/hive/demo_pauldefusco.db/merchants_skewed]","IsNotNull(merchant_id)","merchant_id:bigint","isnotnull(merchant_id#2685L)","",false
1,29,434,"Parquet",0,0,0,0,"InMemoryFileIndex(1 paths)[s3a://goes-se-sandbox/data/warehouse/tablespace/external/hive/demo_pauldefusco.db/merchants_skewed]","IsNotNull(merchant_id), IsNotNull(region)","merchant_id:bigint,region:string","isnotnull(merchant_id#4005L), isnotnull(region#4007)","",false
1,29,522,"Parquet",0,0,0,0,"InMemoryFileIndex(1 paths)[s3a://goes-se-sandbox/data/warehouse/tablespace/external/hive/demo_pauldefusco.db/merchants_skewed]","IsNotNull(merchant_id), IsNotNull(region)","merchant_id:bigint,region:string,risk_level:string","isnotnull(merchant_id#3810L), isnotnull(region#3812)","",false
1,29,347,"Parquet",0,0,0,0,"InMemoryFileIndex(1 paths)[s3a://goes-se-sandbox/data/warehouse/tablespace/external/hive/demo_pauldefusco.db/merchants_skewed]","IsNotNull(merchant_id), IsNotNull(region), IsNotNull(risk_level), IsNotNull(merchant_size)","merchant_id:bigint,region:string,risk_level:string,annual_revenue:double,merchant_size:string","isnotnull(merchant_id#2535L), isnotnull(region#2537), isnotnull(risk_level#2540), isnotnull(merchant_size#2542)","",false
1,29,69,"Parquet",0,0,0,0,"InMemoryFileIndex(1 paths)[s3a://goes-se-sandbox/data/warehouse/tablespace/external/hive/demo_pauldefusco.db/merchants_skewed]","IsNotNull(merchant_id)","merchant_id:bigint,region:string,risk_level:string,merchant_size:string","isnotnull(merchant_id#71L)","",false
1,29,307,"Parquet",0,0,0,0,"InMemoryFileIndex(1 paths)[s3a://goes-se-sandbox/data/warehouse/tablespace/external/hive/demo_pauldefusco.db/merchants_skewed]","IsNotNull(merchant_id), IsNotNull(region)","merchant_id:bigint,region:string,risk_level:string,merchant_size:string","isnotnull(merchant_id#2957L), isnotnull(region#2959)","",false
1,29,208,"Parquet",0,0,0,0,"InMemoryFileIndex(1 paths)[s3a://goes-se-sandbox/data/warehouse/tablespace/external/hive/demo_pauldefusco.db/merchants_skewed]","IsNotNull(merchant_id)","merchant_id:bigint,risk_level:string","isnotnull(merchant_id#2218L)","",false
1,29,121,"Parquet",0,0,0,0,"InMemoryFileIndex(1 paths)[s3a://goes-se-sandbox/data/warehouse/tablespace/external/hive/demo_pauldefusco.db/trs_v26]","IsNotNull(transaction_id), LessThan(transaction_id,12500000000), IsNotNull(customer_id), IsNotNull(account_id)","transaction_id:bigint,customer_id:bigint,account_id:bigint,merchant_id:bigint,branch_id:bigint,transaction_date:date","isnotnull(transaction_id#2650L), (transaction_id#2650L < 12500000000), isnotnull(customer_id#2651L), isnotnull(account_id#2652L)","",false
1,29,289,"Parquet",0,0,0,0,"InMemoryFileIndex(1 paths)[s3a://goes-se-sandbox/data/warehouse/tablespace/external/hive/demo_pauldefusco.db/trs_v26]","IsNotNull(transaction_id), LessThan(transaction_id,12500000000), IsNotNull(customer_id), IsNotNull(merchant_id), IsNotNull(merchant_category)","transaction_id:bigint,customer_id:bigint,account_id:bigint,merchant_id:bigint,branch_id:bigint,transaction_date:date,merchant_category:string","isnotnull(transaction_id#2922L), (transaction_id#2922L < 12500000000), isnotnull(customer_id#2923L), isnotnull(merchant_id#2925L), isnotnull(merchant_category#2929)","",false
1,29,418,"Parquet",0,0,0,0,"InMemoryFileIndex(1 paths)[s3a://goes-se-sandbox/data/warehouse/tablespace/external/hive/demo_pauldefusco.db/trs_v26]","IsNotNull(transaction_id), LessThan(transaction_id,12500000000), IsNotNull(merchant_category)","transaction_id:bigint,customer_id:bigint,account_id:bigint,merchant_id:bigint,branch_id:bigint,transaction_date:date,merchant_category:string","isnotnull(transaction_id#3970L), (transaction_id#3970L < 12500000000), isnotnull(merchant_category#3977)","",false
1,29,340,"Parquet",0,0,0,0,"InMemoryFileIndex(1 paths)[s3a://goes-se-sandbox/data/warehouse/tablespace/external/hive/demo_pauldefusco.db/trs_v26]","IsNotNull(transaction_id), LessThan(transaction_id,12500000000), IsNotNull(merchant_id), IsNotNull(merchant_category)","transaction_id:bigint,customer_id:bigint,account_id:bigint,merchant_id:bigint,branch_id:bigint,transaction_date:date,merchant_category:string,transaction_amount:double,fraud_flag:int","isnotnull(transaction_id#2500L), (transaction_id#2500L < 12500000000), isnotnull(merchant_id#2503L), isnotnull(merchant_category#2507)","",false
1,29,514,"Parquet",0,0,0,0,"InMemoryFileIndex(1 paths)[s3a://goes-se-sandbox/data/warehouse/tablespace/external/hive/demo_pauldefusco.db/trs_v26]","IsNotNull(transaction_id), IsNotNull(fraud_flag), LessThan(transaction_id,12500000000), EqualTo(fraud_flag,1), IsNotNull(merchant_category)","transaction_id:bigint,customer_id:bigint,account_id:bigint,merchant_id:bigint,branch_id:bigint,transaction_date:date,merchant_category:string,transaction_amount:double,fraud_flag:int","isnotnull(transaction_id#3775L), isnotnull(fraud_flag#3787), (transaction_id#3775L < 12500000000), (fraud_flag#3787 = 1), isnotnull(merchant_category#3782)","",false
1,29,50,"Parquet",0,0,0,0,"InMemoryFileIndex(1 paths)[s3a://goes-se-sandbox/data/warehouse/tablespace/external/hive/demo_pauldefusco.db/trs_v26]","IsNotNull(transaction_id), LessThan(transaction_id,12500000000)","transaction_id:bigint,customer_id:bigint,account_id:bigint,merchant_id:bigint,branch_id:bigint,transaction_date:date,merchant_category:string,transaction_amount:double,payment_channel:string,payment_type:string,device_type:string,fraud_flag:int","isnotnull(transaction_id#0L), (transaction_id#0L < 12500000000)","",false
1,29,187,"Parquet",0,0,0,0,"InMemoryFileIndex(1 paths)[s3a://goes-se-sandbox/data/warehouse/tablespace/external/hive/demo_pauldefusco.db/trs_v26]","IsNotNull(transaction_id), LessThan(transaction_id,12500000000), IsNotNull(customer_id)","transaction_id:bigint,customer_id:bigint,account_id:bigint,merchant_id:bigint,branch_id:bigint,transaction_date:date,transaction_amount:double,fraud_flag:int","isnotnull(transaction_id#2183L), (transaction_id#2183L < 12500000000), isnotnull(customer_id#2184L)","",false
1,29,243,"Parquet",0,0,0,0,"InMemoryFileIndex(1 paths)[s3a://goes-se-sandbox/data/warehouse/tablespace/external/hive/demo_pauldefusco.db/trs_v26]","IsNotNull(transaction_id), LessThan(transaction_id,12500000000), IsNotNull(account_id)","transaction_id:bigint,customer_id:bigint,account_id:bigint,merchant_id:bigint,branch_id:bigint,transaction_date:date,transaction_amount:double,fraud_flag:int","isnotnull(transaction_id#2307L), (transaction_id#2307L < 12500000000), isnotnull(account_id#2309L)","",false
1,29,472,"Parquet",0,0,0,0,"InMemoryFileIndex(1 paths)[s3a://goes-se-sandbox/data/warehouse/tablespace/external/hive/demo_pauldefusco.db/trs_v26]","IsNotNull(transaction_id), LessThan(transaction_id,12500000000)","transaction_id:bigint,customer_id:bigint,account_id:bigint,merchant_id:bigint,branch_id:bigint,transaction_date:date,transaction_amount:double,fraud_flag:int","isnotnull(transaction_id#3642L), (transaction_id#3642L < 12500000000)","",false
1,29,377,"Parquet",0,0,0,0,"InMemoryFileIndex(1 paths)[s3a://goes-se-sandbox/data/warehouse/tablespace/external/hive/demo_pauldefusco.db/trs_v26]","IsNotNull(transaction_id), LessThan(transaction_id,12500000000), IsNotNull(payment_channel), IsNotNull(payment_type), IsNotNull(device_type)","transaction_id:bigint,customer_id:bigint,account_id:bigint,merchant_id:bigint,branch_id:bigint,transaction_date:date,transaction_amount:double,payment_channel:string,payment_type:string,device_type:string,fraud_flag:int","isnotnull(transaction_id#3237L), (transaction_id#3237L < 12500000000), isnotnull(payment_channel#3246), isnotnull(payment_type#3247), isnotnull(device_type#3248)","",false
1,30,302,"Parquet",0,0,0,0,"InMemoryFileIndex(1 paths)[s3a://goes-se-sandbox/data/warehouse/tablespace/external/hive/demo_pauldefusco.db/accounts_skewed]","IsNotNull(account_id)","account_id:bigint","isnotnull(account_id#2948L)","",false
1,30,137,"Parquet",0,0,0,0,"InMemoryFileIndex(1 paths)[s3a://goes-se-sandbox/data/warehouse/tablespace/external/hive/demo_pauldefusco.db/accounts_skewed]","IsNotNull(account_id), IsNotNull(account_type)","account_id:bigint,account_type:string,account_status:string","isnotnull(account_id#2676L), isnotnull(account_type#2677)","",false
1,30,64,"Parquet",0,0,0,0,"InMemoryFileIndex(1 paths)[s3a://goes-se-sandbox/data/warehouse/tablespace/external/hive/demo_pauldefusco.db/accounts_skewed]","IsNotNull(account_id)","account_id:bigint,account_type:string,account_status:string,current_balance:double,credit_limit:double,interest_rate:double","isnotnull(account_id#52L)","",false
1,30,256,"Parquet",0,0,0,0,"InMemoryFileIndex(1 paths)[s3a://goes-se-sandbox/data/warehouse/tablespace/external/hive/demo_pauldefusco.db/accounts_skewed]","IsNotNull(account_id), IsNotNull(account_type), IsNotNull(account_status)","account_id:bigint,account_type:string,account_status:string,current_balance:double,credit_limit:double,interest_rate:double","isnotnull(account_id#2333L), isnotnull(account_type#2334), isnotnull(account_status#2336)","",false
1,30,203,"Parquet",0,0,0,0,"InMemoryFileIndex(1 paths)[s3a://goes-se-sandbox/data/warehouse/tablespace/external/hive/demo_pauldefusco.db/accounts_skewed]","IsNotNull(account_id)","account_id:bigint,current_balance:double,interest_rate:double","isnotnull(account_id#2209L)","",false
1,30,147,"Parquet",0,0,0,0,"InMemoryFileIndex(1 paths)[s3a://goes-se-sandbox/data/warehouse/tablespace/external/hive/demo_pauldefusco.db/branches_skewed]","IsNotNull(branch_id)","branch_id:bigint","isnotnull(branch_id#2695L)","",false
1,30,74,"Parquet",0,0,0,0,"InMemoryFileIndex(1 paths)[s3a://goes-se-sandbox/data/warehouse/tablespace/external/hive/demo_pauldefusco.db/branches_skewed]","IsNotNull(branch_id)","branch_id:bigint,region:string,branch_type:string","isnotnull(branch_id#91L)","",false
1,30,441,"Parquet",0,0,0,0,"InMemoryFileIndex(1 paths)[s3a://goes-se-sandbox/data/warehouse/tablespace/external/hive/demo_pauldefusco.db/branches_skewed]","IsNotNull(branch_id), IsNotNull(region), IsNotNull(branch_type)","branch_id:bigint,region:string,branch_type:string","isnotnull(branch_id#4015L), isnotnull(region#4018), isnotnull(branch_type#4019)","",false
1,30,491,"Parquet",0,0,0,0,"InMemoryFileIndex(1 paths)[s3a://goes-se-sandbox/data/warehouse/tablespace/external/hive/demo_pauldefusco.db/branches_skewed]","IsNotNull(branch_id), IsNotNull(region), IsNotNull(branch_type)","branch_id:bigint,region:string,branch_type:string,assets_under_management:double,annual_operating_cost:double","isnotnull(branch_id#3687L), isnotnull(region#3690), isnotnull(branch_type#3691)","",false
1,30,152,"Parquet",0,0,0,0,"InMemoryFileIndex(1 paths)[s3a://goes-se-sandbox/data/warehouse/tablespace/external/hive/demo_pauldefusco.db/calendar]","IsNotNull(calendar_date), IsNotNull(year), IsNotNull(month)","calendar_date:date,year:int,month:int","isnotnull(calendar_date#2706), isnotnull(year#2708), isnotnull(month#2710)","",false
1,30,213,"Parquet",0,0,0,0,"InMemoryFileIndex(1 paths)[s3a://goes-se-sandbox/data/warehouse/tablespace/external/hive/demo_pauldefusco.db/calendar]","IsNotNull(calendar_date), IsNotNull(year), IsNotNull(month)","calendar_date:date,year:int,month:int,is_weekend:boolean","isnotnull(calendar_date#2239), isnotnull(year#2241), isnotnull(month#2243)","",false
1,30,312,"Parquet",0,0,0,0,"InMemoryFileIndex(1 paths)[s3a://goes-se-sandbox/data/warehouse/tablespace/external/hive/demo_pauldefusco.db/calendar]","IsNotNull(calendar_date), IsNotNull(year), IsNotNull(quarter)","calendar_date:date,year:int,quarter:int","isnotnull(calendar_date#2978), isnotnull(year#2980), isnotnull(quarter#2981)","",false
1,30,352,"Parquet",0,0,0,0,"InMemoryFileIndex(1 paths)[s3a://goes-se-sandbox/data/warehouse/tablespace/external/hive/demo_pauldefusco.db/calendar]","IsNotNull(calendar_date), IsNotNull(year), IsNotNull(quarter)","calendar_date:date,year:int,quarter:int,is_weekend:boolean","isnotnull(calendar_date#2556), isnotnull(year#2558), isnotnull(quarter#2559)","",false
1,30,79,"Parquet",0,0,0,0,"InMemoryFileIndex(1 paths)[s3a://goes-se-sandbox/data/warehouse/tablespace/external/hive/demo_pauldefusco.db/calendar]","IsNotNull(calendar_date)","calendar_date:date,year:int,quarter:int,month:int,is_weekend:boolean","isnotnull(calendar_date#113)","",false
1,30,294,"Parquet",0,0,0,0,"InMemoryFileIndex(1 paths)[s3a://goes-se-sandbox/data/warehouse/tablespace/external/hive/demo_pauldefusco.db/customers_skewed]","IsNotNull(customer_id)","customer_id:bigint","isnotnull(customer_id#2937L)","",false
1,30,248,"Parquet",0,0,0,0,"InMemoryFileIndex(1 paths)[s3a://goes-se-sandbox/data/warehouse/tablespace/external/hive/demo_pauldefusco.db/customers_skewed]","IsNotNull(customer_id)","customer_id:bigint,credit_score:int","isnotnull(customer_id#2322L)","",false
1,30,483,"Parquet",0,0,0,0,"InMemoryFileIndex(1 paths)[s3a://goes-se-sandbox/data/warehouse/tablespace/external/hive/demo_pauldefusco.db/customers_skewed]","IsNotNull(customer_id), IsNotNull(customer_segment), IsNotNull(income_band)","customer_id:bigint,credit_score:int,income_band:string,customer_segment:string","isnotnull(customer_id#3657L), isnotnull(customer_segment#3664), isnotnull(income_band#3662)","",false
1,30,195,"Parquet",0,0,0,0,"InMemoryFileIndex(1 paths)[s3a://goes-se-sandbox/data/warehouse/tablespace/external/hive/demo_pauldefusco.db/customers_skewed]","IsNotNull(customer_id), IsNotNull(customer_segment), IsNotNull(income_band), IsNotNull(risk_rating)","customer_id:bigint,credit_score:int,income_band:string,customer_segment:string,risk_rating:string","isnotnull(customer_id#2198L), isnotnull(customer_segment#2205), isnotnull(income_band#2203), isnotnull(risk_rating#2207)","",false
1,30,57,"Parquet",0,0,0,0,"InMemoryFileIndex(1 paths)[s3a://goes-se-sandbox/data/warehouse/tablespace/external/hive/demo_pauldefusco.db/customers_skewed]","IsNotNull(customer_id)","customer_id:bigint,credit_score:int,income_band:string,estimated_income:double,customer_segment:string,risk_rating:string","isnotnull(customer_id#31L)","",false
1,30,428,"Parquet",0,0,0,0,"InMemoryFileIndex(1 paths)[s3a://goes-se-sandbox/data/warehouse/tablespace/external/hive/demo_pauldefusco.db/customers_skewed]","IsNotNull(customer_id), IsNotNull(customer_segment), IsNotNull(income_band)","customer_id:bigint,income_band:string,customer_segment:string","isnotnull(customer_id#3985L), isnotnull(customer_segment#3992), isnotnull(income_band#3990)","",false
1,30,129,"Parquet",0,0,0,0,"InMemoryFileIndex(1 paths)[s3a://goes-se-sandbox/data/warehouse/tablespace/external/hive/demo_pauldefusco.db/customers_skewed]","IsNotNull(customer_id), IsNotNull(customer_segment), IsNotNull(income_band), IsNotNull(risk_rating)","customer_id:bigint,income_band:string,customer_segment:string,risk_rating:string","isnotnull(customer_id#2665L), isnotnull(customer_segment#2672), isnotnull(income_band#2670), isnotnull(risk_rating#2674)","",false
1,30,142,"Parquet",0,0,0,0,"InMemoryFileIndex(1 paths)[s3a://goes-se-sandbox/data/warehouse/tablespace/external/hive/demo_pauldefusco.db/merchants_skewed]","IsNotNull(merchant_id)","merchant_id:bigint","isnotnull(merchant_id#2685L)","",false
1,30,436,"Parquet",0,0,0,0,"InMemoryFileIndex(1 paths)[s3a://goes-se-sandbox/data/warehouse/tablespace/external/hive/demo_pauldefusco.db/merchants_skewed]","IsNotNull(merchant_id), IsNotNull(region)","merchant_id:bigint,region:string","isnotnull(merchant_id#4005L), isnotnull(region#4007)","",false
1,30,525,"Parquet",0,0,0,0,"InMemoryFileIndex(1 paths)[s3a://goes-se-sandbox/data/warehouse/tablespace/external/hive/demo_pauldefusco.db/merchants_skewed]","IsNotNull(merchant_id), IsNotNull(region)","merchant_id:bigint,region:string,risk_level:string","isnotnull(merchant_id#3810L), isnotnull(region#3812)","",false
1,30,347,"Parquet",0,0,0,0,"InMemoryFileIndex(1 paths)[s3a://goes-se-sandbox/data/warehouse/tablespace/external/hive/demo_pauldefusco.db/merchants_skewed]","IsNotNull(merchant_id), IsNotNull(region), IsNotNull(risk_level), IsNotNull(merchant_size)","merchant_id:bigint,region:string,risk_level:string,annual_revenue:double,merchant_size:string","isnotnull(merchant_id#2535L), isnotnull(region#2537), isnotnull(risk_level#2540), isnotnull(merchant_size#2542)","",false
1,30,69,"Parquet",0,0,0,0,"InMemoryFileIndex(1 paths)[s3a://goes-se-sandbox/data/warehouse/tablespace/external/hive/demo_pauldefusco.db/merchants_skewed]","IsNotNull(merchant_id)","merchant_id:bigint,region:string,risk_level:string,merchant_size:string","isnotnull(merchant_id#71L)","",false
1,30,307,"Parquet",0,0,0,0,"InMemoryFileIndex(1 paths)[s3a://goes-se-sandbox/data/warehouse/tablespace/external/hive/demo_pauldefusco.db/merchants_skewed]","IsNotNull(merchant_id), IsNotNull(region)","merchant_id:bigint,region:string,risk_level:string,merchant_size:string","isnotnull(merchant_id#2957L), isnotnull(region#2959)","",false
1,30,208,"Parquet",0,0,0,0,"InMemoryFileIndex(1 paths)[s3a://goes-se-sandbox/data/warehouse/tablespace/external/hive/demo_pauldefusco.db/merchants_skewed]","IsNotNull(merchant_id)","merchant_id:bigint,risk_level:string","isnotnull(merchant_id#2218L)","",false
1,30,121,"Parquet",0,0,0,0,"InMemoryFileIndex(1 paths)[s3a://goes-se-sandbox/data/warehouse/tablespace/external/hive/demo_pauldefusco.db/trs_v26]","IsNotNull(transaction_id), LessThan(transaction_id,12500000000), IsNotNull(customer_id), IsNotNull(account_id)","transaction_id:bigint,customer_id:bigint,account_id:bigint,merchant_id:bigint,branch_id:bigint,transaction_date:date","isnotnull(transaction_id#2650L), (transaction_id#2650L < 12500000000), isnotnull(customer_id#2651L), isnotnull(account_id#2652L)","",false
1,30,289,"Parquet",0,0,0,0,"InMemoryFileIndex(1 paths)[s3a://goes-se-sandbox/data/warehouse/tablespace/external/hive/demo_pauldefusco.db/trs_v26]","IsNotNull(transaction_id), LessThan(transaction_id,12500000000), IsNotNull(customer_id), IsNotNull(merchant_id), IsNotNull(merchant_category)","transaction_id:bigint,customer_id:bigint,account_id:bigint,merchant_id:bigint,branch_id:bigint,transaction_date:date,merchant_category:string","isnotnull(transaction_id#2922L), (transaction_id#2922L < 12500000000), isnotnull(customer_id#2923L), isnotnull(merchant_id#2925L), isnotnull(merchant_category#2929)","",false
1,30,420,"Parquet",0,0,0,0,"InMemoryFileIndex(1 paths)[s3a://goes-se-sandbox/data/warehouse/tablespace/external/hive/demo_pauldefusco.db/trs_v26]","IsNotNull(transaction_id), LessThan(transaction_id,12500000000), IsNotNull(merchant_category)","transaction_id:bigint,customer_id:bigint,account_id:bigint,merchant_id:bigint,branch_id:bigint,transaction_date:date,merchant_category:string","isnotnull(transaction_id#3970L), (transaction_id#3970L < 12500000000), isnotnull(merchant_category#3977)","",false
1,30,340,"Parquet",0,0,0,0,"InMemoryFileIndex(1 paths)[s3a://goes-se-sandbox/data/warehouse/tablespace/external/hive/demo_pauldefusco.db/trs_v26]","IsNotNull(transaction_id), LessThan(transaction_id,12500000000), IsNotNull(merchant_id), IsNotNull(merchant_category)","transaction_id:bigint,customer_id:bigint,account_id:bigint,merchant_id:bigint,branch_id:bigint,transaction_date:date,merchant_category:string,transaction_amount:double,fraud_flag:int","isnotnull(transaction_id#2500L), (transaction_id#2500L < 12500000000), isnotnull(merchant_id#2503L), isnotnull(merchant_category#2507)","",false
1,30,517,"Parquet",0,0,0,0,"InMemoryFileIndex(1 paths)[s3a://goes-se-sandbox/data/warehouse/tablespace/external/hive/demo_pauldefusco.db/trs_v26]","IsNotNull(transaction_id), IsNotNull(fraud_flag), LessThan(transaction_id,12500000000), EqualTo(fraud_flag,1), IsNotNull(merchant_category)","transaction_id:bigint,customer_id:bigint,account_id:bigint,merchant_id:bigint,branch_id:bigint,transaction_date:date,merchant_category:string,transaction_amount:double,fraud_flag:int","isnotnull(transaction_id#3775L), isnotnull(fraud_flag#3787), (transaction_id#3775L < 12500000000), (fraud_flag#3787 = 1), isnotnull(merchant_category#3782)","",false
1,30,50,"Parquet",0,0,0,0,"InMemoryFileIndex(1 paths)[s3a://goes-se-sandbox/data/warehouse/tablespace/external/hive/demo_pauldefusco.db/trs_v26]","IsNotNull(transaction_id), LessThan(transaction_id,12500000000)","transaction_id:bigint,customer_id:bigint,account_id:bigint,merchant_id:bigint,branch_id:bigint,transaction_date:date,merchant_category:string,transaction_amount:double,payment_channel:string,payment_type:string,device_type:string,fraud_flag:int","isnotnull(transaction_id#0L), (transaction_id#0L < 12500000000)","",false
1,30,187,"Parquet",0,0,0,0,"InMemoryFileIndex(1 paths)[s3a://goes-se-sandbox/data/warehouse/tablespace/external/hive/demo_pauldefusco.db/trs_v26]","IsNotNull(transaction_id), LessThan(transaction_id,12500000000), IsNotNull(customer_id)","transaction_id:bigint,customer_id:bigint,account_id:bigint,merchant_id:bigint,branch_id:bigint,transaction_date:date,transaction_amount:double,fraud_flag:int","isnotnull(transaction_id#2183L), (transaction_id#2183L < 12500000000), isnotnull(customer_id#2184L)","",false
1,30,243,"Parquet",0,0,0,0,"InMemoryFileIndex(1 paths)[s3a://goes-se-sandbox/data/warehouse/tablespace/external/hive/demo_pauldefusco.db/trs_v26]","IsNotNull(transaction_id), LessThan(transaction_id,12500000000), IsNotNull(account_id)","transaction_id:bigint,customer_id:bigint,account_id:bigint,merchant_id:bigint,branch_id:bigint,transaction_date:date,transaction_amount:double,fraud_flag:int","isnotnull(transaction_id#2307L), (transaction_id#2307L < 12500000000), isnotnull(account_id#2309L)","",false
1,30,475,"Parquet",0,0,0,0,"InMemoryFileIndex(1 paths)[s3a://goes-se-sandbox/data/warehouse/tablespace/external/hive/demo_pauldefusco.db/trs_v26]","IsNotNull(transaction_id), LessThan(transaction_id,12500000000)","transaction_id:bigint,customer_id:bigint,account_id:bigint,merchant_id:bigint,branch_id:bigint,transaction_date:date,transaction_amount:double,fraud_flag:int","isnotnull(transaction_id#3642L), (transaction_id#3642L < 12500000000)","",false
1,30,377,"Parquet",0,0,0,0,"InMemoryFileIndex(1 paths)[s3a://goes-se-sandbox/data/warehouse/tablespace/external/hive/demo_pauldefusco.db/trs_v26]","IsNotNull(transaction_id), LessThan(transaction_id,12500000000), IsNotNull(payment_channel), IsNotNull(payment_type), IsNotNull(device_type)","transaction_id:bigint,customer_id:bigint,account_id:bigint,merchant_id:bigint,branch_id:bigint,transaction_date:date,transaction_amount:double,payment_channel:string,payment_type:string,device_type:string,fraud_flag:int","isnotnull(transaction_id#3237L), (transaction_id#3237L < 12500000000), isnotnull(payment_channel#3246), isnotnull(payment_type#3247), isnotnull(device_type#3248)","",false
1,31,302,"Parquet",0,0,0,0,"InMemoryFileIndex(1 paths)[s3a://goes-se-sandbox/data/warehouse/tablespace/external/hive/demo_pauldefusco.db/accounts_skewed]","IsNotNull(account_id)","account_id:bigint","isnotnull(account_id#2948L)","",false
1,31,137,"Parquet",0,0,0,0,"InMemoryFileIndex(1 paths)[s3a://goes-se-sandbox/data/warehouse/tablespace/external/hive/demo_pauldefusco.db/accounts_skewed]","IsNotNull(account_id), IsNotNull(account_type)","account_id:bigint,account_type:string,account_status:string","isnotnull(account_id#2676L), isnotnull(account_type#2677)","",false
1,31,64,"Parquet",0,0,0,0,"InMemoryFileIndex(1 paths)[s3a://goes-se-sandbox/data/warehouse/tablespace/external/hive/demo_pauldefusco.db/accounts_skewed]","IsNotNull(account_id)","account_id:bigint,account_type:string,account_status:string,current_balance:double,credit_limit:double,interest_rate:double","isnotnull(account_id#52L)","",false
1,31,256,"Parquet",0,0,0,0,"InMemoryFileIndex(1 paths)[s3a://goes-se-sandbox/data/warehouse/tablespace/external/hive/demo_pauldefusco.db/accounts_skewed]","IsNotNull(account_id), IsNotNull(account_type), IsNotNull(account_status)","account_id:bigint,account_type:string,account_status:string,current_balance:double,credit_limit:double,interest_rate:double","isnotnull(account_id#2333L), isnotnull(account_type#2334), isnotnull(account_status#2336)","",false
1,31,203,"Parquet",0,0,0,0,"InMemoryFileIndex(1 paths)[s3a://goes-se-sandbox/data/warehouse/tablespace/external/hive/demo_pauldefusco.db/accounts_skewed]","IsNotNull(account_id)","account_id:bigint,current_balance:double,interest_rate:double","isnotnull(account_id#2209L)","",false
1,31,147,"Parquet",0,0,0,0,"InMemoryFileIndex(1 paths)[s3a://goes-se-sandbox/data/warehouse/tablespace/external/hive/demo_pauldefusco.db/branches_skewed]","IsNotNull(branch_id)","branch_id:bigint","isnotnull(branch_id#2695L)","",false
1,31,74,"Parquet",0,0,0,0,"InMemoryFileIndex(1 paths)[s3a://goes-se-sandbox/data/warehouse/tablespace/external/hive/demo_pauldefusco.db/branches_skewed]","IsNotNull(branch_id)","branch_id:bigint,region:string,branch_type:string","isnotnull(branch_id#91L)","",false
1,31,443,"Parquet",0,0,0,0,"InMemoryFileIndex(1 paths)[s3a://goes-se-sandbox/data/warehouse/tablespace/external/hive/demo_pauldefusco.db/branches_skewed]","IsNotNull(branch_id), IsNotNull(region), IsNotNull(branch_type)","branch_id:bigint,region:string,branch_type:string","isnotnull(branch_id#4015L), isnotnull(region#4018), isnotnull(branch_type#4019)","",false
1,31,493,"Parquet",0,0,0,0,"InMemoryFileIndex(1 paths)[s3a://goes-se-sandbox/data/warehouse/tablespace/external/hive/demo_pauldefusco.db/branches_skewed]","IsNotNull(branch_id), IsNotNull(region), IsNotNull(branch_type)","branch_id:bigint,region:string,branch_type:string,assets_under_management:double,annual_operating_cost:double","isnotnull(branch_id#3687L), isnotnull(region#3690), isnotnull(branch_type#3691)","",false
1,31,152,"Parquet",0,0,0,0,"InMemoryFileIndex(1 paths)[s3a://goes-se-sandbox/data/warehouse/tablespace/external/hive/demo_pauldefusco.db/calendar]","IsNotNull(calendar_date), IsNotNull(year), IsNotNull(month)","calendar_date:date,year:int,month:int","isnotnull(calendar_date#2706), isnotnull(year#2708), isnotnull(month#2710)","",false
1,31,213,"Parquet",0,0,0,0,"InMemoryFileIndex(1 paths)[s3a://goes-se-sandbox/data/warehouse/tablespace/external/hive/demo_pauldefusco.db/calendar]","IsNotNull(calendar_date), IsNotNull(year), IsNotNull(month)","calendar_date:date,year:int,month:int,is_weekend:boolean","isnotnull(calendar_date#2239), isnotnull(year#2241), isnotnull(month#2243)","",false
1,31,312,"Parquet",0,0,0,0,"InMemoryFileIndex(1 paths)[s3a://goes-se-sandbox/data/warehouse/tablespace/external/hive/demo_pauldefusco.db/calendar]","IsNotNull(calendar_date), IsNotNull(year), IsNotNull(quarter)","calendar_date:date,year:int,quarter:int","isnotnull(calendar_date#2978), isnotnull(year#2980), isnotnull(quarter#2981)","",false
1,31,352,"Parquet",0,0,0,0,"InMemoryFileIndex(1 paths)[s3a://goes-se-sandbox/data/warehouse/tablespace/external/hive/demo_pauldefusco.db/calendar]","IsNotNull(calendar_date), IsNotNull(year), IsNotNull(quarter)","calendar_date:date,year:int,quarter:int,is_weekend:boolean","isnotnull(calendar_date#2556), isnotnull(year#2558), isnotnull(quarter#2559)","",false
1,31,79,"Parquet",0,0,0,0,"InMemoryFileIndex(1 paths)[s3a://goes-se-sandbox/data/warehouse/tablespace/external/hive/demo_pauldefusco.db/calendar]","IsNotNull(calendar_date)","calendar_date:date,year:int,quarter:int,month:int,is_weekend:boolean","isnotnull(calendar_date#113)","",false
1,31,294,"Parquet",0,0,0,0,"InMemoryFileIndex(1 paths)[s3a://goes-se-sandbox/data/warehouse/tablespace/external/hive/demo_pauldefusco.db/customers_skewed]","IsNotNull(customer_id)","customer_id:bigint","isnotnull(customer_id#2937L)","",false
1,31,248,"Parquet",0,0,0,0,"InMemoryFileIndex(1 paths)[s3a://goes-se-sandbox/data/warehouse/tablespace/external/hive/demo_pauldefusco.db/customers_skewed]","IsNotNull(customer_id)","customer_id:bigint,credit_score:int","isnotnull(customer_id#2322L)","",false
1,31,485,"Parquet",0,0,0,0,"InMemoryFileIndex(1 paths)[s3a://goes-se-sandbox/data/warehouse/tablespace/external/hive/demo_pauldefusco.db/customers_skewed]","IsNotNull(customer_id), IsNotNull(customer_segment), IsNotNull(income_band)","customer_id:bigint,credit_score:int,income_band:string,customer_segment:string","isnotnull(customer_id#3657L), isnotnull(customer_segment#3664), isnotnull(income_band#3662)","",false
1,31,195,"Parquet",0,0,0,0,"InMemoryFileIndex(1 paths)[s3a://goes-se-sandbox/data/warehouse/tablespace/external/hive/demo_pauldefusco.db/customers_skewed]","IsNotNull(customer_id), IsNotNull(customer_segment), IsNotNull(income_band), IsNotNull(risk_rating)","customer_id:bigint,credit_score:int,income_band:string,customer_segment:string,risk_rating:string","isnotnull(customer_id#2198L), isnotnull(customer_segment#2205), isnotnull(income_band#2203), isnotnull(risk_rating#2207)","",false
1,31,57,"Parquet",0,0,0,0,"InMemoryFileIndex(1 paths)[s3a://goes-se-sandbox/data/warehouse/tablespace/external/hive/demo_pauldefusco.db/customers_skewed]","IsNotNull(customer_id)","customer_id:bigint,credit_score:int,income_band:string,estimated_income:double,customer_segment:string,risk_rating:string","isnotnull(customer_id#31L)","",false
1,31,430,"Parquet",0,0,0,0,"InMemoryFileIndex(1 paths)[s3a://goes-se-sandbox/data/warehouse/tablespace/external/hive/demo_pauldefusco.db/customers_skewed]","IsNotNull(customer_id), IsNotNull(customer_segment), IsNotNull(income_band)","customer_id:bigint,income_band:string,customer_segment:string","isnotnull(customer_id#3985L), isnotnull(customer_segment#3992), isnotnull(income_band#3990)","",false
1,31,129,"Parquet",0,0,0,0,"InMemoryFileIndex(1 paths)[s3a://goes-se-sandbox/data/warehouse/tablespace/external/hive/demo_pauldefusco.db/customers_skewed]","IsNotNull(customer_id), IsNotNull(customer_segment), IsNotNull(income_band), IsNotNull(risk_rating)","customer_id:bigint,income_band:string,customer_segment:string,risk_rating:string","isnotnull(customer_id#2665L), isnotnull(customer_segment#2672), isnotnull(income_band#2670), isnotnull(risk_rating#2674)","",false
1,31,142,"Parquet",0,0,0,0,"InMemoryFileIndex(1 paths)[s3a://goes-se-sandbox/data/warehouse/tablespace/external/hive/demo_pauldefusco.db/merchants_skewed]","IsNotNull(merchant_id)","merchant_id:bigint","isnotnull(merchant_id#2685L)","",false
1,31,438,"Parquet",0,0,0,0,"InMemoryFileIndex(1 paths)[s3a://goes-se-sandbox/data/warehouse/tablespace/external/hive/demo_pauldefusco.db/merchants_skewed]","IsNotNull(merchant_id), IsNotNull(region)","merchant_id:bigint,region:string","isnotnull(merchant_id#4005L), isnotnull(region#4007)","",false
1,31,528,"Parquet",0,0,0,0,"InMemoryFileIndex(1 paths)[s3a://goes-se-sandbox/data/warehouse/tablespace/external/hive/demo_pauldefusco.db/merchants_skewed]","IsNotNull(merchant_id), IsNotNull(region)","merchant_id:bigint,region:string,risk_level:string","isnotnull(merchant_id#3810L), isnotnull(region#3812)","",false
1,31,347,"Parquet",0,0,0,0,"InMemoryFileIndex(1 paths)[s3a://goes-se-sandbox/data/warehouse/tablespace/external/hive/demo_pauldefusco.db/merchants_skewed]","IsNotNull(merchant_id), IsNotNull(region), IsNotNull(risk_level), IsNotNull(merchant_size)","merchant_id:bigint,region:string,risk_level:string,annual_revenue:double,merchant_size:string","isnotnull(merchant_id#2535L), isnotnull(region#2537), isnotnull(risk_level#2540), isnotnull(merchant_size#2542)","",false
1,31,69,"Parquet",0,0,0,0,"InMemoryFileIndex(1 paths)[s3a://goes-se-sandbox/data/warehouse/tablespace/external/hive/demo_pauldefusco.db/merchants_skewed]","IsNotNull(merchant_id)","merchant_id:bigint,region:string,risk_level:string,merchant_size:string","isnotnull(merchant_id#71L)","",false
1,31,307,"Parquet",0,0,0,0,"InMemoryFileIndex(1 paths)[s3a://goes-se-sandbox/data/warehouse/tablespace/external/hive/demo_pauldefusco.db/merchants_skewed]","IsNotNull(merchant_id), IsNotNull(region)","merchant_id:bigint,region:string,risk_level:string,merchant_size:string","isnotnull(merchant_id#2957L), isnotnull(region#2959)","",false
1,31,208,"Parquet",0,0,0,0,"InMemoryFileIndex(1 paths)[s3a://goes-se-sandbox/data/warehouse/tablespace/external/hive/demo_pauldefusco.db/merchants_skewed]","IsNotNull(merchant_id)","merchant_id:bigint,risk_level:string","isnotnull(merchant_id#2218L)","",false
1,31,121,"Parquet",0,0,0,0,"InMemoryFileIndex(1 paths)[s3a://goes-se-sandbox/data/warehouse/tablespace/external/hive/demo_pauldefusco.db/trs_v26]","IsNotNull(transaction_id), LessThan(transaction_id,12500000000), IsNotNull(customer_id), IsNotNull(account_id)","transaction_id:bigint,customer_id:bigint,account_id:bigint,merchant_id:bigint,branch_id:bigint,transaction_date:date","isnotnull(transaction_id#2650L), (transaction_id#2650L < 12500000000), isnotnull(customer_id#2651L), isnotnull(account_id#2652L)","",false
1,31,289,"Parquet",0,0,0,0,"InMemoryFileIndex(1 paths)[s3a://goes-se-sandbox/data/warehouse/tablespace/external/hive/demo_pauldefusco.db/trs_v26]","IsNotNull(transaction_id), LessThan(transaction_id,12500000000), IsNotNull(customer_id), IsNotNull(merchant_id), IsNotNull(merchant_category)","transaction_id:bigint,customer_id:bigint,account_id:bigint,merchant_id:bigint,branch_id:bigint,transaction_date:date,merchant_category:string","isnotnull(transaction_id#2922L), (transaction_id#2922L < 12500000000), isnotnull(customer_id#2923L), isnotnull(merchant_id#2925L), isnotnull(merchant_category#2929)","",false
1,31,422,"Parquet",0,0,0,0,"InMemoryFileIndex(1 paths)[s3a://goes-se-sandbox/data/warehouse/tablespace/external/hive/demo_pauldefusco.db/trs_v26]","IsNotNull(transaction_id), LessThan(transaction_id,12500000000), IsNotNull(merchant_category)","transaction_id:bigint,customer_id:bigint,account_id:bigint,merchant_id:bigint,branch_id:bigint,transaction_date:date,merchant_category:string","isnotnull(transaction_id#3970L), (transaction_id#3970L < 12500000000), isnotnull(merchant_category#3977)","",false
1,31,340,"Parquet",0,0,0,0,"InMemoryFileIndex(1 paths)[s3a://goes-se-sandbox/data/warehouse/tablespace/external/hive/demo_pauldefusco.db/trs_v26]","IsNotNull(transaction_id), LessThan(transaction_id,12500000000), IsNotNull(merchant_id), IsNotNull(merchant_category)","transaction_id:bigint,customer_id:bigint,account_id:bigint,merchant_id:bigint,branch_id:bigint,transaction_date:date,merchant_category:string,transaction_amount:double,fraud_flag:int","isnotnull(transaction_id#2500L), (transaction_id#2500L < 12500000000), isnotnull(merchant_id#2503L), isnotnull(merchant_category#2507)","",false
1,31,520,"Parquet",0,0,0,0,"InMemoryFileIndex(1 paths)[s3a://goes-se-sandbox/data/warehouse/tablespace/external/hive/demo_pauldefusco.db/trs_v26]","IsNotNull(transaction_id), IsNotNull(fraud_flag), LessThan(transaction_id,12500000000), EqualTo(fraud_flag,1), IsNotNull(merchant_category)","transaction_id:bigint,customer_id:bigint,account_id:bigint,merchant_id:bigint,branch_id:bigint,transaction_date:date,merchant_category:string,transaction_amount:double,fraud_flag:int","isnotnull(transaction_id#3775L), isnotnull(fraud_flag#3787), (transaction_id#3775L < 12500000000), (fraud_flag#3787 = 1), isnotnull(merchant_category#3782)","",false
1,31,50,"Parquet",0,0,0,0,"InMemoryFileIndex(1 paths)[s3a://goes-se-sandbox/data/warehouse/tablespace/external/hive/demo_pauldefusco.db/trs_v26]","IsNotNull(transaction_id), LessThan(transaction_id,12500000000)","transaction_id:bigint,customer_id:bigint,account_id:bigint,merchant_id:bigint,branch_id:bigint,transaction_date:date,merchant_category:string,transaction_amount:double,payment_channel:string,payment_type:string,device_type:string,fraud_flag:int","isnotnull(transaction_id#0L), (transaction_id#0L < 12500000000)","",false
1,31,187,"Parquet",0,0,0,0,"InMemoryFileIndex(1 paths)[s3a://goes-se-sandbox/data/warehouse/tablespace/external/hive/demo_pauldefusco.db/trs_v26]","IsNotNull(transaction_id), LessThan(transaction_id,12500000000), IsNotNull(customer_id)","transaction_id:bigint,customer_id:bigint,account_id:bigint,merchant_id:bigint,branch_id:bigint,transaction_date:date,transaction_amount:double,fraud_flag:int","isnotnull(transaction_id#2183L), (transaction_id#2183L < 12500000000), isnotnull(customer_id#2184L)","",false
1,31,243,"Parquet",0,0,0,0,"InMemoryFileIndex(1 paths)[s3a://goes-se-sandbox/data/warehouse/tablespace/external/hive/demo_pauldefusco.db/trs_v26]","IsNotNull(transaction_id), LessThan(transaction_id,12500000000), IsNotNull(account_id)","transaction_id:bigint,customer_id:bigint,account_id:bigint,merchant_id:bigint,branch_id:bigint,transaction_date:date,transaction_amount:double,fraud_flag:int","isnotnull(transaction_id#2307L), (transaction_id#2307L < 12500000000), isnotnull(account_id#2309L)","",false
1,31,477,"Parquet",0,0,0,0,"InMemoryFileIndex(1 paths)[s3a://goes-se-sandbox/data/warehouse/tablespace/external/hive/demo_pauldefusco.db/trs_v26]","IsNotNull(transaction_id), LessThan(transaction_id,12500000000)","transaction_id:bigint,customer_id:bigint,account_id:bigint,merchant_id:bigint,branch_id:bigint,transaction_date:date,transaction_amount:double,fraud_flag:int","isnotnull(transaction_id#3642L), (transaction_id#3642L < 12500000000)","",false
1,31,377,"Parquet",0,0,0,0,"InMemoryFileIndex(1 paths)[s3a://goes-se-sandbox/data/warehouse/tablespace/external/hive/demo_pauldefusco.db/trs_v26]","IsNotNull(transaction_id), LessThan(transaction_id,12500000000), IsNotNull(payment_channel), IsNotNull(payment_type), IsNotNull(device_type)","transaction_id:bigint,customer_id:bigint,account_id:bigint,merchant_id:bigint,branch_id:bigint,transaction_date:date,transaction_amount:double,payment_channel:string,payment_type:string,device_type:string,fraud_flag:int","isnotnull(transaction_id#3237L), (transaction_id#3237L < 12500000000), isnotnull(payment_channel#3246), isnotnull(payment_type#3247), isnotnull(device_type#3248)","",false
1,32,305,"Parquet",0,0,0,0,"InMemoryFileIndex(1 paths)[s3a://goes-se-sandbox/data/warehouse/tablespace/external/hive/demo_pauldefusco.db/accounts_skewed]","IsNotNull(account_id)","account_id:bigint","isnotnull(account_id#2948L)","",false
1,32,140,"Parquet",0,0,0,0,"InMemoryFileIndex(1 paths)[s3a://goes-se-sandbox/data/warehouse/tablespace/external/hive/demo_pauldefusco.db/accounts_skewed]","IsNotNull(account_id), IsNotNull(account_type)","account_id:bigint,account_type:string,account_status:string","isnotnull(account_id#2676L), isnotnull(account_type#2677)","",false
1,32,66,"Parquet",0,0,0,0,"InMemoryFileIndex(1 paths)[s3a://goes-se-sandbox/data/warehouse/tablespace/external/hive/demo_pauldefusco.db/accounts_skewed]","IsNotNull(account_id)","account_id:bigint,account_type:string,account_status:string,current_balance:double,credit_limit:double,interest_rate:double","isnotnull(account_id#52L)","",false
1,32,259,"Parquet",0,0,0,0,"InMemoryFileIndex(1 paths)[s3a://goes-se-sandbox/data/warehouse/tablespace/external/hive/demo_pauldefusco.db/accounts_skewed]","IsNotNull(account_id), IsNotNull(account_type), IsNotNull(account_status)","account_id:bigint,account_type:string,account_status:string,current_balance:double,credit_limit:double,interest_rate:double","isnotnull(account_id#2333L), isnotnull(account_type#2334), isnotnull(account_status#2336)","",false
1,32,206,"Parquet",0,0,0,0,"InMemoryFileIndex(1 paths)[s3a://goes-se-sandbox/data/warehouse/tablespace/external/hive/demo_pauldefusco.db/accounts_skewed]","IsNotNull(account_id)","account_id:bigint,current_balance:double,interest_rate:double","isnotnull(account_id#2209L)","",false
1,32,150,"Parquet",0,0,0,0,"InMemoryFileIndex(1 paths)[s3a://goes-se-sandbox/data/warehouse/tablespace/external/hive/demo_pauldefusco.db/branches_skewed]","IsNotNull(branch_id)","branch_id:bigint","isnotnull(branch_id#2695L)","",false
1,32,76,"Parquet",0,0,0,0,"InMemoryFileIndex(1 paths)[s3a://goes-se-sandbox/data/warehouse/tablespace/external/hive/demo_pauldefusco.db/branches_skewed]","IsNotNull(branch_id)","branch_id:bigint,region:string,branch_type:string","isnotnull(branch_id#91L)","",false
1,32,446,"Parquet",0,0,0,0,"InMemoryFileIndex(1 paths)[s3a://goes-se-sandbox/data/warehouse/tablespace/external/hive/demo_pauldefusco.db/branches_skewed]","IsNotNull(branch_id), IsNotNull(region), IsNotNull(branch_type)","branch_id:bigint,region:string,branch_type:string","isnotnull(branch_id#4015L), isnotnull(region#4018), isnotnull(branch_type#4019)","",false
1,32,496,"Parquet",0,0,0,0,"InMemoryFileIndex(1 paths)[s3a://goes-se-sandbox/data/warehouse/tablespace/external/hive/demo_pauldefusco.db/branches_skewed]","IsNotNull(branch_id), IsNotNull(region), IsNotNull(branch_type)","branch_id:bigint,region:string,branch_type:string,assets_under_management:double,annual_operating_cost:double","isnotnull(branch_id#3687L), isnotnull(region#3690), isnotnull(branch_type#3691)","",false
1,32,155,"Parquet",0,0,0,0,"InMemoryFileIndex(1 paths)[s3a://goes-se-sandbox/data/warehouse/tablespace/external/hive/demo_pauldefusco.db/calendar]","IsNotNull(calendar_date), IsNotNull(year), IsNotNull(month)","calendar_date:date,year:int,month:int","isnotnull(calendar_date#2706), isnotnull(year#2708), isnotnull(month#2710)","",false
1,32,216,"Parquet",0,0,0,0,"InMemoryFileIndex(1 paths)[s3a://goes-se-sandbox/data/warehouse/tablespace/external/hive/demo_pauldefusco.db/calendar]","IsNotNull(calendar_date), IsNotNull(year), IsNotNull(month)","calendar_date:date,year:int,month:int,is_weekend:boolean","isnotnull(calendar_date#2239), isnotnull(year#2241), isnotnull(month#2243)","",false
1,32,315,"Parquet",0,0,0,0,"InMemoryFileIndex(1 paths)[s3a://goes-se-sandbox/data/warehouse/tablespace/external/hive/demo_pauldefusco.db/calendar]","IsNotNull(calendar_date), IsNotNull(year), IsNotNull(quarter)","calendar_date:date,year:int,quarter:int","isnotnull(calendar_date#2978), isnotnull(year#2980), isnotnull(quarter#2981)","",false
1,32,355,"Parquet",0,0,0,0,"InMemoryFileIndex(1 paths)[s3a://goes-se-sandbox/data/warehouse/tablespace/external/hive/demo_pauldefusco.db/calendar]","IsNotNull(calendar_date), IsNotNull(year), IsNotNull(quarter)","calendar_date:date,year:int,quarter:int,is_weekend:boolean","isnotnull(calendar_date#2556), isnotnull(year#2558), isnotnull(quarter#2559)","",false
1,32,81,"Parquet",0,0,0,0,"InMemoryFileIndex(1 paths)[s3a://goes-se-sandbox/data/warehouse/tablespace/external/hive/demo_pauldefusco.db/calendar]","IsNotNull(calendar_date)","calendar_date:date,year:int,quarter:int,month:int,is_weekend:boolean","isnotnull(calendar_date#113)","",false
1,32,297,"Parquet",0,0,0,0,"InMemoryFileIndex(1 paths)[s3a://goes-se-sandbox/data/warehouse/tablespace/external/hive/demo_pauldefusco.db/customers_skewed]","IsNotNull(customer_id)","customer_id:bigint","isnotnull(customer_id#2937L)","",false
1,32,251,"Parquet",0,0,0,0,"InMemoryFileIndex(1 paths)[s3a://goes-se-sandbox/data/warehouse/tablespace/external/hive/demo_pauldefusco.db/customers_skewed]","IsNotNull(customer_id)","customer_id:bigint,credit_score:int","isnotnull(customer_id#2322L)","",false
1,32,488,"Parquet",0,0,0,0,"InMemoryFileIndex(1 paths)[s3a://goes-se-sandbox/data/warehouse/tablespace/external/hive/demo_pauldefusco.db/customers_skewed]","IsNotNull(customer_id), IsNotNull(customer_segment), IsNotNull(income_band)","customer_id:bigint,credit_score:int,income_band:string,customer_segment:string","isnotnull(customer_id#3657L), isnotnull(customer_segment#3664), isnotnull(income_band#3662)","",false
1,32,198,"Parquet",0,0,0,0,"InMemoryFileIndex(1 paths)[s3a://goes-se-sandbox/data/warehouse/tablespace/external/hive/demo_pauldefusco.db/customers_skewed]","IsNotNull(customer_id), IsNotNull(customer_segment), IsNotNull(income_band), IsNotNull(risk_rating)","customer_id:bigint,credit_score:int,income_band:string,customer_segment:string,risk_rating:string","isnotnull(customer_id#2198L), isnotnull(customer_segment#2205), isnotnull(income_band#2203), isnotnull(risk_rating#2207)","",false
1,32,59,"Parquet",0,0,0,0,"InMemoryFileIndex(1 paths)[s3a://goes-se-sandbox/data/warehouse/tablespace/external/hive/demo_pauldefusco.db/customers_skewed]","IsNotNull(customer_id)","customer_id:bigint,credit_score:int,income_band:string,estimated_income:double,customer_segment:string,risk_rating:string","isnotnull(customer_id#31L)","",false
1,32,433,"Parquet",0,0,0,0,"InMemoryFileIndex(1 paths)[s3a://goes-se-sandbox/data/warehouse/tablespace/external/hive/demo_pauldefusco.db/customers_skewed]","IsNotNull(customer_id), IsNotNull(customer_segment), IsNotNull(income_band)","customer_id:bigint,income_band:string,customer_segment:string","isnotnull(customer_id#3985L), isnotnull(customer_segment#3992), isnotnull(income_band#3990)","",false
1,32,132,"Parquet",0,0,0,0,"InMemoryFileIndex(1 paths)[s3a://goes-se-sandbox/data/warehouse/tablespace/external/hive/demo_pauldefusco.db/customers_skewed]","IsNotNull(customer_id), IsNotNull(customer_segment), IsNotNull(income_band), IsNotNull(risk_rating)","customer_id:bigint,income_band:string,customer_segment:string,risk_rating:string","isnotnull(customer_id#2665L), isnotnull(customer_segment#2672), isnotnull(income_band#2670), isnotnull(risk_rating#2674)","",false
1,32,145,"Parquet",0,0,0,0,"InMemoryFileIndex(1 paths)[s3a://goes-se-sandbox/data/warehouse/tablespace/external/hive/demo_pauldefusco.db/merchants_skewed]","IsNotNull(merchant_id)","merchant_id:bigint","isnotnull(merchant_id#2685L)","",false
1,32,441,"Parquet",0,0,0,0,"InMemoryFileIndex(1 paths)[s3a://goes-se-sandbox/data/warehouse/tablespace/external/hive/demo_pauldefusco.db/merchants_skewed]","IsNotNull(merchant_id), IsNotNull(region)","merchant_id:bigint,region:string","isnotnull(merchant_id#4005L), isnotnull(region#4007)","",false
1,32,531,"Parquet",0,0,0,0,"InMemoryFileIndex(1 paths)[s3a://goes-se-sandbox/data/warehouse/tablespace/external/hive/demo_pauldefusco.db/merchants_skewed]","IsNotNull(merchant_id), IsNotNull(region)","merchant_id:bigint,region:string,risk_level:string","isnotnull(merchant_id#3810L), isnotnull(region#3812)","",false
1,32,350,"Parquet",0,0,0,0,"InMemoryFileIndex(1 paths)[s3a://goes-se-sandbox/data/warehouse/tablespace/external/hive/demo_pauldefusco.db/merchants_skewed]","IsNotNull(merchant_id), IsNotNull(region), IsNotNull(risk_level), IsNotNull(merchant_size)","merchant_id:bigint,region:string,risk_level:string,annual_revenue:double,merchant_size:string","isnotnull(merchant_id#2535L), isnotnull(region#2537), isnotnull(risk_level#2540), isnotnull(merchant_size#2542)","",false
1,32,71,"Parquet",0,0,0,0,"InMemoryFileIndex(1 paths)[s3a://goes-se-sandbox/data/warehouse/tablespace/external/hive/demo_pauldefusco.db/merchants_skewed]","IsNotNull(merchant_id)","merchant_id:bigint,region:string,risk_level:string,merchant_size:string","isnotnull(merchant_id#71L)","",false
1,32,310,"Parquet",0,0,0,0,"InMemoryFileIndex(1 paths)[s3a://goes-se-sandbox/data/warehouse/tablespace/external/hive/demo_pauldefusco.db/merchants_skewed]","IsNotNull(merchant_id), IsNotNull(region)","merchant_id:bigint,region:string,risk_level:string,merchant_size:string","isnotnull(merchant_id#2957L), isnotnull(region#2959)","",false
1,32,211,"Parquet",0,0,0,0,"InMemoryFileIndex(1 paths)[s3a://goes-se-sandbox/data/warehouse/tablespace/external/hive/demo_pauldefusco.db/merchants_skewed]","IsNotNull(merchant_id)","merchant_id:bigint,risk_level:string","isnotnull(merchant_id#2218L)","",false
1,32,124,"Parquet",0,0,0,0,"InMemoryFileIndex(1 paths)[s3a://goes-se-sandbox/data/warehouse/tablespace/external/hive/demo_pauldefusco.db/trs_v26]","IsNotNull(transaction_id), LessThan(transaction_id,12500000000), IsNotNull(customer_id), IsNotNull(account_id)","transaction_id:bigint,customer_id:bigint,account_id:bigint,merchant_id:bigint,branch_id:bigint,transaction_date:date","isnotnull(transaction_id#2650L), (transaction_id#2650L < 12500000000), isnotnull(customer_id#2651L), isnotnull(account_id#2652L)","",false
1,32,292,"Parquet",0,0,0,0,"InMemoryFileIndex(1 paths)[s3a://goes-se-sandbox/data/warehouse/tablespace/external/hive/demo_pauldefusco.db/trs_v26]","IsNotNull(transaction_id), LessThan(transaction_id,12500000000), IsNotNull(customer_id), IsNotNull(merchant_id), IsNotNull(merchant_category)","transaction_id:bigint,customer_id:bigint,account_id:bigint,merchant_id:bigint,branch_id:bigint,transaction_date:date,merchant_category:string","isnotnull(transaction_id#2922L), (transaction_id#2922L < 12500000000), isnotnull(customer_id#2923L), isnotnull(merchant_id#2925L), isnotnull(merchant_category#2929)","",false
1,32,425,"Parquet",0,0,0,0,"InMemoryFileIndex(1 paths)[s3a://goes-se-sandbox/data/warehouse/tablespace/external/hive/demo_pauldefusco.db/trs_v26]","IsNotNull(transaction_id), LessThan(transaction_id,12500000000), IsNotNull(merchant_category)","transaction_id:bigint,customer_id:bigint,account_id:bigint,merchant_id:bigint,branch_id:bigint,transaction_date:date,merchant_category:string","isnotnull(transaction_id#3970L), (transaction_id#3970L < 12500000000), isnotnull(merchant_category#3977)","",false
1,32,343,"Parquet",0,0,0,0,"InMemoryFileIndex(1 paths)[s3a://goes-se-sandbox/data/warehouse/tablespace/external/hive/demo_pauldefusco.db/trs_v26]","IsNotNull(transaction_id), LessThan(transaction_id,12500000000), IsNotNull(merchant_id), IsNotNull(merchant_category)","transaction_id:bigint,customer_id:bigint,account_id:bigint,merchant_id:bigint,branch_id:bigint,transaction_date:date,merchant_category:string,transaction_amount:double,fraud_flag:int","isnotnull(transaction_id#2500L), (transaction_id#2500L < 12500000000), isnotnull(merchant_id#2503L), isnotnull(merchant_category#2507)","",false
1,32,523,"Parquet",0,0,0,0,"InMemoryFileIndex(1 paths)[s3a://goes-se-sandbox/data/warehouse/tablespace/external/hive/demo_pauldefusco.db/trs_v26]","IsNotNull(transaction_id), IsNotNull(fraud_flag), LessThan(transaction_id,12500000000), EqualTo(fraud_flag,1), IsNotNull(merchant_category)","transaction_id:bigint,customer_id:bigint,account_id:bigint,merchant_id:bigint,branch_id:bigint,transaction_date:date,merchant_category:string,transaction_amount:double,fraud_flag:int","isnotnull(transaction_id#3775L), isnotnull(fraud_flag#3787), (transaction_id#3775L < 12500000000), (fraud_flag#3787 = 1), isnotnull(merchant_category#3782)","",false
1,32,52,"Parquet",0,0,0,0,"InMemoryFileIndex(1 paths)[s3a://goes-se-sandbox/data/warehouse/tablespace/external/hive/demo_pauldefusco.db/trs_v26]","IsNotNull(transaction_id), LessThan(transaction_id,12500000000)","transaction_id:bigint,customer_id:bigint,account_id:bigint,merchant_id:bigint,branch_id:bigint,transaction_date:date,merchant_category:string,transaction_amount:double,payment_channel:string,payment_type:string,device_type:string,fraud_flag:int","isnotnull(transaction_id#0L), (transaction_id#0L < 12500000000)","",false
1,32,190,"Parquet",0,0,0,0,"InMemoryFileIndex(1 paths)[s3a://goes-se-sandbox/data/warehouse/tablespace/external/hive/demo_pauldefusco.db/trs_v26]","IsNotNull(transaction_id), LessThan(transaction_id,12500000000), IsNotNull(customer_id)","transaction_id:bigint,customer_id:bigint,account_id:bigint,merchant_id:bigint,branch_id:bigint,transaction_date:date,transaction_amount:double,fraud_flag:int","isnotnull(transaction_id#2183L), (transaction_id#2183L < 12500000000), isnotnull(customer_id#2184L)","",false
1,32,246,"Parquet",0,0,0,0,"InMemoryFileIndex(1 paths)[s3a://goes-se-sandbox/data/warehouse/tablespace/external/hive/demo_pauldefusco.db/trs_v26]","IsNotNull(transaction_id), LessThan(transaction_id,12500000000), IsNotNull(account_id)","transaction_id:bigint,customer_id:bigint,account_id:bigint,merchant_id:bigint,branch_id:bigint,transaction_date:date,transaction_amount:double,fraud_flag:int","isnotnull(transaction_id#2307L), (transaction_id#2307L < 12500000000), isnotnull(account_id#2309L)","",false
1,32,480,"Parquet",0,0,0,0,"InMemoryFileIndex(1 paths)[s3a://goes-se-sandbox/data/warehouse/tablespace/external/hive/demo_pauldefusco.db/trs_v26]","IsNotNull(transaction_id), LessThan(transaction_id,12500000000)","transaction_id:bigint,customer_id:bigint,account_id:bigint,merchant_id:bigint,branch_id:bigint,transaction_date:date,transaction_amount:double,fraud_flag:int","isnotnull(transaction_id#3642L), (transaction_id#3642L < 12500000000)","",false
1,32,380,"Parquet",0,0,0,0,"InMemoryFileIndex(1 paths)[s3a://goes-se-sandbox/data/warehouse/tablespace/external/hive/demo_pauldefusco.db/trs_v26]","IsNotNull(transaction_id), LessThan(transaction_id,12500000000), IsNotNull(payment_channel), IsNotNull(payment_type), IsNotNull(device_type)","transaction_id:bigint,customer_id:bigint,account_id:bigint,merchant_id:bigint,branch_id:bigint,transaction_date:date,transaction_amount:double,payment_channel:string,payment_type:string,device_type:string,fraud_flag:int","isnotnull(transaction_id#3237L), (transaction_id#3237L < 12500000000), isnotnull(payment_channel#3246), isnotnull(payment_type#3247), isnotnull(device_type#3248)","",false
1,33,308,"Parquet",0,0,0,0,"InMemoryFileIndex(1 paths)[s3a://goes-se-sandbox/data/warehouse/tablespace/external/hive/demo_pauldefusco.db/accounts_skewed]","IsNotNull(account_id)","account_id:bigint","isnotnull(account_id#2948L)","",false
1,33,142,"Parquet",0,0,0,0,"InMemoryFileIndex(1 paths)[s3a://goes-se-sandbox/data/warehouse/tablespace/external/hive/demo_pauldefusco.db/accounts_skewed]","IsNotNull(account_id), IsNotNull(account_type)","account_id:bigint,account_type:string,account_status:string","isnotnull(account_id#2676L), isnotnull(account_type#2677)","",false
1,33,68,"Parquet",0,0,0,0,"InMemoryFileIndex(1 paths)[s3a://goes-se-sandbox/data/warehouse/tablespace/external/hive/demo_pauldefusco.db/accounts_skewed]","IsNotNull(account_id)","account_id:bigint,account_type:string,account_status:string,current_balance:double,credit_limit:double,interest_rate:double","isnotnull(account_id#52L)","",false
1,33,261,"Parquet",0,0,0,0,"InMemoryFileIndex(1 paths)[s3a://goes-se-sandbox/data/warehouse/tablespace/external/hive/demo_pauldefusco.db/accounts_skewed]","IsNotNull(account_id), IsNotNull(account_type), IsNotNull(account_status)","account_id:bigint,account_type:string,account_status:string,current_balance:double,credit_limit:double,interest_rate:double","isnotnull(account_id#2333L), isnotnull(account_type#2334), isnotnull(account_status#2336)","",false
1,33,208,"Parquet",0,0,0,0,"InMemoryFileIndex(1 paths)[s3a://goes-se-sandbox/data/warehouse/tablespace/external/hive/demo_pauldefusco.db/accounts_skewed]","IsNotNull(account_id)","account_id:bigint,current_balance:double,interest_rate:double","isnotnull(account_id#2209L)","",false
1,33,152,"Parquet",0,0,0,0,"InMemoryFileIndex(1 paths)[s3a://goes-se-sandbox/data/warehouse/tablespace/external/hive/demo_pauldefusco.db/branches_skewed]","IsNotNull(branch_id)","branch_id:bigint","isnotnull(branch_id#2695L)","",false
1,33,78,"Parquet",0,0,0,0,"InMemoryFileIndex(1 paths)[s3a://goes-se-sandbox/data/warehouse/tablespace/external/hive/demo_pauldefusco.db/branches_skewed]","IsNotNull(branch_id)","branch_id:bigint,region:string,branch_type:string","isnotnull(branch_id#91L)","",false
1,33,449,"Parquet",0,0,0,0,"InMemoryFileIndex(1 paths)[s3a://goes-se-sandbox/data/warehouse/tablespace/external/hive/demo_pauldefusco.db/branches_skewed]","IsNotNull(branch_id), IsNotNull(region), IsNotNull(branch_type)","branch_id:bigint,region:string,branch_type:string","isnotnull(branch_id#4015L), isnotnull(region#4018), isnotnull(branch_type#4019)","",false
1,33,499,"Parquet",0,0,0,0,"InMemoryFileIndex(1 paths)[s3a://goes-se-sandbox/data/warehouse/tablespace/external/hive/demo_pauldefusco.db/branches_skewed]","IsNotNull(branch_id), IsNotNull(region), IsNotNull(branch_type)","branch_id:bigint,region:string,branch_type:string,assets_under_management:double,annual_operating_cost:double","isnotnull(branch_id#3687L), isnotnull(region#3690), isnotnull(branch_type#3691)","",false
1,33,157,"Parquet",0,0,0,0,"InMemoryFileIndex(1 paths)[s3a://goes-se-sandbox/data/warehouse/tablespace/external/hive/demo_pauldefusco.db/calendar]","IsNotNull(calendar_date), IsNotNull(year), IsNotNull(month)","calendar_date:date,year:int,month:int","isnotnull(calendar_date#2706), isnotnull(year#2708), isnotnull(month#2710)","",false
1,33,218,"Parquet",0,0,0,0,"InMemoryFileIndex(1 paths)[s3a://goes-se-sandbox/data/warehouse/tablespace/external/hive/demo_pauldefusco.db/calendar]","IsNotNull(calendar_date), IsNotNull(year), IsNotNull(month)","calendar_date:date,year:int,month:int,is_weekend:boolean","isnotnull(calendar_date#2239), isnotnull(year#2241), isnotnull(month#2243)","",false
1,33,318,"Parquet",0,0,0,0,"InMemoryFileIndex(1 paths)[s3a://goes-se-sandbox/data/warehouse/tablespace/external/hive/demo_pauldefusco.db/calendar]","IsNotNull(calendar_date), IsNotNull(year), IsNotNull(quarter)","calendar_date:date,year:int,quarter:int","isnotnull(calendar_date#2978), isnotnull(year#2980), isnotnull(quarter#2981)","",false
1,33,358,"Parquet",0,0,0,0,"InMemoryFileIndex(1 paths)[s3a://goes-se-sandbox/data/warehouse/tablespace/external/hive/demo_pauldefusco.db/calendar]","IsNotNull(calendar_date), IsNotNull(year), IsNotNull(quarter)","calendar_date:date,year:int,quarter:int,is_weekend:boolean","isnotnull(calendar_date#2556), isnotnull(year#2558), isnotnull(quarter#2559)","",false
1,33,83,"Parquet",0,0,0,0,"InMemoryFileIndex(1 paths)[s3a://goes-se-sandbox/data/warehouse/tablespace/external/hive/demo_pauldefusco.db/calendar]","IsNotNull(calendar_date)","calendar_date:date,year:int,quarter:int,month:int,is_weekend:boolean","isnotnull(calendar_date#113)","",false
1,33,300,"Parquet",0,0,0,0,"InMemoryFileIndex(1 paths)[s3a://goes-se-sandbox/data/warehouse/tablespace/external/hive/demo_pauldefusco.db/customers_skewed]","IsNotNull(customer_id)","customer_id:bigint","isnotnull(customer_id#2937L)","",false
1,33,253,"Parquet",0,0,0,0,"InMemoryFileIndex(1 paths)[s3a://goes-se-sandbox/data/warehouse/tablespace/external/hive/demo_pauldefusco.db/customers_skewed]","IsNotNull(customer_id)","customer_id:bigint,credit_score:int","isnotnull(customer_id#2322L)","",false
1,33,491,"Parquet",0,0,0,0,"InMemoryFileIndex(1 paths)[s3a://goes-se-sandbox/data/warehouse/tablespace/external/hive/demo_pauldefusco.db/customers_skewed]","IsNotNull(customer_id), IsNotNull(customer_segment), IsNotNull(income_band)","customer_id:bigint,credit_score:int,income_band:string,customer_segment:string","isnotnull(customer_id#3657L), isnotnull(customer_segment#3664), isnotnull(income_band#3662)","",false
1,33,200,"Parquet",0,0,0,0,"InMemoryFileIndex(1 paths)[s3a://goes-se-sandbox/data/warehouse/tablespace/external/hive/demo_pauldefusco.db/customers_skewed]","IsNotNull(customer_id), IsNotNull(customer_segment), IsNotNull(income_band), IsNotNull(risk_rating)","customer_id:bigint,credit_score:int,income_band:string,customer_segment:string,risk_rating:string","isnotnull(customer_id#2198L), isnotnull(customer_segment#2205), isnotnull(income_band#2203), isnotnull(risk_rating#2207)","",false
1,33,61,"Parquet",0,0,0,0,"InMemoryFileIndex(1 paths)[s3a://goes-se-sandbox/data/warehouse/tablespace/external/hive/demo_pauldefusco.db/customers_skewed]","IsNotNull(customer_id)","customer_id:bigint,credit_score:int,income_band:string,estimated_income:double,customer_segment:string,risk_rating:string","isnotnull(customer_id#31L)","",false
1,33,436,"Parquet",0,0,0,0,"InMemoryFileIndex(1 paths)[s3a://goes-se-sandbox/data/warehouse/tablespace/external/hive/demo_pauldefusco.db/customers_skewed]","IsNotNull(customer_id), IsNotNull(customer_segment), IsNotNull(income_band)","customer_id:bigint,income_band:string,customer_segment:string","isnotnull(customer_id#3985L), isnotnull(customer_segment#3992), isnotnull(income_band#3990)","",false
1,33,134,"Parquet",0,0,0,0,"InMemoryFileIndex(1 paths)[s3a://goes-se-sandbox/data/warehouse/tablespace/external/hive/demo_pauldefusco.db/customers_skewed]","IsNotNull(customer_id), IsNotNull(customer_segment), IsNotNull(income_band), IsNotNull(risk_rating)","customer_id:bigint,income_band:string,customer_segment:string,risk_rating:string","isnotnull(customer_id#2665L), isnotnull(customer_segment#2672), isnotnull(income_band#2670), isnotnull(risk_rating#2674)","",false
1,33,147,"Parquet",0,0,0,0,"InMemoryFileIndex(1 paths)[s3a://goes-se-sandbox/data/warehouse/tablespace/external/hive/demo_pauldefusco.db/merchants_skewed]","IsNotNull(merchant_id)","merchant_id:bigint","isnotnull(merchant_id#2685L)","",false
1,33,444,"Parquet",0,0,0,0,"InMemoryFileIndex(1 paths)[s3a://goes-se-sandbox/data/warehouse/tablespace/external/hive/demo_pauldefusco.db/merchants_skewed]","IsNotNull(merchant_id), IsNotNull(region)","merchant_id:bigint,region:string","isnotnull(merchant_id#4005L), isnotnull(region#4007)","",false
1,33,534,"Parquet",0,0,0,0,"InMemoryFileIndex(1 paths)[s3a://goes-se-sandbox/data/warehouse/tablespace/external/hive/demo_pauldefusco.db/merchants_skewed]","IsNotNull(merchant_id), IsNotNull(region)","merchant_id:bigint,region:string,risk_level:string","isnotnull(merchant_id#3810L), isnotnull(region#3812)","",false
1,33,353,"Parquet",0,0,0,0,"InMemoryFileIndex(1 paths)[s3a://goes-se-sandbox/data/warehouse/tablespace/external/hive/demo_pauldefusco.db/merchants_skewed]","IsNotNull(merchant_id), IsNotNull(region), IsNotNull(risk_level), IsNotNull(merchant_size)","merchant_id:bigint,region:string,risk_level:string,annual_revenue:double,merchant_size:string","isnotnull(merchant_id#2535L), isnotnull(region#2537), isnotnull(risk_level#2540), isnotnull(merchant_size#2542)","",false
1,33,73,"Parquet",0,0,0,0,"InMemoryFileIndex(1 paths)[s3a://goes-se-sandbox/data/warehouse/tablespace/external/hive/demo_pauldefusco.db/merchants_skewed]","IsNotNull(merchant_id)","merchant_id:bigint,region:string,risk_level:string,merchant_size:string","isnotnull(merchant_id#71L)","",false
1,33,313,"Parquet",0,0,0,0,"InMemoryFileIndex(1 paths)[s3a://goes-se-sandbox/data/warehouse/tablespace/external/hive/demo_pauldefusco.db/merchants_skewed]","IsNotNull(merchant_id), IsNotNull(region)","merchant_id:bigint,region:string,risk_level:string,merchant_size:string","isnotnull(merchant_id#2957L), isnotnull(region#2959)","",false
1,33,213,"Parquet",0,0,0,0,"InMemoryFileIndex(1 paths)[s3a://goes-se-sandbox/data/warehouse/tablespace/external/hive/demo_pauldefusco.db/merchants_skewed]","IsNotNull(merchant_id)","merchant_id:bigint,risk_level:string","isnotnull(merchant_id#2218L)","",false
1,33,126,"Parquet",0,0,0,0,"InMemoryFileIndex(1 paths)[s3a://goes-se-sandbox/data/warehouse/tablespace/external/hive/demo_pauldefusco.db/trs_v26]","IsNotNull(transaction_id), LessThan(transaction_id,12500000000), IsNotNull(customer_id), IsNotNull(account_id)","transaction_id:bigint,customer_id:bigint,account_id:bigint,merchant_id:bigint,branch_id:bigint,transaction_date:date","isnotnull(transaction_id#2650L), (transaction_id#2650L < 12500000000), isnotnull(customer_id#2651L), isnotnull(account_id#2652L)","",false
1,33,295,"Parquet",0,0,0,0,"InMemoryFileIndex(1 paths)[s3a://goes-se-sandbox/data/warehouse/tablespace/external/hive/demo_pauldefusco.db/trs_v26]","IsNotNull(transaction_id), LessThan(transaction_id,12500000000), IsNotNull(customer_id), IsNotNull(merchant_id), IsNotNull(merchant_category)","transaction_id:bigint,customer_id:bigint,account_id:bigint,merchant_id:bigint,branch_id:bigint,transaction_date:date,merchant_category:string","isnotnull(transaction_id#2922L), (transaction_id#2922L < 12500000000), isnotnull(customer_id#2923L), isnotnull(merchant_id#2925L), isnotnull(merchant_category#2929)","",false
1,33,428,"Parquet",0,0,0,0,"InMemoryFileIndex(1 paths)[s3a://goes-se-sandbox/data/warehouse/tablespace/external/hive/demo_pauldefusco.db/trs_v26]","IsNotNull(transaction_id), LessThan(transaction_id,12500000000), IsNotNull(merchant_category)","transaction_id:bigint,customer_id:bigint,account_id:bigint,merchant_id:bigint,branch_id:bigint,transaction_date:date,merchant_category:string","isnotnull(transaction_id#3970L), (transaction_id#3970L < 12500000000), isnotnull(merchant_category#3977)","",false
1,33,346,"Parquet",0,0,0,0,"InMemoryFileIndex(1 paths)[s3a://goes-se-sandbox/data/warehouse/tablespace/external/hive/demo_pauldefusco.db/trs_v26]","IsNotNull(transaction_id), LessThan(transaction_id,12500000000), IsNotNull(merchant_id), IsNotNull(merchant_category)","transaction_id:bigint,customer_id:bigint,account_id:bigint,merchant_id:bigint,branch_id:bigint,transaction_date:date,merchant_category:string,transaction_amount:double,fraud_flag:int","isnotnull(transaction_id#2500L), (transaction_id#2500L < 12500000000), isnotnull(merchant_id#2503L), isnotnull(merchant_category#2507)","",false
1,33,526,"Parquet",0,0,0,0,"InMemoryFileIndex(1 paths)[s3a://goes-se-sandbox/data/warehouse/tablespace/external/hive/demo_pauldefusco.db/trs_v26]","IsNotNull(transaction_id), IsNotNull(fraud_flag), LessThan(transaction_id,12500000000), EqualTo(fraud_flag,1), IsNotNull(merchant_category)","transaction_id:bigint,customer_id:bigint,account_id:bigint,merchant_id:bigint,branch_id:bigint,transaction_date:date,merchant_category:string,transaction_amount:double,fraud_flag:int","isnotnull(transaction_id#3775L), isnotnull(fraud_flag#3787), (transaction_id#3775L < 12500000000), (fraud_flag#3787 = 1), isnotnull(merchant_category#3782)","",false
1,33,54,"Parquet",0,0,0,0,"InMemoryFileIndex(1 paths)[s3a://goes-se-sandbox/data/warehouse/tablespace/external/hive/demo_pauldefusco.db/trs_v26]","IsNotNull(transaction_id), LessThan(transaction_id,12500000000)","transaction_id:bigint,customer_id:bigint,account_id:bigint,merchant_id:bigint,branch_id:bigint,transaction_date:date,merchant_category:string,transaction_amount:double,payment_channel:string,payment_type:string,device_type:string,fraud_flag:int","isnotnull(transaction_id#0L), (transaction_id#0L < 12500000000)","",false
1,33,192,"Parquet",0,0,0,0,"InMemoryFileIndex(1 paths)[s3a://goes-se-sandbox/data/warehouse/tablespace/external/hive/demo_pauldefusco.db/trs_v26]","IsNotNull(transaction_id), LessThan(transaction_id,12500000000), IsNotNull(customer_id)","transaction_id:bigint,customer_id:bigint,account_id:bigint,merchant_id:bigint,branch_id:bigint,transaction_date:date,transaction_amount:double,fraud_flag:int","isnotnull(transaction_id#2183L), (transaction_id#2183L < 12500000000), isnotnull(customer_id#2184L)","",false
1,33,248,"Parquet",0,0,0,0,"InMemoryFileIndex(1 paths)[s3a://goes-se-sandbox/data/warehouse/tablespace/external/hive/demo_pauldefusco.db/trs_v26]","IsNotNull(transaction_id), LessThan(transaction_id,12500000000), IsNotNull(account_id)","transaction_id:bigint,customer_id:bigint,account_id:bigint,merchant_id:bigint,branch_id:bigint,transaction_date:date,transaction_amount:double,fraud_flag:int","isnotnull(transaction_id#2307L), (transaction_id#2307L < 12500000000), isnotnull(account_id#2309L)","",false
1,33,483,"Parquet",0,0,0,0,"InMemoryFileIndex(1 paths)[s3a://goes-se-sandbox/data/warehouse/tablespace/external/hive/demo_pauldefusco.db/trs_v26]","IsNotNull(transaction_id), LessThan(transaction_id,12500000000)","transaction_id:bigint,customer_id:bigint,account_id:bigint,merchant_id:bigint,branch_id:bigint,transaction_date:date,transaction_amount:double,fraud_flag:int","isnotnull(transaction_id#3642L), (transaction_id#3642L < 12500000000)","",false
1,33,383,"Parquet",0,0,0,0,"InMemoryFileIndex(1 paths)[s3a://goes-se-sandbox/data/warehouse/tablespace/external/hive/demo_pauldefusco.db/trs_v26]","IsNotNull(transaction_id), LessThan(transaction_id,12500000000), IsNotNull(payment_channel), IsNotNull(payment_type), IsNotNull(device_type)","transaction_id:bigint,customer_id:bigint,account_id:bigint,merchant_id:bigint,branch_id:bigint,transaction_date:date,transaction_amount:double,payment_channel:string,payment_type:string,device_type:string,fraud_flag:int","isnotnull(transaction_id#3237L), (transaction_id#3237L < 12500000000), isnotnull(payment_channel#3246), isnotnull(payment_type#3247), isnotnull(device_type#3248)","",false
1,34,310,"Parquet",0,0,0,0,"InMemoryFileIndex(1 paths)[s3a://goes-se-sandbox/data/warehouse/tablespace/external/hive/demo_pauldefusco.db/accounts_skewed]","IsNotNull(account_id)","account_id:bigint","isnotnull(account_id#2948L)","",false
1,34,144,"Parquet",0,0,0,0,"InMemoryFileIndex(1 paths)[s3a://goes-se-sandbox/data/warehouse/tablespace/external/hive/demo_pauldefusco.db/accounts_skewed]","IsNotNull(account_id), IsNotNull(account_type)","account_id:bigint,account_type:string,account_status:string","isnotnull(account_id#2676L), isnotnull(account_type#2677)","",false
1,34,70,"Parquet",0,0,0,0,"InMemoryFileIndex(1 paths)[s3a://goes-se-sandbox/data/warehouse/tablespace/external/hive/demo_pauldefusco.db/accounts_skewed]","IsNotNull(account_id)","account_id:bigint,account_type:string,account_status:string,current_balance:double,credit_limit:double,interest_rate:double","isnotnull(account_id#52L)","",false
1,34,263,"Parquet",0,0,0,0,"InMemoryFileIndex(1 paths)[s3a://goes-se-sandbox/data/warehouse/tablespace/external/hive/demo_pauldefusco.db/accounts_skewed]","IsNotNull(account_id), IsNotNull(account_type), IsNotNull(account_status)","account_id:bigint,account_type:string,account_status:string,current_balance:double,credit_limit:double,interest_rate:double","isnotnull(account_id#2333L), isnotnull(account_type#2334), isnotnull(account_status#2336)","",false
1,34,210,"Parquet",0,0,0,0,"InMemoryFileIndex(1 paths)[s3a://goes-se-sandbox/data/warehouse/tablespace/external/hive/demo_pauldefusco.db/accounts_skewed]","IsNotNull(account_id)","account_id:bigint,current_balance:double,interest_rate:double","isnotnull(account_id#2209L)","",false
1,34,154,"Parquet",0,0,0,0,"InMemoryFileIndex(1 paths)[s3a://goes-se-sandbox/data/warehouse/tablespace/external/hive/demo_pauldefusco.db/branches_skewed]","IsNotNull(branch_id)","branch_id:bigint","isnotnull(branch_id#2695L)","",false
1,34,80,"Parquet",0,0,0,0,"InMemoryFileIndex(1 paths)[s3a://goes-se-sandbox/data/warehouse/tablespace/external/hive/demo_pauldefusco.db/branches_skewed]","IsNotNull(branch_id)","branch_id:bigint,region:string,branch_type:string","isnotnull(branch_id#91L)","",false
1,34,452,"Parquet",0,0,0,0,"InMemoryFileIndex(1 paths)[s3a://goes-se-sandbox/data/warehouse/tablespace/external/hive/demo_pauldefusco.db/branches_skewed]","IsNotNull(branch_id), IsNotNull(region), IsNotNull(branch_type)","branch_id:bigint,region:string,branch_type:string","isnotnull(branch_id#4015L), isnotnull(region#4018), isnotnull(branch_type#4019)","",false
1,34,502,"Parquet",0,0,0,0,"InMemoryFileIndex(1 paths)[s3a://goes-se-sandbox/data/warehouse/tablespace/external/hive/demo_pauldefusco.db/branches_skewed]","IsNotNull(branch_id), IsNotNull(region), IsNotNull(branch_type)","branch_id:bigint,region:string,branch_type:string,assets_under_management:double,annual_operating_cost:double","isnotnull(branch_id#3687L), isnotnull(region#3690), isnotnull(branch_type#3691)","",false
1,34,159,"Parquet",0,0,0,0,"InMemoryFileIndex(1 paths)[s3a://goes-se-sandbox/data/warehouse/tablespace/external/hive/demo_pauldefusco.db/calendar]","IsNotNull(calendar_date), IsNotNull(year), IsNotNull(month)","calendar_date:date,year:int,month:int","isnotnull(calendar_date#2706), isnotnull(year#2708), isnotnull(month#2710)","",false
1,34,220,"Parquet",0,0,0,0,"InMemoryFileIndex(1 paths)[s3a://goes-se-sandbox/data/warehouse/tablespace/external/hive/demo_pauldefusco.db/calendar]","IsNotNull(calendar_date), IsNotNull(year), IsNotNull(month)","calendar_date:date,year:int,month:int,is_weekend:boolean","isnotnull(calendar_date#2239), isnotnull(year#2241), isnotnull(month#2243)","",false
1,34,320,"Parquet",0,0,0,0,"InMemoryFileIndex(1 paths)[s3a://goes-se-sandbox/data/warehouse/tablespace/external/hive/demo_pauldefusco.db/calendar]","IsNotNull(calendar_date), IsNotNull(year), IsNotNull(quarter)","calendar_date:date,year:int,quarter:int","isnotnull(calendar_date#2978), isnotnull(year#2980), isnotnull(quarter#2981)","",false
1,34,360,"Parquet",0,0,0,0,"InMemoryFileIndex(1 paths)[s3a://goes-se-sandbox/data/warehouse/tablespace/external/hive/demo_pauldefusco.db/calendar]","IsNotNull(calendar_date), IsNotNull(year), IsNotNull(quarter)","calendar_date:date,year:int,quarter:int,is_weekend:boolean","isnotnull(calendar_date#2556), isnotnull(year#2558), isnotnull(quarter#2559)","",false
1,34,85,"Parquet",0,0,0,0,"InMemoryFileIndex(1 paths)[s3a://goes-se-sandbox/data/warehouse/tablespace/external/hive/demo_pauldefusco.db/calendar]","IsNotNull(calendar_date)","calendar_date:date,year:int,quarter:int,month:int,is_weekend:boolean","isnotnull(calendar_date#113)","",false
1,34,302,"Parquet",0,0,0,0,"InMemoryFileIndex(1 paths)[s3a://goes-se-sandbox/data/warehouse/tablespace/external/hive/demo_pauldefusco.db/customers_skewed]","IsNotNull(customer_id)","customer_id:bigint","isnotnull(customer_id#2937L)","",false
1,34,255,"Parquet",0,0,0,0,"InMemoryFileIndex(1 paths)[s3a://goes-se-sandbox/data/warehouse/tablespace/external/hive/demo_pauldefusco.db/customers_skewed]","IsNotNull(customer_id)","customer_id:bigint,credit_score:int","isnotnull(customer_id#2322L)","",false
1,34,494,"Parquet",0,0,0,0,"InMemoryFileIndex(1 paths)[s3a://goes-se-sandbox/data/warehouse/tablespace/external/hive/demo_pauldefusco.db/customers_skewed]","IsNotNull(customer_id), IsNotNull(customer_segment), IsNotNull(income_band)","customer_id:bigint,credit_score:int,income_band:string,customer_segment:string","isnotnull(customer_id#3657L), isnotnull(customer_segment#3664), isnotnull(income_band#3662)","",false
1,34,202,"Parquet",0,0,0,0,"InMemoryFileIndex(1 paths)[s3a://goes-se-sandbox/data/warehouse/tablespace/external/hive/demo_pauldefusco.db/customers_skewed]","IsNotNull(customer_id), IsNotNull(customer_segment), IsNotNull(income_band), IsNotNull(risk_rating)","customer_id:bigint,credit_score:int,income_band:string,customer_segment:string,risk_rating:string","isnotnull(customer_id#2198L), isnotnull(customer_segment#2205), isnotnull(income_band#2203), isnotnull(risk_rating#2207)","",false
1,34,63,"Parquet",0,0,0,0,"InMemoryFileIndex(1 paths)[s3a://goes-se-sandbox/data/warehouse/tablespace/external/hive/demo_pauldefusco.db/customers_skewed]","IsNotNull(customer_id)","customer_id:bigint,credit_score:int,income_band:string,estimated_income:double,customer_segment:string,risk_rating:string","isnotnull(customer_id#31L)","",false
1,34,439,"Parquet",0,0,0,0,"InMemoryFileIndex(1 paths)[s3a://goes-se-sandbox/data/warehouse/tablespace/external/hive/demo_pauldefusco.db/customers_skewed]","IsNotNull(customer_id), IsNotNull(customer_segment), IsNotNull(income_band)","customer_id:bigint,income_band:string,customer_segment:string","isnotnull(customer_id#3985L), isnotnull(customer_segment#3992), isnotnull(income_band#3990)","",false
1,34,136,"Parquet",0,0,0,0,"InMemoryFileIndex(1 paths)[s3a://goes-se-sandbox/data/warehouse/tablespace/external/hive/demo_pauldefusco.db/customers_skewed]","IsNotNull(customer_id), IsNotNull(customer_segment), IsNotNull(income_band), IsNotNull(risk_rating)","customer_id:bigint,income_band:string,customer_segment:string,risk_rating:string","isnotnull(customer_id#2665L), isnotnull(customer_segment#2672), isnotnull(income_band#2670), isnotnull(risk_rating#2674)","",false
1,34,149,"Parquet",0,0,0,0,"InMemoryFileIndex(1 paths)[s3a://goes-se-sandbox/data/warehouse/tablespace/external/hive/demo_pauldefusco.db/merchants_skewed]","IsNotNull(merchant_id)","merchant_id:bigint","isnotnull(merchant_id#2685L)","",false
1,34,447,"Parquet",0,0,0,0,"InMemoryFileIndex(1 paths)[s3a://goes-se-sandbox/data/warehouse/tablespace/external/hive/demo_pauldefusco.db/merchants_skewed]","IsNotNull(merchant_id), IsNotNull(region)","merchant_id:bigint,region:string","isnotnull(merchant_id#4005L), isnotnull(region#4007)","",false
1,34,537,"Parquet",0,0,0,0,"InMemoryFileIndex(1 paths)[s3a://goes-se-sandbox/data/warehouse/tablespace/external/hive/demo_pauldefusco.db/merchants_skewed]","IsNotNull(merchant_id), IsNotNull(region)","merchant_id:bigint,region:string,risk_level:string","isnotnull(merchant_id#3810L), isnotnull(region#3812)","",false
1,34,355,"Parquet",0,0,0,0,"InMemoryFileIndex(1 paths)[s3a://goes-se-sandbox/data/warehouse/tablespace/external/hive/demo_pauldefusco.db/merchants_skewed]","IsNotNull(merchant_id), IsNotNull(region), IsNotNull(risk_level), IsNotNull(merchant_size)","merchant_id:bigint,region:string,risk_level:string,annual_revenue:double,merchant_size:string","isnotnull(merchant_id#2535L), isnotnull(region#2537), isnotnull(risk_level#2540), isnotnull(merchant_size#2542)","",false
1,34,75,"Parquet",0,0,0,0,"InMemoryFileIndex(1 paths)[s3a://goes-se-sandbox/data/warehouse/tablespace/external/hive/demo_pauldefusco.db/merchants_skewed]","IsNotNull(merchant_id)","merchant_id:bigint,region:string,risk_level:string,merchant_size:string","isnotnull(merchant_id#71L)","",false
1,34,315,"Parquet",0,0,0,0,"InMemoryFileIndex(1 paths)[s3a://goes-se-sandbox/data/warehouse/tablespace/external/hive/demo_pauldefusco.db/merchants_skewed]","IsNotNull(merchant_id), IsNotNull(region)","merchant_id:bigint,region:string,risk_level:string,merchant_size:string","isnotnull(merchant_id#2957L), isnotnull(region#2959)","",false
1,34,215,"Parquet",0,0,0,0,"InMemoryFileIndex(1 paths)[s3a://goes-se-sandbox/data/warehouse/tablespace/external/hive/demo_pauldefusco.db/merchants_skewed]","IsNotNull(merchant_id)","merchant_id:bigint,risk_level:string","isnotnull(merchant_id#2218L)","",false
1,34,128,"Parquet",0,0,0,0,"InMemoryFileIndex(1 paths)[s3a://goes-se-sandbox/data/warehouse/tablespace/external/hive/demo_pauldefusco.db/trs_v26]","IsNotNull(transaction_id), LessThan(transaction_id,12500000000), IsNotNull(customer_id), IsNotNull(account_id)","transaction_id:bigint,customer_id:bigint,account_id:bigint,merchant_id:bigint,branch_id:bigint,transaction_date:date","isnotnull(transaction_id#2650L), (transaction_id#2650L < 12500000000), isnotnull(customer_id#2651L), isnotnull(account_id#2652L)","",false
1,34,297,"Parquet",0,0,0,0,"InMemoryFileIndex(1 paths)[s3a://goes-se-sandbox/data/warehouse/tablespace/external/hive/demo_pauldefusco.db/trs_v26]","IsNotNull(transaction_id), LessThan(transaction_id,12500000000), IsNotNull(customer_id), IsNotNull(merchant_id), IsNotNull(merchant_category)","transaction_id:bigint,customer_id:bigint,account_id:bigint,merchant_id:bigint,branch_id:bigint,transaction_date:date,merchant_category:string","isnotnull(transaction_id#2922L), (transaction_id#2922L < 12500000000), isnotnull(customer_id#2923L), isnotnull(merchant_id#2925L), isnotnull(merchant_category#2929)","",false
1,34,431,"Parquet",0,0,0,0,"InMemoryFileIndex(1 paths)[s3a://goes-se-sandbox/data/warehouse/tablespace/external/hive/demo_pauldefusco.db/trs_v26]","IsNotNull(transaction_id), LessThan(transaction_id,12500000000), IsNotNull(merchant_category)","transaction_id:bigint,customer_id:bigint,account_id:bigint,merchant_id:bigint,branch_id:bigint,transaction_date:date,merchant_category:string","isnotnull(transaction_id#3970L), (transaction_id#3970L < 12500000000), isnotnull(merchant_category#3977)","",false
1,34,348,"Parquet",0,0,0,0,"InMemoryFileIndex(1 paths)[s3a://goes-se-sandbox/data/warehouse/tablespace/external/hive/demo_pauldefusco.db/trs_v26]","IsNotNull(transaction_id), LessThan(transaction_id,12500000000), IsNotNull(merchant_id), IsNotNull(merchant_category)","transaction_id:bigint,customer_id:bigint,account_id:bigint,merchant_id:bigint,branch_id:bigint,transaction_date:date,merchant_category:string,transaction_amount:double,fraud_flag:int","isnotnull(transaction_id#2500L), (transaction_id#2500L < 12500000000), isnotnull(merchant_id#2503L), isnotnull(merchant_category#2507)","",false
1,34,529,"Parquet",0,0,0,0,"InMemoryFileIndex(1 paths)[s3a://goes-se-sandbox/data/warehouse/tablespace/external/hive/demo_pauldefusco.db/trs_v26]","IsNotNull(transaction_id), IsNotNull(fraud_flag), LessThan(transaction_id,12500000000), EqualTo(fraud_flag,1), IsNotNull(merchant_category)","transaction_id:bigint,customer_id:bigint,account_id:bigint,merchant_id:bigint,branch_id:bigint,transaction_date:date,merchant_category:string,transaction_amount:double,fraud_flag:int","isnotnull(transaction_id#3775L), isnotnull(fraud_flag#3787), (transaction_id#3775L < 12500000000), (fraud_flag#3787 = 1), isnotnull(merchant_category#3782)","",false
1,34,56,"Parquet",0,0,0,0,"InMemoryFileIndex(1 paths)[s3a://goes-se-sandbox/data/warehouse/tablespace/external/hive/demo_pauldefusco.db/trs_v26]","IsNotNull(transaction_id), LessThan(transaction_id,12500000000)","transaction_id:bigint,customer_id:bigint,account_id:bigint,merchant_id:bigint,branch_id:bigint,transaction_date:date,merchant_category:string,transaction_amount:double,payment_channel:string,payment_type:string,device_type:string,fraud_flag:int","isnotnull(transaction_id#0L), (transaction_id#0L < 12500000000)","",false
1,34,194,"Parquet",0,0,0,0,"InMemoryFileIndex(1 paths)[s3a://goes-se-sandbox/data/warehouse/tablespace/external/hive/demo_pauldefusco.db/trs_v26]","IsNotNull(transaction_id), LessThan(transaction_id,12500000000), IsNotNull(customer_id)","transaction_id:bigint,customer_id:bigint,account_id:bigint,merchant_id:bigint,branch_id:bigint,transaction_date:date,transaction_amount:double,fraud_flag:int","isnotnull(transaction_id#2183L), (transaction_id#2183L < 12500000000), isnotnull(customer_id#2184L)","",false
1,34,250,"Parquet",0,0,0,0,"InMemoryFileIndex(1 paths)[s3a://goes-se-sandbox/data/warehouse/tablespace/external/hive/demo_pauldefusco.db/trs_v26]","IsNotNull(transaction_id), LessThan(transaction_id,12500000000), IsNotNull(account_id)","transaction_id:bigint,customer_id:bigint,account_id:bigint,merchant_id:bigint,branch_id:bigint,transaction_date:date,transaction_amount:double,fraud_flag:int","isnotnull(transaction_id#2307L), (transaction_id#2307L < 12500000000), isnotnull(account_id#2309L)","",false
1,34,486,"Parquet",0,0,0,0,"InMemoryFileIndex(1 paths)[s3a://goes-se-sandbox/data/warehouse/tablespace/external/hive/demo_pauldefusco.db/trs_v26]","IsNotNull(transaction_id), LessThan(transaction_id,12500000000)","transaction_id:bigint,customer_id:bigint,account_id:bigint,merchant_id:bigint,branch_id:bigint,transaction_date:date,transaction_amount:double,fraud_flag:int","isnotnull(transaction_id#3642L), (transaction_id#3642L < 12500000000)","",false
1,34,386,"Parquet",0,0,0,0,"InMemoryFileIndex(1 paths)[s3a://goes-se-sandbox/data/warehouse/tablespace/external/hive/demo_pauldefusco.db/trs_v26]","IsNotNull(transaction_id), LessThan(transaction_id,12500000000), IsNotNull(payment_channel), IsNotNull(payment_type), IsNotNull(device_type)","transaction_id:bigint,customer_id:bigint,account_id:bigint,merchant_id:bigint,branch_id:bigint,transaction_date:date,transaction_amount:double,payment_channel:string,payment_type:string,device_type:string,fraud_flag:int","isnotnull(transaction_id#3237L), (transaction_id#3237L < 12500000000), isnotnull(payment_channel#3246), isnotnull(payment_type#3247), isnotnull(device_type#3248)","",false
1,35,312,"Parquet",0,0,0,0,"InMemoryFileIndex(1 paths)[s3a://goes-se-sandbox/data/warehouse/tablespace/external/hive/demo_pauldefusco.db/accounts_skewed]","IsNotNull(account_id)","account_id:bigint","isnotnull(account_id#2948L)","",false
1,35,146,"Parquet",0,0,0,0,"InMemoryFileIndex(1 paths)[s3a://goes-se-sandbox/data/warehouse/tablespace/external/hive/demo_pauldefusco.db/accounts_skewed]","IsNotNull(account_id), IsNotNull(account_type)","account_id:bigint,account_type:string,account_status:string","isnotnull(account_id#2676L), isnotnull(account_type#2677)","",false
1,35,72,"Parquet",0,0,0,0,"InMemoryFileIndex(1 paths)[s3a://goes-se-sandbox/data/warehouse/tablespace/external/hive/demo_pauldefusco.db/accounts_skewed]","IsNotNull(account_id)","account_id:bigint,account_type:string,account_status:string,current_balance:double,credit_limit:double,interest_rate:double","isnotnull(account_id#52L)","",false
1,35,265,"Parquet",0,0,0,0,"InMemoryFileIndex(1 paths)[s3a://goes-se-sandbox/data/warehouse/tablespace/external/hive/demo_pauldefusco.db/accounts_skewed]","IsNotNull(account_id), IsNotNull(account_type), IsNotNull(account_status)","account_id:bigint,account_type:string,account_status:string,current_balance:double,credit_limit:double,interest_rate:double","isnotnull(account_id#2333L), isnotnull(account_type#2334), isnotnull(account_status#2336)","",false
1,35,212,"Parquet",0,0,0,0,"InMemoryFileIndex(1 paths)[s3a://goes-se-sandbox/data/warehouse/tablespace/external/hive/demo_pauldefusco.db/accounts_skewed]","IsNotNull(account_id)","account_id:bigint,current_balance:double,interest_rate:double","isnotnull(account_id#2209L)","",false
1,35,156,"Parquet",0,0,0,0,"InMemoryFileIndex(1 paths)[s3a://goes-se-sandbox/data/warehouse/tablespace/external/hive/demo_pauldefusco.db/branches_skewed]","IsNotNull(branch_id)","branch_id:bigint","isnotnull(branch_id#2695L)","",false
1,35,82,"Parquet",0,0,0,0,"InMemoryFileIndex(1 paths)[s3a://goes-se-sandbox/data/warehouse/tablespace/external/hive/demo_pauldefusco.db/branches_skewed]","IsNotNull(branch_id)","branch_id:bigint,region:string,branch_type:string","isnotnull(branch_id#91L)","",false
1,35,455,"Parquet",0,0,0,0,"InMemoryFileIndex(1 paths)[s3a://goes-se-sandbox/data/warehouse/tablespace/external/hive/demo_pauldefusco.db/branches_skewed]","IsNotNull(branch_id), IsNotNull(region), IsNotNull(branch_type)","branch_id:bigint,region:string,branch_type:string","isnotnull(branch_id#4015L), isnotnull(region#4018), isnotnull(branch_type#4019)","",false
1,35,505,"Parquet",0,0,0,0,"InMemoryFileIndex(1 paths)[s3a://goes-se-sandbox/data/warehouse/tablespace/external/hive/demo_pauldefusco.db/branches_skewed]","IsNotNull(branch_id), IsNotNull(region), IsNotNull(branch_type)","branch_id:bigint,region:string,branch_type:string,assets_under_management:double,annual_operating_cost:double","isnotnull(branch_id#3687L), isnotnull(region#3690), isnotnull(branch_type#3691)","",false
1,35,161,"Parquet",0,0,0,0,"InMemoryFileIndex(1 paths)[s3a://goes-se-sandbox/data/warehouse/tablespace/external/hive/demo_pauldefusco.db/calendar]","IsNotNull(calendar_date), IsNotNull(year), IsNotNull(month)","calendar_date:date,year:int,month:int","isnotnull(calendar_date#2706), isnotnull(year#2708), isnotnull(month#2710)","",false
1,35,222,"Parquet",0,0,0,0,"InMemoryFileIndex(1 paths)[s3a://goes-se-sandbox/data/warehouse/tablespace/external/hive/demo_pauldefusco.db/calendar]","IsNotNull(calendar_date), IsNotNull(year), IsNotNull(month)","calendar_date:date,year:int,month:int,is_weekend:boolean","isnotnull(calendar_date#2239), isnotnull(year#2241), isnotnull(month#2243)","",false
1,35,322,"Parquet",0,0,0,0,"InMemoryFileIndex(1 paths)[s3a://goes-se-sandbox/data/warehouse/tablespace/external/hive/demo_pauldefusco.db/calendar]","IsNotNull(calendar_date), IsNotNull(year), IsNotNull(quarter)","calendar_date:date,year:int,quarter:int","isnotnull(calendar_date#2978), isnotnull(year#2980), isnotnull(quarter#2981)","",false
1,35,362,"Parquet",0,0,0,0,"InMemoryFileIndex(1 paths)[s3a://goes-se-sandbox/data/warehouse/tablespace/external/hive/demo_pauldefusco.db/calendar]","IsNotNull(calendar_date), IsNotNull(year), IsNotNull(quarter)","calendar_date:date,year:int,quarter:int,is_weekend:boolean","isnotnull(calendar_date#2556), isnotnull(year#2558), isnotnull(quarter#2559)","",false
1,35,87,"Parquet",0,0,0,0,"InMemoryFileIndex(1 paths)[s3a://goes-se-sandbox/data/warehouse/tablespace/external/hive/demo_pauldefusco.db/calendar]","IsNotNull(calendar_date)","calendar_date:date,year:int,quarter:int,month:int,is_weekend:boolean","isnotnull(calendar_date#113)","",false
1,35,304,"Parquet",0,0,0,0,"InMemoryFileIndex(1 paths)[s3a://goes-se-sandbox/data/warehouse/tablespace/external/hive/demo_pauldefusco.db/customers_skewed]","IsNotNull(customer_id)","customer_id:bigint","isnotnull(customer_id#2937L)","",false
1,35,257,"Parquet",0,0,0,0,"InMemoryFileIndex(1 paths)[s3a://goes-se-sandbox/data/warehouse/tablespace/external/hive/demo_pauldefusco.db/customers_skewed]","IsNotNull(customer_id)","customer_id:bigint,credit_score:int","isnotnull(customer_id#2322L)","",false
1,35,497,"Parquet",0,0,0,0,"InMemoryFileIndex(1 paths)[s3a://goes-se-sandbox/data/warehouse/tablespace/external/hive/demo_pauldefusco.db/customers_skewed]","IsNotNull(customer_id), IsNotNull(customer_segment), IsNotNull(income_band)","customer_id:bigint,credit_score:int,income_band:string,customer_segment:string","isnotnull(customer_id#3657L), isnotnull(customer_segment#3664), isnotnull(income_band#3662)","",false
1,35,204,"Parquet",0,0,0,0,"InMemoryFileIndex(1 paths)[s3a://goes-se-sandbox/data/warehouse/tablespace/external/hive/demo_pauldefusco.db/customers_skewed]","IsNotNull(customer_id), IsNotNull(customer_segment), IsNotNull(income_band), IsNotNull(risk_rating)","customer_id:bigint,credit_score:int,income_band:string,customer_segment:string,risk_rating:string","isnotnull(customer_id#2198L), isnotnull(customer_segment#2205), isnotnull(income_band#2203), isnotnull(risk_rating#2207)","",false
1,35,65,"Parquet",0,0,0,0,"InMemoryFileIndex(1 paths)[s3a://goes-se-sandbox/data/warehouse/tablespace/external/hive/demo_pauldefusco.db/customers_skewed]","IsNotNull(customer_id)","customer_id:bigint,credit_score:int,income_band:string,estimated_income:double,customer_segment:string,risk_rating:string","isnotnull(customer_id#31L)","",false
1,35,442,"Parquet",0,0,0,0,"InMemoryFileIndex(1 paths)[s3a://goes-se-sandbox/data/warehouse/tablespace/external/hive/demo_pauldefusco.db/customers_skewed]","IsNotNull(customer_id), IsNotNull(customer_segment), IsNotNull(income_band)","customer_id:bigint,income_band:string,customer_segment:string","isnotnull(customer_id#3985L), isnotnull(customer_segment#3992), isnotnull(income_band#3990)","",false
1,35,138,"Parquet",0,0,0,0,"InMemoryFileIndex(1 paths)[s3a://goes-se-sandbox/data/warehouse/tablespace/external/hive/demo_pauldefusco.db/customers_skewed]","IsNotNull(customer_id), IsNotNull(customer_segment), IsNotNull(income_band), IsNotNull(risk_rating)","customer_id:bigint,income_band:string,customer_segment:string,risk_rating:string","isnotnull(customer_id#2665L), isnotnull(customer_segment#2672), isnotnull(income_band#2670), isnotnull(risk_rating#2674)","",false
1,35,151,"Parquet",0,0,0,0,"InMemoryFileIndex(1 paths)[s3a://goes-se-sandbox/data/warehouse/tablespace/external/hive/demo_pauldefusco.db/merchants_skewed]","IsNotNull(merchant_id)","merchant_id:bigint","isnotnull(merchant_id#2685L)","",false
1,35,450,"Parquet",0,0,0,0,"InMemoryFileIndex(1 paths)[s3a://goes-se-sandbox/data/warehouse/tablespace/external/hive/demo_pauldefusco.db/merchants_skewed]","IsNotNull(merchant_id), IsNotNull(region)","merchant_id:bigint,region:string","isnotnull(merchant_id#4005L), isnotnull(region#4007)","",false
1,35,540,"Parquet",0,0,0,0,"InMemoryFileIndex(1 paths)[s3a://goes-se-sandbox/data/warehouse/tablespace/external/hive/demo_pauldefusco.db/merchants_skewed]","IsNotNull(merchant_id), IsNotNull(region)","merchant_id:bigint,region:string,risk_level:string","isnotnull(merchant_id#3810L), isnotnull(region#3812)","",false
1,35,357,"Parquet",0,0,0,0,"InMemoryFileIndex(1 paths)[s3a://goes-se-sandbox/data/warehouse/tablespace/external/hive/demo_pauldefusco.db/merchants_skewed]","IsNotNull(merchant_id), IsNotNull(region), IsNotNull(risk_level), IsNotNull(merchant_size)","merchant_id:bigint,region:string,risk_level:string,annual_revenue:double,merchant_size:string","isnotnull(merchant_id#2535L), isnotnull(region#2537), isnotnull(risk_level#2540), isnotnull(merchant_size#2542)","",false
1,35,77,"Parquet",0,0,0,0,"InMemoryFileIndex(1 paths)[s3a://goes-se-sandbox/data/warehouse/tablespace/external/hive/demo_pauldefusco.db/merchants_skewed]","IsNotNull(merchant_id)","merchant_id:bigint,region:string,risk_level:string,merchant_size:string","isnotnull(merchant_id#71L)","",false
1,35,317,"Parquet",0,0,0,0,"InMemoryFileIndex(1 paths)[s3a://goes-se-sandbox/data/warehouse/tablespace/external/hive/demo_pauldefusco.db/merchants_skewed]","IsNotNull(merchant_id), IsNotNull(region)","merchant_id:bigint,region:string,risk_level:string,merchant_size:string","isnotnull(merchant_id#2957L), isnotnull(region#2959)","",false
1,35,217,"Parquet",0,0,0,0,"InMemoryFileIndex(1 paths)[s3a://goes-se-sandbox/data/warehouse/tablespace/external/hive/demo_pauldefusco.db/merchants_skewed]","IsNotNull(merchant_id)","merchant_id:bigint,risk_level:string","isnotnull(merchant_id#2218L)","",false
1,35,130,"Parquet",0,0,0,0,"InMemoryFileIndex(1 paths)[s3a://goes-se-sandbox/data/warehouse/tablespace/external/hive/demo_pauldefusco.db/trs_v26]","IsNotNull(transaction_id), LessThan(transaction_id,12500000000), IsNotNull(customer_id), IsNotNull(account_id)","transaction_id:bigint,customer_id:bigint,account_id:bigint,merchant_id:bigint,branch_id:bigint,transaction_date:date","isnotnull(transaction_id#2650L), (transaction_id#2650L < 12500000000), isnotnull(customer_id#2651L), isnotnull(account_id#2652L)","",false
1,35,299,"Parquet",0,0,0,0,"InMemoryFileIndex(1 paths)[s3a://goes-se-sandbox/data/warehouse/tablespace/external/hive/demo_pauldefusco.db/trs_v26]","IsNotNull(transaction_id), LessThan(transaction_id,12500000000), IsNotNull(customer_id), IsNotNull(merchant_id), IsNotNull(merchant_category)","transaction_id:bigint,customer_id:bigint,account_id:bigint,merchant_id:bigint,branch_id:bigint,transaction_date:date,merchant_category:string","isnotnull(transaction_id#2922L), (transaction_id#2922L < 12500000000), isnotnull(customer_id#2923L), isnotnull(merchant_id#2925L), isnotnull(merchant_category#2929)","",false
1,35,434,"Parquet",0,0,0,0,"InMemoryFileIndex(1 paths)[s3a://goes-se-sandbox/data/warehouse/tablespace/external/hive/demo_pauldefusco.db/trs_v26]","IsNotNull(transaction_id), LessThan(transaction_id,12500000000), IsNotNull(merchant_category)","transaction_id:bigint,customer_id:bigint,account_id:bigint,merchant_id:bigint,branch_id:bigint,transaction_date:date,merchant_category:string","isnotnull(transaction_id#3970L), (transaction_id#3970L < 12500000000), isnotnull(merchant_category#3977)","",false
1,35,350,"Parquet",0,0,0,0,"InMemoryFileIndex(1 paths)[s3a://goes-se-sandbox/data/warehouse/tablespace/external/hive/demo_pauldefusco.db/trs_v26]","IsNotNull(transaction_id), LessThan(transaction_id,12500000000), IsNotNull(merchant_id), IsNotNull(merchant_category)","transaction_id:bigint,customer_id:bigint,account_id:bigint,merchant_id:bigint,branch_id:bigint,transaction_date:date,merchant_category:string,transaction_amount:double,fraud_flag:int","isnotnull(transaction_id#2500L), (transaction_id#2500L < 12500000000), isnotnull(merchant_id#2503L), isnotnull(merchant_category#2507)","",false
1,35,532,"Parquet",0,0,0,0,"InMemoryFileIndex(1 paths)[s3a://goes-se-sandbox/data/warehouse/tablespace/external/hive/demo_pauldefusco.db/trs_v26]","IsNotNull(transaction_id), IsNotNull(fraud_flag), LessThan(transaction_id,12500000000), EqualTo(fraud_flag,1), IsNotNull(merchant_category)","transaction_id:bigint,customer_id:bigint,account_id:bigint,merchant_id:bigint,branch_id:bigint,transaction_date:date,merchant_category:string,transaction_amount:double,fraud_flag:int","isnotnull(transaction_id#3775L), isnotnull(fraud_flag#3787), (transaction_id#3775L < 12500000000), (fraud_flag#3787 = 1), isnotnull(merchant_category#3782)","",false
1,35,58,"Parquet",0,0,0,0,"InMemoryFileIndex(1 paths)[s3a://goes-se-sandbox/data/warehouse/tablespace/external/hive/demo_pauldefusco.db/trs_v26]","IsNotNull(transaction_id), LessThan(transaction_id,12500000000)","transaction_id:bigint,customer_id:bigint,account_id:bigint,merchant_id:bigint,branch_id:bigint,transaction_date:date,merchant_category:string,transaction_amount:double,payment_channel:string,payment_type:string,device_type:string,fraud_flag:int","isnotnull(transaction_id#0L), (transaction_id#0L < 12500000000)","",false
1,35,196,"Parquet",0,0,0,0,"InMemoryFileIndex(1 paths)[s3a://goes-se-sandbox/data/warehouse/tablespace/external/hive/demo_pauldefusco.db/trs_v26]","IsNotNull(transaction_id), LessThan(transaction_id,12500000000), IsNotNull(customer_id)","transaction_id:bigint,customer_id:bigint,account_id:bigint,merchant_id:bigint,branch_id:bigint,transaction_date:date,transaction_amount:double,fraud_flag:int","isnotnull(transaction_id#2183L), (transaction_id#2183L < 12500000000), isnotnull(customer_id#2184L)","",false
1,35,252,"Parquet",0,0,0,0,"InMemoryFileIndex(1 paths)[s3a://goes-se-sandbox/data/warehouse/tablespace/external/hive/demo_pauldefusco.db/trs_v26]","IsNotNull(transaction_id), LessThan(transaction_id,12500000000), IsNotNull(account_id)","transaction_id:bigint,customer_id:bigint,account_id:bigint,merchant_id:bigint,branch_id:bigint,transaction_date:date,transaction_amount:double,fraud_flag:int","isnotnull(transaction_id#2307L), (transaction_id#2307L < 12500000000), isnotnull(account_id#2309L)","",false
1,35,489,"Parquet",0,0,0,0,"InMemoryFileIndex(1 paths)[s3a://goes-se-sandbox/data/warehouse/tablespace/external/hive/demo_pauldefusco.db/trs_v26]","IsNotNull(transaction_id), LessThan(transaction_id,12500000000)","transaction_id:bigint,customer_id:bigint,account_id:bigint,merchant_id:bigint,branch_id:bigint,transaction_date:date,transaction_amount:double,fraud_flag:int","isnotnull(transaction_id#3642L), (transaction_id#3642L < 12500000000)","",false
1,35,388,"Parquet",0,0,0,0,"InMemoryFileIndex(1 paths)[s3a://goes-se-sandbox/data/warehouse/tablespace/external/hive/demo_pauldefusco.db/trs_v26]","IsNotNull(transaction_id), LessThan(transaction_id,12500000000), IsNotNull(payment_channel), IsNotNull(payment_type), IsNotNull(device_type)","transaction_id:bigint,customer_id:bigint,account_id:bigint,merchant_id:bigint,branch_id:bigint,transaction_date:date,transaction_amount:double,payment_channel:string,payment_type:string,device_type:string,fraud_flag:int","isnotnull(transaction_id#3237L), (transaction_id#3237L < 12500000000), isnotnull(payment_channel#3246), isnotnull(payment_type#3247), isnotnull(device_type#3248)","",false
1,36,313,"Parquet",0,0,0,0,"InMemoryFileIndex(1 paths)[s3a://goes-se-sandbox/data/warehouse/tablespace/external/hive/demo_pauldefusco.db/accounts_skewed]","IsNotNull(account_id)","account_id:bigint","isnotnull(account_id#2948L)","",false
1,36,147,"Parquet",0,0,0,0,"InMemoryFileIndex(1 paths)[s3a://goes-se-sandbox/data/warehouse/tablespace/external/hive/demo_pauldefusco.db/accounts_skewed]","IsNotNull(account_id), IsNotNull(account_type)","account_id:bigint,account_type:string,account_status:string","isnotnull(account_id#2676L), isnotnull(account_type#2677)","",false
1,36,73,"Parquet",0,0,0,0,"InMemoryFileIndex(1 paths)[s3a://goes-se-sandbox/data/warehouse/tablespace/external/hive/demo_pauldefusco.db/accounts_skewed]","IsNotNull(account_id)","account_id:bigint,account_type:string,account_status:string,current_balance:double,credit_limit:double,interest_rate:double","isnotnull(account_id#52L)","",false
1,36,266,"Parquet",0,0,0,0,"InMemoryFileIndex(1 paths)[s3a://goes-se-sandbox/data/warehouse/tablespace/external/hive/demo_pauldefusco.db/accounts_skewed]","IsNotNull(account_id), IsNotNull(account_type), IsNotNull(account_status)","account_id:bigint,account_type:string,account_status:string,current_balance:double,credit_limit:double,interest_rate:double","isnotnull(account_id#2333L), isnotnull(account_type#2334), isnotnull(account_status#2336)","",false
1,36,213,"Parquet",0,0,0,0,"InMemoryFileIndex(1 paths)[s3a://goes-se-sandbox/data/warehouse/tablespace/external/hive/demo_pauldefusco.db/accounts_skewed]","IsNotNull(account_id)","account_id:bigint,current_balance:double,interest_rate:double","isnotnull(account_id#2209L)","",false
1,36,157,"Parquet",0,0,0,0,"InMemoryFileIndex(1 paths)[s3a://goes-se-sandbox/data/warehouse/tablespace/external/hive/demo_pauldefusco.db/branches_skewed]","IsNotNull(branch_id)","branch_id:bigint","isnotnull(branch_id#2695L)","",false
1,36,83,"Parquet",0,0,0,0,"InMemoryFileIndex(1 paths)[s3a://goes-se-sandbox/data/warehouse/tablespace/external/hive/demo_pauldefusco.db/branches_skewed]","IsNotNull(branch_id)","branch_id:bigint,region:string,branch_type:string","isnotnull(branch_id#91L)","",false
1,36,456,"Parquet",0,0,0,0,"InMemoryFileIndex(1 paths)[s3a://goes-se-sandbox/data/warehouse/tablespace/external/hive/demo_pauldefusco.db/branches_skewed]","IsNotNull(branch_id), IsNotNull(region), IsNotNull(branch_type)","branch_id:bigint,region:string,branch_type:string","isnotnull(branch_id#4015L), isnotnull(region#4018), isnotnull(branch_type#4019)","",false
1,36,506,"Parquet",0,0,0,0,"InMemoryFileIndex(1 paths)[s3a://goes-se-sandbox/data/warehouse/tablespace/external/hive/demo_pauldefusco.db/branches_skewed]","IsNotNull(branch_id), IsNotNull(region), IsNotNull(branch_type)","branch_id:bigint,region:string,branch_type:string,assets_under_management:double,annual_operating_cost:double","isnotnull(branch_id#3687L), isnotnull(region#3690), isnotnull(branch_type#3691)","",false
1,36,162,"Parquet",0,0,0,0,"InMemoryFileIndex(1 paths)[s3a://goes-se-sandbox/data/warehouse/tablespace/external/hive/demo_pauldefusco.db/calendar]","IsNotNull(calendar_date), IsNotNull(year), IsNotNull(month)","calendar_date:date,year:int,month:int","isnotnull(calendar_date#2706), isnotnull(year#2708), isnotnull(month#2710)","",false
1,36,223,"Parquet",0,0,0,0,"InMemoryFileIndex(1 paths)[s3a://goes-se-sandbox/data/warehouse/tablespace/external/hive/demo_pauldefusco.db/calendar]","IsNotNull(calendar_date), IsNotNull(year), IsNotNull(month)","calendar_date:date,year:int,month:int,is_weekend:boolean","isnotnull(calendar_date#2239), isnotnull(year#2241), isnotnull(month#2243)","",false
1,36,323,"Parquet",0,0,0,0,"InMemoryFileIndex(1 paths)[s3a://goes-se-sandbox/data/warehouse/tablespace/external/hive/demo_pauldefusco.db/calendar]","IsNotNull(calendar_date), IsNotNull(year), IsNotNull(quarter)","calendar_date:date,year:int,quarter:int","isnotnull(calendar_date#2978), isnotnull(year#2980), isnotnull(quarter#2981)","",false
1,36,363,"Parquet",0,0,0,0,"InMemoryFileIndex(1 paths)[s3a://goes-se-sandbox/data/warehouse/tablespace/external/hive/demo_pauldefusco.db/calendar]","IsNotNull(calendar_date), IsNotNull(year), IsNotNull(quarter)","calendar_date:date,year:int,quarter:int,is_weekend:boolean","isnotnull(calendar_date#2556), isnotnull(year#2558), isnotnull(quarter#2559)","",false
1,36,88,"Parquet",0,0,0,0,"InMemoryFileIndex(1 paths)[s3a://goes-se-sandbox/data/warehouse/tablespace/external/hive/demo_pauldefusco.db/calendar]","IsNotNull(calendar_date)","calendar_date:date,year:int,quarter:int,month:int,is_weekend:boolean","isnotnull(calendar_date#113)","",false
1,36,305,"Parquet",0,0,0,0,"InMemoryFileIndex(1 paths)[s3a://goes-se-sandbox/data/warehouse/tablespace/external/hive/demo_pauldefusco.db/customers_skewed]","IsNotNull(customer_id)","customer_id:bigint","isnotnull(customer_id#2937L)","",false
1,36,258,"Parquet",0,0,0,0,"InMemoryFileIndex(1 paths)[s3a://goes-se-sandbox/data/warehouse/tablespace/external/hive/demo_pauldefusco.db/customers_skewed]","IsNotNull(customer_id)","customer_id:bigint,credit_score:int","isnotnull(customer_id#2322L)","",false
1,36,498,"Parquet",0,0,0,0,"InMemoryFileIndex(1 paths)[s3a://goes-se-sandbox/data/warehouse/tablespace/external/hive/demo_pauldefusco.db/customers_skewed]","IsNotNull(customer_id), IsNotNull(customer_segment), IsNotNull(income_band)","customer_id:bigint,credit_score:int,income_band:string,customer_segment:string","isnotnull(customer_id#3657L), isnotnull(customer_segment#3664), isnotnull(income_band#3662)","",false
1,36,205,"Parquet",0,0,0,0,"InMemoryFileIndex(1 paths)[s3a://goes-se-sandbox/data/warehouse/tablespace/external/hive/demo_pauldefusco.db/customers_skewed]","IsNotNull(customer_id), IsNotNull(customer_segment), IsNotNull(income_band), IsNotNull(risk_rating)","customer_id:bigint,credit_score:int,income_band:string,customer_segment:string,risk_rating:string","isnotnull(customer_id#2198L), isnotnull(customer_segment#2205), isnotnull(income_band#2203), isnotnull(risk_rating#2207)","",false
1,36,66,"Parquet",0,0,0,0,"InMemoryFileIndex(1 paths)[s3a://goes-se-sandbox/data/warehouse/tablespace/external/hive/demo_pauldefusco.db/customers_skewed]","IsNotNull(customer_id)","customer_id:bigint,credit_score:int,income_band:string,estimated_income:double,customer_segment:string,risk_rating:string","isnotnull(customer_id#31L)","",false
1,36,443,"Parquet",0,0,0,0,"InMemoryFileIndex(1 paths)[s3a://goes-se-sandbox/data/warehouse/tablespace/external/hive/demo_pauldefusco.db/customers_skewed]","IsNotNull(customer_id), IsNotNull(customer_segment), IsNotNull(income_band)","customer_id:bigint,income_band:string,customer_segment:string","isnotnull(customer_id#3985L), isnotnull(customer_segment#3992), isnotnull(income_band#3990)","",false
1,36,139,"Parquet",0,0,0,0,"InMemoryFileIndex(1 paths)[s3a://goes-se-sandbox/data/warehouse/tablespace/external/hive/demo_pauldefusco.db/customers_skewed]","IsNotNull(customer_id), IsNotNull(customer_segment), IsNotNull(income_band), IsNotNull(risk_rating)","customer_id:bigint,income_band:string,customer_segment:string,risk_rating:string","isnotnull(customer_id#2665L), isnotnull(customer_segment#2672), isnotnull(income_band#2670), isnotnull(risk_rating#2674)","",false
1,36,152,"Parquet",0,0,0,0,"InMemoryFileIndex(1 paths)[s3a://goes-se-sandbox/data/warehouse/tablespace/external/hive/demo_pauldefusco.db/merchants_skewed]","IsNotNull(merchant_id)","merchant_id:bigint","isnotnull(merchant_id#2685L)","",false
1,36,451,"Parquet",0,0,0,0,"InMemoryFileIndex(1 paths)[s3a://goes-se-sandbox/data/warehouse/tablespace/external/hive/demo_pauldefusco.db/merchants_skewed]","IsNotNull(merchant_id), IsNotNull(region)","merchant_id:bigint,region:string","isnotnull(merchant_id#4005L), isnotnull(region#4007)","",false
1,36,541,"Parquet",0,0,0,0,"InMemoryFileIndex(1 paths)[s3a://goes-se-sandbox/data/warehouse/tablespace/external/hive/demo_pauldefusco.db/merchants_skewed]","IsNotNull(merchant_id), IsNotNull(region)","merchant_id:bigint,region:string,risk_level:string","isnotnull(merchant_id#3810L), isnotnull(region#3812)","",false
1,36,358,"Parquet",0,0,0,0,"InMemoryFileIndex(1 paths)[s3a://goes-se-sandbox/data/warehouse/tablespace/external/hive/demo_pauldefusco.db/merchants_skewed]","IsNotNull(merchant_id), IsNotNull(region), IsNotNull(risk_level), IsNotNull(merchant_size)","merchant_id:bigint,region:string,risk_level:string,annual_revenue:double,merchant_size:string","isnotnull(merchant_id#2535L), isnotnull(region#2537), isnotnull(risk_level#2540), isnotnull(merchant_size#2542)","",false
1,36,78,"Parquet",0,0,0,0,"InMemoryFileIndex(1 paths)[s3a://goes-se-sandbox/data/warehouse/tablespace/external/hive/demo_pauldefusco.db/merchants_skewed]","IsNotNull(merchant_id)","merchant_id:bigint,region:string,risk_level:string,merchant_size:string","isnotnull(merchant_id#71L)","",false
1,36,318,"Parquet",0,0,0,0,"InMemoryFileIndex(1 paths)[s3a://goes-se-sandbox/data/warehouse/tablespace/external/hive/demo_pauldefusco.db/merchants_skewed]","IsNotNull(merchant_id), IsNotNull(region)","merchant_id:bigint,region:string,risk_level:string,merchant_size:string","isnotnull(merchant_id#2957L), isnotnull(region#2959)","",false
1,36,218,"Parquet",0,0,0,0,"InMemoryFileIndex(1 paths)[s3a://goes-se-sandbox/data/warehouse/tablespace/external/hive/demo_pauldefusco.db/merchants_skewed]","IsNotNull(merchant_id)","merchant_id:bigint,risk_level:string","isnotnull(merchant_id#2218L)","",false
1,36,131,"Parquet",0,0,0,0,"InMemoryFileIndex(1 paths)[s3a://goes-se-sandbox/data/warehouse/tablespace/external/hive/demo_pauldefusco.db/trs_v26]","IsNotNull(transaction_id), LessThan(transaction_id,12500000000), IsNotNull(customer_id), IsNotNull(account_id)","transaction_id:bigint,customer_id:bigint,account_id:bigint,merchant_id:bigint,branch_id:bigint,transaction_date:date","isnotnull(transaction_id#2650L), (transaction_id#2650L < 12500000000), isnotnull(customer_id#2651L), isnotnull(account_id#2652L)","",false
1,36,300,"Parquet",0,0,0,0,"InMemoryFileIndex(1 paths)[s3a://goes-se-sandbox/data/warehouse/tablespace/external/hive/demo_pauldefusco.db/trs_v26]","IsNotNull(transaction_id), LessThan(transaction_id,12500000000), IsNotNull(customer_id), IsNotNull(merchant_id), IsNotNull(merchant_category)","transaction_id:bigint,customer_id:bigint,account_id:bigint,merchant_id:bigint,branch_id:bigint,transaction_date:date,merchant_category:string","isnotnull(transaction_id#2922L), (transaction_id#2922L < 12500000000), isnotnull(customer_id#2923L), isnotnull(merchant_id#2925L), isnotnull(merchant_category#2929)","",false
1,36,435,"Parquet",0,0,0,0,"InMemoryFileIndex(1 paths)[s3a://goes-se-sandbox/data/warehouse/tablespace/external/hive/demo_pauldefusco.db/trs_v26]","IsNotNull(transaction_id), LessThan(transaction_id,12500000000), IsNotNull(merchant_category)","transaction_id:bigint,customer_id:bigint,account_id:bigint,merchant_id:bigint,branch_id:bigint,transaction_date:date,merchant_category:string","isnotnull(transaction_id#3970L), (transaction_id#3970L < 12500000000), isnotnull(merchant_category#3977)","",false
1,36,351,"Parquet",0,0,0,0,"InMemoryFileIndex(1 paths)[s3a://goes-se-sandbox/data/warehouse/tablespace/external/hive/demo_pauldefusco.db/trs_v26]","IsNotNull(transaction_id), LessThan(transaction_id,12500000000), IsNotNull(merchant_id), IsNotNull(merchant_category)","transaction_id:bigint,customer_id:bigint,account_id:bigint,merchant_id:bigint,branch_id:bigint,transaction_date:date,merchant_category:string,transaction_amount:double,fraud_flag:int","isnotnull(transaction_id#2500L), (transaction_id#2500L < 12500000000), isnotnull(merchant_id#2503L), isnotnull(merchant_category#2507)","",false
1,36,533,"Parquet",0,0,0,0,"InMemoryFileIndex(1 paths)[s3a://goes-se-sandbox/data/warehouse/tablespace/external/hive/demo_pauldefusco.db/trs_v26]","IsNotNull(transaction_id), IsNotNull(fraud_flag), LessThan(transaction_id,12500000000), EqualTo(fraud_flag,1), IsNotNull(merchant_category)","transaction_id:bigint,customer_id:bigint,account_id:bigint,merchant_id:bigint,branch_id:bigint,transaction_date:date,merchant_category:string,transaction_amount:double,fraud_flag:int","isnotnull(transaction_id#3775L), isnotnull(fraud_flag#3787), (transaction_id#3775L < 12500000000), (fraud_flag#3787 = 1), isnotnull(merchant_category#3782)","",false
1,36,59,"Parquet",0,0,0,0,"InMemoryFileIndex(1 paths)[s3a://goes-se-sandbox/data/warehouse/tablespace/external/hive/demo_pauldefusco.db/trs_v26]","IsNotNull(transaction_id), LessThan(transaction_id,12500000000)","transaction_id:bigint,customer_id:bigint,account_id:bigint,merchant_id:bigint,branch_id:bigint,transaction_date:date,merchant_category:string,transaction_amount:double,payment_channel:string,payment_type:string,device_type:string,fraud_flag:int","isnotnull(transaction_id#0L), (transaction_id#0L < 12500000000)","",false
1,36,197,"Parquet",0,0,0,0,"InMemoryFileIndex(1 paths)[s3a://goes-se-sandbox/data/warehouse/tablespace/external/hive/demo_pauldefusco.db/trs_v26]","IsNotNull(transaction_id), LessThan(transaction_id,12500000000), IsNotNull(customer_id)","transaction_id:bigint,customer_id:bigint,account_id:bigint,merchant_id:bigint,branch_id:bigint,transaction_date:date,transaction_amount:double,fraud_flag:int","isnotnull(transaction_id#2183L), (transaction_id#2183L < 12500000000), isnotnull(customer_id#2184L)","",false
1,36,253,"Parquet",0,0,0,0,"InMemoryFileIndex(1 paths)[s3a://goes-se-sandbox/data/warehouse/tablespace/external/hive/demo_pauldefusco.db/trs_v26]","IsNotNull(transaction_id), LessThan(transaction_id,12500000000), IsNotNull(account_id)","transaction_id:bigint,customer_id:bigint,account_id:bigint,merchant_id:bigint,branch_id:bigint,transaction_date:date,transaction_amount:double,fraud_flag:int","isnotnull(transaction_id#2307L), (transaction_id#2307L < 12500000000), isnotnull(account_id#2309L)","",false
1,36,490,"Parquet",0,0,0,0,"InMemoryFileIndex(1 paths)[s3a://goes-se-sandbox/data/warehouse/tablespace/external/hive/demo_pauldefusco.db/trs_v26]","IsNotNull(transaction_id), LessThan(transaction_id,12500000000)","transaction_id:bigint,customer_id:bigint,account_id:bigint,merchant_id:bigint,branch_id:bigint,transaction_date:date,transaction_amount:double,fraud_flag:int","isnotnull(transaction_id#3642L), (transaction_id#3642L < 12500000000)","",false
1,36,389,"Parquet",0,0,0,0,"InMemoryFileIndex(1 paths)[s3a://goes-se-sandbox/data/warehouse/tablespace/external/hive/demo_pauldefusco.db/trs_v26]","IsNotNull(transaction_id), LessThan(transaction_id,12500000000), IsNotNull(payment_channel), IsNotNull(payment_type), IsNotNull(device_type)","transaction_id:bigint,customer_id:bigint,account_id:bigint,merchant_id:bigint,branch_id:bigint,transaction_date:date,transaction_amount:double,payment_channel:string,payment_type:string,device_type:string,fraud_flag:int","isnotnull(transaction_id#3237L), (transaction_id#3237L < 12500000000), isnotnull(payment_channel#3246), isnotnull(payment_type#3247), isnotnull(device_type#3248)","",false
1,37,314,"Parquet",0,147214,83628707,0,"InMemoryFileIndex(1 paths)[s3a://goes-se-sandbox/data/warehouse/tablespace/external/hive/demo_pauldefusco.db/accounts_skewed]","IsNotNull(account_id)","account_id:bigint","isnotnull(account_id#2948L)","",true
1,37,148,"Parquet",0,153154,83628707,0,"InMemoryFileIndex(1 paths)[s3a://goes-se-sandbox/data/warehouse/tablespace/external/hive/demo_pauldefusco.db/accounts_skewed]","IsNotNull(account_id), IsNotNull(account_type)","account_id:bigint,account_type:string,account_status:string","isnotnull(account_id#2676L), isnotnull(account_type#2677)","",true
1,37,74,"Parquet",0,158377,83628707,0,"InMemoryFileIndex(1 paths)[s3a://goes-se-sandbox/data/warehouse/tablespace/external/hive/demo_pauldefusco.db/accounts_skewed]","IsNotNull(account_id)","account_id:bigint,account_type:string,account_status:string,current_balance:double,credit_limit:double,interest_rate:double","isnotnull(account_id#52L)","",true
1,37,267,"Parquet",0,152185,83628707,0,"InMemoryFileIndex(1 paths)[s3a://goes-se-sandbox/data/warehouse/tablespace/external/hive/demo_pauldefusco.db/accounts_skewed]","IsNotNull(account_id), IsNotNull(account_type), IsNotNull(account_status)","account_id:bigint,account_type:string,account_status:string,current_balance:double,credit_limit:double,interest_rate:double","isnotnull(account_id#2333L), isnotnull(account_type#2334), isnotnull(account_status#2336)","",true
1,37,214,"Parquet",0,153037,83628707,0,"InMemoryFileIndex(1 paths)[s3a://goes-se-sandbox/data/warehouse/tablespace/external/hive/demo_pauldefusco.db/accounts_skewed]","IsNotNull(account_id)","account_id:bigint,current_balance:double,interest_rate:double","isnotnull(account_id#2209L)","",true
1,37,158,"Parquet",0,18638,360683,0,"InMemoryFileIndex(1 paths)[s3a://goes-se-sandbox/data/warehouse/tablespace/external/hive/demo_pauldefusco.db/branches_skewed]","IsNotNull(branch_id)","branch_id:bigint","isnotnull(branch_id#2695L)","",true
1,37,84,"Parquet",0,20383,360683,0,"InMemoryFileIndex(1 paths)[s3a://goes-se-sandbox/data/warehouse/tablespace/external/hive/demo_pauldefusco.db/branches_skewed]","IsNotNull(branch_id)","branch_id:bigint,region:string,branch_type:string","isnotnull(branch_id#91L)","",true
1,37,457,"Parquet",0,18752,360683,0,"InMemoryFileIndex(1 paths)[s3a://goes-se-sandbox/data/warehouse/tablespace/external/hive/demo_pauldefusco.db/branches_skewed]","IsNotNull(branch_id), IsNotNull(region), IsNotNull(branch_type)","branch_id:bigint,region:string,branch_type:string","isnotnull(branch_id#4015L), isnotnull(region#4018), isnotnull(branch_type#4019)","",true
1,37,507,"Parquet",0,14453,360683,0,"InMemoryFileIndex(1 paths)[s3a://goes-se-sandbox/data/warehouse/tablespace/external/hive/demo_pauldefusco.db/branches_skewed]","IsNotNull(branch_id), IsNotNull(region), IsNotNull(branch_type)","branch_id:bigint,region:string,branch_type:string,assets_under_management:double,annual_operating_cost:double","isnotnull(branch_id#3687L), isnotnull(region#3690), isnotnull(branch_type#3691)","",true
1,37,163,"Parquet",0,206,10508,0,"InMemoryFileIndex(1 paths)[s3a://goes-se-sandbox/data/warehouse/tablespace/external/hive/demo_pauldefusco.db/calendar]","IsNotNull(calendar_date), IsNotNull(year), IsNotNull(month)","calendar_date:date,year:int,month:int","isnotnull(calendar_date#2706), isnotnull(year#2708), isnotnull(month#2710)","",true
1,37,224,"Parquet",0,4657,10508,0,"InMemoryFileIndex(1 paths)[s3a://goes-se-sandbox/data/warehouse/tablespace/external/hive/demo_pauldefusco.db/calendar]","IsNotNull(calendar_date), IsNotNull(year), IsNotNull(month)","calendar_date:date,year:int,month:int,is_weekend:boolean","isnotnull(calendar_date#2239), isnotnull(year#2241), isnotnull(month#2243)","",true
1,37,324,"Parquet",0,4692,10508,0,"InMemoryFileIndex(1 paths)[s3a://goes-se-sandbox/data/warehouse/tablespace/external/hive/demo_pauldefusco.db/calendar]","IsNotNull(calendar_date), IsNotNull(year), IsNotNull(quarter)","calendar_date:date,year:int,quarter:int","isnotnull(calendar_date#2978), isnotnull(year#2980), isnotnull(quarter#2981)","",true
1,37,364,"Parquet",0,4918,10508,0,"InMemoryFileIndex(1 paths)[s3a://goes-se-sandbox/data/warehouse/tablespace/external/hive/demo_pauldefusco.db/calendar]","IsNotNull(calendar_date), IsNotNull(year), IsNotNull(quarter)","calendar_date:date,year:int,quarter:int,is_weekend:boolean","isnotnull(calendar_date#2556), isnotnull(year#2558), isnotnull(quarter#2559)","",true
1,37,89,"Parquet",0,4657,10508,0,"InMemoryFileIndex(1 paths)[s3a://goes-se-sandbox/data/warehouse/tablespace/external/hive/demo_pauldefusco.db/calendar]","IsNotNull(calendar_date)","calendar_date:date,year:int,quarter:int,month:int,is_weekend:boolean","isnotnull(calendar_date#113)","",true
1,37,306,"Parquet",0,142568,42432151,0,"InMemoryFileIndex(1 paths)[s3a://goes-se-sandbox/data/warehouse/tablespace/external/hive/demo_pauldefusco.db/customers_skewed]","IsNotNull(customer_id)","customer_id:bigint","isnotnull(customer_id#2937L)","",true
1,37,259,"Parquet",0,142114,42432151,0,"InMemoryFileIndex(1 paths)[s3a://goes-se-sandbox/data/warehouse/tablespace/external/hive/demo_pauldefusco.db/customers_skewed]","IsNotNull(customer_id)","customer_id:bigint,credit_score:int","isnotnull(customer_id#2322L)","",true
1,37,499,"Parquet",0,176857,42432151,0,"InMemoryFileIndex(1 paths)[s3a://goes-se-sandbox/data/warehouse/tablespace/external/hive/demo_pauldefusco.db/customers_skewed]","IsNotNull(customer_id), IsNotNull(customer_segment), IsNotNull(income_band)","customer_id:bigint,credit_score:int,income_band:string,customer_segment:string","isnotnull(customer_id#3657L), isnotnull(customer_segment#3664), isnotnull(income_band#3662)","",true
1,37,206,"Parquet",0,173402,42432151,0,"InMemoryFileIndex(1 paths)[s3a://goes-se-sandbox/data/warehouse/tablespace/external/hive/demo_pauldefusco.db/customers_skewed]","IsNotNull(customer_id), IsNotNull(customer_segment), IsNotNull(income_band), IsNotNull(risk_rating)","customer_id:bigint,credit_score:int,income_band:string,customer_segment:string,risk_rating:string","isnotnull(customer_id#2198L), isnotnull(customer_segment#2205), isnotnull(income_band#2203), isnotnull(risk_rating#2207)","",true
1,37,67,"Parquet",0,156474,42432151,0,"InMemoryFileIndex(1 paths)[s3a://goes-se-sandbox/data/warehouse/tablespace/external/hive/demo_pauldefusco.db/customers_skewed]","IsNotNull(customer_id)","customer_id:bigint,credit_score:int,income_band:string,estimated_income:double,customer_segment:string,risk_rating:string","isnotnull(customer_id#31L)","",true
1,37,444,"Parquet",0,174264,42432151,0,"InMemoryFileIndex(1 paths)[s3a://goes-se-sandbox/data/warehouse/tablespace/external/hive/demo_pauldefusco.db/customers_skewed]","IsNotNull(customer_id), IsNotNull(customer_segment), IsNotNull(income_band)","customer_id:bigint,income_band:string,customer_segment:string","isnotnull(customer_id#3985L), isnotnull(customer_segment#3992), isnotnull(income_band#3990)","",true
1,37,140,"Parquet",0,189326,42432151,0,"InMemoryFileIndex(1 paths)[s3a://goes-se-sandbox/data/warehouse/tablespace/external/hive/demo_pauldefusco.db/customers_skewed]","IsNotNull(customer_id), IsNotNull(customer_segment), IsNotNull(income_band), IsNotNull(risk_rating)","customer_id:bigint,income_band:string,customer_segment:string,risk_rating:string","isnotnull(customer_id#2665L), isnotnull(customer_segment#2672), isnotnull(income_band#2670), isnotnull(risk_rating#2674)","",true
1,37,153,"Parquet",0,270028,13590573,0,"InMemoryFileIndex(1 paths)[s3a://goes-se-sandbox/data/warehouse/tablespace/external/hive/demo_pauldefusco.db/merchants_skewed]","IsNotNull(merchant_id)","merchant_id:bigint","isnotnull(merchant_id#2685L)","",true
1,37,452,"Parquet",0,140493,13590573,0,"InMemoryFileIndex(1 paths)[s3a://goes-se-sandbox/data/warehouse/tablespace/external/hive/demo_pauldefusco.db/merchants_skewed]","IsNotNull(merchant_id), IsNotNull(region)","merchant_id:bigint,region:string","isnotnull(merchant_id#4005L), isnotnull(region#4007)","",true
1,37,542,"Parquet",0,224507,13590573,0,"InMemoryFileIndex(1 paths)[s3a://goes-se-sandbox/data/warehouse/tablespace/external/hive/demo_pauldefusco.db/merchants_skewed]","IsNotNull(merchant_id), IsNotNull(region)","merchant_id:bigint,region:string,risk_level:string","isnotnull(merchant_id#3810L), isnotnull(region#3812)","",true
1,37,359,"Parquet",0,143567,13590573,0,"InMemoryFileIndex(1 paths)[s3a://goes-se-sandbox/data/warehouse/tablespace/external/hive/demo_pauldefusco.db/merchants_skewed]","IsNotNull(merchant_id), IsNotNull(region), IsNotNull(risk_level), IsNotNull(merchant_size)","merchant_id:bigint,region:string,risk_level:string,annual_revenue:double,merchant_size:string","isnotnull(merchant_id#2535L), isnotnull(region#2537), isnotnull(risk_level#2540), isnotnull(merchant_size#2542)","",true
1,37,79,"Parquet",0,151598,13590573,0,"InMemoryFileIndex(1 paths)[s3a://goes-se-sandbox/data/warehouse/tablespace/external/hive/demo_pauldefusco.db/merchants_skewed]","IsNotNull(merchant_id)","merchant_id:bigint,region:string,risk_level:string,merchant_size:string","isnotnull(merchant_id#71L)","",true
1,37,319,"Parquet",0,147576,13590573,0,"InMemoryFileIndex(1 paths)[s3a://goes-se-sandbox/data/warehouse/tablespace/external/hive/demo_pauldefusco.db/merchants_skewed]","IsNotNull(merchant_id), IsNotNull(region)","merchant_id:bigint,region:string,risk_level:string,merchant_size:string","isnotnull(merchant_id#2957L), isnotnull(region#2959)","",true
1,37,219,"Parquet",0,145926,13590573,0,"InMemoryFileIndex(1 paths)[s3a://goes-se-sandbox/data/warehouse/tablespace/external/hive/demo_pauldefusco.db/merchants_skewed]","IsNotNull(merchant_id)","merchant_id:bigint,risk_level:string","isnotnull(merchant_id#2218L)","",true
1,37,132,"Parquet",0,2198967,55995127116,0,"InMemoryFileIndex(1 paths)[s3a://goes-se-sandbox/data/warehouse/tablespace/external/hive/demo_pauldefusco.db/trs_v26]","IsNotNull(transaction_id), LessThan(transaction_id,12500000000), IsNotNull(customer_id), IsNotNull(account_id)","transaction_id:bigint,customer_id:bigint,account_id:bigint,merchant_id:bigint,branch_id:bigint,transaction_date:date","isnotnull(transaction_id#2650L), (transaction_id#2650L < 12500000000), isnotnull(customer_id#2651L), isnotnull(account_id#2652L)","",true
1,37,301,"Parquet",0,4041518,55995127116,0,"InMemoryFileIndex(1 paths)[s3a://goes-se-sandbox/data/warehouse/tablespace/external/hive/demo_pauldefusco.db/trs_v26]","IsNotNull(transaction_id), LessThan(transaction_id,12500000000), IsNotNull(customer_id), IsNotNull(merchant_id), IsNotNull(merchant_category)","transaction_id:bigint,customer_id:bigint,account_id:bigint,merchant_id:bigint,branch_id:bigint,transaction_date:date,merchant_category:string","isnotnull(transaction_id#2922L), (transaction_id#2922L < 12500000000), isnotnull(customer_id#2923L), isnotnull(merchant_id#2925L), isnotnull(merchant_category#2929)","",true
1,37,436,"Parquet",0,841558,55995127116,0,"InMemoryFileIndex(1 paths)[s3a://goes-se-sandbox/data/warehouse/tablespace/external/hive/demo_pauldefusco.db/trs_v26]","IsNotNull(transaction_id), LessThan(transaction_id,12500000000), IsNotNull(merchant_category)","transaction_id:bigint,customer_id:bigint,account_id:bigint,merchant_id:bigint,branch_id:bigint,transaction_date:date,merchant_category:string","isnotnull(transaction_id#3970L), (transaction_id#3970L < 12500000000), isnotnull(merchant_category#3977)","",true
1,37,352,"Parquet",0,663853,55995127116,0,"InMemoryFileIndex(1 paths)[s3a://goes-se-sandbox/data/warehouse/tablespace/external/hive/demo_pauldefusco.db/trs_v26]","IsNotNull(transaction_id), LessThan(transaction_id,12500000000), IsNotNull(merchant_id), IsNotNull(merchant_category)","transaction_id:bigint,customer_id:bigint,account_id:bigint,merchant_id:bigint,branch_id:bigint,transaction_date:date,merchant_category:string,transaction_amount:double,fraud_flag:int","isnotnull(transaction_id#2500L), (transaction_id#2500L < 12500000000), isnotnull(merchant_id#2503L), isnotnull(merchant_category#2507)","",true
1,37,534,"Parquet",0,622279,55995127116,0,"InMemoryFileIndex(1 paths)[s3a://goes-se-sandbox/data/warehouse/tablespace/external/hive/demo_pauldefusco.db/trs_v26]","IsNotNull(transaction_id), IsNotNull(fraud_flag), LessThan(transaction_id,12500000000), EqualTo(fraud_flag,1), IsNotNull(merchant_category)","transaction_id:bigint,customer_id:bigint,account_id:bigint,merchant_id:bigint,branch_id:bigint,transaction_date:date,merchant_category:string,transaction_amount:double,fraud_flag:int","isnotnull(transaction_id#3775L), isnotnull(fraud_flag#3787), (transaction_id#3775L < 12500000000), (fraud_flag#3787 = 1), isnotnull(merchant_category#3782)","",true
1,37,60,"Parquet",0,661174,55995127116,0,"InMemoryFileIndex(1 paths)[s3a://goes-se-sandbox/data/warehouse/tablespace/external/hive/demo_pauldefusco.db/trs_v26]","IsNotNull(transaction_id), LessThan(transaction_id,12500000000)","transaction_id:bigint,customer_id:bigint,account_id:bigint,merchant_id:bigint,branch_id:bigint,transaction_date:date,merchant_category:string,transaction_amount:double,payment_channel:string,payment_type:string,device_type:string,fraud_flag:int","isnotnull(transaction_id#0L), (transaction_id#0L < 12500000000)","",true
1,37,198,"Parquet",0,1420565,55995127116,0,"InMemoryFileIndex(1 paths)[s3a://goes-se-sandbox/data/warehouse/tablespace/external/hive/demo_pauldefusco.db/trs_v26]","IsNotNull(transaction_id), LessThan(transaction_id,12500000000), IsNotNull(customer_id)","transaction_id:bigint,customer_id:bigint,account_id:bigint,merchant_id:bigint,branch_id:bigint,transaction_date:date,transaction_amount:double,fraud_flag:int","isnotnull(transaction_id#2183L), (transaction_id#2183L < 12500000000), isnotnull(customer_id#2184L)","",true
1,37,254,"Parquet",0,2209032,55995127116,0,"InMemoryFileIndex(1 paths)[s3a://goes-se-sandbox/data/warehouse/tablespace/external/hive/demo_pauldefusco.db/trs_v26]","IsNotNull(transaction_id), LessThan(transaction_id,12500000000), IsNotNull(account_id)","transaction_id:bigint,customer_id:bigint,account_id:bigint,merchant_id:bigint,branch_id:bigint,transaction_date:date,transaction_amount:double,fraud_flag:int","isnotnull(transaction_id#2307L), (transaction_id#2307L < 12500000000), isnotnull(account_id#2309L)","",true
1,37,491,"Parquet",0,853136,55995127116,0,"InMemoryFileIndex(1 paths)[s3a://goes-se-sandbox/data/warehouse/tablespace/external/hive/demo_pauldefusco.db/trs_v26]","IsNotNull(transaction_id), LessThan(transaction_id,12500000000)","transaction_id:bigint,customer_id:bigint,account_id:bigint,merchant_id:bigint,branch_id:bigint,transaction_date:date,transaction_amount:double,fraud_flag:int","isnotnull(transaction_id#3642L), (transaction_id#3642L < 12500000000)","",true
1,37,390,"Parquet",0,672305,55995127116,0,"InMemoryFileIndex(1 paths)[s3a://goes-se-sandbox/data/warehouse/tablespace/external/hive/demo_pauldefusco.db/trs_v26]","IsNotNull(transaction_id), LessThan(transaction_id,12500000000), IsNotNull(payment_channel), IsNotNull(payment_type), IsNotNull(device_type)","transaction_id:bigint,customer_id:bigint,account_id:bigint,merchant_id:bigint,branch_id:bigint,transaction_date:date,transaction_amount:double,payment_channel:string,payment_type:string,device_type:string,fraud_flag:int","isnotnull(transaction_id#3237L), (transaction_id#3237L < 12500000000), isnotnull(payment_channel#3246), isnotnull(payment_type#3247), isnotnull(device_type#3248)","",true
