sqlID,nodeID,nodeName,accumulatorId,name,min,median,max,total,metricType,stageIds
1,1,"Execute InsertIntoHadoopFsRelationCommand",27514,"number of written files",1000,1000,1000,1000,"sum","544"
1,1,"Execute InsertIntoHadoopFsRelationCommand",27515,"written output",15454853643,15454853643,15454853643,15454853643,"size","544"
1,1,"Execute InsertIntoHadoopFsRelationCommand",27516,"number of output rows",66811334,66811334,66811334,66811334,"sum","544"
1,1,"Execute InsertIntoHadoopFsRelationCommand",27517,"number of dynamic part",0,0,0,0,"sum","544"
1,1,"Execute InsertIntoHadoopFsRelationCommand",27518,"task commit time",191,568,1759,790131,"timing","544"
1,1,"Execute InsertIntoHadoopFsRelationCommand",27519,"job commit time",20404,20404,20404,20404,"timing","544"
1,3,"WholeStageCodegen (140)",27520,"duration",1172,7029,12452,7269512,"timing","544"
1,4,"Sort",27521,"sort time",110,170,591,276825,"timing","544"
1,4,"Sort",27522,"peak memory",69206016,69206016,69206016,69206016000,"size","544"
1,4,"Sort",27523,"spill size",0,0,0,0,"size","544"
1,5,"Exchange",27371,"data size",1178840,53897280,182500544,53628046880,"size","490,544"
1,5,"Exchange",27372,"number of partitions",1000,1000,1000,1000,"sum","490,544"
1,5,"Exchange",27373,"remote blocks read",5,5,57,16491,"sum","490,544"
1,5,"Exchange",27374,"local blocks read",1,1,2,64,"sum","490,544"
1,5,"Exchange",27375,"remote bytes read",12212200,20065701,30624880,20065951533,"size","490,544"
1,5,"Exchange",27377,"local bytes read",41913,1311468,4371872,78688943,"size","490,544"
1,5,"Exchange",27378,"fetch wait time",0,0,0,0,"timing","490,544"
1,5,"Exchange",27379,"records read",54316,66563,82669,66811334,"sum","490,544"
1,5,"Exchange",27388,"remote reqs duration",531,1848,8432,2093628,"timing","490,544"
1,5,"Exchange",27390,"shuffle bytes written",551284,20245621,62639329,20144640476,"size","490,544"
1,5,"Exchange",27391,"shuffle records written",1439,66903,228018,66811334,"sum","490,544"
1,5,"Exchange",27392,"shuffle write time",507318,9882316,59215494,9833150967,"nsTiming","490,544"
1,6,"WholeStageCodegen (139)",27393,"duration",38,18592,77622,76639898,"timing","490,384,437"
1,7,"HashAggregate",27394,"number of output rows",1439,67064,228018,268143340,"sum","490,384,437"
1,7,"HashAggregate",27395,"peak memory",262144,96055486,276824064,384607191040,"size","490,384,437"
1,7,"HashAggregate",27397,"time in aggregation build",23,17854,77218,73031722,"timing","490,384,437"
1,7,"HashAggregate",27398,"avg hash probes per key",10,10,16,62408,"average","490,384,437"
1,8,"HashAggregate",27400,"number of output rows",1439,67064,228018,268143340,"sum","490,384,437"
1,8,"HashAggregate",27401,"peak memory",262144,81101499,209715200,324731404288,"size","490,384,437"
1,8,"HashAggregate",27403,"time in aggregation build",0,17552,76925,71716719,"timing","490,384,437"
1,8,"HashAggregate",27404,"avg hash probes per key",10,10,18,55951,"average","490,384,437"
1,9,"Sort",27406,"sort time",0,87,2037,1211976,"timing","490,384,437"
1,9,"Sort",27407,"peak memory",65536,820303584,3221225472,3282013519872,"size","490,384,437"
1,9,"Sort",27408,"spill size",0,57119458,3019898880,247497490432,"size","490,384,437"
1,10,"Exchange",27293,"data size",349894072,762409933,1495531040,762410186248,"size","331,490,384,437"
1,10,"Exchange",27294,"number of partitions",1000,1000,1000,1000,"sum","331,490,384,437"
1,10,"Exchange",27295,"remote blocks read",42,322,885,2082856,"sum","331,490,384,437"
1,10,"Exchange",27296,"local blocks read",1,1,5,8522,"sum","331,490,384,437"
1,10,"Exchange",27297,"remote bytes read",668956,143879080,621833164,573201304090,"size","331,490,384,437"
1,10,"Exchange",27299,"local bytes read",556,603208,25961536,2208010204,"size","331,490,384,437"
1,10,"Exchange",27300,"fetch wait time",0,312,2899,1054883,"timing","331,490,384,437"
1,10,"Exchange",27301,"records read",1870,1006423,5153083,4010574476,"sum","331,490,384,437"
1,10,"Exchange",27310,"remote reqs duration",3819,76485,213803,246983597,"timing","331,490,384,437"
1,10,"Exchange",27312,"shuffle bytes written",66672685,143483546,265383407,143483800351,"size","331,490,384,437"
1,10,"Exchange",27313,"shuffle records written",457424,999753,1984208,1000000000,"sum","331,490,384,437"
1,10,"Exchange",27314,"shuffle write time",31760219,130623868,2986042970,130624115777,"nsTiming","331,490,384,437"
1,11,"WholeStageCodegen (138)",27315,"duration",5334,12726,19718,12974401,"timing","331"
1,13,"SortMergeJoin",27316,"number of output rows",457424,999753,1984208,1000000000,"sum","331"
1,13,"SortMergeJoin",27317,"spill size",0,0,0,0,"size","331"
1,14,"WholeStageCodegen (136)",27319,"duration",5795,13142,20083,13387874,"timing","331"
1,15,"Sort",27320,"sort time",381,819,2282,1062327,"timing","331"
1,15,"Sort",27321,"peak memory",352321536,729976416,1409286144,729976668160,"size","331"
1,15,"Sort",27322,"spill size",0,0,0,0,"size","331"
1,16,"Exchange",27160,"data size",417019688,1110303707,4556671776,658410186248,"size","279,331"
1,16,"Exchange",27161,"number of partitions",1000,1000,1000,1000,"sum","279,331"
1,16,"Exchange",27162,"remote blocks read",589,589,593,590618,"sum","279,331"
1,16,"Exchange",27163,"local blocks read",1,1,4,2382,"sum","279,331"
1,16,"Exchange",27164,"remote bytes read",79783082,170019526,309639233,170019771553,"size","279,331"
1,16,"Exchange",27166,"local bytes read",7211,714466,5044862,691832034,"size","279,331"
1,16,"Exchange",27167,"fetch wait time",0,2418,6349,2662211,"timing","279,331"
1,16,"Exchange",27168,"records read",457424,999753,1984208,1000000000,"sum","279,331"
1,16,"Exchange",27177,"remote reqs duration",6942,141375,204799,141628449,"timing","279,331"
1,16,"Exchange",27179,"shuffle bytes written",108379030,287877767,1181756940,170711603587,"size","279,331"
1,16,"Exchange",27180,"shuffle records written",638021,1686195,6917768,1000000000,"sum","279,331"
1,16,"Exchange",27181,"shuffle write time",50015014,210533705,4569940036,124846577306,"nsTiming","279,331"
1,17,"WholeStageCodegen (135)",27182,"duration",5,14884,49105,15103791,"timing","279"
1,19,"SortMergeJoin",27183,"number of output rows",638021,1686195,6917768,1000000000,"sum","279"
1,19,"SortMergeJoin",27184,"spill size",0,0,0,0,"size","279"
1,20,"WholeStageCodegen (133)",27186,"duration",14,15357,49317,15595107,"timing","279"
1,21,"Sort",27187,"sort time",0,143,3033,300203,"timing","279"
1,21,"Sort",27188,"peak memory",65536,650915335,3221225472,650915545088,"size","279"
1,21,"Sort",27189,"spill size",0,26709303,3087007744,26709327872,"size","279"
1,22,"Exchange",26996,"data size",592630928,594409944,596232120,594410186248,"size","242,279"
1,22,"Exchange",26997,"number of partitions",1000,1000,1000,1000,"sum","242,279"
1,22,"Exchange",26998,"remote blocks read",994,994,996,590617,"sum","242,279"
1,22,"Exchange",26999,"local blocks read",4,4,6,2383,"sum","242,279"
1,22,"Exchange",27000,"remote bytes read",124481994,337884974,1491476898,200365878110,"size","242,279"
1,22,"Exchange",27002,"local bytes read",488491,1362359,6001207,807965779,"size","242,279"
1,22,"Exchange",27003,"fetch wait time",2096,14835,21789,8885130,"timing","242,279"
1,22,"Exchange",27004,"records read",638021,1686195,6917768,1000000000,"sum","242,279"
1,22,"Exchange",27013,"remote reqs duration",116241,228356,331728,135503808,"timing","242,279"
1,22,"Exchange",27015,"shuffle bytes written",200527123,201173596,201797653,201173843889,"size","242,279"
1,22,"Exchange",27016,"shuffle records written",997011,999747,1003066,1000000000,"sum","242,279"
1,22,"Exchange",27017,"shuffle write time",79887894,144000910,3371411856,144001157819,"nsTiming","242,279"
1,23,"WholeStageCodegen (132)",27018,"duration",10406,30856,41153,31111824,"timing","242"
1,25,"SortMergeJoin",27019,"number of output rows",997011,999747,1003066,1000000000,"sum","242"
1,25,"SortMergeJoin",27020,"spill size",0,0,0,0,"size","242"
1,26,"WholeStageCodegen (130)",27022,"duration",10969,31274,41326,31528443,"timing","242"
1,27,"Sort",27023,"sort time",295,306,783,366548,"timing","242"
1,27,"Sort",27024,"peak memory",637534208,637534208,637534208,637534208000,"size","242"
1,27,"Sort",27025,"spill size",0,0,0,0,"size","242"
1,28,"Exchange",26801,"data size",536627808,538409926,540311736,538410186248,"size","208,242"
1,28,"Exchange",26802,"number of partitions",1000,1000,1000,1000,"sum","208,242"
1,28,"Exchange",26803,"remote blocks read",984,989,1000,995984,"sum","208,242"
1,28,"Exchange",26804,"local blocks read",1,1,16,4016,"sum","208,242"
1,28,"Exchange",26805,"remote bytes read",168690135,170941654,172142528,170941899257,"size","208,242"
1,28,"Exchange",26807,"local bytes read",159325,711049,2777590,688534690,"size","208,242"
1,28,"Exchange",26808,"fetch wait time",1976,20484,31321,20727625,"timing","208,242"
1,28,"Exchange",26809,"records read",997011,999747,1003066,1000000000,"sum","208,242"
1,28,"Exchange",26818,"remote reqs duration",31993,320360,413642,320607115,"timing","208,242"
1,28,"Exchange",26820,"shuffle bytes written",170989415,171630189,172218522,171630433947,"size","208,242"
1,28,"Exchange",26821,"shuffle records written",996715,999750,1003508,1000000000,"sum","208,242"
1,28,"Exchange",26822,"shuffle write time",71904250,101090160,332608585,101090406800,"nsTiming","208,242"
1,29,"WholeStageCodegen (129)",26823,"duration",3980,26513,48669,26770775,"timing","208"
1,31,"SortMergeJoin",26824,"number of output rows",996715,999750,1003508,1000000000,"sum","208"
1,31,"SortMergeJoin",26825,"spill size",0,0,0,0,"size","208"
1,32,"WholeStageCodegen (127)",26827,"duration",3987,26566,48841,26824834,"timing","208"
1,33,"Sort",26828,"sort time",482,501,1028,643287,"timing","208"
1,33,"Sort",26829,"peak memory",436207616,436207616,436207616,436207616000,"size","208"
1,33,"Sort",26830,"spill size",0,0,0,0,"size","208"
1,34,"Exchange",13601,"data size",344929792,386409940,431761200,386410186248,"size","57,208"
1,34,"Exchange",13602,"number of partitions",1000,1000,1000,1000,"sum","57,208"
1,34,"Exchange",13603,"remote blocks read",984,984,1000,995846,"sum","57,208"
1,34,"Exchange",13604,"local blocks read",8,8,16,4154,"sum","57,208"
1,34,"Exchange",13605,"remote bytes read",155051915,157315111,158534975,157315368106,"size","57,208"
1,34,"Exchange",13607,"local bytes read",1238068,1990842,2591045,657004687,"size","57,208"
1,34,"Exchange",13608,"fetch wait time",0,20598,41654,20840247,"timing","57,208"
1,34,"Exchange",13609,"records read",996715,999750,1003508,1000000000,"sum","57,208"
1,34,"Exchange",13618,"remote reqs duration",4128,55283,174572,55529562,"timing","57,208"
1,34,"Exchange",13620,"shuffle bytes written",139651470,157972125,177089066,157972372793,"size","57,208"
1,34,"Exchange",13621,"shuffle records written",895884,999741,1115824,1000000000,"sum","57,208"
1,34,"Exchange",13622,"shuffle write time",65618916,123728779,5581068760,123729026915,"nsTiming","57,208"
1,35,"WholeStageCodegen (78)",13623,"duration",3515,11470,29223,11720465,"timing","57"
1,40,"BroadcastHashJoin",13624,"number of output rows",895884,999741,1115824,1000000000,"sum","57"
1,42,"BroadcastHashJoin",13625,"number of output rows",895884,999741,1115824,1000000000,"sum","57"
1,44,"BroadcastHashJoin",13626,"number of output rows",895884,999741,1115824,1000000000,"sum","57"
1,46,"SortMergeJoin",13627,"number of output rows",895884,999741,1115824,1000000000,"sum","57"
1,46,"SortMergeJoin",13628,"spill size",0,0,0,0,"size","57"
1,47,"WholeStageCodegen (76)",13630,"duration",3526,11615,29226,11874003,"timing","57"
1,48,"Sort",13631,"sort time",28,28,231,50487,"timing","57"
1,48,"Sort",13632,"peak memory",234881024,244074688,335544320,244074938368,"size","57"
1,48,"Sort",13633,"spill size",0,0,0,0,"size","57"
1,49,"Exchange",5340,"data size",160683840,189037868,216467608,189038118536,"size","35,57"
1,49,"Exchange",5341,"number of partitions",1000,1000,1000,1000,"sum","35,57"
1,49,"Exchange",5342,"remote blocks read",968,968,1000,987637,"sum","35,57"
1,49,"Exchange",5343,"local blocks read",4,4,32,12363,"sum","35,57"
1,49,"Exchange",5344,"remote bytes read",61777840,68655425,76488347,68655679543,"size","35,57"
1,49,"Exchange",5346,"local bytes read",250011,1042931,2415175,860584260,"size","35,57"
1,49,"Exchange",5347,"fetch wait time",0,6743,25695,6990901,"timing","35,57"
1,49,"Exchange",5348,"records read",895884,999741,1115824,1000000000,"sum","35,57"
1,49,"Exchange",5357,"remote reqs duration",2998,30365,98925,30619254,"timing","35,57"
1,49,"Exchange",5359,"shuffle bytes written",58656577,69516016,80195382,69516263803,"size","35,57"
1,49,"Exchange",5360,"shuffle records written",860635,999748,1134906,1000000000,"sum","35,57"
1,49,"Exchange",5361,"shuffle write time",30677016,41940380,151951065,41940638272,"nsTiming","35,57"
1,50,"WholeStageCodegen (58)",5362,"duration",2556,19236,64778,19486790,"timing","35"
1,52,"SortMergeJoin",5363,"number of output rows",860635,999748,1134906,1000000000,"sum","35"
1,52,"SortMergeJoin",5364,"spill size",0,0,0,0,"size","35"
1,53,"WholeStageCodegen (56)",5366,"duration",2634,19930,64783,20181880,"timing","35"
1,54,"Sort",5367,"sort time",26,26,108,39632,"timing","35"
1,54,"Sort",5368,"peak memory",167772160,233236606,268435456,233236856832,"size","35"
1,54,"Sort",5369,"spill size",0,0,0,0,"size","35"
1,55,"Exchange",2424,"data size",153081680,331725423,332605488,137997820240,"size","0,35"
1,55,"Exchange",2425,"number of partitions",1000,1000,1000,1000,"sum","0,35"
1,55,"Exchange",2426,"remote blocks read",364,364,416,407870,"sum","0,35"
1,55,"Exchange",2427,"local blocks read",40,40,52,8130,"sum","0,35"
1,55,"Exchange",2428,"remote bytes read",48588385,58951355,68168595,58951601861,"size","0,35"
1,55,"Exchange",2430,"local bytes read",5300563,6660860,8022103,1172319145,"size","0,35"
1,55,"Exchange",2431,"fetch wait time",0,17256,63115,17506210,"timing","0,35"
1,55,"Exchange",2432,"records read",860635,999748,1134906,1000000000,"sum","0,35"
1,55,"Exchange",2441,"remote reqs duration",4736,43347,107665,43600982,"timing","0,35"
1,55,"Exchange",2443,"shuffle bytes written",66784272,144528549,144939918,60123921006,"size","0,35"
1,55,"Exchange",2444,"shuffle records written",1109300,2403838,2410100,1000000000,"sum","0,35"
1,55,"Exchange",2445,"shuffle write time",73318613,1965908152,6764191797,817817832704,"nsTiming","0,35"
1,56,"WholeStageCodegen (1)",2446,"duration",123,3463,10796,1491585,"timing","0"
1,58,"Filter",2447,"number of output rows",1109300,2403838,2410100,1000000000,"sum","0"
1,59,"ColumnarToRow",2448,"number of output rows",1109300,2403838,2410100,1000000000,"sum","0"
1,59,"ColumnarToRow",2449,"number of input batches",271,587,589,244388,"sum","0"
1,60,"Scan parquet spark_catalog.demo_pauldefusco.trs_v26",241,"number of output rows",1109300,2403838,2410100,1000000000,"sum","0"
1,60,"Scan parquet spark_catalog.demo_pauldefusco.trs_v26",242,"scan time",121,1468,7155,661174,"timing","0"
1,60,"Scan parquet spark_catalog.demo_pauldefusco.trs_v26",243,"number of files read",2,2,2,2,"sum","0"
1,60,"Scan parquet spark_catalog.demo_pauldefusco.trs_v26",244,"metadata time",10,10,10,10,"timing","0"
1,60,"Scan parquet spark_catalog.demo_pauldefusco.trs_v26",245,"size of files read",55995127116,55995127116,55995127116,55995127116,"size","0"
1,61,"WholeStageCodegen (57)",5370,"duration",1285171926,10407582088,34776080044,10407582340580,"timing","35"
1,62,"Sort",5371,"sort time",0,0,0,0,"timing","35"
1,62,"Sort",5372,"peak memory",67174400,67183787,67239936,67184033792,"size","35"
1,62,"Sort",5373,"spill size",0,0,0,0,"size","35"
1,63,"Exchange",2453,"data size",6400000,6400000,6400000,160000000,"size","1,35"
1,63,"Exchange",2454,"number of partitions",1000,1000,1000,1000,"sum","1,35"
1,63,"Exchange",2455,"remote blocks read",21,21,25,24518,"sum","1,35"
1,63,"Exchange",2456,"local blocks read",1,1,4,482,"sum","1,35"
1,63,"Exchange",2457,"remote bytes read",51402,62512,67721,62765860,"size","1,35"
1,63,"Exchange",2459,"local bytes read",2115,6973,11210,1235323,"size","1,35"
1,63,"Exchange",2460,"fetch wait time",0,0,10817,150166,"timing","1,35"
1,63,"Exchange",2461,"records read",1854,1908,2119,2000000,"sum","1,35"
1,63,"Exchange",2470,"remote reqs duration",1884,39924,89764,40175598,"timing","1,35"
1,63,"Exchange",2472,"shuffle bytes written",2554008,2560042,2562637,64001183,"size","1,35"
1,63,"Exchange",2473,"shuffle records written",80000,80000,80000,2000000,"sum","1,35"
1,63,"Exchange",2474,"shuffle write time",5536006,6517245,8214031,162931289,"nsTiming","1,35"
1,64,"WholeStageCodegen (2)",2475,"duration",5979,6321,6796,158177,"timing","1"
1,65,"Filter",2476,"number of output rows",80000,80000,80000,2000000,"sum","1"
1,66,"ColumnarToRow",2477,"number of output rows",80000,80000,80000,2000000,"sum","1"
1,66,"ColumnarToRow",2478,"number of input batches",32,32,32,800,"sum","1"
1,67,"Scan parquet spark_catalog.demo_pauldefusco.customers_skewed",272,"number of output rows",80000,80000,80000,2000000,"sum","1"
1,67,"Scan parquet spark_catalog.demo_pauldefusco.customers_skewed",273,"scan time",5915,6253,6710,156474,"timing","1"
1,67,"Scan parquet spark_catalog.demo_pauldefusco.customers_skewed",274,"number of files read",800,800,800,800,"sum","1"
1,67,"Scan parquet spark_catalog.demo_pauldefusco.customers_skewed",275,"metadata time",1,1,1,1,"timing","1"
1,67,"Scan parquet spark_catalog.demo_pauldefusco.customers_skewed",276,"size of files read",42432151,42432151,42432151,42432151,"size","1"
1,69,"Sort",13635,"sort time",0,0,1,1,"timing","57"
1,69,"Sort",13636,"peak memory",67239936,67239936,67239936,67239936000,"size","57"
1,69,"Sort",13637,"spill size",0,0,0,0,"size","57"
1,70,"Exchange",2482,"data size",8638920,8639994,8641008,216000000,"size","2,57"
1,70,"Exchange",2483,"number of partitions",1000,1000,1000,1000,"sum","2,57"
1,70,"Exchange",2484,"remote blocks read",21,21,25,24723,"sum","2,57"
1,70,"Exchange",2485,"local blocks read",2,2,4,277,"sum","2,57"
1,70,"Exchange",2486,"remote bytes read",71418,86555,92628,86801090,"size","2,57"
1,70,"Exchange",2488,"local bytes read",6216,9784,14784,970730,"size","2,57"
1,70,"Exchange",2489,"fetch wait time",0,0,5748,21051,"timing","2,57"
1,70,"Exchange",2490,"records read",2816,2904,3184,3000000,"sum","2,57"
1,70,"Exchange",2499,"remote reqs duration",51,25407,93879,25656381,"timing","2,57"
1,70,"Exchange",2501,"shuffle bytes written",3508327,3510867,3513180,87771820,"size","2,57"
1,70,"Exchange",2502,"shuffle records written",119985,119994,120014,3000000,"sum","2,57"
1,70,"Exchange",2503,"shuffle write time",6051373,7374668,9208072,184366841,"nsTiming","2,57"
1,71,"WholeStageCodegen (3)",2504,"duration",6033,6397,6971,160075,"timing","2"
1,72,"Filter",2505,"number of output rows",119985,119994,120014,3000000,"sum","2"
1,73,"ColumnarToRow",2506,"number of output rows",119985,119994,120014,3000000,"sum","2"
1,73,"ColumnarToRow",2507,"number of input batches",32,32,32,800,"sum","2"
1,74,"Scan parquet spark_catalog.demo_pauldefusco.accounts_skewed",303,"number of output rows",119985,119994,120014,3000000,"sum","2"
1,74,"Scan parquet spark_catalog.demo_pauldefusco.accounts_skewed",304,"scan time",5970,6330,6908,158377,"timing","2"
1,74,"Scan parquet spark_catalog.demo_pauldefusco.accounts_skewed",305,"number of files read",800,800,800,800,"sum","2"
1,74,"Scan parquet spark_catalog.demo_pauldefusco.accounts_skewed",306,"metadata time",0,0,0,0,"timing","2"
1,74,"Scan parquet spark_catalog.demo_pauldefusco.accounts_skewed",307,"size of files read",83628707,83628707,83628707,83628707,"size","2"
1,75,"BroadcastExchange",2508,"data size",71108864,71108864,71108864,71108864,"size",""
1,75,"BroadcastExchange",2509,"number of output rows",500000,500000,500000,500000,"sum",""
1,75,"BroadcastExchange",2510,"time to collect",147726,147726,147726,147726,"timing",""
1,75,"BroadcastExchange",2511,"time to build",275,275,275,275,"timing",""
1,75,"BroadcastExchange",2512,"time to broadcast",72,72,72,72,"timing",""
1,76,"WholeStageCodegen (4)",2513,"duration",5790,6089,6681,152355,"timing","3"
1,77,"Filter",2514,"number of output rows",19983,19993,20012,500000,"sum","3"
1,78,"ColumnarToRow",2515,"number of output rows",19983,19993,20012,500000,"sum","3"
1,78,"ColumnarToRow",2516,"number of input batches",32,32,32,800,"sum","3"
1,79,"Scan parquet spark_catalog.demo_pauldefusco.merchants_skewed",314,"number of output rows",19983,19993,20012,500000,"sum","3"
1,79,"Scan parquet spark_catalog.demo_pauldefusco.merchants_skewed",315,"scan time",5762,6057,6650,151598,"timing","3"
1,79,"Scan parquet spark_catalog.demo_pauldefusco.merchants_skewed",316,"number of files read",800,800,800,800,"sum","3"
1,79,"Scan parquet spark_catalog.demo_pauldefusco.merchants_skewed",317,"metadata time",11,11,11,11,"timing","3"
1,79,"Scan parquet spark_catalog.demo_pauldefusco.merchants_skewed",318,"size of files read",13590573,13590573,13590573,13590573,"size","3"
1,80,"BroadcastExchange",2517,"data size",1088576,1088576,1088576,1088576,"size",""
1,80,"BroadcastExchange",2518,"number of output rows",5000,5000,5000,5000,"sum",""
1,80,"BroadcastExchange",2519,"time to collect",179835,179835,179835,179835,"timing",""
1,80,"BroadcastExchange",2520,"time to build",3,3,3,3,"timing",""
1,80,"BroadcastExchange",2521,"time to broadcast",2,2,2,2,"timing",""
1,81,"WholeStageCodegen (5)",2522,"duration",10185,10216,10247,20432,"timing","20"
1,82,"Filter",2523,"number of output rows",2500,2500,2500,5000,"sum","20"
1,83,"ColumnarToRow",2524,"number of output rows",2500,2500,2500,5000,"sum","20"
1,83,"ColumnarToRow",2525,"number of input batches",25,25,25,50,"sum","20"
1,84,"Scan parquet spark_catalog.demo_pauldefusco.branches_skewed",325,"number of output rows",2500,2500,2500,5000,"sum","20"
1,84,"Scan parquet spark_catalog.demo_pauldefusco.branches_skewed",326,"scan time",10159,10191,10224,20383,"timing","20"
1,84,"Scan parquet spark_catalog.demo_pauldefusco.branches_skewed",327,"number of files read",50,50,50,50,"sum","20"
1,84,"Scan parquet spark_catalog.demo_pauldefusco.branches_skewed",328,"metadata time",10,10,10,10,"timing","20"
1,84,"Scan parquet spark_catalog.demo_pauldefusco.branches_skewed",329,"size of files read",360683,360683,360683,360683,"size","20"
1,85,"BroadcastExchange",2526,"data size",8421376,8421376,8421376,8421376,"size",""
1,85,"BroadcastExchange",2527,"number of output rows",731,731,731,731,"sum",""
1,85,"BroadcastExchange",2528,"time to collect",173336,173336,173336,173336,"timing",""
1,85,"BroadcastExchange",2529,"time to build",4,4,4,4,"timing",""
1,85,"BroadcastExchange",2530,"time to broadcast",1,1,1,1,"timing",""
1,86,"WholeStageCodegen (6)",2531,"duration",4668,4668,4668,4668,"timing","14"
1,87,"Filter",2532,"number of output rows",731,731,731,731,"sum","14"
1,88,"ColumnarToRow",2533,"number of output rows",731,731,731,731,"sum","14"
1,88,"ColumnarToRow",2534,"number of input batches",1,1,1,1,"sum","14"
1,89,"Scan parquet spark_catalog.demo_pauldefusco.calendar",336,"number of output rows",731,731,731,731,"sum","14"
1,89,"Scan parquet spark_catalog.demo_pauldefusco.calendar",337,"scan time",4657,4657,4657,4657,"timing","14"
1,89,"Scan parquet spark_catalog.demo_pauldefusco.calendar",338,"number of files read",1,1,1,1,"sum","14"
1,89,"Scan parquet spark_catalog.demo_pauldefusco.calendar",339,"metadata time",10,10,10,10,"timing","14"
1,89,"Scan parquet spark_catalog.demo_pauldefusco.calendar",340,"size of files read",10508,10508,10508,10508,"size","14"
1,90,"WholeStageCodegen (128)",26831,"duration",3120,25287,47624,25535660,"timing","208"
1,91,"Sort",26832,"sort time",36,36,322,49706,"timing","208"
1,91,"Sort",26833,"peak memory",71303168,71303168,71303168,71303168000,"size","208"
1,91,"Sort",26834,"spill size",0,0,0,0,"size","208"
1,92,"Exchange",26168,"data size",24129864,26094752,28005384,26095002648,"size","160,208"
1,92,"Exchange",26169,"number of partitions",1000,1000,1000,1000,"sum","160,208"
1,92,"Exchange",26170,"remote blocks read",992,992,1000,995885,"sum","160,208"
1,92,"Exchange",26171,"local blocks read",1,1,8,4115,"sum","160,208"
1,92,"Exchange",26172,"remote bytes read",16771643,16955631,17125292,16955875964,"size","160,208"
1,92,"Exchange",26174,"local bytes read",14792,70772,144341,70164739,"size","160,208"
1,92,"Exchange",26175,"fetch wait time",0,0,0,0,"timing","160,208"
1,92,"Exchange",26176,"records read",98022,98596,99830,98844707,"sum","160,208"
1,92,"Exchange",26185,"remote reqs duration",17066,69838,240049,70080249,"timing","160,208"
1,92,"Exchange",26187,"shuffle bytes written",15766024,17025789,18255943,17026040703,"size","160,208"
1,92,"Exchange",26188,"shuffle records written",91401,98595,106081,98844707,"sum","160,208"
1,92,"Exchange",26189,"shuffle write time",10950727,24427286,185345313,24427531775,"nsTiming","160,208"
1,93,"WholeStageCodegen (120)",26190,"duration",599,986,2398,1220955,"timing","160"
1,95,"SortMergeJoin",26191,"number of output rows",91401,98595,106081,98844707,"sum","160"
1,95,"SortMergeJoin",26192,"spill size",0,0,0,0,"size","160"
1,96,"WholeStageCodegen (118)",26194,"duration",621,1072,2658,1318918,"timing","160"
1,97,"Sort",26195,"sort time",115,124,544,189776,"timing","160"
1,97,"Sort",26196,"peak memory",71303168,71303168,71303168,71303168000,"size","160"
1,97,"Sort",26197,"spill size",0,0,0,0,"size","160"
1,98,"Exchange",25754,"data size",18033984,18977936,20398848,18978183744,"size","134,160"
1,98,"Exchange",25755,"number of partitions",1000,1000,1000,1000,"sum","134,160"
1,98,"Exchange",25756,"remote blocks read",992,992,1000,995915,"sum","134,160"
1,98,"Exchange",25757,"local blocks read",1,1,8,4085,"sum","134,160"
1,98,"Exchange",25758,"remote bytes read",8999150,9723604,10404461,9723851133,"size","134,160"
1,98,"Exchange",25760,"local bytes read",7390,39653,87198,39773963,"size","134,160"
1,98,"Exchange",25761,"fetch wait time",0,0,278,5041,"timing","134,160"
1,98,"Exchange",25762,"records read",91401,98595,106081,98844707,"sum","134,160"
1,98,"Exchange",25771,"remote reqs duration",5041,15837,50765,16099337,"timing","134,160"
1,98,"Exchange",25773,"shuffle bytes written",9296411,9763372,10476815,9763625096,"size","134,160"
1,98,"Exchange",25774,"shuffle records written",93927,98598,106244,98844707,"sum","134,160"
1,98,"Exchange",25775,"shuffle write time",8386810,15531658,97720632,15531907964,"nsTiming","134,160"
1,99,"WholeStageCodegen (114)",25776,"duration",484,899,2390,1163293,"timing","134"
1,101,"SortMergeJoin",25777,"number of output rows",93927,98598,106244,98844707,"sum","134"
1,101,"SortMergeJoin",25778,"spill size",0,0,0,0,"size","134"
1,102,"WholeStageCodegen (112)",25780,"duration",512,1130,2577,1390722,"timing","134"
1,103,"Sort",25781,"sort time",67,83,712,240779,"timing","134"
1,103,"Sort",25782,"peak memory",71303168,71303168,71303168,71303168000,"size","134"
1,103,"Sort",25783,"spill size",0,0,0,0,"size","134"
1,104,"Exchange",23890,"data size",11740440,11861122,12004440,11861364840,"size","103,134"
1,104,"Exchange",23891,"number of partitions",1000,1000,1000,1000,"sum","103,134"
1,104,"Exchange",23892,"remote blocks read",988,988,1000,995955,"sum","103,134"
1,104,"Exchange",23893,"local blocks read",1,1,12,4045,"sum","103,134"
1,104,"Exchange",23894,"remote bytes read",3519483,3705758,3989270,3706005078,"size","103,134"
1,104,"Exchange",23896,"local bytes read",3284,25530,47980,15050645,"size","103,134"
1,104,"Exchange",23897,"fetch wait time",0,0,1029,92961,"timing","103,134"
1,104,"Exchange",23898,"records read",93927,98598,106244,98844707,"sum","103,134"
1,104,"Exchange",23907,"remote reqs duration",1012,4026,31151,4271206,"timing","103,134"
1,104,"Exchange",23909,"shuffle bytes written",3689590,3720810,3764537,3721055723,"size","103,134"
1,104,"Exchange",23910,"shuffle records written",97837,98604,100037,98844707,"sum","103,134"
1,104,"Exchange",23911,"shuffle write time",5547314,10317649,59113221,10317896901,"nsTiming","103,134"
1,105,"Exchange",19208,"data size",11063880,35512986,42144240,11861364840,"size","75,103"
1,105,"Exchange",19209,"number of partitions",1000,1000,1000,1000,"sum","75,103"
1,105,"Exchange",19210,"remote blocks read",329,329,334,332127,"sum","75,103"
1,105,"Exchange",19211,"local blocks read",1,1,5,1873,"sum","75,103"
1,105,"Exchange",19212,"remote bytes read",3320933,3373050,3422600,3373305169,"size","75,103"
1,105,"Exchange",19214,"local bytes read",8640,38494,52397,18998311,"size","75,103"
1,105,"Exchange",19215,"fetch wait time",0,1050,4907,1299485,"timing","75,103"
1,105,"Exchange",19216,"records read",97837,98604,100037,98844707,"sum","75,103"
1,105,"Exchange",19225,"remote reqs duration",587,7565,28681,7819503,"timing","75,103"
1,105,"Exchange",19227,"shuffle bytes written",3310455,10156516,12044805,3392303480,"size","75,103"
1,105,"Exchange",19228,"shuffle records written",92199,295864,351202,98844707,"sum","75,103"
1,105,"Exchange",19229,"shuffle write time",8803413,14488289,227406741,4839117110,"nsTiming","75,103"
1,106,"WholeStageCodegen (96)",19230,"duration",4059,7236,11655,2446444,"timing","75"
1,107,"HashAggregate",19231,"number of output rows",92199,295864,351202,98844707,"sum","75"
1,107,"HashAggregate",19232,"peak memory",68157440,75827033,83886080,25326256128,"size","75"
1,107,"HashAggregate",19234,"time in aggregation build",714,6156,10264,2084400,"timing","75"
1,107,"HashAggregate",19235,"avg hash probes per key",15,15,17,5345,"average","75"
1,108,"HashAggregate",19237,"number of output rows",92199,295864,351202,98844707,"sum","75"
1,108,"HashAggregate",19238,"peak memory",68157440,75827033,83886080,25326256128,"size","75"
1,108,"HashAggregate",19240,"time in aggregation build",532,5767,9877,1954545,"timing","75"
1,108,"HashAggregate",19241,"avg hash probes per key",15,15,17,5345,"average","75"
1,110,"BroadcastHashJoin",19243,"number of output rows",92222,295919,351257,98863911,"sum","75"
1,112,"BroadcastHashJoin",19244,"number of output rows",92222,295919,351257,98863911,"sum","75"
1,114,"BroadcastHashJoin",19245,"number of output rows",92222,295919,351257,98863911,"sum","75"
1,116,"SortMergeJoin",19246,"number of output rows",92222,295919,351257,98863911,"sum","75"
1,116,"SortMergeJoin",19247,"spill size",0,0,0,0,"size","75"
1,117,"WholeStageCodegen (94)",19249,"duration",3694,6763,11124,2286039,"timing","75"
1,118,"Sort",19250,"sort time",17,50,285,23839,"timing","75"
1,118,"Sort",19251,"peak memory",83886080,263060632,268435456,87862280192,"size","75"
1,118,"Sort",19252,"spill size",0,0,0,0,"size","75"
1,119,"AQEShuffleRead",19253,"number of partitions",334,334,334,334,"sum",""
1,119,"AQEShuffleRead",19254,"partition data size",13984008,41708950,43477034,13896871873,"size",""
1,119,"AQEShuffleRead",19255,"number of coalesced partitions",333,333,333,333,"sum",""
1,120,"Exchange",9405,"data size",72774336,88322254,106443168,44161193184,"size","43,75"
1,120,"Exchange",9406,"number of partitions",1000,1000,1000,1000,"sum","43,75"
1,120,"Exchange",9407,"remote blocks read",492,1463,1500,495348,"sum","43,75"
1,120,"Exchange",9408,"local blocks read",8,11,36,4652,"sum","43,75"
1,120,"Exchange",9409,"remote bytes read",13124999,39287110,41391566,13121920844,"size","43,75"
1,120,"Exchange",9411,"local bytes read",208684,584399,938075,123319388,"size","43,75"
1,120,"Exchange",9412,"fetch wait time",0,4022,8470,1370579,"timing","43,75"
1,120,"Exchange",9413,"records read",463947,1377199,1449556,460012429,"sum","43,75"
1,120,"Exchange",9422,"remote reqs duration",9940,41024,59217,13730744,"timing","43,75"
1,120,"Exchange",9424,"shuffle bytes written",22228332,26490353,31845506,13245240232,"size","43,75"
1,120,"Exchange",9425,"shuffle records written",758066,919900,1108783,460012429,"sum","43,75"
1,120,"Exchange",9426,"shuffle write time",15607595,19318931,59119332,9659527965,"nsTiming","43,75"
1,121,"WholeStageCodegen (66)",9427,"duration",2136,13347,24591,6737761,"timing","43"
1,123,"SortMergeJoin",9428,"number of output rows",758066,919900,1108783,460012429,"sum","43"
1,123,"SortMergeJoin",9429,"spill size",0,0,0,0,"size","43"
1,125,"Sort",9432,"sort time",64,65,133,39604,"timing","43"
1,125,"Sort",9433,"peak memory",201326592,205084568,268435456,102542344192,"size","43"
1,125,"Sort",9434,"spill size",0,0,0,0,"size","43"
1,126,"AQEShuffleRead",9435,"number of partitions",500,500,500,500,"sum",""
1,126,"AQEShuffleRead",9436,"partition data size",45288231,49173368,54224278,24654891179,"size",""
1,126,"AQEShuffleRead",9437,"number of coalesced partitions",500,500,500,500,"sum",""
1,127,"Exchange",2687,"data size",53246400,115384570,115684800,48000000000,"size","21,43"
1,127,"Exchange",2688,"number of partitions",1000,1000,1000,1000,"sum","21,43"
1,127,"Exchange",2689,"remote blocks read",786,786,832,408902,"sum","21,43"
1,127,"Exchange",2690,"local blocks read",6,6,46,7098,"sum","21,43"
1,127,"Exchange",2691,"remote bytes read",42431655,46239873,50734194,23119998319,"size","21,43"
1,127,"Exchange",2693,"local bytes read",327689,1131774,2754295,401811295,"size","21,43"
1,127,"Exchange",2694,"fetch wait time",0,11676,23331,5898701,"timing","21,43"
1,127,"Exchange",2695,"records read",1828443,1999878,2197158,1000000000,"sum","21,43"
1,127,"Exchange",2704,"remote reqs duration",9598,79619,127339,39872017,"timing","21,43"
1,127,"Exchange",2706,"shuffle bytes written",26204890,56542707,56699291,23521809614,"size","21,43"
1,127,"Exchange",2707,"shuffle records written",1109300,2403798,2410100,1000000000,"sum","21,43"
1,127,"Exchange",2708,"shuffle write time",26526718,49007884,83063824,20387323262,"nsTiming","21,43"
1,128,"WholeStageCodegen (7)",2709,"duration",176,6184,42930,2628085,"timing","21"
1,130,"Filter",2710,"number of output rows",1109300,2403798,2410100,1000000000,"sum","21"
1,131,"ColumnarToRow",2711,"number of output rows",1109300,2403798,2410100,1000000000,"sum","21"
1,131,"ColumnarToRow",2712,"number of input batches",271,586,589,244388,"sum","21"
1,132,"Scan parquet spark_catalog.demo_pauldefusco.trs_v26",516,"number of output rows",1109300,2403798,2410100,1000000000,"sum","21"
1,132,"Scan parquet spark_catalog.demo_pauldefusco.trs_v26",517,"scan time",174,5156,40544,2198967,"timing","21"
1,132,"Scan parquet spark_catalog.demo_pauldefusco.trs_v26",518,"number of files read",2,2,2,2,"sum","21"
1,132,"Scan parquet spark_catalog.demo_pauldefusco.trs_v26",519,"metadata time",0,0,0,0,"timing","21"
1,132,"Scan parquet spark_catalog.demo_pauldefusco.trs_v26",520,"size of files read",55995127116,55995127116,55995127116,55995127116,"size","21"
1,133,"WholeStageCodegen (65)",9438,"duration",4310,26856,49184,13490615,"timing","43"
1,134,"Sort",9439,"sort time",0,0,21,21,"timing","43"
1,134,"Sort",9440,"peak memory",67239936,67247416,67371008,33623769088,"size","43"
1,134,"Sort",9441,"spill size",0,0,0,0,"size","43"
1,135,"AQEShuffleRead",9442,"number of partitions",500,500,500,500,"sum",""
1,135,"AQEShuffleRead",9443,"partition data size",84878,89286,93213,44646105,"size",""
1,135,"AQEShuffleRead",9444,"number of coalesced partitions",500,500,500,500,"sum",""
1,136,"Exchange",2716,"data size",5120000,5120000,5120000,128000000,"size","22,43"
1,136,"Exchange",2717,"number of partitions",1000,1000,1000,1000,"sum","22,43"
1,136,"Exchange",2718,"remote blocks read",42,42,50,24524,"sum","22,43"
1,136,"Exchange",2719,"local blocks read",2,2,8,476,"sum","22,43"
1,136,"Exchange",2720,"remote bytes read",70672,83364,88858,41742924,"size","22,43"
1,136,"Exchange",2722,"local bytes read",2634,6793,14520,811847,"size","22,43"
1,136,"Exchange",2723,"fetch wait time",0,0,8955,64945,"timing","22,43"
1,136,"Exchange",2724,"records read",3810,3912,4212,2000000,"sum","22,43"
1,136,"Exchange",2733,"remote reqs duration",3896,42382,66242,21255940,"timing","22,43"
1,136,"Exchange",2735,"shuffle bytes written",1696830,1702186,1708764,42554771,"size","22,43"
1,136,"Exchange",2736,"shuffle records written",80000,80000,80000,2000000,"sum","22,43"
1,136,"Exchange",2737,"shuffle write time",5174874,8164829,19893124,204120891,"nsTiming","22,43"
1,137,"WholeStageCodegen (8)",2738,"duration",6500,7662,8474,191717,"timing","22"
1,138,"Filter",2739,"number of output rows",80000,80000,80000,2000000,"sum","22"
1,139,"ColumnarToRow",2740,"number of output rows",80000,80000,80000,2000000,"sum","22"
1,139,"ColumnarToRow",2741,"number of input batches",32,32,32,800,"sum","22"
1,140,"Scan parquet spark_catalog.demo_pauldefusco.customers_skewed",547,"number of output rows",80000,80000,80000,2000000,"sum","22"
1,140,"Scan parquet spark_catalog.demo_pauldefusco.customers_skewed",548,"scan time",6440,7568,8355,189326,"timing","22"
1,140,"Scan parquet spark_catalog.demo_pauldefusco.customers_skewed",549,"number of files read",800,800,800,800,"sum","22"
1,140,"Scan parquet spark_catalog.demo_pauldefusco.customers_skewed",550,"metadata time",0,0,0,0,"timing","22"
1,140,"Scan parquet spark_catalog.demo_pauldefusco.customers_skewed",551,"size of files read",42432151,42432151,42432151,42432151,"size","22"
1,142,"Sort",19257,"sort time",0,0,0,0,"timing","75"
1,142,"Sort",19258,"peak memory",67239936,67631933,67633152,22589079552,"size","75"
1,142,"Sort",19259,"spill size",0,0,0,0,"size","75"
1,143,"AQEShuffleRead",19260,"number of partitions",334,334,334,334,"sum",""
1,143,"AQEShuffleRead",19261,"partition data size",26654,81211,83225,27081566,"size",""
1,143,"AQEShuffleRead",19262,"number of coalesced partitions",333,333,333,333,"sum",""
1,144,"Exchange",2745,"data size",5759280,5759996,5760672,144000000,"size","23,75"
1,144,"Exchange",2746,"number of partitions",1000,1000,1000,1000,"sum","23,75"
1,144,"Exchange",2747,"remote blocks read",25,62,75,24700,"sum","23,75"
1,144,"Exchange",2748,"local blocks read",3,3,12,300,"sum","23,75"
1,144,"Exchange",2749,"remote bytes read",25372,76295,79277,25511066,"size","23,75"
1,144,"Exchange",2751,"local bytes read",2950,6426,12978,308970,"size","23,75"
1,144,"Exchange",2752,"fetch wait time",0,0,1878,10748,"timing","23,75"
1,144,"Exchange",2753,"records read",2919,8904,9260,3000000,"sum","23,75"
1,144,"Exchange",2762,"remote reqs duration",1197,31720,46219,10622938,"timing","23,75"
1,144,"Exchange",2764,"shuffle bytes written",1030872,1032795,1034234,25820036,"size","23,75"
1,144,"Exchange",2765,"shuffle records written",119985,119994,120014,3000000,"sum","23,75"
1,144,"Exchange",2766,"shuffle write time",4303795,6599130,12829817,164978383,"nsTiming","23,75"
1,145,"WholeStageCodegen (9)",2767,"duration",5554,6205,7117,155282,"timing","23"
1,146,"Filter",2768,"number of output rows",119985,119994,120014,3000000,"sum","23"
1,147,"ColumnarToRow",2769,"number of output rows",119985,119994,120014,3000000,"sum","23"
1,147,"ColumnarToRow",2770,"number of input batches",32,32,32,800,"sum","23"
1,148,"Scan parquet spark_catalog.demo_pauldefusco.accounts_skewed",578,"number of output rows",119985,119994,120014,3000000,"sum","23"
1,148,"Scan parquet spark_catalog.demo_pauldefusco.accounts_skewed",579,"scan time",5490,6119,6992,153154,"timing","23"
1,148,"Scan parquet spark_catalog.demo_pauldefusco.accounts_skewed",580,"number of files read",800,800,800,800,"sum","23"
1,148,"Scan parquet spark_catalog.demo_pauldefusco.accounts_skewed",581,"metadata time",0,0,0,0,"timing","23"
1,148,"Scan parquet spark_catalog.demo_pauldefusco.accounts_skewed",582,"size of files read",83628707,83628707,83628707,83628707,"size","23"
1,149,"BroadcastExchange",2771,"data size",20777216,20777216,20777216,20777216,"size",""
1,149,"BroadcastExchange",2772,"number of output rows",500000,500000,500000,500000,"sum",""
1,149,"BroadcastExchange",2773,"time to collect",180359,180359,180359,180359,"timing",""
1,149,"BroadcastExchange",2774,"time to build",166,166,166,166,"timing",""
1,149,"BroadcastExchange",2775,"time to broadcast",30,30,30,30,"timing",""
1,150,"WholeStageCodegen (10)",2776,"duration",5867,10830,11325,270946,"timing","15"
1,151,"Filter",2777,"number of output rows",19983,19993,20012,500000,"sum","15"
1,152,"ColumnarToRow",2778,"number of output rows",19983,19993,20012,500000,"sum","15"
1,152,"ColumnarToRow",2779,"number of input batches",32,32,32,800,"sum","15"
1,153,"Scan parquet spark_catalog.demo_pauldefusco.merchants_skewed",589,"number of output rows",19983,19993,20012,500000,"sum","15"
1,153,"Scan parquet spark_catalog.demo_pauldefusco.merchants_skewed",590,"scan time",5846,10794,11289,270028,"timing","15"
1,153,"Scan parquet spark_catalog.demo_pauldefusco.merchants_skewed",591,"number of files read",800,800,800,800,"sum","15"
1,153,"Scan parquet spark_catalog.demo_pauldefusco.merchants_skewed",592,"metadata time",11,11,11,11,"timing","15"
1,153,"Scan parquet spark_catalog.demo_pauldefusco.merchants_skewed",593,"size of files read",13590573,13590573,13590573,13590573,"size","15"
1,154,"BroadcastExchange",2780,"data size",1088576,1088576,1088576,1088576,"size",""
1,154,"BroadcastExchange",2781,"number of output rows",5000,5000,5000,5000,"sum",""
1,154,"BroadcastExchange",2782,"time to collect",178727,178727,178727,178727,"timing",""
1,154,"BroadcastExchange",2783,"time to build",2,2,2,2,"timing",""
1,154,"BroadcastExchange",2784,"time to broadcast",1,1,1,1,"timing",""
1,155,"WholeStageCodegen (11)",2785,"duration",9318,9344,9370,18688,"timing","17"
1,156,"Filter",2786,"number of output rows",2500,2500,2500,5000,"sum","17"
1,157,"ColumnarToRow",2787,"number of output rows",2500,2500,2500,5000,"sum","17"
1,157,"ColumnarToRow",2788,"number of input batches",25,25,25,50,"sum","17"
1,158,"Scan parquet spark_catalog.demo_pauldefusco.branches_skewed",600,"number of output rows",2500,2500,2500,5000,"sum","17"
1,158,"Scan parquet spark_catalog.demo_pauldefusco.branches_skewed",601,"scan time",9293,9319,9345,18638,"timing","17"
1,158,"Scan parquet spark_catalog.demo_pauldefusco.branches_skewed",602,"number of files read",50,50,50,50,"sum","17"
1,158,"Scan parquet spark_catalog.demo_pauldefusco.branches_skewed",603,"metadata time",10,10,10,10,"timing","17"
1,158,"Scan parquet spark_catalog.demo_pauldefusco.branches_skewed",604,"size of files read",360683,360683,360683,360683,"size","17"
1,159,"BroadcastExchange",2789,"data size",8421376,8421376,8421376,8421376,"size",""
1,159,"BroadcastExchange",2790,"number of output rows",731,731,731,731,"sum",""
1,159,"BroadcastExchange",2791,"time to collect",146475,146475,146475,146475,"timing",""
1,159,"BroadcastExchange",2792,"time to build",47,47,47,47,"timing",""
1,159,"BroadcastExchange",2793,"time to broadcast",6,6,6,6,"timing",""
1,160,"WholeStageCodegen (12)",2794,"duration",207,207,207,207,"timing","5"
1,161,"Filter",2795,"number of output rows",731,731,731,731,"sum","5"
1,162,"ColumnarToRow",2796,"number of output rows",731,731,731,731,"sum","5"
1,162,"ColumnarToRow",2797,"number of input batches",1,1,1,1,"sum","5"
1,163,"Scan parquet spark_catalog.demo_pauldefusco.calendar",611,"number of output rows",731,731,731,731,"sum","5"
1,163,"Scan parquet spark_catalog.demo_pauldefusco.calendar",612,"scan time",206,206,206,206,"timing","5"
1,163,"Scan parquet spark_catalog.demo_pauldefusco.calendar",613,"number of files read",1,1,1,1,"sum","5"
1,163,"Scan parquet spark_catalog.demo_pauldefusco.calendar",614,"metadata time",10,10,10,10,"timing","5"
1,163,"Scan parquet spark_catalog.demo_pauldefusco.calendar",615,"size of files read",10508,10508,10508,10508,"size","5"
1,164,"WholeStageCodegen (113)",25784,"duration",538,1119,2329,409661,"timing","134"
1,165,"Sort",25785,"sort time",8,8,238,55125,"timing","134"
1,165,"Sort",25786,"peak memory",68157440,68157440,68157440,68157440000,"size","134"
1,165,"Sort",25787,"spill size",0,0,0,0,"size","134"
1,166,"Exchange",24423,"data size",5196728,5308779,5396152,5309035176,"size","108,134"
1,166,"Exchange",24424,"number of partitions",1000,1000,1000,1000,"sum","108,134"
1,166,"Exchange",24425,"remote blocks read",992,992,1000,995927,"sum","108,134"
1,166,"Exchange",24426,"local blocks read",3,3,8,4073,"sum","108,134"
1,166,"Exchange",24427,"remote bytes read",2504787,2566096,2604965,2566345174,"size","108,134"
1,166,"Exchange",24429,"local bytes read",7055,10697,22806,10476367,"size","108,134"
1,166,"Exchange",24430,"fetch wait time",0,0,10,18,"timing","108,134"
1,166,"Exchange",24431,"records read",34044,34709,35487,34927863,"sum","108,134"
1,166,"Exchange",24440,"remote reqs duration",770,6640,56242,6894045,"timing","108,134"
1,166,"Exchange",24442,"shuffle bytes written",2529598,2576574,2616990,2576821541,"size","108,134"
1,166,"Exchange",24443,"shuffle records written",34189,34715,35501,34927863,"sum","108,134"
1,166,"Exchange",24444,"shuffle write time",4663294,8435619,92445752,8435864389,"nsTiming","108,134"
1,167,"WholeStageCodegen (109)",24445,"duration",1489,3756,5886,4010943,"timing","108"
1,168,"HashAggregate",24446,"number of output rows",34189,34715,35501,34927863,"sum","108"
1,168,"HashAggregate",24447,"peak memory",69206016,69206016,69206016,69206016000,"size","108"
1,168,"HashAggregate",24449,"time in aggregation build",1389,3570,5604,3821018,"timing","108"
1,168,"HashAggregate",24450,"avg hash probes per key",15,15,16,15998,"average","108"
1,169,"HashAggregate",24452,"number of output rows",34189,34715,35501,34927863,"sum","108"
1,169,"HashAggregate",24453,"peak memory",67371008,67371008,67371008,67371008000,"size","108"
1,169,"HashAggregate",24455,"time in aggregation build",1307,3465,5506,3715066,"timing","108"
1,169,"HashAggregate",24456,"avg hash probes per key",10,10,10,10000,"average","108"
1,170,"Sort",24458,"sort time",251,296,830,458098,"timing","108"
1,170,"Sort",24459,"peak memory",83886080,84556926,150994944,84557168640,"size","108"
1,170,"Sort",24460,"spill size",0,0,0,0,"size","108"
1,171,"Exchange",20043,"data size",63096792,187310368,197139616,62561690344,"size","79,108"
1,171,"Exchange",20044,"number of partitions",1000,1000,1000,1000,"sum","79,108"
1,171,"Exchange",20045,"remote blocks read",330,330,334,332585,"sum","79,108"
1,171,"Exchange",20046,"local blocks read",1,1,4,1415,"sum","79,108"
1,171,"Exchange",20047,"remote bytes read",23217005,24804236,26190132,24804488045,"size","79,108"
1,171,"Exchange",20049,"local bytes read",24049,281831,320852,105723110,"size","79,108"
1,171,"Exchange",20050,"fetch wait time",0,2107,3910,2338457,"timing","79,108"
1,171,"Exchange",20051,"records read",433417,459756,483865,460012429,"sum","79,108"
1,171,"Exchange",20060,"remote reqs duration",2915,21797,34735,22056766,"timing","79,108"
1,171,"Exchange",20062,"shuffle bytes written",25174889,74581388,78668494,24910211155,"size","79,108"
1,171,"Exchange",20063,"shuffle records written",463947,1377195,1449556,460012429,"sum","79,108"
1,171,"Exchange",20064,"shuffle write time",23189889,80113459,2570516582,26757923050,"nsTiming","79,108"
1,172,"WholeStageCodegen (99)",20065,"duration",6517,10679,13129,3594685,"timing","79"
1,176,"BroadcastHashJoin",20066,"number of output rows",463947,1377195,1449556,460012429,"sum","79"
1,178,"BroadcastHashJoin",20067,"number of output rows",463947,1377195,1449556,460012429,"sum","79"
1,180,"BroadcastHashJoin",20068,"number of output rows",463947,1377195,1449556,460012429,"sum","79"
1,182,"SortMergeJoin",20069,"number of output rows",463947,1377195,1449556,460012429,"sum","79"
1,182,"SortMergeJoin",20070,"spill size",0,0,0,0,"size","79"
1,183,"WholeStageCodegen (97)",20072,"duration",6569,10744,13135,3616597,"timing","79"
1,184,"Sort",20073,"sort time",26,53,537,25582,"timing","79"
1,184,"Sort",20074,"peak memory",83886080,267882830,268435456,89472892928,"size","79"
1,184,"Sort",20075,"spill size",0,0,0,0,"size","79"
1,185,"AQEShuffleRead",20076,"number of partitions",334,334,334,334,"sum",""
1,185,"AQEShuffleRead",20077,"partition data size",19288274,57467459,59929431,19151955979,"size",""
1,185,"AQEShuffleRead",20078,"number of coalesced partitions",333,333,333,333,"sum",""
1,186,"Exchange",10614,"data size",44584680,56849909,101005440,55201491480,"size","46,79"
1,186,"Exchange",10615,"number of partitions",1000,1000,1000,1000,"sum","46,79"
1,186,"Exchange",10616,"remote blocks read",955,2838,2913,961645,"sum","46,79"
1,186,"Exchange",10617,"local blocks read",12,17,60,9355,"sum","46,79"
1,186,"Exchange",10618,"remote bytes read",18095023,54136405,56595323,18081589121,"size","46,79"
1,186,"Exchange",10620,"local bytes read",209615,694244,1102527,175660377,"size","46,79"
1,186,"Exchange",10621,"fetch wait time",0,4200,6099,1430673,"timing","46,79"
1,186,"Exchange",10622,"records read",463947,1377195,1449556,460012429,"sum","46,79"
1,186,"Exchange",10631,"remote reqs duration",5847,38007,53851,12722539,"timing","46,79"
1,186,"Exchange",10633,"shuffle bytes written",15020878,18802275,33586628,18257249498,"size","46,79"
1,186,"Exchange",10634,"shuffle records written",371539,473515,841712,460012429,"sum","46,79"
1,186,"Exchange",10635,"shuffle write time",11435893,15617531,54416651,15164850919,"nsTiming","46,79"
1,187,"WholeStageCodegen (69)",10636,"duration",3482,8142,16735,8146465,"timing","46"
1,189,"SortMergeJoin",10637,"number of output rows",371539,473515,841712,460012429,"sum","46"
1,189,"SortMergeJoin",10638,"spill size",0,0,0,0,"size","46"
1,191,"Sort",10641,"sort time",26,26,165,40346,"timing","46"
1,191,"Sort",10642,"peak memory",100663296,149318709,201326592,144988700672,"size","46"
1,191,"Sort",10643,"spill size",0,0,0,0,"size","46"
1,192,"AQEShuffleRead",10644,"number of partitions",971,971,971,971,"sum",""
1,192,"AQEShuffleRead",10645,"partition data size",31861396,35037986,66996478,35143853052,"size",""
1,192,"AQEShuffleRead",10646,"number of coalesced partitions",29,29,29,29,"sum",""
1,193,"Exchange",2897,"data size",70995200,153846113,154246400,64000000000,"size","24,46"
1,193,"Exchange",2898,"number of partitions",1000,1000,1000,1000,"sum","24,46"
1,193,"Exchange",2899,"remote blocks read",400,400,832,410057,"sum","24,46"
1,193,"Exchange",2900,"local blocks read",1,1,32,5943,"sum","24,46"
1,193,"Exchange",2901,"remote bytes read",29447208,33985319,64074217,32999984226,"size","24,46"
1,193,"Exchange",2903,"local bytes read",77941,874031,2484431,477292042,"size","24,46"
1,193,"Exchange",2904,"fetch wait time",2556,7276,16047,7315549,"timing","24,46"
1,193,"Exchange",2905,"records read",907091,1029622,1913368,1000000000,"sum","24,46"
1,193,"Exchange",2914,"remote reqs duration",13908,41657,115591,40685710,"timing","24,46"
1,193,"Exchange",2916,"shuffle bytes written",37334413,80474129,80692453,33477276268,"size","24,46"
1,193,"Exchange",2917,"shuffle records written",1109300,2403803,2410100,1000000000,"sum","24,46"
1,193,"Exchange",2918,"shuffle write time",22731661,61455441,114030853,25565506790,"nsTiming","24,46"
1,194,"WholeStageCodegen (13)",2919,"duration",126,4214,51226,1806896,"timing","24"
1,196,"Filter",2920,"number of output rows",1109300,2403803,2410100,1000000000,"sum","24"
1,197,"ColumnarToRow",2921,"number of output rows",1109300,2403803,2410100,1000000000,"sum","24"
1,197,"ColumnarToRow",2922,"number of input batches",271,587,589,244388,"sum","24"
1,198,"Scan parquet spark_catalog.demo_pauldefusco.trs_v26",738,"number of output rows",1109300,2403803,2410100,1000000000,"sum","24"
1,198,"Scan parquet spark_catalog.demo_pauldefusco.trs_v26",739,"scan time",124,3298,49905,1420565,"timing","24"
1,198,"Scan parquet spark_catalog.demo_pauldefusco.trs_v26",740,"number of files read",2,2,2,2,"sum","24"
1,198,"Scan parquet spark_catalog.demo_pauldefusco.trs_v26",741,"metadata time",0,0,0,0,"timing","24"
1,198,"Scan parquet spark_catalog.demo_pauldefusco.trs_v26",742,"size of files read",55995127116,55995127116,55995127116,55995127116,"size","24"
1,199,"WholeStageCodegen (68)",10647,"duration",6967,16541,33472,16303102,"timing","46"
1,200,"Sort",10648,"sort time",0,0,0,0,"timing","46"
1,200,"Sort",10649,"peak memory",67174400,67186039,67371008,65237876736,"size","46"
1,200,"Sort",10650,"spill size",0,0,0,0,"size","46"
1,201,"AQEShuffleRead",10651,"number of partitions",971,971,971,971,"sum",""
1,201,"AQEShuffleRead",10652,"partition data size",48814,52357,107297,52275427,"size",""
1,201,"AQEShuffleRead",10653,"number of coalesced partitions",29,29,29,29,"sum",""
1,202,"Exchange",2926,"data size",5760000,5760000,5760000,144000000,"size","25,46"
1,202,"Exchange",2927,"number of partitions",1000,1000,1000,1000,"sum","25,46"
1,202,"Exchange",2928,"remote blocks read",21,21,50,24663,"sum","25,46"
1,202,"Exchange",2929,"local blocks read",1,1,8,337,"sum","25,46"
1,202,"Exchange",2930,"remote bytes read",39932,50383,102536,49161760,"size","25,46"
1,202,"Exchange",2932,"local bytes read",1449,3651,16337,669166,"size","25,46"
1,202,"Exchange",2933,"fetch wait time",0,0,2658,4493,"timing","25,46"
1,202,"Exchange",2934,"records read",1854,1938,4133,2000000,"sum","25,46"
1,202,"Exchange",2943,"remote reqs duration",825,8951,28452,8924362,"timing","25,46"
1,202,"Exchange",2945,"shuffle bytes written",1989441,1993233,1997929,49830926,"size","25,46"
1,202,"Exchange",2946,"shuffle records written",80000,80000,80000,2000000,"sum","25,46"
1,202,"Exchange",2947,"shuffle write time",5617199,7397178,13695632,184929580,"nsTiming","25,46"
1,203,"WholeStageCodegen (14)",2948,"duration",6495,7000,7354,175139,"timing","25"
1,204,"Filter",2949,"number of output rows",80000,80000,80000,2000000,"sum","25"
1,205,"ColumnarToRow",2950,"number of output rows",80000,80000,80000,2000000,"sum","25"
1,205,"ColumnarToRow",2951,"number of input batches",32,32,32,800,"sum","25"
1,206,"Scan parquet spark_catalog.demo_pauldefusco.customers_skewed",769,"number of output rows",80000,80000,80000,2000000,"sum","25"
1,206,"Scan parquet spark_catalog.demo_pauldefusco.customers_skewed",770,"scan time",6429,6929,7272,173402,"timing","25"
1,206,"Scan parquet spark_catalog.demo_pauldefusco.customers_skewed",771,"number of files read",800,800,800,800,"sum","25"
1,206,"Scan parquet spark_catalog.demo_pauldefusco.customers_skewed",772,"metadata time",0,0,0,0,"timing","25"
1,206,"Scan parquet spark_catalog.demo_pauldefusco.customers_skewed",773,"size of files read",42432151,42432151,42432151,42432151,"size","25"
1,208,"Sort",20080,"sort time",0,0,2,4,"timing","79"
1,208,"Sort",20081,"peak memory",67239936,67631892,67633152,22589079552,"size","79"
1,208,"Sort",20082,"spill size",0,0,0,0,"size","79"
1,209,"AQEShuffleRead",20083,"number of partitions",334,334,334,334,"sum",""
1,209,"AQEShuffleRead",20084,"partition data size",60100,185873,190719,61994506,"size",""
1,209,"AQEShuffleRead",20085,"number of coalesced partitions",333,333,333,333,"sum",""
1,210,"Exchange",2955,"data size",3839520,3839994,3840448,96000000,"size","60,70,65,87,26,79"
1,210,"Exchange",2956,"number of partitions",1000,1000,1000,1000,"sum","60,70,65,87,26,79"
1,210,"Exchange",2957,"remote blocks read",21,34,100,383684,"sum","60,70,65,87,26,79"
1,210,"Exchange",2958,"local blocks read",1,1,12,5813,"sum","60,70,65,87,26,79"
1,210,"Exchange",2959,"remote bytes read",47672,96956,234520,907163443,"size","60,70,65,87,26,79"
1,210,"Exchange",2961,"local bytes read",1876,6330,30453,13722969,"size","60,70,65,87,26,79"
1,210,"Exchange",2962,"fetch wait time",0,0,3692,103000,"timing","60,70,65,87,26,79"
1,210,"Exchange",2963,"records read",2816,4908,11898,46754714,"sum","60,70,65,87,26,79"
1,210,"Exchange",2972,"remote reqs duration",55,16543,45553,156137171,"timing","60,70,65,87,26,79"
1,210,"Exchange",2974,"shuffle bytes written",2363409,2364300,2365186,59107636,"size","60,70,65,87,26,79"
1,210,"Exchange",2975,"shuffle records written",119985,119993,120014,3000000,"sum","60,70,65,87,26,79"
1,210,"Exchange",2976,"shuffle write time",4867365,7000082,9604208,175002163,"nsTiming","60,70,65,87,26,79"
1,211,"WholeStageCodegen (15)",2977,"duration",5571,6173,6500,154479,"timing","26"
1,212,"Filter",2978,"number of output rows",119985,119993,120014,3000000,"sum","26"
1,213,"ColumnarToRow",2979,"number of output rows",119985,119993,120014,3000000,"sum","26"
1,213,"ColumnarToRow",2980,"number of input batches",32,32,32,800,"sum","26"
1,214,"Scan parquet spark_catalog.demo_pauldefusco.accounts_skewed",800,"number of output rows",119985,119993,120014,3000000,"sum","26"
1,214,"Scan parquet spark_catalog.demo_pauldefusco.accounts_skewed",801,"scan time",5520,6115,6446,153037,"timing","26"
1,214,"Scan parquet spark_catalog.demo_pauldefusco.accounts_skewed",802,"number of files read",800,800,800,800,"sum","26"
1,214,"Scan parquet spark_catalog.demo_pauldefusco.accounts_skewed",803,"metadata time",0,0,0,0,"timing","26"
1,214,"Scan parquet spark_catalog.demo_pauldefusco.accounts_skewed",804,"size of files read",83628707,83628707,83628707,83628707,"size","26"
1,215,"BroadcastExchange",2981,"data size",37554432,37554432,37554432,37554432,"size",""
1,215,"BroadcastExchange",2982,"number of output rows",500000,500000,500000,500000,"sum",""
1,215,"BroadcastExchange",2983,"time to collect",178469,178469,178469,178469,"timing",""
1,215,"BroadcastExchange",2984,"time to build",174,174,174,174,"timing",""
1,215,"BroadcastExchange",2985,"time to broadcast",36,36,36,36,"timing",""
1,216,"WholeStageCodegen (16)",2986,"duration",5450,5852,11407,146489,"timing","10"
1,217,"Filter",2987,"number of output rows",19983,19993,20012,500000,"sum","10"
1,218,"ColumnarToRow",2988,"number of output rows",19983,19993,20012,500000,"sum","10"
1,218,"ColumnarToRow",2989,"number of input batches",32,32,32,800,"sum","10"
1,219,"Scan parquet spark_catalog.demo_pauldefusco.merchants_skewed",811,"number of output rows",19983,19993,20012,500000,"sum","10"
1,219,"Scan parquet spark_catalog.demo_pauldefusco.merchants_skewed",812,"scan time",5427,5830,11363,145926,"timing","10"
1,219,"Scan parquet spark_catalog.demo_pauldefusco.merchants_skewed",813,"number of files read",800,800,800,800,"sum","10"
1,219,"Scan parquet spark_catalog.demo_pauldefusco.merchants_skewed",814,"metadata time",11,11,11,11,"timing","10"
1,219,"Scan parquet spark_catalog.demo_pauldefusco.merchants_skewed",815,"size of files read",13590573,13590573,13590573,13590573,"size","10"
1,220,"BroadcastExchange",2990,"data size",8421376,8421376,8421376,8421376,"size",""
1,220,"BroadcastExchange",2991,"number of output rows",731,731,731,731,"sum",""
1,220,"BroadcastExchange",2992,"time to collect",173333,173333,173333,173333,"timing",""
1,220,"BroadcastExchange",2993,"time to build",4,4,4,4,"timing",""
1,220,"BroadcastExchange",2994,"time to broadcast",2,2,2,2,"timing",""
1,221,"WholeStageCodegen (18)",2995,"duration",4668,4668,4668,4668,"timing","13"
1,222,"Filter",2996,"number of output rows",731,731,731,731,"sum","13"
1,223,"ColumnarToRow",2997,"number of output rows",731,731,731,731,"sum","13"
1,223,"ColumnarToRow",2998,"number of input batches",1,1,1,1,"sum","13"
1,224,"Scan parquet spark_catalog.demo_pauldefusco.calendar",833,"number of output rows",731,731,731,731,"sum","13"
1,224,"Scan parquet spark_catalog.demo_pauldefusco.calendar",834,"scan time",4657,4657,4657,4657,"timing","13"
1,224,"Scan parquet spark_catalog.demo_pauldefusco.calendar",835,"number of files read",1,1,1,1,"sum","13"
1,224,"Scan parquet spark_catalog.demo_pauldefusco.calendar",836,"metadata time",10,10,10,10,"timing","13"
1,224,"Scan parquet spark_catalog.demo_pauldefusco.calendar",837,"size of files read",10508,10508,10508,10508,"size","13"
1,225,"WholeStageCodegen (119)",26198,"duration",601,1013,2560,1255844,"timing","160"
1,226,"Sort",26199,"sort time",0,0,18,319,"timing","160"
1,226,"Sort",26200,"peak memory",67174400,67174400,67174400,67174400000,"size","160"
1,226,"Sort",26201,"spill size",0,0,0,0,"size","160"
1,227,"Exchange",22179,"data size",268280,291581,312664,291840000,"size","91,160"
1,227,"Exchange",22180,"number of partitions",1000,1000,1000,1000,"sum","91,160"
1,227,"Exchange",22181,"remote blocks read",810,820,884,849474,"sum","91,160"
1,227,"Exchange",22182,"local blocks read",1,1,17,3871,"sum","91,160"
1,227,"Exchange",22183,"remote bytes read",253874,271659,289033,271899211,"size","91,160"
1,227,"Exchange",22185,"local bytes read",190,1871,5313,1233655,"size","91,160"
1,227,"Exchange",22186,"fetch wait time",0,0,22,69,"timing","91,160"
1,227,"Exchange",22187,"records read",1785,1833,2059,1920000,"sum","91,160"
1,227,"Exchange",22196,"remote reqs duration",1187,7608,34851,7855383,"timing","91,160"
1,227,"Exchange",22198,"shuffle bytes written",254483,272878,288591,273132866,"size","91,160"
1,227,"Exchange",22199,"shuffle records written",1765,1836,2057,1920000,"sum","91,160"
1,227,"Exchange",22200,"shuffle write time",2881456,6286943,340201929,6287194503,"nsTiming","91,160"
1,228,"WholeStageCodegen (106)",22201,"duration",294,2307,15120,2549086,"timing","91"
1,229,"HashAggregate",22202,"number of output rows",1765,1836,2057,1920000,"sum","91"
1,229,"HashAggregate",22203,"peak memory",67371008,67371008,67371008,67371008000,"size","91"
1,229,"HashAggregate",22205,"time in aggregation build",285,2171,14860,2426061,"timing","91"
1,229,"HashAggregate",22206,"avg hash probes per key",10,10,10,10000,"average","91"
1,230,"HashAggregate",22208,"number of output rows",1765,1836,2057,1920000,"sum","91"
1,230,"HashAggregate",22209,"peak memory",262144,12408598,67371008,12408848384,"size","91"
1,230,"HashAggregate",22211,"time in aggregation build",279,2138,14797,2391724,"timing","91"
1,230,"HashAggregate",22212,"avg hash probes per key",10,10,10,1810,"average","91"
1,231,"Sort",22214,"sort time",11,11,3545,102361,"timing","91"
1,231,"Sort",22215,"peak memory",75497472,75497472,75497472,75497472000,"size","91"
1,231,"Sort",22216,"spill size",0,0,0,0,"size","91"
1,232,"Exchange",15824,"data size",17868032,28243910,54972160,27509806208,"size","63,91"
1,232,"Exchange",15825,"number of partitions",1000,1000,1000,1000,"sum","63,91"
1,232,"Exchange",15826,"remote blocks read",786,796,865,826892,"sum","63,91"
1,232,"Exchange",15827,"local blocks read",2,2,19,5752,"sum","63,91"
1,232,"Exchange",15828,"remote bytes read",5677229,6143057,6633742,6143301486,"size","63,91"
1,232,"Exchange",15830,"local bytes read",5887,75981,166582,42474650,"size","63,91"
1,232,"Exchange",15831,"fetch wait time",0,1561,14150,1813930,"timing","63,91"
1,232,"Exchange",15832,"records read",197953,214660,230426,214920361,"sum","63,91"
1,232,"Exchange",15841,"remote reqs duration",744,15464,85994,15714357,"timing","63,91"
1,232,"Exchange",15843,"shuffle bytes written",4006301,6350649,12402676,6185776136,"size","63,91"
1,232,"Exchange",15844,"shuffle records written",139594,220413,429470,214920361,"sum","63,91"
1,232,"Exchange",15845,"shuffle write time",4817030,7943638,37756120,7737340648,"nsTiming","63,91"
1,233,"WholeStageCodegen (84)",15846,"duration",1051,4709,9134,4812873,"timing","63"
1,237,"BroadcastHashJoin",15847,"number of output rows",139594,220413,429470,214920361,"sum","63"
1,239,"BroadcastHashJoin",15848,"number of output rows",139594,220413,429470,214920361,"sum","63"
1,241,"BroadcastHashJoin",15849,"number of output rows",139594,220413,429470,214920361,"sum","63"
1,243,"SortMergeJoin",15850,"number of output rows",139594,220413,429470,214920361,"sum","63"
1,243,"SortMergeJoin",15851,"spill size",0,0,0,0,"size","63"
1,244,"WholeStageCodegen (82)",15853,"duration",1054,4733,9179,4831445,"timing","63"
1,245,"Sort",15854,"sort time",29,29,144,42754,"timing","63"
1,245,"Sort",15855,"peak memory",100663296,149582245,201326592,145693343744,"size","63"
1,245,"Sort",15856,"spill size",0,0,0,0,"size","63"
1,246,"AQEShuffleRead",15857,"number of partitions",974,974,974,974,"sum",""
1,246,"AQEShuffleRead",15858,"partition data size",31860701,34937364,66894006,34826833202,"size",""
1,246,"AQEShuffleRead",15859,"number of coalesced partitions",26,26,26,26,"sum",""
1,247,"Exchange",8256,"data size",70995200,153846099,154246400,64000000000,"size","37,63"
1,247,"Exchange",8257,"number of partitions",1000,1000,1000,1000,"sum","37,63"
1,247,"Exchange",8258,"remote blocks read",404,404,832,410582,"sum","37,63"
1,247,"Exchange",8259,"local blocks read",1,1,20,5418,"sum","37,63"
1,247,"Exchange",8260,"remote bytes read",29981726,33599806,63829314,32726447797,"size","37,63"
1,247,"Exchange",8262,"local bytes read",74117,579506,1522956,431873579,"size","37,63"
1,247,"Exchange",8263,"fetch wait time",0,3499,8153,3652331,"timing","37,63"
1,247,"Exchange",8264,"records read",919139,1026454,1923391,1000000000,"sum","37,63"
1,247,"Exchange",8273,"remote reqs duration",2210,24323,40703,23924576,"timing","37,63"
1,247,"Exchange",8275,"shuffle bytes written",36980791,79707400,79934662,33158321376,"size","37,63"
1,247,"Exchange",8276,"shuffle records written",1109300,2403789,2410100,1000000000,"sum","37,63"
1,247,"Exchange",8277,"shuffle write time",28039762,61066958,129766350,25403898672,"nsTiming","37,63"
1,248,"WholeStageCodegen (60)",8278,"duration",125,6665,58652,2829111,"timing","37"
1,250,"BroadcastHashJoin",8279,"number of output rows",1109300,2403789,2410100,1000000000,"sum","37"
1,252,"Filter",8280,"number of output rows",1109300,2403789,2410100,1000000000,"sum","37"
1,253,"ColumnarToRow",8281,"number of output rows",1109300,2403789,2410100,1000000000,"sum","37"
1,253,"ColumnarToRow",8282,"number of input batches",271,585,589,244388,"sum","37"
1,254,"Scan parquet spark_catalog.demo_pauldefusco.trs_v26",8283,"number of output rows",1109300,2403789,2410100,1000000000,"sum","37"
1,254,"Scan parquet spark_catalog.demo_pauldefusco.trs_v26",8284,"scan time",124,5190,55583,2209032,"timing","37"
1,254,"Scan parquet spark_catalog.demo_pauldefusco.trs_v26",8285,"number of files read",2,2,2,2,"sum","37"
1,254,"Scan parquet spark_catalog.demo_pauldefusco.trs_v26",8286,"metadata time",0,0,0,0,"timing","37"
1,254,"Scan parquet spark_catalog.demo_pauldefusco.trs_v26",8287,"size of files read",55995127116,55995127116,55995127116,55995127116,"size","37"
1,255,"BroadcastExchange",3093,"data size",83108864,83108864,83108864,83108864,"size",""
1,255,"BroadcastExchange",3094,"number of output rows",2000000,2000000,2000000,2000000,"sum",""
1,255,"BroadcastExchange",3095,"time to collect",159208,159208,159208,159208,"timing",""
1,255,"BroadcastExchange",3096,"time to build",700,700,700,700,"timing",""
1,255,"BroadcastExchange",3097,"time to broadcast",157,157,157,157,"timing",""
1,256,"WholeStageCodegen (19)",3098,"duration",5440,5707,6239,142847,"timing","7"
1,257,"Filter",3099,"number of output rows",80000,80000,80000,2000000,"sum","7"
1,258,"ColumnarToRow",3100,"number of output rows",80000,80000,80000,2000000,"sum","7"
1,258,"ColumnarToRow",3101,"number of input batches",32,32,32,800,"sum","7"
1,259,"Scan parquet spark_catalog.demo_pauldefusco.customers_skewed",944,"number of output rows",80000,80000,80000,2000000,"sum","7"
1,259,"Scan parquet spark_catalog.demo_pauldefusco.customers_skewed",945,"scan time",5412,5679,6209,142114,"timing","7"
1,259,"Scan parquet spark_catalog.demo_pauldefusco.customers_skewed",946,"number of files read",800,800,800,800,"sum","7"
1,259,"Scan parquet spark_catalog.demo_pauldefusco.customers_skewed",947,"metadata time",11,11,11,11,"timing","7"
1,259,"Scan parquet spark_catalog.demo_pauldefusco.customers_skewed",948,"size of files read",42432151,42432151,42432151,42432151,"size","7"
1,261,"Sort",15861,"sort time",0,0,0,0,"timing","63"
1,261,"Sort",15862,"peak memory",67239936,67243203,67371008,65495105536,"size","63"
1,261,"Sort",15863,"spill size",0,0,0,0,"size","63"
1,262,"AQEShuffleRead",15864,"number of partitions",974,974,974,974,"sum",""
1,262,"AQEShuffleRead",15865,"partition data size",87200,92087,186451,92066613,"size",""
1,262,"AQEShuffleRead",15866,"number of coalesced partitions",26,26,26,26,"sum",""
1,263,"Exchange",3105,"data size",8638920,8639994,8641008,216000000,"size","27,63"
1,263,"Exchange",3106,"number of partitions",1000,1000,1000,1000,"sum","27,63"
1,263,"Exchange",3107,"remote blocks read",22,22,50,24638,"sum","27,63"
1,263,"Exchange",3108,"local blocks read",1,1,6,362,"sum","27,63"
1,263,"Exchange",3109,"remote bytes read",74165,88560,177529,86503224,"size","27,63"
1,263,"Exchange",3111,"local bytes read",2788,5988,21521,1268596,"size","27,63"
1,263,"Exchange",3112,"fetch wait time",0,0,1101,10470,"timing","27,63"
1,263,"Exchange",3113,"records read",2816,2934,6072,3000000,"sum","27,63"
1,263,"Exchange",3122,"remote reqs duration",280,15630,26408,15459038,"timing","27,63"
1,263,"Exchange",3124,"shuffle bytes written",3508327,3510866,3513180,87771820,"size","27,63"
1,263,"Exchange",3125,"shuffle records written",119985,119994,120014,3000000,"sum","27,63"
1,263,"Exchange",3126,"shuffle write time",5353465,8395720,12002455,209893167,"nsTiming","27,63"
1,264,"WholeStageCodegen (20)",3127,"duration",5699,6154,6520,154005,"timing","27"
1,265,"Filter",3128,"number of output rows",119985,119994,120014,3000000,"sum","27"
1,266,"ColumnarToRow",3129,"number of output rows",119985,119994,120014,3000000,"sum","27"
1,266,"ColumnarToRow",3130,"number of input batches",32,32,32,800,"sum","27"
1,267,"Scan parquet spark_catalog.demo_pauldefusco.accounts_skewed",975,"number of output rows",119985,119994,120014,3000000,"sum","27"
1,267,"Scan parquet spark_catalog.demo_pauldefusco.accounts_skewed",976,"scan time",5629,6082,6447,152185,"timing","27"
1,267,"Scan parquet spark_catalog.demo_pauldefusco.accounts_skewed",977,"number of files read",800,800,800,800,"sum","27"
1,267,"Scan parquet spark_catalog.demo_pauldefusco.accounts_skewed",978,"metadata time",0,0,0,0,"timing","27"
1,267,"Scan parquet spark_catalog.demo_pauldefusco.accounts_skewed",979,"size of files read",83628707,83628707,83628707,83628707,"size","27"
1,268,"WholeStageCodegen (131)",27026,"duration",10580,30998,41197,31255232,"timing","242"
1,269,"Sort",27027,"sort time",470,480,990,547839,"timing","242"
1,269,"Sort",27028,"peak memory",234881024,234881024,234881024,234881024000,"size","242"
1,269,"Sort",27029,"spill size",0,0,0,0,"size","242"
1,270,"Exchange",25947,"data size",95582216,151126048,204280992,151126302904,"size","143,242"
1,270,"Exchange",25948,"number of partitions",1000,1000,1000,1000,"sum","143,242"
1,270,"Exchange",25949,"remote blocks read",995,995,996,995984,"sum","143,242"
1,270,"Exchange",25950,"local blocks read",4,4,5,4016,"sum","143,242"
1,270,"Exchange",25951,"remote bytes read",49053783,49238295,49424474,49238540150,"size","143,242"
1,270,"Exchange",25953,"local bytes read",181820,198209,248769,198453922,"size","143,242"
1,270,"Exchange",25954,"fetch wait time",0,371,20397,612737,"timing","143,242"
1,270,"Exchange",25955,"records read",987021,989668,992964,989923803,"sum","143,242"
1,270,"Exchange",25964,"remote reqs duration",47584,412289,599942,412541596,"timing","143,242"
1,270,"Exchange",25966,"shuffle bytes written",44947875,49436750,55167730,49436994072,"size","143,242"
1,270,"Exchange",25967,"shuffle records written",625296,989671,1344145,989923803,"sum","143,242"
1,270,"Exchange",25968,"shuffle write time",32935936,52250187,475977941,52250430604,"nsTiming","143,242"
1,271,"WholeStageCodegen (117)",25969,"duration",2608,3492,4960,3751922,"timing","143"
1,273,"SortMergeJoin",25970,"number of output rows",625296,989671,1344145,989923803,"sum","143"
1,273,"SortMergeJoin",25971,"spill size",0,0,0,0,"size","143"
1,274,"WholeStageCodegen (115)",25973,"duration",2765,3740,5359,3997902,"timing","143"
1,275,"Sort",25974,"sort time",704,1018,1779,1240050,"timing","143"
1,275,"Sort",25975,"peak memory",150994944,173258055,234881024,173258309632,"size","143"
1,275,"Sort",25976,"spill size",0,0,0,0,"size","143"
1,276,"Exchange",24966,"data size",111211024,111529098,111906352,111529350784,"size","122,143"
1,276,"Exchange",24967,"number of partitions",1000,1000,1000,1000,"sum","122,143"
1,276,"Exchange",24968,"remote blocks read",992,992,1000,995986,"sum","122,143"
1,276,"Exchange",24969,"local blocks read",2,2,8,4014,"sum","122,143"
1,276,"Exchange",24970,"remote bytes read",21464500,27736615,34796342,27736866912,"size","122,143"
1,276,"Exchange",24972,"local bytes read",47178,111989,276494,111782769,"size","122,143"
1,276,"Exchange",24973,"fetch wait time",0,0,220,480,"timing","122,143"
1,276,"Exchange",24974,"records read",625296,989671,1344145,989923803,"sum","122,143"
1,276,"Exchange",24983,"remote reqs duration",6686,22070,79000,22317352,"timing","122,143"
1,276,"Exchange",24985,"shuffle bytes written",27754860,27848410,27967017,27848649681,"size","122,143"
1,276,"Exchange",24986,"shuffle records written",987150,989673,993239,989923803,"sum","122,143"
1,276,"Exchange",24987,"shuffle write time",16853142,29315541,371798308,29315796470,"nsTiming","122,143"
1,277,"Exchange",23449,"data size",111161536,111529101,111951312,111529350784,"size","97,122"
1,277,"Exchange",23450,"number of partitions",1000,1000,1000,1000,"sum","97,122"
1,277,"Exchange",23451,"remote blocks read",992,992,1000,995995,"sum","97,122"
1,277,"Exchange",23452,"local blocks read",1,1,8,4005,"sum","97,122"
1,277,"Exchange",23453,"remote bytes read",37499649,37719770,37992193,37720023380,"size","97,122"
1,277,"Exchange",23455,"local bytes read",37306,178293,310972,151727834,"size","97,122"
1,277,"Exchange",23456,"fetch wait time",166,1858,3649,2103355,"timing","97,122"
1,277,"Exchange",23457,"records read",987150,989673,993239,989923803,"sum","97,122"
1,277,"Exchange",23466,"remote reqs duration",5583,21891,72103,22133792,"timing","97,122"
1,277,"Exchange",23468,"shuffle bytes written",37747462,37871508,38016326,37871751214,"size","97,122"
1,277,"Exchange",23469,"shuffle records written",986748,989679,993654,989923803,"sum","97,122"
1,277,"Exchange",23470,"shuffle write time",19897628,29930138,369475017,29930380872,"nsTiming","97,122"
1,278,"WholeStageCodegen (108)",23471,"duration",2641,7823,15309,8088598,"timing","97"
1,279,"HashAggregate",23472,"number of output rows",986748,989679,993654,989923803,"sum","97"
1,279,"HashAggregate",23473,"peak memory",167772160,167772160,167772160,167772160000,"size","97"
1,279,"HashAggregate",23475,"time in aggregation build",1712,7311,14832,7571068,"timing","97"
1,279,"HashAggregate",23476,"avg hash probes per key",16,16,16,16000,"average","97"
1,280,"Exchange",17751,"data size",109498272,211373811,233661816,112662311392,"size","68,97"
1,280,"Exchange",17752,"number of partitions",1000,1000,1000,1000,"sum","68,97"
1,280,"Exchange",17753,"remote blocks read",524,524,533,530150,"sum","68,97"
1,280,"Exchange",17754,"local blocks read",4,4,9,2850,"sum","68,97"
1,280,"Exchange",17755,"remote bytes read",39655607,40206570,40580822,40206816834,"size","68,97"
1,280,"Exchange",17757,"local bytes read",243809,468586,663068,216071338,"size","68,97"
1,280,"Exchange",17758,"fetch wait time",0,5838,13445,6082161,"timing","68,97"
1,280,"Exchange",17759,"records read",996630,999742,1003815,999979984,"sum","68,97"
1,280,"Exchange",17768,"remote reqs duration",11979,43170,83150,43419716,"timing","68,97"
1,280,"Exchange",17770,"shuffle bytes written",39404392,75840182,83848295,40422888172,"size","68,97"
1,280,"Exchange",17771,"shuffle records written",971925,1876005,2073818,999979984,"sum","68,97"
1,280,"Exchange",17772,"shuffle write time",23665567,57307245,199197492,30544830569,"nsTiming","68,97"
1,281,"WholeStageCodegen (90)",17773,"duration",2532,12313,23416,6633101,"timing","68"
1,282,"HashAggregate",17774,"number of output rows",971925,1876005,2073818,999979984,"sum","68"
1,282,"HashAggregate",17775,"peak memory",167772160,314958260,335544320,167872823296,"size","68"
1,282,"HashAggregate",17777,"time in aggregation build",1985,10736,16333,5791961,"timing","68"
1,282,"HashAggregate",17778,"avg hash probes per key",16,16,17,8530,"average","68"
1,284,"BroadcastHashJoin",17780,"number of output rows",971934,1876042,2073863,1000000000,"sum","68"
1,286,"BroadcastHashJoin",17781,"number of output rows",971934,1876042,2073863,1000000000,"sum","68"
1,288,"BroadcastHashJoin",17782,"number of output rows",971934,1876042,2073863,1000000000,"sum","68"
1,290,"SortMergeJoin",17783,"number of output rows",971934,1876042,2073863,1000000000,"sum","68"
1,290,"SortMergeJoin",17784,"spill size",0,0,0,0,"size","68"
1,291,"WholeStageCodegen (88)",17786,"duration",5467,11697,22403,6303037,"timing","68"
1,292,"Sort",17787,"sort time",32,40,272,47782,"timing","68"
1,292,"Sort",17788,"peak memory",167772160,257544299,268435456,137271181312,"size","68"
1,292,"Sort",17789,"spill size",0,0,0,0,"size","68"
1,293,"AQEShuffleRead",17790,"number of partitions",533,533,533,533,"sum",""
1,293,"AQEShuffleRead",17791,"partition data size",31710245,64277263,67046531,32474716667,"size",""
1,293,"AQEShuffleRead",17792,"number of coalesced partitions",467,467,467,467,"sum",""
1,294,"Exchange",7132,"data size",76170216,165058755,165505224,68664486904,"size","36,68"
1,294,"Exchange",7133,"number of partitions",1000,1000,1000,1000,"sum","36,68"
1,294,"Exchange",7134,"remote blocks read",404,654,832,411106,"sum","36,68"
1,294,"Exchange",7135,"local blocks read",3,3,24,4894,"sum","36,68"
1,294,"Exchange",7136,"remote bytes read",29889769,57480700,64185270,30637288753,"size","36,68"
1,294,"Exchange",7138,"local bytes read",232627,858945,1847927,364236503,"size","36,68"
1,294,"Exchange",7139,"fetch wait time",0,6591,12304,3584991,"timing","36,68"
1,294,"Exchange",7140,"records read",971934,1876042,2073863,1000000000,"sum","36,68"
1,294,"Exchange",7149,"remote reqs duration",12727,41730,71524,22314218,"timing","36,68"
1,294,"Exchange",7151,"shuffle bytes written",34575562,74522792,74733534,31001525256,"size","36,68"
1,294,"Exchange",7152,"shuffle records written",1109300,2403769,2410100,1000000000,"sum","36,68"
1,294,"Exchange",7153,"shuffle write time",28288764,58775520,166379300,24450658031,"nsTiming","36,68"
1,295,"WholeStageCodegen (59)",7154,"duration",125,11375,71984,4798843,"timing","36"
1,297,"BroadcastHashJoin",7155,"number of output rows",1109300,2403769,2410100,1000000000,"sum","36"
1,299,"Filter",7156,"number of output rows",1109300,2403769,2410100,1000000000,"sum","36"
1,300,"ColumnarToRow",7157,"number of output rows",1109300,2403769,2410100,1000000000,"sum","36"
1,300,"ColumnarToRow",7158,"number of input batches",271,585,589,244388,"sum","36"
1,301,"Scan parquet spark_catalog.demo_pauldefusco.trs_v26",7159,"number of output rows",1109300,2403769,2410100,1000000000,"sum","36"
1,301,"Scan parquet spark_catalog.demo_pauldefusco.trs_v26",7160,"scan time",123,9560,61469,4041518,"timing","36"
1,301,"Scan parquet spark_catalog.demo_pauldefusco.trs_v26",7161,"number of files read",2,2,2,2,"sum","36"
1,301,"Scan parquet spark_catalog.demo_pauldefusco.trs_v26",7162,"metadata time",0,0,0,0,"timing","36"
1,301,"Scan parquet spark_catalog.demo_pauldefusco.trs_v26",7163,"size of files read",55995127116,55995127116,55995127116,55995127116,"size","36"
1,302,"BroadcastExchange",3272,"data size",83108864,83108864,83108864,83108864,"size",""
1,302,"BroadcastExchange",3273,"number of output rows",2000000,2000000,2000000,2000000,"sum",""
1,302,"BroadcastExchange",3274,"time to collect",155117,155117,155117,155117,"timing",""
1,302,"BroadcastExchange",3275,"time to build",643,643,643,643,"timing",""
1,302,"BroadcastExchange",3276,"time to broadcast",116,116,116,116,"timing",""
1,303,"WholeStageCodegen (24)",3277,"duration",5437,5722,6175,143218,"timing","6"
1,304,"Filter",3278,"number of output rows",80000,80000,80000,2000000,"sum","6"
1,305,"ColumnarToRow",3279,"number of output rows",80000,80000,80000,2000000,"sum","6"
1,305,"ColumnarToRow",3280,"number of input batches",32,32,32,800,"sum","6"
1,306,"Scan parquet spark_catalog.demo_pauldefusco.customers_skewed",1166,"number of output rows",80000,80000,80000,2000000,"sum","6"
1,306,"Scan parquet spark_catalog.demo_pauldefusco.customers_skewed",1167,"scan time",5414,5697,6147,142568,"timing","6"
1,306,"Scan parquet spark_catalog.demo_pauldefusco.customers_skewed",1168,"number of files read",800,800,800,800,"sum","6"
1,306,"Scan parquet spark_catalog.demo_pauldefusco.customers_skewed",1169,"metadata time",11,11,11,11,"timing","6"
1,306,"Scan parquet spark_catalog.demo_pauldefusco.customers_skewed",1170,"size of files read",42432151,42432151,42432151,42432151,"size","6"
1,308,"Sort",17794,"sort time",0,0,0,0,"timing","68"
1,308,"Sort",17795,"peak memory",67239936,67354643,67371008,35900096512,"size","68"
1,308,"Sort",17796,"spill size",0,0,0,0,"size","68"
1,309,"AQEShuffleRead",17797,"number of partitions",533,533,533,533,"sum",""
1,309,"AQEShuffleRead",17798,"partition data size",21447,44798,46572,22450883,"size",""
1,309,"AQEShuffleRead",17799,"number of coalesced partitions",467,467,467,467,"sum",""
1,310,"Exchange",3284,"data size",1919760,1919995,1920224,48000000,"size","28,83,68"
1,310,"Exchange",3285,"number of partitions",1000,1000,1000,1000,"sum","28,83,68"
1,310,"Exchange",3286,"remote blocks read",21,41,75,74256,"sum","28,83,68"
1,310,"Exchange",3287,"local blocks read",1,1,8,744,"sum","28,83,68"
1,310,"Exchange",3288,"remote bytes read",18001,48859,65988,63593368,"size","28,83,68"
1,310,"Exchange",3290,"local bytes read",750,2617,6909,636269,"size","28,83,68"
1,310,"Exchange",3291,"fetch wait time",0,0,4888,20525,"timing","28,83,68"
1,310,"Exchange",3292,"records read",2858,6811,9260,9000000,"sum","28,83,68"
1,310,"Exchange",3301,"remote reqs duration",242,21553,55743,35040359,"timing","28,83,68"
1,310,"Exchange",3303,"shuffle bytes written",853807,856390,858384,21409879,"size","28,83,68"
1,310,"Exchange",3304,"shuffle records written",119985,119995,120014,3000000,"sum","28,83,68"
1,310,"Exchange",3305,"shuffle write time",4367072,7443498,45107875,186087608,"nsTiming","28,83,68"
1,311,"WholeStageCodegen (25)",3306,"duration",5382,5931,6380,148454,"timing","28"
1,312,"Filter",3307,"number of output rows",119985,119995,120014,3000000,"sum","28"
1,313,"ColumnarToRow",3308,"number of output rows",119985,119995,120014,3000000,"sum","28"
1,313,"ColumnarToRow",3309,"number of input batches",32,32,32,800,"sum","28"
1,314,"Scan parquet spark_catalog.demo_pauldefusco.accounts_skewed",1197,"number of output rows",119985,119995,120014,3000000,"sum","28"
1,314,"Scan parquet spark_catalog.demo_pauldefusco.accounts_skewed",1198,"scan time",5334,5883,6331,147214,"timing","28"
1,314,"Scan parquet spark_catalog.demo_pauldefusco.accounts_skewed",1199,"number of files read",800,800,800,800,"sum","28"
1,314,"Scan parquet spark_catalog.demo_pauldefusco.accounts_skewed",1200,"metadata time",0,0,0,0,"timing","28"
1,314,"Scan parquet spark_catalog.demo_pauldefusco.accounts_skewed",1201,"size of files read",83628707,83628707,83628707,83628707,"size","28"
1,315,"BroadcastExchange",3310,"data size",71108864,71108864,71108864,71108864,"size",""
1,315,"BroadcastExchange",3311,"number of output rows",500000,500000,500000,500000,"sum",""
1,315,"BroadcastExchange",3312,"time to collect",152496,152496,152496,152496,"timing",""
1,315,"BroadcastExchange",3313,"time to build",209,209,209,209,"timing",""
1,315,"BroadcastExchange",3314,"time to broadcast",69,69,69,69,"timing",""
1,316,"WholeStageCodegen (26)",3315,"duration",5540,5926,6567,148273,"timing","4"
1,317,"Filter",3316,"number of output rows",19983,19993,20012,500000,"sum","4"
1,318,"ColumnarToRow",3317,"number of output rows",19983,19993,20012,500000,"sum","4"
1,318,"ColumnarToRow",3318,"number of input batches",32,32,32,800,"sum","4"
1,319,"Scan parquet spark_catalog.demo_pauldefusco.merchants_skewed",1208,"number of output rows",19983,19993,20012,500000,"sum","4"
1,319,"Scan parquet spark_catalog.demo_pauldefusco.merchants_skewed",1209,"scan time",5513,5896,6537,147576,"timing","4"
1,319,"Scan parquet spark_catalog.demo_pauldefusco.merchants_skewed",1210,"number of files read",800,800,800,800,"sum","4"
1,319,"Scan parquet spark_catalog.demo_pauldefusco.merchants_skewed",1211,"metadata time",11,11,11,11,"timing","4"
1,319,"Scan parquet spark_catalog.demo_pauldefusco.merchants_skewed",1212,"size of files read",13590573,13590573,13590573,13590573,"size","4"
1,320,"BroadcastExchange",3319,"data size",8421376,8421376,8421376,8421376,"size",""
1,320,"BroadcastExchange",3320,"number of output rows",731,731,731,731,"sum",""
1,320,"BroadcastExchange",3321,"time to collect",171792,171792,171792,171792,"timing",""
1,320,"BroadcastExchange",3322,"time to build",4,4,4,4,"timing",""
1,320,"BroadcastExchange",3323,"time to broadcast",1,1,1,1,"timing",""
1,321,"WholeStageCodegen (28)",3324,"duration",4702,4702,4702,4702,"timing","11"
1,322,"Filter",3325,"number of output rows",731,731,731,731,"sum","11"
1,323,"ColumnarToRow",3326,"number of output rows",731,731,731,731,"sum","11"
1,323,"ColumnarToRow",3327,"number of input batches",1,1,1,1,"sum","11"
1,324,"Scan parquet spark_catalog.demo_pauldefusco.calendar",1230,"number of output rows",731,731,731,731,"sum","11"
1,324,"Scan parquet spark_catalog.demo_pauldefusco.calendar",1231,"scan time",4692,4692,4692,4692,"timing","11"
1,324,"Scan parquet spark_catalog.demo_pauldefusco.calendar",1232,"number of files read",1,1,1,1,"sum","11"
1,324,"Scan parquet spark_catalog.demo_pauldefusco.calendar",1233,"metadata time",10,10,10,10,"timing","11"
1,324,"Scan parquet spark_catalog.demo_pauldefusco.calendar",1234,"size of files read",10508,10508,10508,10508,"size","11"
1,325,"WholeStageCodegen (116)",25977,"duration",2690,3569,5064,3828766,"timing","143"
1,326,"Sort",25978,"sort time",0,0,7,987,"timing","143"
1,326,"Sort",25979,"peak memory",67239936,67239936,67239936,67239936000,"size","143"
1,326,"Sort",25980,"spill size",0,0,0,0,"size","143"
1,327,"Exchange",22884,"data size",668864,706410,743792,706666688,"size","94,143"
1,327,"Exchange",22885,"number of partitions",1000,1000,1000,1000,"sum","94,143"
1,327,"Exchange",22886,"remote blocks read",959,963,990,977578,"sum","94,143"
1,327,"Exchange",22887,"local blocks read",2,2,8,3943,"sum","94,143"
1,327,"Exchange",22888,"remote bytes read",528078,551540,572660,551784629,"size","94,143"
1,327,"Exchange",22890,"local bytes read",770,2675,6289,2217672,"size","94,143"
1,327,"Exchange",22891,"fetch wait time",0,0,0,0,"timing","94,143"
1,327,"Exchange",22892,"records read",3785,3885,4204,4000000,"sum","94,143"
1,327,"Exchange",22901,"remote reqs duration",4839,16864,61326,17111046,"timing","94,143"
1,327,"Exchange",22903,"shuffle bytes written",532366,553757,576033,554002301,"size","94,143"
1,327,"Exchange",22904,"shuffle records written",3787,3888,4211,4000000,"sum","94,143"
1,327,"Exchange",22905,"shuffle write time",3436583,4669987,46420716,4670237488,"nsTiming","94,143"
1,328,"WholeStageCodegen (107)",22906,"duration",2836,11718,21759,11967942,"timing","94"
1,329,"HashAggregate",22907,"number of output rows",3787,3888,4211,4000000,"sum","94"
1,329,"HashAggregate",22908,"peak memory",67371008,67371008,67371008,67371008000,"size","94"
1,329,"HashAggregate",22910,"time in aggregation build",2744,11597,21586,11856055,"timing","94"
1,329,"HashAggregate",22911,"avg hash probes per key",11,11,11,11000,"average","94"
1,330,"HashAggregate",22913,"number of output rows",3787,3888,4211,4000000,"sum","94"
1,330,"HashAggregate",22914,"peak memory",262144,57572859,67371008,57573113856,"size","94"
1,330,"HashAggregate",22916,"time in aggregation build",2719,11557,21546,11819642,"timing","94"
1,330,"HashAggregate",22917,"avg hash probes per key",10,10,12,8542,"average","94"
1,331,"Sort",22919,"sort time",397,466,1697,655990,"timing","94"
1,331,"Sort",22920,"peak memory",150994944,228589321,301989888,228589568000,"size","94"
1,331,"Sort",22921,"spill size",0,0,0,0,"size","94"
1,332,"Exchange",16928,"data size",136762512,152664322,170356344,152664567232,"size","65,94"
1,332,"Exchange",16929,"number of partitions",1000,1000,1000,1000,"sum","65,94"
1,332,"Exchange",16930,"remote blocks read",984,984,1000,994274,"sum","65,94"
1,332,"Exchange",16931,"local blocks read",4,4,16,5726,"sum","65,94"
1,332,"Exchange",16932,"remote bytes read",40158998,55589647,74919781,55589889089,"size","65,94"
1,332,"Exchange",16934,"local bytes read",186372,662567,1081438,322729664,"size","65,94"
1,332,"Exchange",16935,"fetch wait time",0,9235,19238,9479824,"timing","65,94"
1,332,"Exchange",16936,"records read",684816,999743,1381090,1000000000,"sum","65,94"
1,332,"Exchange",16945,"remote reqs duration",8836,68770,104997,69023434,"timing","65,94"
1,332,"Exchange",16947,"shuffle bytes written",50031131,55912368,62399221,55912618753,"size","65,94"
1,332,"Exchange",16948,"shuffle records written",895884,999754,1115824,1000000000,"sum","65,94"
1,332,"Exchange",16949,"shuffle write time",27629357,42915246,137336118,42915495097,"nsTiming","65,94"
1,333,"WholeStageCodegen (87)",16950,"duration",1910,5058,13826,5303155,"timing","65"
1,336,"BroadcastHashJoin",16951,"number of output rows",895884,999754,1115824,1000000000,"sum","65"
1,338,"BroadcastHashJoin",16952,"number of output rows",895884,999754,1115824,1000000000,"sum","65"
1,340,"BroadcastHashJoin",16953,"number of output rows",895884,999754,1115824,1000000000,"sum","65"
1,342,"SortMergeJoin",16954,"number of output rows",895884,999754,1115824,1000000000,"sum","65"
1,342,"SortMergeJoin",16955,"spill size",0,0,0,0,"size","65"
1,343,"WholeStageCodegen (85)",16957,"duration",1936,5083,14123,5324754,"timing","65"
1,344,"Sort",16958,"sort time",29,29,168,48620,"timing","65"
1,344,"Sort",16959,"peak memory",167772160,170322049,201326592,170322296832,"size","65"
1,344,"Sort",16960,"spill size",0,0,0,0,"size","65"
1,345,"Exchange",8483,"data size",93919016,203520295,204066824,84664486904,"size","38,65"
1,345,"Exchange",8484,"number of partitions",1000,1000,1000,1000,"sum","38,65"
1,345,"Exchange",8485,"remote blocks read",404,404,416,411078,"sum","38,65"
1,345,"Exchange",8486,"local blocks read",4,4,12,4922,"sum","38,65"
1,345,"Exchange",8487,"remote bytes read",35051175,39252990,43481395,39253241670,"size","38,65"
1,345,"Exchange",8489,"local bytes read",355251,763033,1269035,469363134,"size","38,65"
1,345,"Exchange",8490,"fetch wait time",0,2400,11830,2638412,"timing","38,65"
1,345,"Exchange",8491,"records read",895884,999754,1115824,1000000000,"sum","38,65"
1,345,"Exchange",8500,"remote reqs duration",2475,25299,67310,25558333,"timing","38,65"
1,345,"Exchange",8502,"shuffle bytes written",44121275,95486926,95759262,39722604804,"size","38,65"
1,345,"Exchange",8503,"shuffle records written",1109300,2403797,2410100,1000000000,"sum","38,65"
1,345,"Exchange",8504,"shuffle write time",33848341,72546853,173347453,30179533964,"nsTiming","38,65"
1,346,"WholeStageCodegen (61)",8505,"duration",122,3177,55556,1371700,"timing","38"
1,348,"BroadcastHashJoin",8506,"number of output rows",1109300,2403797,2410100,1000000000,"sum","38"
1,350,"Filter",8507,"number of output rows",1109300,2403797,2410100,1000000000,"sum","38"
1,351,"ColumnarToRow",8508,"number of output rows",1109300,2403797,2410100,1000000000,"sum","38"
1,351,"ColumnarToRow",8509,"number of input batches",271,585,589,244388,"sum","38"
1,352,"Scan parquet spark_catalog.demo_pauldefusco.trs_v26",8510,"number of output rows",1109300,2403797,2410100,1000000000,"sum","38"
1,352,"Scan parquet spark_catalog.demo_pauldefusco.trs_v26",8511,"scan time",120,1496,49724,663853,"timing","38"
1,352,"Scan parquet spark_catalog.demo_pauldefusco.trs_v26",8512,"number of files read",2,2,2,2,"sum","38"
1,352,"Scan parquet spark_catalog.demo_pauldefusco.trs_v26",8513,"metadata time",0,0,0,0,"timing","38"
1,352,"Scan parquet spark_catalog.demo_pauldefusco.trs_v26",8514,"size of files read",55995127116,55995127116,55995127116,55995127116,"size","38"
1,354,"Sort",16962,"sort time",0,0,1,1,"timing","65"
1,354,"Sort",16963,"peak memory",67239936,67239936,67239936,67239936000,"size","65"
1,354,"Sort",16964,"spill size",0,0,0,0,"size","65"
1,355,"BroadcastExchange",3425,"data size",71108864,71108864,71108864,71108864,"size",""
1,355,"BroadcastExchange",3426,"number of output rows",500000,500000,500000,500000,"sum",""
1,355,"BroadcastExchange",3427,"time to collect",163553,163553,163553,163553,"timing",""
1,355,"BroadcastExchange",3428,"time to build",223,223,223,223,"timing",""
1,355,"BroadcastExchange",3429,"time to broadcast",87,87,87,87,"timing",""
1,356,"WholeStageCodegen (31)",3430,"duration",5469,5765,6284,144253,"timing","8"
1,357,"Filter",3431,"number of output rows",19983,19993,20012,500000,"sum","8"
1,358,"ColumnarToRow",3432,"number of output rows",19983,19993,20012,500000,"sum","8"
1,358,"ColumnarToRow",3433,"number of input batches",32,32,32,800,"sum","8"
1,359,"Scan parquet spark_catalog.demo_pauldefusco.merchants_skewed",1383,"number of output rows",19983,19993,20012,500000,"sum","8"
1,359,"Scan parquet spark_catalog.demo_pauldefusco.merchants_skewed",1384,"scan time",5440,5736,6258,143567,"timing","8"
1,359,"Scan parquet spark_catalog.demo_pauldefusco.merchants_skewed",1385,"number of files read",800,800,800,800,"sum","8"
1,359,"Scan parquet spark_catalog.demo_pauldefusco.merchants_skewed",1386,"metadata time",11,11,11,11,"timing","8"
1,359,"Scan parquet spark_catalog.demo_pauldefusco.merchants_skewed",1387,"size of files read",13590573,13590573,13590573,13590573,"size","8"
1,360,"BroadcastExchange",3434,"data size",8421376,8421376,8421376,8421376,"size",""
1,360,"BroadcastExchange",3435,"number of output rows",731,731,731,731,"sum",""
1,360,"BroadcastExchange",3436,"time to collect",174527,174527,174527,174527,"timing",""
1,360,"BroadcastExchange",3437,"time to build",3,3,3,3,"timing",""
1,360,"BroadcastExchange",3438,"time to broadcast",2,2,2,2,"timing",""
1,361,"WholeStageCodegen (33)",3439,"duration",4927,4927,4927,4927,"timing","19"
1,362,"Filter",3440,"number of output rows",731,731,731,731,"sum","19"
1,363,"ColumnarToRow",3441,"number of output rows",731,731,731,731,"sum","19"
1,363,"ColumnarToRow",3442,"number of input batches",1,1,1,1,"sum","19"
1,364,"Scan parquet spark_catalog.demo_pauldefusco.calendar",1405,"number of output rows",731,731,731,731,"sum","19"
1,364,"Scan parquet spark_catalog.demo_pauldefusco.calendar",1406,"scan time",4918,4918,4918,4918,"timing","19"
1,364,"Scan parquet spark_catalog.demo_pauldefusco.calendar",1407,"number of files read",1,1,1,1,"sum","19"
1,364,"Scan parquet spark_catalog.demo_pauldefusco.calendar",1408,"metadata time",10,10,10,10,"timing","19"
1,364,"Scan parquet spark_catalog.demo_pauldefusco.calendar",1409,"size of files read",10508,10508,10508,10508,"size","19"
1,365,"WholeStageCodegen (134)",27190,"duration",10929,23107,45521,13791661,"timing","279"
1,366,"Sort",27191,"sort time",0,0,0,0,"timing","279"
1,366,"Sort",27192,"peak memory",67174400,67174400,67174400,39834419200,"size","279"
1,366,"Sort",27193,"spill size",0,47304376,3019898880,28051505152,"size","279"
1,367,"HashAggregate",27194,"number of output rows",1,1,5,864,"sum","279"
1,367,"HashAggregate",27195,"peak memory",67371008,67371008,67371008,39951007744,"size","279"
1,367,"HashAggregate",27197,"time in aggregation build",428,1932,14411,1233234,"timing","279"
1,367,"HashAggregate",27198,"avg hash probes per key",10,10,10,5930,"average","279"
1,368,"HashAggregate",27200,"number of output rows",1,1,5,864,"sum","279"
1,368,"HashAggregate",27201,"peak memory",262144,262144,262144,155451392,"size","279"
1,368,"HashAggregate",27203,"time in aggregation build",424,1926,14405,1228881,"timing","279"
1,369,"Sort",27206,"sort time",47,264,2481,226858,"timing","279"
1,369,"Sort",27207,"peak memory",150994944,299330277,1140850688,177502945280,"size","279"
1,369,"Sort",27208,"spill size",0,47304376,3019898880,28051505152,"size","279"
1,370,"Exchange",18678,"data size",105118816,117333087,130925224,117333333336,"size","70,279"
1,370,"Exchange",18679,"number of partitions",1000,1000,1000,1000,"sum","70,279"
1,370,"Exchange",18680,"remote blocks read",984,984,1000,590590,"sum","70,279"
1,370,"Exchange",18681,"local blocks read",4,4,16,2410,"sum","70,279"
1,370,"Exchange",18682,"remote bytes read",16225543,45208706,204828289,26808849139,"size","70,279"
1,370,"Exchange",18684,"local bytes read",70701,446476,2261423,108508356,"size","70,279"
1,370,"Exchange",18685,"fetch wait time",0,298,12027,246730,"timing","70,279"
1,370,"Exchange",18686,"records read",638021,1686195,6917768,1000000000,"sum","70,279"
1,370,"Exchange",18695,"remote reqs duration",48803,211681,393150,125612012,"timing","70,279"
1,370,"Exchange",18697,"shuffle bytes written",24046904,26917117,30039071,26917357495,"size","70,279"
1,370,"Exchange",18698,"shuffle records written",895884,999757,1115824,1000000000,"sum","70,279"
1,370,"Exchange",18699,"shuffle write time",13998027,21105729,91047097,21105982190,"nsTiming","70,279"
1,371,"WholeStageCodegen (93)",18700,"duration",2747,7215,12822,7476745,"timing","70"
1,374,"BroadcastHashJoin",18701,"number of output rows",895884,999757,1115824,1000000000,"sum","70"
1,376,"BroadcastHashJoin",18702,"number of output rows",895884,999757,1115824,1000000000,"sum","70"
1,378,"BroadcastHashJoin",18703,"number of output rows",895884,999757,1115824,1000000000,"sum","70"
1,380,"SortMergeJoin",18704,"number of output rows",895884,999757,1115824,1000000000,"sum","70"
1,380,"SortMergeJoin",18705,"spill size",0,0,0,0,"size","70"
1,381,"WholeStageCodegen (91)",18707,"duration",2757,7248,13196,7506752,"timing","70"
1,382,"Sort",18708,"sort time",29,29,132,47945,"timing","70"
1,382,"Sort",18709,"peak memory",167772160,170389155,268435456,170389405696,"size","70"
1,382,"Sort",18710,"spill size",0,0,0,0,"size","70"
1,383,"Exchange",8567,"data size",130157864,282051222,282785072,117333333336,"size","39,70"
1,383,"Exchange",8568,"number of partitions",1000,1000,1000,1000,"sum","39,70"
1,383,"Exchange",8569,"remote blocks read",404,404,416,411535,"sum","39,70"
1,383,"Exchange",8570,"local blocks read",4,4,12,4465,"sum","39,70"
1,383,"Exchange",8571,"remote bytes read",41058172,46130928,51962221,46131180814,"size","39,70"
1,383,"Exchange",8573,"local bytes read",431380,896484,1339954,500315500,"size","39,70"
1,383,"Exchange",8574,"fetch wait time",0,4419,10217,4670003,"timing","39,70"
1,383,"Exchange",8575,"records read",895884,999757,1115824,1000000000,"sum","39,70"
1,383,"Exchange",8584,"remote reqs duration",3813,35489,76385,35733252,"timing","39,70"
1,383,"Exchange",8586,"shuffle bytes written",51825466,112094841,112412705,46631496314,"size","39,70"
1,383,"Exchange",8587,"shuffle records written",1109300,2403787,2410100,1000000000,"sum","39,70"
1,383,"Exchange",8588,"shuffle write time",30213065,86692308,198559534,36064044642,"nsTiming","39,70"
1,384,"WholeStageCodegen (62)",8589,"duration",122,3858,55003,1656135,"timing","39"
1,386,"BroadcastHashJoin",8590,"number of output rows",1109300,2403787,2410100,1000000000,"sum","39"
1,388,"Filter",8591,"number of output rows",1109300,2403787,2410100,1000000000,"sum","39"
1,389,"ColumnarToRow",8592,"number of output rows",1109300,2403787,2410100,1000000000,"sum","39"
1,389,"ColumnarToRow",8593,"number of input batches",271,586,589,244388,"sum","39"
1,390,"Scan parquet spark_catalog.demo_pauldefusco.trs_v26",8594,"number of output rows",1109300,2403787,2410100,1000000000,"sum","39"
1,390,"Scan parquet spark_catalog.demo_pauldefusco.trs_v26",8595,"scan time",120,1516,49361,672305,"timing","39"
1,390,"Scan parquet spark_catalog.demo_pauldefusco.trs_v26",8596,"number of files read",2,2,2,2,"sum","39"
1,390,"Scan parquet spark_catalog.demo_pauldefusco.trs_v26",8597,"metadata time",0,0,0,0,"timing","39"
1,390,"Scan parquet spark_catalog.demo_pauldefusco.trs_v26",8598,"size of files read",55995127116,55995127116,55995127116,55995127116,"size","39"
1,392,"Sort",18712,"sort time",0,0,0,0,"timing","70"
1,392,"Sort",18713,"peak memory",67239936,67239936,67239936,67239936000,"size","70"
1,392,"Sort",18714,"spill size",0,0,0,0,"size","70"
1,393,"WholeStageCodegen (137)",27323,"duration",5760,12855,19825,13096820,"timing","331"
1,394,"Sort",27324,"sort time",0,0,41,754,"timing","331"
1,394,"Sort",27325,"peak memory",67174400,67174400,67174400,67174400000,"size","331"
1,394,"Sort",27326,"spill size",0,0,0,0,"size","331"
1,395,"Exchange",26587,"data size",60672,130877,427168,100796928,"size","185,331"
1,395,"Exchange",26588,"number of partitions",1000,1000,1000,1000,"sum","185,331"
1,395,"Exchange",26589,"remote blocks read",258,262,332,293001,"sum","185,331"
1,395,"Exchange",26590,"local blocks read",1,1,4,1221,"sum","185,331"
1,395,"Exchange",26591,"remote bytes read",88390,100080,113813,100325133,"size","185,331"
1,395,"Exchange",26593,"local bytes read",250,353,1959,417026,"size","185,331"
1,395,"Exchange",26594,"fetch wait time",0,0,2751,34653,"timing","185,331"
1,395,"Exchange",26595,"records read",350,354,457,400852,"sum","185,331"
1,395,"Exchange",26604,"remote reqs duration",13567,103443,188913,103692051,"timing","185,331"
1,395,"Exchange",26606,"shuffle bytes written",64065,130821,380151,100742159,"size","185,331"
1,395,"Exchange",26607,"shuffle records written",243,286,1718,400852,"sum","185,331"
1,395,"Exchange",26608,"shuffle write time",797655,1569500,6151293,1207093249,"nsTiming","185,331"
1,396,"WholeStageCodegen (126)",26609,"duration",1,17443,38911,17686478,"timing","185"
1,398,"SortMergeJoin",26610,"number of output rows",243,286,1718,400852,"sum","185"
1,398,"SortMergeJoin",26611,"spill size",0,0,0,0,"size","185"
1,399,"WholeStageCodegen (124)",26613,"duration",6,17610,39106,17868392,"timing","185"
1,400,"Sort",26614,"sort time",0,0,31,901,"timing","185"
1,400,"Sort",26615,"peak memory",65536,51672020,67174400,51672252416,"size","185"
1,400,"Sort",26616,"spill size",0,0,0,0,"size","185"
1,401,"Exchange",26333,"data size",6072,84511,204736,84762848,"size","171,185"
1,401,"Exchange",26334,"number of partitions",1000,1000,1000,1000,"sum","171,185"
1,401,"Exchange",26335,"remote blocks read",217,225,832,285868,"sum","171,185"
1,401,"Exchange",26336,"local blocks read",1,1,11,1142,"sum","171,185"
1,401,"Exchange",26337,"remote bytes read",57806,112229,329791,86452424,"size","171,185"
1,401,"Exchange",26339,"local bytes read",227,579,3226,347394,"size","171,185"
1,401,"Exchange",26340,"fetch wait time",0,0,343,68919,"timing","171,185"
1,401,"Exchange",26341,"records read",243,286,1718,400852,"sum","171,185"
1,401,"Exchange",26350,"remote reqs duration",348,3253,12441,2649726,"timing","171,185"
1,401,"Exchange",26352,"shuffle bytes written",7001,86549,184544,86799818,"size","171,185"
1,401,"Exchange",26353,"shuffle records written",28,214,961,400852,"sum","171,185"
1,401,"Exchange",26354,"shuffle write time",170496,2074115,22211642,2074370500,"nsTiming","171,185"
1,402,"WholeStageCodegen (123)",26355,"duration",15,29,335,98979,"timing","171"
1,404,"SortMergeJoin",26356,"number of output rows",28,214,961,400852,"sum","171"
1,404,"SortMergeJoin",26357,"spill size",0,0,0,0,"size","171"
1,405,"WholeStageCodegen (121)",26359,"duration",20,64,604,165482,"timing","171"
1,406,"Sort",26360,"sort time",0,0,89,4186,"timing","171"
1,406,"Sort",26361,"peak memory",67174400,67174400,67174400,67174400000,"size","171"
1,406,"Sort",26362,"spill size",0,0,0,0,"size","171"
1,407,"Exchange",25068,"data size",47032,55654,64312,55901504,"size","113,171"
1,407,"Exchange",25069,"number of partitions",1000,1000,1000,1000,"sum","113,171"
1,407,"Exchange",25070,"remote blocks read",27,173,613,320516,"sum","113,171"
1,407,"Exchange",25071,"local blocks read",1,1,7,1216,"sum","113,171"
1,407,"Exchange",25072,"remote bytes read",5175,63884,135662,64127286,"size","113,171"
1,407,"Exchange",25074,"local bytes read",158,379,1512,244734,"size","113,171"
1,407,"Exchange",25075,"fetch wait time",0,0,194,31532,"timing","113,171"
1,407,"Exchange",25076,"records read",28,214,961,400852,"sum","113,171"
1,407,"Exchange",25085,"remote reqs duration",231,1891,9004,2135513,"timing","113,171"
1,407,"Exchange",25087,"shuffle bytes written",55217,64122,72717,64372020,"size","113,171"
1,407,"Exchange",25088,"shuffle records written",337,352,461,400852,"sum","113,171"
1,407,"Exchange",25089,"shuffle write time",1094284,2304966,21944645,2305216173,"nsTiming","113,171"
1,408,"WholeStageCodegen (110)",25090,"duration",120,642,3014,856454,"timing","113"
1,409,"HashAggregate",25091,"number of output rows",337,352,461,400852,"sum","113"
1,409,"HashAggregate",25092,"peak memory",262144,329010,67371008,329252864,"size","113"
1,409,"HashAggregate",25094,"time in aggregation build",99,598,2975,823344,"timing","113"
1,409,"HashAggregate",25095,"avg hash probes per key",10,10,10,10,"average","113"
1,410,"Exchange",21052,"data size",16067584,24164032,24568656,8070815032,"size","83,113"
1,410,"Exchange",21053,"number of partitions",1000,1000,1000,1000,"sum","83,113"
1,410,"Exchange",21054,"remote blocks read",326,326,334,332574,"sum","83,113"
1,410,"Exchange",21055,"local blocks read",1,1,8,1426,"sum","83,113"
1,410,"Exchange",21056,"remote bytes read",2276956,3031954,3772264,3032200769,"size","83,113"
1,410,"Exchange",21058,"local bytes read",7993,40219,86447,13015886,"size","83,113"
1,410,"Exchange",21059,"fetch wait time",0,406,2811,622042,"timing","83,113"
1,410,"Exchange",21060,"records read",44083,58107,72549,58369798,"sum","83,113"
1,410,"Exchange",21069,"remote reqs duration",612,4057,26375,4306309,"timing","83,113"
1,410,"Exchange",21071,"shuffle bytes written",6172804,9117332,9263950,3045216655,"size","83,113"
1,410,"Exchange",21072,"shuffle records written",116835,174673,177668,58369798,"sum","83,113"
1,410,"Exchange",21073,"shuffle write time",7801792,22906874,3180406417,7650922452,"nsTiming","83,113"
1,411,"WholeStageCodegen (102)",21074,"duration",3654,5948,12480,2015277,"timing","83"
1,412,"HashAggregate",21075,"number of output rows",116835,174673,177668,58369798,"sum","83"
1,412,"HashAggregate",21076,"peak memory",69206016,71296835,71303168,23813160960,"size","83"
1,412,"HashAggregate",21078,"time in aggregation build",3521,5396,12329,1831016,"timing","83"
1,412,"HashAggregate",21079,"avg hash probes per key",12,12,13,4009,"average","83"
1,414,"BroadcastHashJoin",21081,"number of output rows",463947,1377203,1449556,460012429,"sum","83"
1,416,"BroadcastHashJoin",21082,"number of output rows",463947,1377203,1449556,460012429,"sum","83"
1,418,"BroadcastHashJoin",21083,"number of output rows",463947,1377203,1449556,460012429,"sum","83"
1,420,"SortMergeJoin",21084,"number of output rows",463947,1377203,1449556,460012429,"sum","83"
1,420,"SortMergeJoin",21085,"spill size",0,0,0,0,"size","83"
1,421,"WholeStageCodegen (100)",21087,"duration",3529,5925,12357,2006457,"timing","83"
1,422,"Sort",21088,"sort time",34,63,874,36042,"timing","83"
1,422,"Sort",21089,"peak memory",83886080,226693255,268435456,75715575808,"size","83"
1,422,"Sort",21090,"spill size",0,0,0,0,"size","83"
1,423,"AQEShuffleRead",21091,"number of partitions",334,334,334,334,"sum",""
1,423,"AQEShuffleRead",21092,"partition data size",17468272,52170930,54490591,17378922641,"size",""
1,423,"AQEShuffleRead",21093,"number of coalesced partitions",333,333,333,333,"sum",""
1,424,"Exchange",12166,"data size",39395392,78214177,92843048,42626799120,"size","49,83"
1,424,"Exchange",12167,"number of partitions",1000,1000,1000,1000,"sum","49,83"
1,424,"Exchange",12168,"remote blocks read",537,1599,1635,540708,"sum","49,83"
1,424,"Exchange",12169,"local blocks read",8,11,33,4292,"sum","49,83"
1,424,"Exchange",12170,"remote bytes read",16444781,49211545,51705134,16436682761,"size","49,83"
1,424,"Exchange",12172,"local bytes read",254126,612762,1002887,131143070,"size","49,83"
1,424,"Exchange",12173,"fetch wait time",0,921,8388,335494,"timing","49,83"
1,424,"Exchange",12174,"records read",463947,1377203,1449556,460012429,"sum","49,83"
1,424,"Exchange",12183,"remote reqs duration",4423,18144,44212,6087425,"timing","49,83"
1,424,"Exchange",12185,"shuffle bytes written",15425039,30399544,36151339,16567825831,"size","49,83"
1,424,"Exchange",12186,"shuffle records written",425101,843919,1001928,460012429,"sum","49,83"
1,424,"Exchange",12187,"shuffle write time",12548066,21554374,59215958,11747209037,"nsTiming","49,83"
1,425,"WholeStageCodegen (72)",12188,"duration",4826,9981,15736,5512252,"timing","49"
1,427,"SortMergeJoin",12189,"number of output rows",425101,843919,1001928,460012429,"sum","49"
1,427,"SortMergeJoin",12190,"spill size",0,0,0,0,"size","49"
1,429,"Sort",12193,"sort time",31,34,177,41675,"timing","49"
1,429,"Sort",12194,"peak memory",167772160,254459441,268435456,138680467456,"size","49"
1,429,"Sort",12195,"spill size",0,0,0,0,"size","49"
1,430,"AQEShuffleRead",12196,"number of partitions",545,545,545,545,"sum",""
1,430,"AQEShuffleRead",12197,"partition data size",31589738,64016773,67029495,32455960972,"size",""
1,430,"AQEShuffleRead",12198,"number of coalesced partitions",455,455,455,455,"sum",""
1,431,"Exchange",3670,"data size",76170216,165058755,165505224,68664486904,"size","29,49"
1,431,"Exchange",3671,"number of partitions",1000,1000,1000,1000,"sum","29,49"
1,431,"Exchange",3672,"remote blocks read",400,623,832,410663,"sum","29,49"
1,431,"Exchange",3673,"local blocks read",4,6,32,5337,"sum","29,49"
1,431,"Exchange",3674,"remote bytes read",29237823,56085938,64273397,30566913009,"size","29,49"
1,431,"Exchange",3676,"local bytes read",307833,1448903,2372865,397018059,"size","29,49"
1,431,"Exchange",3677,"fetch wait time",3489,8515,14270,4712072,"timing","29,49"
1,431,"Exchange",3678,"records read",967212,1834728,2084633,1000000000,"sum","29,49"
1,431,"Exchange",3687,"remote reqs duration",23230,53534,79351,29247722,"timing","29,49"
1,431,"Exchange",3689,"shuffle bytes written",34541770,74432424,74642549,30963931068,"size","29,49"
1,431,"Exchange",3690,"shuffle records written",1109300,2403813,2410100,1000000000,"sum","29,49"
1,431,"Exchange",3691,"shuffle write time",29084209,59483589,126757789,24745216296,"nsTiming","29,49"
1,432,"WholeStageCodegen (39)",3692,"duration",126,3001,56429,1299948,"timing","29"
1,434,"Filter",3693,"number of output rows",1109300,2403813,2410100,1000000000,"sum","29"
1,435,"ColumnarToRow",3694,"number of output rows",1109300,2403813,2410100,1000000000,"sum","29"
1,435,"ColumnarToRow",3695,"number of input batches",271,587,589,244388,"sum","29"
1,436,"Scan parquet spark_catalog.demo_pauldefusco.trs_v26",1738,"number of output rows",1109300,2403813,2410100,1000000000,"sum","29"
1,436,"Scan parquet spark_catalog.demo_pauldefusco.trs_v26",1739,"scan time",124,1919,51999,841558,"timing","29"
1,436,"Scan parquet spark_catalog.demo_pauldefusco.trs_v26",1740,"number of files read",2,2,2,2,"sum","29"
1,436,"Scan parquet spark_catalog.demo_pauldefusco.trs_v26",1741,"metadata time",0,0,0,0,"timing","29"
1,436,"Scan parquet spark_catalog.demo_pauldefusco.trs_v26",1742,"size of files read",55995127116,55995127116,55995127116,55995127116,"size","29"
1,437,"WholeStageCodegen (71)",12199,"duration",9655,20107,31473,11031332,"timing","49"
1,438,"Sort",12200,"sort time",0,0,0,0,"timing","49"
1,438,"Sort",12201,"peak memory",67174400,67237644,67371008,36644585472,"size","49"
1,438,"Sort",12202,"spill size",0,0,0,0,"size","49"
1,439,"AQEShuffleRead",12203,"number of partitions",545,545,545,545,"sum",""
1,439,"AQEShuffleRead",12204,"partition data size",30767,64585,67708,32443347,"size",""
1,439,"AQEShuffleRead",12205,"number of coalesced partitions",455,455,455,455,"sum",""
1,440,"Exchange",3699,"data size",3840000,3840000,3840000,96000000,"size","30,49"
1,440,"Exchange",3700,"number of partitions",1000,1000,1000,1000,"sum","30,49"
1,440,"Exchange",3701,"remote blocks read",23,23,50,24660,"sum","30,49"
1,440,"Exchange",3702,"local blocks read",1,1,6,340,"sum","30,49"
1,440,"Exchange",3703,"remote bytes read",28237,55851,64475,30515717,"size","30,49"
1,440,"Exchange",3705,"local bytes read",1073,3146,8079,419320,"size","30,49"
1,440,"Exchange",3706,"fetch wait time",0,0,115,228,"timing","30,49"
1,440,"Exchange",3707,"records read",1881,3528,4212,2000000,"sum","30,49"
1,440,"Exchange",3716,"remote reqs duration",1764,11595,21475,6393874,"timing","30,49"
1,440,"Exchange",3718,"shuffle bytes written",1232558,1237396,1241885,30935037,"size","30,49"
1,440,"Exchange",3719,"shuffle records written",80000,80000,80000,2000000,"sum","30,49"
1,440,"Exchange",3720,"shuffle write time",4868752,6421940,9536761,160548657,"nsTiming","30,49"
1,441,"WholeStageCodegen (40)",3721,"duration",6502,7029,7816,175851,"timing","30"
1,442,"Filter",3722,"number of output rows",80000,80000,80000,2000000,"sum","30"
1,443,"ColumnarToRow",3723,"number of output rows",80000,80000,80000,2000000,"sum","30"
1,443,"ColumnarToRow",3724,"number of input batches",32,32,32,800,"sum","30"
1,444,"Scan parquet spark_catalog.demo_pauldefusco.customers_skewed",1769,"number of output rows",80000,80000,80000,2000000,"sum","30"
1,444,"Scan parquet spark_catalog.demo_pauldefusco.customers_skewed",1770,"scan time",6447,6966,7653,174264,"timing","30"
1,444,"Scan parquet spark_catalog.demo_pauldefusco.customers_skewed",1771,"number of files read",800,800,800,800,"sum","30"
1,444,"Scan parquet spark_catalog.demo_pauldefusco.customers_skewed",1772,"metadata time",0,0,0,0,"timing","30"
1,444,"Scan parquet spark_catalog.demo_pauldefusco.customers_skewed",1773,"size of files read",42432151,42432151,42432151,42432151,"size","30"
1,446,"Sort",21095,"sort time",0,0,5,11,"timing","83"
1,446,"Sort",21096,"peak memory",67239936,67631918,67633152,22589079552,"size","83"
1,446,"Sort",21097,"spill size",0,0,0,0,"size","83"
1,447,"AQEShuffleRead",21098,"number of partitions",334,334,334,334,"sum",""
1,447,"AQEShuffleRead",21099,"partition data size",22539,67333,69146,22450883,"size",""
1,447,"AQEShuffleRead",21100,"number of coalesced partitions",333,333,333,333,"sum",""
1,448,"BroadcastExchange",3728,"data size",37554432,37554432,37554432,37554432,"size",""
1,448,"BroadcastExchange",3729,"number of output rows",500000,500000,500000,500000,"sum",""
1,448,"BroadcastExchange",3730,"time to collect",167283,167283,167283,167283,"timing",""
1,448,"BroadcastExchange",3731,"time to build",217,217,217,217,"timing",""
1,448,"BroadcastExchange",3732,"time to broadcast",45,45,45,45,"timing",""
1,449,"WholeStageCodegen (42)",3733,"duration",5372,5637,6192,141058,"timing","9"
1,450,"Filter",3734,"number of output rows",19983,19994,20012,500000,"sum","9"
1,451,"ColumnarToRow",3735,"number of output rows",19983,19994,20012,500000,"sum","9"
1,451,"ColumnarToRow",3736,"number of input batches",32,32,32,800,"sum","9"
1,452,"Scan parquet spark_catalog.demo_pauldefusco.merchants_skewed",1811,"number of output rows",19983,19994,20012,500000,"sum","9"
1,452,"Scan parquet spark_catalog.demo_pauldefusco.merchants_skewed",1812,"scan time",5350,5614,6169,140493,"timing","9"
1,452,"Scan parquet spark_catalog.demo_pauldefusco.merchants_skewed",1813,"number of files read",800,800,800,800,"sum","9"
1,452,"Scan parquet spark_catalog.demo_pauldefusco.merchants_skewed",1814,"metadata time",11,11,11,11,"timing","9"
1,452,"Scan parquet spark_catalog.demo_pauldefusco.merchants_skewed",1815,"size of files read",13590573,13590573,13590573,13590573,"size","9"
1,453,"BroadcastExchange",3737,"data size",1088576,1088576,1088576,1088576,"size",""
1,453,"BroadcastExchange",3738,"number of output rows",5000,5000,5000,5000,"sum",""
1,453,"BroadcastExchange",3739,"time to collect",178774,178774,178774,178774,"timing",""
1,453,"BroadcastExchange",3740,"time to build",2,2,2,2,"timing",""
1,453,"BroadcastExchange",3741,"time to broadcast",1,1,1,1,"timing",""
1,454,"WholeStageCodegen (43)",3742,"duration",9379,9404,9429,18808,"timing","18"
1,455,"Filter",3743,"number of output rows",2500,2500,2500,5000,"sum","18"
1,456,"ColumnarToRow",3744,"number of output rows",2500,2500,2500,5000,"sum","18"
1,456,"ColumnarToRow",3745,"number of input batches",25,25,25,50,"sum","18"
1,457,"Scan parquet spark_catalog.demo_pauldefusco.branches_skewed",1822,"number of output rows",2500,2500,2500,5000,"sum","18"
1,457,"Scan parquet spark_catalog.demo_pauldefusco.branches_skewed",1823,"scan time",9350,9376,9402,18752,"timing","18"
1,457,"Scan parquet spark_catalog.demo_pauldefusco.branches_skewed",1824,"number of files read",50,50,50,50,"sum","18"
1,457,"Scan parquet spark_catalog.demo_pauldefusco.branches_skewed",1825,"metadata time",10,10,10,10,"timing","18"
1,457,"Scan parquet spark_catalog.demo_pauldefusco.branches_skewed",1826,"size of files read",360683,360683,360683,360683,"size","18"
1,458,"WholeStageCodegen (122)",26363,"duration",17,39,504,122634,"timing","171"
1,459,"Sort",26364,"sort time",0,0,3,12,"timing","171"
1,459,"Sort",26365,"peak memory",67174400,67174400,67174400,67174400000,"size","171"
1,459,"Sort",26366,"spill size",0,0,0,0,"size","171"
1,460,"Exchange",25314,"data size",2312,3084,10400,1224440,"size","118,171"
1,460,"Exchange",25315,"number of partitions",1000,1000,1000,1000,"sum","118,171"
1,460,"Exchange",25316,"remote blocks read",1,1,16,7075,"sum","118,171"
1,460,"Exchange",25317,"local blocks read",1,1,2,28,"sum","118,171"
1,460,"Exchange",25318,"remote bytes read",212,1310,3602,1560102,"size","118,171"
1,460,"Exchange",25320,"local bytes read",205,231,460,6157,"size","118,171"
1,460,"Exchange",25321,"fetch wait time",0,0,100,1679,"timing","118,171"
1,460,"Exchange",25322,"records read",1,1,17,7197,"sum","118,171"
1,460,"Exchange",25331,"remote reqs duration",1,2,544,79390,"timing","118,171"
1,460,"Exchange",25333,"shuffle bytes written",2974,3962,13155,1566259,"size","118,171"
1,460,"Exchange",25334,"shuffle records written",14,14,60,7197,"sum","118,171"
1,460,"Exchange",25335,"shuffle write time",63979,129082,405393,49861574,"nsTiming","118,171"
1,461,"WholeStageCodegen (111)",25336,"duration",8,1323,11836,1526568,"timing","118"
1,462,"HashAggregate",25337,"number of output rows",14,14,60,7197,"sum","118"
1,462,"HashAggregate",25338,"peak memory",262144,26165995,67371008,26166165504,"size","118"
1,462,"HashAggregate",25340,"time in aggregation build",3,1306,11761,1467708,"timing","118"
1,462,"HashAggregate",25341,"avg hash probes per key",10,10,10,3860,"average","118"
1,463,"HashAggregate",25343,"number of output rows",14,14,60,7197,"sum","118"
1,463,"HashAggregate",25344,"peak memory",262144,262144,262144,262144000,"size","118"
1,463,"HashAggregate",25346,"time in aggregation build",0,1294,11748,1450062,"timing","118"
1,464,"Sort",25349,"sort time",0,21,2661,89942,"timing","118"
1,464,"Sort",25350,"peak memory",65536,101552191,1275068416,101552357376,"size","118"
1,464,"Sort",25351,"spill size",0,0,0,0,"size","118"
1,465,"Exchange",21801,"data size",69411216,206041322,216852880,68817829744,"size","87,118"
1,465,"Exchange",21802,"number of partitions",1000,1000,1000,1000,"sum","87,118"
1,465,"Exchange",21803,"remote blocks read",330,330,334,128383,"sum","87,118"
1,465,"Exchange",21804,"local blocks read",1,1,4,541,"sum","87,118"
1,465,"Exchange",21805,"remote bytes read",873810,55541753,346143001,21439153296,"size","87,118"
1,465,"Exchange",21807,"local bytes read",4817,525642,4272621,92521087,"size","87,118"
1,465,"Exchange",21808,"fetch wait time",0,1770,4818,721053,"timing","87,118"
1,465,"Exchange",21809,"records read",17399,1191645,6387296,460012429,"sum","87,118"
1,465,"Exchange",21818,"remote reqs duration",3350,15677,41235,6088948,"timing","87,118"
1,465,"Exchange",21820,"shuffle bytes written",21799664,64466008,67840929,21531674383,"size","87,118"
1,465,"Exchange",21821,"shuffle records written",463947,1377198,1449556,460012429,"sum","87,118"
1,465,"Exchange",21822,"shuffle write time",19644426,45905040,130075292,15332310626,"nsTiming","87,118"
1,466,"WholeStageCodegen (105)",21823,"duration",4127,7225,11689,2440194,"timing","87"
1,469,"BroadcastHashJoin",21824,"number of output rows",463947,1377198,1449556,460012429,"sum","87"
1,471,"BroadcastHashJoin",21825,"number of output rows",463947,1377198,1449556,460012429,"sum","87"
1,473,"BroadcastHashJoin",21826,"number of output rows",463947,1377198,1449556,460012429,"sum","87"
1,475,"SortMergeJoin",21827,"number of output rows",463947,1377198,1449556,460012429,"sum","87"
1,475,"SortMergeJoin",21828,"spill size",0,0,0,0,"size","87"
1,476,"WholeStageCodegen (103)",21830,"duration",4455,7337,11693,2478643,"timing","87"
1,477,"Sort",21831,"sort time",16,48,546,27195,"timing","87"
1,477,"Sort",21832,"peak memory",83886080,263060630,268435456,87862280192,"size","87"
1,477,"Sort",21833,"spill size",0,0,0,0,"size","87"
1,478,"AQEShuffleRead",21834,"number of partitions",334,334,334,334,"sum",""
1,478,"AQEShuffleRead",21835,"partition data size",17286812,51467021,53725825,17142788547,"size",""
1,478,"AQEShuffleRead",21836,"number of coalesced partitions",333,333,333,333,"sum",""
1,479,"Exchange",13313,"data size",35667744,45479876,80804352,44161193184,"size","52,87"
1,479,"Exchange",13314,"number of partitions",1000,1000,1000,1000,"sum","52,87"
1,479,"Exchange",13315,"remote blocks read",959,2847,2913,963632,"sum","52,87"
1,479,"Exchange",13316,"local blocks read",12,22,51,7368,"sum","52,87"
1,479,"Exchange",13317,"remote bytes read",16254279,48548097,50566159,16215091065,"size","52,87"
1,479,"Exchange",13319,"local bytes read",201614,644108,909887,124321555,"size","52,87"
1,479,"Exchange",13320,"fetch wait time",0,3132,6446,1073459,"timing","52,87"
1,479,"Exchange",13321,"records read",463947,1377198,1449556,460012429,"sum","52,87"
1,479,"Exchange",13330,"remote reqs duration",9049,30404,67312,10183986,"timing","52,87"
1,479,"Exchange",13332,"shuffle bytes written",13294211,16827162,29817975,16339412620,"size","52,87"
1,479,"Exchange",13333,"shuffle records written",371539,473513,841712,460012429,"sum","52,87"
1,479,"Exchange",13334,"shuffle write time",10578958,15687718,87827984,15233003149,"nsTiming","52,87"
1,480,"WholeStageCodegen (75)",13335,"duration",1162,5074,10254,5158152,"timing","52"
1,482,"SortMergeJoin",13336,"number of output rows",371539,473513,841712,460012429,"sum","52"
1,482,"SortMergeJoin",13337,"spill size",0,0,0,0,"size","52"
1,484,"Sort",13340,"sort time",27,27,110,41771,"timing","52"
1,484,"Sort",13341,"peak memory",100663296,149318705,201326592,144988700672,"size","52"
1,484,"Sort",13342,"spill size",0,0,0,0,"size","52"
1,485,"AQEShuffleRead",13343,"number of partitions",971,971,971,971,"sum",""
1,485,"AQEShuffleRead",13344,"partition data size",31861396,35037986,66996478,35143853052,"size",""
1,485,"AQEShuffleRead",13345,"number of coalesced partitions",29,29,29,29,"sum",""
1,486,"Exchange",3845,"data size",70995200,153846125,154246400,64000000000,"size","31,52"
1,486,"Exchange",3846,"number of partitions",1000,1000,1000,1000,"sum","31,52"
1,486,"Exchange",3847,"remote blocks read",402,402,832,410572,"sum","31,52"
1,486,"Exchange",3848,"local blocks read",4,4,24,5428,"sum","31,52"
1,486,"Exchange",3849,"remote bytes read",29658496,34027451,64133011,33040890101,"size","31,52"
1,486,"Exchange",3851,"local bytes read",303907,790417,1841383,436386167,"size","31,52"
1,486,"Exchange",3852,"fetch wait time",13,4237,9494,4340398,"timing","31,52"
1,486,"Exchange",3853,"records read",907091,1029618,1913368,1000000000,"sum","31,52"
1,486,"Exchange",3862,"remote reqs duration",3983,17771,34864,17492321,"timing","31,52"
1,486,"Exchange",3864,"shuffle bytes written",37334413,80474113,80692453,33477276268,"size","31,52"
1,486,"Exchange",3865,"shuffle records written",1109300,2403820,2410100,1000000000,"sum","31,52"
1,486,"Exchange",3866,"shuffle write time",21007029,59815334,119687872,24883222410,"nsTiming","31,52"
1,487,"WholeStageCodegen (45)",3867,"duration",166,2821,56293,1224655,"timing","31"
1,489,"Filter",3868,"number of output rows",1109300,2403820,2410100,1000000000,"sum","31"
1,490,"ColumnarToRow",3869,"number of output rows",1109300,2403820,2410100,1000000000,"sum","31"
1,490,"ColumnarToRow",3870,"number of input batches",271,587,589,244388,"sum","31"
1,491,"Scan parquet spark_catalog.demo_pauldefusco.trs_v26",1960,"number of output rows",1109300,2403820,2410100,1000000000,"sum","31"
1,491,"Scan parquet spark_catalog.demo_pauldefusco.trs_v26",1961,"scan time",163,1941,52493,853136,"timing","31"
1,491,"Scan parquet spark_catalog.demo_pauldefusco.trs_v26",1962,"number of files read",2,2,2,2,"sum","31"
1,491,"Scan parquet spark_catalog.demo_pauldefusco.trs_v26",1963,"metadata time",0,0,0,0,"timing","31"
1,491,"Scan parquet spark_catalog.demo_pauldefusco.trs_v26",1964,"size of files read",55995127116,55995127116,55995127116,55995127116,"size","31"
1,492,"WholeStageCodegen (74)",13346,"duration",2328,10394,20510,10323474,"timing","52"
1,493,"Sort",13347,"sort time",0,0,0,0,"timing","52"
1,493,"Sort",13348,"peak memory",67174400,67186026,67371008,65237876736,"size","52"
1,493,"Sort",13349,"spill size",0,0,0,0,"size","52"
1,494,"AQEShuffleRead",13350,"number of partitions",971,971,971,971,"sum",""
1,494,"AQEShuffleRead",13351,"partition data size",38948,41770,86631,41710623,"size",""
1,494,"AQEShuffleRead",13352,"number of coalesced partitions",29,29,29,29,"sum",""
1,495,"Exchange",3874,"data size",4480000,4480000,4480000,112000000,"size","32,52"
1,495,"Exchange",3875,"number of partitions",1000,1000,1000,1000,"sum","32,52"
1,495,"Exchange",3876,"remote blocks read",22,22,50,24659,"sum","32,52"
1,495,"Exchange",3877,"local blocks read",1,1,4,341,"sum","32,52"
1,495,"Exchange",3878,"remote bytes read",33245,40141,82241,39218913,"size","32,52"
1,495,"Exchange",3880,"local bytes read",1334,2362,6494,546583,"size","32,52"
1,495,"Exchange",3881,"fetch wait time",0,0,1809,3786,"timing","32,52"
1,495,"Exchange",3882,"records read",1854,1936,4133,2000000,"sum","32,52"
1,495,"Exchange",3891,"remote reqs duration",1471,6438,13200,6491720,"timing","32,52"
1,495,"Exchange",3893,"shuffle bytes written",1587846,1590614,1594050,39765496,"size","32,52"
1,495,"Exchange",3894,"shuffle records written",80000,80000,80000,2000000,"sum","32,52"
1,495,"Exchange",3895,"shuffle write time",4375096,5121876,7595733,128047081,"nsTiming","32,52"
1,496,"WholeStageCodegen (46)",3896,"duration",6280,7132,11818,178450,"timing","32"
1,497,"Filter",3897,"number of output rows",80000,80000,80000,2000000,"sum","32"
1,498,"ColumnarToRow",3898,"number of output rows",80000,80000,80000,2000000,"sum","32"
1,498,"ColumnarToRow",3899,"number of input batches",32,32,32,800,"sum","32"
1,499,"Scan parquet spark_catalog.demo_pauldefusco.customers_skewed",1991,"number of output rows",80000,80000,80000,2000000,"sum","32"
1,499,"Scan parquet spark_catalog.demo_pauldefusco.customers_skewed",1992,"scan time",6230,7069,11768,176857,"timing","32"
1,499,"Scan parquet spark_catalog.demo_pauldefusco.customers_skewed",1993,"number of files read",800,800,800,800,"sum","32"
1,499,"Scan parquet spark_catalog.demo_pauldefusco.customers_skewed",1994,"metadata time",0,0,0,0,"timing","32"
1,499,"Scan parquet spark_catalog.demo_pauldefusco.customers_skewed",1995,"size of files read",42432151,42432151,42432151,42432151,"size","32"
1,501,"Sort",21838,"sort time",0,0,36,49,"timing","87"
1,501,"Sort",21839,"peak memory",67239936,67631898,67633152,22589079552,"size","87"
1,501,"Sort",21840,"spill size",0,0,0,0,"size","87"
1,502,"AQEShuffleRead",21841,"number of partitions",334,334,334,334,"sum",""
1,502,"AQEShuffleRead",21842,"partition data size",60100,185873,190719,61994506,"size",""
1,502,"AQEShuffleRead",21843,"number of coalesced partitions",333,333,333,333,"sum",""
1,503,"BroadcastExchange",3903,"data size",1088576,1088576,1088576,1088576,"size",""
1,503,"BroadcastExchange",3904,"number of output rows",5000,5000,5000,5000,"sum",""
1,503,"BroadcastExchange",3905,"time to collect",178968,178968,178968,178968,"timing",""
1,503,"BroadcastExchange",3906,"time to build",3,3,3,3,"timing",""
1,503,"BroadcastExchange",3907,"time to broadcast",2,2,2,2,"timing",""
1,504,"WholeStageCodegen (49)",3908,"duration",4710,7249,9789,14499,"timing","16"
1,505,"Filter",3909,"number of output rows",2500,2500,2500,5000,"sum","16"
1,506,"ColumnarToRow",3910,"number of output rows",2500,2500,2500,5000,"sum","16"
1,506,"ColumnarToRow",3911,"number of input batches",25,25,25,50,"sum","16"
1,507,"Scan parquet spark_catalog.demo_pauldefusco.branches_skewed",2044,"number of output rows",2500,2500,2500,5000,"sum","16"
1,507,"Scan parquet spark_catalog.demo_pauldefusco.branches_skewed",2045,"scan time",4693,7226,9760,14453,"timing","16"
1,507,"Scan parquet spark_catalog.demo_pauldefusco.branches_skewed",2046,"number of files read",50,50,50,50,"sum","16"
1,507,"Scan parquet spark_catalog.demo_pauldefusco.branches_skewed",2047,"metadata time",10,10,10,10,"timing","16"
1,507,"Scan parquet spark_catalog.demo_pauldefusco.branches_skewed",2048,"size of files read",360683,360683,360683,360683,"size","16"
1,508,"WholeStageCodegen (125)",26617,"duration",519,22837,38951,17720894,"timing","185"
1,509,"Sort",26618,"sort time",0,0,0,0,"timing","185"
1,509,"Sort",26619,"peak memory",67174400,67174400,67174400,51657113600,"size","185"
1,509,"Sort",26620,"spill size",0,0,0,0,"size","185"
1,510,"HashAggregate",26621,"number of output rows",1,1,6,1440,"sum","185"
1,510,"HashAggregate",26622,"peak memory",67371008,67371008,67371008,51808305152,"size","185"
1,510,"HashAggregate",26624,"time in aggregation build",426,22614,38673,17545117,"timing","185"
1,510,"HashAggregate",26625,"avg hash probes per key",10,10,10,7690,"average","185"
1,511,"HashAggregate",26627,"number of output rows",1,1,6,1440,"sum","185"
1,511,"HashAggregate",26628,"peak memory",262144,262144,262144,201588736,"size","185"
1,511,"HashAggregate",26630,"time in aggregation build",420,22604,38667,17538624,"timing","185"
1,512,"Sort",26633,"sort time",0,0,82,6191,"timing","185"
1,512,"Sort",26634,"peak memory",67174400,67874643,75497472,52195753984,"size","185"
1,512,"Sort",26635,"spill size",0,0,0,0,"size","185"
1,513,"Exchange",15347,"data size",4768264,5055430,6780552,1683485464,"size","60,185"
1,513,"Exchange",15348,"number of partitions",1000,1000,1000,1000,"sum","60,185"
1,513,"Exchange",15349,"remote blocks read",194,294,333,254212,"sum","60,185"
1,513,"Exchange",15350,"local blocks read",1,1,138,1053,"sum","60,185"
1,513,"Exchange",15351,"remote bytes read",50874,733920,6449148,564536275,"size","60,185"
1,513,"Exchange",15353,"local bytes read",296,23991,2343155,4518749,"size","60,185"
1,513,"Exchange",15354,"fetch wait time",0,22504,38583,17465247,"timing","60,185"
1,513,"Exchange",15355,"records read",657,23109,208296,17914436,"sum","60,185"
1,513,"Exchange",15364,"remote reqs duration",1462,25114,41153,19459104,"timing","60,185"
1,513,"Exchange",15366,"shuffle bytes written",1618120,1708793,2252420,569055024,"size","60,185"
1,513,"Exchange",15367,"shuffle records written",50740,53708,72153,17914436,"sum","60,185"
1,513,"Exchange",15368,"shuffle write time",3510761,5476568,209856425,1823724690,"nsTiming","60,185"
1,514,"WholeStageCodegen (81)",15369,"duration",128,5325,21796,1800680,"timing","60"
1,517,"BroadcastHashJoin",15370,"number of output rows",50740,53708,72153,17914436,"sum","60"
1,519,"BroadcastHashJoin",15371,"number of output rows",50740,53708,72153,17914436,"sum","60"
1,521,"BroadcastHashJoin",15372,"number of output rows",50740,53708,72153,17914436,"sum","60"
1,523,"SortMergeJoin",15373,"number of output rows",50740,53708,72153,17914436,"sum","60"
1,523,"SortMergeJoin",15374,"spill size",0,0,0,0,"size","60"
1,524,"WholeStageCodegen (79)",15376,"duration",131,5340,21851,1808425,"timing","60"
1,525,"Sort",15377,"sort time",1,1,32,441,"timing","60"
1,525,"Sort",15378,"peak memory",69206016,69212251,71303168,23047700480,"size","60"
1,525,"Sort",15379,"spill size",0,0,0,0,"size","60"
1,526,"AQEShuffleRead",15380,"number of partitions",333,333,333,333,"sum",""
1,526,"AQEShuffleRead",15381,"partition data size",2346205,2465709,3309749,821388149,"size",""
1,526,"AQEShuffleRead",15382,"number of coalesced partitions",333,333,333,333,"sum",""
1,527,"Exchange",8914,"data size",1600312,3525106,3574760,1466486928,"size","40,60"
1,527,"Exchange",8915,"number of partitions",1000,1000,1000,1000,"sum","40,60"
1,527,"Exchange",8916,"remote blocks read",1191,1209,1632,411294,"sum","40,60"
1,527,"Exchange",8917,"local blocks read",9,9,57,4706,"sum","40,60"
1,527,"Exchange",8918,"remote bytes read",2175986,2324806,3090124,774186799,"size","40,60"
1,527,"Exchange",8920,"local bytes read",16695,33679,108087,8874335,"size","40,60"
1,527,"Exchange",8921,"fetch wait time",0,2386,17773,820565,"timing","40,60"
1,527,"Exchange",8922,"records read",50740,53708,72153,17914436,"sum","40,60"
1,527,"Exchange",8931,"remote reqs duration",263,6617,50157,2231861,"timing","40,60"
1,527,"Exchange",8933,"shuffle bytes written",938007,1882257,1905612,783061134,"size","40,60"
1,527,"Exchange",8934,"shuffle records written",19548,42956,43679,17914436,"sum","40,60"
1,527,"Exchange",8935,"shuffle write time",4487039,8616388,113111087,3584459592,"nsTiming","40,60"
1,528,"WholeStageCodegen (63)",8936,"duration",139,1644,4988,728660,"timing","40"
1,530,"BroadcastHashJoin",8937,"number of output rows",19548,42956,43679,17914436,"sum","40"
1,532,"Filter",8938,"number of output rows",19548,42956,43679,17914436,"sum","40"
1,533,"ColumnarToRow",8939,"number of output rows",1109300,2403806,2410100,1000000000,"sum","40"
1,533,"ColumnarToRow",8940,"number of input batches",271,587,589,244388,"sum","40"
1,534,"Scan parquet spark_catalog.demo_pauldefusco.trs_v26",8941,"number of output rows",1109300,2403806,2410100,1000000000,"sum","40"
1,534,"Scan parquet spark_catalog.demo_pauldefusco.trs_v26",8942,"scan time",137,1383,4751,622279,"timing","40"
1,534,"Scan parquet spark_catalog.demo_pauldefusco.trs_v26",8943,"number of files read",2,2,2,2,"sum","40"
1,534,"Scan parquet spark_catalog.demo_pauldefusco.trs_v26",8944,"metadata time",0,0,0,0,"timing","40"
1,534,"Scan parquet spark_catalog.demo_pauldefusco.trs_v26",8945,"size of files read",55995127116,55995127116,55995127116,55995127116,"size","40"
1,536,"Sort",15384,"sort time",0,0,0,0,"timing","60"
1,536,"Sort",15385,"peak memory",67633152,67633152,67633152,22521839616,"size","60"
1,536,"Sort",15386,"spill size",0,0,0,0,"size","60"
1,537,"AQEShuffleRead",15387,"number of partitions",333,333,333,333,"sum",""
1,537,"AQEShuffleRead",15388,"partition data size",180852,185874,245919,61994506,"size",""
1,537,"AQEShuffleRead",15389,"number of coalesced partitions",333,333,333,333,"sum",""
1,538,"BroadcastExchange",3987,"data size",37554432,37554432,37554432,37554432,"size",""
1,538,"BroadcastExchange",3988,"number of output rows",500000,500000,500000,500000,"sum",""
1,538,"BroadcastExchange",3989,"time to collect",180093,180093,180093,180093,"timing",""
1,538,"BroadcastExchange",3990,"time to build",274,274,274,274,"timing",""
1,538,"BroadcastExchange",3991,"time to broadcast",70,70,70,70,"timing",""
1,539,"WholeStageCodegen (53)",3992,"duration",5521,9014,11453,225521,"timing","12"
1,540,"Filter",3993,"number of output rows",19983,19994,20012,500000,"sum","12"
1,541,"ColumnarToRow",3994,"number of output rows",19983,19994,20012,500000,"sum","12"
1,541,"ColumnarToRow",3995,"number of input batches",32,32,32,800,"sum","12"
1,542,"Scan parquet spark_catalog.demo_pauldefusco.merchants_skewed",2186,"number of output rows",19983,19994,20012,500000,"sum","12"
1,542,"Scan parquet spark_catalog.demo_pauldefusco.merchants_skewed",2187,"scan time",5497,8975,11403,224507,"timing","12"
1,542,"Scan parquet spark_catalog.demo_pauldefusco.merchants_skewed",2188,"number of files read",800,800,800,800,"sum","12"
1,542,"Scan parquet spark_catalog.demo_pauldefusco.merchants_skewed",2189,"metadata time",11,11,11,11,"timing","12"
1,542,"Scan parquet spark_catalog.demo_pauldefusco.merchants_skewed",2190,"size of files read",13590573,13590573,13590573,13590573,"size","12"
