SQL ID,Exec Name,Expression Name,Exec Duration,SQL Node Id,Exec Is Supported,Exec Stages,Exec Children,Exec Children Node Ids,Exec Should Remove,Exec Should Ignore,Action
0,"Execute CreateDataSourceTableAsSelectCommand","",0,0,false,"","","",false,true,"IgnorePerf"
1,"AdaptiveSparkPlan","",0,0,false,"819","","",true,false,"IgnoreNoPerf"
1,"Execute InsertIntoHadoopFsRelationCommand parquet","Format: parquet",0,1,true,"819","","",false,false,"NONE"
1,"WriteFiles","",0,2,true,"819","","",false,false,"NONE"
1,"WholeStageCodegen","WholeStageCodegen (383)",81504,3,true,"819","Sort","4",false,false,"NONE"
1,"Sort","",0,4,true,"819","","",false,false,"NONE"
1,"AQEShuffleRead","",0,5,true,"819","","",false,false,"NONE"
1,"Exchange","",279,6,true,"726","","",false,false,"NONE"
1,"WholeStageCodegen","WholeStageCodegen (382)",66719,7,true,"726:634","Project:SortMergeJoin","8:9",false,false,"NONE"
1,"Project","",0,8,true,"726:634","","",false,false,"NONE"
1,"SortMergeJoin","",0,9,true,"726:634","","",false,false,"NONE"
1,"WholeStageCodegen","WholeStageCodegen (380)",80722,10,true,"726:634","Sort","11",false,false,"NONE"
1,"Sort","",0,11,true,"726:634","","",false,false,"NONE"
1,"AQEShuffleRead","",0,12,true,"726:634","","",false,false,"NONE"
1,"Exchange","",653,13,true,"542","","",false,false,"NONE"
1,"WholeStageCodegen","WholeStageCodegen (379)",300524,14,true,"542","HashAggregate","15",false,false,"NONE"
1,"HashAggregate","",264453,15,true,"542","","",false,false,"NONE"
1,"Exchange","",7753,16,true,"475","","",false,false,"NONE"
1,"WholeStageCodegen","WholeStageCodegen (378)",2068408,17,true,"475","HashAggregate:Project:SortMergeJoin","18:19:20",false,false,"NONE"
1,"HashAggregate","",1825202,18,true,"475","","",false,false,"NONE"
1,"Project","",0,19,true,"475","","",false,false,"NONE"
1,"SortMergeJoin","",0,20,true,"475","","",false,false,"NONE"
1,"WholeStageCodegen","WholeStageCodegen (376)",2138427,21,true,"475","Sort","22",false,false,"NONE"
1,"Sort","",0,22,true,"475","","",false,false,"NONE"
1,"Exchange","",84638,23,true,"409","","",false,false,"NONE"
1,"WholeStageCodegen","WholeStageCodegen (375)",1737702,24,true,"409","Project:SortMergeJoin","25:26",false,false,"NONE"
1,"Project","",0,25,true,"409","","",false,false,"NONE"
1,"SortMergeJoin","",0,26,true,"409","","",false,false,"NONE"
1,"WholeStageCodegen","WholeStageCodegen (373)",1838205,27,true,"409","Sort","28",false,false,"NONE"
1,"Sort","",0,28,true,"409","","",false,false,"NONE"
1,"Exchange","",436949,29,true,"335","","",false,false,"NONE"
1,"WholeStageCodegen","WholeStageCodegen (366)",548023,30,true,"335","Project:SortMergeJoin","31:32",false,false,"NONE"
1,"Project","",0,31,true,"335","","",false,false,"NONE"
1,"SortMergeJoin","",0,32,true,"335","","",false,false,"NONE"
1,"WholeStageCodegen","WholeStageCodegen (364)",564423,33,true,"335","Sort","34",false,false,"NONE"
1,"Sort","",0,34,true,"335","","",false,false,"NONE"
1,"AQEShuffleRead","",0,35,true,"335","","",false,false,"NONE"
1,"Exchange","",101738,36,true,"289","","",false,false,"NONE"
1,"WholeStageCodegen","WholeStageCodegen (357)",428484,37,true,"289","Project:SortMergeJoin","38:39",false,false,"NONE"
1,"Project","",0,38,true,"289","","",false,false,"NONE"
1,"SortMergeJoin","",0,39,true,"289","","",false,false,"NONE"
1,"WholeStageCodegen","WholeStageCodegen (355)",442038,40,true,"289","Sort","41",false,false,"NONE"
1,"Sort","",0,41,true,"289","","",false,false,"NONE"
1,"AQEShuffleRead","",0,42,true,"289","","",false,false,"NONE"
1,"Exchange","",19977,43,true,"262","","",false,false,"NONE"
1,"WholeStageCodegen","WholeStageCodegen (351)",1642112,44,true,"262","Project:SortMergeJoin","45:46",false,false,"NONE"
1,"Project","",0,45,true,"262","","",false,false,"NONE"
1,"SortMergeJoin","",0,46,true,"262","","",false,false,"NONE"
1,"WholeStageCodegen","WholeStageCodegen (349)",1803287,47,true,"262","Sort","48",false,false,"NONE"
1,"Sort","",0,48,true,"262","","",false,false,"NONE"
1,"Exchange","",34511,49,true,"241","","",false,false,"NONE"
1,"WholeStageCodegen","WholeStageCodegen (345)",1625971,50,true,"241","Project:SortMergeJoin","51:52",false,false,"NONE"
1,"Project","",0,51,true,"241","","",false,false,"NONE"
1,"SortMergeJoin","",0,52,true,"241","","",false,false,"NONE"
1,"WholeStageCodegen","WholeStageCodegen (343)",1781684,53,true,"241","Sort","54",false,false,"NONE"
1,"Sort","",0,54,true,"241","","",false,false,"NONE"
1,"Exchange","",36465,55,true,"221","","",false,false,"NONE"
1,"WholeStageCodegen","WholeStageCodegen (339)",1478088,56,true,"221","Project:SortMergeJoin","57:58",false,false,"NONE"
1,"Project","",0,57,true,"221","","",false,false,"NONE"
1,"SortMergeJoin","",0,58,true,"221","","",false,false,"NONE"
1,"WholeStageCodegen","WholeStageCodegen (337)",1547859,59,true,"221","Sort","60",false,false,"NONE"
1,"Sort","",0,60,true,"221","","",false,false,"NONE"
1,"Exchange","",22466,61,true,"174","","",false,false,"NONE"
1,"WholeStageCodegen","WholeStageCodegen (306)",738883,62,true,"174","Project:SortMergeJoin","63:64",false,false,"NONE"
1,"Project","",0,63,true,"174","","",false,false,"NONE"
1,"SortMergeJoin","",0,64,true,"174","","",false,false,"NONE"
1,"WholeStageCodegen","WholeStageCodegen (304)",817694,65,true,"174","Sort","66",false,false,"NONE"
1,"Sort","",0,66,true,"174","","",false,false,"NONE"
1,"AQEShuffleRead","",0,67,true,"174","","",false,false,"NONE"
1,"Exchange","",75266,68,true,"114","","",false,false,"NONE"
1,"WholeStageCodegen","WholeStageCodegen (252)",1076938,69,true,"114","Project:SortMergeJoin","70:71",false,false,"NONE"
1,"Project","",0,70,true,"114","","",false,false,"NONE"
1,"SortMergeJoin","",0,71,true,"114","","",false,false,"NONE"
1,"WholeStageCodegen","WholeStageCodegen (250)",1085892,72,true,"114","Sort","73",false,false,"NONE"
1,"Sort","",0,73,true,"114","","",false,false,"NONE"
1,"AQEShuffleRead","",0,74,true,"114","","",false,false,"NONE"
1,"Exchange","",688916,75,true,"67","","",false,false,"NONE"
1,"WholeStageCodegen","WholeStageCodegen (195)",344413,76,true,"67","Project:SortMergeJoin","77:78",false,false,"NONE"
1,"Project","",0,77,true,"67","","",false,false,"NONE"
1,"SortMergeJoin","",0,78,true,"67","","",false,false,"NONE"
1,"WholeStageCodegen","WholeStageCodegen (193)",349708,79,true,"67","Sort","80",false,false,"NONE"
1,"Sort","",0,80,true,"67","","",false,false,"NONE"
1,"AQEShuffleRead","",0,81,true,"67","","",false,false,"NONE"
1,"Exchange","",9290,82,true,"41","","",false,false,"NONE"
1,"WholeStageCodegen","WholeStageCodegen (147)",887294,83,true,"41","Project:SortMergeJoin","84:85",false,false,"NONE"
1,"Project","",0,84,true,"41","","",false,false,"NONE"
1,"SortMergeJoin","",0,85,true,"41","","",false,false,"NONE"
1,"WholeStageCodegen","WholeStageCodegen (145)",894983,86,true,"41","Sort","87",false,false,"NONE"
1,"Sort","",0,87,true,"41","","",false,false,"NONE"
1,"Exchange","",30125,88,true,"22","","",false,false,"NONE"
1,"WholeStageCodegen","WholeStageCodegen (99)",14537264,89,true,"22:39","Project:SortMergeJoin","90:91",false,false,"NONE"
1,"Project","",0,90,true,"22:39","","",false,false,"NONE"
1,"SortMergeJoin","",0,91,true,"22:39","","",false,false,"NONE"
1,"WholeStageCodegen","WholeStageCodegen (97)",0,92,true,"22:39","Sort","93",false,false,"NONE"
1,"Sort","",0,93,true,"22:39","","",false,false,"NONE"
1,"Exchange","",128494975,94,true,"0","","",false,false,"NONE"
1,"WholeStageCodegen","WholeStageCodegen (1)",4337077,95,true,"21:0","Filter:ColumnarToRow","96:97",false,false,"NONE"
1,"Filter","",0,96,true,"21:0","","",false,false,"NONE"
1,"ColumnarToRow","",0,97,false,"21:0","","",true,false,"IgnoreNoPerf"
1,"Scan parquet","Format: parquet",3539555,98,true,"21:0","","",false,false,"NONE"
1,"WholeStageCodegen","WholeStageCodegen (98)",29105596,99,true,"22:39","Sort","100",false,false,"NONE"
1,"Sort","",0,100,true,"22:39","","",false,false,"NONE"
1,"Exchange","",13933,101,true,"1","","",false,false,"NONE"
1,"WholeStageCodegen","WholeStageCodegen (2)",163684,102,true,"38:1","Filter:ColumnarToRow","103:104",false,false,"NONE"
1,"Filter","",0,103,true,"38:1","","",false,false,"NONE"
1,"ColumnarToRow","",0,104,false,"38:1","","",true,false,"IgnoreNoPerf"
1,"Scan parquet","Format: parquet",162267,105,true,"38:1","","",false,false,"NONE"
1,"WholeStageCodegen","WholeStageCodegen (146)",0,106,true,"41","Sort","107",false,false,"NONE"
1,"Sort","",0,107,true,"41","","",false,false,"NONE"
1,"Exchange","",135,108,true,"2","","",false,false,"NONE"
1,"WholeStageCodegen","WholeStageCodegen (3)",161086,109,true,"2:40","Filter:ColumnarToRow","110:111",false,false,"NONE"
1,"Filter","",0,110,true,"2:40","","",false,false,"NONE"
1,"ColumnarToRow","",0,111,false,"2:40","","",true,false,"IgnoreNoPerf"
1,"Scan parquet","Format: parquet",159695,112,true,"2:40","","",false,false,"NONE"
1,"WholeStageCodegen","WholeStageCodegen (194)",345945,113,true,"67","Sort","114",false,false,"NONE"
1,"Sort","",0,114,true,"67","","",false,false,"NONE"
1,"AQEShuffleRead","",0,115,true,"67","","",false,false,"NONE"
1,"Exchange","",90241,116,true,"3","","",false,false,"NONE"
1,"WholeStageCodegen","WholeStageCodegen (4)",191517,117,true,"65:3","Filter:ColumnarToRow","118:119",false,false,"NONE"
1,"Filter","",0,118,true,"65:3","","",false,false,"NONE"
1,"ColumnarToRow","",0,119,false,"65:3","","",true,false,"IgnoreNoPerf"
1,"Scan parquet","Format: parquet",190754,120,true,"65:3","","",false,false,"NONE"
1,"WholeStageCodegen","WholeStageCodegen (251)",1074867,121,true,"114","Sort","122",false,false,"NONE"
1,"Sort","",0,122,true,"114","","",false,false,"NONE"
1,"AQEShuffleRead","",0,123,true,"114","","",false,false,"NONE"
1,"Exchange","",6,124,true,"4","","",false,false,"NONE"
1,"WholeStageCodegen","WholeStageCodegen (5)",10406,125,true,"4","Filter:ColumnarToRow","126:127",false,false,"NONE"
1,"Filter","",0,126,true,"4","","",false,false,"NONE"
1,"ColumnarToRow","",0,127,false,"4","","",true,false,"IgnoreNoPerf"
1,"Scan parquet","Format: parquet",10364,128,true,"4","","",false,false,"NONE"
1,"WholeStageCodegen","WholeStageCodegen (305)",523835,129,true,"174","Sort","130",false,false,"NONE"
1,"Sort","",0,130,true,"174","","",false,false,"NONE"
1,"AQEShuffleRead","",0,131,true,"174","","",false,false,"NONE"
1,"Exchange","",18749,132,true,"5","","",false,false,"NONE"
1,"WholeStageCodegen","WholeStageCodegen (6)",267,133,true,"5","Filter:ColumnarToRow","134:135",false,false,"NONE"
1,"Filter","",0,134,true,"5","","",false,false,"NONE"
1,"ColumnarToRow","",0,135,false,"5","","",true,false,"IgnoreNoPerf"
1,"Scan parquet","Format: parquet",243,136,false,"5","","",false,false,"Triage"
1,"WholeStageCodegen","WholeStageCodegen (338)",1505384,137,true,"221","Sort:HashAggregate","138:139",false,false,"NONE"
1,"Sort","",0,138,true,"221","","",false,false,"NONE"
1,"HashAggregate","",116724,139,true,"221","","",false,false,"NONE"
1,"Exchange","",5486,140,true,"152","","",false,false,"NONE"
1,"WholeStageCodegen","WholeStageCodegen (291)",618993,141,true,"152","HashAggregate:Project:SortMergeJoin","142:143:144",false,false,"NONE"
1,"HashAggregate","",513920,142,true,"152","","",false,false,"NONE"
1,"Project","",0,143,true,"152","","",false,false,"NONE"
1,"SortMergeJoin","",0,144,true,"152","","",false,false,"NONE"
1,"WholeStageCodegen","WholeStageCodegen (289)",614237,145,true,"152","Sort","146",false,false,"NONE"
1,"Sort","",0,146,true,"152","","",false,false,"NONE"
1,"AQEShuffleRead","",0,147,true,"152","","",false,false,"NONE"
1,"Exchange","",4998,148,true,"108","","",false,false,"NONE"
1,"WholeStageCodegen","WholeStageCodegen (246)",977117,149,true,"108","Project:SortMergeJoin","150:151",false,false,"NONE"
1,"Project","",0,150,true,"108","","",false,false,"NONE"
1,"SortMergeJoin","",0,151,true,"108","","",false,false,"NONE"
1,"WholeStageCodegen","WholeStageCodegen (244)",986226,152,true,"108","Sort","153",false,false,"NONE"
1,"Sort","",0,153,true,"108","","",false,false,"NONE"
1,"AQEShuffleRead","",0,154,true,"108","","",false,false,"NONE"
1,"Exchange","",661023,155,true,"77","","",false,false,"NONE"
1,"WholeStageCodegen","WholeStageCodegen (204)",301520,156,true,"77","Project:SortMergeJoin","157:158",false,false,"NONE"
1,"Project","",0,157,true,"77","","",false,false,"NONE"
1,"SortMergeJoin","",0,158,true,"77","","",false,false,"NONE"
1,"WholeStageCodegen","WholeStageCodegen (202)",305694,159,true,"77","Sort","160",false,false,"NONE"
1,"Sort","",0,160,true,"77","","",false,false,"NONE"
1,"AQEShuffleRead","",0,161,true,"77","","",false,false,"NONE"
1,"Exchange","",8558,162,true,"48","","",false,false,"NONE"
1,"WholeStageCodegen","WholeStageCodegen (156)",870653,163,true,"48","Project:SortMergeJoin","164:165",false,false,"NONE"
1,"Project","",0,164,true,"48","","",false,false,"NONE"
1,"SortMergeJoin","",0,165,true,"48","","",false,false,"NONE"
1,"WholeStageCodegen","WholeStageCodegen (154)",876145,166,true,"48","Sort","167",false,false,"NONE"
1,"Sort","",0,167,true,"48","","",false,false,"NONE"
1,"Exchange","",30045,168,true,"28","","",false,false,"NONE"
1,"WholeStageCodegen","WholeStageCodegen (108)",12418304,169,true,"47:28","Project:SortMergeJoin","170:171",false,false,"NONE"
1,"Project","",0,170,true,"47:28","","",false,false,"NONE"
1,"SortMergeJoin","",0,171,true,"47:28","","",false,false,"NONE"
1,"WholeStageCodegen","WholeStageCodegen (106)",0,172,true,"47:28","Sort","173",false,false,"NONE"
1,"Sort","",0,173,true,"47:28","","",false,false,"NONE"
1,"Exchange","",26515298,174,true,"6","","",false,false,"NONE"
1,"WholeStageCodegen","WholeStageCodegen (7)",2582012,175,true,"27:6","Filter:ColumnarToRow","176:177",false,false,"NONE"
1,"Filter","",0,176,true,"27:6","","",false,false,"NONE"
1,"ColumnarToRow","",0,177,false,"27:6","","",true,false,"IgnoreNoPerf"
1,"Scan parquet","Format: parquet",1862643,178,true,"27:6","","",false,false,"NONE"
1,"WholeStageCodegen","WholeStageCodegen (107)",24845192,179,true,"47:28","Sort","180",false,false,"NONE"
1,"Sort","",0,180,true,"47:28","","",false,false,"NONE"
1,"Exchange","",9082,181,true,"7","","",false,false,"NONE"
1,"WholeStageCodegen","WholeStageCodegen (8)",163052,182,true,"23:7","Filter:ColumnarToRow","183:184",false,false,"NONE"
1,"Filter","",0,183,true,"23:7","","",false,false,"NONE"
1,"ColumnarToRow","",0,184,false,"23:7","","",true,false,"IgnoreNoPerf"
1,"Scan parquet","Format: parquet",161772,185,true,"23:7","","",false,false,"NONE"
1,"WholeStageCodegen","WholeStageCodegen (155)",0,186,true,"48","Sort","187",false,false,"NONE"
1,"Sort","",0,187,true,"48","","",false,false,"NONE"
1,"Exchange","",2526,188,true,"8","","",false,false,"NONE"
1,"WholeStageCodegen","WholeStageCodegen (9)",149671,189,true,"8:45","Filter:ColumnarToRow","190:191",false,false,"NONE"
1,"Filter","",0,190,true,"8:45","","",false,false,"NONE"
1,"ColumnarToRow","",0,191,false,"8:45","","",true,false,"IgnoreNoPerf"
1,"Scan parquet","Format: parquet",148581,192,true,"8:45","","",false,false,"NONE"
1,"WholeStageCodegen","WholeStageCodegen (203)",303080,193,true,"77","Sort","194",false,false,"NONE"
1,"Sort","",0,194,true,"77","","",false,false,"NONE"
1,"AQEShuffleRead","",0,195,true,"77","","",false,false,"NONE"
1,"Exchange","",132,196,true,"9","","",false,false,"NONE"
1,"WholeStageCodegen","WholeStageCodegen (10)",147390,197,true,"9","Filter:ColumnarToRow","198:199",false,false,"NONE"
1,"Filter","",0,198,true,"9","","",false,false,"NONE"
1,"ColumnarToRow","",0,199,false,"9","","",true,false,"IgnoreNoPerf"
1,"Scan parquet","Format: parquet",146816,200,true,"9","","",false,false,"NONE"
1,"WholeStageCodegen","WholeStageCodegen (245)",976494,201,true,"108","Sort","202",false,false,"NONE"
1,"Sort","",0,202,true,"108","","",false,false,"NONE"
1,"AQEShuffleRead","",0,203,true,"108","","",false,false,"NONE"
1,"Exchange","",6,204,true,"10","","",false,false,"NONE"
1,"WholeStageCodegen","WholeStageCodegen (11)",9447,205,true,"10","Filter:ColumnarToRow","206:207",false,false,"NONE"
1,"Filter","",0,206,true,"10","","",false,false,"NONE"
1,"ColumnarToRow","",0,207,false,"10","","",true,false,"IgnoreNoPerf"
1,"Scan parquet","Format: parquet",9415,208,true,"10","","",false,false,"NONE"
1,"WholeStageCodegen","WholeStageCodegen (290)",370028,209,true,"152","Sort","210",false,false,"NONE"
1,"Sort","",0,210,true,"152","","",false,false,"NONE"
1,"AQEShuffleRead","",0,211,true,"152","","",false,false,"NONE"
1,"Exchange","",155,212,true,"11","","",false,false,"NONE"
1,"WholeStageCodegen","WholeStageCodegen (12)",240,213,true,"11","Filter:ColumnarToRow","214:215",false,false,"NONE"
1,"Filter","",0,214,true,"11","","",false,false,"NONE"
1,"ColumnarToRow","",0,215,false,"11","","",true,false,"IgnoreNoPerf"
1,"Scan parquet","Format: parquet",213,216,false,"11","","",false,false,"Triage"
1,"WholeStageCodegen","WholeStageCodegen (344)",1669839,217,true,"241","Sort:HashAggregate","218:219",false,false,"NONE"
1,"Sort","",0,218,true,"241","","",false,false,"NONE"
1,"HashAggregate","",116920,219,true,"241","","",false,false,"NONE"
1,"Exchange","",6267,220,true,"185","","",false,false,"NONE"
1,"WholeStageCodegen","WholeStageCodegen (315)",586000,221,true,"185","HashAggregate:Project:SortMergeJoin","222:223:224",false,false,"NONE"
1,"HashAggregate","",516190,222,true,"185","","",false,false,"NONE"
1,"Project","",0,223,true,"185","","",false,false,"NONE"
1,"SortMergeJoin","",0,224,true,"185","","",false,false,"NONE"
1,"WholeStageCodegen","WholeStageCodegen (313)",551978,225,true,"185","Sort","226",false,false,"NONE"
1,"Sort","",0,226,true,"185","","",false,false,"NONE"
1,"AQEShuffleRead","",0,227,true,"185","","",false,false,"NONE"
1,"Exchange","",9757,228,true,"121","","",false,false,"NONE"
1,"WholeStageCodegen","WholeStageCodegen (258)",507847,229,true,"121","Project:SortMergeJoin","230:231",false,false,"NONE"
1,"Project","",0,230,true,"121","","",false,false,"NONE"
1,"SortMergeJoin","",0,231,true,"121","","",false,false,"NONE"
1,"WholeStageCodegen","WholeStageCodegen (256)",520066,232,true,"121","Sort","233",false,false,"NONE"
1,"Sort","",0,233,true,"121","","",false,false,"NONE"
1,"AQEShuffleRead","",0,234,true,"121","","",false,false,"NONE"
1,"Exchange","",146726,235,true,"79","","",false,false,"NONE"
1,"WholeStageCodegen","WholeStageCodegen (210)",753483,236,true,"79","Project:SortMergeJoin","237:238",false,false,"NONE"
1,"Project","",0,237,true,"79","","",false,false,"NONE"
1,"SortMergeJoin","",0,238,true,"79","","",false,false,"NONE"
1,"WholeStageCodegen","WholeStageCodegen (208)",797941,239,true,"79","Sort","240",false,false,"NONE"
1,"Sort","",0,240,true,"79","","",false,false,"NONE"
1,"AQEShuffleRead","",0,241,true,"79","","",false,false,"NONE"
1,"Exchange","",250308,242,true,"50","","",false,false,"NONE"
1,"WholeStageCodegen","WholeStageCodegen (162)",971078,243,true,"50","Project:SortMergeJoin","244:245",false,false,"NONE"
1,"Project","",0,244,true,"50","","",false,false,"NONE"
1,"SortMergeJoin","",0,245,true,"50","","",false,false,"NONE"
1,"WholeStageCodegen","WholeStageCodegen (160)",979337,246,true,"50","Sort","247",false,false,"NONE"
1,"Sort","",0,247,true,"50","","",false,false,"NONE"
1,"Exchange","",225465,248,true,"29","","",false,false,"NONE"
1,"WholeStageCodegen","WholeStageCodegen (111)",9931346,249,true,"29:49","Project:SortMergeJoin","250:251",false,false,"NONE"
1,"Project","",0,250,true,"29:49","","",false,false,"NONE"
1,"SortMergeJoin","",0,251,true,"29:49","","",false,false,"NONE"
1,"WholeStageCodegen","WholeStageCodegen (109)",0,252,true,"29:49","Sort","253",false,false,"NONE"
1,"Sort","",0,253,true,"29:49","","",false,false,"NONE"
1,"WholeStageCodegen","WholeStageCodegen (110)",19890417,254,true,"29:49","Sort","255",false,false,"NONE"
1,"Sort","",0,255,true,"29:49","","",false,false,"NONE"
1,"Exchange","",36616,256,true,"12","","",false,false,"NONE"
1,"WholeStageCodegen","WholeStageCodegen (14)",167133,257,true,"25:12","Filter:ColumnarToRow","258:259",false,false,"NONE"
1,"Filter","",0,258,true,"25:12","","",false,false,"NONE"
1,"ColumnarToRow","",0,259,false,"25:12","","",true,false,"IgnoreNoPerf"
1,"Scan parquet","Format: parquet",166089,260,true,"25:12","","",false,false,"NONE"
1,"WholeStageCodegen","WholeStageCodegen (161)",0,261,true,"50","Sort","262",false,false,"NONE"
1,"Sort","",0,262,true,"50","","",false,false,"NONE"
1,"WholeStageCodegen","WholeStageCodegen (209)",766353,263,true,"79","Sort","264",false,false,"NONE"
1,"Sort","",0,264,true,"79","","",false,false,"NONE"
1,"AQEShuffleRead","",0,265,true,"79","","",false,false,"NONE"
1,"WholeStageCodegen","WholeStageCodegen (257)",506996,266,true,"121","Sort","267",false,false,"NONE"
1,"Sort","",0,267,true,"121","","",false,false,"NONE"
1,"AQEShuffleRead","",0,268,true,"121","","",false,false,"NONE"
1,"WholeStageCodegen","WholeStageCodegen (314)",332019,269,true,"185","Sort","270",false,false,"NONE"
1,"Sort","",0,270,true,"185","","",false,false,"NONE"
1,"AQEShuffleRead","",0,271,true,"185","","",false,false,"NONE"
1,"WholeStageCodegen","WholeStageCodegen (350)",1687719,272,true,"262","Sort:HashAggregate","273:274",false,false,"NONE"
1,"Sort","",0,273,true,"262","","",false,false,"NONE"
1,"HashAggregate","",121622,274,true,"262","","",false,false,"NONE"
1,"Exchange","",5782,275,true,"180","","",false,false,"NONE"
1,"WholeStageCodegen","WholeStageCodegen (309)",675616,276,true,"180","HashAggregate:Project:SortMergeJoin","277:278:279",false,false,"NONE"
1,"HashAggregate","",578052,277,true,"180","","",false,false,"NONE"
1,"Project","",0,278,true,"180","","",false,false,"NONE"
1,"SortMergeJoin","",0,279,true,"180","","",false,false,"NONE"
1,"WholeStageCodegen","WholeStageCodegen (307)",628457,280,true,"180","Sort","281",false,false,"NONE"
1,"Sort","",0,281,true,"180","","",false,false,"NONE"
1,"AQEShuffleRead","",0,282,true,"180","","",false,false,"NONE"
1,"Exchange","",6571,283,true,"129","","",false,false,"NONE"
1,"WholeStageCodegen","WholeStageCodegen (267)",562015,284,true,"129","Project:SortMergeJoin","285:286",false,false,"NONE"
1,"Project","",0,285,true,"129","","",false,false,"NONE"
1,"SortMergeJoin","",0,286,true,"129","","",false,false,"NONE"
1,"WholeStageCodegen","WholeStageCodegen (265)",572256,287,true,"129","Sort","288",false,false,"NONE"
1,"Sort","",0,288,true,"129","","",false,false,"NONE"
1,"AQEShuffleRead","",0,289,true,"129","","",false,false,"NONE"
1,"Exchange","",208230,290,true,"82","","",false,false,"NONE"
1,"WholeStageCodegen","WholeStageCodegen (216)",999039,291,true,"82","Project:SortMergeJoin","292:293",false,false,"NONE"
1,"Project","",0,292,true,"82","","",false,false,"NONE"
1,"SortMergeJoin","",0,293,true,"82","","",false,false,"NONE"
1,"WholeStageCodegen","WholeStageCodegen (214)",1016432,294,true,"82","Sort","295",false,false,"NONE"
1,"Sort","",0,295,true,"82","","",false,false,"NONE"
1,"AQEShuffleRead","",0,296,true,"82","","",false,false,"NONE"
1,"Exchange","",596731,297,true,"51","","",false,false,"NONE"
1,"WholeStageCodegen","WholeStageCodegen (165)",775744,298,true,"51","Project:SortMergeJoin","299:300",false,false,"NONE"
1,"Project","",0,299,true,"51","","",false,false,"NONE"
1,"SortMergeJoin","",0,300,true,"51","","",false,false,"NONE"
1,"WholeStageCodegen","WholeStageCodegen (163)",780831,301,true,"51","Sort","302",false,false,"NONE"
1,"Sort","",0,302,true,"51","","",false,false,"NONE"
1,"WholeStageCodegen","WholeStageCodegen (164)",0,303,true,"51","Sort","304",false,false,"NONE"
1,"Sort","",0,304,true,"51","","",false,false,"NONE"
1,"WholeStageCodegen","WholeStageCodegen (215)",1005303,305,true,"82","Sort","306",false,false,"NONE"
1,"Sort","",0,306,true,"82","","",false,false,"NONE"
1,"AQEShuffleRead","",0,307,true,"82","","",false,false,"NONE"
1,"Exchange","",1118,308,true,"13","","",false,false,"NONE"
1,"WholeStageCodegen","WholeStageCodegen (22)",156051,309,true,"13:81","Filter:ColumnarToRow","310:311",false,false,"NONE"
1,"Filter","",0,310,true,"13:81","","",false,false,"NONE"
1,"ColumnarToRow","",0,311,false,"13:81","","",true,false,"IgnoreNoPerf"
1,"Scan parquet","Format: parquet",155397,312,true,"13:81","","",false,false,"NONE"
1,"WholeStageCodegen","WholeStageCodegen (266)",560250,313,true,"129","Sort","314",false,false,"NONE"
1,"Sort","",0,314,true,"129","","",false,false,"NONE"
1,"AQEShuffleRead","",0,315,true,"129","","",false,false,"NONE"
1,"WholeStageCodegen","WholeStageCodegen (308)",357512,316,true,"180","Sort","317",false,false,"NONE"
1,"Sort","",0,317,true,"180","","",false,false,"NONE"
1,"AQEShuffleRead","",0,318,true,"180","","",false,false,"NONE"
1,"WholeStageCodegen","WholeStageCodegen (356)",252461,319,true,"289","Sort:HashAggregate","320:321",false,false,"NONE"
1,"Sort","",0,320,true,"289","","",false,false,"NONE"
1,"HashAggregate","",468,321,true,"289","","",false,false,"NONE"
1,"AQEShuffleRead","",0,322,true,"289","","",false,false,"NONE"
1,"Exchange","",56,323,true,"197","","",false,false,"NONE"
1,"WholeStageCodegen","WholeStageCodegen (324)",237532,324,true,"197","HashAggregate:Project:SortMergeJoin","325:326:327",false,false,"NONE"
1,"HashAggregate","",226327,325,true,"197","","",false,false,"NONE"
1,"Project","",0,326,true,"197","","",false,false,"NONE"
1,"SortMergeJoin","",0,327,true,"197","","",false,false,"NONE"
1,"WholeStageCodegen","WholeStageCodegen (322)",252917,328,true,"197","Sort","329",false,false,"NONE"
1,"Sort","",0,329,true,"197","","",false,false,"NONE"
1,"AQEShuffleRead","",0,330,true,"197","","",false,false,"NONE"
1,"Exchange","",4031,331,true,"133","","",false,false,"NONE"
1,"WholeStageCodegen","WholeStageCodegen (273)",338011,332,true,"133","Project:SortMergeJoin","333:334",false,false,"NONE"
1,"Project","",0,333,true,"133","","",false,false,"NONE"
1,"SortMergeJoin","",0,334,true,"133","","",false,false,"NONE"
1,"WholeStageCodegen","WholeStageCodegen (271)",353530,335,true,"133","Sort","336",false,false,"NONE"
1,"Sort","",0,336,true,"133","","",false,false,"NONE"
1,"AQEShuffleRead","",0,337,true,"133","","",false,false,"NONE"
1,"Exchange","",9339,338,true,"88","","",false,false,"NONE"
1,"WholeStageCodegen","WholeStageCodegen (225)",1057356,339,true,"88","Project:SortMergeJoin","340:341",false,false,"NONE"
1,"Project","",0,340,true,"88","","",false,false,"NONE"
1,"SortMergeJoin","",0,341,true,"88","","",false,false,"NONE"
1,"WholeStageCodegen","WholeStageCodegen (223)",1070857,342,true,"88","Sort","343",false,false,"NONE"
1,"Sort","",0,343,true,"88","","",false,false,"NONE"
1,"Exchange","",791735,344,true,"60","","",false,false,"NONE"
1,"WholeStageCodegen","WholeStageCodegen (186)",1161236,345,true,"60","Project:SortMergeJoin","346:347",false,false,"NONE"
1,"Project","",0,346,true,"60","","",false,false,"NONE"
1,"SortMergeJoin","",0,347,true,"60","","",false,false,"NONE"
1,"WholeStageCodegen","WholeStageCodegen (184)",1165319,348,true,"60","Sort","349",false,false,"NONE"
1,"Sort","",0,349,true,"60","","",false,false,"NONE"
1,"Exchange","",526486,350,true,"36","","",false,false,"NONE"
1,"WholeStageCodegen","WholeStageCodegen (138)",18623485,351,true,"36","Project:SortMergeJoin","352:353",false,false,"NONE"
1,"Project","",0,352,true,"36","","",false,false,"NONE"
1,"SortMergeJoin","",0,353,true,"36","","",false,false,"NONE"
1,"WholeStageCodegen","WholeStageCodegen (136)",0,354,true,"36","Sort","355",false,false,"NONE"
1,"Sort","",0,355,true,"36","","",false,false,"NONE"
1,"Exchange","",20377408,356,true,"14","","",false,false,"NONE"
1,"WholeStageCodegen","WholeStageCodegen (25)",2944176,357,true,"35:14","Filter:ColumnarToRow","358:359",false,false,"NONE"
1,"Filter","",0,358,true,"35:14","","",false,false,"NONE"
1,"ColumnarToRow","",0,359,false,"35:14","","",true,false,"IgnoreNoPerf"
1,"Scan parquet","Format: parquet",2255578,360,true,"35:14","","",false,false,"NONE"
1,"WholeStageCodegen","WholeStageCodegen (137)",37256585,361,true,"36","Sort","362",false,false,"NONE"
1,"Sort","",0,362,true,"36","","",false,false,"NONE"
1,"WholeStageCodegen","WholeStageCodegen (185)",0,363,true,"60","Sort","364",false,false,"NONE"
1,"Sort","",0,364,true,"60","","",false,false,"NONE"
1,"WholeStageCodegen","WholeStageCodegen (224)",1062467,365,true,"88","Sort","366",false,false,"NONE"
1,"Sort","",0,366,true,"88","","",false,false,"NONE"
1,"WholeStageCodegen","WholeStageCodegen (272)",338553,367,true,"133","Sort","368",false,false,"NONE"
1,"Sort","",0,368,true,"133","","",false,false,"NONE"
1,"AQEShuffleRead","",0,369,true,"133","","",false,false,"NONE"
1,"WholeStageCodegen","WholeStageCodegen (323)",221056,370,true,"197","Sort","371",false,false,"NONE"
1,"Sort","",0,371,true,"197","","",false,false,"NONE"
1,"AQEShuffleRead","",0,372,true,"197","","",false,false,"NONE"
1,"Exchange","",2,373,true,"15","","",false,false,"NONE"
1,"WholeStageCodegen","WholeStageCodegen (30)",254,374,true,"15","Filter:ColumnarToRow","375:376",false,false,"NONE"
1,"Filter","",0,375,true,"15","","",false,false,"NONE"
1,"ColumnarToRow","",0,376,false,"15","","",true,false,"IgnoreNoPerf"
1,"Scan parquet","Format: parquet",234,377,false,"15","","",false,false,"Triage"
1,"WholeStageCodegen","WholeStageCodegen (365)",441768,378,true,"335","Sort:HashAggregate","379:380",false,false,"NONE"
1,"Sort","",0,379,true,"335","","",false,false,"NONE"
1,"HashAggregate","",11201,380,true,"335","","",false,false,"NONE"
1,"AQEShuffleRead","",0,381,true,"335","","",false,false,"NONE"
1,"Exchange","",10070,382,true,"191","","",false,false,"NONE"
1,"WholeStageCodegen","WholeStageCodegen (321)",325382,383,true,"191","HashAggregate:Project:SortMergeJoin","384:385:386",false,false,"NONE"
1,"HashAggregate","",309194,384,true,"191","","",false,false,"NONE"
1,"Project","",0,385,true,"191","","",false,false,"NONE"
1,"SortMergeJoin","",0,386,true,"191","","",false,false,"NONE"
1,"WholeStageCodegen","WholeStageCodegen (319)",356489,387,true,"191","Sort","388",false,false,"NONE"
1,"Sort","",0,388,true,"191","","",false,false,"NONE"
1,"AQEShuffleRead","",0,389,true,"191","","",false,false,"NONE"
1,"Exchange","",6940,390,true,"137","","",false,false,"NONE"
1,"WholeStageCodegen","WholeStageCodegen (279)",391156,391,true,"137","Project:SortMergeJoin","392:393",false,false,"NONE"
1,"Project","",0,392,true,"137","","",false,false,"NONE"
1,"SortMergeJoin","",0,393,true,"137","","",false,false,"NONE"
1,"WholeStageCodegen","WholeStageCodegen (277)",439549,394,true,"137","Sort","395",false,false,"NONE"
1,"Sort","",0,395,true,"137","","",false,false,"NONE"
1,"AQEShuffleRead","",0,396,true,"137","","",false,false,"NONE"
1,"Exchange","",29250,397,true,"92","","",false,false,"NONE"
1,"WholeStageCodegen","WholeStageCodegen (231)",1249636,398,true,"92","Project:SortMergeJoin","399:400",false,false,"NONE"
1,"Project","",0,399,true,"92","","",false,false,"NONE"
1,"SortMergeJoin","",0,400,true,"92","","",false,false,"NONE"
1,"WholeStageCodegen","WholeStageCodegen (229)",1270051,401,true,"92","Sort","402",false,false,"NONE"
1,"Sort","",0,402,true,"92","","",false,false,"NONE"
1,"AQEShuffleRead","",0,403,true,"92","","",false,false,"NONE"
1,"Exchange","",908534,404,true,"55","","",false,false,"NONE"
1,"WholeStageCodegen","WholeStageCodegen (177)",786981,405,true,"55","Project:SortMergeJoin","406:407",false,false,"NONE"
1,"Project","",0,406,true,"55","","",false,false,"NONE"
1,"SortMergeJoin","",0,407,true,"55","","",false,false,"NONE"
1,"WholeStageCodegen","WholeStageCodegen (175)",791897,408,true,"55","Sort","409",false,false,"NONE"
1,"Sort","",0,409,true,"55","","",false,false,"NONE"
1,"Exchange","",25170,410,true,"32","","",false,false,"NONE"
1,"WholeStageCodegen","WholeStageCodegen (129)",51733204,411,true,"32:54","Project:SortMergeJoin","412:413",false,false,"NONE"
1,"Project","",0,412,true,"32:54","","",false,false,"NONE"
1,"SortMergeJoin","",0,413,true,"32:54","","",false,false,"NONE"
1,"WholeStageCodegen","WholeStageCodegen (127)",0,414,true,"32:54","Sort","415",false,false,"NONE"
1,"Sort","",0,415,true,"32:54","","",false,false,"NONE"
1,"WholeStageCodegen","WholeStageCodegen (128)",103483415,416,true,"32:54","Sort","417",false,false,"NONE"
1,"Sort","",0,417,true,"32:54","","",false,false,"NONE"
1,"Exchange","",33241,418,true,"16","","",false,false,"NONE"
1,"WholeStageCodegen","WholeStageCodegen (32)",172207,419,true,"31:16","Filter:ColumnarToRow","420:421",false,false,"NONE"
1,"Filter","",0,420,true,"31:16","","",false,false,"NONE"
1,"ColumnarToRow","",0,421,false,"31:16","","",true,false,"IgnoreNoPerf"
1,"Scan parquet","Format: parquet",170914,422,true,"31:16","","",false,false,"NONE"
1,"WholeStageCodegen","WholeStageCodegen (176)",0,423,true,"55","Sort","424",false,false,"NONE"
1,"Sort","",0,424,true,"55","","",false,false,"NONE"
1,"WholeStageCodegen","WholeStageCodegen (230)",1255631,425,true,"92","Sort","426",false,false,"NONE"
1,"Sort","",0,426,true,"92","","",false,false,"NONE"
1,"AQEShuffleRead","",0,427,true,"92","","",false,false,"NONE"
1,"Exchange","",127,428,true,"17","","",false,false,"NONE"
1,"WholeStageCodegen","WholeStageCodegen (34)",462733,429,true,"17","Filter:ColumnarToRow","430:431",false,false,"NONE"
1,"Filter","",0,430,true,"17","","",false,false,"NONE"
1,"ColumnarToRow","",0,431,false,"17","","",true,false,"IgnoreNoPerf"
1,"Scan parquet","Format: parquet",452582,432,true,"17","","",false,false,"NONE"
1,"WholeStageCodegen","WholeStageCodegen (278)",397091,433,true,"137","Sort","434",false,false,"NONE"
1,"Sort","",0,434,true,"137","","",false,false,"NONE"
1,"AQEShuffleRead","",0,435,true,"137","","",false,false,"NONE"
1,"WholeStageCodegen","WholeStageCodegen (320)",241066,436,true,"191","Sort","437",false,false,"NONE"
1,"Sort","",0,437,true,"191","","",false,false,"NONE"
1,"AQEShuffleRead","",0,438,true,"191","","",false,false,"NONE"
1,"Exchange","",1,439,true,"18","","",false,false,"NONE"
1,"WholeStageCodegen","WholeStageCodegen (36)",223,440,true,"18","Filter:ColumnarToRow","441:442",false,false,"NONE"
1,"Filter","",0,441,true,"18","","",false,false,"NONE"
1,"ColumnarToRow","",0,442,false,"18","","",true,false,"IgnoreNoPerf"
1,"Scan parquet","Format: parquet",198,443,false,"18","","",false,false,"Triage"
1,"WholeStageCodegen","WholeStageCodegen (374)",1766105,444,true,"409","Sort","445",false,false,"NONE"
1,"Sort","",0,445,true,"409","","",false,false,"NONE"
1,"Exchange","",29783,446,true,"157","","",false,false,"NONE"
1,"WholeStageCodegen","WholeStageCodegen (297)",455567,447,true,"157","HashAggregate:HashAggregate:Project:SortMergeJoin","448:449:450:451",false,false,"NONE"
1,"HashAggregate","",398318,448,true,"157","","",false,false,"NONE"
1,"HashAggregate","",341050,449,true,"157","","",false,false,"NONE"
1,"Project","",0,450,true,"157","","",false,false,"NONE"
1,"SortMergeJoin","",0,451,true,"157","","",false,false,"NONE"
1,"WholeStageCodegen","WholeStageCodegen (295)",396265,452,true,"157","Sort","453",false,false,"NONE"
1,"Sort","",0,453,true,"157","","",false,false,"NONE"
1,"AQEShuffleRead","",0,454,true,"157","","",false,false,"NONE"
1,"Exchange","",3628,455,true,"104","","",false,false,"NONE"
1,"WholeStageCodegen","WholeStageCodegen (243)",861941,456,true,"104","Project:SortMergeJoin","457:458",false,false,"NONE"
1,"Project","",0,457,true,"104","","",false,false,"NONE"
1,"SortMergeJoin","",0,458,true,"104","","",false,false,"NONE"
1,"WholeStageCodegen","WholeStageCodegen (241)",869186,459,true,"104","Sort","460",false,false,"NONE"
1,"Sort","",0,460,true,"104","","",false,false,"NONE"
1,"AQEShuffleRead","",0,461,true,"104","","",false,false,"NONE"
1,"Exchange","",626223,462,true,"74","","",false,false,"NONE"
1,"WholeStageCodegen","WholeStageCodegen (201)",239964,463,true,"74","Project:SortMergeJoin","464:465",false,false,"NONE"
1,"Project","",0,464,true,"74","","",false,false,"NONE"
1,"SortMergeJoin","",0,465,true,"74","","",false,false,"NONE"
1,"WholeStageCodegen","WholeStageCodegen (199)",243932,466,true,"74","Sort","467",false,false,"NONE"
1,"Sort","",0,467,true,"74","","",false,false,"NONE"
1,"AQEShuffleRead","",0,468,true,"74","","",false,false,"NONE"
1,"Exchange","",7142,469,true,"46","","",false,false,"NONE"
1,"WholeStageCodegen","WholeStageCodegen (153)",780688,470,true,"46","Project:SortMergeJoin","471:472",false,false,"NONE"
1,"Project","",0,471,true,"46","","",false,false,"NONE"
1,"SortMergeJoin","",0,472,true,"46","","",false,false,"NONE"
1,"WholeStageCodegen","WholeStageCodegen (151)",786925,473,true,"46","Sort","474",false,false,"NONE"
1,"Sort","",0,474,true,"46","","",false,false,"NONE"
1,"Exchange","",25067,475,true,"26","","",false,false,"NONE"
1,"WholeStageCodegen","WholeStageCodegen (105)",16168588,476,true,"44:26","Project:SortMergeJoin","477:478",false,false,"NONE"
1,"Project","",0,477,true,"44:26","","",false,false,"NONE"
1,"SortMergeJoin","",0,478,true,"44:26","","",false,false,"NONE"
1,"WholeStageCodegen","WholeStageCodegen (103)",0,479,true,"44:26","Sort","480",false,false,"NONE"
1,"Sort","",0,480,true,"44:26","","",false,false,"NONE"
1,"WholeStageCodegen","WholeStageCodegen (104)",32346374,481,true,"44:26","Sort","482",false,false,"NONE"
1,"Sort","",0,482,true,"44:26","","",false,false,"NONE"
1,"WholeStageCodegen","WholeStageCodegen (152)",0,483,true,"46","Sort","484",false,false,"NONE"
1,"Sort","",0,484,true,"46","","",false,false,"NONE"
1,"WholeStageCodegen","WholeStageCodegen (200)",241278,485,true,"74","Sort","486",false,false,"NONE"
1,"Sort","",0,486,true,"74","","",false,false,"NONE"
1,"AQEShuffleRead","",0,487,true,"74","","",false,false,"NONE"
1,"WholeStageCodegen","WholeStageCodegen (242)",861801,488,true,"104","Sort","489",false,false,"NONE"
1,"Sort","",0,489,true,"104","","",false,false,"NONE"
1,"AQEShuffleRead","",0,490,true,"104","","",false,false,"NONE"
1,"WholeStageCodegen","WholeStageCodegen (296)",253238,491,true,"157","Sort","492",false,false,"NONE"
1,"Sort","",0,492,true,"157","","",false,false,"NONE"
1,"AQEShuffleRead","",0,493,true,"157","","",false,false,"NONE"
1,"WholeStageCodegen","WholeStageCodegen (377)",2049507,494,true,"475","Sort:HashAggregate","495:496",false,false,"NONE"
1,"Sort","",0,495,true,"475","","",false,false,"NONE"
1,"HashAggregate","",151277,496,true,"475","","",false,false,"NONE"
1,"Exchange","",7863,497,true,"203","","",false,false,"NONE"
1,"WholeStageCodegen","WholeStageCodegen (330)",641218,498,true,"203","HashAggregate:Project:SortMergeJoin","499:500:501",false,false,"NONE"
1,"HashAggregate","",533136,499,true,"203","","",false,false,"NONE"
1,"Project","",0,500,true,"203","","",false,false,"NONE"
1,"SortMergeJoin","",0,501,true,"203","","",false,false,"NONE"
1,"WholeStageCodegen","WholeStageCodegen (328)",600259,502,true,"203","Sort","503",false,false,"NONE"
1,"Sort","",0,503,true,"203","","",false,false,"NONE"
1,"AQEShuffleRead","",0,504,true,"203","","",false,false,"NONE"
1,"Exchange","",11414,505,true,"142","","",false,false,"NONE"
1,"WholeStageCodegen","WholeStageCodegen (282)",539113,506,true,"142","Project:SortMergeJoin","507:508",false,false,"NONE"
1,"Project","",0,507,true,"142","","",false,false,"NONE"
1,"SortMergeJoin","",0,508,true,"142","","",false,false,"NONE"
1,"WholeStageCodegen","WholeStageCodegen (280)",566119,509,true,"142","Sort","510",false,false,"NONE"
1,"Sort","",0,510,true,"142","","",false,false,"NONE"
1,"AQEShuffleRead","",0,511,true,"142","","",false,false,"NONE"
1,"Exchange","",138687,512,true,"96","","",false,false,"NONE"
1,"WholeStageCodegen","WholeStageCodegen (234)",1227158,513,true,"96","Project:SortMergeJoin","514:515",false,false,"NONE"
1,"Project","",0,514,true,"96","","",false,false,"NONE"
1,"SortMergeJoin","",0,515,true,"96","","",false,false,"NONE"
1,"WholeStageCodegen","WholeStageCodegen (232)",1238854,516,true,"96","Sort","517",false,false,"NONE"
1,"Sort","",0,517,true,"96","","",false,false,"NONE"
1,"AQEShuffleRead","",0,518,true,"96","","",false,false,"NONE"
1,"Exchange","",884634,519,true,"58","","",false,false,"NONE"
1,"WholeStageCodegen","WholeStageCodegen (180)",791886,520,true,"58","Project:SortMergeJoin","521:522",false,false,"NONE"
1,"Project","",0,521,true,"58","","",false,false,"NONE"
1,"SortMergeJoin","",0,522,true,"58","","",false,false,"NONE"
1,"WholeStageCodegen","WholeStageCodegen (178)",796533,523,true,"58","Sort","524",false,false,"NONE"
1,"Sort","",0,524,true,"58","","",false,false,"NONE"
1,"Exchange","",25852,525,true,"34","","",false,false,"NONE"
1,"WholeStageCodegen","WholeStageCodegen (132)",39216410,526,true,"34:57","Project:SortMergeJoin","527:528",false,false,"NONE"
1,"Project","",0,527,true,"34:57","","",false,false,"NONE"
1,"SortMergeJoin","",0,528,true,"34:57","","",false,false,"NONE"
1,"WholeStageCodegen","WholeStageCodegen (130)",0,529,true,"34:57","Sort","530",false,false,"NONE"
1,"Sort","",0,530,true,"34:57","","",false,false,"NONE"
1,"WholeStageCodegen","WholeStageCodegen (131)",78443148,531,true,"34:57","Sort","532",false,false,"NONE"
1,"Sort","",0,532,true,"34:57","","",false,false,"NONE"
1,"Exchange","",162,533,true,"19","","",false,false,"NONE"
1,"WholeStageCodegen","WholeStageCodegen (44)",155513,534,true,"19","Filter:ColumnarToRow","535:536",false,false,"NONE"
1,"Filter","",0,535,true,"19","","",false,false,"NONE"
1,"ColumnarToRow","",0,536,false,"19","","",true,false,"IgnoreNoPerf"
1,"Scan parquet","Format: parquet",154410,537,true,"19","","",false,false,"NONE"
1,"WholeStageCodegen","WholeStageCodegen (179)",0,538,true,"58","Sort","539",false,false,"NONE"
1,"Sort","",0,539,true,"58","","",false,false,"NONE"
1,"WholeStageCodegen","WholeStageCodegen (233)",1231709,540,true,"96","Sort","541",false,false,"NONE"
1,"Sort","",0,541,true,"96","","",false,false,"NONE"
1,"AQEShuffleRead","",0,542,true,"96","","",false,false,"NONE"
1,"WholeStageCodegen","WholeStageCodegen (281)",542348,543,true,"142","Sort","544",false,false,"NONE"
1,"Sort","",0,544,true,"142","","",false,false,"NONE"
1,"AQEShuffleRead","",0,545,true,"142","","",false,false,"NONE"
1,"WholeStageCodegen","WholeStageCodegen (329)",369565,546,true,"203","Sort","547",false,false,"NONE"
1,"Sort","",0,547,true,"203","","",false,false,"NONE"
1,"AQEShuffleRead","",0,548,true,"203","","",false,false,"NONE"
1,"WholeStageCodegen","WholeStageCodegen (381)",70501,549,true,"726:634","Sort:HashAggregate","550:551",false,false,"NONE"
1,"Sort","",0,550,true,"726:634","","",false,false,"NONE"
1,"HashAggregate","",47194,551,true,"726:634","","",false,false,"NONE"
1,"AQEShuffleRead","",0,552,true,"726:634","","",false,false,"NONE"
1,"Exchange","",2551,553,true,"386","","",false,false,"NONE"
1,"WholeStageCodegen","WholeStageCodegen (372)",1427966,554,true,"386","HashAggregate:Project:SortMergeJoin","555:556:557",false,false,"NONE"
1,"HashAggregate","",1312315,555,true,"386","","",false,false,"NONE"
1,"Project","",0,556,true,"386","","",false,false,"NONE"
1,"SortMergeJoin","",0,557,true,"386","","",false,false,"NONE"
1,"WholeStageCodegen","WholeStageCodegen (370)",1634952,558,true,"386","Sort","559",false,false,"NONE"
1,"Sort","",0,559,true,"386","","",false,false,"NONE"
1,"Exchange","",21854,560,true,"357","","",false,false,"NONE"
1,"WholeStageCodegen","WholeStageCodegen (369)",1722923,561,true,"357","Project:SortMergeJoin","562:563",false,false,"NONE"
1,"Project","",0,562,true,"357","","",false,false,"NONE"
1,"SortMergeJoin","",0,563,true,"357","","",false,false,"NONE"
1,"WholeStageCodegen","WholeStageCodegen (367)",1824805,564,true,"357","Sort","565",false,false,"NONE"
1,"Sort","",0,565,true,"357","","",false,false,"NONE"
1,"Exchange","",705582,566,true,"318","","",false,false,"NONE"
1,"WholeStageCodegen","WholeStageCodegen (363)",369648,567,true,"318","Project:SortMergeJoin","568:569",false,false,"NONE"
1,"Project","",0,568,true,"318","","",false,false,"NONE"
1,"SortMergeJoin","",0,569,true,"318","","",false,false,"NONE"
1,"WholeStageCodegen","WholeStageCodegen (361)",386137,570,true,"318","Sort","571",false,false,"NONE"
1,"Sort","",0,571,true,"318","","",false,false,"NONE"
1,"AQEShuffleRead","",0,572,true,"318","","",false,false,"NONE"
1,"Exchange","",32385,573,true,"299","","",false,false,"NONE"
1,"WholeStageCodegen","WholeStageCodegen (360)",353641,574,true,"299","Project:SortMergeJoin","575:576",false,false,"NONE"
1,"Project","",0,575,true,"299","","",false,false,"NONE"
1,"SortMergeJoin","",0,576,true,"299","","",false,false,"NONE"
1,"WholeStageCodegen","WholeStageCodegen (358)",364098,577,true,"299","Sort","578",false,false,"NONE"
1,"Sort","",0,578,true,"299","","",false,false,"NONE"
1,"AQEShuffleRead","",0,579,true,"299","","",false,false,"NONE"
1,"Exchange","",13387,580,true,"271","","",false,false,"NONE"
1,"WholeStageCodegen","WholeStageCodegen (354)",1157102,581,true,"271","Project:SortMergeJoin","582:583",false,false,"NONE"
1,"Project","",0,582,true,"271","","",false,false,"NONE"
1,"SortMergeJoin","",0,583,true,"271","","",false,false,"NONE"
1,"WholeStageCodegen","WholeStageCodegen (352)",1214393,584,true,"271","Sort","585",false,false,"NONE"
1,"Sort","",0,585,true,"271","","",false,false,"NONE"
1,"Exchange","",20113,586,true,"248","","",false,false,"NONE"
1,"WholeStageCodegen","WholeStageCodegen (348)",1122871,587,true,"248","Project:SortMergeJoin","588:589",false,false,"NONE"
1,"Project","",0,588,true,"248","","",false,false,"NONE"
1,"SortMergeJoin","",0,589,true,"248","","",false,false,"NONE"
1,"WholeStageCodegen","WholeStageCodegen (346)",1161880,590,true,"248","Sort","591",false,false,"NONE"
1,"Sort","",0,591,true,"248","","",false,false,"NONE"
1,"Exchange","",15815,592,true,"227","","",false,false,"NONE"
1,"WholeStageCodegen","WholeStageCodegen (342)",1084985,593,true,"227","Project:SortMergeJoin","594:595",false,false,"NONE"
1,"Project","",0,594,true,"227","","",false,false,"NONE"
1,"SortMergeJoin","",0,595,true,"227","","",false,false,"NONE"
1,"WholeStageCodegen","WholeStageCodegen (340)",1138691,596,true,"227","Sort","597",false,false,"NONE"
1,"Sort","",0,597,true,"227","","",false,false,"NONE"
1,"Exchange","",69425,598,true,"163","","",false,false,"NONE"
1,"WholeStageCodegen","WholeStageCodegen (300)",582511,599,true,"163","Project:SortMergeJoin","600:601",false,false,"NONE"
1,"Project","",0,600,true,"163","","",false,false,"NONE"
1,"SortMergeJoin","",0,601,true,"163","","",false,false,"NONE"
1,"WholeStageCodegen","WholeStageCodegen (298)",604815,602,true,"163","Sort","603",false,false,"NONE"
1,"Sort","",0,603,true,"163","","",false,false,"NONE"
1,"AQEShuffleRead","",0,604,true,"163","","",false,false,"NONE"
1,"Exchange","",11402,605,true,"118","","",false,false,"NONE"
1,"WholeStageCodegen","WholeStageCodegen (255)",1176181,606,true,"118","Project:SortMergeJoin","607:608",false,false,"NONE"
1,"Project","",0,607,true,"118","","",false,false,"NONE"
1,"SortMergeJoin","",0,608,true,"118","","",false,false,"NONE"
1,"WholeStageCodegen","WholeStageCodegen (253)",1186423,609,true,"118","Sort","610",false,false,"NONE"
1,"Sort","",0,610,true,"118","","",false,false,"NONE"
1,"AQEShuffleRead","",0,611,true,"118","","",false,false,"NONE"
1,"Exchange","",803542,612,true,"70","","",false,false,"NONE"
1,"WholeStageCodegen","WholeStageCodegen (198)",324694,613,true,"70","Project:SortMergeJoin","614:615",false,false,"NONE"
1,"Project","",0,614,true,"70","","",false,false,"NONE"
1,"SortMergeJoin","",0,615,true,"70","","",false,false,"NONE"
1,"WholeStageCodegen","WholeStageCodegen (196)",328597,616,true,"70","Sort","617",false,false,"NONE"
1,"Sort","",0,617,true,"70","","",false,false,"NONE"
1,"AQEShuffleRead","",0,618,true,"70","","",false,false,"NONE"
1,"Exchange","",8734,619,true,"43","","",false,false,"NONE"
1,"WholeStageCodegen","WholeStageCodegen (150)",863191,620,true,"43","Project:SortMergeJoin","621:622",false,false,"NONE"
1,"Project","",0,621,true,"43","","",false,false,"NONE"
1,"SortMergeJoin","",0,622,true,"43","","",false,false,"NONE"
1,"WholeStageCodegen","WholeStageCodegen (148)",869109,623,true,"43","Sort","624",false,false,"NONE"
1,"Sort","",0,624,true,"43","","",false,false,"NONE"
1,"Exchange","",28149,625,true,"24","","",false,false,"NONE"
1,"WholeStageCodegen","WholeStageCodegen (102)",16361854,626,true,"42:24","Project:SortMergeJoin","627:628",false,false,"NONE"
1,"Project","",0,627,true,"42:24","","",false,false,"NONE"
1,"SortMergeJoin","",0,628,true,"42:24","","",false,false,"NONE"
1,"WholeStageCodegen","WholeStageCodegen (100)",0,629,true,"42:24","Sort","630",false,false,"NONE"
1,"Sort","",0,630,true,"42:24","","",false,false,"NONE"
1,"WholeStageCodegen","WholeStageCodegen (101)",32735367,631,true,"42:24","Sort","632",false,false,"NONE"
1,"Sort","",0,632,true,"42:24","","",false,false,"NONE"
1,"WholeStageCodegen","WholeStageCodegen (149)",0,633,true,"43","Sort","634",false,false,"NONE"
1,"Sort","",0,634,true,"43","","",false,false,"NONE"
1,"WholeStageCodegen","WholeStageCodegen (197)",326042,635,true,"70","Sort","636",false,false,"NONE"
1,"Sort","",0,636,true,"70","","",false,false,"NONE"
1,"AQEShuffleRead","",0,637,true,"70","","",false,false,"NONE"
1,"WholeStageCodegen","WholeStageCodegen (254)",1173947,638,true,"118","Sort","639",false,false,"NONE"
1,"Sort","",0,639,true,"118","","",false,false,"NONE"
1,"AQEShuffleRead","",0,640,true,"118","","",false,false,"NONE"
1,"WholeStageCodegen","WholeStageCodegen (299)",390370,641,true,"163","Sort","642",false,false,"NONE"
1,"Sort","",0,642,true,"163","","",false,false,"NONE"
1,"AQEShuffleRead","",0,643,true,"163","","",false,false,"NONE"
1,"WholeStageCodegen","WholeStageCodegen (341)",1103560,644,true,"227","Sort:HashAggregate","645:646",false,false,"NONE"
1,"Sort","",0,645,true,"227","","",false,false,"NONE"
1,"HashAggregate","",95376,646,true,"227","","",false,false,"NONE"
1,"WholeStageCodegen","WholeStageCodegen (347)",1135159,647,true,"248","Sort:HashAggregate","648:649",false,false,"NONE"
1,"Sort","",0,648,true,"248","","",false,false,"NONE"
1,"HashAggregate","",118789,649,true,"248","","",false,false,"NONE"
1,"WholeStageCodegen","WholeStageCodegen (353)",1176844,650,true,"271","Sort:HashAggregate","651:652",false,false,"NONE"
1,"Sort","",0,651,true,"271","","",false,false,"NONE"
1,"HashAggregate","",97069,652,true,"271","","",false,false,"NONE"
1,"Exchange","",4867,653,true,"181","","",false,false,"NONE"
1,"WholeStageCodegen","WholeStageCodegen (312)",580576,654,true,"181","HashAggregate:Project:SortMergeJoin","655:656:657",false,false,"NONE"
1,"HashAggregate","",503227,655,true,"181","","",false,false,"NONE"
1,"Project","",0,656,true,"181","","",false,false,"NONE"
1,"SortMergeJoin","",0,657,true,"181","","",false,false,"NONE"
1,"WholeStageCodegen","WholeStageCodegen (310)",531325,658,true,"181","Sort","659",false,false,"NONE"
1,"Sort","",0,659,true,"181","","",false,false,"NONE"
1,"AQEShuffleRead","",0,660,true,"181","","",false,false,"NONE"
1,"WholeStageCodegen","WholeStageCodegen (311)",302348,661,true,"181","Sort","662",false,false,"NONE"
1,"Sort","",0,662,true,"181","","",false,false,"NONE"
1,"AQEShuffleRead","",0,663,true,"181","","",false,false,"NONE"
1,"WholeStageCodegen","WholeStageCodegen (359)",206441,664,true,"299","Sort:HashAggregate","665:666",false,false,"NONE"
1,"Sort","",0,665,true,"299","","",false,false,"NONE"
1,"HashAggregate","",448,666,true,"299","","",false,false,"NONE"
1,"AQEShuffleRead","",0,667,true,"299","","",false,false,"NONE"
1,"WholeStageCodegen","WholeStageCodegen (362)",293439,668,true,"318","Sort:HashAggregate","669:670",false,false,"NONE"
1,"Sort","",0,669,true,"318","","",false,false,"NONE"
1,"HashAggregate","",4396,670,true,"318","","",false,false,"NONE"
1,"AQEShuffleRead","",0,671,true,"318","","",false,false,"NONE"
1,"Exchange","",3327,672,true,"209","","",false,false,"NONE"
1,"WholeStageCodegen","WholeStageCodegen (336)",296285,673,true,"209","HashAggregate:Project:SortMergeJoin","674:675:676",false,false,"NONE"
1,"HashAggregate","",291535,674,true,"209","","",false,false,"NONE"
1,"Project","",0,675,true,"209","","",false,false,"NONE"
1,"SortMergeJoin","",0,676,true,"209","","",false,false,"NONE"
1,"WholeStageCodegen","WholeStageCodegen (334)",311911,677,true,"209","Sort","678",false,false,"NONE"
1,"Sort","",0,678,true,"209","","",false,false,"NONE"
1,"AQEShuffleRead","",0,679,true,"209","","",false,false,"NONE"
1,"Exchange","",4415,680,true,"146","","",false,false,"NONE"
1,"WholeStageCodegen","WholeStageCodegen (288)",372847,681,true,"146","Project:SortMergeJoin","682:683",false,false,"NONE"
1,"Project","",0,682,true,"146","","",false,false,"NONE"
1,"SortMergeJoin","",0,683,true,"146","","",false,false,"NONE"
1,"WholeStageCodegen","WholeStageCodegen (286)",387361,684,true,"146","Sort","685",false,false,"NONE"
1,"Sort","",0,685,true,"146","","",false,false,"NONE"
1,"AQEShuffleRead","",0,686,true,"146","","",false,false,"NONE"
1,"Exchange","",49643,687,true,"99","","",false,false,"NONE"
1,"WholeStageCodegen","WholeStageCodegen (240)",1115992,688,true,"99","Project:SortMergeJoin","689:690",false,false,"NONE"
1,"Project","",0,689,true,"99","","",false,false,"NONE"
1,"SortMergeJoin","",0,690,true,"99","","",false,false,"NONE"
1,"WholeStageCodegen","WholeStageCodegen (238)",1125494,691,true,"99","Sort","692",false,false,"NONE"
1,"Sort","",0,692,true,"99","","",false,false,"NONE"
1,"Exchange","",778198,693,true,"62","","",false,false,"NONE"
1,"WholeStageCodegen","WholeStageCodegen (192)",723686,694,true,"62","Project:SortMergeJoin","695:696",false,false,"NONE"
1,"Project","",0,695,true,"62","","",false,false,"NONE"
1,"SortMergeJoin","",0,696,true,"62","","",false,false,"NONE"
1,"WholeStageCodegen","WholeStageCodegen (190)",727890,697,true,"62","Sort","698",false,false,"NONE"
1,"Sort","",0,698,true,"62","","",false,false,"NONE"
1,"Exchange","",18524,699,true,"37","","",false,false,"NONE"
1,"WholeStageCodegen","WholeStageCodegen (144)",4960901,700,true,"37","Project:SortMergeJoin","701:702",false,false,"NONE"
1,"Project","",0,701,true,"37","","",false,false,"NONE"
1,"SortMergeJoin","",0,702,true,"37","","",false,false,"NONE"
1,"WholeStageCodegen","WholeStageCodegen (142)",0,703,true,"37","Sort","704",false,false,"NONE"
1,"Sort","",0,704,true,"37","","",false,false,"NONE"
1,"WholeStageCodegen","WholeStageCodegen (143)",9928436,705,true,"37","Sort","706",false,false,"NONE"
1,"Sort","",0,706,true,"37","","",false,false,"NONE"
1,"WholeStageCodegen","WholeStageCodegen (191)",0,707,true,"62","Sort","708",false,false,"NONE"
1,"Sort","",0,708,true,"62","","",false,false,"NONE"
1,"WholeStageCodegen","WholeStageCodegen (239)",1119670,709,true,"99","Sort","710",false,false,"NONE"
1,"Sort","",0,710,true,"99","","",false,false,"NONE"
1,"WholeStageCodegen","WholeStageCodegen (287)",372661,711,true,"146","Sort","712",false,false,"NONE"
1,"Sort","",0,712,true,"146","","",false,false,"NONE"
1,"AQEShuffleRead","",0,713,true,"146","","",false,false,"NONE"
1,"WholeStageCodegen","WholeStageCodegen (335)",207727,714,true,"209","Sort","715",false,false,"NONE"
1,"Sort","",0,715,true,"209","","",false,false,"NONE"
1,"AQEShuffleRead","",0,716,true,"209","","",false,false,"NONE"
1,"WholeStageCodegen","WholeStageCodegen (368)",1760116,717,true,"357","Sort","718",false,false,"NONE"
1,"Sort","",0,718,true,"357","","",false,false,"NONE"
1,"Exchange","",31036,719,true,"168","","",false,false,"NONE"
1,"WholeStageCodegen","WholeStageCodegen (303)",443133,720,true,"168","HashAggregate:HashAggregate:Project:SortMergeJoin","721:722:723:724",false,false,"NONE"
1,"HashAggregate","",395224,721,true,"168","","",false,false,"NONE"
1,"HashAggregate","",335502,722,true,"168","","",false,false,"NONE"
1,"Project","",0,723,true,"168","","",false,false,"NONE"
1,"SortMergeJoin","",0,724,true,"168","","",false,false,"NONE"
1,"WholeStageCodegen","WholeStageCodegen (301)",363539,725,true,"168","Sort","726",false,false,"NONE"
1,"Sort","",0,726,true,"168","","",false,false,"NONE"
1,"AQEShuffleRead","",0,727,true,"168","","",false,false,"NONE"
1,"Exchange","",6229,728,true,"125","","",false,false,"NONE"
1,"WholeStageCodegen","WholeStageCodegen (264)",828933,729,true,"125","Project:SortMergeJoin","730:731",false,false,"NONE"
1,"Project","",0,730,true,"125","","",false,false,"NONE"
1,"SortMergeJoin","",0,731,true,"125","","",false,false,"NONE"
1,"WholeStageCodegen","WholeStageCodegen (262)",837119,732,true,"125","Sort","733",false,false,"NONE"
1,"Sort","",0,733,true,"125","","",false,false,"NONE"
1,"AQEShuffleRead","",0,734,true,"125","","",false,false,"NONE"
1,"Exchange","",579787,735,true,"85","","",false,false,"NONE"
1,"WholeStageCodegen","WholeStageCodegen (222)",410858,736,true,"85","Project:SortMergeJoin","737:738",false,false,"NONE"
1,"Project","",0,737,true,"85","","",false,false,"NONE"
1,"SortMergeJoin","",0,738,true,"85","","",false,false,"NONE"
1,"WholeStageCodegen","WholeStageCodegen (220)",418459,739,true,"85","Sort","740",false,false,"NONE"
1,"Sort","",0,740,true,"85","","",false,false,"NONE"
1,"AQEShuffleRead","",0,741,true,"85","","",false,false,"NONE"
1,"Exchange","",148442,742,true,"53","","",false,false,"NONE"
1,"WholeStageCodegen","WholeStageCodegen (174)",808338,743,true,"53","Project:SortMergeJoin","744:745",false,false,"NONE"
1,"Project","",0,744,true,"53","","",false,false,"NONE"
1,"SortMergeJoin","",0,745,true,"53","","",false,false,"NONE"
1,"WholeStageCodegen","WholeStageCodegen (172)",813889,746,true,"53","Sort","747",false,false,"NONE"
1,"Sort","",0,747,true,"53","","",false,false,"NONE"
1,"Exchange","",27418,748,true,"30","","",false,false,"NONE"
1,"WholeStageCodegen","WholeStageCodegen (126)",10294651,749,true,"52:30","Project:SortMergeJoin","750:751",false,false,"NONE"
1,"Project","",0,750,true,"52:30","","",false,false,"NONE"
1,"SortMergeJoin","",0,751,true,"52:30","","",false,false,"NONE"
1,"WholeStageCodegen","WholeStageCodegen (124)",0,752,true,"52:30","Sort","753",false,false,"NONE"
1,"Sort","",0,753,true,"52:30","","",false,false,"NONE"
1,"WholeStageCodegen","WholeStageCodegen (125)",20617072,754,true,"52:30","Sort","755",false,false,"NONE"
1,"Sort","",0,755,true,"52:30","","",false,false,"NONE"
1,"WholeStageCodegen","WholeStageCodegen (173)",0,756,true,"53","Sort","757",false,false,"NONE"
1,"Sort","",0,757,true,"53","","",false,false,"NONE"
1,"WholeStageCodegen","WholeStageCodegen (221)",413289,758,true,"85","Sort","759",false,false,"NONE"
1,"Sort","",0,759,true,"85","","",false,false,"NONE"
1,"AQEShuffleRead","",0,760,true,"85","","",false,false,"NONE"
1,"WholeStageCodegen","WholeStageCodegen (263)",828486,761,true,"125","Sort","762",false,false,"NONE"
1,"Sort","",0,762,true,"125","","",false,false,"NONE"
1,"AQEShuffleRead","",0,763,true,"125","","",false,false,"NONE"
1,"WholeStageCodegen","WholeStageCodegen (302)",226220,764,true,"168","Sort","765",false,false,"NONE"
1,"Sort","",0,765,true,"168","","",false,false,"NONE"
1,"AQEShuffleRead","",0,766,true,"168","","",false,false,"NONE"
1,"WholeStageCodegen","WholeStageCodegen (371)",1532082,767,true,"386","Sort:HashAggregate","768:769",false,false,"NONE"
1,"Sort","",0,768,true,"386","","",false,false,"NONE"
1,"HashAggregate","",137037,769,true,"386","","",false,false,"NONE"
1,"Exchange","",7477,770,true,"204","","",false,false,"NONE"
1,"WholeStageCodegen","WholeStageCodegen (333)",614086,771,true,"204","HashAggregate:Project:SortMergeJoin","772:773:774",false,false,"NONE"
1,"HashAggregate","",530697,772,true,"204","","",false,false,"NONE"
1,"Project","",0,773,true,"204","","",false,false,"NONE"
1,"SortMergeJoin","",0,774,true,"204","","",false,false,"NONE"
1,"WholeStageCodegen","WholeStageCodegen (331)",562208,775,true,"204","Sort","776",false,false,"NONE"
1,"Sort","",0,776,true,"204","","",false,false,"NONE"
1,"AQEShuffleRead","",0,777,true,"204","","",false,false,"NONE"
1,"WholeStageCodegen","WholeStageCodegen (332)",332827,778,true,"204","Sort","779",false,false,"NONE"
1,"Sort","",0,779,true,"204","","",false,false,"NONE"
1,"AQEShuffleRead","",0,780,true,"204","","",false,false,"NONE"
2,"AdaptiveSparkPlan","",0,0,false,"1318","","",true,false,"IgnoreNoPerf"
2,"WholeStageCodegen","WholeStageCodegen (383)",8,1,true,"1318","HashAggregate","2",false,false,"NONE"
2,"HashAggregate","",7,2,true,"1318","","",false,false,"NONE"
2,"Exchange","",842,3,true,"1247","","",false,false,"NONE"
2,"WholeStageCodegen","WholeStageCodegen (382)",28022,4,true,"1247","HashAggregate:Project:SortMergeJoin","5:6:7",false,false,"NONE"
2,"HashAggregate","",27840,5,true,"1247","","",false,false,"NONE"
2,"Project","",0,6,true,"1247","","",false,false,"NONE"
2,"SortMergeJoin","",0,7,true,"1247","","",false,false,"NONE"
2,"WholeStageCodegen","WholeStageCodegen (380)",34431,8,true,"1247","Sort","9",false,false,"NONE"
2,"Sort","",0,9,true,"1247","","",false,false,"NONE"
2,"AQEShuffleRead","",0,10,true,"1247","","",false,false,"NONE"
2,"Exchange","",648,11,true,"1177","","",false,false,"NONE"
2,"WholeStageCodegen","WholeStageCodegen (379)",202439,12,true,"1177","HashAggregate","13",false,false,"NONE"
2,"HashAggregate","",174144,13,true,"1177","","",false,false,"NONE"
2,"Exchange","",5235,14,true,"1119","","",false,false,"NONE"
2,"WholeStageCodegen","WholeStageCodegen (378)",1444375,15,true,"1119","HashAggregate:Project:SortMergeJoin","16:17:18",false,false,"NONE"
2,"HashAggregate","",1343712,16,true,"1119","","",false,false,"NONE"
2,"Project","",0,17,true,"1119","","",false,false,"NONE"
2,"SortMergeJoin","",0,18,true,"1119","","",false,false,"NONE"
2,"WholeStageCodegen","WholeStageCodegen (376)",1504420,19,true,"1119","Sort","20",false,false,"NONE"
2,"Sort","",0,20,true,"1119","","",false,false,"NONE"
2,"Exchange","",14932,21,true,"1094","","",false,false,"NONE"
2,"WholeStageCodegen","WholeStageCodegen (372)",904000,22,true,"1094","Project:SortMergeJoin","23:24",false,false,"NONE"
2,"Project","",0,23,true,"1094","","",false,false,"NONE"
2,"SortMergeJoin","",0,24,true,"1094","","",false,false,"NONE"
2,"WholeStageCodegen","WholeStageCodegen (370)",940744,25,true,"1094","Sort","26",false,false,"NONE"
2,"Sort","",0,26,true,"1094","","",false,false,"NONE"
2,"Exchange","",5341,27,true,"1067","","",false,false,"NONE"
2,"WholeStageCodegen","WholeStageCodegen (366)",316981,28,true,"1067","Project:SortMergeJoin","29:30",false,false,"NONE"
2,"Project","",0,29,true,"1067","","",false,false,"NONE"
2,"SortMergeJoin","",0,30,true,"1067","","",false,false,"NONE"
2,"WholeStageCodegen","WholeStageCodegen (364)",337390,31,true,"1067","Sort","32",false,false,"NONE"
2,"Sort","",0,32,true,"1067","","",false,false,"NONE"
2,"AQEShuffleRead","",0,33,true,"1067","","",false,false,"NONE"
2,"Exchange","",13150,34,true,"1031","","",false,false,"NONE"
2,"WholeStageCodegen","WholeStageCodegen (357)",311087,35,true,"1031","Project:SortMergeJoin","36:37",false,false,"NONE"
2,"Project","",0,36,true,"1031","","",false,false,"NONE"
2,"SortMergeJoin","",0,37,true,"1031","","",false,false,"NONE"
2,"WholeStageCodegen","WholeStageCodegen (355)",324310,38,true,"1031","Sort","39",false,false,"NONE"
2,"Sort","",0,39,true,"1031","","",false,false,"NONE"
2,"AQEShuffleRead","",0,40,true,"1031","","",false,false,"NONE"
2,"Exchange","",10990,41,true,"1010","","",false,false,"NONE"
2,"WholeStageCodegen","WholeStageCodegen (351)",1159952,42,true,"1010","Project:SortMergeJoin","43:44",false,false,"NONE"
2,"Project","",0,43,true,"1010","","",false,false,"NONE"
2,"SortMergeJoin","",0,44,true,"1010","","",false,false,"NONE"
2,"WholeStageCodegen","WholeStageCodegen (349)",1298210,45,true,"1010","Sort","46",false,false,"NONE"
2,"Sort","",0,46,true,"1010","","",false,false,"NONE"
2,"Exchange","",18359,47,true,"990","","",false,false,"NONE"
2,"WholeStageCodegen","WholeStageCodegen (345)",1172089,48,true,"990","Project:SortMergeJoin","49:50",false,false,"NONE"
2,"Project","",0,49,true,"990","","",false,false,"NONE"
2,"SortMergeJoin","",0,50,true,"990","","",false,false,"NONE"
2,"WholeStageCodegen","WholeStageCodegen (343)",1298263,51,true,"990","Sort","52",false,false,"NONE"
2,"Sort","",0,52,true,"990","","",false,false,"NONE"
2,"Exchange","",20950,53,true,"971","","",false,false,"NONE"
2,"WholeStageCodegen","WholeStageCodegen (339)",1191366,54,true,"971","Project:SortMergeJoin","55:56",false,false,"NONE"
2,"Project","",0,55,true,"971","","",false,false,"NONE"
2,"SortMergeJoin","",0,56,true,"971","","",false,false,"NONE"
2,"WholeStageCodegen","WholeStageCodegen (337)",1331467,57,true,"971","Sort","58",false,false,"NONE"
2,"Sort","",0,58,true,"971","","",false,false,"NONE"
2,"Exchange","",34033,59,true,"937","","",false,false,"NONE"
2,"WholeStageCodegen","WholeStageCodegen (306)",589784,60,true,"937","Project:SortMergeJoin","61:62",false,false,"NONE"
2,"Project","",0,61,true,"937","","",false,false,"NONE"
2,"SortMergeJoin","",0,62,true,"937","","",false,false,"NONE"
2,"WholeStageCodegen","WholeStageCodegen (304)",611933,63,true,"937","Sort","64",false,false,"NONE"
2,"Sort","",0,64,true,"937","","",false,false,"NONE"
2,"AQEShuffleRead","",0,65,true,"937","","",false,false,"NONE"
2,"Exchange","",14318,66,true,"892","","",false,false,"NONE"
2,"WholeStageCodegen","WholeStageCodegen (243)",583151,67,true,"892","Project:SortMergeJoin","68:69",false,false,"NONE"
2,"Project","",0,68,true,"892","","",false,false,"NONE"
2,"SortMergeJoin","",0,69,true,"892","","",false,false,"NONE"
2,"WholeStageCodegen","WholeStageCodegen (241)",604216,70,true,"892","Sort","71",false,false,"NONE"
2,"Sort","",0,71,true,"892","","",false,false,"NONE"
2,"AQEShuffleRead","",0,72,true,"892","","",false,false,"NONE"
2,"Exchange","",15478,73,true,"867","","",false,false,"NONE"
2,"WholeStageCodegen","WholeStageCodegen (195)",629533,74,true,"867","Project:SortMergeJoin","75:76",false,false,"NONE"
2,"Project","",0,75,true,"867","","",false,false,"NONE"
2,"SortMergeJoin","",0,76,true,"867","","",false,false,"NONE"
2,"WholeStageCodegen","WholeStageCodegen (193)",660134,77,true,"867","Sort","78",false,false,"NONE"
2,"Sort","",0,78,true,"867","","",false,false,"NONE"
2,"AQEShuffleRead","",0,79,true,"867","","",false,false,"NONE"
2,"Exchange","",14463,80,true,"850","","",false,false,"NONE"
2,"WholeStageCodegen","WholeStageCodegen (147)",1490868,81,true,"850","Project:SortMergeJoin","82:83",false,false,"NONE"
2,"Project","",0,82,true,"850","","",false,false,"NONE"
2,"SortMergeJoin","",0,83,true,"850","","",false,false,"NONE"
2,"WholeStageCodegen","WholeStageCodegen (145)",1519914,84,true,"850","Sort","85",false,false,"NONE"
2,"Sort","",0,85,true,"850","","",false,false,"NONE"
2,"Exchange","",44030,86,true,"839","","",false,false,"NONE"
2,"WholeStageCodegen","WholeStageCodegen (99)",3333606,87,true,"839","Project:SortMergeJoin","88:89",false,false,"NONE"
2,"Project","",0,88,true,"839","","",false,false,"NONE"
2,"SortMergeJoin","",0,89,true,"839","","",false,false,"NONE"
2,"WholeStageCodegen","WholeStageCodegen (97)",0,90,true,"839","Sort","91",false,false,"NONE"
2,"Sort","",0,91,true,"839","","",false,false,"NONE"
2,"Exchange","",144253,92,true,"820","","",false,false,"NONE"
2,"WholeStageCodegen","WholeStageCodegen (1)",3821880,93,true,"820","Filter:ColumnarToRow","94:95",false,false,"NONE"
2,"Filter","",0,94,true,"820","","",false,false,"NONE"
2,"ColumnarToRow","",0,95,false,"820","","",true,false,"IgnoreNoPerf"
2,"Scan parquet","Format: parquet",2889817,96,true,"820","","",false,false,"NONE"
2,"WholeStageCodegen","WholeStageCodegen (98)",6687633,97,true,"839","Sort","98",false,false,"NONE"
2,"Sort","",0,98,true,"839","","",false,false,"NONE"
2,"Exchange","",1597,99,true,"821","","",false,false,"NONE"
2,"WholeStageCodegen","WholeStageCodegen (2)",178748,100,true,"821","Filter:ColumnarToRow","101:102",false,false,"NONE"
2,"Filter","",0,101,true,"821","","",false,false,"NONE"
2,"ColumnarToRow","",0,102,false,"821","","",true,false,"IgnoreNoPerf"
2,"Scan parquet","Format: parquet",176287,103,true,"821","","",false,false,"NONE"
2,"WholeStageCodegen","WholeStageCodegen (146)",0,104,true,"850","Sort","105",false,false,"NONE"
2,"Sort","",0,105,true,"850","","",false,false,"NONE"
2,"Exchange","",1496,106,true,"822","","",false,false,"NONE"
2,"WholeStageCodegen","WholeStageCodegen (3)",176570,107,true,"822","Filter:ColumnarToRow","108:109",false,false,"NONE"
2,"Filter","",0,108,true,"822","","",false,false,"NONE"
2,"ColumnarToRow","",0,109,false,"822","","",true,false,"IgnoreNoPerf"
2,"Scan parquet","Format: parquet",173998,110,true,"822","","",false,false,"NONE"
2,"WholeStageCodegen","WholeStageCodegen (194)",636922,111,true,"867","Sort","112",false,false,"NONE"
2,"Sort","",0,112,true,"867","","",false,false,"NONE"
2,"AQEShuffleRead","",0,113,true,"867","","",false,false,"NONE"
2,"Exchange","",1238,114,true,"823","","",false,false,"NONE"
2,"WholeStageCodegen","WholeStageCodegen (4)",221215,115,true,"823","Filter:ColumnarToRow","116:117",false,false,"NONE"
2,"Filter","",0,116,true,"823","","",false,false,"NONE"
2,"ColumnarToRow","",0,117,false,"823","","",true,false,"IgnoreNoPerf"
2,"Scan parquet","Format: parquet",219895,118,true,"823","","",false,false,"NONE"
2,"WholeStageCodegen","WholeStageCodegen (242)",581014,119,true,"892","Sort","120",false,false,"NONE"
2,"Sort","",0,120,true,"892","","",false,false,"NONE"
2,"AQEShuffleRead","",0,121,true,"892","","",false,false,"NONE"
2,"Exchange","",23,122,true,"824","","",false,false,"NONE"
2,"WholeStageCodegen","WholeStageCodegen (5)",13549,123,true,"824","Filter:ColumnarToRow","124:125",false,false,"NONE"
2,"Filter","",0,124,true,"824","","",false,false,"NONE"
2,"ColumnarToRow","",0,125,false,"824","","",true,false,"IgnoreNoPerf"
2,"Scan parquet","Format: parquet",13444,126,true,"824","","",false,false,"NONE"
2,"WholeStageCodegen","WholeStageCodegen (305)",387748,127,true,"937","Sort","128",false,false,"NONE"
2,"Sort","",0,128,true,"937","","",false,false,"NONE"
2,"AQEShuffleRead","",0,129,true,"937","","",false,false,"NONE"
2,"Exchange","",1,130,true,"825","","",false,false,"NONE"
2,"WholeStageCodegen","WholeStageCodegen (6)",210,131,true,"825","Filter:ColumnarToRow","132:133",false,false,"NONE"
2,"Filter","",0,132,true,"825","","",false,false,"NONE"
2,"ColumnarToRow","",0,133,false,"825","","",true,false,"IgnoreNoPerf"
2,"Scan parquet","Format: parquet",195,134,false,"825","","",false,false,"Triage"
2,"WholeStageCodegen","WholeStageCodegen (338)",1236583,135,true,"971","Sort:HashAggregate","136:137",false,false,"NONE"
2,"Sort","",0,136,true,"971","","",false,false,"NONE"
2,"HashAggregate","",119931,137,true,"971","","",false,false,"NONE"
2,"Exchange","",3920,138,true,"926","","",false,false,"NONE"
2,"WholeStageCodegen","WholeStageCodegen (297)",490454,139,true,"926","HashAggregate:Project:SortMergeJoin","140:141:142",false,false,"NONE"
2,"HashAggregate","",421896,140,true,"926","","",false,false,"NONE"
2,"Project","",0,141,true,"926","","",false,false,"NONE"
2,"SortMergeJoin","",0,142,true,"926","","",false,false,"NONE"
2,"WholeStageCodegen","WholeStageCodegen (295)",493169,143,true,"926","Sort","144",false,false,"NONE"
2,"Sort","",0,144,true,"926","","",false,false,"NONE"
2,"AQEShuffleRead","",0,145,true,"926","","",false,false,"NONE"
2,"Exchange","",4821,146,true,"896","","",false,false,"NONE"
2,"WholeStageCodegen","WholeStageCodegen (246)",400975,147,true,"896","Project:SortMergeJoin","148:149",false,false,"NONE"
2,"Project","",0,148,true,"896","","",false,false,"NONE"
2,"SortMergeJoin","",0,149,true,"896","","",false,false,"NONE"
2,"WholeStageCodegen","WholeStageCodegen (244)",415661,150,true,"896","Sort","151",false,false,"NONE"
2,"Sort","",0,151,true,"896","","",false,false,"NONE"
2,"AQEShuffleRead","",0,152,true,"896","","",false,false,"NONE"
2,"Exchange","",10418,153,true,"870","","",false,false,"NONE"
2,"WholeStageCodegen","WholeStageCodegen (198)",546661,154,true,"870","Project:SortMergeJoin","155:156",false,false,"NONE"
2,"Project","",0,155,true,"870","","",false,false,"NONE"
2,"SortMergeJoin","",0,156,true,"870","","",false,false,"NONE"
2,"WholeStageCodegen","WholeStageCodegen (196)",567702,157,true,"870","Sort","158",false,false,"NONE"
2,"Sort","",0,158,true,"870","","",false,false,"NONE"
2,"AQEShuffleRead","",0,159,true,"870","","",false,false,"NONE"
2,"Exchange","",12753,160,true,"853","","",false,false,"NONE"
2,"WholeStageCodegen","WholeStageCodegen (150)",1371913,161,true,"853","Project:SortMergeJoin","162:163",false,false,"NONE"
2,"Project","",0,162,true,"853","","",false,false,"NONE"
2,"SortMergeJoin","",0,163,true,"853","","",false,false,"NONE"
2,"WholeStageCodegen","WholeStageCodegen (148)",1395939,164,true,"853","Sort","165",false,false,"NONE"
2,"Sort","",0,165,true,"853","","",false,false,"NONE"
2,"Exchange","",39464,166,true,"841","","",false,false,"NONE"
2,"WholeStageCodegen","WholeStageCodegen (102)",2685872,167,true,"841","Project:SortMergeJoin","168:169",false,false,"NONE"
2,"Project","",0,168,true,"841","","",false,false,"NONE"
2,"SortMergeJoin","",0,169,true,"841","","",false,false,"NONE"
2,"WholeStageCodegen","WholeStageCodegen (100)",0,170,true,"841","Sort","171",false,false,"NONE"
2,"Sort","",0,171,true,"841","","",false,false,"NONE"
2,"Exchange","",62182,172,true,"826","","",false,false,"NONE"
2,"WholeStageCodegen","WholeStageCodegen (7)",1968187,173,true,"826","Filter:ColumnarToRow","174:175",false,false,"NONE"
2,"Filter","",0,174,true,"826","","",false,false,"NONE"
2,"ColumnarToRow","",0,175,false,"826","","",true,false,"IgnoreNoPerf"
2,"Scan parquet","Format: parquet",1128636,176,true,"826","","",false,false,"NONE"
2,"WholeStageCodegen","WholeStageCodegen (101)",5390491,177,true,"841","Sort","178",false,false,"NONE"
2,"Sort","",0,178,true,"841","","",false,false,"NONE"
2,"WholeStageCodegen","WholeStageCodegen (149)",0,179,true,"853","Sort","180",false,false,"NONE"
2,"Sort","",0,180,true,"853","","",false,false,"NONE"
2,"Exchange","",1586,181,true,"827","","",false,false,"NONE"
2,"WholeStageCodegen","WholeStageCodegen (9)",211896,182,true,"827","Filter:ColumnarToRow","183:184",false,false,"NONE"
2,"Filter","",0,183,true,"827","","",false,false,"NONE"
2,"ColumnarToRow","",0,184,false,"827","","",true,false,"IgnoreNoPerf"
2,"Scan parquet","Format: parquet",209547,185,true,"827","","",false,false,"NONE"
2,"WholeStageCodegen","WholeStageCodegen (197)",552754,186,true,"870","Sort","187",false,false,"NONE"
2,"Sort","",0,187,true,"870","","",false,false,"NONE"
2,"AQEShuffleRead","",0,188,true,"870","","",false,false,"NONE"
2,"Exchange","",1242,189,true,"828","","",false,false,"NONE"
2,"WholeStageCodegen","WholeStageCodegen (10)",210737,190,true,"828","Filter:ColumnarToRow","191:192",false,false,"NONE"
2,"Filter","",0,191,true,"828","","",false,false,"NONE"
2,"ColumnarToRow","",0,192,false,"828","","",true,false,"IgnoreNoPerf"
2,"Scan parquet","Format: parquet",209573,193,true,"828","","",false,false,"NONE"
2,"WholeStageCodegen","WholeStageCodegen (245)",400866,194,true,"896","Sort","195",false,false,"NONE"
2,"Sort","",0,195,true,"896","","",false,false,"NONE"
2,"AQEShuffleRead","",0,196,true,"896","","",false,false,"NONE"
2,"Exchange","",23,197,true,"829","","",false,false,"NONE"
2,"WholeStageCodegen","WholeStageCodegen (11)",14733,198,true,"829","Filter:ColumnarToRow","199:200",false,false,"NONE"
2,"Filter","",0,199,true,"829","","",false,false,"NONE"
2,"ColumnarToRow","",0,200,false,"829","","",true,false,"IgnoreNoPerf"
2,"Scan parquet","Format: parquet",14632,201,true,"829","","",false,false,"NONE"
2,"WholeStageCodegen","WholeStageCodegen (296)",263271,202,true,"926","Sort","203",false,false,"NONE"
2,"Sort","",0,203,true,"926","","",false,false,"NONE"
2,"AQEShuffleRead","",0,204,true,"926","","",false,false,"NONE"
2,"Exchange","",3,205,true,"830","","",false,false,"NONE"
2,"WholeStageCodegen","WholeStageCodegen (12)",383,206,true,"830","Filter:ColumnarToRow","207:208",false,false,"NONE"
2,"Filter","",0,207,true,"830","","",false,false,"NONE"
2,"ColumnarToRow","",0,208,false,"830","","",true,false,"IgnoreNoPerf"
2,"Scan parquet","Format: parquet",369,209,false,"830","","",false,false,"Triage"
2,"WholeStageCodegen","WholeStageCodegen (344)",1202166,210,true,"990","Sort:HashAggregate","211:212",false,false,"NONE"
2,"Sort","",0,211,true,"990","","",false,false,"NONE"
2,"HashAggregate","",111417,212,true,"990","","",false,false,"NONE"
2,"Exchange","",4512,213,true,"953","","",false,false,"NONE"
2,"WholeStageCodegen","WholeStageCodegen (321)",536293,214,true,"953","HashAggregate:Project:SortMergeJoin","215:216:217",false,false,"NONE"
2,"HashAggregate","",474236,215,true,"953","","",false,false,"NONE"
2,"Project","",0,216,true,"953","","",false,false,"NONE"
2,"SortMergeJoin","",0,217,true,"953","","",false,false,"NONE"
2,"WholeStageCodegen","WholeStageCodegen (319)",499838,218,true,"953","Sort","219",false,false,"NONE"
2,"Sort","",0,219,true,"953","","",false,false,"NONE"
2,"AQEShuffleRead","",0,220,true,"953","","",false,false,"NONE"
2,"Exchange","",6558,221,true,"901","","",false,false,"NONE"
2,"WholeStageCodegen","WholeStageCodegen (255)",348504,222,true,"901","Project:SortMergeJoin","223:224",false,false,"NONE"
2,"Project","",0,223,true,"901","","",false,false,"NONE"
2,"SortMergeJoin","",0,224,true,"901","","",false,false,"NONE"
2,"WholeStageCodegen","WholeStageCodegen (253)",359284,225,true,"901","Sort","226",false,false,"NONE"
2,"Sort","",0,226,true,"901","","",false,false,"NONE"
2,"AQEShuffleRead","",0,227,true,"901","","",false,false,"NONE"
2,"Exchange","",9123,228,true,"874","","",false,false,"NONE"
2,"WholeStageCodegen","WholeStageCodegen (207)",460919,229,true,"874","Project:SortMergeJoin","230:231",false,false,"NONE"
2,"Project","",0,230,true,"874","","",false,false,"NONE"
2,"SortMergeJoin","",0,231,true,"874","","",false,false,"NONE"
2,"WholeStageCodegen","WholeStageCodegen (205)",479988,232,true,"874","Sort","233",false,false,"NONE"
2,"Sort","",0,233,true,"874","","",false,false,"NONE"
2,"Exchange","",9466,234,true,"856","","",false,false,"NONE"
2,"WholeStageCodegen","WholeStageCodegen (159)",1159480,235,true,"856","Project:SortMergeJoin","236:237",false,false,"NONE"
2,"Project","",0,236,true,"856","","",false,false,"NONE"
2,"SortMergeJoin","",0,237,true,"856","","",false,false,"NONE"
2,"WholeStageCodegen","WholeStageCodegen (157)",1187403,238,true,"856","Sort","239",false,false,"NONE"
2,"Sort","",0,239,true,"856","","",false,false,"NONE"
2,"Exchange","",30715,240,true,"843","","",false,false,"NONE"
2,"WholeStageCodegen","WholeStageCodegen (105)",2548121,241,true,"843","Project:SortMergeJoin","242:243",false,false,"NONE"
2,"Project","",0,242,true,"843","","",false,false,"NONE"
2,"SortMergeJoin","",0,243,true,"843","","",false,false,"NONE"
2,"WholeStageCodegen","WholeStageCodegen (103)",0,244,true,"843","Sort","245",false,false,"NONE"
2,"Sort","",0,245,true,"843","","",false,false,"NONE"
2,"WholeStageCodegen","WholeStageCodegen (104)",5115701,246,true,"843","Sort","247",false,false,"NONE"
2,"Sort","",0,247,true,"843","","",false,false,"NONE"
2,"Exchange","",1354,248,true,"831","","",false,false,"NONE"
2,"WholeStageCodegen","WholeStageCodegen (14)",227405,249,true,"831","Filter:ColumnarToRow","250:251",false,false,"NONE"
2,"Filter","",0,250,true,"831","","",false,false,"NONE"
2,"ColumnarToRow","",0,251,false,"831","","",true,false,"IgnoreNoPerf"
2,"Scan parquet","Format: parquet",225590,252,true,"831","","",false,false,"NONE"
2,"WholeStageCodegen","WholeStageCodegen (158)",0,253,true,"856","Sort","254",false,false,"NONE"
2,"Sort","",0,254,true,"856","","",false,false,"NONE"
2,"WholeStageCodegen","WholeStageCodegen (206)",465800,255,true,"874","Sort","256",false,false,"NONE"
2,"Sort","",0,256,true,"874","","",false,false,"NONE"
2,"WholeStageCodegen","WholeStageCodegen (254)",345992,257,true,"901","Sort","258",false,false,"NONE"
2,"Sort","",0,258,true,"901","","",false,false,"NONE"
2,"AQEShuffleRead","",0,259,true,"901","","",false,false,"NONE"
2,"WholeStageCodegen","WholeStageCodegen (320)",281924,260,true,"953","Sort","261",false,false,"NONE"
2,"Sort","",0,261,true,"953","","",false,false,"NONE"
2,"AQEShuffleRead","",0,262,true,"953","","",false,false,"NONE"
2,"WholeStageCodegen","WholeStageCodegen (350)",1187707,263,true,"1010","Sort:HashAggregate","264:265",false,false,"NONE"
2,"Sort","",0,264,true,"1010","","",false,false,"NONE"
2,"HashAggregate","",122398,265,true,"1010","","",false,false,"NONE"
2,"Exchange","",2645,266,true,"959","","",false,false,"NONE"
2,"WholeStageCodegen","WholeStageCodegen (333)",437338,267,true,"959","HashAggregate:Project:SortMergeJoin","268:269:270",false,false,"NONE"
2,"HashAggregate","",389524,268,true,"959","","",false,false,"NONE"
2,"Project","",0,269,true,"959","","",false,false,"NONE"
2,"SortMergeJoin","",0,270,true,"959","","",false,false,"NONE"
2,"WholeStageCodegen","WholeStageCodegen (331)",410102,271,true,"959","Sort","272",false,false,"NONE"
2,"Sort","",0,272,true,"959","","",false,false,"NONE"
2,"AQEShuffleRead","",0,273,true,"959","","",false,false,"NONE"
2,"Exchange","",3873,274,true,"907","","",false,false,"NONE"
2,"WholeStageCodegen","WholeStageCodegen (273)",327420,275,true,"907","Project:SortMergeJoin","276:277",false,false,"NONE"
2,"Project","",0,276,true,"907","","",false,false,"NONE"
2,"SortMergeJoin","",0,277,true,"907","","",false,false,"NONE"
2,"WholeStageCodegen","WholeStageCodegen (271)",338173,278,true,"907","Sort","279",false,false,"NONE"
2,"Sort","",0,279,true,"907","","",false,false,"NONE"
2,"AQEShuffleRead","",0,280,true,"907","","",false,false,"NONE"
2,"Exchange","",8806,281,true,"878","","",false,false,"NONE"
2,"WholeStageCodegen","WholeStageCodegen (225)",507985,282,true,"878","Project:SortMergeJoin","283:284",false,false,"NONE"
2,"Project","",0,283,true,"878","","",false,false,"NONE"
2,"SortMergeJoin","",0,284,true,"878","","",false,false,"NONE"
2,"WholeStageCodegen","WholeStageCodegen (223)",531116,285,true,"878","Sort","286",false,false,"NONE"
2,"Sort","",0,286,true,"878","","",false,false,"NONE"
2,"Exchange","",9961,287,true,"857","","",false,false,"NONE"
2,"WholeStageCodegen","WholeStageCodegen (162)",1177519,288,true,"857","Project:SortMergeJoin","289:290",false,false,"NONE"
2,"Project","",0,289,true,"857","","",false,false,"NONE"
2,"SortMergeJoin","",0,290,true,"857","","",false,false,"NONE"
2,"WholeStageCodegen","WholeStageCodegen (160)",1202432,291,true,"857","Sort","292",false,false,"NONE"
2,"Sort","",0,292,true,"857","","",false,false,"NONE"
2,"WholeStageCodegen","WholeStageCodegen (161)",0,293,true,"857","Sort","294",false,false,"NONE"
2,"Sort","",0,294,true,"857","","",false,false,"NONE"
2,"WholeStageCodegen","WholeStageCodegen (224)",514759,295,true,"878","Sort","296",false,false,"NONE"
2,"Sort","",0,296,true,"878","","",false,false,"NONE"
2,"Exchange","",1079,297,true,"832","","",false,false,"NONE"
2,"WholeStageCodegen","WholeStageCodegen (22)",286388,298,true,"832","Filter:ColumnarToRow","299:300",false,false,"NONE"
2,"Filter","",0,299,true,"832","","",false,false,"NONE"
2,"ColumnarToRow","",0,300,false,"832","","",true,false,"IgnoreNoPerf"
2,"Scan parquet","Format: parquet",285165,301,true,"832","","",false,false,"NONE"
2,"WholeStageCodegen","WholeStageCodegen (272)",325726,302,true,"907","Sort","303",false,false,"NONE"
2,"Sort","",0,303,true,"907","","",false,false,"NONE"
2,"AQEShuffleRead","",0,304,true,"907","","",false,false,"NONE"
2,"WholeStageCodegen","WholeStageCodegen (332)",229495,305,true,"959","Sort","306",false,false,"NONE"
2,"Sort","",0,306,true,"959","","",false,false,"NONE"
2,"AQEShuffleRead","",0,307,true,"959","","",false,false,"NONE"
2,"WholeStageCodegen","WholeStageCodegen (356)",169735,308,true,"1031","Sort:HashAggregate","309:310",false,false,"NONE"
2,"Sort","",0,309,true,"1031","","",false,false,"NONE"
2,"HashAggregate","",460,310,true,"1031","","",false,false,"NONE"
2,"AQEShuffleRead","",0,311,true,"1031","","",false,false,"NONE"
2,"Exchange","",49,312,true,"921","","",false,false,"NONE"
2,"WholeStageCodegen","WholeStageCodegen (291)",186243,313,true,"921","HashAggregate:Project:SortMergeJoin","314:315:316",false,false,"NONE"
2,"HashAggregate","",179903,314,true,"921","","",false,false,"NONE"
2,"Project","",0,315,true,"921","","",false,false,"NONE"
2,"SortMergeJoin","",0,316,true,"921","","",false,false,"NONE"
2,"WholeStageCodegen","WholeStageCodegen (289)",205120,317,true,"921","Sort","318",false,false,"NONE"
2,"Sort","",0,318,true,"921","","",false,false,"NONE"
2,"AQEShuffleRead","",0,319,true,"921","","",false,false,"NONE"
2,"Exchange","",2129,320,true,"903","","",false,false,"NONE"
2,"WholeStageCodegen","WholeStageCodegen (267)",310847,321,true,"903","Project:SortMergeJoin","322:323",false,false,"NONE"
2,"Project","",0,322,true,"903","","",false,false,"NONE"
2,"SortMergeJoin","",0,323,true,"903","","",false,false,"NONE"
2,"WholeStageCodegen","WholeStageCodegen (265)",319893,324,true,"903","Sort","325",false,false,"NONE"
2,"Sort","",0,325,true,"903","","",false,false,"NONE"
2,"AQEShuffleRead","",0,326,true,"903","","",false,false,"NONE"
2,"Exchange","",7220,327,true,"875","","",false,false,"NONE"
2,"WholeStageCodegen","WholeStageCodegen (210)",424532,328,true,"875","Project:SortMergeJoin","329:330",false,false,"NONE"
2,"Project","",0,329,true,"875","","",false,false,"NONE"
2,"SortMergeJoin","",0,330,true,"875","","",false,false,"NONE"
2,"WholeStageCodegen","WholeStageCodegen (208)",444373,331,true,"875","Sort","332",false,false,"NONE"
2,"Sort","",0,332,true,"875","","",false,false,"NONE"
2,"WholeStageCodegen","WholeStageCodegen (209)",430053,333,true,"875","Sort","334",false,false,"NONE"
2,"Sort","",0,334,true,"875","","",false,false,"NONE"
2,"WholeStageCodegen","WholeStageCodegen (266)",309408,335,true,"903","Sort","336",false,false,"NONE"
2,"Sort","",0,336,true,"903","","",false,false,"NONE"
2,"AQEShuffleRead","",0,337,true,"903","","",false,false,"NONE"
2,"WholeStageCodegen","WholeStageCodegen (290)",172372,338,true,"921","Sort","339",false,false,"NONE"
2,"Sort","",0,339,true,"921","","",false,false,"NONE"
2,"AQEShuffleRead","",0,340,true,"921","","",false,false,"NONE"
2,"Exchange","",1,341,true,"833","","",false,false,"NONE"
2,"WholeStageCodegen","WholeStageCodegen (30)",345,342,true,"833","Filter:ColumnarToRow","343:344",false,false,"NONE"
2,"Filter","",0,343,true,"833","","",false,false,"NONE"
2,"ColumnarToRow","",0,344,false,"833","","",true,false,"IgnoreNoPerf"
2,"Scan parquet","Format: parquet",333,345,false,"833","","",false,false,"Triage"
2,"WholeStageCodegen","WholeStageCodegen (365)",242835,346,true,"1067","Sort:HashAggregate","347:348",false,false,"NONE"
2,"Sort","",0,347,true,"1067","","",false,false,"NONE"
2,"HashAggregate","",9414,348,true,"1067","","",false,false,"NONE"
2,"AQEShuffleRead","",0,349,true,"1067","","",false,false,"NONE"
2,"Exchange","",13087,350,true,"950","","",false,false,"NONE"
2,"WholeStageCodegen","WholeStageCodegen (315)",272766,351,true,"950","HashAggregate:Project:SortMergeJoin","352:353:354",false,false,"NONE"
2,"HashAggregate","",263218,352,true,"950","","",false,false,"NONE"
2,"Project","",0,353,true,"950","","",false,false,"NONE"
2,"SortMergeJoin","",0,354,true,"950","","",false,false,"NONE"
2,"WholeStageCodegen","WholeStageCodegen (313)",288791,355,true,"950","Sort","356",false,false,"NONE"
2,"Sort","",0,356,true,"950","","",false,false,"NONE"
2,"AQEShuffleRead","",0,357,true,"950","","",false,false,"NONE"
2,"Exchange","",3908,358,true,"913","","",false,false,"NONE"
2,"WholeStageCodegen","WholeStageCodegen (279)",320356,359,true,"913","Project:SortMergeJoin","360:361",false,false,"NONE"
2,"Project","",0,360,true,"913","","",false,false,"NONE"
2,"SortMergeJoin","",0,361,true,"913","","",false,false,"NONE"
2,"WholeStageCodegen","WholeStageCodegen (277)",329853,362,true,"913","Sort","363",false,false,"NONE"
2,"Sort","",0,363,true,"913","","",false,false,"NONE"
2,"AQEShuffleRead","",0,364,true,"913","","",false,false,"NONE"
2,"Exchange","",9004,365,true,"883","","",false,false,"NONE"
2,"WholeStageCodegen","WholeStageCodegen (231)",495607,366,true,"883","Project:SortMergeJoin","367:368",false,false,"NONE"
2,"Project","",0,367,true,"883","","",false,false,"NONE"
2,"SortMergeJoin","",0,368,true,"883","","",false,false,"NONE"
2,"WholeStageCodegen","WholeStageCodegen (229)",518004,369,true,"883","Sort","370",false,false,"NONE"
2,"Sort","",0,370,true,"883","","",false,false,"NONE"
2,"Exchange","",10057,371,true,"860","","",false,false,"NONE"
2,"WholeStageCodegen","WholeStageCodegen (183)",1246413,372,true,"860","Project:SortMergeJoin","373:374",false,false,"NONE"
2,"Project","",0,373,true,"860","","",false,false,"NONE"
2,"SortMergeJoin","",0,374,true,"860","","",false,false,"NONE"
2,"WholeStageCodegen","WholeStageCodegen (181)",1273614,375,true,"860","Sort","376",false,false,"NONE"
2,"Sort","",0,376,true,"860","","",false,false,"NONE"
2,"Exchange","",32690,377,true,"845","","",false,false,"NONE"
2,"WholeStageCodegen","WholeStageCodegen (114)",2594784,378,true,"845","Project:SortMergeJoin","379:380",false,false,"NONE"
2,"Project","",0,379,true,"845","","",false,false,"NONE"
2,"SortMergeJoin","",0,380,true,"845","","",false,false,"NONE"
2,"WholeStageCodegen","WholeStageCodegen (112)",0,381,true,"845","Sort","382",false,false,"NONE"
2,"Sort","",0,382,true,"845","","",false,false,"NONE"
2,"WholeStageCodegen","WholeStageCodegen (113)",5207003,383,true,"845","Sort","384",false,false,"NONE"
2,"Sort","",0,384,true,"845","","",false,false,"NONE"
2,"Exchange","",2168,385,true,"834","","",false,false,"NONE"
2,"WholeStageCodegen","WholeStageCodegen (32)",376254,386,true,"834","Filter:ColumnarToRow","387:388",false,false,"NONE"
2,"Filter","",0,387,true,"834","","",false,false,"NONE"
2,"ColumnarToRow","",0,388,false,"834","","",true,false,"IgnoreNoPerf"
2,"Scan parquet","Format: parquet",374083,389,true,"834","","",false,false,"NONE"
2,"WholeStageCodegen","WholeStageCodegen (182)",0,390,true,"860","Sort","391",false,false,"NONE"
2,"Sort","",0,391,true,"860","","",false,false,"NONE"
2,"WholeStageCodegen","WholeStageCodegen (230)",501699,392,true,"883","Sort","393",false,false,"NONE"
2,"Sort","",0,393,true,"883","","",false,false,"NONE"
2,"Exchange","",3357,394,true,"835","","",false,false,"NONE"
2,"WholeStageCodegen","WholeStageCodegen (34)",346664,395,true,"835","Filter:ColumnarToRow","396:397",false,false,"NONE"
2,"Filter","",0,396,true,"835","","",false,false,"NONE"
2,"ColumnarToRow","",0,397,false,"835","","",true,false,"IgnoreNoPerf"
2,"Scan parquet","Format: parquet",345389,398,true,"835","","",false,false,"NONE"
2,"WholeStageCodegen","WholeStageCodegen (278)",318467,399,true,"913","Sort","400",false,false,"NONE"
2,"Sort","",0,400,true,"913","","",false,false,"NONE"
2,"AQEShuffleRead","",0,401,true,"913","","",false,false,"NONE"
2,"WholeStageCodegen","WholeStageCodegen (314)",198671,402,true,"950","Sort","403",false,false,"NONE"
2,"Sort","",0,403,true,"950","","",false,false,"NONE"
2,"AQEShuffleRead","",0,404,true,"950","","",false,false,"NONE"
2,"Exchange","",3,405,true,"836","","",false,false,"NONE"
2,"WholeStageCodegen","WholeStageCodegen (36)",700,406,true,"836","Filter:ColumnarToRow","407:408",false,false,"NONE"
2,"Filter","",0,407,true,"836","","",false,false,"NONE"
2,"ColumnarToRow","",0,408,false,"836","","",true,false,"IgnoreNoPerf"
2,"Scan parquet","Format: parquet",687,409,false,"836","","",false,false,"Triage"
2,"WholeStageCodegen","WholeStageCodegen (371)",913465,410,true,"1094","Sort","411",false,false,"NONE"
2,"Sort","",0,411,true,"1094","","",false,false,"NONE"
2,"Exchange","",5794,412,true,"942","","",false,false,"NONE"
2,"WholeStageCodegen","WholeStageCodegen (309)",374801,413,true,"942","HashAggregate:HashAggregate:Project:SortMergeJoin","414:415:416:417",false,false,"NONE"
2,"HashAggregate","",321789,414,true,"942","","",false,false,"NONE"
2,"HashAggregate","",262351,415,true,"942","","",false,false,"NONE"
2,"Project","",0,416,true,"942","","",false,false,"NONE"
2,"SortMergeJoin","",0,417,true,"942","","",false,false,"NONE"
2,"WholeStageCodegen","WholeStageCodegen (307)",284162,418,true,"942","Sort","419",false,false,"NONE"
2,"Sort","",0,419,true,"942","","",false,false,"NONE"
2,"AQEShuffleRead","",0,420,true,"942","","",false,false,"NONE"
2,"Exchange","",2474,421,true,"917","","",false,false,"NONE"
2,"WholeStageCodegen","WholeStageCodegen (285)",250480,422,true,"917","Project:SortMergeJoin","423:424",false,false,"NONE"
2,"Project","",0,423,true,"917","","",false,false,"NONE"
2,"SortMergeJoin","",0,424,true,"917","","",false,false,"NONE"
2,"WholeStageCodegen","WholeStageCodegen (283)",260339,425,true,"917","Sort","426",false,false,"NONE"
2,"Sort","",0,426,true,"917","","",false,false,"NONE"
2,"AQEShuffleRead","",0,427,true,"917","","",false,false,"NONE"
2,"Exchange","",9646,428,true,"886","","",false,false,"NONE"
2,"WholeStageCodegen","WholeStageCodegen (237)",455098,429,true,"886","Project:SortMergeJoin","430:431",false,false,"NONE"
2,"Project","",0,430,true,"886","","",false,false,"NONE"
2,"SortMergeJoin","",0,431,true,"886","","",false,false,"NONE"
2,"WholeStageCodegen","WholeStageCodegen (235)",476471,432,true,"886","Sort","433",false,false,"NONE"
2,"Sort","",0,433,true,"886","","",false,false,"NONE"
2,"AQEShuffleRead","",0,434,true,"886","","",false,false,"NONE"
2,"Exchange","",10119,435,true,"862","","",false,false,"NONE"
2,"WholeStageCodegen","WholeStageCodegen (189)",1193477,436,true,"862","Project:SortMergeJoin","437:438",false,false,"NONE"
2,"Project","",0,437,true,"862","","",false,false,"NONE"
2,"SortMergeJoin","",0,438,true,"862","","",false,false,"NONE"
2,"WholeStageCodegen","WholeStageCodegen (187)",1220393,439,true,"862","Sort","440",false,false,"NONE"
2,"Sort","",0,440,true,"862","","",false,false,"NONE"
2,"Exchange","",31486,441,true,"846","","",false,false,"NONE"
2,"WholeStageCodegen","WholeStageCodegen (117)",2491206,442,true,"846","Project:SortMergeJoin","443:444",false,false,"NONE"
2,"Project","",0,443,true,"846","","",false,false,"NONE"
2,"SortMergeJoin","",0,444,true,"846","","",false,false,"NONE"
2,"WholeStageCodegen","WholeStageCodegen (115)",0,445,true,"846","Sort","446",false,false,"NONE"
2,"Sort","",0,446,true,"846","","",false,false,"NONE"
2,"WholeStageCodegen","WholeStageCodegen (116)",4996913,447,true,"846","Sort","448",false,false,"NONE"
2,"Sort","",0,448,true,"846","","",false,false,"NONE"
2,"WholeStageCodegen","WholeStageCodegen (188)",0,449,true,"862","Sort","450",false,false,"NONE"
2,"Sort","",0,450,true,"862","","",false,false,"NONE"
2,"WholeStageCodegen","WholeStageCodegen (236)",460849,451,true,"886","Sort","452",false,false,"NONE"
2,"Sort","",0,452,true,"886","","",false,false,"NONE"
2,"AQEShuffleRead","",0,453,true,"886","","",false,false,"NONE"
2,"WholeStageCodegen","WholeStageCodegen (284)",250870,454,true,"917","Sort","455",false,false,"NONE"
2,"Sort","",0,455,true,"917","","",false,false,"NONE"
2,"AQEShuffleRead","",0,456,true,"917","","",false,false,"NONE"
2,"WholeStageCodegen","WholeStageCodegen (308)",174640,457,true,"942","Sort","458",false,false,"NONE"
2,"Sort","",0,458,true,"942","","",false,false,"NONE"
2,"AQEShuffleRead","",0,459,true,"942","","",false,false,"NONE"
2,"WholeStageCodegen","WholeStageCodegen (377)",1435690,460,true,"1119","Sort:HashAggregate","461:462",false,false,"NONE"
2,"Sort","",0,461,true,"1119","","",false,false,"NONE"
2,"HashAggregate","",174586,462,true,"1119","","",false,false,"NONE"
2,"Exchange","",4189,463,true,"954","","",false,false,"NONE"
2,"WholeStageCodegen","WholeStageCodegen (324)",485249,464,true,"954","HashAggregate:Project:SortMergeJoin","465:466:467",false,false,"NONE"
2,"HashAggregate","",409437,465,true,"954","","",false,false,"NONE"
2,"Project","",0,466,true,"954","","",false,false,"NONE"
2,"SortMergeJoin","",0,467,true,"954","","",false,false,"NONE"
2,"WholeStageCodegen","WholeStageCodegen (322)",437580,468,true,"954","Sort","469",false,false,"NONE"
2,"Sort","",0,469,true,"954","","",false,false,"NONE"
2,"AQEShuffleRead","",0,470,true,"954","","",false,false,"NONE"
2,"WholeStageCodegen","WholeStageCodegen (323)",261716,471,true,"954","Sort","472",false,false,"NONE"
2,"Sort","",0,472,true,"954","","",false,false,"NONE"
2,"AQEShuffleRead","",0,473,true,"954","","",false,false,"NONE"
2,"WholeStageCodegen","WholeStageCodegen (381)",29541,474,true,"1247","Sort:HashAggregate","475:476",false,false,"NONE"
2,"Sort","",0,475,true,"1247","","",false,false,"NONE"
2,"HashAggregate","",21135,476,true,"1247","","",false,false,"NONE"
2,"AQEShuffleRead","",0,477,true,"1247","","",false,false,"NONE"
2,"Exchange","",2873,478,true,"1106","","",false,false,"NONE"
2,"WholeStageCodegen","WholeStageCodegen (375)",1244738,479,true,"1106","HashAggregate:Project:SortMergeJoin","480:481:482",false,false,"NONE"
2,"HashAggregate","",1195447,480,true,"1106","","",false,false,"NONE"
2,"Project","",0,481,true,"1106","","",false,false,"NONE"
2,"SortMergeJoin","",0,482,true,"1106","","",false,false,"NONE"
2,"WholeStageCodegen","WholeStageCodegen (373)",1399723,483,true,"1106","Sort","484",false,false,"NONE"
2,"Sort","",0,484,true,"1106","","",false,false,"NONE"
2,"Exchange","",16259,485,true,"1082","","",false,false,"NONE"
2,"WholeStageCodegen","WholeStageCodegen (369)",1060679,486,true,"1082","Project:SortMergeJoin","487:488",false,false,"NONE"
2,"Project","",0,487,true,"1082","","",false,false,"NONE"
2,"SortMergeJoin","",0,488,true,"1082","","",false,false,"NONE"
2,"WholeStageCodegen","WholeStageCodegen (367)",1146769,489,true,"1082","Sort","490",false,false,"NONE"
2,"Sort","",0,490,true,"1082","","",false,false,"NONE"
2,"Exchange","",159239,491,true,"1056","","",false,false,"NONE"
2,"WholeStageCodegen","WholeStageCodegen (363)",283788,492,true,"1056","Project:SortMergeJoin","493:494",false,false,"NONE"
2,"Project","",0,493,true,"1056","","",false,false,"NONE"
2,"SortMergeJoin","",0,494,true,"1056","","",false,false,"NONE"
2,"WholeStageCodegen","WholeStageCodegen (361)",298275,495,true,"1056","Sort","496",false,false,"NONE"
2,"Sort","",0,496,true,"1056","","",false,false,"NONE"
2,"AQEShuffleRead","",0,497,true,"1056","","",false,false,"NONE"
2,"Exchange","",8770,498,true,"1039","","",false,false,"NONE"
2,"WholeStageCodegen","WholeStageCodegen (360)",273766,499,true,"1039","Project:SortMergeJoin","500:501",false,false,"NONE"
2,"Project","",0,500,true,"1039","","",false,false,"NONE"
2,"SortMergeJoin","",0,501,true,"1039","","",false,false,"NONE"
2,"WholeStageCodegen","WholeStageCodegen (358)",282947,502,true,"1039","Sort","503",false,false,"NONE"
2,"Sort","",0,503,true,"1039","","",false,false,"NONE"
2,"AQEShuffleRead","",0,504,true,"1039","","",false,false,"NONE"
2,"Exchange","",7863,505,true,"1017","","",false,false,"NONE"
2,"WholeStageCodegen","WholeStageCodegen (354)",1056392,506,true,"1017","Project:SortMergeJoin","507:508",false,false,"NONE"
2,"Project","",0,507,true,"1017","","",false,false,"NONE"
2,"SortMergeJoin","",0,508,true,"1017","","",false,false,"NONE"
2,"WholeStageCodegen","WholeStageCodegen (352)",1114187,509,true,"1017","Sort","510",false,false,"NONE"
2,"Sort","",0,510,true,"1017","","",false,false,"NONE"
2,"Exchange","",14908,511,true,"996","","",false,false,"NONE"
2,"WholeStageCodegen","WholeStageCodegen (348)",1033112,512,true,"996","Project:SortMergeJoin","513:514",false,false,"NONE"
2,"Project","",0,513,true,"996","","",false,false,"NONE"
2,"SortMergeJoin","",0,514,true,"996","","",false,false,"NONE"
2,"WholeStageCodegen","WholeStageCodegen (346)",1068258,515,true,"996","Sort","516",false,false,"NONE"
2,"Sort","",0,516,true,"996","","",false,false,"NONE"
2,"Exchange","",13973,517,true,"976","","",false,false,"NONE"
2,"WholeStageCodegen","WholeStageCodegen (342)",1010956,518,true,"976","Project:SortMergeJoin","519:520",false,false,"NONE"
2,"Project","",0,519,true,"976","","",false,false,"NONE"
2,"SortMergeJoin","",0,520,true,"976","","",false,false,"NONE"
2,"WholeStageCodegen","WholeStageCodegen (340)",1058785,521,true,"976","Sort","522",false,false,"NONE"
2,"Sort","",0,522,true,"976","","",false,false,"NONE"
2,"Exchange","",53822,523,true,"931","","",false,false,"NONE"
2,"WholeStageCodegen","WholeStageCodegen (303)",601774,524,true,"931","Project:SortMergeJoin","525:526",false,false,"NONE"
2,"Project","",0,525,true,"931","","",false,false,"NONE"
2,"SortMergeJoin","",0,526,true,"931","","",false,false,"NONE"
2,"WholeStageCodegen","WholeStageCodegen (301)",643652,527,true,"931","Sort","528",false,false,"NONE"
2,"Sort","",0,528,true,"931","","",false,false,"NONE"
2,"AQEShuffleRead","",0,529,true,"931","","",false,false,"NONE"
2,"Exchange","",15828,530,true,"899","","",false,false,"NONE"
2,"WholeStageCodegen","WholeStageCodegen (252)",501108,531,true,"899","Project:SortMergeJoin","532:533",false,false,"NONE"
2,"Project","",0,532,true,"899","","",false,false,"NONE"
2,"SortMergeJoin","",0,533,true,"899","","",false,false,"NONE"
2,"WholeStageCodegen","WholeStageCodegen (250)",519047,534,true,"899","Sort","535",false,false,"NONE"
2,"Sort","",0,535,true,"899","","",false,false,"NONE"
2,"AQEShuffleRead","",0,536,true,"899","","",false,false,"NONE"
2,"Exchange","",13348,537,true,"872","","",false,false,"NONE"
2,"WholeStageCodegen","WholeStageCodegen (204)",640062,538,true,"872","Project:SortMergeJoin","539:540",false,false,"NONE"
2,"Project","",0,539,true,"872","","",false,false,"NONE"
2,"SortMergeJoin","",0,540,true,"872","","",false,false,"NONE"
2,"WholeStageCodegen","WholeStageCodegen (202)",662825,541,true,"872","Sort","542",false,false,"NONE"
2,"Sort","",0,542,true,"872","","",false,false,"NONE"
2,"AQEShuffleRead","",0,543,true,"872","","",false,false,"NONE"
2,"Exchange","",13040,544,true,"854","","",false,false,"NONE"
2,"WholeStageCodegen","WholeStageCodegen (153)",1381690,545,true,"854","Project:SortMergeJoin","546:547",false,false,"NONE"
2,"Project","",0,546,true,"854","","",false,false,"NONE"
2,"SortMergeJoin","",0,547,true,"854","","",false,false,"NONE"
2,"WholeStageCodegen","WholeStageCodegen (151)",1405209,548,true,"854","Sort","549",false,false,"NONE"
2,"Sort","",0,549,true,"854","","",false,false,"NONE"
2,"WholeStageCodegen","WholeStageCodegen (152)",0,550,true,"854","Sort","551",false,false,"NONE"
2,"Sort","",0,551,true,"854","","",false,false,"NONE"
2,"WholeStageCodegen","WholeStageCodegen (203)",646487,552,true,"872","Sort","553",false,false,"NONE"
2,"Sort","",0,553,true,"872","","",false,false,"NONE"
2,"AQEShuffleRead","",0,554,true,"872","","",false,false,"NONE"
2,"WholeStageCodegen","WholeStageCodegen (251)",499401,555,true,"899","Sort","556",false,false,"NONE"
2,"Sort","",0,556,true,"899","","",false,false,"NONE"
2,"AQEShuffleRead","",0,557,true,"899","","",false,false,"NONE"
2,"WholeStageCodegen","WholeStageCodegen (302)",408176,558,true,"931","Sort","559",false,false,"NONE"
2,"Sort","",0,559,true,"931","","",false,false,"NONE"
2,"AQEShuffleRead","",0,560,true,"931","","",false,false,"NONE"
2,"WholeStageCodegen","WholeStageCodegen (341)",1024023,561,true,"976","Sort:HashAggregate","562:563",false,false,"NONE"
2,"Sort","",0,562,true,"976","","",false,false,"NONE"
2,"HashAggregate","",90590,563,true,"976","","",false,false,"NONE"
2,"WholeStageCodegen","WholeStageCodegen (347)",1041770,564,true,"996","Sort:HashAggregate","565:566",false,false,"NONE"
2,"Sort","",0,565,true,"996","","",false,false,"NONE"
2,"HashAggregate","",110147,566,true,"996","","",false,false,"NONE"
2,"WholeStageCodegen","WholeStageCodegen (353)",1070581,567,true,"1017","Sort:HashAggregate","568:569",false,false,"NONE"
2,"Sort","",0,568,true,"1017","","",false,false,"NONE"
2,"HashAggregate","",117201,569,true,"1017","","",false,false,"NONE"
2,"WholeStageCodegen","WholeStageCodegen (359)",148152,570,true,"1039","Sort:HashAggregate","571:572",false,false,"NONE"
2,"Sort","",0,571,true,"1039","","",false,false,"NONE"
2,"HashAggregate","",441,572,true,"1039","","",false,false,"NONE"
2,"AQEShuffleRead","",0,573,true,"1039","","",false,false,"NONE"
2,"WholeStageCodegen","WholeStageCodegen (362)",214551,574,true,"1056","Sort:HashAggregate","575:576",false,false,"NONE"
2,"Sort","",0,575,true,"1056","","",false,false,"NONE"
2,"HashAggregate","",6137,576,true,"1056","","",false,false,"NONE"
2,"AQEShuffleRead","",0,577,true,"1056","","",false,false,"NONE"
2,"WholeStageCodegen","WholeStageCodegen (368)",1090508,578,true,"1082","Sort","579",false,false,"NONE"
2,"Sort","",0,579,true,"1082","","",false,false,"NONE"
2,"WholeStageCodegen","WholeStageCodegen (374)",1307005,580,true,"1106","Sort:HashAggregate","581:582",false,false,"NONE"
2,"Sort","",0,581,true,"1106","","",false,false,"NONE"
2,"HashAggregate","",167374,582,true,"1106","","",false,false,"NONE"
