sqlID,sql_plan_version,nodeId,format,buffer_time,scan_time,data_size,decode_time,location,pushedFilters,schema,data_filters,partition_filters,from_final_plan
1,0,221,"Parquet",0,0,0,0,"InMemoryFileIndex(1 paths)[s3a://goes-se-sandbox/data/warehouse/tablespace/external/hive/demo_pauldefusco.db/accounts_skewed]","IsNotNull(account_id)","account_id:bigint","isnotnull(account_id#2948L)","",false
1,0,343,"Parquet",0,0,0,0,"InMemoryFileIndex(1 paths)[s3a://goes-se-sandbox/data/warehouse/tablespace/external/hive/demo_pauldefusco.db/accounts_skewed]","IsNotNull(account_id)","account_id:bigint","isnotnull(account_id#3996L)","",false
1,0,99,"Parquet",0,0,0,0,"InMemoryFileIndex(1 paths)[s3a://goes-se-sandbox/data/warehouse/tablespace/external/hive/demo_pauldefusco.db/accounts_skewed]","IsNotNull(account_id), IsNotNull(account_type)","account_id:bigint,account_type:string,account_status:string","isnotnull(account_id#2676L), isnotnull(account_type#2677)","",false
1,0,52,"Parquet",0,0,0,0,"InMemoryFileIndex(1 paths)[s3a://goes-se-sandbox/data/warehouse/tablespace/external/hive/demo_pauldefusco.db/accounts_skewed]","IsNotNull(account_id)","account_id:bigint,account_type:string,account_status:string,current_balance:double,credit_limit:double,interest_rate:double","isnotnull(account_id#52L)","",false
1,0,180,"Parquet",0,0,0,0,"InMemoryFileIndex(1 paths)[s3a://goes-se-sandbox/data/warehouse/tablespace/external/hive/demo_pauldefusco.db/accounts_skewed]","IsNotNull(account_id), IsNotNull(account_type), IsNotNull(account_status)","account_id:bigint,account_type:string,account_status:string,current_balance:double,credit_limit:double,interest_rate:double","isnotnull(account_id#2333L), isnotnull(account_type#2334), isnotnull(account_status#2336)","",false
1,0,141,"Parquet",0,0,0,0,"InMemoryFileIndex(1 paths)[s3a://goes-se-sandbox/data/warehouse/tablespace/external/hive/demo_pauldefusco.db/accounts_skewed]","IsNotNull(account_id)","account_id:bigint,current_balance:double,interest_rate:double","isnotnull(account_id#2209L)","",false
1,0,259,"Parquet",0,0,0,0,"InMemoryFileIndex(1 paths)[s3a://goes-se-sandbox/data/warehouse/tablespace/external/hive/demo_pauldefusco.db/accounts_skewed]","IsNotNull(account_id)","account_id:bigint,current_balance:double,interest_rate:double","isnotnull(account_id#2526L)","",false
1,0,296,"Parquet",0,0,0,0,"InMemoryFileIndex(1 paths)[s3a://goes-se-sandbox/data/warehouse/tablespace/external/hive/demo_pauldefusco.db/accounts_skewed]","IsNotNull(account_id)","account_id:bigint,current_balance:double,interest_rate:double","isnotnull(account_id#3263L)","",false
1,0,384,"Parquet",0,0,0,0,"InMemoryFileIndex(1 paths)[s3a://goes-se-sandbox/data/warehouse/tablespace/external/hive/demo_pauldefusco.db/accounts_skewed]","IsNotNull(account_id)","account_id:bigint,current_balance:double,interest_rate:double","isnotnull(account_id#3668L)","",false
1,0,421,"Parquet",0,0,0,0,"InMemoryFileIndex(1 paths)[s3a://goes-se-sandbox/data/warehouse/tablespace/external/hive/demo_pauldefusco.db/accounts_skewed]","IsNotNull(account_id)","account_id:bigint,current_balance:double,interest_rate:double","isnotnull(account_id#3801L)","",false
1,0,105,"Parquet",0,0,0,0,"InMemoryFileIndex(1 paths)[s3a://goes-se-sandbox/data/warehouse/tablespace/external/hive/demo_pauldefusco.db/branches_skewed]","IsNotNull(branch_id)","branch_id:bigint","isnotnull(branch_id#2695L)","",false
1,0,147,"Parquet",0,0,0,0,"InMemoryFileIndex(1 paths)[s3a://goes-se-sandbox/data/warehouse/tablespace/external/hive/demo_pauldefusco.db/branches_skewed]","IsNotNull(branch_id)","branch_id:bigint","isnotnull(branch_id#2228L)","",false
1,0,186,"Parquet",0,0,0,0,"InMemoryFileIndex(1 paths)[s3a://goes-se-sandbox/data/warehouse/tablespace/external/hive/demo_pauldefusco.db/branches_skewed]","IsNotNull(branch_id)","branch_id:bigint","isnotnull(branch_id#2352L)","",false
1,0,227,"Parquet",0,0,0,0,"InMemoryFileIndex(1 paths)[s3a://goes-se-sandbox/data/warehouse/tablespace/external/hive/demo_pauldefusco.db/branches_skewed]","IsNotNull(branch_id)","branch_id:bigint","isnotnull(branch_id#2967L)","",false
1,0,265,"Parquet",0,0,0,0,"InMemoryFileIndex(1 paths)[s3a://goes-se-sandbox/data/warehouse/tablespace/external/hive/demo_pauldefusco.db/branches_skewed]","IsNotNull(branch_id)","branch_id:bigint","isnotnull(branch_id#2545L)","",false
1,0,302,"Parquet",0,0,0,0,"InMemoryFileIndex(1 paths)[s3a://goes-se-sandbox/data/warehouse/tablespace/external/hive/demo_pauldefusco.db/branches_skewed]","IsNotNull(branch_id)","branch_id:bigint","isnotnull(branch_id#3282L)","",false
1,0,427,"Parquet",0,0,0,0,"InMemoryFileIndex(1 paths)[s3a://goes-se-sandbox/data/warehouse/tablespace/external/hive/demo_pauldefusco.db/branches_skewed]","IsNotNull(branch_id)","branch_id:bigint","isnotnull(branch_id#3820L)","",false
1,0,58,"Parquet",0,0,0,0,"InMemoryFileIndex(1 paths)[s3a://goes-se-sandbox/data/warehouse/tablespace/external/hive/demo_pauldefusco.db/branches_skewed]","IsNotNull(branch_id)","branch_id:bigint,region:string,branch_type:string","isnotnull(branch_id#91L)","",false
1,0,349,"Parquet",0,0,0,0,"InMemoryFileIndex(1 paths)[s3a://goes-se-sandbox/data/warehouse/tablespace/external/hive/demo_pauldefusco.db/branches_skewed]","IsNotNull(branch_id), IsNotNull(region), IsNotNull(branch_type)","branch_id:bigint,region:string,branch_type:string","isnotnull(branch_id#4015L), isnotnull(region#4018), isnotnull(branch_type#4019)","",false
1,0,390,"Parquet",0,0,0,0,"InMemoryFileIndex(1 paths)[s3a://goes-se-sandbox/data/warehouse/tablespace/external/hive/demo_pauldefusco.db/branches_skewed]","IsNotNull(branch_id), IsNotNull(region), IsNotNull(branch_type)","branch_id:bigint,region:string,branch_type:string,assets_under_management:double,annual_operating_cost:double","isnotnull(branch_id#3687L), isnotnull(region#3690), isnotnull(branch_type#3691)","",false
1,0,108,"Parquet",0,0,0,0,"InMemoryFileIndex(1 paths)[s3a://goes-se-sandbox/data/warehouse/tablespace/external/hive/demo_pauldefusco.db/calendar]","IsNotNull(calendar_date), IsNotNull(year), IsNotNull(month)","calendar_date:date,year:int,month:int","isnotnull(calendar_date#2706), isnotnull(year#2708), isnotnull(month#2710)","",false
1,0,352,"Parquet",0,0,0,0,"InMemoryFileIndex(1 paths)[s3a://goes-se-sandbox/data/warehouse/tablespace/external/hive/demo_pauldefusco.db/calendar]","IsNotNull(calendar_date), IsNotNull(year), IsNotNull(month)","calendar_date:date,year:int,month:int","isnotnull(calendar_date#4026), isnotnull(year#4028), isnotnull(month#4030)","",false
1,0,150,"Parquet",0,0,0,0,"InMemoryFileIndex(1 paths)[s3a://goes-se-sandbox/data/warehouse/tablespace/external/hive/demo_pauldefusco.db/calendar]","IsNotNull(calendar_date), IsNotNull(year), IsNotNull(month)","calendar_date:date,year:int,month:int,is_weekend:boolean","isnotnull(calendar_date#2239), isnotnull(year#2241), isnotnull(month#2243)","",false
1,0,189,"Parquet",0,0,0,0,"InMemoryFileIndex(1 paths)[s3a://goes-se-sandbox/data/warehouse/tablespace/external/hive/demo_pauldefusco.db/calendar]","IsNotNull(calendar_date), IsNotNull(year), IsNotNull(month)","calendar_date:date,year:int,month:int,is_weekend:boolean","isnotnull(calendar_date#2363), isnotnull(year#2365), isnotnull(month#2367)","",false
1,0,305,"Parquet",0,0,0,0,"InMemoryFileIndex(1 paths)[s3a://goes-se-sandbox/data/warehouse/tablespace/external/hive/demo_pauldefusco.db/calendar]","IsNotNull(calendar_date), IsNotNull(year), IsNotNull(month)","calendar_date:date,year:int,month:int,is_weekend:boolean","isnotnull(calendar_date#3293), isnotnull(year#3295), isnotnull(month#3297)","",false
1,0,393,"Parquet",0,0,0,0,"InMemoryFileIndex(1 paths)[s3a://goes-se-sandbox/data/warehouse/tablespace/external/hive/demo_pauldefusco.db/calendar]","IsNotNull(calendar_date), IsNotNull(year), IsNotNull(month)","calendar_date:date,year:int,month:int,is_weekend:boolean","isnotnull(calendar_date#3698), isnotnull(year#3700), isnotnull(month#3702)","",false
1,0,430,"Parquet",0,0,0,0,"InMemoryFileIndex(1 paths)[s3a://goes-se-sandbox/data/warehouse/tablespace/external/hive/demo_pauldefusco.db/calendar]","IsNotNull(calendar_date), IsNotNull(year), IsNotNull(month)","calendar_date:date,year:int,month:int,is_weekend:boolean","isnotnull(calendar_date#3831), isnotnull(year#3833), isnotnull(month#3835)","",false
1,0,230,"Parquet",0,0,0,0,"InMemoryFileIndex(1 paths)[s3a://goes-se-sandbox/data/warehouse/tablespace/external/hive/demo_pauldefusco.db/calendar]","IsNotNull(calendar_date), IsNotNull(year), IsNotNull(quarter)","calendar_date:date,year:int,quarter:int","isnotnull(calendar_date#2978), isnotnull(year#2980), isnotnull(quarter#2981)","",false
1,0,268,"Parquet",0,0,0,0,"InMemoryFileIndex(1 paths)[s3a://goes-se-sandbox/data/warehouse/tablespace/external/hive/demo_pauldefusco.db/calendar]","IsNotNull(calendar_date), IsNotNull(year), IsNotNull(quarter)","calendar_date:date,year:int,quarter:int,is_weekend:boolean","isnotnull(calendar_date#2556), isnotnull(year#2558), isnotnull(quarter#2559)","",false
1,0,61,"Parquet",0,0,0,0,"InMemoryFileIndex(1 paths)[s3a://goes-se-sandbox/data/warehouse/tablespace/external/hive/demo_pauldefusco.db/calendar]","IsNotNull(calendar_date)","calendar_date:date,year:int,quarter:int,month:int,is_weekend:boolean","isnotnull(calendar_date#113)","",false
1,0,217,"Parquet",0,0,0,0,"InMemoryFileIndex(1 paths)[s3a://goes-se-sandbox/data/warehouse/tablespace/external/hive/demo_pauldefusco.db/customers_skewed]","IsNotNull(customer_id)","customer_id:bigint","isnotnull(customer_id#2937L)","",false
1,0,176,"Parquet",0,0,0,0,"InMemoryFileIndex(1 paths)[s3a://goes-se-sandbox/data/warehouse/tablespace/external/hive/demo_pauldefusco.db/customers_skewed]","IsNotNull(customer_id)","customer_id:bigint,credit_score:int","isnotnull(customer_id#2322L)","",false
1,0,255,"Parquet",0,0,0,0,"InMemoryFileIndex(1 paths)[s3a://goes-se-sandbox/data/warehouse/tablespace/external/hive/demo_pauldefusco.db/customers_skewed]","IsNotNull(customer_id)","customer_id:bigint,credit_score:int","isnotnull(customer_id#2515L)","",false
1,0,292,"Parquet",0,0,0,0,"InMemoryFileIndex(1 paths)[s3a://goes-se-sandbox/data/warehouse/tablespace/external/hive/demo_pauldefusco.db/customers_skewed]","IsNotNull(customer_id)","customer_id:bigint,credit_score:int","isnotnull(customer_id#3252L)","",false
1,0,417,"Parquet",0,0,0,0,"InMemoryFileIndex(1 paths)[s3a://goes-se-sandbox/data/warehouse/tablespace/external/hive/demo_pauldefusco.db/customers_skewed]","IsNotNull(customer_id)","customer_id:bigint,credit_score:int","isnotnull(customer_id#3790L)","",false
1,0,380,"Parquet",0,0,0,0,"InMemoryFileIndex(1 paths)[s3a://goes-se-sandbox/data/warehouse/tablespace/external/hive/demo_pauldefusco.db/customers_skewed]","IsNotNull(customer_id), IsNotNull(customer_segment), IsNotNull(income_band)","customer_id:bigint,credit_score:int,income_band:string,customer_segment:string","isnotnull(customer_id#3657L), isnotnull(customer_segment#3664), isnotnull(income_band#3662)","",false
1,0,137,"Parquet",0,0,0,0,"InMemoryFileIndex(1 paths)[s3a://goes-se-sandbox/data/warehouse/tablespace/external/hive/demo_pauldefusco.db/customers_skewed]","IsNotNull(customer_id), IsNotNull(customer_segment), IsNotNull(income_band), IsNotNull(risk_rating)","customer_id:bigint,credit_score:int,income_band:string,customer_segment:string,risk_rating:string","isnotnull(customer_id#2198L), isnotnull(customer_segment#2205), isnotnull(income_band#2203), isnotnull(risk_rating#2207)","",false
1,0,48,"Parquet",0,0,0,0,"InMemoryFileIndex(1 paths)[s3a://goes-se-sandbox/data/warehouse/tablespace/external/hive/demo_pauldefusco.db/customers_skewed]","IsNotNull(customer_id)","customer_id:bigint,credit_score:int,income_band:string,estimated_income:double,customer_segment:string,risk_rating:string","isnotnull(customer_id#31L)","",false
1,0,339,"Parquet",0,0,0,0,"InMemoryFileIndex(1 paths)[s3a://goes-se-sandbox/data/warehouse/tablespace/external/hive/demo_pauldefusco.db/customers_skewed]","IsNotNull(customer_id), IsNotNull(customer_segment), IsNotNull(income_band)","customer_id:bigint,income_band:string,customer_segment:string","isnotnull(customer_id#3985L), isnotnull(customer_segment#3992), isnotnull(income_band#3990)","",false
1,0,95,"Parquet",0,0,0,0,"InMemoryFileIndex(1 paths)[s3a://goes-se-sandbox/data/warehouse/tablespace/external/hive/demo_pauldefusco.db/customers_skewed]","IsNotNull(customer_id), IsNotNull(customer_segment), IsNotNull(income_band), IsNotNull(risk_rating)","customer_id:bigint,income_band:string,customer_segment:string,risk_rating:string","isnotnull(customer_id#2665L), isnotnull(customer_segment#2672), isnotnull(income_band#2670), isnotnull(risk_rating#2674)","",false
1,0,102,"Parquet",0,0,0,0,"InMemoryFileIndex(1 paths)[s3a://goes-se-sandbox/data/warehouse/tablespace/external/hive/demo_pauldefusco.db/merchants_skewed]","IsNotNull(merchant_id)","merchant_id:bigint","isnotnull(merchant_id#2685L)","",false
1,0,346,"Parquet",0,0,0,0,"InMemoryFileIndex(1 paths)[s3a://goes-se-sandbox/data/warehouse/tablespace/external/hive/demo_pauldefusco.db/merchants_skewed]","IsNotNull(merchant_id), IsNotNull(region)","merchant_id:bigint,region:string","isnotnull(merchant_id#4005L), isnotnull(region#4007)","",false
1,0,424,"Parquet",0,0,0,0,"InMemoryFileIndex(1 paths)[s3a://goes-se-sandbox/data/warehouse/tablespace/external/hive/demo_pauldefusco.db/merchants_skewed]","IsNotNull(merchant_id), IsNotNull(region)","merchant_id:bigint,region:string,risk_level:string","isnotnull(merchant_id#3810L), isnotnull(region#3812)","",false
1,0,262,"Parquet",0,0,0,0,"InMemoryFileIndex(1 paths)[s3a://goes-se-sandbox/data/warehouse/tablespace/external/hive/demo_pauldefusco.db/merchants_skewed]","IsNotNull(merchant_id), IsNotNull(region), IsNotNull(risk_level), IsNotNull(merchant_size)","merchant_id:bigint,region:string,risk_level:string,annual_revenue:double,merchant_size:string","isnotnull(merchant_id#2535L), isnotnull(region#2537), isnotnull(risk_level#2540), isnotnull(merchant_size#2542)","",false
1,0,55,"Parquet",0,0,0,0,"InMemoryFileIndex(1 paths)[s3a://goes-se-sandbox/data/warehouse/tablespace/external/hive/demo_pauldefusco.db/merchants_skewed]","IsNotNull(merchant_id)","merchant_id:bigint,region:string,risk_level:string,merchant_size:string","isnotnull(merchant_id#71L)","",false
1,0,224,"Parquet",0,0,0,0,"InMemoryFileIndex(1 paths)[s3a://goes-se-sandbox/data/warehouse/tablespace/external/hive/demo_pauldefusco.db/merchants_skewed]","IsNotNull(merchant_id), IsNotNull(region)","merchant_id:bigint,region:string,risk_level:string,merchant_size:string","isnotnull(merchant_id#2957L), isnotnull(region#2959)","",false
1,0,144,"Parquet",0,0,0,0,"InMemoryFileIndex(1 paths)[s3a://goes-se-sandbox/data/warehouse/tablespace/external/hive/demo_pauldefusco.db/merchants_skewed]","IsNotNull(merchant_id)","merchant_id:bigint,risk_level:string","isnotnull(merchant_id#2218L)","",false
1,0,183,"Parquet",0,0,0,0,"InMemoryFileIndex(1 paths)[s3a://goes-se-sandbox/data/warehouse/tablespace/external/hive/demo_pauldefusco.db/merchants_skewed]","IsNotNull(merchant_id)","merchant_id:bigint,risk_level:string","isnotnull(merchant_id#2342L)","",false
1,0,299,"Parquet",0,0,0,0,"InMemoryFileIndex(1 paths)[s3a://goes-se-sandbox/data/warehouse/tablespace/external/hive/demo_pauldefusco.db/merchants_skewed]","IsNotNull(merchant_id)","merchant_id:bigint,risk_level:string","isnotnull(merchant_id#3272L)","",false
1,0,387,"Parquet",0,0,0,0,"InMemoryFileIndex(1 paths)[s3a://goes-se-sandbox/data/warehouse/tablespace/external/hive/demo_pauldefusco.db/merchants_skewed]","IsNotNull(merchant_id)","merchant_id:bigint,risk_level:string","isnotnull(merchant_id#3677L)","",false
1,0,91,"Parquet",0,0,0,0,"InMemoryFileIndex(1 paths)[s3a://goes-se-sandbox/data/warehouse/tablespace/external/hive/demo_pauldefusco.db/trs_v25]","IsNotNull(transaction_id), LessThan(transaction_id,12500000000), IsNotNull(customer_id), IsNotNull(account_id)","transaction_id:bigint,customer_id:bigint,account_id:bigint,merchant_id:bigint,branch_id:bigint,transaction_date:date","isnotnull(transaction_id#2650L), (transaction_id#2650L < 12500000000), isnotnull(customer_id#2651L), isnotnull(account_id#2652L)","",false
1,0,214,"Parquet",0,0,0,0,"InMemoryFileIndex(1 paths)[s3a://goes-se-sandbox/data/warehouse/tablespace/external/hive/demo_pauldefusco.db/trs_v25]","IsNotNull(transaction_id), LessThan(transaction_id,12500000000), IsNotNull(customer_id), IsNotNull(merchant_id), IsNotNull(merchant_category)","transaction_id:bigint,customer_id:bigint,account_id:bigint,merchant_id:bigint,branch_id:bigint,transaction_date:date,merchant_category:string","isnotnull(transaction_id#2922L), (transaction_id#2922L < 12500000000), isnotnull(customer_id#2923L), isnotnull(merchant_id#2925L), isnotnull(merchant_category#2929)","",false
1,0,335,"Parquet",0,0,0,0,"InMemoryFileIndex(1 paths)[s3a://goes-se-sandbox/data/warehouse/tablespace/external/hive/demo_pauldefusco.db/trs_v25]","IsNotNull(transaction_id), LessThan(transaction_id,12500000000), IsNotNull(merchant_category)","transaction_id:bigint,customer_id:bigint,account_id:bigint,merchant_id:bigint,branch_id:bigint,transaction_date:date,merchant_category:string","isnotnull(transaction_id#3970L), (transaction_id#3970L < 12500000000), isnotnull(merchant_category#3977)","",false
1,0,252,"Parquet",0,0,0,0,"InMemoryFileIndex(1 paths)[s3a://goes-se-sandbox/data/warehouse/tablespace/external/hive/demo_pauldefusco.db/trs_v25]","IsNotNull(transaction_id), LessThan(transaction_id,12500000000), IsNotNull(merchant_id), IsNotNull(merchant_category)","transaction_id:bigint,customer_id:bigint,account_id:bigint,merchant_id:bigint,branch_id:bigint,transaction_date:date,merchant_category:string,transaction_amount:double,fraud_flag:int","isnotnull(transaction_id#2500L), (transaction_id#2500L < 12500000000), isnotnull(merchant_id#2503L), isnotnull(merchant_category#2507)","",false
1,0,414,"Parquet",0,0,0,0,"InMemoryFileIndex(1 paths)[s3a://goes-se-sandbox/data/warehouse/tablespace/external/hive/demo_pauldefusco.db/trs_v25]","IsNotNull(transaction_id), IsNotNull(fraud_flag), LessThan(transaction_id,12500000000), EqualTo(fraud_flag,1), IsNotNull(merchant_category)","transaction_id:bigint,customer_id:bigint,account_id:bigint,merchant_id:bigint,branch_id:bigint,transaction_date:date,merchant_category:string,transaction_amount:double,fraud_flag:int","isnotnull(transaction_id#3775L), isnotnull(fraud_flag#3787), (transaction_id#3775L < 12500000000), (fraud_flag#3787 = 1), isnotnull(merchant_category#3782)","",false
1,0,44,"Parquet",0,0,0,0,"InMemoryFileIndex(1 paths)[s3a://goes-se-sandbox/data/warehouse/tablespace/external/hive/demo_pauldefusco.db/trs_v25]","IsNotNull(transaction_id), LessThan(transaction_id,12500000000)","transaction_id:bigint,customer_id:bigint,account_id:bigint,merchant_id:bigint,branch_id:bigint,transaction_date:date,merchant_category:string,transaction_amount:double,payment_channel:string,payment_type:string,device_type:string,fraud_flag:int","isnotnull(transaction_id#0L), (transaction_id#0L < 12500000000)","",false
1,0,133,"Parquet",0,0,0,0,"InMemoryFileIndex(1 paths)[s3a://goes-se-sandbox/data/warehouse/tablespace/external/hive/demo_pauldefusco.db/trs_v25]","IsNotNull(transaction_id), LessThan(transaction_id,12500000000), IsNotNull(customer_id)","transaction_id:bigint,customer_id:bigint,account_id:bigint,merchant_id:bigint,branch_id:bigint,transaction_date:date,transaction_amount:double,fraud_flag:int","isnotnull(transaction_id#2183L), (transaction_id#2183L < 12500000000), isnotnull(customer_id#2184L)","",false
1,0,173,"Parquet",0,0,0,0,"InMemoryFileIndex(1 paths)[s3a://goes-se-sandbox/data/warehouse/tablespace/external/hive/demo_pauldefusco.db/trs_v25]","IsNotNull(transaction_id), LessThan(transaction_id,12500000000), IsNotNull(account_id)","transaction_id:bigint,customer_id:bigint,account_id:bigint,merchant_id:bigint,branch_id:bigint,transaction_date:date,transaction_amount:double,fraud_flag:int","isnotnull(transaction_id#2307L), (transaction_id#2307L < 12500000000), isnotnull(account_id#2309L)","",false
1,0,376,"Parquet",0,0,0,0,"InMemoryFileIndex(1 paths)[s3a://goes-se-sandbox/data/warehouse/tablespace/external/hive/demo_pauldefusco.db/trs_v25]","IsNotNull(transaction_id), LessThan(transaction_id,12500000000)","transaction_id:bigint,customer_id:bigint,account_id:bigint,merchant_id:bigint,branch_id:bigint,transaction_date:date,transaction_amount:double,fraud_flag:int","isnotnull(transaction_id#3642L), (transaction_id#3642L < 12500000000)","",false
1,0,289,"Parquet",0,0,0,0,"InMemoryFileIndex(1 paths)[s3a://goes-se-sandbox/data/warehouse/tablespace/external/hive/demo_pauldefusco.db/trs_v25]","IsNotNull(transaction_id), LessThan(transaction_id,12500000000), IsNotNull(payment_channel), IsNotNull(payment_type), IsNotNull(device_type)","transaction_id:bigint,customer_id:bigint,account_id:bigint,merchant_id:bigint,branch_id:bigint,transaction_date:date,transaction_amount:double,payment_channel:string,payment_type:string,device_type:string,fraud_flag:int","isnotnull(transaction_id#3237L), (transaction_id#3237L < 12500000000), isnotnull(payment_channel#3246), isnotnull(payment_type#3247), isnotnull(device_type#3248)","",false
1,1,251,"Parquet",0,0,0,0,"InMemoryFileIndex(1 paths)[s3a://goes-se-sandbox/data/warehouse/tablespace/external/hive/demo_pauldefusco.db/accounts_skewed]","IsNotNull(account_id)","account_id:bigint","isnotnull(account_id#2948L)","",false
1,1,117,"Parquet",0,0,0,0,"InMemoryFileIndex(1 paths)[s3a://goes-se-sandbox/data/warehouse/tablespace/external/hive/demo_pauldefusco.db/accounts_skewed]","IsNotNull(account_id), IsNotNull(account_type)","account_id:bigint,account_type:string,account_status:string","isnotnull(account_id#2676L), isnotnull(account_type#2677)","",false
1,1,58,"Parquet",0,0,0,0,"InMemoryFileIndex(1 paths)[s3a://goes-se-sandbox/data/warehouse/tablespace/external/hive/demo_pauldefusco.db/accounts_skewed]","IsNotNull(account_id)","account_id:bigint,account_type:string,account_status:string,current_balance:double,credit_limit:double,interest_rate:double","isnotnull(account_id#52L)","",false
1,1,215,"Parquet",0,0,0,0,"InMemoryFileIndex(1 paths)[s3a://goes-se-sandbox/data/warehouse/tablespace/external/hive/demo_pauldefusco.db/accounts_skewed]","IsNotNull(account_id), IsNotNull(account_type), IsNotNull(account_status)","account_id:bigint,account_type:string,account_status:string,current_balance:double,credit_limit:double,interest_rate:double","isnotnull(account_id#2333L), isnotnull(account_type#2334), isnotnull(account_status#2336)","",false
1,1,171,"Parquet",0,0,0,0,"InMemoryFileIndex(1 paths)[s3a://goes-se-sandbox/data/warehouse/tablespace/external/hive/demo_pauldefusco.db/accounts_skewed]","IsNotNull(account_id)","account_id:bigint,current_balance:double,interest_rate:double","isnotnull(account_id#2209L)","",false
1,1,127,"Parquet",0,0,0,0,"InMemoryFileIndex(1 paths)[s3a://goes-se-sandbox/data/warehouse/tablespace/external/hive/demo_pauldefusco.db/branches_skewed]","IsNotNull(branch_id)","branch_id:bigint","isnotnull(branch_id#2695L)","",false
1,1,68,"Parquet",0,0,0,0,"InMemoryFileIndex(1 paths)[s3a://goes-se-sandbox/data/warehouse/tablespace/external/hive/demo_pauldefusco.db/branches_skewed]","IsNotNull(branch_id)","branch_id:bigint,region:string,branch_type:string","isnotnull(branch_id#91L)","",false
1,1,365,"Parquet",0,0,0,0,"InMemoryFileIndex(1 paths)[s3a://goes-se-sandbox/data/warehouse/tablespace/external/hive/demo_pauldefusco.db/branches_skewed]","IsNotNull(branch_id), IsNotNull(region), IsNotNull(branch_type)","branch_id:bigint,region:string,branch_type:string","isnotnull(branch_id#4015L), isnotnull(region#4018), isnotnull(branch_type#4019)","",false
1,1,403,"Parquet",0,0,0,0,"InMemoryFileIndex(1 paths)[s3a://goes-se-sandbox/data/warehouse/tablespace/external/hive/demo_pauldefusco.db/branches_skewed]","IsNotNull(branch_id), IsNotNull(region), IsNotNull(branch_type)","branch_id:bigint,region:string,branch_type:string,assets_under_management:double,annual_operating_cost:double","isnotnull(branch_id#3687L), isnotnull(region#3690), isnotnull(branch_type#3691)","",false
1,1,132,"Parquet",0,0,0,0,"InMemoryFileIndex(1 paths)[s3a://goes-se-sandbox/data/warehouse/tablespace/external/hive/demo_pauldefusco.db/calendar]","IsNotNull(calendar_date), IsNotNull(year), IsNotNull(month)","calendar_date:date,year:int,month:int","isnotnull(calendar_date#2706), isnotnull(year#2708), isnotnull(month#2710)","",false
1,1,181,"Parquet",0,0,0,0,"InMemoryFileIndex(1 paths)[s3a://goes-se-sandbox/data/warehouse/tablespace/external/hive/demo_pauldefusco.db/calendar]","IsNotNull(calendar_date), IsNotNull(year), IsNotNull(month)","calendar_date:date,year:int,month:int,is_weekend:boolean","isnotnull(calendar_date#2239), isnotnull(year#2241), isnotnull(month#2243)","",false
1,1,261,"Parquet",0,0,0,0,"InMemoryFileIndex(1 paths)[s3a://goes-se-sandbox/data/warehouse/tablespace/external/hive/demo_pauldefusco.db/calendar]","IsNotNull(calendar_date), IsNotNull(year), IsNotNull(quarter)","calendar_date:date,year:int,quarter:int","isnotnull(calendar_date#2978), isnotnull(year#2980), isnotnull(quarter#2981)","",false
1,1,294,"Parquet",0,0,0,0,"InMemoryFileIndex(1 paths)[s3a://goes-se-sandbox/data/warehouse/tablespace/external/hive/demo_pauldefusco.db/calendar]","IsNotNull(calendar_date), IsNotNull(year), IsNotNull(quarter)","calendar_date:date,year:int,quarter:int,is_weekend:boolean","isnotnull(calendar_date#2556), isnotnull(year#2558), isnotnull(quarter#2559)","",false
1,1,73,"Parquet",0,0,0,0,"InMemoryFileIndex(1 paths)[s3a://goes-se-sandbox/data/warehouse/tablespace/external/hive/demo_pauldefusco.db/calendar]","IsNotNull(calendar_date)","calendar_date:date,year:int,quarter:int,month:int,is_weekend:boolean","isnotnull(calendar_date#113)","",false
1,1,245,"Parquet",0,0,0,0,"InMemoryFileIndex(1 paths)[s3a://goes-se-sandbox/data/warehouse/tablespace/external/hive/demo_pauldefusco.db/customers_skewed]","IsNotNull(customer_id)","customer_id:bigint","isnotnull(customer_id#2937L)","",false
1,1,209,"Parquet",0,0,0,0,"InMemoryFileIndex(1 paths)[s3a://goes-se-sandbox/data/warehouse/tablespace/external/hive/demo_pauldefusco.db/customers_skewed]","IsNotNull(customer_id)","customer_id:bigint,credit_score:int","isnotnull(customer_id#2322L)","",false
1,1,397,"Parquet",0,0,0,0,"InMemoryFileIndex(1 paths)[s3a://goes-se-sandbox/data/warehouse/tablespace/external/hive/demo_pauldefusco.db/customers_skewed]","IsNotNull(customer_id), IsNotNull(customer_segment), IsNotNull(income_band)","customer_id:bigint,credit_score:int,income_band:string,customer_segment:string","isnotnull(customer_id#3657L), isnotnull(customer_segment#3664), isnotnull(income_band#3662)","",false
1,1,165,"Parquet",0,0,0,0,"InMemoryFileIndex(1 paths)[s3a://goes-se-sandbox/data/warehouse/tablespace/external/hive/demo_pauldefusco.db/customers_skewed]","IsNotNull(customer_id), IsNotNull(customer_segment), IsNotNull(income_band), IsNotNull(risk_rating)","customer_id:bigint,credit_score:int,income_band:string,customer_segment:string,risk_rating:string","isnotnull(customer_id#2198L), isnotnull(customer_segment#2205), isnotnull(income_band#2203), isnotnull(risk_rating#2207)","",false
1,1,52,"Parquet",0,0,0,0,"InMemoryFileIndex(1 paths)[s3a://goes-se-sandbox/data/warehouse/tablespace/external/hive/demo_pauldefusco.db/customers_skewed]","IsNotNull(customer_id)","customer_id:bigint,credit_score:int,income_band:string,estimated_income:double,customer_segment:string,risk_rating:string","isnotnull(customer_id#31L)","",false
1,1,354,"Parquet",0,0,0,0,"InMemoryFileIndex(1 paths)[s3a://goes-se-sandbox/data/warehouse/tablespace/external/hive/demo_pauldefusco.db/customers_skewed]","IsNotNull(customer_id), IsNotNull(customer_segment), IsNotNull(income_band)","customer_id:bigint,income_band:string,customer_segment:string","isnotnull(customer_id#3985L), isnotnull(customer_segment#3992), isnotnull(income_band#3990)","",false
1,1,111,"Parquet",0,0,0,0,"InMemoryFileIndex(1 paths)[s3a://goes-se-sandbox/data/warehouse/tablespace/external/hive/demo_pauldefusco.db/customers_skewed]","IsNotNull(customer_id), IsNotNull(customer_segment), IsNotNull(income_band), IsNotNull(risk_rating)","customer_id:bigint,income_band:string,customer_segment:string,risk_rating:string","isnotnull(customer_id#2665L), isnotnull(customer_segment#2672), isnotnull(income_band#2670), isnotnull(risk_rating#2674)","",false
1,1,122,"Parquet",0,0,0,0,"InMemoryFileIndex(1 paths)[s3a://goes-se-sandbox/data/warehouse/tablespace/external/hive/demo_pauldefusco.db/merchants_skewed]","IsNotNull(merchant_id)","merchant_id:bigint","isnotnull(merchant_id#2685L)","",false
1,1,360,"Parquet",0,0,0,0,"InMemoryFileIndex(1 paths)[s3a://goes-se-sandbox/data/warehouse/tablespace/external/hive/demo_pauldefusco.db/merchants_skewed]","IsNotNull(merchant_id), IsNotNull(region)","merchant_id:bigint,region:string","isnotnull(merchant_id#4005L), isnotnull(region#4007)","",false
1,1,430,"Parquet",0,0,0,0,"InMemoryFileIndex(1 paths)[s3a://goes-se-sandbox/data/warehouse/tablespace/external/hive/demo_pauldefusco.db/merchants_skewed]","IsNotNull(merchant_id), IsNotNull(region)","merchant_id:bigint,region:string,risk_level:string","isnotnull(merchant_id#3810L), isnotnull(region#3812)","",false
1,1,289,"Parquet",0,0,0,0,"InMemoryFileIndex(1 paths)[s3a://goes-se-sandbox/data/warehouse/tablespace/external/hive/demo_pauldefusco.db/merchants_skewed]","IsNotNull(merchant_id), IsNotNull(region), IsNotNull(risk_level), IsNotNull(merchant_size)","merchant_id:bigint,region:string,risk_level:string,annual_revenue:double,merchant_size:string","isnotnull(merchant_id#2535L), isnotnull(region#2537), isnotnull(risk_level#2540), isnotnull(merchant_size#2542)","",false
1,1,63,"Parquet",0,0,0,0,"InMemoryFileIndex(1 paths)[s3a://goes-se-sandbox/data/warehouse/tablespace/external/hive/demo_pauldefusco.db/merchants_skewed]","IsNotNull(merchant_id)","merchant_id:bigint,region:string,risk_level:string,merchant_size:string","isnotnull(merchant_id#71L)","",false
1,1,256,"Parquet",0,0,0,0,"InMemoryFileIndex(1 paths)[s3a://goes-se-sandbox/data/warehouse/tablespace/external/hive/demo_pauldefusco.db/merchants_skewed]","IsNotNull(merchant_id), IsNotNull(region)","merchant_id:bigint,region:string,risk_level:string,merchant_size:string","isnotnull(merchant_id#2957L), isnotnull(region#2959)","",false
1,1,176,"Parquet",0,0,0,0,"InMemoryFileIndex(1 paths)[s3a://goes-se-sandbox/data/warehouse/tablespace/external/hive/demo_pauldefusco.db/merchants_skewed]","IsNotNull(merchant_id)","merchant_id:bigint,risk_level:string","isnotnull(merchant_id#2218L)","",false
1,1,105,"Parquet",0,0,0,0,"InMemoryFileIndex(1 paths)[s3a://goes-se-sandbox/data/warehouse/tablespace/external/hive/demo_pauldefusco.db/trs_v25]","IsNotNull(transaction_id), LessThan(transaction_id,12500000000), IsNotNull(customer_id), IsNotNull(account_id)","transaction_id:bigint,customer_id:bigint,account_id:bigint,merchant_id:bigint,branch_id:bigint,transaction_date:date","isnotnull(transaction_id#2650L), (transaction_id#2650L < 12500000000), isnotnull(customer_id#2651L), isnotnull(account_id#2652L)","",false
1,1,240,"Parquet",0,0,0,0,"InMemoryFileIndex(1 paths)[s3a://goes-se-sandbox/data/warehouse/tablespace/external/hive/demo_pauldefusco.db/trs_v25]","IsNotNull(transaction_id), LessThan(transaction_id,12500000000), IsNotNull(customer_id), IsNotNull(merchant_id), IsNotNull(merchant_category)","transaction_id:bigint,customer_id:bigint,account_id:bigint,merchant_id:bigint,branch_id:bigint,transaction_date:date,merchant_category:string","isnotnull(transaction_id#2922L), (transaction_id#2922L < 12500000000), isnotnull(customer_id#2923L), isnotnull(merchant_id#2925L), isnotnull(merchant_category#2929)","",false
1,1,348,"Parquet",0,0,0,0,"InMemoryFileIndex(1 paths)[s3a://goes-se-sandbox/data/warehouse/tablespace/external/hive/demo_pauldefusco.db/trs_v25]","IsNotNull(transaction_id), LessThan(transaction_id,12500000000), IsNotNull(merchant_category)","transaction_id:bigint,customer_id:bigint,account_id:bigint,merchant_id:bigint,branch_id:bigint,transaction_date:date,merchant_category:string","isnotnull(transaction_id#3970L), (transaction_id#3970L < 12500000000), isnotnull(merchant_category#3977)","",false
1,1,283,"Parquet",0,0,0,0,"InMemoryFileIndex(1 paths)[s3a://goes-se-sandbox/data/warehouse/tablespace/external/hive/demo_pauldefusco.db/trs_v25]","IsNotNull(transaction_id), LessThan(transaction_id,12500000000), IsNotNull(merchant_id), IsNotNull(merchant_category)","transaction_id:bigint,customer_id:bigint,account_id:bigint,merchant_id:bigint,branch_id:bigint,transaction_date:date,merchant_category:string,transaction_amount:double,fraud_flag:int","isnotnull(transaction_id#2500L), (transaction_id#2500L < 12500000000), isnotnull(merchant_id#2503L), isnotnull(merchant_category#2507)","",false
1,1,424,"Parquet",0,0,0,0,"InMemoryFileIndex(1 paths)[s3a://goes-se-sandbox/data/warehouse/tablespace/external/hive/demo_pauldefusco.db/trs_v25]","IsNotNull(transaction_id), IsNotNull(fraud_flag), LessThan(transaction_id,12500000000), EqualTo(fraud_flag,1), IsNotNull(merchant_category)","transaction_id:bigint,customer_id:bigint,account_id:bigint,merchant_id:bigint,branch_id:bigint,transaction_date:date,merchant_category:string,transaction_amount:double,fraud_flag:int","isnotnull(transaction_id#3775L), isnotnull(fraud_flag#3787), (transaction_id#3775L < 12500000000), (fraud_flag#3787 = 1), isnotnull(merchant_category#3782)","",false
1,1,46,"Parquet",0,0,0,0,"InMemoryFileIndex(1 paths)[s3a://goes-se-sandbox/data/warehouse/tablespace/external/hive/demo_pauldefusco.db/trs_v25]","IsNotNull(transaction_id), LessThan(transaction_id,12500000000)","transaction_id:bigint,customer_id:bigint,account_id:bigint,merchant_id:bigint,branch_id:bigint,transaction_date:date,merchant_category:string,transaction_amount:double,payment_channel:string,payment_type:string,device_type:string,fraud_flag:int","isnotnull(transaction_id#0L), (transaction_id#0L < 12500000000)","",false
1,1,159,"Parquet",0,0,0,0,"InMemoryFileIndex(1 paths)[s3a://goes-se-sandbox/data/warehouse/tablespace/external/hive/demo_pauldefusco.db/trs_v25]","IsNotNull(transaction_id), LessThan(transaction_id,12500000000), IsNotNull(customer_id)","transaction_id:bigint,customer_id:bigint,account_id:bigint,merchant_id:bigint,branch_id:bigint,transaction_date:date,transaction_amount:double,fraud_flag:int","isnotnull(transaction_id#2183L), (transaction_id#2183L < 12500000000), isnotnull(customer_id#2184L)","",false
1,1,204,"Parquet",0,0,0,0,"InMemoryFileIndex(1 paths)[s3a://goes-se-sandbox/data/warehouse/tablespace/external/hive/demo_pauldefusco.db/trs_v25]","IsNotNull(transaction_id), LessThan(transaction_id,12500000000), IsNotNull(account_id)","transaction_id:bigint,customer_id:bigint,account_id:bigint,merchant_id:bigint,branch_id:bigint,transaction_date:date,transaction_amount:double,fraud_flag:int","isnotnull(transaction_id#2307L), (transaction_id#2307L < 12500000000), isnotnull(account_id#2309L)","",false
1,1,391,"Parquet",0,0,0,0,"InMemoryFileIndex(1 paths)[s3a://goes-se-sandbox/data/warehouse/tablespace/external/hive/demo_pauldefusco.db/trs_v25]","IsNotNull(transaction_id), LessThan(transaction_id,12500000000)","transaction_id:bigint,customer_id:bigint,account_id:bigint,merchant_id:bigint,branch_id:bigint,transaction_date:date,transaction_amount:double,fraud_flag:int","isnotnull(transaction_id#3642L), (transaction_id#3642L < 12500000000)","",false
1,1,315,"Parquet",0,0,0,0,"InMemoryFileIndex(1 paths)[s3a://goes-se-sandbox/data/warehouse/tablespace/external/hive/demo_pauldefusco.db/trs_v25]","IsNotNull(transaction_id), LessThan(transaction_id,12500000000), IsNotNull(payment_channel), IsNotNull(payment_type), IsNotNull(device_type)","transaction_id:bigint,customer_id:bigint,account_id:bigint,merchant_id:bigint,branch_id:bigint,transaction_date:date,transaction_amount:double,payment_channel:string,payment_type:string,device_type:string,fraud_flag:int","isnotnull(transaction_id#3237L), (transaction_id#3237L < 12500000000), isnotnull(payment_channel#3246), isnotnull(payment_type#3247), isnotnull(device_type#3248)","",false
1,2,253,"Parquet",0,0,0,0,"InMemoryFileIndex(1 paths)[s3a://goes-se-sandbox/data/warehouse/tablespace/external/hive/demo_pauldefusco.db/accounts_skewed]","IsNotNull(account_id)","account_id:bigint","isnotnull(account_id#2948L)","",false
1,2,117,"Parquet",0,0,0,0,"InMemoryFileIndex(1 paths)[s3a://goes-se-sandbox/data/warehouse/tablespace/external/hive/demo_pauldefusco.db/accounts_skewed]","IsNotNull(account_id), IsNotNull(account_type)","account_id:bigint,account_type:string,account_status:string","isnotnull(account_id#2676L), isnotnull(account_type#2677)","",false
1,2,58,"Parquet",0,0,0,0,"InMemoryFileIndex(1 paths)[s3a://goes-se-sandbox/data/warehouse/tablespace/external/hive/demo_pauldefusco.db/accounts_skewed]","IsNotNull(account_id)","account_id:bigint,account_type:string,account_status:string,current_balance:double,credit_limit:double,interest_rate:double","isnotnull(account_id#52L)","",false
1,2,217,"Parquet",0,0,0,0,"InMemoryFileIndex(1 paths)[s3a://goes-se-sandbox/data/warehouse/tablespace/external/hive/demo_pauldefusco.db/accounts_skewed]","IsNotNull(account_id), IsNotNull(account_type), IsNotNull(account_status)","account_id:bigint,account_type:string,account_status:string,current_balance:double,credit_limit:double,interest_rate:double","isnotnull(account_id#2333L), isnotnull(account_type#2334), isnotnull(account_status#2336)","",false
1,2,171,"Parquet",0,0,0,0,"InMemoryFileIndex(1 paths)[s3a://goes-se-sandbox/data/warehouse/tablespace/external/hive/demo_pauldefusco.db/accounts_skewed]","IsNotNull(account_id)","account_id:bigint,current_balance:double,interest_rate:double","isnotnull(account_id#2209L)","",false
1,2,127,"Parquet",0,0,0,0,"InMemoryFileIndex(1 paths)[s3a://goes-se-sandbox/data/warehouse/tablespace/external/hive/demo_pauldefusco.db/branches_skewed]","IsNotNull(branch_id)","branch_id:bigint","isnotnull(branch_id#2695L)","",false
1,2,68,"Parquet",0,0,0,0,"InMemoryFileIndex(1 paths)[s3a://goes-se-sandbox/data/warehouse/tablespace/external/hive/demo_pauldefusco.db/branches_skewed]","IsNotNull(branch_id)","branch_id:bigint,region:string,branch_type:string","isnotnull(branch_id#91L)","",false
1,2,371,"Parquet",0,0,0,0,"InMemoryFileIndex(1 paths)[s3a://goes-se-sandbox/data/warehouse/tablespace/external/hive/demo_pauldefusco.db/branches_skewed]","IsNotNull(branch_id), IsNotNull(region), IsNotNull(branch_type)","branch_id:bigint,region:string,branch_type:string","isnotnull(branch_id#4015L), isnotnull(region#4018), isnotnull(branch_type#4019)","",false
1,2,409,"Parquet",0,0,0,0,"InMemoryFileIndex(1 paths)[s3a://goes-se-sandbox/data/warehouse/tablespace/external/hive/demo_pauldefusco.db/branches_skewed]","IsNotNull(branch_id), IsNotNull(region), IsNotNull(branch_type)","branch_id:bigint,region:string,branch_type:string,assets_under_management:double,annual_operating_cost:double","isnotnull(branch_id#3687L), isnotnull(region#3690), isnotnull(branch_type#3691)","",false
1,2,132,"Parquet",0,0,0,0,"InMemoryFileIndex(1 paths)[s3a://goes-se-sandbox/data/warehouse/tablespace/external/hive/demo_pauldefusco.db/calendar]","IsNotNull(calendar_date), IsNotNull(year), IsNotNull(month)","calendar_date:date,year:int,month:int","isnotnull(calendar_date#2706), isnotnull(year#2708), isnotnull(month#2710)","",false
1,2,181,"Parquet",0,0,0,0,"InMemoryFileIndex(1 paths)[s3a://goes-se-sandbox/data/warehouse/tablespace/external/hive/demo_pauldefusco.db/calendar]","IsNotNull(calendar_date), IsNotNull(year), IsNotNull(month)","calendar_date:date,year:int,month:int,is_weekend:boolean","isnotnull(calendar_date#2239), isnotnull(year#2241), isnotnull(month#2243)","",false
1,2,263,"Parquet",0,0,0,0,"InMemoryFileIndex(1 paths)[s3a://goes-se-sandbox/data/warehouse/tablespace/external/hive/demo_pauldefusco.db/calendar]","IsNotNull(calendar_date), IsNotNull(year), IsNotNull(quarter)","calendar_date:date,year:int,quarter:int","isnotnull(calendar_date#2978), isnotnull(year#2980), isnotnull(quarter#2981)","",false
1,2,298,"Parquet",0,0,0,0,"InMemoryFileIndex(1 paths)[s3a://goes-se-sandbox/data/warehouse/tablespace/external/hive/demo_pauldefusco.db/calendar]","IsNotNull(calendar_date), IsNotNull(year), IsNotNull(quarter)","calendar_date:date,year:int,quarter:int,is_weekend:boolean","isnotnull(calendar_date#2556), isnotnull(year#2558), isnotnull(quarter#2559)","",false
1,2,73,"Parquet",0,0,0,0,"InMemoryFileIndex(1 paths)[s3a://goes-se-sandbox/data/warehouse/tablespace/external/hive/demo_pauldefusco.db/calendar]","IsNotNull(calendar_date)","calendar_date:date,year:int,quarter:int,month:int,is_weekend:boolean","isnotnull(calendar_date#113)","",false
1,2,247,"Parquet",0,0,0,0,"InMemoryFileIndex(1 paths)[s3a://goes-se-sandbox/data/warehouse/tablespace/external/hive/demo_pauldefusco.db/customers_skewed]","IsNotNull(customer_id)","customer_id:bigint","isnotnull(customer_id#2937L)","",false
1,2,211,"Parquet",0,0,0,0,"InMemoryFileIndex(1 paths)[s3a://goes-se-sandbox/data/warehouse/tablespace/external/hive/demo_pauldefusco.db/customers_skewed]","IsNotNull(customer_id)","customer_id:bigint,credit_score:int","isnotnull(customer_id#2322L)","",false
1,2,403,"Parquet",0,0,0,0,"InMemoryFileIndex(1 paths)[s3a://goes-se-sandbox/data/warehouse/tablespace/external/hive/demo_pauldefusco.db/customers_skewed]","IsNotNull(customer_id), IsNotNull(customer_segment), IsNotNull(income_band)","customer_id:bigint,credit_score:int,income_band:string,customer_segment:string","isnotnull(customer_id#3657L), isnotnull(customer_segment#3664), isnotnull(income_band#3662)","",false
1,2,165,"Parquet",0,0,0,0,"InMemoryFileIndex(1 paths)[s3a://goes-se-sandbox/data/warehouse/tablespace/external/hive/demo_pauldefusco.db/customers_skewed]","IsNotNull(customer_id), IsNotNull(customer_segment), IsNotNull(income_band), IsNotNull(risk_rating)","customer_id:bigint,credit_score:int,income_band:string,customer_segment:string,risk_rating:string","isnotnull(customer_id#2198L), isnotnull(customer_segment#2205), isnotnull(income_band#2203), isnotnull(risk_rating#2207)","",false
1,2,52,"Parquet",0,0,0,0,"InMemoryFileIndex(1 paths)[s3a://goes-se-sandbox/data/warehouse/tablespace/external/hive/demo_pauldefusco.db/customers_skewed]","IsNotNull(customer_id)","customer_id:bigint,credit_score:int,income_band:string,estimated_income:double,customer_segment:string,risk_rating:string","isnotnull(customer_id#31L)","",false
1,2,360,"Parquet",0,0,0,0,"InMemoryFileIndex(1 paths)[s3a://goes-se-sandbox/data/warehouse/tablespace/external/hive/demo_pauldefusco.db/customers_skewed]","IsNotNull(customer_id), IsNotNull(customer_segment), IsNotNull(income_band)","customer_id:bigint,income_band:string,customer_segment:string","isnotnull(customer_id#3985L), isnotnull(customer_segment#3992), isnotnull(income_band#3990)","",false
1,2,111,"Parquet",0,0,0,0,"InMemoryFileIndex(1 paths)[s3a://goes-se-sandbox/data/warehouse/tablespace/external/hive/demo_pauldefusco.db/customers_skewed]","IsNotNull(customer_id), IsNotNull(customer_segment), IsNotNull(income_band), IsNotNull(risk_rating)","customer_id:bigint,income_band:string,customer_segment:string,risk_rating:string","isnotnull(customer_id#2665L), isnotnull(customer_segment#2672), isnotnull(income_band#2670), isnotnull(risk_rating#2674)","",false
1,2,122,"Parquet",0,0,0,0,"InMemoryFileIndex(1 paths)[s3a://goes-se-sandbox/data/warehouse/tablespace/external/hive/demo_pauldefusco.db/merchants_skewed]","IsNotNull(merchant_id)","merchant_id:bigint","isnotnull(merchant_id#2685L)","",false
1,2,366,"Parquet",0,0,0,0,"InMemoryFileIndex(1 paths)[s3a://goes-se-sandbox/data/warehouse/tablespace/external/hive/demo_pauldefusco.db/merchants_skewed]","IsNotNull(merchant_id), IsNotNull(region)","merchant_id:bigint,region:string","isnotnull(merchant_id#4005L), isnotnull(region#4007)","",false
1,2,438,"Parquet",0,0,0,0,"InMemoryFileIndex(1 paths)[s3a://goes-se-sandbox/data/warehouse/tablespace/external/hive/demo_pauldefusco.db/merchants_skewed]","IsNotNull(merchant_id), IsNotNull(region)","merchant_id:bigint,region:string,risk_level:string","isnotnull(merchant_id#3810L), isnotnull(region#3812)","",false
1,2,293,"Parquet",0,0,0,0,"InMemoryFileIndex(1 paths)[s3a://goes-se-sandbox/data/warehouse/tablespace/external/hive/demo_pauldefusco.db/merchants_skewed]","IsNotNull(merchant_id), IsNotNull(region), IsNotNull(risk_level), IsNotNull(merchant_size)","merchant_id:bigint,region:string,risk_level:string,annual_revenue:double,merchant_size:string","isnotnull(merchant_id#2535L), isnotnull(region#2537), isnotnull(risk_level#2540), isnotnull(merchant_size#2542)","",false
1,2,63,"Parquet",0,0,0,0,"InMemoryFileIndex(1 paths)[s3a://goes-se-sandbox/data/warehouse/tablespace/external/hive/demo_pauldefusco.db/merchants_skewed]","IsNotNull(merchant_id)","merchant_id:bigint,region:string,risk_level:string,merchant_size:string","isnotnull(merchant_id#71L)","",false
1,2,258,"Parquet",0,0,0,0,"InMemoryFileIndex(1 paths)[s3a://goes-se-sandbox/data/warehouse/tablespace/external/hive/demo_pauldefusco.db/merchants_skewed]","IsNotNull(merchant_id), IsNotNull(region)","merchant_id:bigint,region:string,risk_level:string,merchant_size:string","isnotnull(merchant_id#2957L), isnotnull(region#2959)","",false
1,2,176,"Parquet",0,0,0,0,"InMemoryFileIndex(1 paths)[s3a://goes-se-sandbox/data/warehouse/tablespace/external/hive/demo_pauldefusco.db/merchants_skewed]","IsNotNull(merchant_id)","merchant_id:bigint,risk_level:string","isnotnull(merchant_id#2218L)","",false
1,2,105,"Parquet",0,0,0,0,"InMemoryFileIndex(1 paths)[s3a://goes-se-sandbox/data/warehouse/tablespace/external/hive/demo_pauldefusco.db/trs_v25]","IsNotNull(transaction_id), LessThan(transaction_id,12500000000), IsNotNull(customer_id), IsNotNull(account_id)","transaction_id:bigint,customer_id:bigint,account_id:bigint,merchant_id:bigint,branch_id:bigint,transaction_date:date","isnotnull(transaction_id#2650L), (transaction_id#2650L < 12500000000), isnotnull(customer_id#2651L), isnotnull(account_id#2652L)","",false
1,2,242,"Parquet",0,0,0,0,"InMemoryFileIndex(1 paths)[s3a://goes-se-sandbox/data/warehouse/tablespace/external/hive/demo_pauldefusco.db/trs_v25]","IsNotNull(transaction_id), LessThan(transaction_id,12500000000), IsNotNull(customer_id), IsNotNull(merchant_id), IsNotNull(merchant_category)","transaction_id:bigint,customer_id:bigint,account_id:bigint,merchant_id:bigint,branch_id:bigint,transaction_date:date,merchant_category:string","isnotnull(transaction_id#2922L), (transaction_id#2922L < 12500000000), isnotnull(customer_id#2923L), isnotnull(merchant_id#2925L), isnotnull(merchant_category#2929)","",false
1,2,354,"Parquet",0,0,0,0,"InMemoryFileIndex(1 paths)[s3a://goes-se-sandbox/data/warehouse/tablespace/external/hive/demo_pauldefusco.db/trs_v25]","IsNotNull(transaction_id), LessThan(transaction_id,12500000000), IsNotNull(merchant_category)","transaction_id:bigint,customer_id:bigint,account_id:bigint,merchant_id:bigint,branch_id:bigint,transaction_date:date,merchant_category:string","isnotnull(transaction_id#3970L), (transaction_id#3970L < 12500000000), isnotnull(merchant_category#3977)","",false
1,2,287,"Parquet",0,0,0,0,"InMemoryFileIndex(1 paths)[s3a://goes-se-sandbox/data/warehouse/tablespace/external/hive/demo_pauldefusco.db/trs_v25]","IsNotNull(transaction_id), LessThan(transaction_id,12500000000), IsNotNull(merchant_id), IsNotNull(merchant_category)","transaction_id:bigint,customer_id:bigint,account_id:bigint,merchant_id:bigint,branch_id:bigint,transaction_date:date,merchant_category:string,transaction_amount:double,fraud_flag:int","isnotnull(transaction_id#2500L), (transaction_id#2500L < 12500000000), isnotnull(merchant_id#2503L), isnotnull(merchant_category#2507)","",false
1,2,432,"Parquet",0,0,0,0,"InMemoryFileIndex(1 paths)[s3a://goes-se-sandbox/data/warehouse/tablespace/external/hive/demo_pauldefusco.db/trs_v25]","IsNotNull(transaction_id), IsNotNull(fraud_flag), LessThan(transaction_id,12500000000), EqualTo(fraud_flag,1), IsNotNull(merchant_category)","transaction_id:bigint,customer_id:bigint,account_id:bigint,merchant_id:bigint,branch_id:bigint,transaction_date:date,merchant_category:string,transaction_amount:double,fraud_flag:int","isnotnull(transaction_id#3775L), isnotnull(fraud_flag#3787), (transaction_id#3775L < 12500000000), (fraud_flag#3787 = 1), isnotnull(merchant_category#3782)","",false
1,2,46,"Parquet",0,0,0,0,"InMemoryFileIndex(1 paths)[s3a://goes-se-sandbox/data/warehouse/tablespace/external/hive/demo_pauldefusco.db/trs_v25]","IsNotNull(transaction_id), LessThan(transaction_id,12500000000)","transaction_id:bigint,customer_id:bigint,account_id:bigint,merchant_id:bigint,branch_id:bigint,transaction_date:date,merchant_category:string,transaction_amount:double,payment_channel:string,payment_type:string,device_type:string,fraud_flag:int","isnotnull(transaction_id#0L), (transaction_id#0L < 12500000000)","",false
1,2,159,"Parquet",0,0,0,0,"InMemoryFileIndex(1 paths)[s3a://goes-se-sandbox/data/warehouse/tablespace/external/hive/demo_pauldefusco.db/trs_v25]","IsNotNull(transaction_id), LessThan(transaction_id,12500000000), IsNotNull(customer_id)","transaction_id:bigint,customer_id:bigint,account_id:bigint,merchant_id:bigint,branch_id:bigint,transaction_date:date,transaction_amount:double,fraud_flag:int","isnotnull(transaction_id#2183L), (transaction_id#2183L < 12500000000), isnotnull(customer_id#2184L)","",false
1,2,206,"Parquet",0,0,0,0,"InMemoryFileIndex(1 paths)[s3a://goes-se-sandbox/data/warehouse/tablespace/external/hive/demo_pauldefusco.db/trs_v25]","IsNotNull(transaction_id), LessThan(transaction_id,12500000000), IsNotNull(account_id)","transaction_id:bigint,customer_id:bigint,account_id:bigint,merchant_id:bigint,branch_id:bigint,transaction_date:date,transaction_amount:double,fraud_flag:int","isnotnull(transaction_id#2307L), (transaction_id#2307L < 12500000000), isnotnull(account_id#2309L)","",false
1,2,397,"Parquet",0,0,0,0,"InMemoryFileIndex(1 paths)[s3a://goes-se-sandbox/data/warehouse/tablespace/external/hive/demo_pauldefusco.db/trs_v25]","IsNotNull(transaction_id), LessThan(transaction_id,12500000000)","transaction_id:bigint,customer_id:bigint,account_id:bigint,merchant_id:bigint,branch_id:bigint,transaction_date:date,transaction_amount:double,fraud_flag:int","isnotnull(transaction_id#3642L), (transaction_id#3642L < 12500000000)","",false
1,2,321,"Parquet",0,0,0,0,"InMemoryFileIndex(1 paths)[s3a://goes-se-sandbox/data/warehouse/tablespace/external/hive/demo_pauldefusco.db/trs_v25]","IsNotNull(transaction_id), LessThan(transaction_id,12500000000), IsNotNull(payment_channel), IsNotNull(payment_type), IsNotNull(device_type)","transaction_id:bigint,customer_id:bigint,account_id:bigint,merchant_id:bigint,branch_id:bigint,transaction_date:date,transaction_amount:double,payment_channel:string,payment_type:string,device_type:string,fraud_flag:int","isnotnull(transaction_id#3237L), (transaction_id#3237L < 12500000000), isnotnull(payment_channel#3246), isnotnull(payment_type#3247), isnotnull(device_type#3248)","",false
1,3,255,"Parquet",0,0,0,0,"InMemoryFileIndex(1 paths)[s3a://goes-se-sandbox/data/warehouse/tablespace/external/hive/demo_pauldefusco.db/accounts_skewed]","IsNotNull(account_id)","account_id:bigint","isnotnull(account_id#2948L)","",false
1,3,117,"Parquet",0,0,0,0,"InMemoryFileIndex(1 paths)[s3a://goes-se-sandbox/data/warehouse/tablespace/external/hive/demo_pauldefusco.db/accounts_skewed]","IsNotNull(account_id), IsNotNull(account_type)","account_id:bigint,account_type:string,account_status:string","isnotnull(account_id#2676L), isnotnull(account_type#2677)","",false
1,3,58,"Parquet",0,0,0,0,"InMemoryFileIndex(1 paths)[s3a://goes-se-sandbox/data/warehouse/tablespace/external/hive/demo_pauldefusco.db/accounts_skewed]","IsNotNull(account_id)","account_id:bigint,account_type:string,account_status:string,current_balance:double,credit_limit:double,interest_rate:double","isnotnull(account_id#52L)","",false
1,3,217,"Parquet",0,0,0,0,"InMemoryFileIndex(1 paths)[s3a://goes-se-sandbox/data/warehouse/tablespace/external/hive/demo_pauldefusco.db/accounts_skewed]","IsNotNull(account_id), IsNotNull(account_type), IsNotNull(account_status)","account_id:bigint,account_type:string,account_status:string,current_balance:double,credit_limit:double,interest_rate:double","isnotnull(account_id#2333L), isnotnull(account_type#2334), isnotnull(account_status#2336)","",false
1,3,171,"Parquet",0,0,0,0,"InMemoryFileIndex(1 paths)[s3a://goes-se-sandbox/data/warehouse/tablespace/external/hive/demo_pauldefusco.db/accounts_skewed]","IsNotNull(account_id)","account_id:bigint,current_balance:double,interest_rate:double","isnotnull(account_id#2209L)","",false
1,3,127,"Parquet",0,0,0,0,"InMemoryFileIndex(1 paths)[s3a://goes-se-sandbox/data/warehouse/tablespace/external/hive/demo_pauldefusco.db/branches_skewed]","IsNotNull(branch_id)","branch_id:bigint","isnotnull(branch_id#2695L)","",false
1,3,68,"Parquet",0,0,0,0,"InMemoryFileIndex(1 paths)[s3a://goes-se-sandbox/data/warehouse/tablespace/external/hive/demo_pauldefusco.db/branches_skewed]","IsNotNull(branch_id)","branch_id:bigint,region:string,branch_type:string","isnotnull(branch_id#91L)","",false
1,3,373,"Parquet",0,0,0,0,"InMemoryFileIndex(1 paths)[s3a://goes-se-sandbox/data/warehouse/tablespace/external/hive/demo_pauldefusco.db/branches_skewed]","IsNotNull(branch_id), IsNotNull(region), IsNotNull(branch_type)","branch_id:bigint,region:string,branch_type:string","isnotnull(branch_id#4015L), isnotnull(region#4018), isnotnull(branch_type#4019)","",false
1,3,411,"Parquet",0,0,0,0,"InMemoryFileIndex(1 paths)[s3a://goes-se-sandbox/data/warehouse/tablespace/external/hive/demo_pauldefusco.db/branches_skewed]","IsNotNull(branch_id), IsNotNull(region), IsNotNull(branch_type)","branch_id:bigint,region:string,branch_type:string,assets_under_management:double,annual_operating_cost:double","isnotnull(branch_id#3687L), isnotnull(region#3690), isnotnull(branch_type#3691)","",false
1,3,132,"Parquet",0,0,0,0,"InMemoryFileIndex(1 paths)[s3a://goes-se-sandbox/data/warehouse/tablespace/external/hive/demo_pauldefusco.db/calendar]","IsNotNull(calendar_date), IsNotNull(year), IsNotNull(month)","calendar_date:date,year:int,month:int","isnotnull(calendar_date#2706), isnotnull(year#2708), isnotnull(month#2710)","",false
1,3,181,"Parquet",0,0,0,0,"InMemoryFileIndex(1 paths)[s3a://goes-se-sandbox/data/warehouse/tablespace/external/hive/demo_pauldefusco.db/calendar]","IsNotNull(calendar_date), IsNotNull(year), IsNotNull(month)","calendar_date:date,year:int,month:int,is_weekend:boolean","isnotnull(calendar_date#2239), isnotnull(year#2241), isnotnull(month#2243)","",false
1,3,265,"Parquet",0,0,0,0,"InMemoryFileIndex(1 paths)[s3a://goes-se-sandbox/data/warehouse/tablespace/external/hive/demo_pauldefusco.db/calendar]","IsNotNull(calendar_date), IsNotNull(year), IsNotNull(quarter)","calendar_date:date,year:int,quarter:int","isnotnull(calendar_date#2978), isnotnull(year#2980), isnotnull(quarter#2981)","",false
1,3,300,"Parquet",0,0,0,0,"InMemoryFileIndex(1 paths)[s3a://goes-se-sandbox/data/warehouse/tablespace/external/hive/demo_pauldefusco.db/calendar]","IsNotNull(calendar_date), IsNotNull(year), IsNotNull(quarter)","calendar_date:date,year:int,quarter:int,is_weekend:boolean","isnotnull(calendar_date#2556), isnotnull(year#2558), isnotnull(quarter#2559)","",false
1,3,73,"Parquet",0,0,0,0,"InMemoryFileIndex(1 paths)[s3a://goes-se-sandbox/data/warehouse/tablespace/external/hive/demo_pauldefusco.db/calendar]","IsNotNull(calendar_date)","calendar_date:date,year:int,quarter:int,month:int,is_weekend:boolean","isnotnull(calendar_date#113)","",false
1,3,249,"Parquet",0,0,0,0,"InMemoryFileIndex(1 paths)[s3a://goes-se-sandbox/data/warehouse/tablespace/external/hive/demo_pauldefusco.db/customers_skewed]","IsNotNull(customer_id)","customer_id:bigint","isnotnull(customer_id#2937L)","",false
1,3,211,"Parquet",0,0,0,0,"InMemoryFileIndex(1 paths)[s3a://goes-se-sandbox/data/warehouse/tablespace/external/hive/demo_pauldefusco.db/customers_skewed]","IsNotNull(customer_id)","customer_id:bigint,credit_score:int","isnotnull(customer_id#2322L)","",false
1,3,405,"Parquet",0,0,0,0,"InMemoryFileIndex(1 paths)[s3a://goes-se-sandbox/data/warehouse/tablespace/external/hive/demo_pauldefusco.db/customers_skewed]","IsNotNull(customer_id), IsNotNull(customer_segment), IsNotNull(income_band)","customer_id:bigint,credit_score:int,income_band:string,customer_segment:string","isnotnull(customer_id#3657L), isnotnull(customer_segment#3664), isnotnull(income_band#3662)","",false
1,3,165,"Parquet",0,0,0,0,"InMemoryFileIndex(1 paths)[s3a://goes-se-sandbox/data/warehouse/tablespace/external/hive/demo_pauldefusco.db/customers_skewed]","IsNotNull(customer_id), IsNotNull(customer_segment), IsNotNull(income_band), IsNotNull(risk_rating)","customer_id:bigint,credit_score:int,income_band:string,customer_segment:string,risk_rating:string","isnotnull(customer_id#2198L), isnotnull(customer_segment#2205), isnotnull(income_band#2203), isnotnull(risk_rating#2207)","",false
1,3,52,"Parquet",0,0,0,0,"InMemoryFileIndex(1 paths)[s3a://goes-se-sandbox/data/warehouse/tablespace/external/hive/demo_pauldefusco.db/customers_skewed]","IsNotNull(customer_id)","customer_id:bigint,credit_score:int,income_band:string,estimated_income:double,customer_segment:string,risk_rating:string","isnotnull(customer_id#31L)","",false
1,3,362,"Parquet",0,0,0,0,"InMemoryFileIndex(1 paths)[s3a://goes-se-sandbox/data/warehouse/tablespace/external/hive/demo_pauldefusco.db/customers_skewed]","IsNotNull(customer_id), IsNotNull(customer_segment), IsNotNull(income_band)","customer_id:bigint,income_band:string,customer_segment:string","isnotnull(customer_id#3985L), isnotnull(customer_segment#3992), isnotnull(income_band#3990)","",false
1,3,111,"Parquet",0,0,0,0,"InMemoryFileIndex(1 paths)[s3a://goes-se-sandbox/data/warehouse/tablespace/external/hive/demo_pauldefusco.db/customers_skewed]","IsNotNull(customer_id), IsNotNull(customer_segment), IsNotNull(income_band), IsNotNull(risk_rating)","customer_id:bigint,income_band:string,customer_segment:string,risk_rating:string","isnotnull(customer_id#2665L), isnotnull(customer_segment#2672), isnotnull(income_band#2670), isnotnull(risk_rating#2674)","",false
1,3,122,"Parquet",0,0,0,0,"InMemoryFileIndex(1 paths)[s3a://goes-se-sandbox/data/warehouse/tablespace/external/hive/demo_pauldefusco.db/merchants_skewed]","IsNotNull(merchant_id)","merchant_id:bigint","isnotnull(merchant_id#2685L)","",false
1,3,368,"Parquet",0,0,0,0,"InMemoryFileIndex(1 paths)[s3a://goes-se-sandbox/data/warehouse/tablespace/external/hive/demo_pauldefusco.db/merchants_skewed]","IsNotNull(merchant_id), IsNotNull(region)","merchant_id:bigint,region:string","isnotnull(merchant_id#4005L), isnotnull(region#4007)","",false
1,3,440,"Parquet",0,0,0,0,"InMemoryFileIndex(1 paths)[s3a://goes-se-sandbox/data/warehouse/tablespace/external/hive/demo_pauldefusco.db/merchants_skewed]","IsNotNull(merchant_id), IsNotNull(region)","merchant_id:bigint,region:string,risk_level:string","isnotnull(merchant_id#3810L), isnotnull(region#3812)","",false
1,3,295,"Parquet",0,0,0,0,"InMemoryFileIndex(1 paths)[s3a://goes-se-sandbox/data/warehouse/tablespace/external/hive/demo_pauldefusco.db/merchants_skewed]","IsNotNull(merchant_id), IsNotNull(region), IsNotNull(risk_level), IsNotNull(merchant_size)","merchant_id:bigint,region:string,risk_level:string,annual_revenue:double,merchant_size:string","isnotnull(merchant_id#2535L), isnotnull(region#2537), isnotnull(risk_level#2540), isnotnull(merchant_size#2542)","",false
1,3,63,"Parquet",0,0,0,0,"InMemoryFileIndex(1 paths)[s3a://goes-se-sandbox/data/warehouse/tablespace/external/hive/demo_pauldefusco.db/merchants_skewed]","IsNotNull(merchant_id)","merchant_id:bigint,region:string,risk_level:string,merchant_size:string","isnotnull(merchant_id#71L)","",false
1,3,260,"Parquet",0,0,0,0,"InMemoryFileIndex(1 paths)[s3a://goes-se-sandbox/data/warehouse/tablespace/external/hive/demo_pauldefusco.db/merchants_skewed]","IsNotNull(merchant_id), IsNotNull(region)","merchant_id:bigint,region:string,risk_level:string,merchant_size:string","isnotnull(merchant_id#2957L), isnotnull(region#2959)","",false
1,3,176,"Parquet",0,0,0,0,"InMemoryFileIndex(1 paths)[s3a://goes-se-sandbox/data/warehouse/tablespace/external/hive/demo_pauldefusco.db/merchants_skewed]","IsNotNull(merchant_id)","merchant_id:bigint,risk_level:string","isnotnull(merchant_id#2218L)","",false
1,3,105,"Parquet",0,0,0,0,"InMemoryFileIndex(1 paths)[s3a://goes-se-sandbox/data/warehouse/tablespace/external/hive/demo_pauldefusco.db/trs_v25]","IsNotNull(transaction_id), LessThan(transaction_id,12500000000), IsNotNull(customer_id), IsNotNull(account_id)","transaction_id:bigint,customer_id:bigint,account_id:bigint,merchant_id:bigint,branch_id:bigint,transaction_date:date","isnotnull(transaction_id#2650L), (transaction_id#2650L < 12500000000), isnotnull(customer_id#2651L), isnotnull(account_id#2652L)","",false
1,3,244,"Parquet",0,0,0,0,"InMemoryFileIndex(1 paths)[s3a://goes-se-sandbox/data/warehouse/tablespace/external/hive/demo_pauldefusco.db/trs_v25]","IsNotNull(transaction_id), LessThan(transaction_id,12500000000), IsNotNull(customer_id), IsNotNull(merchant_id), IsNotNull(merchant_category)","transaction_id:bigint,customer_id:bigint,account_id:bigint,merchant_id:bigint,branch_id:bigint,transaction_date:date,merchant_category:string","isnotnull(transaction_id#2922L), (transaction_id#2922L < 12500000000), isnotnull(customer_id#2923L), isnotnull(merchant_id#2925L), isnotnull(merchant_category#2929)","",false
1,3,356,"Parquet",0,0,0,0,"InMemoryFileIndex(1 paths)[s3a://goes-se-sandbox/data/warehouse/tablespace/external/hive/demo_pauldefusco.db/trs_v25]","IsNotNull(transaction_id), LessThan(transaction_id,12500000000), IsNotNull(merchant_category)","transaction_id:bigint,customer_id:bigint,account_id:bigint,merchant_id:bigint,branch_id:bigint,transaction_date:date,merchant_category:string","isnotnull(transaction_id#3970L), (transaction_id#3970L < 12500000000), isnotnull(merchant_category#3977)","",false
1,3,289,"Parquet",0,0,0,0,"InMemoryFileIndex(1 paths)[s3a://goes-se-sandbox/data/warehouse/tablespace/external/hive/demo_pauldefusco.db/trs_v25]","IsNotNull(transaction_id), LessThan(transaction_id,12500000000), IsNotNull(merchant_id), IsNotNull(merchant_category)","transaction_id:bigint,customer_id:bigint,account_id:bigint,merchant_id:bigint,branch_id:bigint,transaction_date:date,merchant_category:string,transaction_amount:double,fraud_flag:int","isnotnull(transaction_id#2500L), (transaction_id#2500L < 12500000000), isnotnull(merchant_id#2503L), isnotnull(merchant_category#2507)","",false
1,3,434,"Parquet",0,0,0,0,"InMemoryFileIndex(1 paths)[s3a://goes-se-sandbox/data/warehouse/tablespace/external/hive/demo_pauldefusco.db/trs_v25]","IsNotNull(transaction_id), IsNotNull(fraud_flag), LessThan(transaction_id,12500000000), EqualTo(fraud_flag,1), IsNotNull(merchant_category)","transaction_id:bigint,customer_id:bigint,account_id:bigint,merchant_id:bigint,branch_id:bigint,transaction_date:date,merchant_category:string,transaction_amount:double,fraud_flag:int","isnotnull(transaction_id#3775L), isnotnull(fraud_flag#3787), (transaction_id#3775L < 12500000000), (fraud_flag#3787 = 1), isnotnull(merchant_category#3782)","",false
1,3,46,"Parquet",0,0,0,0,"InMemoryFileIndex(1 paths)[s3a://goes-se-sandbox/data/warehouse/tablespace/external/hive/demo_pauldefusco.db/trs_v25]","IsNotNull(transaction_id), LessThan(transaction_id,12500000000)","transaction_id:bigint,customer_id:bigint,account_id:bigint,merchant_id:bigint,branch_id:bigint,transaction_date:date,merchant_category:string,transaction_amount:double,payment_channel:string,payment_type:string,device_type:string,fraud_flag:int","isnotnull(transaction_id#0L), (transaction_id#0L < 12500000000)","",false
1,3,159,"Parquet",0,0,0,0,"InMemoryFileIndex(1 paths)[s3a://goes-se-sandbox/data/warehouse/tablespace/external/hive/demo_pauldefusco.db/trs_v25]","IsNotNull(transaction_id), LessThan(transaction_id,12500000000), IsNotNull(customer_id)","transaction_id:bigint,customer_id:bigint,account_id:bigint,merchant_id:bigint,branch_id:bigint,transaction_date:date,transaction_amount:double,fraud_flag:int","isnotnull(transaction_id#2183L), (transaction_id#2183L < 12500000000), isnotnull(customer_id#2184L)","",false
1,3,206,"Parquet",0,0,0,0,"InMemoryFileIndex(1 paths)[s3a://goes-se-sandbox/data/warehouse/tablespace/external/hive/demo_pauldefusco.db/trs_v25]","IsNotNull(transaction_id), LessThan(transaction_id,12500000000), IsNotNull(account_id)","transaction_id:bigint,customer_id:bigint,account_id:bigint,merchant_id:bigint,branch_id:bigint,transaction_date:date,transaction_amount:double,fraud_flag:int","isnotnull(transaction_id#2307L), (transaction_id#2307L < 12500000000), isnotnull(account_id#2309L)","",false
1,3,399,"Parquet",0,0,0,0,"InMemoryFileIndex(1 paths)[s3a://goes-se-sandbox/data/warehouse/tablespace/external/hive/demo_pauldefusco.db/trs_v25]","IsNotNull(transaction_id), LessThan(transaction_id,12500000000)","transaction_id:bigint,customer_id:bigint,account_id:bigint,merchant_id:bigint,branch_id:bigint,transaction_date:date,transaction_amount:double,fraud_flag:int","isnotnull(transaction_id#3642L), (transaction_id#3642L < 12500000000)","",false
1,3,323,"Parquet",0,0,0,0,"InMemoryFileIndex(1 paths)[s3a://goes-se-sandbox/data/warehouse/tablespace/external/hive/demo_pauldefusco.db/trs_v25]","IsNotNull(transaction_id), LessThan(transaction_id,12500000000), IsNotNull(payment_channel), IsNotNull(payment_type), IsNotNull(device_type)","transaction_id:bigint,customer_id:bigint,account_id:bigint,merchant_id:bigint,branch_id:bigint,transaction_date:date,transaction_amount:double,payment_channel:string,payment_type:string,device_type:string,fraud_flag:int","isnotnull(transaction_id#3237L), (transaction_id#3237L < 12500000000), isnotnull(payment_channel#3246), isnotnull(payment_type#3247), isnotnull(device_type#3248)","",false
1,4,258,"Parquet",0,0,0,0,"InMemoryFileIndex(1 paths)[s3a://goes-se-sandbox/data/warehouse/tablespace/external/hive/demo_pauldefusco.db/accounts_skewed]","IsNotNull(account_id)","account_id:bigint","isnotnull(account_id#2948L)","",false
1,4,120,"Parquet",0,0,0,0,"InMemoryFileIndex(1 paths)[s3a://goes-se-sandbox/data/warehouse/tablespace/external/hive/demo_pauldefusco.db/accounts_skewed]","IsNotNull(account_id), IsNotNull(account_type)","account_id:bigint,account_type:string,account_status:string","isnotnull(account_id#2676L), isnotnull(account_type#2677)","",false
1,4,61,"Parquet",0,0,0,0,"InMemoryFileIndex(1 paths)[s3a://goes-se-sandbox/data/warehouse/tablespace/external/hive/demo_pauldefusco.db/accounts_skewed]","IsNotNull(account_id)","account_id:bigint,account_type:string,account_status:string,current_balance:double,credit_limit:double,interest_rate:double","isnotnull(account_id#52L)","",false
1,4,220,"Parquet",0,0,0,0,"InMemoryFileIndex(1 paths)[s3a://goes-se-sandbox/data/warehouse/tablespace/external/hive/demo_pauldefusco.db/accounts_skewed]","IsNotNull(account_id), IsNotNull(account_type), IsNotNull(account_status)","account_id:bigint,account_type:string,account_status:string,current_balance:double,credit_limit:double,interest_rate:double","isnotnull(account_id#2333L), isnotnull(account_type#2334), isnotnull(account_status#2336)","",false
1,4,174,"Parquet",0,0,0,0,"InMemoryFileIndex(1 paths)[s3a://goes-se-sandbox/data/warehouse/tablespace/external/hive/demo_pauldefusco.db/accounts_skewed]","IsNotNull(account_id)","account_id:bigint,current_balance:double,interest_rate:double","isnotnull(account_id#2209L)","",false
1,4,130,"Parquet",0,0,0,0,"InMemoryFileIndex(1 paths)[s3a://goes-se-sandbox/data/warehouse/tablespace/external/hive/demo_pauldefusco.db/branches_skewed]","IsNotNull(branch_id)","branch_id:bigint","isnotnull(branch_id#2695L)","",false
1,4,71,"Parquet",0,0,0,0,"InMemoryFileIndex(1 paths)[s3a://goes-se-sandbox/data/warehouse/tablespace/external/hive/demo_pauldefusco.db/branches_skewed]","IsNotNull(branch_id)","branch_id:bigint,region:string,branch_type:string","isnotnull(branch_id#91L)","",false
1,4,376,"Parquet",0,0,0,0,"InMemoryFileIndex(1 paths)[s3a://goes-se-sandbox/data/warehouse/tablespace/external/hive/demo_pauldefusco.db/branches_skewed]","IsNotNull(branch_id), IsNotNull(region), IsNotNull(branch_type)","branch_id:bigint,region:string,branch_type:string","isnotnull(branch_id#4015L), isnotnull(region#4018), isnotnull(branch_type#4019)","",false
1,4,414,"Parquet",0,0,0,0,"InMemoryFileIndex(1 paths)[s3a://goes-se-sandbox/data/warehouse/tablespace/external/hive/demo_pauldefusco.db/branches_skewed]","IsNotNull(branch_id), IsNotNull(region), IsNotNull(branch_type)","branch_id:bigint,region:string,branch_type:string,assets_under_management:double,annual_operating_cost:double","isnotnull(branch_id#3687L), isnotnull(region#3690), isnotnull(branch_type#3691)","",false
1,4,135,"Parquet",0,0,0,0,"InMemoryFileIndex(1 paths)[s3a://goes-se-sandbox/data/warehouse/tablespace/external/hive/demo_pauldefusco.db/calendar]","IsNotNull(calendar_date), IsNotNull(year), IsNotNull(month)","calendar_date:date,year:int,month:int","isnotnull(calendar_date#2706), isnotnull(year#2708), isnotnull(month#2710)","",false
1,4,184,"Parquet",0,0,0,0,"InMemoryFileIndex(1 paths)[s3a://goes-se-sandbox/data/warehouse/tablespace/external/hive/demo_pauldefusco.db/calendar]","IsNotNull(calendar_date), IsNotNull(year), IsNotNull(month)","calendar_date:date,year:int,month:int,is_weekend:boolean","isnotnull(calendar_date#2239), isnotnull(year#2241), isnotnull(month#2243)","",false
1,4,268,"Parquet",0,0,0,0,"InMemoryFileIndex(1 paths)[s3a://goes-se-sandbox/data/warehouse/tablespace/external/hive/demo_pauldefusco.db/calendar]","IsNotNull(calendar_date), IsNotNull(year), IsNotNull(quarter)","calendar_date:date,year:int,quarter:int","isnotnull(calendar_date#2978), isnotnull(year#2980), isnotnull(quarter#2981)","",false
1,4,303,"Parquet",0,0,0,0,"InMemoryFileIndex(1 paths)[s3a://goes-se-sandbox/data/warehouse/tablespace/external/hive/demo_pauldefusco.db/calendar]","IsNotNull(calendar_date), IsNotNull(year), IsNotNull(quarter)","calendar_date:date,year:int,quarter:int,is_weekend:boolean","isnotnull(calendar_date#2556), isnotnull(year#2558), isnotnull(quarter#2559)","",false
1,4,76,"Parquet",0,0,0,0,"InMemoryFileIndex(1 paths)[s3a://goes-se-sandbox/data/warehouse/tablespace/external/hive/demo_pauldefusco.db/calendar]","IsNotNull(calendar_date)","calendar_date:date,year:int,quarter:int,month:int,is_weekend:boolean","isnotnull(calendar_date#113)","",false
1,4,252,"Parquet",0,0,0,0,"InMemoryFileIndex(1 paths)[s3a://goes-se-sandbox/data/warehouse/tablespace/external/hive/demo_pauldefusco.db/customers_skewed]","IsNotNull(customer_id)","customer_id:bigint","isnotnull(customer_id#2937L)","",false
1,4,214,"Parquet",0,0,0,0,"InMemoryFileIndex(1 paths)[s3a://goes-se-sandbox/data/warehouse/tablespace/external/hive/demo_pauldefusco.db/customers_skewed]","IsNotNull(customer_id)","customer_id:bigint,credit_score:int","isnotnull(customer_id#2322L)","",false
1,4,408,"Parquet",0,0,0,0,"InMemoryFileIndex(1 paths)[s3a://goes-se-sandbox/data/warehouse/tablespace/external/hive/demo_pauldefusco.db/customers_skewed]","IsNotNull(customer_id), IsNotNull(customer_segment), IsNotNull(income_band)","customer_id:bigint,credit_score:int,income_band:string,customer_segment:string","isnotnull(customer_id#3657L), isnotnull(customer_segment#3664), isnotnull(income_band#3662)","",false
1,4,168,"Parquet",0,0,0,0,"InMemoryFileIndex(1 paths)[s3a://goes-se-sandbox/data/warehouse/tablespace/external/hive/demo_pauldefusco.db/customers_skewed]","IsNotNull(customer_id), IsNotNull(customer_segment), IsNotNull(income_band), IsNotNull(risk_rating)","customer_id:bigint,credit_score:int,income_band:string,customer_segment:string,risk_rating:string","isnotnull(customer_id#2198L), isnotnull(customer_segment#2205), isnotnull(income_band#2203), isnotnull(risk_rating#2207)","",false
1,4,55,"Parquet",0,0,0,0,"InMemoryFileIndex(1 paths)[s3a://goes-se-sandbox/data/warehouse/tablespace/external/hive/demo_pauldefusco.db/customers_skewed]","IsNotNull(customer_id)","customer_id:bigint,credit_score:int,income_band:string,estimated_income:double,customer_segment:string,risk_rating:string","isnotnull(customer_id#31L)","",false
1,4,365,"Parquet",0,0,0,0,"InMemoryFileIndex(1 paths)[s3a://goes-se-sandbox/data/warehouse/tablespace/external/hive/demo_pauldefusco.db/customers_skewed]","IsNotNull(customer_id), IsNotNull(customer_segment), IsNotNull(income_band)","customer_id:bigint,income_band:string,customer_segment:string","isnotnull(customer_id#3985L), isnotnull(customer_segment#3992), isnotnull(income_band#3990)","",false
1,4,114,"Parquet",0,0,0,0,"InMemoryFileIndex(1 paths)[s3a://goes-se-sandbox/data/warehouse/tablespace/external/hive/demo_pauldefusco.db/customers_skewed]","IsNotNull(customer_id), IsNotNull(customer_segment), IsNotNull(income_band), IsNotNull(risk_rating)","customer_id:bigint,income_band:string,customer_segment:string,risk_rating:string","isnotnull(customer_id#2665L), isnotnull(customer_segment#2672), isnotnull(income_band#2670), isnotnull(risk_rating#2674)","",false
1,4,125,"Parquet",0,0,0,0,"InMemoryFileIndex(1 paths)[s3a://goes-se-sandbox/data/warehouse/tablespace/external/hive/demo_pauldefusco.db/merchants_skewed]","IsNotNull(merchant_id)","merchant_id:bigint","isnotnull(merchant_id#2685L)","",false
1,4,371,"Parquet",0,0,0,0,"InMemoryFileIndex(1 paths)[s3a://goes-se-sandbox/data/warehouse/tablespace/external/hive/demo_pauldefusco.db/merchants_skewed]","IsNotNull(merchant_id), IsNotNull(region)","merchant_id:bigint,region:string","isnotnull(merchant_id#4005L), isnotnull(region#4007)","",false
1,4,443,"Parquet",0,0,0,0,"InMemoryFileIndex(1 paths)[s3a://goes-se-sandbox/data/warehouse/tablespace/external/hive/demo_pauldefusco.db/merchants_skewed]","IsNotNull(merchant_id), IsNotNull(region)","merchant_id:bigint,region:string,risk_level:string","isnotnull(merchant_id#3810L), isnotnull(region#3812)","",false
1,4,298,"Parquet",0,0,0,0,"InMemoryFileIndex(1 paths)[s3a://goes-se-sandbox/data/warehouse/tablespace/external/hive/demo_pauldefusco.db/merchants_skewed]","IsNotNull(merchant_id), IsNotNull(region), IsNotNull(risk_level), IsNotNull(merchant_size)","merchant_id:bigint,region:string,risk_level:string,annual_revenue:double,merchant_size:string","isnotnull(merchant_id#2535L), isnotnull(region#2537), isnotnull(risk_level#2540), isnotnull(merchant_size#2542)","",false
1,4,66,"Parquet",0,0,0,0,"InMemoryFileIndex(1 paths)[s3a://goes-se-sandbox/data/warehouse/tablespace/external/hive/demo_pauldefusco.db/merchants_skewed]","IsNotNull(merchant_id)","merchant_id:bigint,region:string,risk_level:string,merchant_size:string","isnotnull(merchant_id#71L)","",false
1,4,263,"Parquet",0,0,0,0,"InMemoryFileIndex(1 paths)[s3a://goes-se-sandbox/data/warehouse/tablespace/external/hive/demo_pauldefusco.db/merchants_skewed]","IsNotNull(merchant_id), IsNotNull(region)","merchant_id:bigint,region:string,risk_level:string,merchant_size:string","isnotnull(merchant_id#2957L), isnotnull(region#2959)","",false
1,4,179,"Parquet",0,0,0,0,"InMemoryFileIndex(1 paths)[s3a://goes-se-sandbox/data/warehouse/tablespace/external/hive/demo_pauldefusco.db/merchants_skewed]","IsNotNull(merchant_id)","merchant_id:bigint,risk_level:string","isnotnull(merchant_id#2218L)","",false
1,4,108,"Parquet",0,0,0,0,"InMemoryFileIndex(1 paths)[s3a://goes-se-sandbox/data/warehouse/tablespace/external/hive/demo_pauldefusco.db/trs_v25]","IsNotNull(transaction_id), LessThan(transaction_id,12500000000), IsNotNull(customer_id), IsNotNull(account_id)","transaction_id:bigint,customer_id:bigint,account_id:bigint,merchant_id:bigint,branch_id:bigint,transaction_date:date","isnotnull(transaction_id#2650L), (transaction_id#2650L < 12500000000), isnotnull(customer_id#2651L), isnotnull(account_id#2652L)","",false
1,4,247,"Parquet",0,0,0,0,"InMemoryFileIndex(1 paths)[s3a://goes-se-sandbox/data/warehouse/tablespace/external/hive/demo_pauldefusco.db/trs_v25]","IsNotNull(transaction_id), LessThan(transaction_id,12500000000), IsNotNull(customer_id), IsNotNull(merchant_id), IsNotNull(merchant_category)","transaction_id:bigint,customer_id:bigint,account_id:bigint,merchant_id:bigint,branch_id:bigint,transaction_date:date,merchant_category:string","isnotnull(transaction_id#2922L), (transaction_id#2922L < 12500000000), isnotnull(customer_id#2923L), isnotnull(merchant_id#2925L), isnotnull(merchant_category#2929)","",false
1,4,359,"Parquet",0,0,0,0,"InMemoryFileIndex(1 paths)[s3a://goes-se-sandbox/data/warehouse/tablespace/external/hive/demo_pauldefusco.db/trs_v25]","IsNotNull(transaction_id), LessThan(transaction_id,12500000000), IsNotNull(merchant_category)","transaction_id:bigint,customer_id:bigint,account_id:bigint,merchant_id:bigint,branch_id:bigint,transaction_date:date,merchant_category:string","isnotnull(transaction_id#3970L), (transaction_id#3970L < 12500000000), isnotnull(merchant_category#3977)","",false
1,4,292,"Parquet",0,0,0,0,"InMemoryFileIndex(1 paths)[s3a://goes-se-sandbox/data/warehouse/tablespace/external/hive/demo_pauldefusco.db/trs_v25]","IsNotNull(transaction_id), LessThan(transaction_id,12500000000), IsNotNull(merchant_id), IsNotNull(merchant_category)","transaction_id:bigint,customer_id:bigint,account_id:bigint,merchant_id:bigint,branch_id:bigint,transaction_date:date,merchant_category:string,transaction_amount:double,fraud_flag:int","isnotnull(transaction_id#2500L), (transaction_id#2500L < 12500000000), isnotnull(merchant_id#2503L), isnotnull(merchant_category#2507)","",false
1,4,437,"Parquet",0,0,0,0,"InMemoryFileIndex(1 paths)[s3a://goes-se-sandbox/data/warehouse/tablespace/external/hive/demo_pauldefusco.db/trs_v25]","IsNotNull(transaction_id), IsNotNull(fraud_flag), LessThan(transaction_id,12500000000), EqualTo(fraud_flag,1), IsNotNull(merchant_category)","transaction_id:bigint,customer_id:bigint,account_id:bigint,merchant_id:bigint,branch_id:bigint,transaction_date:date,merchant_category:string,transaction_amount:double,fraud_flag:int","isnotnull(transaction_id#3775L), isnotnull(fraud_flag#3787), (transaction_id#3775L < 12500000000), (fraud_flag#3787 = 1), isnotnull(merchant_category#3782)","",false
1,4,48,"Parquet",0,0,0,0,"InMemoryFileIndex(1 paths)[s3a://goes-se-sandbox/data/warehouse/tablespace/external/hive/demo_pauldefusco.db/trs_v25]","IsNotNull(transaction_id), LessThan(transaction_id,12500000000)","transaction_id:bigint,customer_id:bigint,account_id:bigint,merchant_id:bigint,branch_id:bigint,transaction_date:date,merchant_category:string,transaction_amount:double,payment_channel:string,payment_type:string,device_type:string,fraud_flag:int","isnotnull(transaction_id#0L), (transaction_id#0L < 12500000000)","",false
1,4,162,"Parquet",0,0,0,0,"InMemoryFileIndex(1 paths)[s3a://goes-se-sandbox/data/warehouse/tablespace/external/hive/demo_pauldefusco.db/trs_v25]","IsNotNull(transaction_id), LessThan(transaction_id,12500000000), IsNotNull(customer_id)","transaction_id:bigint,customer_id:bigint,account_id:bigint,merchant_id:bigint,branch_id:bigint,transaction_date:date,transaction_amount:double,fraud_flag:int","isnotnull(transaction_id#2183L), (transaction_id#2183L < 12500000000), isnotnull(customer_id#2184L)","",false
1,4,209,"Parquet",0,0,0,0,"InMemoryFileIndex(1 paths)[s3a://goes-se-sandbox/data/warehouse/tablespace/external/hive/demo_pauldefusco.db/trs_v25]","IsNotNull(transaction_id), LessThan(transaction_id,12500000000), IsNotNull(account_id)","transaction_id:bigint,customer_id:bigint,account_id:bigint,merchant_id:bigint,branch_id:bigint,transaction_date:date,transaction_amount:double,fraud_flag:int","isnotnull(transaction_id#2307L), (transaction_id#2307L < 12500000000), isnotnull(account_id#2309L)","",false
1,4,402,"Parquet",0,0,0,0,"InMemoryFileIndex(1 paths)[s3a://goes-se-sandbox/data/warehouse/tablespace/external/hive/demo_pauldefusco.db/trs_v25]","IsNotNull(transaction_id), LessThan(transaction_id,12500000000)","transaction_id:bigint,customer_id:bigint,account_id:bigint,merchant_id:bigint,branch_id:bigint,transaction_date:date,transaction_amount:double,fraud_flag:int","isnotnull(transaction_id#3642L), (transaction_id#3642L < 12500000000)","",false
1,4,326,"Parquet",0,0,0,0,"InMemoryFileIndex(1 paths)[s3a://goes-se-sandbox/data/warehouse/tablespace/external/hive/demo_pauldefusco.db/trs_v25]","IsNotNull(transaction_id), LessThan(transaction_id,12500000000), IsNotNull(payment_channel), IsNotNull(payment_type), IsNotNull(device_type)","transaction_id:bigint,customer_id:bigint,account_id:bigint,merchant_id:bigint,branch_id:bigint,transaction_date:date,transaction_amount:double,payment_channel:string,payment_type:string,device_type:string,fraud_flag:int","isnotnull(transaction_id#3237L), (transaction_id#3237L < 12500000000), isnotnull(payment_channel#3246), isnotnull(payment_type#3247), isnotnull(device_type#3248)","",false
1,5,261,"Parquet",0,0,0,0,"InMemoryFileIndex(1 paths)[s3a://goes-se-sandbox/data/warehouse/tablespace/external/hive/demo_pauldefusco.db/accounts_skewed]","IsNotNull(account_id)","account_id:bigint","isnotnull(account_id#2948L)","",false
1,5,123,"Parquet",0,0,0,0,"InMemoryFileIndex(1 paths)[s3a://goes-se-sandbox/data/warehouse/tablespace/external/hive/demo_pauldefusco.db/accounts_skewed]","IsNotNull(account_id), IsNotNull(account_type)","account_id:bigint,account_type:string,account_status:string","isnotnull(account_id#2676L), isnotnull(account_type#2677)","",false
1,5,61,"Parquet",0,0,0,0,"InMemoryFileIndex(1 paths)[s3a://goes-se-sandbox/data/warehouse/tablespace/external/hive/demo_pauldefusco.db/accounts_skewed]","IsNotNull(account_id)","account_id:bigint,account_type:string,account_status:string,current_balance:double,credit_limit:double,interest_rate:double","isnotnull(account_id#52L)","",false
1,5,223,"Parquet",0,0,0,0,"InMemoryFileIndex(1 paths)[s3a://goes-se-sandbox/data/warehouse/tablespace/external/hive/demo_pauldefusco.db/accounts_skewed]","IsNotNull(account_id), IsNotNull(account_type), IsNotNull(account_status)","account_id:bigint,account_type:string,account_status:string,current_balance:double,credit_limit:double,interest_rate:double","isnotnull(account_id#2333L), isnotnull(account_type#2334), isnotnull(account_status#2336)","",false
1,5,177,"Parquet",0,0,0,0,"InMemoryFileIndex(1 paths)[s3a://goes-se-sandbox/data/warehouse/tablespace/external/hive/demo_pauldefusco.db/accounts_skewed]","IsNotNull(account_id)","account_id:bigint,current_balance:double,interest_rate:double","isnotnull(account_id#2209L)","",false
1,5,133,"Parquet",0,0,0,0,"InMemoryFileIndex(1 paths)[s3a://goes-se-sandbox/data/warehouse/tablespace/external/hive/demo_pauldefusco.db/branches_skewed]","IsNotNull(branch_id)","branch_id:bigint","isnotnull(branch_id#2695L)","",false
1,5,71,"Parquet",0,0,0,0,"InMemoryFileIndex(1 paths)[s3a://goes-se-sandbox/data/warehouse/tablespace/external/hive/demo_pauldefusco.db/branches_skewed]","IsNotNull(branch_id)","branch_id:bigint,region:string,branch_type:string","isnotnull(branch_id#91L)","",false
1,5,379,"Parquet",0,0,0,0,"InMemoryFileIndex(1 paths)[s3a://goes-se-sandbox/data/warehouse/tablespace/external/hive/demo_pauldefusco.db/branches_skewed]","IsNotNull(branch_id), IsNotNull(region), IsNotNull(branch_type)","branch_id:bigint,region:string,branch_type:string","isnotnull(branch_id#4015L), isnotnull(region#4018), isnotnull(branch_type#4019)","",false
1,5,417,"Parquet",0,0,0,0,"InMemoryFileIndex(1 paths)[s3a://goes-se-sandbox/data/warehouse/tablespace/external/hive/demo_pauldefusco.db/branches_skewed]","IsNotNull(branch_id), IsNotNull(region), IsNotNull(branch_type)","branch_id:bigint,region:string,branch_type:string,assets_under_management:double,annual_operating_cost:double","isnotnull(branch_id#3687L), isnotnull(region#3690), isnotnull(branch_type#3691)","",false
1,5,138,"Parquet",0,0,0,0,"InMemoryFileIndex(1 paths)[s3a://goes-se-sandbox/data/warehouse/tablespace/external/hive/demo_pauldefusco.db/calendar]","IsNotNull(calendar_date), IsNotNull(year), IsNotNull(month)","calendar_date:date,year:int,month:int","isnotnull(calendar_date#2706), isnotnull(year#2708), isnotnull(month#2710)","",false
1,5,187,"Parquet",0,0,0,0,"InMemoryFileIndex(1 paths)[s3a://goes-se-sandbox/data/warehouse/tablespace/external/hive/demo_pauldefusco.db/calendar]","IsNotNull(calendar_date), IsNotNull(year), IsNotNull(month)","calendar_date:date,year:int,month:int,is_weekend:boolean","isnotnull(calendar_date#2239), isnotnull(year#2241), isnotnull(month#2243)","",false
1,5,271,"Parquet",0,0,0,0,"InMemoryFileIndex(1 paths)[s3a://goes-se-sandbox/data/warehouse/tablespace/external/hive/demo_pauldefusco.db/calendar]","IsNotNull(calendar_date), IsNotNull(year), IsNotNull(quarter)","calendar_date:date,year:int,quarter:int","isnotnull(calendar_date#2978), isnotnull(year#2980), isnotnull(quarter#2981)","",false
1,5,306,"Parquet",0,0,0,0,"InMemoryFileIndex(1 paths)[s3a://goes-se-sandbox/data/warehouse/tablespace/external/hive/demo_pauldefusco.db/calendar]","IsNotNull(calendar_date), IsNotNull(year), IsNotNull(quarter)","calendar_date:date,year:int,quarter:int,is_weekend:boolean","isnotnull(calendar_date#2556), isnotnull(year#2558), isnotnull(quarter#2559)","",false
1,5,76,"Parquet",0,0,0,0,"InMemoryFileIndex(1 paths)[s3a://goes-se-sandbox/data/warehouse/tablespace/external/hive/demo_pauldefusco.db/calendar]","IsNotNull(calendar_date)","calendar_date:date,year:int,quarter:int,month:int,is_weekend:boolean","isnotnull(calendar_date#113)","",false
1,5,255,"Parquet",0,0,0,0,"InMemoryFileIndex(1 paths)[s3a://goes-se-sandbox/data/warehouse/tablespace/external/hive/demo_pauldefusco.db/customers_skewed]","IsNotNull(customer_id)","customer_id:bigint","isnotnull(customer_id#2937L)","",false
1,5,217,"Parquet",0,0,0,0,"InMemoryFileIndex(1 paths)[s3a://goes-se-sandbox/data/warehouse/tablespace/external/hive/demo_pauldefusco.db/customers_skewed]","IsNotNull(customer_id)","customer_id:bigint,credit_score:int","isnotnull(customer_id#2322L)","",false
1,5,411,"Parquet",0,0,0,0,"InMemoryFileIndex(1 paths)[s3a://goes-se-sandbox/data/warehouse/tablespace/external/hive/demo_pauldefusco.db/customers_skewed]","IsNotNull(customer_id), IsNotNull(customer_segment), IsNotNull(income_band)","customer_id:bigint,credit_score:int,income_band:string,customer_segment:string","isnotnull(customer_id#3657L), isnotnull(customer_segment#3664), isnotnull(income_band#3662)","",false
1,5,171,"Parquet",0,0,0,0,"InMemoryFileIndex(1 paths)[s3a://goes-se-sandbox/data/warehouse/tablespace/external/hive/demo_pauldefusco.db/customers_skewed]","IsNotNull(customer_id), IsNotNull(customer_segment), IsNotNull(income_band), IsNotNull(risk_rating)","customer_id:bigint,credit_score:int,income_band:string,customer_segment:string,risk_rating:string","isnotnull(customer_id#2198L), isnotnull(customer_segment#2205), isnotnull(income_band#2203), isnotnull(risk_rating#2207)","",false
1,5,55,"Parquet",0,0,0,0,"InMemoryFileIndex(1 paths)[s3a://goes-se-sandbox/data/warehouse/tablespace/external/hive/demo_pauldefusco.db/customers_skewed]","IsNotNull(customer_id)","customer_id:bigint,credit_score:int,income_band:string,estimated_income:double,customer_segment:string,risk_rating:string","isnotnull(customer_id#31L)","",false
1,5,368,"Parquet",0,0,0,0,"InMemoryFileIndex(1 paths)[s3a://goes-se-sandbox/data/warehouse/tablespace/external/hive/demo_pauldefusco.db/customers_skewed]","IsNotNull(customer_id), IsNotNull(customer_segment), IsNotNull(income_band)","customer_id:bigint,income_band:string,customer_segment:string","isnotnull(customer_id#3985L), isnotnull(customer_segment#3992), isnotnull(income_band#3990)","",false
1,5,117,"Parquet",0,0,0,0,"InMemoryFileIndex(1 paths)[s3a://goes-se-sandbox/data/warehouse/tablespace/external/hive/demo_pauldefusco.db/customers_skewed]","IsNotNull(customer_id), IsNotNull(customer_segment), IsNotNull(income_band), IsNotNull(risk_rating)","customer_id:bigint,income_band:string,customer_segment:string,risk_rating:string","isnotnull(customer_id#2665L), isnotnull(customer_segment#2672), isnotnull(income_band#2670), isnotnull(risk_rating#2674)","",false
1,5,128,"Parquet",0,0,0,0,"InMemoryFileIndex(1 paths)[s3a://goes-se-sandbox/data/warehouse/tablespace/external/hive/demo_pauldefusco.db/merchants_skewed]","IsNotNull(merchant_id)","merchant_id:bigint","isnotnull(merchant_id#2685L)","",false
1,5,374,"Parquet",0,0,0,0,"InMemoryFileIndex(1 paths)[s3a://goes-se-sandbox/data/warehouse/tablespace/external/hive/demo_pauldefusco.db/merchants_skewed]","IsNotNull(merchant_id), IsNotNull(region)","merchant_id:bigint,region:string","isnotnull(merchant_id#4005L), isnotnull(region#4007)","",false
1,5,446,"Parquet",0,0,0,0,"InMemoryFileIndex(1 paths)[s3a://goes-se-sandbox/data/warehouse/tablespace/external/hive/demo_pauldefusco.db/merchants_skewed]","IsNotNull(merchant_id), IsNotNull(region)","merchant_id:bigint,region:string,risk_level:string","isnotnull(merchant_id#3810L), isnotnull(region#3812)","",false
1,5,301,"Parquet",0,0,0,0,"InMemoryFileIndex(1 paths)[s3a://goes-se-sandbox/data/warehouse/tablespace/external/hive/demo_pauldefusco.db/merchants_skewed]","IsNotNull(merchant_id), IsNotNull(region), IsNotNull(risk_level), IsNotNull(merchant_size)","merchant_id:bigint,region:string,risk_level:string,annual_revenue:double,merchant_size:string","isnotnull(merchant_id#2535L), isnotnull(region#2537), isnotnull(risk_level#2540), isnotnull(merchant_size#2542)","",false
1,5,66,"Parquet",0,0,0,0,"InMemoryFileIndex(1 paths)[s3a://goes-se-sandbox/data/warehouse/tablespace/external/hive/demo_pauldefusco.db/merchants_skewed]","IsNotNull(merchant_id)","merchant_id:bigint,region:string,risk_level:string,merchant_size:string","isnotnull(merchant_id#71L)","",false
1,5,266,"Parquet",0,0,0,0,"InMemoryFileIndex(1 paths)[s3a://goes-se-sandbox/data/warehouse/tablespace/external/hive/demo_pauldefusco.db/merchants_skewed]","IsNotNull(merchant_id), IsNotNull(region)","merchant_id:bigint,region:string,risk_level:string,merchant_size:string","isnotnull(merchant_id#2957L), isnotnull(region#2959)","",false
1,5,182,"Parquet",0,0,0,0,"InMemoryFileIndex(1 paths)[s3a://goes-se-sandbox/data/warehouse/tablespace/external/hive/demo_pauldefusco.db/merchants_skewed]","IsNotNull(merchant_id)","merchant_id:bigint,risk_level:string","isnotnull(merchant_id#2218L)","",false
1,5,110,"Parquet",0,0,0,0,"InMemoryFileIndex(1 paths)[s3a://goes-se-sandbox/data/warehouse/tablespace/external/hive/demo_pauldefusco.db/trs_v25]","IsNotNull(transaction_id), LessThan(transaction_id,12500000000), IsNotNull(customer_id), IsNotNull(account_id)","transaction_id:bigint,customer_id:bigint,account_id:bigint,merchant_id:bigint,branch_id:bigint,transaction_date:date","isnotnull(transaction_id#2650L), (transaction_id#2650L < 12500000000), isnotnull(customer_id#2651L), isnotnull(account_id#2652L)","",false
1,5,250,"Parquet",0,0,0,0,"InMemoryFileIndex(1 paths)[s3a://goes-se-sandbox/data/warehouse/tablespace/external/hive/demo_pauldefusco.db/trs_v25]","IsNotNull(transaction_id), LessThan(transaction_id,12500000000), IsNotNull(customer_id), IsNotNull(merchant_id), IsNotNull(merchant_category)","transaction_id:bigint,customer_id:bigint,account_id:bigint,merchant_id:bigint,branch_id:bigint,transaction_date:date,merchant_category:string","isnotnull(transaction_id#2922L), (transaction_id#2922L < 12500000000), isnotnull(customer_id#2923L), isnotnull(merchant_id#2925L), isnotnull(merchant_category#2929)","",false
1,5,362,"Parquet",0,0,0,0,"InMemoryFileIndex(1 paths)[s3a://goes-se-sandbox/data/warehouse/tablespace/external/hive/demo_pauldefusco.db/trs_v25]","IsNotNull(transaction_id), LessThan(transaction_id,12500000000), IsNotNull(merchant_category)","transaction_id:bigint,customer_id:bigint,account_id:bigint,merchant_id:bigint,branch_id:bigint,transaction_date:date,merchant_category:string","isnotnull(transaction_id#3970L), (transaction_id#3970L < 12500000000), isnotnull(merchant_category#3977)","",false
1,5,295,"Parquet",0,0,0,0,"InMemoryFileIndex(1 paths)[s3a://goes-se-sandbox/data/warehouse/tablespace/external/hive/demo_pauldefusco.db/trs_v25]","IsNotNull(transaction_id), LessThan(transaction_id,12500000000), IsNotNull(merchant_id), IsNotNull(merchant_category)","transaction_id:bigint,customer_id:bigint,account_id:bigint,merchant_id:bigint,branch_id:bigint,transaction_date:date,merchant_category:string,transaction_amount:double,fraud_flag:int","isnotnull(transaction_id#2500L), (transaction_id#2500L < 12500000000), isnotnull(merchant_id#2503L), isnotnull(merchant_category#2507)","",false
1,5,440,"Parquet",0,0,0,0,"InMemoryFileIndex(1 paths)[s3a://goes-se-sandbox/data/warehouse/tablespace/external/hive/demo_pauldefusco.db/trs_v25]","IsNotNull(transaction_id), IsNotNull(fraud_flag), LessThan(transaction_id,12500000000), EqualTo(fraud_flag,1), IsNotNull(merchant_category)","transaction_id:bigint,customer_id:bigint,account_id:bigint,merchant_id:bigint,branch_id:bigint,transaction_date:date,merchant_category:string,transaction_amount:double,fraud_flag:int","isnotnull(transaction_id#3775L), isnotnull(fraud_flag#3787), (transaction_id#3775L < 12500000000), (fraud_flag#3787 = 1), isnotnull(merchant_category#3782)","",false
1,5,48,"Parquet",0,0,0,0,"InMemoryFileIndex(1 paths)[s3a://goes-se-sandbox/data/warehouse/tablespace/external/hive/demo_pauldefusco.db/trs_v25]","IsNotNull(transaction_id), LessThan(transaction_id,12500000000)","transaction_id:bigint,customer_id:bigint,account_id:bigint,merchant_id:bigint,branch_id:bigint,transaction_date:date,merchant_category:string,transaction_amount:double,payment_channel:string,payment_type:string,device_type:string,fraud_flag:int","isnotnull(transaction_id#0L), (transaction_id#0L < 12500000000)","",false
1,5,165,"Parquet",0,0,0,0,"InMemoryFileIndex(1 paths)[s3a://goes-se-sandbox/data/warehouse/tablespace/external/hive/demo_pauldefusco.db/trs_v25]","IsNotNull(transaction_id), LessThan(transaction_id,12500000000), IsNotNull(customer_id)","transaction_id:bigint,customer_id:bigint,account_id:bigint,merchant_id:bigint,branch_id:bigint,transaction_date:date,transaction_amount:double,fraud_flag:int","isnotnull(transaction_id#2183L), (transaction_id#2183L < 12500000000), isnotnull(customer_id#2184L)","",false
1,5,212,"Parquet",0,0,0,0,"InMemoryFileIndex(1 paths)[s3a://goes-se-sandbox/data/warehouse/tablespace/external/hive/demo_pauldefusco.db/trs_v25]","IsNotNull(transaction_id), LessThan(transaction_id,12500000000), IsNotNull(account_id)","transaction_id:bigint,customer_id:bigint,account_id:bigint,merchant_id:bigint,branch_id:bigint,transaction_date:date,transaction_amount:double,fraud_flag:int","isnotnull(transaction_id#2307L), (transaction_id#2307L < 12500000000), isnotnull(account_id#2309L)","",false
1,5,405,"Parquet",0,0,0,0,"InMemoryFileIndex(1 paths)[s3a://goes-se-sandbox/data/warehouse/tablespace/external/hive/demo_pauldefusco.db/trs_v25]","IsNotNull(transaction_id), LessThan(transaction_id,12500000000)","transaction_id:bigint,customer_id:bigint,account_id:bigint,merchant_id:bigint,branch_id:bigint,transaction_date:date,transaction_amount:double,fraud_flag:int","isnotnull(transaction_id#3642L), (transaction_id#3642L < 12500000000)","",false
1,5,329,"Parquet",0,0,0,0,"InMemoryFileIndex(1 paths)[s3a://goes-se-sandbox/data/warehouse/tablespace/external/hive/demo_pauldefusco.db/trs_v25]","IsNotNull(transaction_id), LessThan(transaction_id,12500000000), IsNotNull(payment_channel), IsNotNull(payment_type), IsNotNull(device_type)","transaction_id:bigint,customer_id:bigint,account_id:bigint,merchant_id:bigint,branch_id:bigint,transaction_date:date,transaction_amount:double,payment_channel:string,payment_type:string,device_type:string,fraud_flag:int","isnotnull(transaction_id#3237L), (transaction_id#3237L < 12500000000), isnotnull(payment_channel#3246), isnotnull(payment_type#3247), isnotnull(device_type#3248)","",false
1,6,264,"Parquet",0,0,0,0,"InMemoryFileIndex(1 paths)[s3a://goes-se-sandbox/data/warehouse/tablespace/external/hive/demo_pauldefusco.db/accounts_skewed]","IsNotNull(account_id)","account_id:bigint","isnotnull(account_id#2948L)","",false
1,6,123,"Parquet",0,0,0,0,"InMemoryFileIndex(1 paths)[s3a://goes-se-sandbox/data/warehouse/tablespace/external/hive/demo_pauldefusco.db/accounts_skewed]","IsNotNull(account_id), IsNotNull(account_type)","account_id:bigint,account_type:string,account_status:string","isnotnull(account_id#2676L), isnotnull(account_type#2677)","",false
1,6,61,"Parquet",0,0,0,0,"InMemoryFileIndex(1 paths)[s3a://goes-se-sandbox/data/warehouse/tablespace/external/hive/demo_pauldefusco.db/accounts_skewed]","IsNotNull(account_id)","account_id:bigint,account_type:string,account_status:string,current_balance:double,credit_limit:double,interest_rate:double","isnotnull(account_id#52L)","",false
1,6,226,"Parquet",0,0,0,0,"InMemoryFileIndex(1 paths)[s3a://goes-se-sandbox/data/warehouse/tablespace/external/hive/demo_pauldefusco.db/accounts_skewed]","IsNotNull(account_id), IsNotNull(account_type), IsNotNull(account_status)","account_id:bigint,account_type:string,account_status:string,current_balance:double,credit_limit:double,interest_rate:double","isnotnull(account_id#2333L), isnotnull(account_type#2334), isnotnull(account_status#2336)","",false
1,6,180,"Parquet",0,0,0,0,"InMemoryFileIndex(1 paths)[s3a://goes-se-sandbox/data/warehouse/tablespace/external/hive/demo_pauldefusco.db/accounts_skewed]","IsNotNull(account_id)","account_id:bigint,current_balance:double,interest_rate:double","isnotnull(account_id#2209L)","",false
1,6,133,"Parquet",0,0,0,0,"InMemoryFileIndex(1 paths)[s3a://goes-se-sandbox/data/warehouse/tablespace/external/hive/demo_pauldefusco.db/branches_skewed]","IsNotNull(branch_id)","branch_id:bigint","isnotnull(branch_id#2695L)","",false
1,6,71,"Parquet",0,0,0,0,"InMemoryFileIndex(1 paths)[s3a://goes-se-sandbox/data/warehouse/tablespace/external/hive/demo_pauldefusco.db/branches_skewed]","IsNotNull(branch_id)","branch_id:bigint,region:string,branch_type:string","isnotnull(branch_id#91L)","",false
1,6,382,"Parquet",0,0,0,0,"InMemoryFileIndex(1 paths)[s3a://goes-se-sandbox/data/warehouse/tablespace/external/hive/demo_pauldefusco.db/branches_skewed]","IsNotNull(branch_id), IsNotNull(region), IsNotNull(branch_type)","branch_id:bigint,region:string,branch_type:string","isnotnull(branch_id#4015L), isnotnull(region#4018), isnotnull(branch_type#4019)","",false
1,6,420,"Parquet",0,0,0,0,"InMemoryFileIndex(1 paths)[s3a://goes-se-sandbox/data/warehouse/tablespace/external/hive/demo_pauldefusco.db/branches_skewed]","IsNotNull(branch_id), IsNotNull(region), IsNotNull(branch_type)","branch_id:bigint,region:string,branch_type:string,assets_under_management:double,annual_operating_cost:double","isnotnull(branch_id#3687L), isnotnull(region#3690), isnotnull(branch_type#3691)","",false
1,6,138,"Parquet",0,0,0,0,"InMemoryFileIndex(1 paths)[s3a://goes-se-sandbox/data/warehouse/tablespace/external/hive/demo_pauldefusco.db/calendar]","IsNotNull(calendar_date), IsNotNull(year), IsNotNull(month)","calendar_date:date,year:int,month:int","isnotnull(calendar_date#2706), isnotnull(year#2708), isnotnull(month#2710)","",false
1,6,190,"Parquet",0,0,0,0,"InMemoryFileIndex(1 paths)[s3a://goes-se-sandbox/data/warehouse/tablespace/external/hive/demo_pauldefusco.db/calendar]","IsNotNull(calendar_date), IsNotNull(year), IsNotNull(month)","calendar_date:date,year:int,month:int,is_weekend:boolean","isnotnull(calendar_date#2239), isnotnull(year#2241), isnotnull(month#2243)","",false
1,6,274,"Parquet",0,0,0,0,"InMemoryFileIndex(1 paths)[s3a://goes-se-sandbox/data/warehouse/tablespace/external/hive/demo_pauldefusco.db/calendar]","IsNotNull(calendar_date), IsNotNull(year), IsNotNull(quarter)","calendar_date:date,year:int,quarter:int","isnotnull(calendar_date#2978), isnotnull(year#2980), isnotnull(quarter#2981)","",false
1,6,309,"Parquet",0,0,0,0,"InMemoryFileIndex(1 paths)[s3a://goes-se-sandbox/data/warehouse/tablespace/external/hive/demo_pauldefusco.db/calendar]","IsNotNull(calendar_date), IsNotNull(year), IsNotNull(quarter)","calendar_date:date,year:int,quarter:int,is_weekend:boolean","isnotnull(calendar_date#2556), isnotnull(year#2558), isnotnull(quarter#2559)","",false
1,6,76,"Parquet",0,0,0,0,"InMemoryFileIndex(1 paths)[s3a://goes-se-sandbox/data/warehouse/tablespace/external/hive/demo_pauldefusco.db/calendar]","IsNotNull(calendar_date)","calendar_date:date,year:int,quarter:int,month:int,is_weekend:boolean","isnotnull(calendar_date#113)","",false
1,6,258,"Parquet",0,0,0,0,"InMemoryFileIndex(1 paths)[s3a://goes-se-sandbox/data/warehouse/tablespace/external/hive/demo_pauldefusco.db/customers_skewed]","IsNotNull(customer_id)","customer_id:bigint","isnotnull(customer_id#2937L)","",false
1,6,220,"Parquet",0,0,0,0,"InMemoryFileIndex(1 paths)[s3a://goes-se-sandbox/data/warehouse/tablespace/external/hive/demo_pauldefusco.db/customers_skewed]","IsNotNull(customer_id)","customer_id:bigint,credit_score:int","isnotnull(customer_id#2322L)","",false
1,6,414,"Parquet",0,0,0,0,"InMemoryFileIndex(1 paths)[s3a://goes-se-sandbox/data/warehouse/tablespace/external/hive/demo_pauldefusco.db/customers_skewed]","IsNotNull(customer_id), IsNotNull(customer_segment), IsNotNull(income_band)","customer_id:bigint,credit_score:int,income_band:string,customer_segment:string","isnotnull(customer_id#3657L), isnotnull(customer_segment#3664), isnotnull(income_band#3662)","",false
1,6,174,"Parquet",0,0,0,0,"InMemoryFileIndex(1 paths)[s3a://goes-se-sandbox/data/warehouse/tablespace/external/hive/demo_pauldefusco.db/customers_skewed]","IsNotNull(customer_id), IsNotNull(customer_segment), IsNotNull(income_band), IsNotNull(risk_rating)","customer_id:bigint,credit_score:int,income_band:string,customer_segment:string,risk_rating:string","isnotnull(customer_id#2198L), isnotnull(customer_segment#2205), isnotnull(income_band#2203), isnotnull(risk_rating#2207)","",false
1,6,55,"Parquet",0,0,0,0,"InMemoryFileIndex(1 paths)[s3a://goes-se-sandbox/data/warehouse/tablespace/external/hive/demo_pauldefusco.db/customers_skewed]","IsNotNull(customer_id)","customer_id:bigint,credit_score:int,income_band:string,estimated_income:double,customer_segment:string,risk_rating:string","isnotnull(customer_id#31L)","",false
1,6,371,"Parquet",0,0,0,0,"InMemoryFileIndex(1 paths)[s3a://goes-se-sandbox/data/warehouse/tablespace/external/hive/demo_pauldefusco.db/customers_skewed]","IsNotNull(customer_id), IsNotNull(customer_segment), IsNotNull(income_band)","customer_id:bigint,income_band:string,customer_segment:string","isnotnull(customer_id#3985L), isnotnull(customer_segment#3992), isnotnull(income_band#3990)","",false
1,6,117,"Parquet",0,0,0,0,"InMemoryFileIndex(1 paths)[s3a://goes-se-sandbox/data/warehouse/tablespace/external/hive/demo_pauldefusco.db/customers_skewed]","IsNotNull(customer_id), IsNotNull(customer_segment), IsNotNull(income_band), IsNotNull(risk_rating)","customer_id:bigint,income_band:string,customer_segment:string,risk_rating:string","isnotnull(customer_id#2665L), isnotnull(customer_segment#2672), isnotnull(income_band#2670), isnotnull(risk_rating#2674)","",false
1,6,128,"Parquet",0,0,0,0,"InMemoryFileIndex(1 paths)[s3a://goes-se-sandbox/data/warehouse/tablespace/external/hive/demo_pauldefusco.db/merchants_skewed]","IsNotNull(merchant_id)","merchant_id:bigint","isnotnull(merchant_id#2685L)","",false
1,6,377,"Parquet",0,0,0,0,"InMemoryFileIndex(1 paths)[s3a://goes-se-sandbox/data/warehouse/tablespace/external/hive/demo_pauldefusco.db/merchants_skewed]","IsNotNull(merchant_id), IsNotNull(region)","merchant_id:bigint,region:string","isnotnull(merchant_id#4005L), isnotnull(region#4007)","",false
1,6,449,"Parquet",0,0,0,0,"InMemoryFileIndex(1 paths)[s3a://goes-se-sandbox/data/warehouse/tablespace/external/hive/demo_pauldefusco.db/merchants_skewed]","IsNotNull(merchant_id), IsNotNull(region)","merchant_id:bigint,region:string,risk_level:string","isnotnull(merchant_id#3810L), isnotnull(region#3812)","",false
1,6,304,"Parquet",0,0,0,0,"InMemoryFileIndex(1 paths)[s3a://goes-se-sandbox/data/warehouse/tablespace/external/hive/demo_pauldefusco.db/merchants_skewed]","IsNotNull(merchant_id), IsNotNull(region), IsNotNull(risk_level), IsNotNull(merchant_size)","merchant_id:bigint,region:string,risk_level:string,annual_revenue:double,merchant_size:string","isnotnull(merchant_id#2535L), isnotnull(region#2537), isnotnull(risk_level#2540), isnotnull(merchant_size#2542)","",false
1,6,66,"Parquet",0,0,0,0,"InMemoryFileIndex(1 paths)[s3a://goes-se-sandbox/data/warehouse/tablespace/external/hive/demo_pauldefusco.db/merchants_skewed]","IsNotNull(merchant_id)","merchant_id:bigint,region:string,risk_level:string,merchant_size:string","isnotnull(merchant_id#71L)","",false
1,6,269,"Parquet",0,0,0,0,"InMemoryFileIndex(1 paths)[s3a://goes-se-sandbox/data/warehouse/tablespace/external/hive/demo_pauldefusco.db/merchants_skewed]","IsNotNull(merchant_id), IsNotNull(region)","merchant_id:bigint,region:string,risk_level:string,merchant_size:string","isnotnull(merchant_id#2957L), isnotnull(region#2959)","",false
1,6,185,"Parquet",0,0,0,0,"InMemoryFileIndex(1 paths)[s3a://goes-se-sandbox/data/warehouse/tablespace/external/hive/demo_pauldefusco.db/merchants_skewed]","IsNotNull(merchant_id)","merchant_id:bigint,risk_level:string","isnotnull(merchant_id#2218L)","",false
1,6,110,"Parquet",0,0,0,0,"InMemoryFileIndex(1 paths)[s3a://goes-se-sandbox/data/warehouse/tablespace/external/hive/demo_pauldefusco.db/trs_v25]","IsNotNull(transaction_id), LessThan(transaction_id,12500000000), IsNotNull(customer_id), IsNotNull(account_id)","transaction_id:bigint,customer_id:bigint,account_id:bigint,merchant_id:bigint,branch_id:bigint,transaction_date:date","isnotnull(transaction_id#2650L), (transaction_id#2650L < 12500000000), isnotnull(customer_id#2651L), isnotnull(account_id#2652L)","",false
1,6,253,"Parquet",0,0,0,0,"InMemoryFileIndex(1 paths)[s3a://goes-se-sandbox/data/warehouse/tablespace/external/hive/demo_pauldefusco.db/trs_v25]","IsNotNull(transaction_id), LessThan(transaction_id,12500000000), IsNotNull(customer_id), IsNotNull(merchant_id), IsNotNull(merchant_category)","transaction_id:bigint,customer_id:bigint,account_id:bigint,merchant_id:bigint,branch_id:bigint,transaction_date:date,merchant_category:string","isnotnull(transaction_id#2922L), (transaction_id#2922L < 12500000000), isnotnull(customer_id#2923L), isnotnull(merchant_id#2925L), isnotnull(merchant_category#2929)","",false
1,6,365,"Parquet",0,0,0,0,"InMemoryFileIndex(1 paths)[s3a://goes-se-sandbox/data/warehouse/tablespace/external/hive/demo_pauldefusco.db/trs_v25]","IsNotNull(transaction_id), LessThan(transaction_id,12500000000), IsNotNull(merchant_category)","transaction_id:bigint,customer_id:bigint,account_id:bigint,merchant_id:bigint,branch_id:bigint,transaction_date:date,merchant_category:string","isnotnull(transaction_id#3970L), (transaction_id#3970L < 12500000000), isnotnull(merchant_category#3977)","",false
1,6,298,"Parquet",0,0,0,0,"InMemoryFileIndex(1 paths)[s3a://goes-se-sandbox/data/warehouse/tablespace/external/hive/demo_pauldefusco.db/trs_v25]","IsNotNull(transaction_id), LessThan(transaction_id,12500000000), IsNotNull(merchant_id), IsNotNull(merchant_category)","transaction_id:bigint,customer_id:bigint,account_id:bigint,merchant_id:bigint,branch_id:bigint,transaction_date:date,merchant_category:string,transaction_amount:double,fraud_flag:int","isnotnull(transaction_id#2500L), (transaction_id#2500L < 12500000000), isnotnull(merchant_id#2503L), isnotnull(merchant_category#2507)","",false
1,6,443,"Parquet",0,0,0,0,"InMemoryFileIndex(1 paths)[s3a://goes-se-sandbox/data/warehouse/tablespace/external/hive/demo_pauldefusco.db/trs_v25]","IsNotNull(transaction_id), IsNotNull(fraud_flag), LessThan(transaction_id,12500000000), EqualTo(fraud_flag,1), IsNotNull(merchant_category)","transaction_id:bigint,customer_id:bigint,account_id:bigint,merchant_id:bigint,branch_id:bigint,transaction_date:date,merchant_category:string,transaction_amount:double,fraud_flag:int","isnotnull(transaction_id#3775L), isnotnull(fraud_flag#3787), (transaction_id#3775L < 12500000000), (fraud_flag#3787 = 1), isnotnull(merchant_category#3782)","",false
1,6,48,"Parquet",0,0,0,0,"InMemoryFileIndex(1 paths)[s3a://goes-se-sandbox/data/warehouse/tablespace/external/hive/demo_pauldefusco.db/trs_v25]","IsNotNull(transaction_id), LessThan(transaction_id,12500000000)","transaction_id:bigint,customer_id:bigint,account_id:bigint,merchant_id:bigint,branch_id:bigint,transaction_date:date,merchant_category:string,transaction_amount:double,payment_channel:string,payment_type:string,device_type:string,fraud_flag:int","isnotnull(transaction_id#0L), (transaction_id#0L < 12500000000)","",false
1,6,167,"Parquet",0,0,0,0,"InMemoryFileIndex(1 paths)[s3a://goes-se-sandbox/data/warehouse/tablespace/external/hive/demo_pauldefusco.db/trs_v25]","IsNotNull(transaction_id), LessThan(transaction_id,12500000000), IsNotNull(customer_id)","transaction_id:bigint,customer_id:bigint,account_id:bigint,merchant_id:bigint,branch_id:bigint,transaction_date:date,transaction_amount:double,fraud_flag:int","isnotnull(transaction_id#2183L), (transaction_id#2183L < 12500000000), isnotnull(customer_id#2184L)","",false
1,6,215,"Parquet",0,0,0,0,"InMemoryFileIndex(1 paths)[s3a://goes-se-sandbox/data/warehouse/tablespace/external/hive/demo_pauldefusco.db/trs_v25]","IsNotNull(transaction_id), LessThan(transaction_id,12500000000), IsNotNull(account_id)","transaction_id:bigint,customer_id:bigint,account_id:bigint,merchant_id:bigint,branch_id:bigint,transaction_date:date,transaction_amount:double,fraud_flag:int","isnotnull(transaction_id#2307L), (transaction_id#2307L < 12500000000), isnotnull(account_id#2309L)","",false
1,6,408,"Parquet",0,0,0,0,"InMemoryFileIndex(1 paths)[s3a://goes-se-sandbox/data/warehouse/tablespace/external/hive/demo_pauldefusco.db/trs_v25]","IsNotNull(transaction_id), LessThan(transaction_id,12500000000)","transaction_id:bigint,customer_id:bigint,account_id:bigint,merchant_id:bigint,branch_id:bigint,transaction_date:date,transaction_amount:double,fraud_flag:int","isnotnull(transaction_id#3642L), (transaction_id#3642L < 12500000000)","",false
1,6,332,"Parquet",0,0,0,0,"InMemoryFileIndex(1 paths)[s3a://goes-se-sandbox/data/warehouse/tablespace/external/hive/demo_pauldefusco.db/trs_v25]","IsNotNull(transaction_id), LessThan(transaction_id,12500000000), IsNotNull(payment_channel), IsNotNull(payment_type), IsNotNull(device_type)","transaction_id:bigint,customer_id:bigint,account_id:bigint,merchant_id:bigint,branch_id:bigint,transaction_date:date,transaction_amount:double,payment_channel:string,payment_type:string,device_type:string,fraud_flag:int","isnotnull(transaction_id#3237L), (transaction_id#3237L < 12500000000), isnotnull(payment_channel#3246), isnotnull(payment_type#3247), isnotnull(device_type#3248)","",false
1,7,264,"Parquet",0,0,0,0,"InMemoryFileIndex(1 paths)[s3a://goes-se-sandbox/data/warehouse/tablespace/external/hive/demo_pauldefusco.db/accounts_skewed]","IsNotNull(account_id)","account_id:bigint","isnotnull(account_id#2948L)","",false
1,7,123,"Parquet",0,0,0,0,"InMemoryFileIndex(1 paths)[s3a://goes-se-sandbox/data/warehouse/tablespace/external/hive/demo_pauldefusco.db/accounts_skewed]","IsNotNull(account_id), IsNotNull(account_type)","account_id:bigint,account_type:string,account_status:string","isnotnull(account_id#2676L), isnotnull(account_type#2677)","",false
1,7,61,"Parquet",0,0,0,0,"InMemoryFileIndex(1 paths)[s3a://goes-se-sandbox/data/warehouse/tablespace/external/hive/demo_pauldefusco.db/accounts_skewed]","IsNotNull(account_id)","account_id:bigint,account_type:string,account_status:string,current_balance:double,credit_limit:double,interest_rate:double","isnotnull(account_id#52L)","",false
1,7,226,"Parquet",0,0,0,0,"InMemoryFileIndex(1 paths)[s3a://goes-se-sandbox/data/warehouse/tablespace/external/hive/demo_pauldefusco.db/accounts_skewed]","IsNotNull(account_id), IsNotNull(account_type), IsNotNull(account_status)","account_id:bigint,account_type:string,account_status:string,current_balance:double,credit_limit:double,interest_rate:double","isnotnull(account_id#2333L), isnotnull(account_type#2334), isnotnull(account_status#2336)","",false
1,7,180,"Parquet",0,0,0,0,"InMemoryFileIndex(1 paths)[s3a://goes-se-sandbox/data/warehouse/tablespace/external/hive/demo_pauldefusco.db/accounts_skewed]","IsNotNull(account_id)","account_id:bigint,current_balance:double,interest_rate:double","isnotnull(account_id#2209L)","",false
1,7,133,"Parquet",0,0,0,0,"InMemoryFileIndex(1 paths)[s3a://goes-se-sandbox/data/warehouse/tablespace/external/hive/demo_pauldefusco.db/branches_skewed]","IsNotNull(branch_id)","branch_id:bigint","isnotnull(branch_id#2695L)","",false
1,7,71,"Parquet",0,0,0,0,"InMemoryFileIndex(1 paths)[s3a://goes-se-sandbox/data/warehouse/tablespace/external/hive/demo_pauldefusco.db/branches_skewed]","IsNotNull(branch_id)","branch_id:bigint,region:string,branch_type:string","isnotnull(branch_id#91L)","",false
1,7,385,"Parquet",0,0,0,0,"InMemoryFileIndex(1 paths)[s3a://goes-se-sandbox/data/warehouse/tablespace/external/hive/demo_pauldefusco.db/branches_skewed]","IsNotNull(branch_id), IsNotNull(region), IsNotNull(branch_type)","branch_id:bigint,region:string,branch_type:string","isnotnull(branch_id#4015L), isnotnull(region#4018), isnotnull(branch_type#4019)","",false
1,7,423,"Parquet",0,0,0,0,"InMemoryFileIndex(1 paths)[s3a://goes-se-sandbox/data/warehouse/tablespace/external/hive/demo_pauldefusco.db/branches_skewed]","IsNotNull(branch_id), IsNotNull(region), IsNotNull(branch_type)","branch_id:bigint,region:string,branch_type:string,assets_under_management:double,annual_operating_cost:double","isnotnull(branch_id#3687L), isnotnull(region#3690), isnotnull(branch_type#3691)","",false
1,7,138,"Parquet",0,0,0,0,"InMemoryFileIndex(1 paths)[s3a://goes-se-sandbox/data/warehouse/tablespace/external/hive/demo_pauldefusco.db/calendar]","IsNotNull(calendar_date), IsNotNull(year), IsNotNull(month)","calendar_date:date,year:int,month:int","isnotnull(calendar_date#2706), isnotnull(year#2708), isnotnull(month#2710)","",false
1,7,190,"Parquet",0,0,0,0,"InMemoryFileIndex(1 paths)[s3a://goes-se-sandbox/data/warehouse/tablespace/external/hive/demo_pauldefusco.db/calendar]","IsNotNull(calendar_date), IsNotNull(year), IsNotNull(month)","calendar_date:date,year:int,month:int,is_weekend:boolean","isnotnull(calendar_date#2239), isnotnull(year#2241), isnotnull(month#2243)","",false
1,7,274,"Parquet",0,0,0,0,"InMemoryFileIndex(1 paths)[s3a://goes-se-sandbox/data/warehouse/tablespace/external/hive/demo_pauldefusco.db/calendar]","IsNotNull(calendar_date), IsNotNull(year), IsNotNull(quarter)","calendar_date:date,year:int,quarter:int","isnotnull(calendar_date#2978), isnotnull(year#2980), isnotnull(quarter#2981)","",false
1,7,309,"Parquet",0,0,0,0,"InMemoryFileIndex(1 paths)[s3a://goes-se-sandbox/data/warehouse/tablespace/external/hive/demo_pauldefusco.db/calendar]","IsNotNull(calendar_date), IsNotNull(year), IsNotNull(quarter)","calendar_date:date,year:int,quarter:int,is_weekend:boolean","isnotnull(calendar_date#2556), isnotnull(year#2558), isnotnull(quarter#2559)","",false
1,7,76,"Parquet",0,0,0,0,"InMemoryFileIndex(1 paths)[s3a://goes-se-sandbox/data/warehouse/tablespace/external/hive/demo_pauldefusco.db/calendar]","IsNotNull(calendar_date)","calendar_date:date,year:int,quarter:int,month:int,is_weekend:boolean","isnotnull(calendar_date#113)","",false
1,7,258,"Parquet",0,0,0,0,"InMemoryFileIndex(1 paths)[s3a://goes-se-sandbox/data/warehouse/tablespace/external/hive/demo_pauldefusco.db/customers_skewed]","IsNotNull(customer_id)","customer_id:bigint","isnotnull(customer_id#2937L)","",false
1,7,220,"Parquet",0,0,0,0,"InMemoryFileIndex(1 paths)[s3a://goes-se-sandbox/data/warehouse/tablespace/external/hive/demo_pauldefusco.db/customers_skewed]","IsNotNull(customer_id)","customer_id:bigint,credit_score:int","isnotnull(customer_id#2322L)","",false
1,7,417,"Parquet",0,0,0,0,"InMemoryFileIndex(1 paths)[s3a://goes-se-sandbox/data/warehouse/tablespace/external/hive/demo_pauldefusco.db/customers_skewed]","IsNotNull(customer_id), IsNotNull(customer_segment), IsNotNull(income_band)","customer_id:bigint,credit_score:int,income_band:string,customer_segment:string","isnotnull(customer_id#3657L), isnotnull(customer_segment#3664), isnotnull(income_band#3662)","",false
1,7,174,"Parquet",0,0,0,0,"InMemoryFileIndex(1 paths)[s3a://goes-se-sandbox/data/warehouse/tablespace/external/hive/demo_pauldefusco.db/customers_skewed]","IsNotNull(customer_id), IsNotNull(customer_segment), IsNotNull(income_band), IsNotNull(risk_rating)","customer_id:bigint,credit_score:int,income_band:string,customer_segment:string,risk_rating:string","isnotnull(customer_id#2198L), isnotnull(customer_segment#2205), isnotnull(income_band#2203), isnotnull(risk_rating#2207)","",false
1,7,55,"Parquet",0,0,0,0,"InMemoryFileIndex(1 paths)[s3a://goes-se-sandbox/data/warehouse/tablespace/external/hive/demo_pauldefusco.db/customers_skewed]","IsNotNull(customer_id)","customer_id:bigint,credit_score:int,income_band:string,estimated_income:double,customer_segment:string,risk_rating:string","isnotnull(customer_id#31L)","",false
1,7,374,"Parquet",0,0,0,0,"InMemoryFileIndex(1 paths)[s3a://goes-se-sandbox/data/warehouse/tablespace/external/hive/demo_pauldefusco.db/customers_skewed]","IsNotNull(customer_id), IsNotNull(customer_segment), IsNotNull(income_band)","customer_id:bigint,income_band:string,customer_segment:string","isnotnull(customer_id#3985L), isnotnull(customer_segment#3992), isnotnull(income_band#3990)","",false
1,7,117,"Parquet",0,0,0,0,"InMemoryFileIndex(1 paths)[s3a://goes-se-sandbox/data/warehouse/tablespace/external/hive/demo_pauldefusco.db/customers_skewed]","IsNotNull(customer_id), IsNotNull(customer_segment), IsNotNull(income_band), IsNotNull(risk_rating)","customer_id:bigint,income_band:string,customer_segment:string,risk_rating:string","isnotnull(customer_id#2665L), isnotnull(customer_segment#2672), isnotnull(income_band#2670), isnotnull(risk_rating#2674)","",false
1,7,128,"Parquet",0,0,0,0,"InMemoryFileIndex(1 paths)[s3a://goes-se-sandbox/data/warehouse/tablespace/external/hive/demo_pauldefusco.db/merchants_skewed]","IsNotNull(merchant_id)","merchant_id:bigint","isnotnull(merchant_id#2685L)","",false
1,7,380,"Parquet",0,0,0,0,"InMemoryFileIndex(1 paths)[s3a://goes-se-sandbox/data/warehouse/tablespace/external/hive/demo_pauldefusco.db/merchants_skewed]","IsNotNull(merchant_id), IsNotNull(region)","merchant_id:bigint,region:string","isnotnull(merchant_id#4005L), isnotnull(region#4007)","",false
1,7,452,"Parquet",0,0,0,0,"InMemoryFileIndex(1 paths)[s3a://goes-se-sandbox/data/warehouse/tablespace/external/hive/demo_pauldefusco.db/merchants_skewed]","IsNotNull(merchant_id), IsNotNull(region)","merchant_id:bigint,region:string,risk_level:string","isnotnull(merchant_id#3810L), isnotnull(region#3812)","",false
1,7,304,"Parquet",0,0,0,0,"InMemoryFileIndex(1 paths)[s3a://goes-se-sandbox/data/warehouse/tablespace/external/hive/demo_pauldefusco.db/merchants_skewed]","IsNotNull(merchant_id), IsNotNull(region), IsNotNull(risk_level), IsNotNull(merchant_size)","merchant_id:bigint,region:string,risk_level:string,annual_revenue:double,merchant_size:string","isnotnull(merchant_id#2535L), isnotnull(region#2537), isnotnull(risk_level#2540), isnotnull(merchant_size#2542)","",false
1,7,66,"Parquet",0,0,0,0,"InMemoryFileIndex(1 paths)[s3a://goes-se-sandbox/data/warehouse/tablespace/external/hive/demo_pauldefusco.db/merchants_skewed]","IsNotNull(merchant_id)","merchant_id:bigint,region:string,risk_level:string,merchant_size:string","isnotnull(merchant_id#71L)","",false
1,7,269,"Parquet",0,0,0,0,"InMemoryFileIndex(1 paths)[s3a://goes-se-sandbox/data/warehouse/tablespace/external/hive/demo_pauldefusco.db/merchants_skewed]","IsNotNull(merchant_id), IsNotNull(region)","merchant_id:bigint,region:string,risk_level:string,merchant_size:string","isnotnull(merchant_id#2957L), isnotnull(region#2959)","",false
1,7,185,"Parquet",0,0,0,0,"InMemoryFileIndex(1 paths)[s3a://goes-se-sandbox/data/warehouse/tablespace/external/hive/demo_pauldefusco.db/merchants_skewed]","IsNotNull(merchant_id)","merchant_id:bigint,risk_level:string","isnotnull(merchant_id#2218L)","",false
1,7,110,"Parquet",0,0,0,0,"InMemoryFileIndex(1 paths)[s3a://goes-se-sandbox/data/warehouse/tablespace/external/hive/demo_pauldefusco.db/trs_v25]","IsNotNull(transaction_id), LessThan(transaction_id,12500000000), IsNotNull(customer_id), IsNotNull(account_id)","transaction_id:bigint,customer_id:bigint,account_id:bigint,merchant_id:bigint,branch_id:bigint,transaction_date:date","isnotnull(transaction_id#2650L), (transaction_id#2650L < 12500000000), isnotnull(customer_id#2651L), isnotnull(account_id#2652L)","",false
1,7,253,"Parquet",0,0,0,0,"InMemoryFileIndex(1 paths)[s3a://goes-se-sandbox/data/warehouse/tablespace/external/hive/demo_pauldefusco.db/trs_v25]","IsNotNull(transaction_id), LessThan(transaction_id,12500000000), IsNotNull(customer_id), IsNotNull(merchant_id), IsNotNull(merchant_category)","transaction_id:bigint,customer_id:bigint,account_id:bigint,merchant_id:bigint,branch_id:bigint,transaction_date:date,merchant_category:string","isnotnull(transaction_id#2922L), (transaction_id#2922L < 12500000000), isnotnull(customer_id#2923L), isnotnull(merchant_id#2925L), isnotnull(merchant_category#2929)","",false
1,7,367,"Parquet",0,0,0,0,"InMemoryFileIndex(1 paths)[s3a://goes-se-sandbox/data/warehouse/tablespace/external/hive/demo_pauldefusco.db/trs_v25]","IsNotNull(transaction_id), LessThan(transaction_id,12500000000), IsNotNull(merchant_category)","transaction_id:bigint,customer_id:bigint,account_id:bigint,merchant_id:bigint,branch_id:bigint,transaction_date:date,merchant_category:string","isnotnull(transaction_id#3970L), (transaction_id#3970L < 12500000000), isnotnull(merchant_category#3977)","",false
1,7,298,"Parquet",0,0,0,0,"InMemoryFileIndex(1 paths)[s3a://goes-se-sandbox/data/warehouse/tablespace/external/hive/demo_pauldefusco.db/trs_v25]","IsNotNull(transaction_id), LessThan(transaction_id,12500000000), IsNotNull(merchant_id), IsNotNull(merchant_category)","transaction_id:bigint,customer_id:bigint,account_id:bigint,merchant_id:bigint,branch_id:bigint,transaction_date:date,merchant_category:string,transaction_amount:double,fraud_flag:int","isnotnull(transaction_id#2500L), (transaction_id#2500L < 12500000000), isnotnull(merchant_id#2503L), isnotnull(merchant_category#2507)","",false
1,7,446,"Parquet",0,0,0,0,"InMemoryFileIndex(1 paths)[s3a://goes-se-sandbox/data/warehouse/tablespace/external/hive/demo_pauldefusco.db/trs_v25]","IsNotNull(transaction_id), IsNotNull(fraud_flag), LessThan(transaction_id,12500000000), EqualTo(fraud_flag,1), IsNotNull(merchant_category)","transaction_id:bigint,customer_id:bigint,account_id:bigint,merchant_id:bigint,branch_id:bigint,transaction_date:date,merchant_category:string,transaction_amount:double,fraud_flag:int","isnotnull(transaction_id#3775L), isnotnull(fraud_flag#3787), (transaction_id#3775L < 12500000000), (fraud_flag#3787 = 1), isnotnull(merchant_category#3782)","",false
1,7,48,"Parquet",0,0,0,0,"InMemoryFileIndex(1 paths)[s3a://goes-se-sandbox/data/warehouse/tablespace/external/hive/demo_pauldefusco.db/trs_v25]","IsNotNull(transaction_id), LessThan(transaction_id,12500000000)","transaction_id:bigint,customer_id:bigint,account_id:bigint,merchant_id:bigint,branch_id:bigint,transaction_date:date,merchant_category:string,transaction_amount:double,payment_channel:string,payment_type:string,device_type:string,fraud_flag:int","isnotnull(transaction_id#0L), (transaction_id#0L < 12500000000)","",false
1,7,167,"Parquet",0,0,0,0,"InMemoryFileIndex(1 paths)[s3a://goes-se-sandbox/data/warehouse/tablespace/external/hive/demo_pauldefusco.db/trs_v25]","IsNotNull(transaction_id), LessThan(transaction_id,12500000000), IsNotNull(customer_id)","transaction_id:bigint,customer_id:bigint,account_id:bigint,merchant_id:bigint,branch_id:bigint,transaction_date:date,transaction_amount:double,fraud_flag:int","isnotnull(transaction_id#2183L), (transaction_id#2183L < 12500000000), isnotnull(customer_id#2184L)","",false
1,7,215,"Parquet",0,0,0,0,"InMemoryFileIndex(1 paths)[s3a://goes-se-sandbox/data/warehouse/tablespace/external/hive/demo_pauldefusco.db/trs_v25]","IsNotNull(transaction_id), LessThan(transaction_id,12500000000), IsNotNull(account_id)","transaction_id:bigint,customer_id:bigint,account_id:bigint,merchant_id:bigint,branch_id:bigint,transaction_date:date,transaction_amount:double,fraud_flag:int","isnotnull(transaction_id#2307L), (transaction_id#2307L < 12500000000), isnotnull(account_id#2309L)","",false
1,7,411,"Parquet",0,0,0,0,"InMemoryFileIndex(1 paths)[s3a://goes-se-sandbox/data/warehouse/tablespace/external/hive/demo_pauldefusco.db/trs_v25]","IsNotNull(transaction_id), LessThan(transaction_id,12500000000)","transaction_id:bigint,customer_id:bigint,account_id:bigint,merchant_id:bigint,branch_id:bigint,transaction_date:date,transaction_amount:double,fraud_flag:int","isnotnull(transaction_id#3642L), (transaction_id#3642L < 12500000000)","",false
1,7,332,"Parquet",0,0,0,0,"InMemoryFileIndex(1 paths)[s3a://goes-se-sandbox/data/warehouse/tablespace/external/hive/demo_pauldefusco.db/trs_v25]","IsNotNull(transaction_id), LessThan(transaction_id,12500000000), IsNotNull(payment_channel), IsNotNull(payment_type), IsNotNull(device_type)","transaction_id:bigint,customer_id:bigint,account_id:bigint,merchant_id:bigint,branch_id:bigint,transaction_date:date,transaction_amount:double,payment_channel:string,payment_type:string,device_type:string,fraud_flag:int","isnotnull(transaction_id#3237L), (transaction_id#3237L < 12500000000), isnotnull(payment_channel#3246), isnotnull(payment_type#3247), isnotnull(device_type#3248)","",false
1,8,264,"Parquet",0,0,0,0,"InMemoryFileIndex(1 paths)[s3a://goes-se-sandbox/data/warehouse/tablespace/external/hive/demo_pauldefusco.db/accounts_skewed]","IsNotNull(account_id)","account_id:bigint","isnotnull(account_id#2948L)","",false
1,8,123,"Parquet",0,0,0,0,"InMemoryFileIndex(1 paths)[s3a://goes-se-sandbox/data/warehouse/tablespace/external/hive/demo_pauldefusco.db/accounts_skewed]","IsNotNull(account_id), IsNotNull(account_type)","account_id:bigint,account_type:string,account_status:string","isnotnull(account_id#2676L), isnotnull(account_type#2677)","",false
1,8,61,"Parquet",0,0,0,0,"InMemoryFileIndex(1 paths)[s3a://goes-se-sandbox/data/warehouse/tablespace/external/hive/demo_pauldefusco.db/accounts_skewed]","IsNotNull(account_id)","account_id:bigint,account_type:string,account_status:string,current_balance:double,credit_limit:double,interest_rate:double","isnotnull(account_id#52L)","",false
1,8,226,"Parquet",0,0,0,0,"InMemoryFileIndex(1 paths)[s3a://goes-se-sandbox/data/warehouse/tablespace/external/hive/demo_pauldefusco.db/accounts_skewed]","IsNotNull(account_id), IsNotNull(account_type), IsNotNull(account_status)","account_id:bigint,account_type:string,account_status:string,current_balance:double,credit_limit:double,interest_rate:double","isnotnull(account_id#2333L), isnotnull(account_type#2334), isnotnull(account_status#2336)","",false
1,8,180,"Parquet",0,0,0,0,"InMemoryFileIndex(1 paths)[s3a://goes-se-sandbox/data/warehouse/tablespace/external/hive/demo_pauldefusco.db/accounts_skewed]","IsNotNull(account_id)","account_id:bigint,current_balance:double,interest_rate:double","isnotnull(account_id#2209L)","",false
1,8,133,"Parquet",0,0,0,0,"InMemoryFileIndex(1 paths)[s3a://goes-se-sandbox/data/warehouse/tablespace/external/hive/demo_pauldefusco.db/branches_skewed]","IsNotNull(branch_id)","branch_id:bigint","isnotnull(branch_id#2695L)","",false
1,8,71,"Parquet",0,0,0,0,"InMemoryFileIndex(1 paths)[s3a://goes-se-sandbox/data/warehouse/tablespace/external/hive/demo_pauldefusco.db/branches_skewed]","IsNotNull(branch_id)","branch_id:bigint,region:string,branch_type:string","isnotnull(branch_id#91L)","",false
1,8,385,"Parquet",0,0,0,0,"InMemoryFileIndex(1 paths)[s3a://goes-se-sandbox/data/warehouse/tablespace/external/hive/demo_pauldefusco.db/branches_skewed]","IsNotNull(branch_id), IsNotNull(region), IsNotNull(branch_type)","branch_id:bigint,region:string,branch_type:string","isnotnull(branch_id#4015L), isnotnull(region#4018), isnotnull(branch_type#4019)","",false
1,8,423,"Parquet",0,0,0,0,"InMemoryFileIndex(1 paths)[s3a://goes-se-sandbox/data/warehouse/tablespace/external/hive/demo_pauldefusco.db/branches_skewed]","IsNotNull(branch_id), IsNotNull(region), IsNotNull(branch_type)","branch_id:bigint,region:string,branch_type:string,assets_under_management:double,annual_operating_cost:double","isnotnull(branch_id#3687L), isnotnull(region#3690), isnotnull(branch_type#3691)","",false
1,8,138,"Parquet",0,0,0,0,"InMemoryFileIndex(1 paths)[s3a://goes-se-sandbox/data/warehouse/tablespace/external/hive/demo_pauldefusco.db/calendar]","IsNotNull(calendar_date), IsNotNull(year), IsNotNull(month)","calendar_date:date,year:int,month:int","isnotnull(calendar_date#2706), isnotnull(year#2708), isnotnull(month#2710)","",false
1,8,190,"Parquet",0,0,0,0,"InMemoryFileIndex(1 paths)[s3a://goes-se-sandbox/data/warehouse/tablespace/external/hive/demo_pauldefusco.db/calendar]","IsNotNull(calendar_date), IsNotNull(year), IsNotNull(month)","calendar_date:date,year:int,month:int,is_weekend:boolean","isnotnull(calendar_date#2239), isnotnull(year#2241), isnotnull(month#2243)","",false
1,8,274,"Parquet",0,0,0,0,"InMemoryFileIndex(1 paths)[s3a://goes-se-sandbox/data/warehouse/tablespace/external/hive/demo_pauldefusco.db/calendar]","IsNotNull(calendar_date), IsNotNull(year), IsNotNull(quarter)","calendar_date:date,year:int,quarter:int","isnotnull(calendar_date#2978), isnotnull(year#2980), isnotnull(quarter#2981)","",false
1,8,309,"Parquet",0,0,0,0,"InMemoryFileIndex(1 paths)[s3a://goes-se-sandbox/data/warehouse/tablespace/external/hive/demo_pauldefusco.db/calendar]","IsNotNull(calendar_date), IsNotNull(year), IsNotNull(quarter)","calendar_date:date,year:int,quarter:int,is_weekend:boolean","isnotnull(calendar_date#2556), isnotnull(year#2558), isnotnull(quarter#2559)","",false
1,8,76,"Parquet",0,0,0,0,"InMemoryFileIndex(1 paths)[s3a://goes-se-sandbox/data/warehouse/tablespace/external/hive/demo_pauldefusco.db/calendar]","IsNotNull(calendar_date)","calendar_date:date,year:int,quarter:int,month:int,is_weekend:boolean","isnotnull(calendar_date#113)","",false
1,8,258,"Parquet",0,0,0,0,"InMemoryFileIndex(1 paths)[s3a://goes-se-sandbox/data/warehouse/tablespace/external/hive/demo_pauldefusco.db/customers_skewed]","IsNotNull(customer_id)","customer_id:bigint","isnotnull(customer_id#2937L)","",false
1,8,220,"Parquet",0,0,0,0,"InMemoryFileIndex(1 paths)[s3a://goes-se-sandbox/data/warehouse/tablespace/external/hive/demo_pauldefusco.db/customers_skewed]","IsNotNull(customer_id)","customer_id:bigint,credit_score:int","isnotnull(customer_id#2322L)","",false
1,8,417,"Parquet",0,0,0,0,"InMemoryFileIndex(1 paths)[s3a://goes-se-sandbox/data/warehouse/tablespace/external/hive/demo_pauldefusco.db/customers_skewed]","IsNotNull(customer_id), IsNotNull(customer_segment), IsNotNull(income_band)","customer_id:bigint,credit_score:int,income_band:string,customer_segment:string","isnotnull(customer_id#3657L), isnotnull(customer_segment#3664), isnotnull(income_band#3662)","",false
1,8,174,"Parquet",0,0,0,0,"InMemoryFileIndex(1 paths)[s3a://goes-se-sandbox/data/warehouse/tablespace/external/hive/demo_pauldefusco.db/customers_skewed]","IsNotNull(customer_id), IsNotNull(customer_segment), IsNotNull(income_band), IsNotNull(risk_rating)","customer_id:bigint,credit_score:int,income_band:string,customer_segment:string,risk_rating:string","isnotnull(customer_id#2198L), isnotnull(customer_segment#2205), isnotnull(income_band#2203), isnotnull(risk_rating#2207)","",false
1,8,55,"Parquet",0,0,0,0,"InMemoryFileIndex(1 paths)[s3a://goes-se-sandbox/data/warehouse/tablespace/external/hive/demo_pauldefusco.db/customers_skewed]","IsNotNull(customer_id)","customer_id:bigint,credit_score:int,income_band:string,estimated_income:double,customer_segment:string,risk_rating:string","isnotnull(customer_id#31L)","",false
1,8,374,"Parquet",0,0,0,0,"InMemoryFileIndex(1 paths)[s3a://goes-se-sandbox/data/warehouse/tablespace/external/hive/demo_pauldefusco.db/customers_skewed]","IsNotNull(customer_id), IsNotNull(customer_segment), IsNotNull(income_band)","customer_id:bigint,income_band:string,customer_segment:string","isnotnull(customer_id#3985L), isnotnull(customer_segment#3992), isnotnull(income_band#3990)","",false
1,8,117,"Parquet",0,0,0,0,"InMemoryFileIndex(1 paths)[s3a://goes-se-sandbox/data/warehouse/tablespace/external/hive/demo_pauldefusco.db/customers_skewed]","IsNotNull(customer_id), IsNotNull(customer_segment), IsNotNull(income_band), IsNotNull(risk_rating)","customer_id:bigint,income_band:string,customer_segment:string,risk_rating:string","isnotnull(customer_id#2665L), isnotnull(customer_segment#2672), isnotnull(income_band#2670), isnotnull(risk_rating#2674)","",false
1,8,128,"Parquet",0,0,0,0,"InMemoryFileIndex(1 paths)[s3a://goes-se-sandbox/data/warehouse/tablespace/external/hive/demo_pauldefusco.db/merchants_skewed]","IsNotNull(merchant_id)","merchant_id:bigint","isnotnull(merchant_id#2685L)","",false
1,8,380,"Parquet",0,0,0,0,"InMemoryFileIndex(1 paths)[s3a://goes-se-sandbox/data/warehouse/tablespace/external/hive/demo_pauldefusco.db/merchants_skewed]","IsNotNull(merchant_id), IsNotNull(region)","merchant_id:bigint,region:string","isnotnull(merchant_id#4005L), isnotnull(region#4007)","",false
1,8,455,"Parquet",0,0,0,0,"InMemoryFileIndex(1 paths)[s3a://goes-se-sandbox/data/warehouse/tablespace/external/hive/demo_pauldefusco.db/merchants_skewed]","IsNotNull(merchant_id), IsNotNull(region)","merchant_id:bigint,region:string,risk_level:string","isnotnull(merchant_id#3810L), isnotnull(region#3812)","",false
1,8,304,"Parquet",0,0,0,0,"InMemoryFileIndex(1 paths)[s3a://goes-se-sandbox/data/warehouse/tablespace/external/hive/demo_pauldefusco.db/merchants_skewed]","IsNotNull(merchant_id), IsNotNull(region), IsNotNull(risk_level), IsNotNull(merchant_size)","merchant_id:bigint,region:string,risk_level:string,annual_revenue:double,merchant_size:string","isnotnull(merchant_id#2535L), isnotnull(region#2537), isnotnull(risk_level#2540), isnotnull(merchant_size#2542)","",false
1,8,66,"Parquet",0,0,0,0,"InMemoryFileIndex(1 paths)[s3a://goes-se-sandbox/data/warehouse/tablespace/external/hive/demo_pauldefusco.db/merchants_skewed]","IsNotNull(merchant_id)","merchant_id:bigint,region:string,risk_level:string,merchant_size:string","isnotnull(merchant_id#71L)","",false
1,8,269,"Parquet",0,0,0,0,"InMemoryFileIndex(1 paths)[s3a://goes-se-sandbox/data/warehouse/tablespace/external/hive/demo_pauldefusco.db/merchants_skewed]","IsNotNull(merchant_id), IsNotNull(region)","merchant_id:bigint,region:string,risk_level:string,merchant_size:string","isnotnull(merchant_id#2957L), isnotnull(region#2959)","",false
1,8,185,"Parquet",0,0,0,0,"InMemoryFileIndex(1 paths)[s3a://goes-se-sandbox/data/warehouse/tablespace/external/hive/demo_pauldefusco.db/merchants_skewed]","IsNotNull(merchant_id)","merchant_id:bigint,risk_level:string","isnotnull(merchant_id#2218L)","",false
1,8,110,"Parquet",0,0,0,0,"InMemoryFileIndex(1 paths)[s3a://goes-se-sandbox/data/warehouse/tablespace/external/hive/demo_pauldefusco.db/trs_v25]","IsNotNull(transaction_id), LessThan(transaction_id,12500000000), IsNotNull(customer_id), IsNotNull(account_id)","transaction_id:bigint,customer_id:bigint,account_id:bigint,merchant_id:bigint,branch_id:bigint,transaction_date:date","isnotnull(transaction_id#2650L), (transaction_id#2650L < 12500000000), isnotnull(customer_id#2651L), isnotnull(account_id#2652L)","",false
1,8,253,"Parquet",0,0,0,0,"InMemoryFileIndex(1 paths)[s3a://goes-se-sandbox/data/warehouse/tablespace/external/hive/demo_pauldefusco.db/trs_v25]","IsNotNull(transaction_id), LessThan(transaction_id,12500000000), IsNotNull(customer_id), IsNotNull(merchant_id), IsNotNull(merchant_category)","transaction_id:bigint,customer_id:bigint,account_id:bigint,merchant_id:bigint,branch_id:bigint,transaction_date:date,merchant_category:string","isnotnull(transaction_id#2922L), (transaction_id#2922L < 12500000000), isnotnull(customer_id#2923L), isnotnull(merchant_id#2925L), isnotnull(merchant_category#2929)","",false
1,8,367,"Parquet",0,0,0,0,"InMemoryFileIndex(1 paths)[s3a://goes-se-sandbox/data/warehouse/tablespace/external/hive/demo_pauldefusco.db/trs_v25]","IsNotNull(transaction_id), LessThan(transaction_id,12500000000), IsNotNull(merchant_category)","transaction_id:bigint,customer_id:bigint,account_id:bigint,merchant_id:bigint,branch_id:bigint,transaction_date:date,merchant_category:string","isnotnull(transaction_id#3970L), (transaction_id#3970L < 12500000000), isnotnull(merchant_category#3977)","",false
1,8,298,"Parquet",0,0,0,0,"InMemoryFileIndex(1 paths)[s3a://goes-se-sandbox/data/warehouse/tablespace/external/hive/demo_pauldefusco.db/trs_v25]","IsNotNull(transaction_id), LessThan(transaction_id,12500000000), IsNotNull(merchant_id), IsNotNull(merchant_category)","transaction_id:bigint,customer_id:bigint,account_id:bigint,merchant_id:bigint,branch_id:bigint,transaction_date:date,merchant_category:string,transaction_amount:double,fraud_flag:int","isnotnull(transaction_id#2500L), (transaction_id#2500L < 12500000000), isnotnull(merchant_id#2503L), isnotnull(merchant_category#2507)","",false
1,8,448,"Parquet",0,0,0,0,"InMemoryFileIndex(1 paths)[s3a://goes-se-sandbox/data/warehouse/tablespace/external/hive/demo_pauldefusco.db/trs_v25]","IsNotNull(transaction_id), IsNotNull(fraud_flag), LessThan(transaction_id,12500000000), EqualTo(fraud_flag,1), IsNotNull(merchant_category)","transaction_id:bigint,customer_id:bigint,account_id:bigint,merchant_id:bigint,branch_id:bigint,transaction_date:date,merchant_category:string,transaction_amount:double,fraud_flag:int","isnotnull(transaction_id#3775L), isnotnull(fraud_flag#3787), (transaction_id#3775L < 12500000000), (fraud_flag#3787 = 1), isnotnull(merchant_category#3782)","",false
1,8,48,"Parquet",0,0,0,0,"InMemoryFileIndex(1 paths)[s3a://goes-se-sandbox/data/warehouse/tablespace/external/hive/demo_pauldefusco.db/trs_v25]","IsNotNull(transaction_id), LessThan(transaction_id,12500000000)","transaction_id:bigint,customer_id:bigint,account_id:bigint,merchant_id:bigint,branch_id:bigint,transaction_date:date,merchant_category:string,transaction_amount:double,payment_channel:string,payment_type:string,device_type:string,fraud_flag:int","isnotnull(transaction_id#0L), (transaction_id#0L < 12500000000)","",false
1,8,167,"Parquet",0,0,0,0,"InMemoryFileIndex(1 paths)[s3a://goes-se-sandbox/data/warehouse/tablespace/external/hive/demo_pauldefusco.db/trs_v25]","IsNotNull(transaction_id), LessThan(transaction_id,12500000000), IsNotNull(customer_id)","transaction_id:bigint,customer_id:bigint,account_id:bigint,merchant_id:bigint,branch_id:bigint,transaction_date:date,transaction_amount:double,fraud_flag:int","isnotnull(transaction_id#2183L), (transaction_id#2183L < 12500000000), isnotnull(customer_id#2184L)","",false
1,8,215,"Parquet",0,0,0,0,"InMemoryFileIndex(1 paths)[s3a://goes-se-sandbox/data/warehouse/tablespace/external/hive/demo_pauldefusco.db/trs_v25]","IsNotNull(transaction_id), LessThan(transaction_id,12500000000), IsNotNull(account_id)","transaction_id:bigint,customer_id:bigint,account_id:bigint,merchant_id:bigint,branch_id:bigint,transaction_date:date,transaction_amount:double,fraud_flag:int","isnotnull(transaction_id#2307L), (transaction_id#2307L < 12500000000), isnotnull(account_id#2309L)","",false
1,8,411,"Parquet",0,0,0,0,"InMemoryFileIndex(1 paths)[s3a://goes-se-sandbox/data/warehouse/tablespace/external/hive/demo_pauldefusco.db/trs_v25]","IsNotNull(transaction_id), LessThan(transaction_id,12500000000)","transaction_id:bigint,customer_id:bigint,account_id:bigint,merchant_id:bigint,branch_id:bigint,transaction_date:date,transaction_amount:double,fraud_flag:int","isnotnull(transaction_id#3642L), (transaction_id#3642L < 12500000000)","",false
1,8,332,"Parquet",0,0,0,0,"InMemoryFileIndex(1 paths)[s3a://goes-se-sandbox/data/warehouse/tablespace/external/hive/demo_pauldefusco.db/trs_v25]","IsNotNull(transaction_id), LessThan(transaction_id,12500000000), IsNotNull(payment_channel), IsNotNull(payment_type), IsNotNull(device_type)","transaction_id:bigint,customer_id:bigint,account_id:bigint,merchant_id:bigint,branch_id:bigint,transaction_date:date,transaction_amount:double,payment_channel:string,payment_type:string,device_type:string,fraud_flag:int","isnotnull(transaction_id#3237L), (transaction_id#3237L < 12500000000), isnotnull(payment_channel#3246), isnotnull(payment_type#3247), isnotnull(device_type#3248)","",false
1,9,267,"Parquet",0,0,0,0,"InMemoryFileIndex(1 paths)[s3a://goes-se-sandbox/data/warehouse/tablespace/external/hive/demo_pauldefusco.db/accounts_skewed]","IsNotNull(account_id)","account_id:bigint","isnotnull(account_id#2948L)","",false
1,9,123,"Parquet",0,0,0,0,"InMemoryFileIndex(1 paths)[s3a://goes-se-sandbox/data/warehouse/tablespace/external/hive/demo_pauldefusco.db/accounts_skewed]","IsNotNull(account_id), IsNotNull(account_type)","account_id:bigint,account_type:string,account_status:string","isnotnull(account_id#2676L), isnotnull(account_type#2677)","",false
1,9,61,"Parquet",0,0,0,0,"InMemoryFileIndex(1 paths)[s3a://goes-se-sandbox/data/warehouse/tablespace/external/hive/demo_pauldefusco.db/accounts_skewed]","IsNotNull(account_id)","account_id:bigint,account_type:string,account_status:string,current_balance:double,credit_limit:double,interest_rate:double","isnotnull(account_id#52L)","",false
1,9,229,"Parquet",0,0,0,0,"InMemoryFileIndex(1 paths)[s3a://goes-se-sandbox/data/warehouse/tablespace/external/hive/demo_pauldefusco.db/accounts_skewed]","IsNotNull(account_id), IsNotNull(account_type), IsNotNull(account_status)","account_id:bigint,account_type:string,account_status:string,current_balance:double,credit_limit:double,interest_rate:double","isnotnull(account_id#2333L), isnotnull(account_type#2334), isnotnull(account_status#2336)","",false
1,9,180,"Parquet",0,0,0,0,"InMemoryFileIndex(1 paths)[s3a://goes-se-sandbox/data/warehouse/tablespace/external/hive/demo_pauldefusco.db/accounts_skewed]","IsNotNull(account_id)","account_id:bigint,current_balance:double,interest_rate:double","isnotnull(account_id#2209L)","",false
1,9,133,"Parquet",0,0,0,0,"InMemoryFileIndex(1 paths)[s3a://goes-se-sandbox/data/warehouse/tablespace/external/hive/demo_pauldefusco.db/branches_skewed]","IsNotNull(branch_id)","branch_id:bigint","isnotnull(branch_id#2695L)","",false
1,9,71,"Parquet",0,0,0,0,"InMemoryFileIndex(1 paths)[s3a://goes-se-sandbox/data/warehouse/tablespace/external/hive/demo_pauldefusco.db/branches_skewed]","IsNotNull(branch_id)","branch_id:bigint,region:string,branch_type:string","isnotnull(branch_id#91L)","",false
1,9,388,"Parquet",0,0,0,0,"InMemoryFileIndex(1 paths)[s3a://goes-se-sandbox/data/warehouse/tablespace/external/hive/demo_pauldefusco.db/branches_skewed]","IsNotNull(branch_id), IsNotNull(region), IsNotNull(branch_type)","branch_id:bigint,region:string,branch_type:string","isnotnull(branch_id#4015L), isnotnull(region#4018), isnotnull(branch_type#4019)","",false
1,9,426,"Parquet",0,0,0,0,"InMemoryFileIndex(1 paths)[s3a://goes-se-sandbox/data/warehouse/tablespace/external/hive/demo_pauldefusco.db/branches_skewed]","IsNotNull(branch_id), IsNotNull(region), IsNotNull(branch_type)","branch_id:bigint,region:string,branch_type:string,assets_under_management:double,annual_operating_cost:double","isnotnull(branch_id#3687L), isnotnull(region#3690), isnotnull(branch_type#3691)","",false
1,9,138,"Parquet",0,0,0,0,"InMemoryFileIndex(1 paths)[s3a://goes-se-sandbox/data/warehouse/tablespace/external/hive/demo_pauldefusco.db/calendar]","IsNotNull(calendar_date), IsNotNull(year), IsNotNull(month)","calendar_date:date,year:int,month:int","isnotnull(calendar_date#2706), isnotnull(year#2708), isnotnull(month#2710)","",false
1,9,190,"Parquet",0,0,0,0,"InMemoryFileIndex(1 paths)[s3a://goes-se-sandbox/data/warehouse/tablespace/external/hive/demo_pauldefusco.db/calendar]","IsNotNull(calendar_date), IsNotNull(year), IsNotNull(month)","calendar_date:date,year:int,month:int,is_weekend:boolean","isnotnull(calendar_date#2239), isnotnull(year#2241), isnotnull(month#2243)","",false
1,9,277,"Parquet",0,0,0,0,"InMemoryFileIndex(1 paths)[s3a://goes-se-sandbox/data/warehouse/tablespace/external/hive/demo_pauldefusco.db/calendar]","IsNotNull(calendar_date), IsNotNull(year), IsNotNull(quarter)","calendar_date:date,year:int,quarter:int","isnotnull(calendar_date#2978), isnotnull(year#2980), isnotnull(quarter#2981)","",false
1,9,312,"Parquet",0,0,0,0,"InMemoryFileIndex(1 paths)[s3a://goes-se-sandbox/data/warehouse/tablespace/external/hive/demo_pauldefusco.db/calendar]","IsNotNull(calendar_date), IsNotNull(year), IsNotNull(quarter)","calendar_date:date,year:int,quarter:int,is_weekend:boolean","isnotnull(calendar_date#2556), isnotnull(year#2558), isnotnull(quarter#2559)","",false
1,9,76,"Parquet",0,0,0,0,"InMemoryFileIndex(1 paths)[s3a://goes-se-sandbox/data/warehouse/tablespace/external/hive/demo_pauldefusco.db/calendar]","IsNotNull(calendar_date)","calendar_date:date,year:int,quarter:int,month:int,is_weekend:boolean","isnotnull(calendar_date#113)","",false
1,9,261,"Parquet",0,0,0,0,"InMemoryFileIndex(1 paths)[s3a://goes-se-sandbox/data/warehouse/tablespace/external/hive/demo_pauldefusco.db/customers_skewed]","IsNotNull(customer_id)","customer_id:bigint","isnotnull(customer_id#2937L)","",false
1,9,222,"Parquet",0,0,0,0,"InMemoryFileIndex(1 paths)[s3a://goes-se-sandbox/data/warehouse/tablespace/external/hive/demo_pauldefusco.db/customers_skewed]","IsNotNull(customer_id)","customer_id:bigint,credit_score:int","isnotnull(customer_id#2322L)","",false
1,9,420,"Parquet",0,0,0,0,"InMemoryFileIndex(1 paths)[s3a://goes-se-sandbox/data/warehouse/tablespace/external/hive/demo_pauldefusco.db/customers_skewed]","IsNotNull(customer_id), IsNotNull(customer_segment), IsNotNull(income_band)","customer_id:bigint,credit_score:int,income_band:string,customer_segment:string","isnotnull(customer_id#3657L), isnotnull(customer_segment#3664), isnotnull(income_band#3662)","",false
1,9,174,"Parquet",0,0,0,0,"InMemoryFileIndex(1 paths)[s3a://goes-se-sandbox/data/warehouse/tablespace/external/hive/demo_pauldefusco.db/customers_skewed]","IsNotNull(customer_id), IsNotNull(customer_segment), IsNotNull(income_band), IsNotNull(risk_rating)","customer_id:bigint,credit_score:int,income_band:string,customer_segment:string,risk_rating:string","isnotnull(customer_id#2198L), isnotnull(customer_segment#2205), isnotnull(income_band#2203), isnotnull(risk_rating#2207)","",false
1,9,55,"Parquet",0,0,0,0,"InMemoryFileIndex(1 paths)[s3a://goes-se-sandbox/data/warehouse/tablespace/external/hive/demo_pauldefusco.db/customers_skewed]","IsNotNull(customer_id)","customer_id:bigint,credit_score:int,income_band:string,estimated_income:double,customer_segment:string,risk_rating:string","isnotnull(customer_id#31L)","",false
1,9,377,"Parquet",0,0,0,0,"InMemoryFileIndex(1 paths)[s3a://goes-se-sandbox/data/warehouse/tablespace/external/hive/demo_pauldefusco.db/customers_skewed]","IsNotNull(customer_id), IsNotNull(customer_segment), IsNotNull(income_band)","customer_id:bigint,income_band:string,customer_segment:string","isnotnull(customer_id#3985L), isnotnull(customer_segment#3992), isnotnull(income_band#3990)","",false
1,9,117,"Parquet",0,0,0,0,"InMemoryFileIndex(1 paths)[s3a://goes-se-sandbox/data/warehouse/tablespace/external/hive/demo_pauldefusco.db/customers_skewed]","IsNotNull(customer_id), IsNotNull(customer_segment), IsNotNull(income_band), IsNotNull(risk_rating)","customer_id:bigint,income_band:string,customer_segment:string,risk_rating:string","isnotnull(customer_id#2665L), isnotnull(customer_segment#2672), isnotnull(income_band#2670), isnotnull(risk_rating#2674)","",false
1,9,128,"Parquet",0,0,0,0,"InMemoryFileIndex(1 paths)[s3a://goes-se-sandbox/data/warehouse/tablespace/external/hive/demo_pauldefusco.db/merchants_skewed]","IsNotNull(merchant_id)","merchant_id:bigint","isnotnull(merchant_id#2685L)","",false
1,9,383,"Parquet",0,0,0,0,"InMemoryFileIndex(1 paths)[s3a://goes-se-sandbox/data/warehouse/tablespace/external/hive/demo_pauldefusco.db/merchants_skewed]","IsNotNull(merchant_id), IsNotNull(region)","merchant_id:bigint,region:string","isnotnull(merchant_id#4005L), isnotnull(region#4007)","",false
1,9,458,"Parquet",0,0,0,0,"InMemoryFileIndex(1 paths)[s3a://goes-se-sandbox/data/warehouse/tablespace/external/hive/demo_pauldefusco.db/merchants_skewed]","IsNotNull(merchant_id), IsNotNull(region)","merchant_id:bigint,region:string,risk_level:string","isnotnull(merchant_id#3810L), isnotnull(region#3812)","",false
1,9,307,"Parquet",0,0,0,0,"InMemoryFileIndex(1 paths)[s3a://goes-se-sandbox/data/warehouse/tablespace/external/hive/demo_pauldefusco.db/merchants_skewed]","IsNotNull(merchant_id), IsNotNull(region), IsNotNull(risk_level), IsNotNull(merchant_size)","merchant_id:bigint,region:string,risk_level:string,annual_revenue:double,merchant_size:string","isnotnull(merchant_id#2535L), isnotnull(region#2537), isnotnull(risk_level#2540), isnotnull(merchant_size#2542)","",false
1,9,66,"Parquet",0,0,0,0,"InMemoryFileIndex(1 paths)[s3a://goes-se-sandbox/data/warehouse/tablespace/external/hive/demo_pauldefusco.db/merchants_skewed]","IsNotNull(merchant_id)","merchant_id:bigint,region:string,risk_level:string,merchant_size:string","isnotnull(merchant_id#71L)","",false
1,9,272,"Parquet",0,0,0,0,"InMemoryFileIndex(1 paths)[s3a://goes-se-sandbox/data/warehouse/tablespace/external/hive/demo_pauldefusco.db/merchants_skewed]","IsNotNull(merchant_id), IsNotNull(region)","merchant_id:bigint,region:string,risk_level:string,merchant_size:string","isnotnull(merchant_id#2957L), isnotnull(region#2959)","",false
1,9,185,"Parquet",0,0,0,0,"InMemoryFileIndex(1 paths)[s3a://goes-se-sandbox/data/warehouse/tablespace/external/hive/demo_pauldefusco.db/merchants_skewed]","IsNotNull(merchant_id)","merchant_id:bigint,risk_level:string","isnotnull(merchant_id#2218L)","",false
1,9,110,"Parquet",0,0,0,0,"InMemoryFileIndex(1 paths)[s3a://goes-se-sandbox/data/warehouse/tablespace/external/hive/demo_pauldefusco.db/trs_v25]","IsNotNull(transaction_id), LessThan(transaction_id,12500000000), IsNotNull(customer_id), IsNotNull(account_id)","transaction_id:bigint,customer_id:bigint,account_id:bigint,merchant_id:bigint,branch_id:bigint,transaction_date:date","isnotnull(transaction_id#2650L), (transaction_id#2650L < 12500000000), isnotnull(customer_id#2651L), isnotnull(account_id#2652L)","",false
1,9,256,"Parquet",0,0,0,0,"InMemoryFileIndex(1 paths)[s3a://goes-se-sandbox/data/warehouse/tablespace/external/hive/demo_pauldefusco.db/trs_v25]","IsNotNull(transaction_id), LessThan(transaction_id,12500000000), IsNotNull(customer_id), IsNotNull(merchant_id), IsNotNull(merchant_category)","transaction_id:bigint,customer_id:bigint,account_id:bigint,merchant_id:bigint,branch_id:bigint,transaction_date:date,merchant_category:string","isnotnull(transaction_id#2922L), (transaction_id#2922L < 12500000000), isnotnull(customer_id#2923L), isnotnull(merchant_id#2925L), isnotnull(merchant_category#2929)","",false
1,9,370,"Parquet",0,0,0,0,"InMemoryFileIndex(1 paths)[s3a://goes-se-sandbox/data/warehouse/tablespace/external/hive/demo_pauldefusco.db/trs_v25]","IsNotNull(transaction_id), LessThan(transaction_id,12500000000), IsNotNull(merchant_category)","transaction_id:bigint,customer_id:bigint,account_id:bigint,merchant_id:bigint,branch_id:bigint,transaction_date:date,merchant_category:string","isnotnull(transaction_id#3970L), (transaction_id#3970L < 12500000000), isnotnull(merchant_category#3977)","",false
1,9,301,"Parquet",0,0,0,0,"InMemoryFileIndex(1 paths)[s3a://goes-se-sandbox/data/warehouse/tablespace/external/hive/demo_pauldefusco.db/trs_v25]","IsNotNull(transaction_id), LessThan(transaction_id,12500000000), IsNotNull(merchant_id), IsNotNull(merchant_category)","transaction_id:bigint,customer_id:bigint,account_id:bigint,merchant_id:bigint,branch_id:bigint,transaction_date:date,merchant_category:string,transaction_amount:double,fraud_flag:int","isnotnull(transaction_id#2500L), (transaction_id#2500L < 12500000000), isnotnull(merchant_id#2503L), isnotnull(merchant_category#2507)","",false
1,9,451,"Parquet",0,0,0,0,"InMemoryFileIndex(1 paths)[s3a://goes-se-sandbox/data/warehouse/tablespace/external/hive/demo_pauldefusco.db/trs_v25]","IsNotNull(transaction_id), IsNotNull(fraud_flag), LessThan(transaction_id,12500000000), EqualTo(fraud_flag,1), IsNotNull(merchant_category)","transaction_id:bigint,customer_id:bigint,account_id:bigint,merchant_id:bigint,branch_id:bigint,transaction_date:date,merchant_category:string,transaction_amount:double,fraud_flag:int","isnotnull(transaction_id#3775L), isnotnull(fraud_flag#3787), (transaction_id#3775L < 12500000000), (fraud_flag#3787 = 1), isnotnull(merchant_category#3782)","",false
1,9,48,"Parquet",0,0,0,0,"InMemoryFileIndex(1 paths)[s3a://goes-se-sandbox/data/warehouse/tablespace/external/hive/demo_pauldefusco.db/trs_v25]","IsNotNull(transaction_id), LessThan(transaction_id,12500000000)","transaction_id:bigint,customer_id:bigint,account_id:bigint,merchant_id:bigint,branch_id:bigint,transaction_date:date,merchant_category:string,transaction_amount:double,payment_channel:string,payment_type:string,device_type:string,fraud_flag:int","isnotnull(transaction_id#0L), (transaction_id#0L < 12500000000)","",false
1,9,167,"Parquet",0,0,0,0,"InMemoryFileIndex(1 paths)[s3a://goes-se-sandbox/data/warehouse/tablespace/external/hive/demo_pauldefusco.db/trs_v25]","IsNotNull(transaction_id), LessThan(transaction_id,12500000000), IsNotNull(customer_id)","transaction_id:bigint,customer_id:bigint,account_id:bigint,merchant_id:bigint,branch_id:bigint,transaction_date:date,transaction_amount:double,fraud_flag:int","isnotnull(transaction_id#2183L), (transaction_id#2183L < 12500000000), isnotnull(customer_id#2184L)","",false
1,9,217,"Parquet",0,0,0,0,"InMemoryFileIndex(1 paths)[s3a://goes-se-sandbox/data/warehouse/tablespace/external/hive/demo_pauldefusco.db/trs_v25]","IsNotNull(transaction_id), LessThan(transaction_id,12500000000), IsNotNull(account_id)","transaction_id:bigint,customer_id:bigint,account_id:bigint,merchant_id:bigint,branch_id:bigint,transaction_date:date,transaction_amount:double,fraud_flag:int","isnotnull(transaction_id#2307L), (transaction_id#2307L < 12500000000), isnotnull(account_id#2309L)","",false
1,9,414,"Parquet",0,0,0,0,"InMemoryFileIndex(1 paths)[s3a://goes-se-sandbox/data/warehouse/tablespace/external/hive/demo_pauldefusco.db/trs_v25]","IsNotNull(transaction_id), LessThan(transaction_id,12500000000)","transaction_id:bigint,customer_id:bigint,account_id:bigint,merchant_id:bigint,branch_id:bigint,transaction_date:date,transaction_amount:double,fraud_flag:int","isnotnull(transaction_id#3642L), (transaction_id#3642L < 12500000000)","",false
1,9,335,"Parquet",0,0,0,0,"InMemoryFileIndex(1 paths)[s3a://goes-se-sandbox/data/warehouse/tablespace/external/hive/demo_pauldefusco.db/trs_v25]","IsNotNull(transaction_id), LessThan(transaction_id,12500000000), IsNotNull(payment_channel), IsNotNull(payment_type), IsNotNull(device_type)","transaction_id:bigint,customer_id:bigint,account_id:bigint,merchant_id:bigint,branch_id:bigint,transaction_date:date,transaction_amount:double,payment_channel:string,payment_type:string,device_type:string,fraud_flag:int","isnotnull(transaction_id#3237L), (transaction_id#3237L < 12500000000), isnotnull(payment_channel#3246), isnotnull(payment_type#3247), isnotnull(device_type#3248)","",false
1,10,267,"Parquet",0,0,0,0,"InMemoryFileIndex(1 paths)[s3a://goes-se-sandbox/data/warehouse/tablespace/external/hive/demo_pauldefusco.db/accounts_skewed]","IsNotNull(account_id)","account_id:bigint","isnotnull(account_id#2948L)","",false
1,10,123,"Parquet",0,0,0,0,"InMemoryFileIndex(1 paths)[s3a://goes-se-sandbox/data/warehouse/tablespace/external/hive/demo_pauldefusco.db/accounts_skewed]","IsNotNull(account_id), IsNotNull(account_type)","account_id:bigint,account_type:string,account_status:string","isnotnull(account_id#2676L), isnotnull(account_type#2677)","",false
1,10,61,"Parquet",0,0,0,0,"InMemoryFileIndex(1 paths)[s3a://goes-se-sandbox/data/warehouse/tablespace/external/hive/demo_pauldefusco.db/accounts_skewed]","IsNotNull(account_id)","account_id:bigint,account_type:string,account_status:string,current_balance:double,credit_limit:double,interest_rate:double","isnotnull(account_id#52L)","",false
1,10,229,"Parquet",0,0,0,0,"InMemoryFileIndex(1 paths)[s3a://goes-se-sandbox/data/warehouse/tablespace/external/hive/demo_pauldefusco.db/accounts_skewed]","IsNotNull(account_id), IsNotNull(account_type), IsNotNull(account_status)","account_id:bigint,account_type:string,account_status:string,current_balance:double,credit_limit:double,interest_rate:double","isnotnull(account_id#2333L), isnotnull(account_type#2334), isnotnull(account_status#2336)","",false
1,10,180,"Parquet",0,0,0,0,"InMemoryFileIndex(1 paths)[s3a://goes-se-sandbox/data/warehouse/tablespace/external/hive/demo_pauldefusco.db/accounts_skewed]","IsNotNull(account_id)","account_id:bigint,current_balance:double,interest_rate:double","isnotnull(account_id#2209L)","",false
1,10,133,"Parquet",0,0,0,0,"InMemoryFileIndex(1 paths)[s3a://goes-se-sandbox/data/warehouse/tablespace/external/hive/demo_pauldefusco.db/branches_skewed]","IsNotNull(branch_id)","branch_id:bigint","isnotnull(branch_id#2695L)","",false
1,10,71,"Parquet",0,0,0,0,"InMemoryFileIndex(1 paths)[s3a://goes-se-sandbox/data/warehouse/tablespace/external/hive/demo_pauldefusco.db/branches_skewed]","IsNotNull(branch_id)","branch_id:bigint,region:string,branch_type:string","isnotnull(branch_id#91L)","",false
1,10,391,"Parquet",0,0,0,0,"InMemoryFileIndex(1 paths)[s3a://goes-se-sandbox/data/warehouse/tablespace/external/hive/demo_pauldefusco.db/branches_skewed]","IsNotNull(branch_id), IsNotNull(region), IsNotNull(branch_type)","branch_id:bigint,region:string,branch_type:string","isnotnull(branch_id#4015L), isnotnull(region#4018), isnotnull(branch_type#4019)","",false
1,10,429,"Parquet",0,0,0,0,"InMemoryFileIndex(1 paths)[s3a://goes-se-sandbox/data/warehouse/tablespace/external/hive/demo_pauldefusco.db/branches_skewed]","IsNotNull(branch_id), IsNotNull(region), IsNotNull(branch_type)","branch_id:bigint,region:string,branch_type:string,assets_under_management:double,annual_operating_cost:double","isnotnull(branch_id#3687L), isnotnull(region#3690), isnotnull(branch_type#3691)","",false
1,10,138,"Parquet",0,0,0,0,"InMemoryFileIndex(1 paths)[s3a://goes-se-sandbox/data/warehouse/tablespace/external/hive/demo_pauldefusco.db/calendar]","IsNotNull(calendar_date), IsNotNull(year), IsNotNull(month)","calendar_date:date,year:int,month:int","isnotnull(calendar_date#2706), isnotnull(year#2708), isnotnull(month#2710)","",false
1,10,190,"Parquet",0,0,0,0,"InMemoryFileIndex(1 paths)[s3a://goes-se-sandbox/data/warehouse/tablespace/external/hive/demo_pauldefusco.db/calendar]","IsNotNull(calendar_date), IsNotNull(year), IsNotNull(month)","calendar_date:date,year:int,month:int,is_weekend:boolean","isnotnull(calendar_date#2239), isnotnull(year#2241), isnotnull(month#2243)","",false
1,10,277,"Parquet",0,0,0,0,"InMemoryFileIndex(1 paths)[s3a://goes-se-sandbox/data/warehouse/tablespace/external/hive/demo_pauldefusco.db/calendar]","IsNotNull(calendar_date), IsNotNull(year), IsNotNull(quarter)","calendar_date:date,year:int,quarter:int","isnotnull(calendar_date#2978), isnotnull(year#2980), isnotnull(quarter#2981)","",false
1,10,315,"Parquet",0,0,0,0,"InMemoryFileIndex(1 paths)[s3a://goes-se-sandbox/data/warehouse/tablespace/external/hive/demo_pauldefusco.db/calendar]","IsNotNull(calendar_date), IsNotNull(year), IsNotNull(quarter)","calendar_date:date,year:int,quarter:int,is_weekend:boolean","isnotnull(calendar_date#2556), isnotnull(year#2558), isnotnull(quarter#2559)","",false
1,10,76,"Parquet",0,0,0,0,"InMemoryFileIndex(1 paths)[s3a://goes-se-sandbox/data/warehouse/tablespace/external/hive/demo_pauldefusco.db/calendar]","IsNotNull(calendar_date)","calendar_date:date,year:int,quarter:int,month:int,is_weekend:boolean","isnotnull(calendar_date#113)","",false
1,10,261,"Parquet",0,0,0,0,"InMemoryFileIndex(1 paths)[s3a://goes-se-sandbox/data/warehouse/tablespace/external/hive/demo_pauldefusco.db/customers_skewed]","IsNotNull(customer_id)","customer_id:bigint","isnotnull(customer_id#2937L)","",false
1,10,222,"Parquet",0,0,0,0,"InMemoryFileIndex(1 paths)[s3a://goes-se-sandbox/data/warehouse/tablespace/external/hive/demo_pauldefusco.db/customers_skewed]","IsNotNull(customer_id)","customer_id:bigint,credit_score:int","isnotnull(customer_id#2322L)","",false
1,10,423,"Parquet",0,0,0,0,"InMemoryFileIndex(1 paths)[s3a://goes-se-sandbox/data/warehouse/tablespace/external/hive/demo_pauldefusco.db/customers_skewed]","IsNotNull(customer_id), IsNotNull(customer_segment), IsNotNull(income_band)","customer_id:bigint,credit_score:int,income_band:string,customer_segment:string","isnotnull(customer_id#3657L), isnotnull(customer_segment#3664), isnotnull(income_band#3662)","",false
1,10,174,"Parquet",0,0,0,0,"InMemoryFileIndex(1 paths)[s3a://goes-se-sandbox/data/warehouse/tablespace/external/hive/demo_pauldefusco.db/customers_skewed]","IsNotNull(customer_id), IsNotNull(customer_segment), IsNotNull(income_band), IsNotNull(risk_rating)","customer_id:bigint,credit_score:int,income_band:string,customer_segment:string,risk_rating:string","isnotnull(customer_id#2198L), isnotnull(customer_segment#2205), isnotnull(income_band#2203), isnotnull(risk_rating#2207)","",false
1,10,55,"Parquet",0,0,0,0,"InMemoryFileIndex(1 paths)[s3a://goes-se-sandbox/data/warehouse/tablespace/external/hive/demo_pauldefusco.db/customers_skewed]","IsNotNull(customer_id)","customer_id:bigint,credit_score:int,income_band:string,estimated_income:double,customer_segment:string,risk_rating:string","isnotnull(customer_id#31L)","",false
1,10,380,"Parquet",0,0,0,0,"InMemoryFileIndex(1 paths)[s3a://goes-se-sandbox/data/warehouse/tablespace/external/hive/demo_pauldefusco.db/customers_skewed]","IsNotNull(customer_id), IsNotNull(customer_segment), IsNotNull(income_band)","customer_id:bigint,income_band:string,customer_segment:string","isnotnull(customer_id#3985L), isnotnull(customer_segment#3992), isnotnull(income_band#3990)","",false
1,10,117,"Parquet",0,0,0,0,"InMemoryFileIndex(1 paths)[s3a://goes-se-sandbox/data/warehouse/tablespace/external/hive/demo_pauldefusco.db/customers_skewed]","IsNotNull(customer_id), IsNotNull(customer_segment), IsNotNull(income_band), IsNotNull(risk_rating)","customer_id:bigint,income_band:string,customer_segment:string,risk_rating:string","isnotnull(customer_id#2665L), isnotnull(customer_segment#2672), isnotnull(income_band#2670), isnotnull(risk_rating#2674)","",false
1,10,128,"Parquet",0,0,0,0,"InMemoryFileIndex(1 paths)[s3a://goes-se-sandbox/data/warehouse/tablespace/external/hive/demo_pauldefusco.db/merchants_skewed]","IsNotNull(merchant_id)","merchant_id:bigint","isnotnull(merchant_id#2685L)","",false
1,10,386,"Parquet",0,0,0,0,"InMemoryFileIndex(1 paths)[s3a://goes-se-sandbox/data/warehouse/tablespace/external/hive/demo_pauldefusco.db/merchants_skewed]","IsNotNull(merchant_id), IsNotNull(region)","merchant_id:bigint,region:string","isnotnull(merchant_id#4005L), isnotnull(region#4007)","",false
1,10,461,"Parquet",0,0,0,0,"InMemoryFileIndex(1 paths)[s3a://goes-se-sandbox/data/warehouse/tablespace/external/hive/demo_pauldefusco.db/merchants_skewed]","IsNotNull(merchant_id), IsNotNull(region)","merchant_id:bigint,region:string,risk_level:string","isnotnull(merchant_id#3810L), isnotnull(region#3812)","",false
1,10,310,"Parquet",0,0,0,0,"InMemoryFileIndex(1 paths)[s3a://goes-se-sandbox/data/warehouse/tablespace/external/hive/demo_pauldefusco.db/merchants_skewed]","IsNotNull(merchant_id), IsNotNull(region), IsNotNull(risk_level), IsNotNull(merchant_size)","merchant_id:bigint,region:string,risk_level:string,annual_revenue:double,merchant_size:string","isnotnull(merchant_id#2535L), isnotnull(region#2537), isnotnull(risk_level#2540), isnotnull(merchant_size#2542)","",false
1,10,66,"Parquet",0,0,0,0,"InMemoryFileIndex(1 paths)[s3a://goes-se-sandbox/data/warehouse/tablespace/external/hive/demo_pauldefusco.db/merchants_skewed]","IsNotNull(merchant_id)","merchant_id:bigint,region:string,risk_level:string,merchant_size:string","isnotnull(merchant_id#71L)","",false
1,10,272,"Parquet",0,0,0,0,"InMemoryFileIndex(1 paths)[s3a://goes-se-sandbox/data/warehouse/tablespace/external/hive/demo_pauldefusco.db/merchants_skewed]","IsNotNull(merchant_id), IsNotNull(region)","merchant_id:bigint,region:string,risk_level:string,merchant_size:string","isnotnull(merchant_id#2957L), isnotnull(region#2959)","",false
1,10,185,"Parquet",0,0,0,0,"InMemoryFileIndex(1 paths)[s3a://goes-se-sandbox/data/warehouse/tablespace/external/hive/demo_pauldefusco.db/merchants_skewed]","IsNotNull(merchant_id)","merchant_id:bigint,risk_level:string","isnotnull(merchant_id#2218L)","",false
1,10,110,"Parquet",0,0,0,0,"InMemoryFileIndex(1 paths)[s3a://goes-se-sandbox/data/warehouse/tablespace/external/hive/demo_pauldefusco.db/trs_v25]","IsNotNull(transaction_id), LessThan(transaction_id,12500000000), IsNotNull(customer_id), IsNotNull(account_id)","transaction_id:bigint,customer_id:bigint,account_id:bigint,merchant_id:bigint,branch_id:bigint,transaction_date:date","isnotnull(transaction_id#2650L), (transaction_id#2650L < 12500000000), isnotnull(customer_id#2651L), isnotnull(account_id#2652L)","",false
1,10,256,"Parquet",0,0,0,0,"InMemoryFileIndex(1 paths)[s3a://goes-se-sandbox/data/warehouse/tablespace/external/hive/demo_pauldefusco.db/trs_v25]","IsNotNull(transaction_id), LessThan(transaction_id,12500000000), IsNotNull(customer_id), IsNotNull(merchant_id), IsNotNull(merchant_category)","transaction_id:bigint,customer_id:bigint,account_id:bigint,merchant_id:bigint,branch_id:bigint,transaction_date:date,merchant_category:string","isnotnull(transaction_id#2922L), (transaction_id#2922L < 12500000000), isnotnull(customer_id#2923L), isnotnull(merchant_id#2925L), isnotnull(merchant_category#2929)","",false
1,10,373,"Parquet",0,0,0,0,"InMemoryFileIndex(1 paths)[s3a://goes-se-sandbox/data/warehouse/tablespace/external/hive/demo_pauldefusco.db/trs_v25]","IsNotNull(transaction_id), LessThan(transaction_id,12500000000), IsNotNull(merchant_category)","transaction_id:bigint,customer_id:bigint,account_id:bigint,merchant_id:bigint,branch_id:bigint,transaction_date:date,merchant_category:string","isnotnull(transaction_id#3970L), (transaction_id#3970L < 12500000000), isnotnull(merchant_category#3977)","",false
1,10,303,"Parquet",0,0,0,0,"InMemoryFileIndex(1 paths)[s3a://goes-se-sandbox/data/warehouse/tablespace/external/hive/demo_pauldefusco.db/trs_v25]","IsNotNull(transaction_id), LessThan(transaction_id,12500000000), IsNotNull(merchant_id), IsNotNull(merchant_category)","transaction_id:bigint,customer_id:bigint,account_id:bigint,merchant_id:bigint,branch_id:bigint,transaction_date:date,merchant_category:string,transaction_amount:double,fraud_flag:int","isnotnull(transaction_id#2500L), (transaction_id#2500L < 12500000000), isnotnull(merchant_id#2503L), isnotnull(merchant_category#2507)","",false
1,10,454,"Parquet",0,0,0,0,"InMemoryFileIndex(1 paths)[s3a://goes-se-sandbox/data/warehouse/tablespace/external/hive/demo_pauldefusco.db/trs_v25]","IsNotNull(transaction_id), IsNotNull(fraud_flag), LessThan(transaction_id,12500000000), EqualTo(fraud_flag,1), IsNotNull(merchant_category)","transaction_id:bigint,customer_id:bigint,account_id:bigint,merchant_id:bigint,branch_id:bigint,transaction_date:date,merchant_category:string,transaction_amount:double,fraud_flag:int","isnotnull(transaction_id#3775L), isnotnull(fraud_flag#3787), (transaction_id#3775L < 12500000000), (fraud_flag#3787 = 1), isnotnull(merchant_category#3782)","",false
1,10,48,"Parquet",0,0,0,0,"InMemoryFileIndex(1 paths)[s3a://goes-se-sandbox/data/warehouse/tablespace/external/hive/demo_pauldefusco.db/trs_v25]","IsNotNull(transaction_id), LessThan(transaction_id,12500000000)","transaction_id:bigint,customer_id:bigint,account_id:bigint,merchant_id:bigint,branch_id:bigint,transaction_date:date,merchant_category:string,transaction_amount:double,payment_channel:string,payment_type:string,device_type:string,fraud_flag:int","isnotnull(transaction_id#0L), (transaction_id#0L < 12500000000)","",false
1,10,167,"Parquet",0,0,0,0,"InMemoryFileIndex(1 paths)[s3a://goes-se-sandbox/data/warehouse/tablespace/external/hive/demo_pauldefusco.db/trs_v25]","IsNotNull(transaction_id), LessThan(transaction_id,12500000000), IsNotNull(customer_id)","transaction_id:bigint,customer_id:bigint,account_id:bigint,merchant_id:bigint,branch_id:bigint,transaction_date:date,transaction_amount:double,fraud_flag:int","isnotnull(transaction_id#2183L), (transaction_id#2183L < 12500000000), isnotnull(customer_id#2184L)","",false
1,10,217,"Parquet",0,0,0,0,"InMemoryFileIndex(1 paths)[s3a://goes-se-sandbox/data/warehouse/tablespace/external/hive/demo_pauldefusco.db/trs_v25]","IsNotNull(transaction_id), LessThan(transaction_id,12500000000), IsNotNull(account_id)","transaction_id:bigint,customer_id:bigint,account_id:bigint,merchant_id:bigint,branch_id:bigint,transaction_date:date,transaction_amount:double,fraud_flag:int","isnotnull(transaction_id#2307L), (transaction_id#2307L < 12500000000), isnotnull(account_id#2309L)","",false
1,10,417,"Parquet",0,0,0,0,"InMemoryFileIndex(1 paths)[s3a://goes-se-sandbox/data/warehouse/tablespace/external/hive/demo_pauldefusco.db/trs_v25]","IsNotNull(transaction_id), LessThan(transaction_id,12500000000)","transaction_id:bigint,customer_id:bigint,account_id:bigint,merchant_id:bigint,branch_id:bigint,transaction_date:date,transaction_amount:double,fraud_flag:int","isnotnull(transaction_id#3642L), (transaction_id#3642L < 12500000000)","",false
1,10,338,"Parquet",0,0,0,0,"InMemoryFileIndex(1 paths)[s3a://goes-se-sandbox/data/warehouse/tablespace/external/hive/demo_pauldefusco.db/trs_v25]","IsNotNull(transaction_id), LessThan(transaction_id,12500000000), IsNotNull(payment_channel), IsNotNull(payment_type), IsNotNull(device_type)","transaction_id:bigint,customer_id:bigint,account_id:bigint,merchant_id:bigint,branch_id:bigint,transaction_date:date,transaction_amount:double,payment_channel:string,payment_type:string,device_type:string,fraud_flag:int","isnotnull(transaction_id#3237L), (transaction_id#3237L < 12500000000), isnotnull(payment_channel#3246), isnotnull(payment_type#3247), isnotnull(device_type#3248)","",false
1,11,267,"Parquet",0,0,0,0,"InMemoryFileIndex(1 paths)[s3a://goes-se-sandbox/data/warehouse/tablespace/external/hive/demo_pauldefusco.db/accounts_skewed]","IsNotNull(account_id)","account_id:bigint","isnotnull(account_id#2948L)","",false
1,11,123,"Parquet",0,0,0,0,"InMemoryFileIndex(1 paths)[s3a://goes-se-sandbox/data/warehouse/tablespace/external/hive/demo_pauldefusco.db/accounts_skewed]","IsNotNull(account_id), IsNotNull(account_type)","account_id:bigint,account_type:string,account_status:string","isnotnull(account_id#2676L), isnotnull(account_type#2677)","",false
1,11,61,"Parquet",0,0,0,0,"InMemoryFileIndex(1 paths)[s3a://goes-se-sandbox/data/warehouse/tablespace/external/hive/demo_pauldefusco.db/accounts_skewed]","IsNotNull(account_id)","account_id:bigint,account_type:string,account_status:string,current_balance:double,credit_limit:double,interest_rate:double","isnotnull(account_id#52L)","",false
1,11,229,"Parquet",0,0,0,0,"InMemoryFileIndex(1 paths)[s3a://goes-se-sandbox/data/warehouse/tablespace/external/hive/demo_pauldefusco.db/accounts_skewed]","IsNotNull(account_id), IsNotNull(account_type), IsNotNull(account_status)","account_id:bigint,account_type:string,account_status:string,current_balance:double,credit_limit:double,interest_rate:double","isnotnull(account_id#2333L), isnotnull(account_type#2334), isnotnull(account_status#2336)","",false
1,11,180,"Parquet",0,0,0,0,"InMemoryFileIndex(1 paths)[s3a://goes-se-sandbox/data/warehouse/tablespace/external/hive/demo_pauldefusco.db/accounts_skewed]","IsNotNull(account_id)","account_id:bigint,current_balance:double,interest_rate:double","isnotnull(account_id#2209L)","",false
1,11,133,"Parquet",0,0,0,0,"InMemoryFileIndex(1 paths)[s3a://goes-se-sandbox/data/warehouse/tablespace/external/hive/demo_pauldefusco.db/branches_skewed]","IsNotNull(branch_id)","branch_id:bigint","isnotnull(branch_id#2695L)","",false
1,11,71,"Parquet",0,0,0,0,"InMemoryFileIndex(1 paths)[s3a://goes-se-sandbox/data/warehouse/tablespace/external/hive/demo_pauldefusco.db/branches_skewed]","IsNotNull(branch_id)","branch_id:bigint,region:string,branch_type:string","isnotnull(branch_id#91L)","",false
1,11,391,"Parquet",0,0,0,0,"InMemoryFileIndex(1 paths)[s3a://goes-se-sandbox/data/warehouse/tablespace/external/hive/demo_pauldefusco.db/branches_skewed]","IsNotNull(branch_id), IsNotNull(region), IsNotNull(branch_type)","branch_id:bigint,region:string,branch_type:string","isnotnull(branch_id#4015L), isnotnull(region#4018), isnotnull(branch_type#4019)","",false
1,11,432,"Parquet",0,0,0,0,"InMemoryFileIndex(1 paths)[s3a://goes-se-sandbox/data/warehouse/tablespace/external/hive/demo_pauldefusco.db/branches_skewed]","IsNotNull(branch_id), IsNotNull(region), IsNotNull(branch_type)","branch_id:bigint,region:string,branch_type:string,assets_under_management:double,annual_operating_cost:double","isnotnull(branch_id#3687L), isnotnull(region#3690), isnotnull(branch_type#3691)","",false
1,11,138,"Parquet",0,0,0,0,"InMemoryFileIndex(1 paths)[s3a://goes-se-sandbox/data/warehouse/tablespace/external/hive/demo_pauldefusco.db/calendar]","IsNotNull(calendar_date), IsNotNull(year), IsNotNull(month)","calendar_date:date,year:int,month:int","isnotnull(calendar_date#2706), isnotnull(year#2708), isnotnull(month#2710)","",false
1,11,190,"Parquet",0,0,0,0,"InMemoryFileIndex(1 paths)[s3a://goes-se-sandbox/data/warehouse/tablespace/external/hive/demo_pauldefusco.db/calendar]","IsNotNull(calendar_date), IsNotNull(year), IsNotNull(month)","calendar_date:date,year:int,month:int,is_weekend:boolean","isnotnull(calendar_date#2239), isnotnull(year#2241), isnotnull(month#2243)","",false
1,11,277,"Parquet",0,0,0,0,"InMemoryFileIndex(1 paths)[s3a://goes-se-sandbox/data/warehouse/tablespace/external/hive/demo_pauldefusco.db/calendar]","IsNotNull(calendar_date), IsNotNull(year), IsNotNull(quarter)","calendar_date:date,year:int,quarter:int","isnotnull(calendar_date#2978), isnotnull(year#2980), isnotnull(quarter#2981)","",false
1,11,315,"Parquet",0,0,0,0,"InMemoryFileIndex(1 paths)[s3a://goes-se-sandbox/data/warehouse/tablespace/external/hive/demo_pauldefusco.db/calendar]","IsNotNull(calendar_date), IsNotNull(year), IsNotNull(quarter)","calendar_date:date,year:int,quarter:int,is_weekend:boolean","isnotnull(calendar_date#2556), isnotnull(year#2558), isnotnull(quarter#2559)","",false
1,11,76,"Parquet",0,0,0,0,"InMemoryFileIndex(1 paths)[s3a://goes-se-sandbox/data/warehouse/tablespace/external/hive/demo_pauldefusco.db/calendar]","IsNotNull(calendar_date)","calendar_date:date,year:int,quarter:int,month:int,is_weekend:boolean","isnotnull(calendar_date#113)","",false
1,11,261,"Parquet",0,0,0,0,"InMemoryFileIndex(1 paths)[s3a://goes-se-sandbox/data/warehouse/tablespace/external/hive/demo_pauldefusco.db/customers_skewed]","IsNotNull(customer_id)","customer_id:bigint","isnotnull(customer_id#2937L)","",false
1,11,222,"Parquet",0,0,0,0,"InMemoryFileIndex(1 paths)[s3a://goes-se-sandbox/data/warehouse/tablespace/external/hive/demo_pauldefusco.db/customers_skewed]","IsNotNull(customer_id)","customer_id:bigint,credit_score:int","isnotnull(customer_id#2322L)","",false
1,11,426,"Parquet",0,0,0,0,"InMemoryFileIndex(1 paths)[s3a://goes-se-sandbox/data/warehouse/tablespace/external/hive/demo_pauldefusco.db/customers_skewed]","IsNotNull(customer_id), IsNotNull(customer_segment), IsNotNull(income_band)","customer_id:bigint,credit_score:int,income_band:string,customer_segment:string","isnotnull(customer_id#3657L), isnotnull(customer_segment#3664), isnotnull(income_band#3662)","",false
1,11,174,"Parquet",0,0,0,0,"InMemoryFileIndex(1 paths)[s3a://goes-se-sandbox/data/warehouse/tablespace/external/hive/demo_pauldefusco.db/customers_skewed]","IsNotNull(customer_id), IsNotNull(customer_segment), IsNotNull(income_band), IsNotNull(risk_rating)","customer_id:bigint,credit_score:int,income_band:string,customer_segment:string,risk_rating:string","isnotnull(customer_id#2198L), isnotnull(customer_segment#2205), isnotnull(income_band#2203), isnotnull(risk_rating#2207)","",false
1,11,55,"Parquet",0,0,0,0,"InMemoryFileIndex(1 paths)[s3a://goes-se-sandbox/data/warehouse/tablespace/external/hive/demo_pauldefusco.db/customers_skewed]","IsNotNull(customer_id)","customer_id:bigint,credit_score:int,income_band:string,estimated_income:double,customer_segment:string,risk_rating:string","isnotnull(customer_id#31L)","",false
1,11,380,"Parquet",0,0,0,0,"InMemoryFileIndex(1 paths)[s3a://goes-se-sandbox/data/warehouse/tablespace/external/hive/demo_pauldefusco.db/customers_skewed]","IsNotNull(customer_id), IsNotNull(customer_segment), IsNotNull(income_band)","customer_id:bigint,income_band:string,customer_segment:string","isnotnull(customer_id#3985L), isnotnull(customer_segment#3992), isnotnull(income_band#3990)","",false
1,11,117,"Parquet",0,0,0,0,"InMemoryFileIndex(1 paths)[s3a://goes-se-sandbox/data/warehouse/tablespace/external/hive/demo_pauldefusco.db/customers_skewed]","IsNotNull(customer_id), IsNotNull(customer_segment), IsNotNull(income_band), IsNotNull(risk_rating)","customer_id:bigint,income_band:string,customer_segment:string,risk_rating:string","isnotnull(customer_id#2665L), isnotnull(customer_segment#2672), isnotnull(income_band#2670), isnotnull(risk_rating#2674)","",false
1,11,128,"Parquet",0,0,0,0,"InMemoryFileIndex(1 paths)[s3a://goes-se-sandbox/data/warehouse/tablespace/external/hive/demo_pauldefusco.db/merchants_skewed]","IsNotNull(merchant_id)","merchant_id:bigint","isnotnull(merchant_id#2685L)","",false
1,11,386,"Parquet",0,0,0,0,"InMemoryFileIndex(1 paths)[s3a://goes-se-sandbox/data/warehouse/tablespace/external/hive/demo_pauldefusco.db/merchants_skewed]","IsNotNull(merchant_id), IsNotNull(region)","merchant_id:bigint,region:string","isnotnull(merchant_id#4005L), isnotnull(region#4007)","",false
1,11,464,"Parquet",0,0,0,0,"InMemoryFileIndex(1 paths)[s3a://goes-se-sandbox/data/warehouse/tablespace/external/hive/demo_pauldefusco.db/merchants_skewed]","IsNotNull(merchant_id), IsNotNull(region)","merchant_id:bigint,region:string,risk_level:string","isnotnull(merchant_id#3810L), isnotnull(region#3812)","",false
1,11,310,"Parquet",0,0,0,0,"InMemoryFileIndex(1 paths)[s3a://goes-se-sandbox/data/warehouse/tablespace/external/hive/demo_pauldefusco.db/merchants_skewed]","IsNotNull(merchant_id), IsNotNull(region), IsNotNull(risk_level), IsNotNull(merchant_size)","merchant_id:bigint,region:string,risk_level:string,annual_revenue:double,merchant_size:string","isnotnull(merchant_id#2535L), isnotnull(region#2537), isnotnull(risk_level#2540), isnotnull(merchant_size#2542)","",false
1,11,66,"Parquet",0,0,0,0,"InMemoryFileIndex(1 paths)[s3a://goes-se-sandbox/data/warehouse/tablespace/external/hive/demo_pauldefusco.db/merchants_skewed]","IsNotNull(merchant_id)","merchant_id:bigint,region:string,risk_level:string,merchant_size:string","isnotnull(merchant_id#71L)","",false
1,11,272,"Parquet",0,0,0,0,"InMemoryFileIndex(1 paths)[s3a://goes-se-sandbox/data/warehouse/tablespace/external/hive/demo_pauldefusco.db/merchants_skewed]","IsNotNull(merchant_id), IsNotNull(region)","merchant_id:bigint,region:string,risk_level:string,merchant_size:string","isnotnull(merchant_id#2957L), isnotnull(region#2959)","",false
1,11,185,"Parquet",0,0,0,0,"InMemoryFileIndex(1 paths)[s3a://goes-se-sandbox/data/warehouse/tablespace/external/hive/demo_pauldefusco.db/merchants_skewed]","IsNotNull(merchant_id)","merchant_id:bigint,risk_level:string","isnotnull(merchant_id#2218L)","",false
1,11,110,"Parquet",0,0,0,0,"InMemoryFileIndex(1 paths)[s3a://goes-se-sandbox/data/warehouse/tablespace/external/hive/demo_pauldefusco.db/trs_v25]","IsNotNull(transaction_id), LessThan(transaction_id,12500000000), IsNotNull(customer_id), IsNotNull(account_id)","transaction_id:bigint,customer_id:bigint,account_id:bigint,merchant_id:bigint,branch_id:bigint,transaction_date:date","isnotnull(transaction_id#2650L), (transaction_id#2650L < 12500000000), isnotnull(customer_id#2651L), isnotnull(account_id#2652L)","",false
1,11,256,"Parquet",0,0,0,0,"InMemoryFileIndex(1 paths)[s3a://goes-se-sandbox/data/warehouse/tablespace/external/hive/demo_pauldefusco.db/trs_v25]","IsNotNull(transaction_id), LessThan(transaction_id,12500000000), IsNotNull(customer_id), IsNotNull(merchant_id), IsNotNull(merchant_category)","transaction_id:bigint,customer_id:bigint,account_id:bigint,merchant_id:bigint,branch_id:bigint,transaction_date:date,merchant_category:string","isnotnull(transaction_id#2922L), (transaction_id#2922L < 12500000000), isnotnull(customer_id#2923L), isnotnull(merchant_id#2925L), isnotnull(merchant_category#2929)","",false
1,11,373,"Parquet",0,0,0,0,"InMemoryFileIndex(1 paths)[s3a://goes-se-sandbox/data/warehouse/tablespace/external/hive/demo_pauldefusco.db/trs_v25]","IsNotNull(transaction_id), LessThan(transaction_id,12500000000), IsNotNull(merchant_category)","transaction_id:bigint,customer_id:bigint,account_id:bigint,merchant_id:bigint,branch_id:bigint,transaction_date:date,merchant_category:string","isnotnull(transaction_id#3970L), (transaction_id#3970L < 12500000000), isnotnull(merchant_category#3977)","",false
1,11,303,"Parquet",0,0,0,0,"InMemoryFileIndex(1 paths)[s3a://goes-se-sandbox/data/warehouse/tablespace/external/hive/demo_pauldefusco.db/trs_v25]","IsNotNull(transaction_id), LessThan(transaction_id,12500000000), IsNotNull(merchant_id), IsNotNull(merchant_category)","transaction_id:bigint,customer_id:bigint,account_id:bigint,merchant_id:bigint,branch_id:bigint,transaction_date:date,merchant_category:string,transaction_amount:double,fraud_flag:int","isnotnull(transaction_id#2500L), (transaction_id#2500L < 12500000000), isnotnull(merchant_id#2503L), isnotnull(merchant_category#2507)","",false
1,11,457,"Parquet",0,0,0,0,"InMemoryFileIndex(1 paths)[s3a://goes-se-sandbox/data/warehouse/tablespace/external/hive/demo_pauldefusco.db/trs_v25]","IsNotNull(transaction_id), IsNotNull(fraud_flag), LessThan(transaction_id,12500000000), EqualTo(fraud_flag,1), IsNotNull(merchant_category)","transaction_id:bigint,customer_id:bigint,account_id:bigint,merchant_id:bigint,branch_id:bigint,transaction_date:date,merchant_category:string,transaction_amount:double,fraud_flag:int","isnotnull(transaction_id#3775L), isnotnull(fraud_flag#3787), (transaction_id#3775L < 12500000000), (fraud_flag#3787 = 1), isnotnull(merchant_category#3782)","",false
1,11,48,"Parquet",0,0,0,0,"InMemoryFileIndex(1 paths)[s3a://goes-se-sandbox/data/warehouse/tablespace/external/hive/demo_pauldefusco.db/trs_v25]","IsNotNull(transaction_id), LessThan(transaction_id,12500000000)","transaction_id:bigint,customer_id:bigint,account_id:bigint,merchant_id:bigint,branch_id:bigint,transaction_date:date,merchant_category:string,transaction_amount:double,payment_channel:string,payment_type:string,device_type:string,fraud_flag:int","isnotnull(transaction_id#0L), (transaction_id#0L < 12500000000)","",false
1,11,167,"Parquet",0,0,0,0,"InMemoryFileIndex(1 paths)[s3a://goes-se-sandbox/data/warehouse/tablespace/external/hive/demo_pauldefusco.db/trs_v25]","IsNotNull(transaction_id), LessThan(transaction_id,12500000000), IsNotNull(customer_id)","transaction_id:bigint,customer_id:bigint,account_id:bigint,merchant_id:bigint,branch_id:bigint,transaction_date:date,transaction_amount:double,fraud_flag:int","isnotnull(transaction_id#2183L), (transaction_id#2183L < 12500000000), isnotnull(customer_id#2184L)","",false
1,11,217,"Parquet",0,0,0,0,"InMemoryFileIndex(1 paths)[s3a://goes-se-sandbox/data/warehouse/tablespace/external/hive/demo_pauldefusco.db/trs_v25]","IsNotNull(transaction_id), LessThan(transaction_id,12500000000), IsNotNull(account_id)","transaction_id:bigint,customer_id:bigint,account_id:bigint,merchant_id:bigint,branch_id:bigint,transaction_date:date,transaction_amount:double,fraud_flag:int","isnotnull(transaction_id#2307L), (transaction_id#2307L < 12500000000), isnotnull(account_id#2309L)","",false
1,11,419,"Parquet",0,0,0,0,"InMemoryFileIndex(1 paths)[s3a://goes-se-sandbox/data/warehouse/tablespace/external/hive/demo_pauldefusco.db/trs_v25]","IsNotNull(transaction_id), LessThan(transaction_id,12500000000)","transaction_id:bigint,customer_id:bigint,account_id:bigint,merchant_id:bigint,branch_id:bigint,transaction_date:date,transaction_amount:double,fraud_flag:int","isnotnull(transaction_id#3642L), (transaction_id#3642L < 12500000000)","",false
1,11,338,"Parquet",0,0,0,0,"InMemoryFileIndex(1 paths)[s3a://goes-se-sandbox/data/warehouse/tablespace/external/hive/demo_pauldefusco.db/trs_v25]","IsNotNull(transaction_id), LessThan(transaction_id,12500000000), IsNotNull(payment_channel), IsNotNull(payment_type), IsNotNull(device_type)","transaction_id:bigint,customer_id:bigint,account_id:bigint,merchant_id:bigint,branch_id:bigint,transaction_date:date,transaction_amount:double,payment_channel:string,payment_type:string,device_type:string,fraud_flag:int","isnotnull(transaction_id#3237L), (transaction_id#3237L < 12500000000), isnotnull(payment_channel#3246), isnotnull(payment_type#3247), isnotnull(device_type#3248)","",false
1,12,270,"Parquet",0,0,0,0,"InMemoryFileIndex(1 paths)[s3a://goes-se-sandbox/data/warehouse/tablespace/external/hive/demo_pauldefusco.db/accounts_skewed]","IsNotNull(account_id)","account_id:bigint","isnotnull(account_id#2948L)","",false
1,12,123,"Parquet",0,0,0,0,"InMemoryFileIndex(1 paths)[s3a://goes-se-sandbox/data/warehouse/tablespace/external/hive/demo_pauldefusco.db/accounts_skewed]","IsNotNull(account_id), IsNotNull(account_type)","account_id:bigint,account_type:string,account_status:string","isnotnull(account_id#2676L), isnotnull(account_type#2677)","",false
1,12,61,"Parquet",0,0,0,0,"InMemoryFileIndex(1 paths)[s3a://goes-se-sandbox/data/warehouse/tablespace/external/hive/demo_pauldefusco.db/accounts_skewed]","IsNotNull(account_id)","account_id:bigint,account_type:string,account_status:string,current_balance:double,credit_limit:double,interest_rate:double","isnotnull(account_id#52L)","",false
1,12,229,"Parquet",0,0,0,0,"InMemoryFileIndex(1 paths)[s3a://goes-se-sandbox/data/warehouse/tablespace/external/hive/demo_pauldefusco.db/accounts_skewed]","IsNotNull(account_id), IsNotNull(account_type), IsNotNull(account_status)","account_id:bigint,account_type:string,account_status:string,current_balance:double,credit_limit:double,interest_rate:double","isnotnull(account_id#2333L), isnotnull(account_type#2334), isnotnull(account_status#2336)","",false
1,12,180,"Parquet",0,0,0,0,"InMemoryFileIndex(1 paths)[s3a://goes-se-sandbox/data/warehouse/tablespace/external/hive/demo_pauldefusco.db/accounts_skewed]","IsNotNull(account_id)","account_id:bigint,current_balance:double,interest_rate:double","isnotnull(account_id#2209L)","",false
1,12,133,"Parquet",0,0,0,0,"InMemoryFileIndex(1 paths)[s3a://goes-se-sandbox/data/warehouse/tablespace/external/hive/demo_pauldefusco.db/branches_skewed]","IsNotNull(branch_id)","branch_id:bigint","isnotnull(branch_id#2695L)","",false
1,12,71,"Parquet",0,0,0,0,"InMemoryFileIndex(1 paths)[s3a://goes-se-sandbox/data/warehouse/tablespace/external/hive/demo_pauldefusco.db/branches_skewed]","IsNotNull(branch_id)","branch_id:bigint,region:string,branch_type:string","isnotnull(branch_id#91L)","",false
1,12,394,"Parquet",0,0,0,0,"InMemoryFileIndex(1 paths)[s3a://goes-se-sandbox/data/warehouse/tablespace/external/hive/demo_pauldefusco.db/branches_skewed]","IsNotNull(branch_id), IsNotNull(region), IsNotNull(branch_type)","branch_id:bigint,region:string,branch_type:string","isnotnull(branch_id#4015L), isnotnull(region#4018), isnotnull(branch_type#4019)","",false
1,12,435,"Parquet",0,0,0,0,"InMemoryFileIndex(1 paths)[s3a://goes-se-sandbox/data/warehouse/tablespace/external/hive/demo_pauldefusco.db/branches_skewed]","IsNotNull(branch_id), IsNotNull(region), IsNotNull(branch_type)","branch_id:bigint,region:string,branch_type:string,assets_under_management:double,annual_operating_cost:double","isnotnull(branch_id#3687L), isnotnull(region#3690), isnotnull(branch_type#3691)","",false
1,12,138,"Parquet",0,0,0,0,"InMemoryFileIndex(1 paths)[s3a://goes-se-sandbox/data/warehouse/tablespace/external/hive/demo_pauldefusco.db/calendar]","IsNotNull(calendar_date), IsNotNull(year), IsNotNull(month)","calendar_date:date,year:int,month:int","isnotnull(calendar_date#2706), isnotnull(year#2708), isnotnull(month#2710)","",false
1,12,190,"Parquet",0,0,0,0,"InMemoryFileIndex(1 paths)[s3a://goes-se-sandbox/data/warehouse/tablespace/external/hive/demo_pauldefusco.db/calendar]","IsNotNull(calendar_date), IsNotNull(year), IsNotNull(month)","calendar_date:date,year:int,month:int,is_weekend:boolean","isnotnull(calendar_date#2239), isnotnull(year#2241), isnotnull(month#2243)","",false
1,12,280,"Parquet",0,0,0,0,"InMemoryFileIndex(1 paths)[s3a://goes-se-sandbox/data/warehouse/tablespace/external/hive/demo_pauldefusco.db/calendar]","IsNotNull(calendar_date), IsNotNull(year), IsNotNull(quarter)","calendar_date:date,year:int,quarter:int","isnotnull(calendar_date#2978), isnotnull(year#2980), isnotnull(quarter#2981)","",false
1,12,318,"Parquet",0,0,0,0,"InMemoryFileIndex(1 paths)[s3a://goes-se-sandbox/data/warehouse/tablespace/external/hive/demo_pauldefusco.db/calendar]","IsNotNull(calendar_date), IsNotNull(year), IsNotNull(quarter)","calendar_date:date,year:int,quarter:int,is_weekend:boolean","isnotnull(calendar_date#2556), isnotnull(year#2558), isnotnull(quarter#2559)","",false
1,12,76,"Parquet",0,0,0,0,"InMemoryFileIndex(1 paths)[s3a://goes-se-sandbox/data/warehouse/tablespace/external/hive/demo_pauldefusco.db/calendar]","IsNotNull(calendar_date)","calendar_date:date,year:int,quarter:int,month:int,is_weekend:boolean","isnotnull(calendar_date#113)","",false
1,12,263,"Parquet",0,0,0,0,"InMemoryFileIndex(1 paths)[s3a://goes-se-sandbox/data/warehouse/tablespace/external/hive/demo_pauldefusco.db/customers_skewed]","IsNotNull(customer_id)","customer_id:bigint","isnotnull(customer_id#2937L)","",false
1,12,222,"Parquet",0,0,0,0,"InMemoryFileIndex(1 paths)[s3a://goes-se-sandbox/data/warehouse/tablespace/external/hive/demo_pauldefusco.db/customers_skewed]","IsNotNull(customer_id)","customer_id:bigint,credit_score:int","isnotnull(customer_id#2322L)","",false
1,12,429,"Parquet",0,0,0,0,"InMemoryFileIndex(1 paths)[s3a://goes-se-sandbox/data/warehouse/tablespace/external/hive/demo_pauldefusco.db/customers_skewed]","IsNotNull(customer_id), IsNotNull(customer_segment), IsNotNull(income_band)","customer_id:bigint,credit_score:int,income_band:string,customer_segment:string","isnotnull(customer_id#3657L), isnotnull(customer_segment#3664), isnotnull(income_band#3662)","",false
1,12,174,"Parquet",0,0,0,0,"InMemoryFileIndex(1 paths)[s3a://goes-se-sandbox/data/warehouse/tablespace/external/hive/demo_pauldefusco.db/customers_skewed]","IsNotNull(customer_id), IsNotNull(customer_segment), IsNotNull(income_band), IsNotNull(risk_rating)","customer_id:bigint,credit_score:int,income_band:string,customer_segment:string,risk_rating:string","isnotnull(customer_id#2198L), isnotnull(customer_segment#2205), isnotnull(income_band#2203), isnotnull(risk_rating#2207)","",false
1,12,55,"Parquet",0,0,0,0,"InMemoryFileIndex(1 paths)[s3a://goes-se-sandbox/data/warehouse/tablespace/external/hive/demo_pauldefusco.db/customers_skewed]","IsNotNull(customer_id)","customer_id:bigint,credit_score:int,income_band:string,estimated_income:double,customer_segment:string,risk_rating:string","isnotnull(customer_id#31L)","",false
1,12,383,"Parquet",0,0,0,0,"InMemoryFileIndex(1 paths)[s3a://goes-se-sandbox/data/warehouse/tablespace/external/hive/demo_pauldefusco.db/customers_skewed]","IsNotNull(customer_id), IsNotNull(customer_segment), IsNotNull(income_band)","customer_id:bigint,income_band:string,customer_segment:string","isnotnull(customer_id#3985L), isnotnull(customer_segment#3992), isnotnull(income_band#3990)","",false
1,12,117,"Parquet",0,0,0,0,"InMemoryFileIndex(1 paths)[s3a://goes-se-sandbox/data/warehouse/tablespace/external/hive/demo_pauldefusco.db/customers_skewed]","IsNotNull(customer_id), IsNotNull(customer_segment), IsNotNull(income_band), IsNotNull(risk_rating)","customer_id:bigint,income_band:string,customer_segment:string,risk_rating:string","isnotnull(customer_id#2665L), isnotnull(customer_segment#2672), isnotnull(income_band#2670), isnotnull(risk_rating#2674)","",false
1,12,128,"Parquet",0,0,0,0,"InMemoryFileIndex(1 paths)[s3a://goes-se-sandbox/data/warehouse/tablespace/external/hive/demo_pauldefusco.db/merchants_skewed]","IsNotNull(merchant_id)","merchant_id:bigint","isnotnull(merchant_id#2685L)","",false
1,12,389,"Parquet",0,0,0,0,"InMemoryFileIndex(1 paths)[s3a://goes-se-sandbox/data/warehouse/tablespace/external/hive/demo_pauldefusco.db/merchants_skewed]","IsNotNull(merchant_id), IsNotNull(region)","merchant_id:bigint,region:string","isnotnull(merchant_id#4005L), isnotnull(region#4007)","",false
1,12,467,"Parquet",0,0,0,0,"InMemoryFileIndex(1 paths)[s3a://goes-se-sandbox/data/warehouse/tablespace/external/hive/demo_pauldefusco.db/merchants_skewed]","IsNotNull(merchant_id), IsNotNull(region)","merchant_id:bigint,region:string,risk_level:string","isnotnull(merchant_id#3810L), isnotnull(region#3812)","",false
1,12,313,"Parquet",0,0,0,0,"InMemoryFileIndex(1 paths)[s3a://goes-se-sandbox/data/warehouse/tablespace/external/hive/demo_pauldefusco.db/merchants_skewed]","IsNotNull(merchant_id), IsNotNull(region), IsNotNull(risk_level), IsNotNull(merchant_size)","merchant_id:bigint,region:string,risk_level:string,annual_revenue:double,merchant_size:string","isnotnull(merchant_id#2535L), isnotnull(region#2537), isnotnull(risk_level#2540), isnotnull(merchant_size#2542)","",false
1,12,66,"Parquet",0,0,0,0,"InMemoryFileIndex(1 paths)[s3a://goes-se-sandbox/data/warehouse/tablespace/external/hive/demo_pauldefusco.db/merchants_skewed]","IsNotNull(merchant_id)","merchant_id:bigint,region:string,risk_level:string,merchant_size:string","isnotnull(merchant_id#71L)","",false
1,12,275,"Parquet",0,0,0,0,"InMemoryFileIndex(1 paths)[s3a://goes-se-sandbox/data/warehouse/tablespace/external/hive/demo_pauldefusco.db/merchants_skewed]","IsNotNull(merchant_id), IsNotNull(region)","merchant_id:bigint,region:string,risk_level:string,merchant_size:string","isnotnull(merchant_id#2957L), isnotnull(region#2959)","",false
1,12,185,"Parquet",0,0,0,0,"InMemoryFileIndex(1 paths)[s3a://goes-se-sandbox/data/warehouse/tablespace/external/hive/demo_pauldefusco.db/merchants_skewed]","IsNotNull(merchant_id)","merchant_id:bigint,risk_level:string","isnotnull(merchant_id#2218L)","",false
1,12,110,"Parquet",0,0,0,0,"InMemoryFileIndex(1 paths)[s3a://goes-se-sandbox/data/warehouse/tablespace/external/hive/demo_pauldefusco.db/trs_v25]","IsNotNull(transaction_id), LessThan(transaction_id,12500000000), IsNotNull(customer_id), IsNotNull(account_id)","transaction_id:bigint,customer_id:bigint,account_id:bigint,merchant_id:bigint,branch_id:bigint,transaction_date:date","isnotnull(transaction_id#2650L), (transaction_id#2650L < 12500000000), isnotnull(customer_id#2651L), isnotnull(account_id#2652L)","",false
1,12,258,"Parquet",0,0,0,0,"InMemoryFileIndex(1 paths)[s3a://goes-se-sandbox/data/warehouse/tablespace/external/hive/demo_pauldefusco.db/trs_v25]","IsNotNull(transaction_id), LessThan(transaction_id,12500000000), IsNotNull(customer_id), IsNotNull(merchant_id), IsNotNull(merchant_category)","transaction_id:bigint,customer_id:bigint,account_id:bigint,merchant_id:bigint,branch_id:bigint,transaction_date:date,merchant_category:string","isnotnull(transaction_id#2922L), (transaction_id#2922L < 12500000000), isnotnull(customer_id#2923L), isnotnull(merchant_id#2925L), isnotnull(merchant_category#2929)","",false
1,12,376,"Parquet",0,0,0,0,"InMemoryFileIndex(1 paths)[s3a://goes-se-sandbox/data/warehouse/tablespace/external/hive/demo_pauldefusco.db/trs_v25]","IsNotNull(transaction_id), LessThan(transaction_id,12500000000), IsNotNull(merchant_category)","transaction_id:bigint,customer_id:bigint,account_id:bigint,merchant_id:bigint,branch_id:bigint,transaction_date:date,merchant_category:string","isnotnull(transaction_id#3970L), (transaction_id#3970L < 12500000000), isnotnull(merchant_category#3977)","",false
1,12,306,"Parquet",0,0,0,0,"InMemoryFileIndex(1 paths)[s3a://goes-se-sandbox/data/warehouse/tablespace/external/hive/demo_pauldefusco.db/trs_v25]","IsNotNull(transaction_id), LessThan(transaction_id,12500000000), IsNotNull(merchant_id), IsNotNull(merchant_category)","transaction_id:bigint,customer_id:bigint,account_id:bigint,merchant_id:bigint,branch_id:bigint,transaction_date:date,merchant_category:string,transaction_amount:double,fraud_flag:int","isnotnull(transaction_id#2500L), (transaction_id#2500L < 12500000000), isnotnull(merchant_id#2503L), isnotnull(merchant_category#2507)","",false
1,12,460,"Parquet",0,0,0,0,"InMemoryFileIndex(1 paths)[s3a://goes-se-sandbox/data/warehouse/tablespace/external/hive/demo_pauldefusco.db/trs_v25]","IsNotNull(transaction_id), IsNotNull(fraud_flag), LessThan(transaction_id,12500000000), EqualTo(fraud_flag,1), IsNotNull(merchant_category)","transaction_id:bigint,customer_id:bigint,account_id:bigint,merchant_id:bigint,branch_id:bigint,transaction_date:date,merchant_category:string,transaction_amount:double,fraud_flag:int","isnotnull(transaction_id#3775L), isnotnull(fraud_flag#3787), (transaction_id#3775L < 12500000000), (fraud_flag#3787 = 1), isnotnull(merchant_category#3782)","",false
1,12,48,"Parquet",0,0,0,0,"InMemoryFileIndex(1 paths)[s3a://goes-se-sandbox/data/warehouse/tablespace/external/hive/demo_pauldefusco.db/trs_v25]","IsNotNull(transaction_id), LessThan(transaction_id,12500000000)","transaction_id:bigint,customer_id:bigint,account_id:bigint,merchant_id:bigint,branch_id:bigint,transaction_date:date,merchant_category:string,transaction_amount:double,payment_channel:string,payment_type:string,device_type:string,fraud_flag:int","isnotnull(transaction_id#0L), (transaction_id#0L < 12500000000)","",false
1,12,167,"Parquet",0,0,0,0,"InMemoryFileIndex(1 paths)[s3a://goes-se-sandbox/data/warehouse/tablespace/external/hive/demo_pauldefusco.db/trs_v25]","IsNotNull(transaction_id), LessThan(transaction_id,12500000000), IsNotNull(customer_id)","transaction_id:bigint,customer_id:bigint,account_id:bigint,merchant_id:bigint,branch_id:bigint,transaction_date:date,transaction_amount:double,fraud_flag:int","isnotnull(transaction_id#2183L), (transaction_id#2183L < 12500000000), isnotnull(customer_id#2184L)","",false
1,12,217,"Parquet",0,0,0,0,"InMemoryFileIndex(1 paths)[s3a://goes-se-sandbox/data/warehouse/tablespace/external/hive/demo_pauldefusco.db/trs_v25]","IsNotNull(transaction_id), LessThan(transaction_id,12500000000), IsNotNull(account_id)","transaction_id:bigint,customer_id:bigint,account_id:bigint,merchant_id:bigint,branch_id:bigint,transaction_date:date,transaction_amount:double,fraud_flag:int","isnotnull(transaction_id#2307L), (transaction_id#2307L < 12500000000), isnotnull(account_id#2309L)","",false
1,12,422,"Parquet",0,0,0,0,"InMemoryFileIndex(1 paths)[s3a://goes-se-sandbox/data/warehouse/tablespace/external/hive/demo_pauldefusco.db/trs_v25]","IsNotNull(transaction_id), LessThan(transaction_id,12500000000)","transaction_id:bigint,customer_id:bigint,account_id:bigint,merchant_id:bigint,branch_id:bigint,transaction_date:date,transaction_amount:double,fraud_flag:int","isnotnull(transaction_id#3642L), (transaction_id#3642L < 12500000000)","",false
1,12,341,"Parquet",0,0,0,0,"InMemoryFileIndex(1 paths)[s3a://goes-se-sandbox/data/warehouse/tablespace/external/hive/demo_pauldefusco.db/trs_v25]","IsNotNull(transaction_id), LessThan(transaction_id,12500000000), IsNotNull(payment_channel), IsNotNull(payment_type), IsNotNull(device_type)","transaction_id:bigint,customer_id:bigint,account_id:bigint,merchant_id:bigint,branch_id:bigint,transaction_date:date,transaction_amount:double,payment_channel:string,payment_type:string,device_type:string,fraud_flag:int","isnotnull(transaction_id#3237L), (transaction_id#3237L < 12500000000), isnotnull(payment_channel#3246), isnotnull(payment_type#3247), isnotnull(device_type#3248)","",false
1,13,273,"Parquet",0,0,0,0,"InMemoryFileIndex(1 paths)[s3a://goes-se-sandbox/data/warehouse/tablespace/external/hive/demo_pauldefusco.db/accounts_skewed]","IsNotNull(account_id)","account_id:bigint","isnotnull(account_id#2948L)","",false
1,13,126,"Parquet",0,0,0,0,"InMemoryFileIndex(1 paths)[s3a://goes-se-sandbox/data/warehouse/tablespace/external/hive/demo_pauldefusco.db/accounts_skewed]","IsNotNull(account_id), IsNotNull(account_type)","account_id:bigint,account_type:string,account_status:string","isnotnull(account_id#2676L), isnotnull(account_type#2677)","",false
1,13,61,"Parquet",0,0,0,0,"InMemoryFileIndex(1 paths)[s3a://goes-se-sandbox/data/warehouse/tablespace/external/hive/demo_pauldefusco.db/accounts_skewed]","IsNotNull(account_id)","account_id:bigint,account_type:string,account_status:string,current_balance:double,credit_limit:double,interest_rate:double","isnotnull(account_id#52L)","",false
1,13,232,"Parquet",0,0,0,0,"InMemoryFileIndex(1 paths)[s3a://goes-se-sandbox/data/warehouse/tablespace/external/hive/demo_pauldefusco.db/accounts_skewed]","IsNotNull(account_id), IsNotNull(account_type), IsNotNull(account_status)","account_id:bigint,account_type:string,account_status:string,current_balance:double,credit_limit:double,interest_rate:double","isnotnull(account_id#2333L), isnotnull(account_type#2334), isnotnull(account_status#2336)","",false
1,13,183,"Parquet",0,0,0,0,"InMemoryFileIndex(1 paths)[s3a://goes-se-sandbox/data/warehouse/tablespace/external/hive/demo_pauldefusco.db/accounts_skewed]","IsNotNull(account_id)","account_id:bigint,current_balance:double,interest_rate:double","isnotnull(account_id#2209L)","",false
1,13,136,"Parquet",0,0,0,0,"InMemoryFileIndex(1 paths)[s3a://goes-se-sandbox/data/warehouse/tablespace/external/hive/demo_pauldefusco.db/branches_skewed]","IsNotNull(branch_id)","branch_id:bigint","isnotnull(branch_id#2695L)","",false
1,13,71,"Parquet",0,0,0,0,"InMemoryFileIndex(1 paths)[s3a://goes-se-sandbox/data/warehouse/tablespace/external/hive/demo_pauldefusco.db/branches_skewed]","IsNotNull(branch_id)","branch_id:bigint,region:string,branch_type:string","isnotnull(branch_id#91L)","",false
1,13,397,"Parquet",0,0,0,0,"InMemoryFileIndex(1 paths)[s3a://goes-se-sandbox/data/warehouse/tablespace/external/hive/demo_pauldefusco.db/branches_skewed]","IsNotNull(branch_id), IsNotNull(region), IsNotNull(branch_type)","branch_id:bigint,region:string,branch_type:string","isnotnull(branch_id#4015L), isnotnull(region#4018), isnotnull(branch_type#4019)","",false
1,13,438,"Parquet",0,0,0,0,"InMemoryFileIndex(1 paths)[s3a://goes-se-sandbox/data/warehouse/tablespace/external/hive/demo_pauldefusco.db/branches_skewed]","IsNotNull(branch_id), IsNotNull(region), IsNotNull(branch_type)","branch_id:bigint,region:string,branch_type:string,assets_under_management:double,annual_operating_cost:double","isnotnull(branch_id#3687L), isnotnull(region#3690), isnotnull(branch_type#3691)","",false
1,13,141,"Parquet",0,0,0,0,"InMemoryFileIndex(1 paths)[s3a://goes-se-sandbox/data/warehouse/tablespace/external/hive/demo_pauldefusco.db/calendar]","IsNotNull(calendar_date), IsNotNull(year), IsNotNull(month)","calendar_date:date,year:int,month:int","isnotnull(calendar_date#2706), isnotnull(year#2708), isnotnull(month#2710)","",false
1,13,193,"Parquet",0,0,0,0,"InMemoryFileIndex(1 paths)[s3a://goes-se-sandbox/data/warehouse/tablespace/external/hive/demo_pauldefusco.db/calendar]","IsNotNull(calendar_date), IsNotNull(year), IsNotNull(month)","calendar_date:date,year:int,month:int,is_weekend:boolean","isnotnull(calendar_date#2239), isnotnull(year#2241), isnotnull(month#2243)","",false
1,13,283,"Parquet",0,0,0,0,"InMemoryFileIndex(1 paths)[s3a://goes-se-sandbox/data/warehouse/tablespace/external/hive/demo_pauldefusco.db/calendar]","IsNotNull(calendar_date), IsNotNull(year), IsNotNull(quarter)","calendar_date:date,year:int,quarter:int","isnotnull(calendar_date#2978), isnotnull(year#2980), isnotnull(quarter#2981)","",false
1,13,321,"Parquet",0,0,0,0,"InMemoryFileIndex(1 paths)[s3a://goes-se-sandbox/data/warehouse/tablespace/external/hive/demo_pauldefusco.db/calendar]","IsNotNull(calendar_date), IsNotNull(year), IsNotNull(quarter)","calendar_date:date,year:int,quarter:int,is_weekend:boolean","isnotnull(calendar_date#2556), isnotnull(year#2558), isnotnull(quarter#2559)","",false
1,13,76,"Parquet",0,0,0,0,"InMemoryFileIndex(1 paths)[s3a://goes-se-sandbox/data/warehouse/tablespace/external/hive/demo_pauldefusco.db/calendar]","IsNotNull(calendar_date)","calendar_date:date,year:int,quarter:int,month:int,is_weekend:boolean","isnotnull(calendar_date#113)","",false
1,13,266,"Parquet",0,0,0,0,"InMemoryFileIndex(1 paths)[s3a://goes-se-sandbox/data/warehouse/tablespace/external/hive/demo_pauldefusco.db/customers_skewed]","IsNotNull(customer_id)","customer_id:bigint","isnotnull(customer_id#2937L)","",false
1,13,225,"Parquet",0,0,0,0,"InMemoryFileIndex(1 paths)[s3a://goes-se-sandbox/data/warehouse/tablespace/external/hive/demo_pauldefusco.db/customers_skewed]","IsNotNull(customer_id)","customer_id:bigint,credit_score:int","isnotnull(customer_id#2322L)","",false
1,13,432,"Parquet",0,0,0,0,"InMemoryFileIndex(1 paths)[s3a://goes-se-sandbox/data/warehouse/tablespace/external/hive/demo_pauldefusco.db/customers_skewed]","IsNotNull(customer_id), IsNotNull(customer_segment), IsNotNull(income_band)","customer_id:bigint,credit_score:int,income_band:string,customer_segment:string","isnotnull(customer_id#3657L), isnotnull(customer_segment#3664), isnotnull(income_band#3662)","",false
1,13,177,"Parquet",0,0,0,0,"InMemoryFileIndex(1 paths)[s3a://goes-se-sandbox/data/warehouse/tablespace/external/hive/demo_pauldefusco.db/customers_skewed]","IsNotNull(customer_id), IsNotNull(customer_segment), IsNotNull(income_band), IsNotNull(risk_rating)","customer_id:bigint,credit_score:int,income_band:string,customer_segment:string,risk_rating:string","isnotnull(customer_id#2198L), isnotnull(customer_segment#2205), isnotnull(income_band#2203), isnotnull(risk_rating#2207)","",false
1,13,55,"Parquet",0,0,0,0,"InMemoryFileIndex(1 paths)[s3a://goes-se-sandbox/data/warehouse/tablespace/external/hive/demo_pauldefusco.db/customers_skewed]","IsNotNull(customer_id)","customer_id:bigint,credit_score:int,income_band:string,estimated_income:double,customer_segment:string,risk_rating:string","isnotnull(customer_id#31L)","",false
1,13,386,"Parquet",0,0,0,0,"InMemoryFileIndex(1 paths)[s3a://goes-se-sandbox/data/warehouse/tablespace/external/hive/demo_pauldefusco.db/customers_skewed]","IsNotNull(customer_id), IsNotNull(customer_segment), IsNotNull(income_band)","customer_id:bigint,income_band:string,customer_segment:string","isnotnull(customer_id#3985L), isnotnull(customer_segment#3992), isnotnull(income_band#3990)","",false
1,13,119,"Parquet",0,0,0,0,"InMemoryFileIndex(1 paths)[s3a://goes-se-sandbox/data/warehouse/tablespace/external/hive/demo_pauldefusco.db/customers_skewed]","IsNotNull(customer_id), IsNotNull(customer_segment), IsNotNull(income_band), IsNotNull(risk_rating)","customer_id:bigint,income_band:string,customer_segment:string,risk_rating:string","isnotnull(customer_id#2665L), isnotnull(customer_segment#2672), isnotnull(income_band#2670), isnotnull(risk_rating#2674)","",false
1,13,131,"Parquet",0,0,0,0,"InMemoryFileIndex(1 paths)[s3a://goes-se-sandbox/data/warehouse/tablespace/external/hive/demo_pauldefusco.db/merchants_skewed]","IsNotNull(merchant_id)","merchant_id:bigint","isnotnull(merchant_id#2685L)","",false
1,13,392,"Parquet",0,0,0,0,"InMemoryFileIndex(1 paths)[s3a://goes-se-sandbox/data/warehouse/tablespace/external/hive/demo_pauldefusco.db/merchants_skewed]","IsNotNull(merchant_id), IsNotNull(region)","merchant_id:bigint,region:string","isnotnull(merchant_id#4005L), isnotnull(region#4007)","",false
1,13,470,"Parquet",0,0,0,0,"InMemoryFileIndex(1 paths)[s3a://goes-se-sandbox/data/warehouse/tablespace/external/hive/demo_pauldefusco.db/merchants_skewed]","IsNotNull(merchant_id), IsNotNull(region)","merchant_id:bigint,region:string,risk_level:string","isnotnull(merchant_id#3810L), isnotnull(region#3812)","",false
1,13,316,"Parquet",0,0,0,0,"InMemoryFileIndex(1 paths)[s3a://goes-se-sandbox/data/warehouse/tablespace/external/hive/demo_pauldefusco.db/merchants_skewed]","IsNotNull(merchant_id), IsNotNull(region), IsNotNull(risk_level), IsNotNull(merchant_size)","merchant_id:bigint,region:string,risk_level:string,annual_revenue:double,merchant_size:string","isnotnull(merchant_id#2535L), isnotnull(region#2537), isnotnull(risk_level#2540), isnotnull(merchant_size#2542)","",false
1,13,66,"Parquet",0,0,0,0,"InMemoryFileIndex(1 paths)[s3a://goes-se-sandbox/data/warehouse/tablespace/external/hive/demo_pauldefusco.db/merchants_skewed]","IsNotNull(merchant_id)","merchant_id:bigint,region:string,risk_level:string,merchant_size:string","isnotnull(merchant_id#71L)","",false
1,13,278,"Parquet",0,0,0,0,"InMemoryFileIndex(1 paths)[s3a://goes-se-sandbox/data/warehouse/tablespace/external/hive/demo_pauldefusco.db/merchants_skewed]","IsNotNull(merchant_id), IsNotNull(region)","merchant_id:bigint,region:string,risk_level:string,merchant_size:string","isnotnull(merchant_id#2957L), isnotnull(region#2959)","",false
1,13,188,"Parquet",0,0,0,0,"InMemoryFileIndex(1 paths)[s3a://goes-se-sandbox/data/warehouse/tablespace/external/hive/demo_pauldefusco.db/merchants_skewed]","IsNotNull(merchant_id)","merchant_id:bigint,risk_level:string","isnotnull(merchant_id#2218L)","",false
1,13,112,"Parquet",0,0,0,0,"InMemoryFileIndex(1 paths)[s3a://goes-se-sandbox/data/warehouse/tablespace/external/hive/demo_pauldefusco.db/trs_v25]","IsNotNull(transaction_id), LessThan(transaction_id,12500000000), IsNotNull(customer_id), IsNotNull(account_id)","transaction_id:bigint,customer_id:bigint,account_id:bigint,merchant_id:bigint,branch_id:bigint,transaction_date:date","isnotnull(transaction_id#2650L), (transaction_id#2650L < 12500000000), isnotnull(customer_id#2651L), isnotnull(account_id#2652L)","",false
1,13,261,"Parquet",0,0,0,0,"InMemoryFileIndex(1 paths)[s3a://goes-se-sandbox/data/warehouse/tablespace/external/hive/demo_pauldefusco.db/trs_v25]","IsNotNull(transaction_id), LessThan(transaction_id,12500000000), IsNotNull(customer_id), IsNotNull(merchant_id), IsNotNull(merchant_category)","transaction_id:bigint,customer_id:bigint,account_id:bigint,merchant_id:bigint,branch_id:bigint,transaction_date:date,merchant_category:string","isnotnull(transaction_id#2922L), (transaction_id#2922L < 12500000000), isnotnull(customer_id#2923L), isnotnull(merchant_id#2925L), isnotnull(merchant_category#2929)","",false
1,13,379,"Parquet",0,0,0,0,"InMemoryFileIndex(1 paths)[s3a://goes-se-sandbox/data/warehouse/tablespace/external/hive/demo_pauldefusco.db/trs_v25]","IsNotNull(transaction_id), LessThan(transaction_id,12500000000), IsNotNull(merchant_category)","transaction_id:bigint,customer_id:bigint,account_id:bigint,merchant_id:bigint,branch_id:bigint,transaction_date:date,merchant_category:string","isnotnull(transaction_id#3970L), (transaction_id#3970L < 12500000000), isnotnull(merchant_category#3977)","",false
1,13,309,"Parquet",0,0,0,0,"InMemoryFileIndex(1 paths)[s3a://goes-se-sandbox/data/warehouse/tablespace/external/hive/demo_pauldefusco.db/trs_v25]","IsNotNull(transaction_id), LessThan(transaction_id,12500000000), IsNotNull(merchant_id), IsNotNull(merchant_category)","transaction_id:bigint,customer_id:bigint,account_id:bigint,merchant_id:bigint,branch_id:bigint,transaction_date:date,merchant_category:string,transaction_amount:double,fraud_flag:int","isnotnull(transaction_id#2500L), (transaction_id#2500L < 12500000000), isnotnull(merchant_id#2503L), isnotnull(merchant_category#2507)","",false
1,13,463,"Parquet",0,0,0,0,"InMemoryFileIndex(1 paths)[s3a://goes-se-sandbox/data/warehouse/tablespace/external/hive/demo_pauldefusco.db/trs_v25]","IsNotNull(transaction_id), IsNotNull(fraud_flag), LessThan(transaction_id,12500000000), EqualTo(fraud_flag,1), IsNotNull(merchant_category)","transaction_id:bigint,customer_id:bigint,account_id:bigint,merchant_id:bigint,branch_id:bigint,transaction_date:date,merchant_category:string,transaction_amount:double,fraud_flag:int","isnotnull(transaction_id#3775L), isnotnull(fraud_flag#3787), (transaction_id#3775L < 12500000000), (fraud_flag#3787 = 1), isnotnull(merchant_category#3782)","",false
1,13,48,"Parquet",0,0,0,0,"InMemoryFileIndex(1 paths)[s3a://goes-se-sandbox/data/warehouse/tablespace/external/hive/demo_pauldefusco.db/trs_v25]","IsNotNull(transaction_id), LessThan(transaction_id,12500000000)","transaction_id:bigint,customer_id:bigint,account_id:bigint,merchant_id:bigint,branch_id:bigint,transaction_date:date,merchant_category:string,transaction_amount:double,payment_channel:string,payment_type:string,device_type:string,fraud_flag:int","isnotnull(transaction_id#0L), (transaction_id#0L < 12500000000)","",false
1,13,170,"Parquet",0,0,0,0,"InMemoryFileIndex(1 paths)[s3a://goes-se-sandbox/data/warehouse/tablespace/external/hive/demo_pauldefusco.db/trs_v25]","IsNotNull(transaction_id), LessThan(transaction_id,12500000000), IsNotNull(customer_id)","transaction_id:bigint,customer_id:bigint,account_id:bigint,merchant_id:bigint,branch_id:bigint,transaction_date:date,transaction_amount:double,fraud_flag:int","isnotnull(transaction_id#2183L), (transaction_id#2183L < 12500000000), isnotnull(customer_id#2184L)","",false
1,13,220,"Parquet",0,0,0,0,"InMemoryFileIndex(1 paths)[s3a://goes-se-sandbox/data/warehouse/tablespace/external/hive/demo_pauldefusco.db/trs_v25]","IsNotNull(transaction_id), LessThan(transaction_id,12500000000), IsNotNull(account_id)","transaction_id:bigint,customer_id:bigint,account_id:bigint,merchant_id:bigint,branch_id:bigint,transaction_date:date,transaction_amount:double,fraud_flag:int","isnotnull(transaction_id#2307L), (transaction_id#2307L < 12500000000), isnotnull(account_id#2309L)","",false
1,13,425,"Parquet",0,0,0,0,"InMemoryFileIndex(1 paths)[s3a://goes-se-sandbox/data/warehouse/tablespace/external/hive/demo_pauldefusco.db/trs_v25]","IsNotNull(transaction_id), LessThan(transaction_id,12500000000)","transaction_id:bigint,customer_id:bigint,account_id:bigint,merchant_id:bigint,branch_id:bigint,transaction_date:date,transaction_amount:double,fraud_flag:int","isnotnull(transaction_id#3642L), (transaction_id#3642L < 12500000000)","",false
1,13,344,"Parquet",0,0,0,0,"InMemoryFileIndex(1 paths)[s3a://goes-se-sandbox/data/warehouse/tablespace/external/hive/demo_pauldefusco.db/trs_v25]","IsNotNull(transaction_id), LessThan(transaction_id,12500000000), IsNotNull(payment_channel), IsNotNull(payment_type), IsNotNull(device_type)","transaction_id:bigint,customer_id:bigint,account_id:bigint,merchant_id:bigint,branch_id:bigint,transaction_date:date,transaction_amount:double,payment_channel:string,payment_type:string,device_type:string,fraud_flag:int","isnotnull(transaction_id#3237L), (transaction_id#3237L < 12500000000), isnotnull(payment_channel#3246), isnotnull(payment_type#3247), isnotnull(device_type#3248)","",false
1,14,276,"Parquet",0,0,0,0,"InMemoryFileIndex(1 paths)[s3a://goes-se-sandbox/data/warehouse/tablespace/external/hive/demo_pauldefusco.db/accounts_skewed]","IsNotNull(account_id)","account_id:bigint","isnotnull(account_id#2948L)","",false
1,14,129,"Parquet",0,0,0,0,"InMemoryFileIndex(1 paths)[s3a://goes-se-sandbox/data/warehouse/tablespace/external/hive/demo_pauldefusco.db/accounts_skewed]","IsNotNull(account_id), IsNotNull(account_type)","account_id:bigint,account_type:string,account_status:string","isnotnull(account_id#2676L), isnotnull(account_type#2677)","",false
1,14,64,"Parquet",0,0,0,0,"InMemoryFileIndex(1 paths)[s3a://goes-se-sandbox/data/warehouse/tablespace/external/hive/demo_pauldefusco.db/accounts_skewed]","IsNotNull(account_id)","account_id:bigint,account_type:string,account_status:string,current_balance:double,credit_limit:double,interest_rate:double","isnotnull(account_id#52L)","",false
1,14,235,"Parquet",0,0,0,0,"InMemoryFileIndex(1 paths)[s3a://goes-se-sandbox/data/warehouse/tablespace/external/hive/demo_pauldefusco.db/accounts_skewed]","IsNotNull(account_id), IsNotNull(account_type), IsNotNull(account_status)","account_id:bigint,account_type:string,account_status:string,current_balance:double,credit_limit:double,interest_rate:double","isnotnull(account_id#2333L), isnotnull(account_type#2334), isnotnull(account_status#2336)","",false
1,14,186,"Parquet",0,0,0,0,"InMemoryFileIndex(1 paths)[s3a://goes-se-sandbox/data/warehouse/tablespace/external/hive/demo_pauldefusco.db/accounts_skewed]","IsNotNull(account_id)","account_id:bigint,current_balance:double,interest_rate:double","isnotnull(account_id#2209L)","",false
1,14,139,"Parquet",0,0,0,0,"InMemoryFileIndex(1 paths)[s3a://goes-se-sandbox/data/warehouse/tablespace/external/hive/demo_pauldefusco.db/branches_skewed]","IsNotNull(branch_id)","branch_id:bigint","isnotnull(branch_id#2695L)","",false
1,14,74,"Parquet",0,0,0,0,"InMemoryFileIndex(1 paths)[s3a://goes-se-sandbox/data/warehouse/tablespace/external/hive/demo_pauldefusco.db/branches_skewed]","IsNotNull(branch_id)","branch_id:bigint,region:string,branch_type:string","isnotnull(branch_id#91L)","",false
1,14,400,"Parquet",0,0,0,0,"InMemoryFileIndex(1 paths)[s3a://goes-se-sandbox/data/warehouse/tablespace/external/hive/demo_pauldefusco.db/branches_skewed]","IsNotNull(branch_id), IsNotNull(region), IsNotNull(branch_type)","branch_id:bigint,region:string,branch_type:string","isnotnull(branch_id#4015L), isnotnull(region#4018), isnotnull(branch_type#4019)","",false
1,14,441,"Parquet",0,0,0,0,"InMemoryFileIndex(1 paths)[s3a://goes-se-sandbox/data/warehouse/tablespace/external/hive/demo_pauldefusco.db/branches_skewed]","IsNotNull(branch_id), IsNotNull(region), IsNotNull(branch_type)","branch_id:bigint,region:string,branch_type:string,assets_under_management:double,annual_operating_cost:double","isnotnull(branch_id#3687L), isnotnull(region#3690), isnotnull(branch_type#3691)","",false
1,14,144,"Parquet",0,0,0,0,"InMemoryFileIndex(1 paths)[s3a://goes-se-sandbox/data/warehouse/tablespace/external/hive/demo_pauldefusco.db/calendar]","IsNotNull(calendar_date), IsNotNull(year), IsNotNull(month)","calendar_date:date,year:int,month:int","isnotnull(calendar_date#2706), isnotnull(year#2708), isnotnull(month#2710)","",false
1,14,196,"Parquet",0,0,0,0,"InMemoryFileIndex(1 paths)[s3a://goes-se-sandbox/data/warehouse/tablespace/external/hive/demo_pauldefusco.db/calendar]","IsNotNull(calendar_date), IsNotNull(year), IsNotNull(month)","calendar_date:date,year:int,month:int,is_weekend:boolean","isnotnull(calendar_date#2239), isnotnull(year#2241), isnotnull(month#2243)","",false
1,14,286,"Parquet",0,0,0,0,"InMemoryFileIndex(1 paths)[s3a://goes-se-sandbox/data/warehouse/tablespace/external/hive/demo_pauldefusco.db/calendar]","IsNotNull(calendar_date), IsNotNull(year), IsNotNull(quarter)","calendar_date:date,year:int,quarter:int","isnotnull(calendar_date#2978), isnotnull(year#2980), isnotnull(quarter#2981)","",false
1,14,324,"Parquet",0,0,0,0,"InMemoryFileIndex(1 paths)[s3a://goes-se-sandbox/data/warehouse/tablespace/external/hive/demo_pauldefusco.db/calendar]","IsNotNull(calendar_date), IsNotNull(year), IsNotNull(quarter)","calendar_date:date,year:int,quarter:int,is_weekend:boolean","isnotnull(calendar_date#2556), isnotnull(year#2558), isnotnull(quarter#2559)","",false
1,14,79,"Parquet",0,0,0,0,"InMemoryFileIndex(1 paths)[s3a://goes-se-sandbox/data/warehouse/tablespace/external/hive/demo_pauldefusco.db/calendar]","IsNotNull(calendar_date)","calendar_date:date,year:int,quarter:int,month:int,is_weekend:boolean","isnotnull(calendar_date#113)","",false
1,14,269,"Parquet",0,0,0,0,"InMemoryFileIndex(1 paths)[s3a://goes-se-sandbox/data/warehouse/tablespace/external/hive/demo_pauldefusco.db/customers_skewed]","IsNotNull(customer_id)","customer_id:bigint","isnotnull(customer_id#2937L)","",false
1,14,228,"Parquet",0,0,0,0,"InMemoryFileIndex(1 paths)[s3a://goes-se-sandbox/data/warehouse/tablespace/external/hive/demo_pauldefusco.db/customers_skewed]","IsNotNull(customer_id)","customer_id:bigint,credit_score:int","isnotnull(customer_id#2322L)","",false
1,14,435,"Parquet",0,0,0,0,"InMemoryFileIndex(1 paths)[s3a://goes-se-sandbox/data/warehouse/tablespace/external/hive/demo_pauldefusco.db/customers_skewed]","IsNotNull(customer_id), IsNotNull(customer_segment), IsNotNull(income_band)","customer_id:bigint,credit_score:int,income_band:string,customer_segment:string","isnotnull(customer_id#3657L), isnotnull(customer_segment#3664), isnotnull(income_band#3662)","",false
1,14,180,"Parquet",0,0,0,0,"InMemoryFileIndex(1 paths)[s3a://goes-se-sandbox/data/warehouse/tablespace/external/hive/demo_pauldefusco.db/customers_skewed]","IsNotNull(customer_id), IsNotNull(customer_segment), IsNotNull(income_band), IsNotNull(risk_rating)","customer_id:bigint,credit_score:int,income_band:string,customer_segment:string,risk_rating:string","isnotnull(customer_id#2198L), isnotnull(customer_segment#2205), isnotnull(income_band#2203), isnotnull(risk_rating#2207)","",false
1,14,57,"Parquet",0,0,0,0,"InMemoryFileIndex(1 paths)[s3a://goes-se-sandbox/data/warehouse/tablespace/external/hive/demo_pauldefusco.db/customers_skewed]","IsNotNull(customer_id)","customer_id:bigint,credit_score:int,income_band:string,estimated_income:double,customer_segment:string,risk_rating:string","isnotnull(customer_id#31L)","",false
1,14,389,"Parquet",0,0,0,0,"InMemoryFileIndex(1 paths)[s3a://goes-se-sandbox/data/warehouse/tablespace/external/hive/demo_pauldefusco.db/customers_skewed]","IsNotNull(customer_id), IsNotNull(customer_segment), IsNotNull(income_band)","customer_id:bigint,income_band:string,customer_segment:string","isnotnull(customer_id#3985L), isnotnull(customer_segment#3992), isnotnull(income_band#3990)","",false
1,14,122,"Parquet",0,0,0,0,"InMemoryFileIndex(1 paths)[s3a://goes-se-sandbox/data/warehouse/tablespace/external/hive/demo_pauldefusco.db/customers_skewed]","IsNotNull(customer_id), IsNotNull(customer_segment), IsNotNull(income_band), IsNotNull(risk_rating)","customer_id:bigint,income_band:string,customer_segment:string,risk_rating:string","isnotnull(customer_id#2665L), isnotnull(customer_segment#2672), isnotnull(income_band#2670), isnotnull(risk_rating#2674)","",false
1,14,134,"Parquet",0,0,0,0,"InMemoryFileIndex(1 paths)[s3a://goes-se-sandbox/data/warehouse/tablespace/external/hive/demo_pauldefusco.db/merchants_skewed]","IsNotNull(merchant_id)","merchant_id:bigint","isnotnull(merchant_id#2685L)","",false
1,14,395,"Parquet",0,0,0,0,"InMemoryFileIndex(1 paths)[s3a://goes-se-sandbox/data/warehouse/tablespace/external/hive/demo_pauldefusco.db/merchants_skewed]","IsNotNull(merchant_id), IsNotNull(region)","merchant_id:bigint,region:string","isnotnull(merchant_id#4005L), isnotnull(region#4007)","",false
1,14,473,"Parquet",0,0,0,0,"InMemoryFileIndex(1 paths)[s3a://goes-se-sandbox/data/warehouse/tablespace/external/hive/demo_pauldefusco.db/merchants_skewed]","IsNotNull(merchant_id), IsNotNull(region)","merchant_id:bigint,region:string,risk_level:string","isnotnull(merchant_id#3810L), isnotnull(region#3812)","",false
1,14,319,"Parquet",0,0,0,0,"InMemoryFileIndex(1 paths)[s3a://goes-se-sandbox/data/warehouse/tablespace/external/hive/demo_pauldefusco.db/merchants_skewed]","IsNotNull(merchant_id), IsNotNull(region), IsNotNull(risk_level), IsNotNull(merchant_size)","merchant_id:bigint,region:string,risk_level:string,annual_revenue:double,merchant_size:string","isnotnull(merchant_id#2535L), isnotnull(region#2537), isnotnull(risk_level#2540), isnotnull(merchant_size#2542)","",false
1,14,69,"Parquet",0,0,0,0,"InMemoryFileIndex(1 paths)[s3a://goes-se-sandbox/data/warehouse/tablespace/external/hive/demo_pauldefusco.db/merchants_skewed]","IsNotNull(merchant_id)","merchant_id:bigint,region:string,risk_level:string,merchant_size:string","isnotnull(merchant_id#71L)","",false
1,14,281,"Parquet",0,0,0,0,"InMemoryFileIndex(1 paths)[s3a://goes-se-sandbox/data/warehouse/tablespace/external/hive/demo_pauldefusco.db/merchants_skewed]","IsNotNull(merchant_id), IsNotNull(region)","merchant_id:bigint,region:string,risk_level:string,merchant_size:string","isnotnull(merchant_id#2957L), isnotnull(region#2959)","",false
1,14,191,"Parquet",0,0,0,0,"InMemoryFileIndex(1 paths)[s3a://goes-se-sandbox/data/warehouse/tablespace/external/hive/demo_pauldefusco.db/merchants_skewed]","IsNotNull(merchant_id)","merchant_id:bigint,risk_level:string","isnotnull(merchant_id#2218L)","",false
1,14,115,"Parquet",0,0,0,0,"InMemoryFileIndex(1 paths)[s3a://goes-se-sandbox/data/warehouse/tablespace/external/hive/demo_pauldefusco.db/trs_v25]","IsNotNull(transaction_id), LessThan(transaction_id,12500000000), IsNotNull(customer_id), IsNotNull(account_id)","transaction_id:bigint,customer_id:bigint,account_id:bigint,merchant_id:bigint,branch_id:bigint,transaction_date:date","isnotnull(transaction_id#2650L), (transaction_id#2650L < 12500000000), isnotnull(customer_id#2651L), isnotnull(account_id#2652L)","",false
1,14,264,"Parquet",0,0,0,0,"InMemoryFileIndex(1 paths)[s3a://goes-se-sandbox/data/warehouse/tablespace/external/hive/demo_pauldefusco.db/trs_v25]","IsNotNull(transaction_id), LessThan(transaction_id,12500000000), IsNotNull(customer_id), IsNotNull(merchant_id), IsNotNull(merchant_category)","transaction_id:bigint,customer_id:bigint,account_id:bigint,merchant_id:bigint,branch_id:bigint,transaction_date:date,merchant_category:string","isnotnull(transaction_id#2922L), (transaction_id#2922L < 12500000000), isnotnull(customer_id#2923L), isnotnull(merchant_id#2925L), isnotnull(merchant_category#2929)","",false
1,14,382,"Parquet",0,0,0,0,"InMemoryFileIndex(1 paths)[s3a://goes-se-sandbox/data/warehouse/tablespace/external/hive/demo_pauldefusco.db/trs_v25]","IsNotNull(transaction_id), LessThan(transaction_id,12500000000), IsNotNull(merchant_category)","transaction_id:bigint,customer_id:bigint,account_id:bigint,merchant_id:bigint,branch_id:bigint,transaction_date:date,merchant_category:string","isnotnull(transaction_id#3970L), (transaction_id#3970L < 12500000000), isnotnull(merchant_category#3977)","",false
1,14,312,"Parquet",0,0,0,0,"InMemoryFileIndex(1 paths)[s3a://goes-se-sandbox/data/warehouse/tablespace/external/hive/demo_pauldefusco.db/trs_v25]","IsNotNull(transaction_id), LessThan(transaction_id,12500000000), IsNotNull(merchant_id), IsNotNull(merchant_category)","transaction_id:bigint,customer_id:bigint,account_id:bigint,merchant_id:bigint,branch_id:bigint,transaction_date:date,merchant_category:string,transaction_amount:double,fraud_flag:int","isnotnull(transaction_id#2500L), (transaction_id#2500L < 12500000000), isnotnull(merchant_id#2503L), isnotnull(merchant_category#2507)","",false
1,14,466,"Parquet",0,0,0,0,"InMemoryFileIndex(1 paths)[s3a://goes-se-sandbox/data/warehouse/tablespace/external/hive/demo_pauldefusco.db/trs_v25]","IsNotNull(transaction_id), IsNotNull(fraud_flag), LessThan(transaction_id,12500000000), EqualTo(fraud_flag,1), IsNotNull(merchant_category)","transaction_id:bigint,customer_id:bigint,account_id:bigint,merchant_id:bigint,branch_id:bigint,transaction_date:date,merchant_category:string,transaction_amount:double,fraud_flag:int","isnotnull(transaction_id#3775L), isnotnull(fraud_flag#3787), (transaction_id#3775L < 12500000000), (fraud_flag#3787 = 1), isnotnull(merchant_category#3782)","",false
1,14,50,"Parquet",0,0,0,0,"InMemoryFileIndex(1 paths)[s3a://goes-se-sandbox/data/warehouse/tablespace/external/hive/demo_pauldefusco.db/trs_v25]","IsNotNull(transaction_id), LessThan(transaction_id,12500000000)","transaction_id:bigint,customer_id:bigint,account_id:bigint,merchant_id:bigint,branch_id:bigint,transaction_date:date,merchant_category:string,transaction_amount:double,payment_channel:string,payment_type:string,device_type:string,fraud_flag:int","isnotnull(transaction_id#0L), (transaction_id#0L < 12500000000)","",false
1,14,173,"Parquet",0,0,0,0,"InMemoryFileIndex(1 paths)[s3a://goes-se-sandbox/data/warehouse/tablespace/external/hive/demo_pauldefusco.db/trs_v25]","IsNotNull(transaction_id), LessThan(transaction_id,12500000000), IsNotNull(customer_id)","transaction_id:bigint,customer_id:bigint,account_id:bigint,merchant_id:bigint,branch_id:bigint,transaction_date:date,transaction_amount:double,fraud_flag:int","isnotnull(transaction_id#2183L), (transaction_id#2183L < 12500000000), isnotnull(customer_id#2184L)","",false
1,14,223,"Parquet",0,0,0,0,"InMemoryFileIndex(1 paths)[s3a://goes-se-sandbox/data/warehouse/tablespace/external/hive/demo_pauldefusco.db/trs_v25]","IsNotNull(transaction_id), LessThan(transaction_id,12500000000), IsNotNull(account_id)","transaction_id:bigint,customer_id:bigint,account_id:bigint,merchant_id:bigint,branch_id:bigint,transaction_date:date,transaction_amount:double,fraud_flag:int","isnotnull(transaction_id#2307L), (transaction_id#2307L < 12500000000), isnotnull(account_id#2309L)","",false
1,14,428,"Parquet",0,0,0,0,"InMemoryFileIndex(1 paths)[s3a://goes-se-sandbox/data/warehouse/tablespace/external/hive/demo_pauldefusco.db/trs_v25]","IsNotNull(transaction_id), LessThan(transaction_id,12500000000)","transaction_id:bigint,customer_id:bigint,account_id:bigint,merchant_id:bigint,branch_id:bigint,transaction_date:date,transaction_amount:double,fraud_flag:int","isnotnull(transaction_id#3642L), (transaction_id#3642L < 12500000000)","",false
1,14,347,"Parquet",0,0,0,0,"InMemoryFileIndex(1 paths)[s3a://goes-se-sandbox/data/warehouse/tablespace/external/hive/demo_pauldefusco.db/trs_v25]","IsNotNull(transaction_id), LessThan(transaction_id,12500000000), IsNotNull(payment_channel), IsNotNull(payment_type), IsNotNull(device_type)","transaction_id:bigint,customer_id:bigint,account_id:bigint,merchant_id:bigint,branch_id:bigint,transaction_date:date,transaction_amount:double,payment_channel:string,payment_type:string,device_type:string,fraud_flag:int","isnotnull(transaction_id#3237L), (transaction_id#3237L < 12500000000), isnotnull(payment_channel#3246), isnotnull(payment_type#3247), isnotnull(device_type#3248)","",false
1,15,276,"Parquet",0,0,0,0,"InMemoryFileIndex(1 paths)[s3a://goes-se-sandbox/data/warehouse/tablespace/external/hive/demo_pauldefusco.db/accounts_skewed]","IsNotNull(account_id)","account_id:bigint","isnotnull(account_id#2948L)","",false
1,15,129,"Parquet",0,0,0,0,"InMemoryFileIndex(1 paths)[s3a://goes-se-sandbox/data/warehouse/tablespace/external/hive/demo_pauldefusco.db/accounts_skewed]","IsNotNull(account_id), IsNotNull(account_type)","account_id:bigint,account_type:string,account_status:string","isnotnull(account_id#2676L), isnotnull(account_type#2677)","",false
1,15,64,"Parquet",0,0,0,0,"InMemoryFileIndex(1 paths)[s3a://goes-se-sandbox/data/warehouse/tablespace/external/hive/demo_pauldefusco.db/accounts_skewed]","IsNotNull(account_id)","account_id:bigint,account_type:string,account_status:string,current_balance:double,credit_limit:double,interest_rate:double","isnotnull(account_id#52L)","",false
1,15,235,"Parquet",0,0,0,0,"InMemoryFileIndex(1 paths)[s3a://goes-se-sandbox/data/warehouse/tablespace/external/hive/demo_pauldefusco.db/accounts_skewed]","IsNotNull(account_id), IsNotNull(account_type), IsNotNull(account_status)","account_id:bigint,account_type:string,account_status:string,current_balance:double,credit_limit:double,interest_rate:double","isnotnull(account_id#2333L), isnotnull(account_type#2334), isnotnull(account_status#2336)","",false
1,15,186,"Parquet",0,0,0,0,"InMemoryFileIndex(1 paths)[s3a://goes-se-sandbox/data/warehouse/tablespace/external/hive/demo_pauldefusco.db/accounts_skewed]","IsNotNull(account_id)","account_id:bigint,current_balance:double,interest_rate:double","isnotnull(account_id#2209L)","",false
1,15,139,"Parquet",0,0,0,0,"InMemoryFileIndex(1 paths)[s3a://goes-se-sandbox/data/warehouse/tablespace/external/hive/demo_pauldefusco.db/branches_skewed]","IsNotNull(branch_id)","branch_id:bigint","isnotnull(branch_id#2695L)","",false
1,15,74,"Parquet",0,0,0,0,"InMemoryFileIndex(1 paths)[s3a://goes-se-sandbox/data/warehouse/tablespace/external/hive/demo_pauldefusco.db/branches_skewed]","IsNotNull(branch_id)","branch_id:bigint,region:string,branch_type:string","isnotnull(branch_id#91L)","",false
1,15,403,"Parquet",0,0,0,0,"InMemoryFileIndex(1 paths)[s3a://goes-se-sandbox/data/warehouse/tablespace/external/hive/demo_pauldefusco.db/branches_skewed]","IsNotNull(branch_id), IsNotNull(region), IsNotNull(branch_type)","branch_id:bigint,region:string,branch_type:string","isnotnull(branch_id#4015L), isnotnull(region#4018), isnotnull(branch_type#4019)","",false
1,15,444,"Parquet",0,0,0,0,"InMemoryFileIndex(1 paths)[s3a://goes-se-sandbox/data/warehouse/tablespace/external/hive/demo_pauldefusco.db/branches_skewed]","IsNotNull(branch_id), IsNotNull(region), IsNotNull(branch_type)","branch_id:bigint,region:string,branch_type:string,assets_under_management:double,annual_operating_cost:double","isnotnull(branch_id#3687L), isnotnull(region#3690), isnotnull(branch_type#3691)","",false
1,15,144,"Parquet",0,0,0,0,"InMemoryFileIndex(1 paths)[s3a://goes-se-sandbox/data/warehouse/tablespace/external/hive/demo_pauldefusco.db/calendar]","IsNotNull(calendar_date), IsNotNull(year), IsNotNull(month)","calendar_date:date,year:int,month:int","isnotnull(calendar_date#2706), isnotnull(year#2708), isnotnull(month#2710)","",false
1,15,196,"Parquet",0,0,0,0,"InMemoryFileIndex(1 paths)[s3a://goes-se-sandbox/data/warehouse/tablespace/external/hive/demo_pauldefusco.db/calendar]","IsNotNull(calendar_date), IsNotNull(year), IsNotNull(month)","calendar_date:date,year:int,month:int,is_weekend:boolean","isnotnull(calendar_date#2239), isnotnull(year#2241), isnotnull(month#2243)","",false
1,15,286,"Parquet",0,0,0,0,"InMemoryFileIndex(1 paths)[s3a://goes-se-sandbox/data/warehouse/tablespace/external/hive/demo_pauldefusco.db/calendar]","IsNotNull(calendar_date), IsNotNull(year), IsNotNull(quarter)","calendar_date:date,year:int,quarter:int","isnotnull(calendar_date#2978), isnotnull(year#2980), isnotnull(quarter#2981)","",false
1,15,324,"Parquet",0,0,0,0,"InMemoryFileIndex(1 paths)[s3a://goes-se-sandbox/data/warehouse/tablespace/external/hive/demo_pauldefusco.db/calendar]","IsNotNull(calendar_date), IsNotNull(year), IsNotNull(quarter)","calendar_date:date,year:int,quarter:int,is_weekend:boolean","isnotnull(calendar_date#2556), isnotnull(year#2558), isnotnull(quarter#2559)","",false
1,15,79,"Parquet",0,0,0,0,"InMemoryFileIndex(1 paths)[s3a://goes-se-sandbox/data/warehouse/tablespace/external/hive/demo_pauldefusco.db/calendar]","IsNotNull(calendar_date)","calendar_date:date,year:int,quarter:int,month:int,is_weekend:boolean","isnotnull(calendar_date#113)","",false
1,15,269,"Parquet",0,0,0,0,"InMemoryFileIndex(1 paths)[s3a://goes-se-sandbox/data/warehouse/tablespace/external/hive/demo_pauldefusco.db/customers_skewed]","IsNotNull(customer_id)","customer_id:bigint","isnotnull(customer_id#2937L)","",false
1,15,228,"Parquet",0,0,0,0,"InMemoryFileIndex(1 paths)[s3a://goes-se-sandbox/data/warehouse/tablespace/external/hive/demo_pauldefusco.db/customers_skewed]","IsNotNull(customer_id)","customer_id:bigint,credit_score:int","isnotnull(customer_id#2322L)","",false
1,15,438,"Parquet",0,0,0,0,"InMemoryFileIndex(1 paths)[s3a://goes-se-sandbox/data/warehouse/tablespace/external/hive/demo_pauldefusco.db/customers_skewed]","IsNotNull(customer_id), IsNotNull(customer_segment), IsNotNull(income_band)","customer_id:bigint,credit_score:int,income_band:string,customer_segment:string","isnotnull(customer_id#3657L), isnotnull(customer_segment#3664), isnotnull(income_band#3662)","",false
1,15,180,"Parquet",0,0,0,0,"InMemoryFileIndex(1 paths)[s3a://goes-se-sandbox/data/warehouse/tablespace/external/hive/demo_pauldefusco.db/customers_skewed]","IsNotNull(customer_id), IsNotNull(customer_segment), IsNotNull(income_band), IsNotNull(risk_rating)","customer_id:bigint,credit_score:int,income_band:string,customer_segment:string,risk_rating:string","isnotnull(customer_id#2198L), isnotnull(customer_segment#2205), isnotnull(income_band#2203), isnotnull(risk_rating#2207)","",false
1,15,57,"Parquet",0,0,0,0,"InMemoryFileIndex(1 paths)[s3a://goes-se-sandbox/data/warehouse/tablespace/external/hive/demo_pauldefusco.db/customers_skewed]","IsNotNull(customer_id)","customer_id:bigint,credit_score:int,income_band:string,estimated_income:double,customer_segment:string,risk_rating:string","isnotnull(customer_id#31L)","",false
1,15,392,"Parquet",0,0,0,0,"InMemoryFileIndex(1 paths)[s3a://goes-se-sandbox/data/warehouse/tablespace/external/hive/demo_pauldefusco.db/customers_skewed]","IsNotNull(customer_id), IsNotNull(customer_segment), IsNotNull(income_band)","customer_id:bigint,income_band:string,customer_segment:string","isnotnull(customer_id#3985L), isnotnull(customer_segment#3992), isnotnull(income_band#3990)","",false
1,15,122,"Parquet",0,0,0,0,"InMemoryFileIndex(1 paths)[s3a://goes-se-sandbox/data/warehouse/tablespace/external/hive/demo_pauldefusco.db/customers_skewed]","IsNotNull(customer_id), IsNotNull(customer_segment), IsNotNull(income_band), IsNotNull(risk_rating)","customer_id:bigint,income_band:string,customer_segment:string,risk_rating:string","isnotnull(customer_id#2665L), isnotnull(customer_segment#2672), isnotnull(income_band#2670), isnotnull(risk_rating#2674)","",false
1,15,134,"Parquet",0,0,0,0,"InMemoryFileIndex(1 paths)[s3a://goes-se-sandbox/data/warehouse/tablespace/external/hive/demo_pauldefusco.db/merchants_skewed]","IsNotNull(merchant_id)","merchant_id:bigint","isnotnull(merchant_id#2685L)","",false
1,15,398,"Parquet",0,0,0,0,"InMemoryFileIndex(1 paths)[s3a://goes-se-sandbox/data/warehouse/tablespace/external/hive/demo_pauldefusco.db/merchants_skewed]","IsNotNull(merchant_id), IsNotNull(region)","merchant_id:bigint,region:string","isnotnull(merchant_id#4005L), isnotnull(region#4007)","",false
1,15,476,"Parquet",0,0,0,0,"InMemoryFileIndex(1 paths)[s3a://goes-se-sandbox/data/warehouse/tablespace/external/hive/demo_pauldefusco.db/merchants_skewed]","IsNotNull(merchant_id), IsNotNull(region)","merchant_id:bigint,region:string,risk_level:string","isnotnull(merchant_id#3810L), isnotnull(region#3812)","",false
1,15,319,"Parquet",0,0,0,0,"InMemoryFileIndex(1 paths)[s3a://goes-se-sandbox/data/warehouse/tablespace/external/hive/demo_pauldefusco.db/merchants_skewed]","IsNotNull(merchant_id), IsNotNull(region), IsNotNull(risk_level), IsNotNull(merchant_size)","merchant_id:bigint,region:string,risk_level:string,annual_revenue:double,merchant_size:string","isnotnull(merchant_id#2535L), isnotnull(region#2537), isnotnull(risk_level#2540), isnotnull(merchant_size#2542)","",false
1,15,69,"Parquet",0,0,0,0,"InMemoryFileIndex(1 paths)[s3a://goes-se-sandbox/data/warehouse/tablespace/external/hive/demo_pauldefusco.db/merchants_skewed]","IsNotNull(merchant_id)","merchant_id:bigint,region:string,risk_level:string,merchant_size:string","isnotnull(merchant_id#71L)","",false
1,15,281,"Parquet",0,0,0,0,"InMemoryFileIndex(1 paths)[s3a://goes-se-sandbox/data/warehouse/tablespace/external/hive/demo_pauldefusco.db/merchants_skewed]","IsNotNull(merchant_id), IsNotNull(region)","merchant_id:bigint,region:string,risk_level:string,merchant_size:string","isnotnull(merchant_id#2957L), isnotnull(region#2959)","",false
1,15,191,"Parquet",0,0,0,0,"InMemoryFileIndex(1 paths)[s3a://goes-se-sandbox/data/warehouse/tablespace/external/hive/demo_pauldefusco.db/merchants_skewed]","IsNotNull(merchant_id)","merchant_id:bigint,risk_level:string","isnotnull(merchant_id#2218L)","",false
1,15,115,"Parquet",0,0,0,0,"InMemoryFileIndex(1 paths)[s3a://goes-se-sandbox/data/warehouse/tablespace/external/hive/demo_pauldefusco.db/trs_v25]","IsNotNull(transaction_id), LessThan(transaction_id,12500000000), IsNotNull(customer_id), IsNotNull(account_id)","transaction_id:bigint,customer_id:bigint,account_id:bigint,merchant_id:bigint,branch_id:bigint,transaction_date:date","isnotnull(transaction_id#2650L), (transaction_id#2650L < 12500000000), isnotnull(customer_id#2651L), isnotnull(account_id#2652L)","",false
1,15,264,"Parquet",0,0,0,0,"InMemoryFileIndex(1 paths)[s3a://goes-se-sandbox/data/warehouse/tablespace/external/hive/demo_pauldefusco.db/trs_v25]","IsNotNull(transaction_id), LessThan(transaction_id,12500000000), IsNotNull(customer_id), IsNotNull(merchant_id), IsNotNull(merchant_category)","transaction_id:bigint,customer_id:bigint,account_id:bigint,merchant_id:bigint,branch_id:bigint,transaction_date:date,merchant_category:string","isnotnull(transaction_id#2922L), (transaction_id#2922L < 12500000000), isnotnull(customer_id#2923L), isnotnull(merchant_id#2925L), isnotnull(merchant_category#2929)","",false
1,15,385,"Parquet",0,0,0,0,"InMemoryFileIndex(1 paths)[s3a://goes-se-sandbox/data/warehouse/tablespace/external/hive/demo_pauldefusco.db/trs_v25]","IsNotNull(transaction_id), LessThan(transaction_id,12500000000), IsNotNull(merchant_category)","transaction_id:bigint,customer_id:bigint,account_id:bigint,merchant_id:bigint,branch_id:bigint,transaction_date:date,merchant_category:string","isnotnull(transaction_id#3970L), (transaction_id#3970L < 12500000000), isnotnull(merchant_category#3977)","",false
1,15,312,"Parquet",0,0,0,0,"InMemoryFileIndex(1 paths)[s3a://goes-se-sandbox/data/warehouse/tablespace/external/hive/demo_pauldefusco.db/trs_v25]","IsNotNull(transaction_id), LessThan(transaction_id,12500000000), IsNotNull(merchant_id), IsNotNull(merchant_category)","transaction_id:bigint,customer_id:bigint,account_id:bigint,merchant_id:bigint,branch_id:bigint,transaction_date:date,merchant_category:string,transaction_amount:double,fraud_flag:int","isnotnull(transaction_id#2500L), (transaction_id#2500L < 12500000000), isnotnull(merchant_id#2503L), isnotnull(merchant_category#2507)","",false
1,15,469,"Parquet",0,0,0,0,"InMemoryFileIndex(1 paths)[s3a://goes-se-sandbox/data/warehouse/tablespace/external/hive/demo_pauldefusco.db/trs_v25]","IsNotNull(transaction_id), IsNotNull(fraud_flag), LessThan(transaction_id,12500000000), EqualTo(fraud_flag,1), IsNotNull(merchant_category)","transaction_id:bigint,customer_id:bigint,account_id:bigint,merchant_id:bigint,branch_id:bigint,transaction_date:date,merchant_category:string,transaction_amount:double,fraud_flag:int","isnotnull(transaction_id#3775L), isnotnull(fraud_flag#3787), (transaction_id#3775L < 12500000000), (fraud_flag#3787 = 1), isnotnull(merchant_category#3782)","",false
1,15,50,"Parquet",0,0,0,0,"InMemoryFileIndex(1 paths)[s3a://goes-se-sandbox/data/warehouse/tablespace/external/hive/demo_pauldefusco.db/trs_v25]","IsNotNull(transaction_id), LessThan(transaction_id,12500000000)","transaction_id:bigint,customer_id:bigint,account_id:bigint,merchant_id:bigint,branch_id:bigint,transaction_date:date,merchant_category:string,transaction_amount:double,payment_channel:string,payment_type:string,device_type:string,fraud_flag:int","isnotnull(transaction_id#0L), (transaction_id#0L < 12500000000)","",false
1,15,173,"Parquet",0,0,0,0,"InMemoryFileIndex(1 paths)[s3a://goes-se-sandbox/data/warehouse/tablespace/external/hive/demo_pauldefusco.db/trs_v25]","IsNotNull(transaction_id), LessThan(transaction_id,12500000000), IsNotNull(customer_id)","transaction_id:bigint,customer_id:bigint,account_id:bigint,merchant_id:bigint,branch_id:bigint,transaction_date:date,transaction_amount:double,fraud_flag:int","isnotnull(transaction_id#2183L), (transaction_id#2183L < 12500000000), isnotnull(customer_id#2184L)","",false
1,15,223,"Parquet",0,0,0,0,"InMemoryFileIndex(1 paths)[s3a://goes-se-sandbox/data/warehouse/tablespace/external/hive/demo_pauldefusco.db/trs_v25]","IsNotNull(transaction_id), LessThan(transaction_id,12500000000), IsNotNull(account_id)","transaction_id:bigint,customer_id:bigint,account_id:bigint,merchant_id:bigint,branch_id:bigint,transaction_date:date,transaction_amount:double,fraud_flag:int","isnotnull(transaction_id#2307L), (transaction_id#2307L < 12500000000), isnotnull(account_id#2309L)","",false
1,15,431,"Parquet",0,0,0,0,"InMemoryFileIndex(1 paths)[s3a://goes-se-sandbox/data/warehouse/tablespace/external/hive/demo_pauldefusco.db/trs_v25]","IsNotNull(transaction_id), LessThan(transaction_id,12500000000)","transaction_id:bigint,customer_id:bigint,account_id:bigint,merchant_id:bigint,branch_id:bigint,transaction_date:date,transaction_amount:double,fraud_flag:int","isnotnull(transaction_id#3642L), (transaction_id#3642L < 12500000000)","",false
1,15,349,"Parquet",0,0,0,0,"InMemoryFileIndex(1 paths)[s3a://goes-se-sandbox/data/warehouse/tablespace/external/hive/demo_pauldefusco.db/trs_v25]","IsNotNull(transaction_id), LessThan(transaction_id,12500000000), IsNotNull(payment_channel), IsNotNull(payment_type), IsNotNull(device_type)","transaction_id:bigint,customer_id:bigint,account_id:bigint,merchant_id:bigint,branch_id:bigint,transaction_date:date,transaction_amount:double,payment_channel:string,payment_type:string,device_type:string,fraud_flag:int","isnotnull(transaction_id#3237L), (transaction_id#3237L < 12500000000), isnotnull(payment_channel#3246), isnotnull(payment_type#3247), isnotnull(device_type#3248)","",false
1,16,279,"Parquet",0,0,0,0,"InMemoryFileIndex(1 paths)[s3a://goes-se-sandbox/data/warehouse/tablespace/external/hive/demo_pauldefusco.db/accounts_skewed]","IsNotNull(account_id)","account_id:bigint","isnotnull(account_id#2948L)","",false
1,16,129,"Parquet",0,0,0,0,"InMemoryFileIndex(1 paths)[s3a://goes-se-sandbox/data/warehouse/tablespace/external/hive/demo_pauldefusco.db/accounts_skewed]","IsNotNull(account_id), IsNotNull(account_type)","account_id:bigint,account_type:string,account_status:string","isnotnull(account_id#2676L), isnotnull(account_type#2677)","",false
1,16,64,"Parquet",0,0,0,0,"InMemoryFileIndex(1 paths)[s3a://goes-se-sandbox/data/warehouse/tablespace/external/hive/demo_pauldefusco.db/accounts_skewed]","IsNotNull(account_id)","account_id:bigint,account_type:string,account_status:string,current_balance:double,credit_limit:double,interest_rate:double","isnotnull(account_id#52L)","",false
1,16,238,"Parquet",0,0,0,0,"InMemoryFileIndex(1 paths)[s3a://goes-se-sandbox/data/warehouse/tablespace/external/hive/demo_pauldefusco.db/accounts_skewed]","IsNotNull(account_id), IsNotNull(account_type), IsNotNull(account_status)","account_id:bigint,account_type:string,account_status:string,current_balance:double,credit_limit:double,interest_rate:double","isnotnull(account_id#2333L), isnotnull(account_type#2334), isnotnull(account_status#2336)","",false
1,16,189,"Parquet",0,0,0,0,"InMemoryFileIndex(1 paths)[s3a://goes-se-sandbox/data/warehouse/tablespace/external/hive/demo_pauldefusco.db/accounts_skewed]","IsNotNull(account_id)","account_id:bigint,current_balance:double,interest_rate:double","isnotnull(account_id#2209L)","",false
1,16,139,"Parquet",0,0,0,0,"InMemoryFileIndex(1 paths)[s3a://goes-se-sandbox/data/warehouse/tablespace/external/hive/demo_pauldefusco.db/branches_skewed]","IsNotNull(branch_id)","branch_id:bigint","isnotnull(branch_id#2695L)","",false
1,16,74,"Parquet",0,0,0,0,"InMemoryFileIndex(1 paths)[s3a://goes-se-sandbox/data/warehouse/tablespace/external/hive/demo_pauldefusco.db/branches_skewed]","IsNotNull(branch_id)","branch_id:bigint,region:string,branch_type:string","isnotnull(branch_id#91L)","",false
1,16,406,"Parquet",0,0,0,0,"InMemoryFileIndex(1 paths)[s3a://goes-se-sandbox/data/warehouse/tablespace/external/hive/demo_pauldefusco.db/branches_skewed]","IsNotNull(branch_id), IsNotNull(region), IsNotNull(branch_type)","branch_id:bigint,region:string,branch_type:string","isnotnull(branch_id#4015L), isnotnull(region#4018), isnotnull(branch_type#4019)","",false
1,16,447,"Parquet",0,0,0,0,"InMemoryFileIndex(1 paths)[s3a://goes-se-sandbox/data/warehouse/tablespace/external/hive/demo_pauldefusco.db/branches_skewed]","IsNotNull(branch_id), IsNotNull(region), IsNotNull(branch_type)","branch_id:bigint,region:string,branch_type:string,assets_under_management:double,annual_operating_cost:double","isnotnull(branch_id#3687L), isnotnull(region#3690), isnotnull(branch_type#3691)","",false
1,16,144,"Parquet",0,0,0,0,"InMemoryFileIndex(1 paths)[s3a://goes-se-sandbox/data/warehouse/tablespace/external/hive/demo_pauldefusco.db/calendar]","IsNotNull(calendar_date), IsNotNull(year), IsNotNull(month)","calendar_date:date,year:int,month:int","isnotnull(calendar_date#2706), isnotnull(year#2708), isnotnull(month#2710)","",false
1,16,199,"Parquet",0,0,0,0,"InMemoryFileIndex(1 paths)[s3a://goes-se-sandbox/data/warehouse/tablespace/external/hive/demo_pauldefusco.db/calendar]","IsNotNull(calendar_date), IsNotNull(year), IsNotNull(month)","calendar_date:date,year:int,month:int,is_weekend:boolean","isnotnull(calendar_date#2239), isnotnull(year#2241), isnotnull(month#2243)","",false
1,16,289,"Parquet",0,0,0,0,"InMemoryFileIndex(1 paths)[s3a://goes-se-sandbox/data/warehouse/tablespace/external/hive/demo_pauldefusco.db/calendar]","IsNotNull(calendar_date), IsNotNull(year), IsNotNull(quarter)","calendar_date:date,year:int,quarter:int","isnotnull(calendar_date#2978), isnotnull(year#2980), isnotnull(quarter#2981)","",false
1,16,327,"Parquet",0,0,0,0,"InMemoryFileIndex(1 paths)[s3a://goes-se-sandbox/data/warehouse/tablespace/external/hive/demo_pauldefusco.db/calendar]","IsNotNull(calendar_date), IsNotNull(year), IsNotNull(quarter)","calendar_date:date,year:int,quarter:int,is_weekend:boolean","isnotnull(calendar_date#2556), isnotnull(year#2558), isnotnull(quarter#2559)","",false
1,16,79,"Parquet",0,0,0,0,"InMemoryFileIndex(1 paths)[s3a://goes-se-sandbox/data/warehouse/tablespace/external/hive/demo_pauldefusco.db/calendar]","IsNotNull(calendar_date)","calendar_date:date,year:int,quarter:int,month:int,is_weekend:boolean","isnotnull(calendar_date#113)","",false
1,16,272,"Parquet",0,0,0,0,"InMemoryFileIndex(1 paths)[s3a://goes-se-sandbox/data/warehouse/tablespace/external/hive/demo_pauldefusco.db/customers_skewed]","IsNotNull(customer_id)","customer_id:bigint","isnotnull(customer_id#2937L)","",false
1,16,231,"Parquet",0,0,0,0,"InMemoryFileIndex(1 paths)[s3a://goes-se-sandbox/data/warehouse/tablespace/external/hive/demo_pauldefusco.db/customers_skewed]","IsNotNull(customer_id)","customer_id:bigint,credit_score:int","isnotnull(customer_id#2322L)","",false
1,16,441,"Parquet",0,0,0,0,"InMemoryFileIndex(1 paths)[s3a://goes-se-sandbox/data/warehouse/tablespace/external/hive/demo_pauldefusco.db/customers_skewed]","IsNotNull(customer_id), IsNotNull(customer_segment), IsNotNull(income_band)","customer_id:bigint,credit_score:int,income_band:string,customer_segment:string","isnotnull(customer_id#3657L), isnotnull(customer_segment#3664), isnotnull(income_band#3662)","",false
1,16,182,"Parquet",0,0,0,0,"InMemoryFileIndex(1 paths)[s3a://goes-se-sandbox/data/warehouse/tablespace/external/hive/demo_pauldefusco.db/customers_skewed]","IsNotNull(customer_id), IsNotNull(customer_segment), IsNotNull(income_band), IsNotNull(risk_rating)","customer_id:bigint,credit_score:int,income_band:string,customer_segment:string,risk_rating:string","isnotnull(customer_id#2198L), isnotnull(customer_segment#2205), isnotnull(income_band#2203), isnotnull(risk_rating#2207)","",false
1,16,57,"Parquet",0,0,0,0,"InMemoryFileIndex(1 paths)[s3a://goes-se-sandbox/data/warehouse/tablespace/external/hive/demo_pauldefusco.db/customers_skewed]","IsNotNull(customer_id)","customer_id:bigint,credit_score:int,income_band:string,estimated_income:double,customer_segment:string,risk_rating:string","isnotnull(customer_id#31L)","",false
1,16,395,"Parquet",0,0,0,0,"InMemoryFileIndex(1 paths)[s3a://goes-se-sandbox/data/warehouse/tablespace/external/hive/demo_pauldefusco.db/customers_skewed]","IsNotNull(customer_id), IsNotNull(customer_segment), IsNotNull(income_band)","customer_id:bigint,income_band:string,customer_segment:string","isnotnull(customer_id#3985L), isnotnull(customer_segment#3992), isnotnull(income_band#3990)","",false
1,16,122,"Parquet",0,0,0,0,"InMemoryFileIndex(1 paths)[s3a://goes-se-sandbox/data/warehouse/tablespace/external/hive/demo_pauldefusco.db/customers_skewed]","IsNotNull(customer_id), IsNotNull(customer_segment), IsNotNull(income_band), IsNotNull(risk_rating)","customer_id:bigint,income_band:string,customer_segment:string,risk_rating:string","isnotnull(customer_id#2665L), isnotnull(customer_segment#2672), isnotnull(income_band#2670), isnotnull(risk_rating#2674)","",false
1,16,134,"Parquet",0,0,0,0,"InMemoryFileIndex(1 paths)[s3a://goes-se-sandbox/data/warehouse/tablespace/external/hive/demo_pauldefusco.db/merchants_skewed]","IsNotNull(merchant_id)","merchant_id:bigint","isnotnull(merchant_id#2685L)","",false
1,16,401,"Parquet",0,0,0,0,"InMemoryFileIndex(1 paths)[s3a://goes-se-sandbox/data/warehouse/tablespace/external/hive/demo_pauldefusco.db/merchants_skewed]","IsNotNull(merchant_id), IsNotNull(region)","merchant_id:bigint,region:string","isnotnull(merchant_id#4005L), isnotnull(region#4007)","",false
1,16,479,"Parquet",0,0,0,0,"InMemoryFileIndex(1 paths)[s3a://goes-se-sandbox/data/warehouse/tablespace/external/hive/demo_pauldefusco.db/merchants_skewed]","IsNotNull(merchant_id), IsNotNull(region)","merchant_id:bigint,region:string,risk_level:string","isnotnull(merchant_id#3810L), isnotnull(region#3812)","",false
1,16,322,"Parquet",0,0,0,0,"InMemoryFileIndex(1 paths)[s3a://goes-se-sandbox/data/warehouse/tablespace/external/hive/demo_pauldefusco.db/merchants_skewed]","IsNotNull(merchant_id), IsNotNull(region), IsNotNull(risk_level), IsNotNull(merchant_size)","merchant_id:bigint,region:string,risk_level:string,annual_revenue:double,merchant_size:string","isnotnull(merchant_id#2535L), isnotnull(region#2537), isnotnull(risk_level#2540), isnotnull(merchant_size#2542)","",false
1,16,69,"Parquet",0,0,0,0,"InMemoryFileIndex(1 paths)[s3a://goes-se-sandbox/data/warehouse/tablespace/external/hive/demo_pauldefusco.db/merchants_skewed]","IsNotNull(merchant_id)","merchant_id:bigint,region:string,risk_level:string,merchant_size:string","isnotnull(merchant_id#71L)","",false
1,16,284,"Parquet",0,0,0,0,"InMemoryFileIndex(1 paths)[s3a://goes-se-sandbox/data/warehouse/tablespace/external/hive/demo_pauldefusco.db/merchants_skewed]","IsNotNull(merchant_id), IsNotNull(region)","merchant_id:bigint,region:string,risk_level:string,merchant_size:string","isnotnull(merchant_id#2957L), isnotnull(region#2959)","",false
1,16,194,"Parquet",0,0,0,0,"InMemoryFileIndex(1 paths)[s3a://goes-se-sandbox/data/warehouse/tablespace/external/hive/demo_pauldefusco.db/merchants_skewed]","IsNotNull(merchant_id)","merchant_id:bigint,risk_level:string","isnotnull(merchant_id#2218L)","",false
1,16,115,"Parquet",0,0,0,0,"InMemoryFileIndex(1 paths)[s3a://goes-se-sandbox/data/warehouse/tablespace/external/hive/demo_pauldefusco.db/trs_v25]","IsNotNull(transaction_id), LessThan(transaction_id,12500000000), IsNotNull(customer_id), IsNotNull(account_id)","transaction_id:bigint,customer_id:bigint,account_id:bigint,merchant_id:bigint,branch_id:bigint,transaction_date:date","isnotnull(transaction_id#2650L), (transaction_id#2650L < 12500000000), isnotnull(customer_id#2651L), isnotnull(account_id#2652L)","",false
1,16,267,"Parquet",0,0,0,0,"InMemoryFileIndex(1 paths)[s3a://goes-se-sandbox/data/warehouse/tablespace/external/hive/demo_pauldefusco.db/trs_v25]","IsNotNull(transaction_id), LessThan(transaction_id,12500000000), IsNotNull(customer_id), IsNotNull(merchant_id), IsNotNull(merchant_category)","transaction_id:bigint,customer_id:bigint,account_id:bigint,merchant_id:bigint,branch_id:bigint,transaction_date:date,merchant_category:string","isnotnull(transaction_id#2922L), (transaction_id#2922L < 12500000000), isnotnull(customer_id#2923L), isnotnull(merchant_id#2925L), isnotnull(merchant_category#2929)","",false
1,16,388,"Parquet",0,0,0,0,"InMemoryFileIndex(1 paths)[s3a://goes-se-sandbox/data/warehouse/tablespace/external/hive/demo_pauldefusco.db/trs_v25]","IsNotNull(transaction_id), LessThan(transaction_id,12500000000), IsNotNull(merchant_category)","transaction_id:bigint,customer_id:bigint,account_id:bigint,merchant_id:bigint,branch_id:bigint,transaction_date:date,merchant_category:string","isnotnull(transaction_id#3970L), (transaction_id#3970L < 12500000000), isnotnull(merchant_category#3977)","",false
1,16,315,"Parquet",0,0,0,0,"InMemoryFileIndex(1 paths)[s3a://goes-se-sandbox/data/warehouse/tablespace/external/hive/demo_pauldefusco.db/trs_v25]","IsNotNull(transaction_id), LessThan(transaction_id,12500000000), IsNotNull(merchant_id), IsNotNull(merchant_category)","transaction_id:bigint,customer_id:bigint,account_id:bigint,merchant_id:bigint,branch_id:bigint,transaction_date:date,merchant_category:string,transaction_amount:double,fraud_flag:int","isnotnull(transaction_id#2500L), (transaction_id#2500L < 12500000000), isnotnull(merchant_id#2503L), isnotnull(merchant_category#2507)","",false
1,16,472,"Parquet",0,0,0,0,"InMemoryFileIndex(1 paths)[s3a://goes-se-sandbox/data/warehouse/tablespace/external/hive/demo_pauldefusco.db/trs_v25]","IsNotNull(transaction_id), IsNotNull(fraud_flag), LessThan(transaction_id,12500000000), EqualTo(fraud_flag,1), IsNotNull(merchant_category)","transaction_id:bigint,customer_id:bigint,account_id:bigint,merchant_id:bigint,branch_id:bigint,transaction_date:date,merchant_category:string,transaction_amount:double,fraud_flag:int","isnotnull(transaction_id#3775L), isnotnull(fraud_flag#3787), (transaction_id#3775L < 12500000000), (fraud_flag#3787 = 1), isnotnull(merchant_category#3782)","",false
1,16,50,"Parquet",0,0,0,0,"InMemoryFileIndex(1 paths)[s3a://goes-se-sandbox/data/warehouse/tablespace/external/hive/demo_pauldefusco.db/trs_v25]","IsNotNull(transaction_id), LessThan(transaction_id,12500000000)","transaction_id:bigint,customer_id:bigint,account_id:bigint,merchant_id:bigint,branch_id:bigint,transaction_date:date,merchant_category:string,transaction_amount:double,payment_channel:string,payment_type:string,device_type:string,fraud_flag:int","isnotnull(transaction_id#0L), (transaction_id#0L < 12500000000)","",false
1,16,175,"Parquet",0,0,0,0,"InMemoryFileIndex(1 paths)[s3a://goes-se-sandbox/data/warehouse/tablespace/external/hive/demo_pauldefusco.db/trs_v25]","IsNotNull(transaction_id), LessThan(transaction_id,12500000000), IsNotNull(customer_id)","transaction_id:bigint,customer_id:bigint,account_id:bigint,merchant_id:bigint,branch_id:bigint,transaction_date:date,transaction_amount:double,fraud_flag:int","isnotnull(transaction_id#2183L), (transaction_id#2183L < 12500000000), isnotnull(customer_id#2184L)","",false
1,16,226,"Parquet",0,0,0,0,"InMemoryFileIndex(1 paths)[s3a://goes-se-sandbox/data/warehouse/tablespace/external/hive/demo_pauldefusco.db/trs_v25]","IsNotNull(transaction_id), LessThan(transaction_id,12500000000), IsNotNull(account_id)","transaction_id:bigint,customer_id:bigint,account_id:bigint,merchant_id:bigint,branch_id:bigint,transaction_date:date,transaction_amount:double,fraud_flag:int","isnotnull(transaction_id#2307L), (transaction_id#2307L < 12500000000), isnotnull(account_id#2309L)","",false
1,16,434,"Parquet",0,0,0,0,"InMemoryFileIndex(1 paths)[s3a://goes-se-sandbox/data/warehouse/tablespace/external/hive/demo_pauldefusco.db/trs_v25]","IsNotNull(transaction_id), LessThan(transaction_id,12500000000)","transaction_id:bigint,customer_id:bigint,account_id:bigint,merchant_id:bigint,branch_id:bigint,transaction_date:date,transaction_amount:double,fraud_flag:int","isnotnull(transaction_id#3642L), (transaction_id#3642L < 12500000000)","",false
1,16,352,"Parquet",0,0,0,0,"InMemoryFileIndex(1 paths)[s3a://goes-se-sandbox/data/warehouse/tablespace/external/hive/demo_pauldefusco.db/trs_v25]","IsNotNull(transaction_id), LessThan(transaction_id,12500000000), IsNotNull(payment_channel), IsNotNull(payment_type), IsNotNull(device_type)","transaction_id:bigint,customer_id:bigint,account_id:bigint,merchant_id:bigint,branch_id:bigint,transaction_date:date,transaction_amount:double,payment_channel:string,payment_type:string,device_type:string,fraud_flag:int","isnotnull(transaction_id#3237L), (transaction_id#3237L < 12500000000), isnotnull(payment_channel#3246), isnotnull(payment_type#3247), isnotnull(device_type#3248)","",false
1,17,279,"Parquet",0,0,0,0,"InMemoryFileIndex(1 paths)[s3a://goes-se-sandbox/data/warehouse/tablespace/external/hive/demo_pauldefusco.db/accounts_skewed]","IsNotNull(account_id)","account_id:bigint","isnotnull(account_id#2948L)","",false
1,17,129,"Parquet",0,0,0,0,"InMemoryFileIndex(1 paths)[s3a://goes-se-sandbox/data/warehouse/tablespace/external/hive/demo_pauldefusco.db/accounts_skewed]","IsNotNull(account_id), IsNotNull(account_type)","account_id:bigint,account_type:string,account_status:string","isnotnull(account_id#2676L), isnotnull(account_type#2677)","",false
1,17,64,"Parquet",0,0,0,0,"InMemoryFileIndex(1 paths)[s3a://goes-se-sandbox/data/warehouse/tablespace/external/hive/demo_pauldefusco.db/accounts_skewed]","IsNotNull(account_id)","account_id:bigint,account_type:string,account_status:string,current_balance:double,credit_limit:double,interest_rate:double","isnotnull(account_id#52L)","",false
1,17,238,"Parquet",0,0,0,0,"InMemoryFileIndex(1 paths)[s3a://goes-se-sandbox/data/warehouse/tablespace/external/hive/demo_pauldefusco.db/accounts_skewed]","IsNotNull(account_id), IsNotNull(account_type), IsNotNull(account_status)","account_id:bigint,account_type:string,account_status:string,current_balance:double,credit_limit:double,interest_rate:double","isnotnull(account_id#2333L), isnotnull(account_type#2334), isnotnull(account_status#2336)","",false
1,17,189,"Parquet",0,0,0,0,"InMemoryFileIndex(1 paths)[s3a://goes-se-sandbox/data/warehouse/tablespace/external/hive/demo_pauldefusco.db/accounts_skewed]","IsNotNull(account_id)","account_id:bigint,current_balance:double,interest_rate:double","isnotnull(account_id#2209L)","",false
1,17,139,"Parquet",0,0,0,0,"InMemoryFileIndex(1 paths)[s3a://goes-se-sandbox/data/warehouse/tablespace/external/hive/demo_pauldefusco.db/branches_skewed]","IsNotNull(branch_id)","branch_id:bigint","isnotnull(branch_id#2695L)","",false
1,17,74,"Parquet",0,0,0,0,"InMemoryFileIndex(1 paths)[s3a://goes-se-sandbox/data/warehouse/tablespace/external/hive/demo_pauldefusco.db/branches_skewed]","IsNotNull(branch_id)","branch_id:bigint,region:string,branch_type:string","isnotnull(branch_id#91L)","",false
1,17,409,"Parquet",0,0,0,0,"InMemoryFileIndex(1 paths)[s3a://goes-se-sandbox/data/warehouse/tablespace/external/hive/demo_pauldefusco.db/branches_skewed]","IsNotNull(branch_id), IsNotNull(region), IsNotNull(branch_type)","branch_id:bigint,region:string,branch_type:string","isnotnull(branch_id#4015L), isnotnull(region#4018), isnotnull(branch_type#4019)","",false
1,17,450,"Parquet",0,0,0,0,"InMemoryFileIndex(1 paths)[s3a://goes-se-sandbox/data/warehouse/tablespace/external/hive/demo_pauldefusco.db/branches_skewed]","IsNotNull(branch_id), IsNotNull(region), IsNotNull(branch_type)","branch_id:bigint,region:string,branch_type:string,assets_under_management:double,annual_operating_cost:double","isnotnull(branch_id#3687L), isnotnull(region#3690), isnotnull(branch_type#3691)","",false
1,17,144,"Parquet",0,0,0,0,"InMemoryFileIndex(1 paths)[s3a://goes-se-sandbox/data/warehouse/tablespace/external/hive/demo_pauldefusco.db/calendar]","IsNotNull(calendar_date), IsNotNull(year), IsNotNull(month)","calendar_date:date,year:int,month:int","isnotnull(calendar_date#2706), isnotnull(year#2708), isnotnull(month#2710)","",false
1,17,199,"Parquet",0,0,0,0,"InMemoryFileIndex(1 paths)[s3a://goes-se-sandbox/data/warehouse/tablespace/external/hive/demo_pauldefusco.db/calendar]","IsNotNull(calendar_date), IsNotNull(year), IsNotNull(month)","calendar_date:date,year:int,month:int,is_weekend:boolean","isnotnull(calendar_date#2239), isnotnull(year#2241), isnotnull(month#2243)","",false
1,17,289,"Parquet",0,0,0,0,"InMemoryFileIndex(1 paths)[s3a://goes-se-sandbox/data/warehouse/tablespace/external/hive/demo_pauldefusco.db/calendar]","IsNotNull(calendar_date), IsNotNull(year), IsNotNull(quarter)","calendar_date:date,year:int,quarter:int","isnotnull(calendar_date#2978), isnotnull(year#2980), isnotnull(quarter#2981)","",false
1,17,327,"Parquet",0,0,0,0,"InMemoryFileIndex(1 paths)[s3a://goes-se-sandbox/data/warehouse/tablespace/external/hive/demo_pauldefusco.db/calendar]","IsNotNull(calendar_date), IsNotNull(year), IsNotNull(quarter)","calendar_date:date,year:int,quarter:int,is_weekend:boolean","isnotnull(calendar_date#2556), isnotnull(year#2558), isnotnull(quarter#2559)","",false
1,17,79,"Parquet",0,0,0,0,"InMemoryFileIndex(1 paths)[s3a://goes-se-sandbox/data/warehouse/tablespace/external/hive/demo_pauldefusco.db/calendar]","IsNotNull(calendar_date)","calendar_date:date,year:int,quarter:int,month:int,is_weekend:boolean","isnotnull(calendar_date#113)","",false
1,17,272,"Parquet",0,0,0,0,"InMemoryFileIndex(1 paths)[s3a://goes-se-sandbox/data/warehouse/tablespace/external/hive/demo_pauldefusco.db/customers_skewed]","IsNotNull(customer_id)","customer_id:bigint","isnotnull(customer_id#2937L)","",false
1,17,231,"Parquet",0,0,0,0,"InMemoryFileIndex(1 paths)[s3a://goes-se-sandbox/data/warehouse/tablespace/external/hive/demo_pauldefusco.db/customers_skewed]","IsNotNull(customer_id)","customer_id:bigint,credit_score:int","isnotnull(customer_id#2322L)","",false
1,17,444,"Parquet",0,0,0,0,"InMemoryFileIndex(1 paths)[s3a://goes-se-sandbox/data/warehouse/tablespace/external/hive/demo_pauldefusco.db/customers_skewed]","IsNotNull(customer_id), IsNotNull(customer_segment), IsNotNull(income_band)","customer_id:bigint,credit_score:int,income_band:string,customer_segment:string","isnotnull(customer_id#3657L), isnotnull(customer_segment#3664), isnotnull(income_band#3662)","",false
1,17,182,"Parquet",0,0,0,0,"InMemoryFileIndex(1 paths)[s3a://goes-se-sandbox/data/warehouse/tablespace/external/hive/demo_pauldefusco.db/customers_skewed]","IsNotNull(customer_id), IsNotNull(customer_segment), IsNotNull(income_band), IsNotNull(risk_rating)","customer_id:bigint,credit_score:int,income_band:string,customer_segment:string,risk_rating:string","isnotnull(customer_id#2198L), isnotnull(customer_segment#2205), isnotnull(income_band#2203), isnotnull(risk_rating#2207)","",false
1,17,57,"Parquet",0,0,0,0,"InMemoryFileIndex(1 paths)[s3a://goes-se-sandbox/data/warehouse/tablespace/external/hive/demo_pauldefusco.db/customers_skewed]","IsNotNull(customer_id)","customer_id:bigint,credit_score:int,income_band:string,estimated_income:double,customer_segment:string,risk_rating:string","isnotnull(customer_id#31L)","",false
1,17,397,"Parquet",0,0,0,0,"InMemoryFileIndex(1 paths)[s3a://goes-se-sandbox/data/warehouse/tablespace/external/hive/demo_pauldefusco.db/customers_skewed]","IsNotNull(customer_id), IsNotNull(customer_segment), IsNotNull(income_band)","customer_id:bigint,income_band:string,customer_segment:string","isnotnull(customer_id#3985L), isnotnull(customer_segment#3992), isnotnull(income_band#3990)","",false
1,17,122,"Parquet",0,0,0,0,"InMemoryFileIndex(1 paths)[s3a://goes-se-sandbox/data/warehouse/tablespace/external/hive/demo_pauldefusco.db/customers_skewed]","IsNotNull(customer_id), IsNotNull(customer_segment), IsNotNull(income_band), IsNotNull(risk_rating)","customer_id:bigint,income_band:string,customer_segment:string,risk_rating:string","isnotnull(customer_id#2665L), isnotnull(customer_segment#2672), isnotnull(income_band#2670), isnotnull(risk_rating#2674)","",false
1,17,134,"Parquet",0,0,0,0,"InMemoryFileIndex(1 paths)[s3a://goes-se-sandbox/data/warehouse/tablespace/external/hive/demo_pauldefusco.db/merchants_skewed]","IsNotNull(merchant_id)","merchant_id:bigint","isnotnull(merchant_id#2685L)","",false
1,17,404,"Parquet",0,0,0,0,"InMemoryFileIndex(1 paths)[s3a://goes-se-sandbox/data/warehouse/tablespace/external/hive/demo_pauldefusco.db/merchants_skewed]","IsNotNull(merchant_id), IsNotNull(region)","merchant_id:bigint,region:string","isnotnull(merchant_id#4005L), isnotnull(region#4007)","",false
1,17,482,"Parquet",0,0,0,0,"InMemoryFileIndex(1 paths)[s3a://goes-se-sandbox/data/warehouse/tablespace/external/hive/demo_pauldefusco.db/merchants_skewed]","IsNotNull(merchant_id), IsNotNull(region)","merchant_id:bigint,region:string,risk_level:string","isnotnull(merchant_id#3810L), isnotnull(region#3812)","",false
1,17,322,"Parquet",0,0,0,0,"InMemoryFileIndex(1 paths)[s3a://goes-se-sandbox/data/warehouse/tablespace/external/hive/demo_pauldefusco.db/merchants_skewed]","IsNotNull(merchant_id), IsNotNull(region), IsNotNull(risk_level), IsNotNull(merchant_size)","merchant_id:bigint,region:string,risk_level:string,annual_revenue:double,merchant_size:string","isnotnull(merchant_id#2535L), isnotnull(region#2537), isnotnull(risk_level#2540), isnotnull(merchant_size#2542)","",false
1,17,69,"Parquet",0,0,0,0,"InMemoryFileIndex(1 paths)[s3a://goes-se-sandbox/data/warehouse/tablespace/external/hive/demo_pauldefusco.db/merchants_skewed]","IsNotNull(merchant_id)","merchant_id:bigint,region:string,risk_level:string,merchant_size:string","isnotnull(merchant_id#71L)","",false
1,17,284,"Parquet",0,0,0,0,"InMemoryFileIndex(1 paths)[s3a://goes-se-sandbox/data/warehouse/tablespace/external/hive/demo_pauldefusco.db/merchants_skewed]","IsNotNull(merchant_id), IsNotNull(region)","merchant_id:bigint,region:string,risk_level:string,merchant_size:string","isnotnull(merchant_id#2957L), isnotnull(region#2959)","",false
1,17,194,"Parquet",0,0,0,0,"InMemoryFileIndex(1 paths)[s3a://goes-se-sandbox/data/warehouse/tablespace/external/hive/demo_pauldefusco.db/merchants_skewed]","IsNotNull(merchant_id)","merchant_id:bigint,risk_level:string","isnotnull(merchant_id#2218L)","",false
1,17,115,"Parquet",0,0,0,0,"InMemoryFileIndex(1 paths)[s3a://goes-se-sandbox/data/warehouse/tablespace/external/hive/demo_pauldefusco.db/trs_v25]","IsNotNull(transaction_id), LessThan(transaction_id,12500000000), IsNotNull(customer_id), IsNotNull(account_id)","transaction_id:bigint,customer_id:bigint,account_id:bigint,merchant_id:bigint,branch_id:bigint,transaction_date:date","isnotnull(transaction_id#2650L), (transaction_id#2650L < 12500000000), isnotnull(customer_id#2651L), isnotnull(account_id#2652L)","",false
1,17,267,"Parquet",0,0,0,0,"InMemoryFileIndex(1 paths)[s3a://goes-se-sandbox/data/warehouse/tablespace/external/hive/demo_pauldefusco.db/trs_v25]","IsNotNull(transaction_id), LessThan(transaction_id,12500000000), IsNotNull(customer_id), IsNotNull(merchant_id), IsNotNull(merchant_category)","transaction_id:bigint,customer_id:bigint,account_id:bigint,merchant_id:bigint,branch_id:bigint,transaction_date:date,merchant_category:string","isnotnull(transaction_id#2922L), (transaction_id#2922L < 12500000000), isnotnull(customer_id#2923L), isnotnull(merchant_id#2925L), isnotnull(merchant_category#2929)","",false
1,17,390,"Parquet",0,0,0,0,"InMemoryFileIndex(1 paths)[s3a://goes-se-sandbox/data/warehouse/tablespace/external/hive/demo_pauldefusco.db/trs_v25]","IsNotNull(transaction_id), LessThan(transaction_id,12500000000), IsNotNull(merchant_category)","transaction_id:bigint,customer_id:bigint,account_id:bigint,merchant_id:bigint,branch_id:bigint,transaction_date:date,merchant_category:string","isnotnull(transaction_id#3970L), (transaction_id#3970L < 12500000000), isnotnull(merchant_category#3977)","",false
1,17,315,"Parquet",0,0,0,0,"InMemoryFileIndex(1 paths)[s3a://goes-se-sandbox/data/warehouse/tablespace/external/hive/demo_pauldefusco.db/trs_v25]","IsNotNull(transaction_id), LessThan(transaction_id,12500000000), IsNotNull(merchant_id), IsNotNull(merchant_category)","transaction_id:bigint,customer_id:bigint,account_id:bigint,merchant_id:bigint,branch_id:bigint,transaction_date:date,merchant_category:string,transaction_amount:double,fraud_flag:int","isnotnull(transaction_id#2500L), (transaction_id#2500L < 12500000000), isnotnull(merchant_id#2503L), isnotnull(merchant_category#2507)","",false
1,17,475,"Parquet",0,0,0,0,"InMemoryFileIndex(1 paths)[s3a://goes-se-sandbox/data/warehouse/tablespace/external/hive/demo_pauldefusco.db/trs_v25]","IsNotNull(transaction_id), IsNotNull(fraud_flag), LessThan(transaction_id,12500000000), EqualTo(fraud_flag,1), IsNotNull(merchant_category)","transaction_id:bigint,customer_id:bigint,account_id:bigint,merchant_id:bigint,branch_id:bigint,transaction_date:date,merchant_category:string,transaction_amount:double,fraud_flag:int","isnotnull(transaction_id#3775L), isnotnull(fraud_flag#3787), (transaction_id#3775L < 12500000000), (fraud_flag#3787 = 1), isnotnull(merchant_category#3782)","",false
1,17,50,"Parquet",0,0,0,0,"InMemoryFileIndex(1 paths)[s3a://goes-se-sandbox/data/warehouse/tablespace/external/hive/demo_pauldefusco.db/trs_v25]","IsNotNull(transaction_id), LessThan(transaction_id,12500000000)","transaction_id:bigint,customer_id:bigint,account_id:bigint,merchant_id:bigint,branch_id:bigint,transaction_date:date,merchant_category:string,transaction_amount:double,payment_channel:string,payment_type:string,device_type:string,fraud_flag:int","isnotnull(transaction_id#0L), (transaction_id#0L < 12500000000)","",false
1,17,175,"Parquet",0,0,0,0,"InMemoryFileIndex(1 paths)[s3a://goes-se-sandbox/data/warehouse/tablespace/external/hive/demo_pauldefusco.db/trs_v25]","IsNotNull(transaction_id), LessThan(transaction_id,12500000000), IsNotNull(customer_id)","transaction_id:bigint,customer_id:bigint,account_id:bigint,merchant_id:bigint,branch_id:bigint,transaction_date:date,transaction_amount:double,fraud_flag:int","isnotnull(transaction_id#2183L), (transaction_id#2183L < 12500000000), isnotnull(customer_id#2184L)","",false
1,17,226,"Parquet",0,0,0,0,"InMemoryFileIndex(1 paths)[s3a://goes-se-sandbox/data/warehouse/tablespace/external/hive/demo_pauldefusco.db/trs_v25]","IsNotNull(transaction_id), LessThan(transaction_id,12500000000), IsNotNull(account_id)","transaction_id:bigint,customer_id:bigint,account_id:bigint,merchant_id:bigint,branch_id:bigint,transaction_date:date,transaction_amount:double,fraud_flag:int","isnotnull(transaction_id#2307L), (transaction_id#2307L < 12500000000), isnotnull(account_id#2309L)","",false
1,17,437,"Parquet",0,0,0,0,"InMemoryFileIndex(1 paths)[s3a://goes-se-sandbox/data/warehouse/tablespace/external/hive/demo_pauldefusco.db/trs_v25]","IsNotNull(transaction_id), LessThan(transaction_id,12500000000)","transaction_id:bigint,customer_id:bigint,account_id:bigint,merchant_id:bigint,branch_id:bigint,transaction_date:date,transaction_amount:double,fraud_flag:int","isnotnull(transaction_id#3642L), (transaction_id#3642L < 12500000000)","",false
1,17,352,"Parquet",0,0,0,0,"InMemoryFileIndex(1 paths)[s3a://goes-se-sandbox/data/warehouse/tablespace/external/hive/demo_pauldefusco.db/trs_v25]","IsNotNull(transaction_id), LessThan(transaction_id,12500000000), IsNotNull(payment_channel), IsNotNull(payment_type), IsNotNull(device_type)","transaction_id:bigint,customer_id:bigint,account_id:bigint,merchant_id:bigint,branch_id:bigint,transaction_date:date,transaction_amount:double,payment_channel:string,payment_type:string,device_type:string,fraud_flag:int","isnotnull(transaction_id#3237L), (transaction_id#3237L < 12500000000), isnotnull(payment_channel#3246), isnotnull(payment_type#3247), isnotnull(device_type#3248)","",false
1,18,280,"Parquet",0,0,0,0,"InMemoryFileIndex(1 paths)[s3a://goes-se-sandbox/data/warehouse/tablespace/external/hive/demo_pauldefusco.db/accounts_skewed]","IsNotNull(account_id)","account_id:bigint","isnotnull(account_id#2948L)","",false
1,18,129,"Parquet",0,0,0,0,"InMemoryFileIndex(1 paths)[s3a://goes-se-sandbox/data/warehouse/tablespace/external/hive/demo_pauldefusco.db/accounts_skewed]","IsNotNull(account_id), IsNotNull(account_type)","account_id:bigint,account_type:string,account_status:string","isnotnull(account_id#2676L), isnotnull(account_type#2677)","",false
1,18,64,"Parquet",0,0,0,0,"InMemoryFileIndex(1 paths)[s3a://goes-se-sandbox/data/warehouse/tablespace/external/hive/demo_pauldefusco.db/accounts_skewed]","IsNotNull(account_id)","account_id:bigint,account_type:string,account_status:string,current_balance:double,credit_limit:double,interest_rate:double","isnotnull(account_id#52L)","",false
1,18,239,"Parquet",0,0,0,0,"InMemoryFileIndex(1 paths)[s3a://goes-se-sandbox/data/warehouse/tablespace/external/hive/demo_pauldefusco.db/accounts_skewed]","IsNotNull(account_id), IsNotNull(account_type), IsNotNull(account_status)","account_id:bigint,account_type:string,account_status:string,current_balance:double,credit_limit:double,interest_rate:double","isnotnull(account_id#2333L), isnotnull(account_type#2334), isnotnull(account_status#2336)","",false
1,18,189,"Parquet",0,0,0,0,"InMemoryFileIndex(1 paths)[s3a://goes-se-sandbox/data/warehouse/tablespace/external/hive/demo_pauldefusco.db/accounts_skewed]","IsNotNull(account_id)","account_id:bigint,current_balance:double,interest_rate:double","isnotnull(account_id#2209L)","",false
1,18,139,"Parquet",0,0,0,0,"InMemoryFileIndex(1 paths)[s3a://goes-se-sandbox/data/warehouse/tablespace/external/hive/demo_pauldefusco.db/branches_skewed]","IsNotNull(branch_id)","branch_id:bigint","isnotnull(branch_id#2695L)","",false
1,18,74,"Parquet",0,0,0,0,"InMemoryFileIndex(1 paths)[s3a://goes-se-sandbox/data/warehouse/tablespace/external/hive/demo_pauldefusco.db/branches_skewed]","IsNotNull(branch_id)","branch_id:bigint,region:string,branch_type:string","isnotnull(branch_id#91L)","",false
1,18,410,"Parquet",0,0,0,0,"InMemoryFileIndex(1 paths)[s3a://goes-se-sandbox/data/warehouse/tablespace/external/hive/demo_pauldefusco.db/branches_skewed]","IsNotNull(branch_id), IsNotNull(region), IsNotNull(branch_type)","branch_id:bigint,region:string,branch_type:string","isnotnull(branch_id#4015L), isnotnull(region#4018), isnotnull(branch_type#4019)","",false
1,18,451,"Parquet",0,0,0,0,"InMemoryFileIndex(1 paths)[s3a://goes-se-sandbox/data/warehouse/tablespace/external/hive/demo_pauldefusco.db/branches_skewed]","IsNotNull(branch_id), IsNotNull(region), IsNotNull(branch_type)","branch_id:bigint,region:string,branch_type:string,assets_under_management:double,annual_operating_cost:double","isnotnull(branch_id#3687L), isnotnull(region#3690), isnotnull(branch_type#3691)","",false
1,18,144,"Parquet",0,0,0,0,"InMemoryFileIndex(1 paths)[s3a://goes-se-sandbox/data/warehouse/tablespace/external/hive/demo_pauldefusco.db/calendar]","IsNotNull(calendar_date), IsNotNull(year), IsNotNull(month)","calendar_date:date,year:int,month:int","isnotnull(calendar_date#2706), isnotnull(year#2708), isnotnull(month#2710)","",false
1,18,199,"Parquet",0,0,0,0,"InMemoryFileIndex(1 paths)[s3a://goes-se-sandbox/data/warehouse/tablespace/external/hive/demo_pauldefusco.db/calendar]","IsNotNull(calendar_date), IsNotNull(year), IsNotNull(month)","calendar_date:date,year:int,month:int,is_weekend:boolean","isnotnull(calendar_date#2239), isnotnull(year#2241), isnotnull(month#2243)","",false
1,18,290,"Parquet",0,0,0,0,"InMemoryFileIndex(1 paths)[s3a://goes-se-sandbox/data/warehouse/tablespace/external/hive/demo_pauldefusco.db/calendar]","IsNotNull(calendar_date), IsNotNull(year), IsNotNull(quarter)","calendar_date:date,year:int,quarter:int","isnotnull(calendar_date#2978), isnotnull(year#2980), isnotnull(quarter#2981)","",false
1,18,328,"Parquet",0,0,0,0,"InMemoryFileIndex(1 paths)[s3a://goes-se-sandbox/data/warehouse/tablespace/external/hive/demo_pauldefusco.db/calendar]","IsNotNull(calendar_date), IsNotNull(year), IsNotNull(quarter)","calendar_date:date,year:int,quarter:int,is_weekend:boolean","isnotnull(calendar_date#2556), isnotnull(year#2558), isnotnull(quarter#2559)","",false
1,18,79,"Parquet",0,0,0,0,"InMemoryFileIndex(1 paths)[s3a://goes-se-sandbox/data/warehouse/tablespace/external/hive/demo_pauldefusco.db/calendar]","IsNotNull(calendar_date)","calendar_date:date,year:int,quarter:int,month:int,is_weekend:boolean","isnotnull(calendar_date#113)","",false
1,18,273,"Parquet",0,0,0,0,"InMemoryFileIndex(1 paths)[s3a://goes-se-sandbox/data/warehouse/tablespace/external/hive/demo_pauldefusco.db/customers_skewed]","IsNotNull(customer_id)","customer_id:bigint","isnotnull(customer_id#2937L)","",false
1,18,232,"Parquet",0,0,0,0,"InMemoryFileIndex(1 paths)[s3a://goes-se-sandbox/data/warehouse/tablespace/external/hive/demo_pauldefusco.db/customers_skewed]","IsNotNull(customer_id)","customer_id:bigint,credit_score:int","isnotnull(customer_id#2322L)","",false
1,18,445,"Parquet",0,0,0,0,"InMemoryFileIndex(1 paths)[s3a://goes-se-sandbox/data/warehouse/tablespace/external/hive/demo_pauldefusco.db/customers_skewed]","IsNotNull(customer_id), IsNotNull(customer_segment), IsNotNull(income_band)","customer_id:bigint,credit_score:int,income_band:string,customer_segment:string","isnotnull(customer_id#3657L), isnotnull(customer_segment#3664), isnotnull(income_band#3662)","",false
1,18,182,"Parquet",0,0,0,0,"InMemoryFileIndex(1 paths)[s3a://goes-se-sandbox/data/warehouse/tablespace/external/hive/demo_pauldefusco.db/customers_skewed]","IsNotNull(customer_id), IsNotNull(customer_segment), IsNotNull(income_band), IsNotNull(risk_rating)","customer_id:bigint,credit_score:int,income_band:string,customer_segment:string,risk_rating:string","isnotnull(customer_id#2198L), isnotnull(customer_segment#2205), isnotnull(income_band#2203), isnotnull(risk_rating#2207)","",false
1,18,57,"Parquet",0,0,0,0,"InMemoryFileIndex(1 paths)[s3a://goes-se-sandbox/data/warehouse/tablespace/external/hive/demo_pauldefusco.db/customers_skewed]","IsNotNull(customer_id)","customer_id:bigint,credit_score:int,income_band:string,estimated_income:double,customer_segment:string,risk_rating:string","isnotnull(customer_id#31L)","",false
1,18,398,"Parquet",0,0,0,0,"InMemoryFileIndex(1 paths)[s3a://goes-se-sandbox/data/warehouse/tablespace/external/hive/demo_pauldefusco.db/customers_skewed]","IsNotNull(customer_id), IsNotNull(customer_segment), IsNotNull(income_band)","customer_id:bigint,income_band:string,customer_segment:string","isnotnull(customer_id#3985L), isnotnull(customer_segment#3992), isnotnull(income_band#3990)","",false
1,18,122,"Parquet",0,0,0,0,"InMemoryFileIndex(1 paths)[s3a://goes-se-sandbox/data/warehouse/tablespace/external/hive/demo_pauldefusco.db/customers_skewed]","IsNotNull(customer_id), IsNotNull(customer_segment), IsNotNull(income_band), IsNotNull(risk_rating)","customer_id:bigint,income_band:string,customer_segment:string,risk_rating:string","isnotnull(customer_id#2665L), isnotnull(customer_segment#2672), isnotnull(income_band#2670), isnotnull(risk_rating#2674)","",false
1,18,134,"Parquet",0,0,0,0,"InMemoryFileIndex(1 paths)[s3a://goes-se-sandbox/data/warehouse/tablespace/external/hive/demo_pauldefusco.db/merchants_skewed]","IsNotNull(merchant_id)","merchant_id:bigint","isnotnull(merchant_id#2685L)","",false
1,18,405,"Parquet",0,0,0,0,"InMemoryFileIndex(1 paths)[s3a://goes-se-sandbox/data/warehouse/tablespace/external/hive/demo_pauldefusco.db/merchants_skewed]","IsNotNull(merchant_id), IsNotNull(region)","merchant_id:bigint,region:string","isnotnull(merchant_id#4005L), isnotnull(region#4007)","",false
1,18,483,"Parquet",0,0,0,0,"InMemoryFileIndex(1 paths)[s3a://goes-se-sandbox/data/warehouse/tablespace/external/hive/demo_pauldefusco.db/merchants_skewed]","IsNotNull(merchant_id), IsNotNull(region)","merchant_id:bigint,region:string,risk_level:string","isnotnull(merchant_id#3810L), isnotnull(region#3812)","",false
1,18,323,"Parquet",0,0,0,0,"InMemoryFileIndex(1 paths)[s3a://goes-se-sandbox/data/warehouse/tablespace/external/hive/demo_pauldefusco.db/merchants_skewed]","IsNotNull(merchant_id), IsNotNull(region), IsNotNull(risk_level), IsNotNull(merchant_size)","merchant_id:bigint,region:string,risk_level:string,annual_revenue:double,merchant_size:string","isnotnull(merchant_id#2535L), isnotnull(region#2537), isnotnull(risk_level#2540), isnotnull(merchant_size#2542)","",false
1,18,69,"Parquet",0,0,0,0,"InMemoryFileIndex(1 paths)[s3a://goes-se-sandbox/data/warehouse/tablespace/external/hive/demo_pauldefusco.db/merchants_skewed]","IsNotNull(merchant_id)","merchant_id:bigint,region:string,risk_level:string,merchant_size:string","isnotnull(merchant_id#71L)","",false
1,18,285,"Parquet",0,0,0,0,"InMemoryFileIndex(1 paths)[s3a://goes-se-sandbox/data/warehouse/tablespace/external/hive/demo_pauldefusco.db/merchants_skewed]","IsNotNull(merchant_id), IsNotNull(region)","merchant_id:bigint,region:string,risk_level:string,merchant_size:string","isnotnull(merchant_id#2957L), isnotnull(region#2959)","",false
1,18,194,"Parquet",0,0,0,0,"InMemoryFileIndex(1 paths)[s3a://goes-se-sandbox/data/warehouse/tablespace/external/hive/demo_pauldefusco.db/merchants_skewed]","IsNotNull(merchant_id)","merchant_id:bigint,risk_level:string","isnotnull(merchant_id#2218L)","",false
1,18,115,"Parquet",0,0,0,0,"InMemoryFileIndex(1 paths)[s3a://goes-se-sandbox/data/warehouse/tablespace/external/hive/demo_pauldefusco.db/trs_v25]","IsNotNull(transaction_id), LessThan(transaction_id,12500000000), IsNotNull(customer_id), IsNotNull(account_id)","transaction_id:bigint,customer_id:bigint,account_id:bigint,merchant_id:bigint,branch_id:bigint,transaction_date:date","isnotnull(transaction_id#2650L), (transaction_id#2650L < 12500000000), isnotnull(customer_id#2651L), isnotnull(account_id#2652L)","",false
1,18,268,"Parquet",0,0,0,0,"InMemoryFileIndex(1 paths)[s3a://goes-se-sandbox/data/warehouse/tablespace/external/hive/demo_pauldefusco.db/trs_v25]","IsNotNull(transaction_id), LessThan(transaction_id,12500000000), IsNotNull(customer_id), IsNotNull(merchant_id), IsNotNull(merchant_category)","transaction_id:bigint,customer_id:bigint,account_id:bigint,merchant_id:bigint,branch_id:bigint,transaction_date:date,merchant_category:string","isnotnull(transaction_id#2922L), (transaction_id#2922L < 12500000000), isnotnull(customer_id#2923L), isnotnull(merchant_id#2925L), isnotnull(merchant_category#2929)","",false
1,18,391,"Parquet",0,0,0,0,"InMemoryFileIndex(1 paths)[s3a://goes-se-sandbox/data/warehouse/tablespace/external/hive/demo_pauldefusco.db/trs_v25]","IsNotNull(transaction_id), LessThan(transaction_id,12500000000), IsNotNull(merchant_category)","transaction_id:bigint,customer_id:bigint,account_id:bigint,merchant_id:bigint,branch_id:bigint,transaction_date:date,merchant_category:string","isnotnull(transaction_id#3970L), (transaction_id#3970L < 12500000000), isnotnull(merchant_category#3977)","",false
1,18,316,"Parquet",0,0,0,0,"InMemoryFileIndex(1 paths)[s3a://goes-se-sandbox/data/warehouse/tablespace/external/hive/demo_pauldefusco.db/trs_v25]","IsNotNull(transaction_id), LessThan(transaction_id,12500000000), IsNotNull(merchant_id), IsNotNull(merchant_category)","transaction_id:bigint,customer_id:bigint,account_id:bigint,merchant_id:bigint,branch_id:bigint,transaction_date:date,merchant_category:string,transaction_amount:double,fraud_flag:int","isnotnull(transaction_id#2500L), (transaction_id#2500L < 12500000000), isnotnull(merchant_id#2503L), isnotnull(merchant_category#2507)","",false
1,18,476,"Parquet",0,0,0,0,"InMemoryFileIndex(1 paths)[s3a://goes-se-sandbox/data/warehouse/tablespace/external/hive/demo_pauldefusco.db/trs_v25]","IsNotNull(transaction_id), IsNotNull(fraud_flag), LessThan(transaction_id,12500000000), EqualTo(fraud_flag,1), IsNotNull(merchant_category)","transaction_id:bigint,customer_id:bigint,account_id:bigint,merchant_id:bigint,branch_id:bigint,transaction_date:date,merchant_category:string,transaction_amount:double,fraud_flag:int","isnotnull(transaction_id#3775L), isnotnull(fraud_flag#3787), (transaction_id#3775L < 12500000000), (fraud_flag#3787 = 1), isnotnull(merchant_category#3782)","",false
1,18,50,"Parquet",0,0,0,0,"InMemoryFileIndex(1 paths)[s3a://goes-se-sandbox/data/warehouse/tablespace/external/hive/demo_pauldefusco.db/trs_v25]","IsNotNull(transaction_id), LessThan(transaction_id,12500000000)","transaction_id:bigint,customer_id:bigint,account_id:bigint,merchant_id:bigint,branch_id:bigint,transaction_date:date,merchant_category:string,transaction_amount:double,payment_channel:string,payment_type:string,device_type:string,fraud_flag:int","isnotnull(transaction_id#0L), (transaction_id#0L < 12500000000)","",false
1,18,175,"Parquet",0,0,0,0,"InMemoryFileIndex(1 paths)[s3a://goes-se-sandbox/data/warehouse/tablespace/external/hive/demo_pauldefusco.db/trs_v25]","IsNotNull(transaction_id), LessThan(transaction_id,12500000000), IsNotNull(customer_id)","transaction_id:bigint,customer_id:bigint,account_id:bigint,merchant_id:bigint,branch_id:bigint,transaction_date:date,transaction_amount:double,fraud_flag:int","isnotnull(transaction_id#2183L), (transaction_id#2183L < 12500000000), isnotnull(customer_id#2184L)","",false
1,18,227,"Parquet",0,0,0,0,"InMemoryFileIndex(1 paths)[s3a://goes-se-sandbox/data/warehouse/tablespace/external/hive/demo_pauldefusco.db/trs_v25]","IsNotNull(transaction_id), LessThan(transaction_id,12500000000), IsNotNull(account_id)","transaction_id:bigint,customer_id:bigint,account_id:bigint,merchant_id:bigint,branch_id:bigint,transaction_date:date,transaction_amount:double,fraud_flag:int","isnotnull(transaction_id#2307L), (transaction_id#2307L < 12500000000), isnotnull(account_id#2309L)","",false
1,18,438,"Parquet",0,0,0,0,"InMemoryFileIndex(1 paths)[s3a://goes-se-sandbox/data/warehouse/tablespace/external/hive/demo_pauldefusco.db/trs_v25]","IsNotNull(transaction_id), LessThan(transaction_id,12500000000)","transaction_id:bigint,customer_id:bigint,account_id:bigint,merchant_id:bigint,branch_id:bigint,transaction_date:date,transaction_amount:double,fraud_flag:int","isnotnull(transaction_id#3642L), (transaction_id#3642L < 12500000000)","",false
1,18,353,"Parquet",0,0,0,0,"InMemoryFileIndex(1 paths)[s3a://goes-se-sandbox/data/warehouse/tablespace/external/hive/demo_pauldefusco.db/trs_v25]","IsNotNull(transaction_id), LessThan(transaction_id,12500000000), IsNotNull(payment_channel), IsNotNull(payment_type), IsNotNull(device_type)","transaction_id:bigint,customer_id:bigint,account_id:bigint,merchant_id:bigint,branch_id:bigint,transaction_date:date,transaction_amount:double,payment_channel:string,payment_type:string,device_type:string,fraud_flag:int","isnotnull(transaction_id#3237L), (transaction_id#3237L < 12500000000), isnotnull(payment_channel#3246), isnotnull(payment_type#3247), isnotnull(device_type#3248)","",false
1,19,280,"Parquet",0,0,0,0,"InMemoryFileIndex(1 paths)[s3a://goes-se-sandbox/data/warehouse/tablespace/external/hive/demo_pauldefusco.db/accounts_skewed]","IsNotNull(account_id)","account_id:bigint","isnotnull(account_id#2948L)","",false
1,19,129,"Parquet",0,0,0,0,"InMemoryFileIndex(1 paths)[s3a://goes-se-sandbox/data/warehouse/tablespace/external/hive/demo_pauldefusco.db/accounts_skewed]","IsNotNull(account_id), IsNotNull(account_type)","account_id:bigint,account_type:string,account_status:string","isnotnull(account_id#2676L), isnotnull(account_type#2677)","",false
1,19,64,"Parquet",0,0,0,0,"InMemoryFileIndex(1 paths)[s3a://goes-se-sandbox/data/warehouse/tablespace/external/hive/demo_pauldefusco.db/accounts_skewed]","IsNotNull(account_id)","account_id:bigint,account_type:string,account_status:string,current_balance:double,credit_limit:double,interest_rate:double","isnotnull(account_id#52L)","",false
1,19,239,"Parquet",0,0,0,0,"InMemoryFileIndex(1 paths)[s3a://goes-se-sandbox/data/warehouse/tablespace/external/hive/demo_pauldefusco.db/accounts_skewed]","IsNotNull(account_id), IsNotNull(account_type), IsNotNull(account_status)","account_id:bigint,account_type:string,account_status:string,current_balance:double,credit_limit:double,interest_rate:double","isnotnull(account_id#2333L), isnotnull(account_type#2334), isnotnull(account_status#2336)","",false
1,19,189,"Parquet",0,0,0,0,"InMemoryFileIndex(1 paths)[s3a://goes-se-sandbox/data/warehouse/tablespace/external/hive/demo_pauldefusco.db/accounts_skewed]","IsNotNull(account_id)","account_id:bigint,current_balance:double,interest_rate:double","isnotnull(account_id#2209L)","",false
1,19,139,"Parquet",0,0,0,0,"InMemoryFileIndex(1 paths)[s3a://goes-se-sandbox/data/warehouse/tablespace/external/hive/demo_pauldefusco.db/branches_skewed]","IsNotNull(branch_id)","branch_id:bigint","isnotnull(branch_id#2695L)","",false
1,19,74,"Parquet",0,0,0,0,"InMemoryFileIndex(1 paths)[s3a://goes-se-sandbox/data/warehouse/tablespace/external/hive/demo_pauldefusco.db/branches_skewed]","IsNotNull(branch_id)","branch_id:bigint,region:string,branch_type:string","isnotnull(branch_id#91L)","",false
1,19,411,"Parquet",0,0,0,0,"InMemoryFileIndex(1 paths)[s3a://goes-se-sandbox/data/warehouse/tablespace/external/hive/demo_pauldefusco.db/branches_skewed]","IsNotNull(branch_id), IsNotNull(region), IsNotNull(branch_type)","branch_id:bigint,region:string,branch_type:string","isnotnull(branch_id#4015L), isnotnull(region#4018), isnotnull(branch_type#4019)","",false
1,19,452,"Parquet",0,0,0,0,"InMemoryFileIndex(1 paths)[s3a://goes-se-sandbox/data/warehouse/tablespace/external/hive/demo_pauldefusco.db/branches_skewed]","IsNotNull(branch_id), IsNotNull(region), IsNotNull(branch_type)","branch_id:bigint,region:string,branch_type:string,assets_under_management:double,annual_operating_cost:double","isnotnull(branch_id#3687L), isnotnull(region#3690), isnotnull(branch_type#3691)","",false
1,19,144,"Parquet",0,0,0,0,"InMemoryFileIndex(1 paths)[s3a://goes-se-sandbox/data/warehouse/tablespace/external/hive/demo_pauldefusco.db/calendar]","IsNotNull(calendar_date), IsNotNull(year), IsNotNull(month)","calendar_date:date,year:int,month:int","isnotnull(calendar_date#2706), isnotnull(year#2708), isnotnull(month#2710)","",false
1,19,199,"Parquet",0,0,0,0,"InMemoryFileIndex(1 paths)[s3a://goes-se-sandbox/data/warehouse/tablespace/external/hive/demo_pauldefusco.db/calendar]","IsNotNull(calendar_date), IsNotNull(year), IsNotNull(month)","calendar_date:date,year:int,month:int,is_weekend:boolean","isnotnull(calendar_date#2239), isnotnull(year#2241), isnotnull(month#2243)","",false
1,19,290,"Parquet",0,0,0,0,"InMemoryFileIndex(1 paths)[s3a://goes-se-sandbox/data/warehouse/tablespace/external/hive/demo_pauldefusco.db/calendar]","IsNotNull(calendar_date), IsNotNull(year), IsNotNull(quarter)","calendar_date:date,year:int,quarter:int","isnotnull(calendar_date#2978), isnotnull(year#2980), isnotnull(quarter#2981)","",false
1,19,329,"Parquet",0,0,0,0,"InMemoryFileIndex(1 paths)[s3a://goes-se-sandbox/data/warehouse/tablespace/external/hive/demo_pauldefusco.db/calendar]","IsNotNull(calendar_date), IsNotNull(year), IsNotNull(quarter)","calendar_date:date,year:int,quarter:int,is_weekend:boolean","isnotnull(calendar_date#2556), isnotnull(year#2558), isnotnull(quarter#2559)","",false
1,19,79,"Parquet",0,0,0,0,"InMemoryFileIndex(1 paths)[s3a://goes-se-sandbox/data/warehouse/tablespace/external/hive/demo_pauldefusco.db/calendar]","IsNotNull(calendar_date)","calendar_date:date,year:int,quarter:int,month:int,is_weekend:boolean","isnotnull(calendar_date#113)","",false
1,19,273,"Parquet",0,0,0,0,"InMemoryFileIndex(1 paths)[s3a://goes-se-sandbox/data/warehouse/tablespace/external/hive/demo_pauldefusco.db/customers_skewed]","IsNotNull(customer_id)","customer_id:bigint","isnotnull(customer_id#2937L)","",false
1,19,232,"Parquet",0,0,0,0,"InMemoryFileIndex(1 paths)[s3a://goes-se-sandbox/data/warehouse/tablespace/external/hive/demo_pauldefusco.db/customers_skewed]","IsNotNull(customer_id)","customer_id:bigint,credit_score:int","isnotnull(customer_id#2322L)","",false
1,19,446,"Parquet",0,0,0,0,"InMemoryFileIndex(1 paths)[s3a://goes-se-sandbox/data/warehouse/tablespace/external/hive/demo_pauldefusco.db/customers_skewed]","IsNotNull(customer_id), IsNotNull(customer_segment), IsNotNull(income_band)","customer_id:bigint,credit_score:int,income_band:string,customer_segment:string","isnotnull(customer_id#3657L), isnotnull(customer_segment#3664), isnotnull(income_band#3662)","",false
1,19,182,"Parquet",0,0,0,0,"InMemoryFileIndex(1 paths)[s3a://goes-se-sandbox/data/warehouse/tablespace/external/hive/demo_pauldefusco.db/customers_skewed]","IsNotNull(customer_id), IsNotNull(customer_segment), IsNotNull(income_band), IsNotNull(risk_rating)","customer_id:bigint,credit_score:int,income_band:string,customer_segment:string,risk_rating:string","isnotnull(customer_id#2198L), isnotnull(customer_segment#2205), isnotnull(income_band#2203), isnotnull(risk_rating#2207)","",false
1,19,57,"Parquet",0,0,0,0,"InMemoryFileIndex(1 paths)[s3a://goes-se-sandbox/data/warehouse/tablespace/external/hive/demo_pauldefusco.db/customers_skewed]","IsNotNull(customer_id)","customer_id:bigint,credit_score:int,income_band:string,estimated_income:double,customer_segment:string,risk_rating:string","isnotnull(customer_id#31L)","",false
1,19,399,"Parquet",0,0,0,0,"InMemoryFileIndex(1 paths)[s3a://goes-se-sandbox/data/warehouse/tablespace/external/hive/demo_pauldefusco.db/customers_skewed]","IsNotNull(customer_id), IsNotNull(customer_segment), IsNotNull(income_band)","customer_id:bigint,income_band:string,customer_segment:string","isnotnull(customer_id#3985L), isnotnull(customer_segment#3992), isnotnull(income_band#3990)","",false
1,19,122,"Parquet",0,0,0,0,"InMemoryFileIndex(1 paths)[s3a://goes-se-sandbox/data/warehouse/tablespace/external/hive/demo_pauldefusco.db/customers_skewed]","IsNotNull(customer_id), IsNotNull(customer_segment), IsNotNull(income_band), IsNotNull(risk_rating)","customer_id:bigint,income_band:string,customer_segment:string,risk_rating:string","isnotnull(customer_id#2665L), isnotnull(customer_segment#2672), isnotnull(income_band#2670), isnotnull(risk_rating#2674)","",false
1,19,134,"Parquet",0,0,0,0,"InMemoryFileIndex(1 paths)[s3a://goes-se-sandbox/data/warehouse/tablespace/external/hive/demo_pauldefusco.db/merchants_skewed]","IsNotNull(merchant_id)","merchant_id:bigint","isnotnull(merchant_id#2685L)","",false
1,19,406,"Parquet",0,0,0,0,"InMemoryFileIndex(1 paths)[s3a://goes-se-sandbox/data/warehouse/tablespace/external/hive/demo_pauldefusco.db/merchants_skewed]","IsNotNull(merchant_id), IsNotNull(region)","merchant_id:bigint,region:string","isnotnull(merchant_id#4005L), isnotnull(region#4007)","",false
1,19,484,"Parquet",0,0,0,0,"InMemoryFileIndex(1 paths)[s3a://goes-se-sandbox/data/warehouse/tablespace/external/hive/demo_pauldefusco.db/merchants_skewed]","IsNotNull(merchant_id), IsNotNull(region)","merchant_id:bigint,region:string,risk_level:string","isnotnull(merchant_id#3810L), isnotnull(region#3812)","",false
1,19,324,"Parquet",0,0,0,0,"InMemoryFileIndex(1 paths)[s3a://goes-se-sandbox/data/warehouse/tablespace/external/hive/demo_pauldefusco.db/merchants_skewed]","IsNotNull(merchant_id), IsNotNull(region), IsNotNull(risk_level), IsNotNull(merchant_size)","merchant_id:bigint,region:string,risk_level:string,annual_revenue:double,merchant_size:string","isnotnull(merchant_id#2535L), isnotnull(region#2537), isnotnull(risk_level#2540), isnotnull(merchant_size#2542)","",false
1,19,69,"Parquet",0,0,0,0,"InMemoryFileIndex(1 paths)[s3a://goes-se-sandbox/data/warehouse/tablespace/external/hive/demo_pauldefusco.db/merchants_skewed]","IsNotNull(merchant_id)","merchant_id:bigint,region:string,risk_level:string,merchant_size:string","isnotnull(merchant_id#71L)","",false
1,19,285,"Parquet",0,0,0,0,"InMemoryFileIndex(1 paths)[s3a://goes-se-sandbox/data/warehouse/tablespace/external/hive/demo_pauldefusco.db/merchants_skewed]","IsNotNull(merchant_id), IsNotNull(region)","merchant_id:bigint,region:string,risk_level:string,merchant_size:string","isnotnull(merchant_id#2957L), isnotnull(region#2959)","",false
1,19,194,"Parquet",0,0,0,0,"InMemoryFileIndex(1 paths)[s3a://goes-se-sandbox/data/warehouse/tablespace/external/hive/demo_pauldefusco.db/merchants_skewed]","IsNotNull(merchant_id)","merchant_id:bigint,risk_level:string","isnotnull(merchant_id#2218L)","",false
1,19,115,"Parquet",0,0,0,0,"InMemoryFileIndex(1 paths)[s3a://goes-se-sandbox/data/warehouse/tablespace/external/hive/demo_pauldefusco.db/trs_v25]","IsNotNull(transaction_id), LessThan(transaction_id,12500000000), IsNotNull(customer_id), IsNotNull(account_id)","transaction_id:bigint,customer_id:bigint,account_id:bigint,merchant_id:bigint,branch_id:bigint,transaction_date:date","isnotnull(transaction_id#2650L), (transaction_id#2650L < 12500000000), isnotnull(customer_id#2651L), isnotnull(account_id#2652L)","",false
1,19,268,"Parquet",0,0,0,0,"InMemoryFileIndex(1 paths)[s3a://goes-se-sandbox/data/warehouse/tablespace/external/hive/demo_pauldefusco.db/trs_v25]","IsNotNull(transaction_id), LessThan(transaction_id,12500000000), IsNotNull(customer_id), IsNotNull(merchant_id), IsNotNull(merchant_category)","transaction_id:bigint,customer_id:bigint,account_id:bigint,merchant_id:bigint,branch_id:bigint,transaction_date:date,merchant_category:string","isnotnull(transaction_id#2922L), (transaction_id#2922L < 12500000000), isnotnull(customer_id#2923L), isnotnull(merchant_id#2925L), isnotnull(merchant_category#2929)","",false
1,19,392,"Parquet",0,0,0,0,"InMemoryFileIndex(1 paths)[s3a://goes-se-sandbox/data/warehouse/tablespace/external/hive/demo_pauldefusco.db/trs_v25]","IsNotNull(transaction_id), LessThan(transaction_id,12500000000), IsNotNull(merchant_category)","transaction_id:bigint,customer_id:bigint,account_id:bigint,merchant_id:bigint,branch_id:bigint,transaction_date:date,merchant_category:string","isnotnull(transaction_id#3970L), (transaction_id#3970L < 12500000000), isnotnull(merchant_category#3977)","",false
1,19,317,"Parquet",0,0,0,0,"InMemoryFileIndex(1 paths)[s3a://goes-se-sandbox/data/warehouse/tablespace/external/hive/demo_pauldefusco.db/trs_v25]","IsNotNull(transaction_id), LessThan(transaction_id,12500000000), IsNotNull(merchant_id), IsNotNull(merchant_category)","transaction_id:bigint,customer_id:bigint,account_id:bigint,merchant_id:bigint,branch_id:bigint,transaction_date:date,merchant_category:string,transaction_amount:double,fraud_flag:int","isnotnull(transaction_id#2500L), (transaction_id#2500L < 12500000000), isnotnull(merchant_id#2503L), isnotnull(merchant_category#2507)","",false
1,19,477,"Parquet",0,0,0,0,"InMemoryFileIndex(1 paths)[s3a://goes-se-sandbox/data/warehouse/tablespace/external/hive/demo_pauldefusco.db/trs_v25]","IsNotNull(transaction_id), IsNotNull(fraud_flag), LessThan(transaction_id,12500000000), EqualTo(fraud_flag,1), IsNotNull(merchant_category)","transaction_id:bigint,customer_id:bigint,account_id:bigint,merchant_id:bigint,branch_id:bigint,transaction_date:date,merchant_category:string,transaction_amount:double,fraud_flag:int","isnotnull(transaction_id#3775L), isnotnull(fraud_flag#3787), (transaction_id#3775L < 12500000000), (fraud_flag#3787 = 1), isnotnull(merchant_category#3782)","",false
1,19,50,"Parquet",0,0,0,0,"InMemoryFileIndex(1 paths)[s3a://goes-se-sandbox/data/warehouse/tablespace/external/hive/demo_pauldefusco.db/trs_v25]","IsNotNull(transaction_id), LessThan(transaction_id,12500000000)","transaction_id:bigint,customer_id:bigint,account_id:bigint,merchant_id:bigint,branch_id:bigint,transaction_date:date,merchant_category:string,transaction_amount:double,payment_channel:string,payment_type:string,device_type:string,fraud_flag:int","isnotnull(transaction_id#0L), (transaction_id#0L < 12500000000)","",false
1,19,175,"Parquet",0,0,0,0,"InMemoryFileIndex(1 paths)[s3a://goes-se-sandbox/data/warehouse/tablespace/external/hive/demo_pauldefusco.db/trs_v25]","IsNotNull(transaction_id), LessThan(transaction_id,12500000000), IsNotNull(customer_id)","transaction_id:bigint,customer_id:bigint,account_id:bigint,merchant_id:bigint,branch_id:bigint,transaction_date:date,transaction_amount:double,fraud_flag:int","isnotnull(transaction_id#2183L), (transaction_id#2183L < 12500000000), isnotnull(customer_id#2184L)","",false
1,19,227,"Parquet",0,0,0,0,"InMemoryFileIndex(1 paths)[s3a://goes-se-sandbox/data/warehouse/tablespace/external/hive/demo_pauldefusco.db/trs_v25]","IsNotNull(transaction_id), LessThan(transaction_id,12500000000), IsNotNull(account_id)","transaction_id:bigint,customer_id:bigint,account_id:bigint,merchant_id:bigint,branch_id:bigint,transaction_date:date,transaction_amount:double,fraud_flag:int","isnotnull(transaction_id#2307L), (transaction_id#2307L < 12500000000), isnotnull(account_id#2309L)","",false
1,19,439,"Parquet",0,0,0,0,"InMemoryFileIndex(1 paths)[s3a://goes-se-sandbox/data/warehouse/tablespace/external/hive/demo_pauldefusco.db/trs_v25]","IsNotNull(transaction_id), LessThan(transaction_id,12500000000)","transaction_id:bigint,customer_id:bigint,account_id:bigint,merchant_id:bigint,branch_id:bigint,transaction_date:date,transaction_amount:double,fraud_flag:int","isnotnull(transaction_id#3642L), (transaction_id#3642L < 12500000000)","",false
1,19,354,"Parquet",0,0,0,0,"InMemoryFileIndex(1 paths)[s3a://goes-se-sandbox/data/warehouse/tablespace/external/hive/demo_pauldefusco.db/trs_v25]","IsNotNull(transaction_id), LessThan(transaction_id,12500000000), IsNotNull(payment_channel), IsNotNull(payment_type), IsNotNull(device_type)","transaction_id:bigint,customer_id:bigint,account_id:bigint,merchant_id:bigint,branch_id:bigint,transaction_date:date,transaction_amount:double,payment_channel:string,payment_type:string,device_type:string,fraud_flag:int","isnotnull(transaction_id#3237L), (transaction_id#3237L < 12500000000), isnotnull(payment_channel#3246), isnotnull(payment_type#3247), isnotnull(device_type#3248)","",false
1,20,280,"Parquet",0,0,0,0,"InMemoryFileIndex(1 paths)[s3a://goes-se-sandbox/data/warehouse/tablespace/external/hive/demo_pauldefusco.db/accounts_skewed]","IsNotNull(account_id)","account_id:bigint","isnotnull(account_id#2948L)","",false
1,20,129,"Parquet",0,0,0,0,"InMemoryFileIndex(1 paths)[s3a://goes-se-sandbox/data/warehouse/tablespace/external/hive/demo_pauldefusco.db/accounts_skewed]","IsNotNull(account_id), IsNotNull(account_type)","account_id:bigint,account_type:string,account_status:string","isnotnull(account_id#2676L), isnotnull(account_type#2677)","",false
1,20,64,"Parquet",0,0,0,0,"InMemoryFileIndex(1 paths)[s3a://goes-se-sandbox/data/warehouse/tablespace/external/hive/demo_pauldefusco.db/accounts_skewed]","IsNotNull(account_id)","account_id:bigint,account_type:string,account_status:string,current_balance:double,credit_limit:double,interest_rate:double","isnotnull(account_id#52L)","",false
1,20,239,"Parquet",0,0,0,0,"InMemoryFileIndex(1 paths)[s3a://goes-se-sandbox/data/warehouse/tablespace/external/hive/demo_pauldefusco.db/accounts_skewed]","IsNotNull(account_id), IsNotNull(account_type), IsNotNull(account_status)","account_id:bigint,account_type:string,account_status:string,current_balance:double,credit_limit:double,interest_rate:double","isnotnull(account_id#2333L), isnotnull(account_type#2334), isnotnull(account_status#2336)","",false
1,20,189,"Parquet",0,0,0,0,"InMemoryFileIndex(1 paths)[s3a://goes-se-sandbox/data/warehouse/tablespace/external/hive/demo_pauldefusco.db/accounts_skewed]","IsNotNull(account_id)","account_id:bigint,current_balance:double,interest_rate:double","isnotnull(account_id#2209L)","",false
1,20,139,"Parquet",0,0,0,0,"InMemoryFileIndex(1 paths)[s3a://goes-se-sandbox/data/warehouse/tablespace/external/hive/demo_pauldefusco.db/branches_skewed]","IsNotNull(branch_id)","branch_id:bigint","isnotnull(branch_id#2695L)","",false
1,20,74,"Parquet",0,0,0,0,"InMemoryFileIndex(1 paths)[s3a://goes-se-sandbox/data/warehouse/tablespace/external/hive/demo_pauldefusco.db/branches_skewed]","IsNotNull(branch_id)","branch_id:bigint,region:string,branch_type:string","isnotnull(branch_id#91L)","",false
1,20,411,"Parquet",0,0,0,0,"InMemoryFileIndex(1 paths)[s3a://goes-se-sandbox/data/warehouse/tablespace/external/hive/demo_pauldefusco.db/branches_skewed]","IsNotNull(branch_id), IsNotNull(region), IsNotNull(branch_type)","branch_id:bigint,region:string,branch_type:string","isnotnull(branch_id#4015L), isnotnull(region#4018), isnotnull(branch_type#4019)","",false
1,20,455,"Parquet",0,0,0,0,"InMemoryFileIndex(1 paths)[s3a://goes-se-sandbox/data/warehouse/tablespace/external/hive/demo_pauldefusco.db/branches_skewed]","IsNotNull(branch_id), IsNotNull(region), IsNotNull(branch_type)","branch_id:bigint,region:string,branch_type:string,assets_under_management:double,annual_operating_cost:double","isnotnull(branch_id#3687L), isnotnull(region#3690), isnotnull(branch_type#3691)","",false
1,20,144,"Parquet",0,0,0,0,"InMemoryFileIndex(1 paths)[s3a://goes-se-sandbox/data/warehouse/tablespace/external/hive/demo_pauldefusco.db/calendar]","IsNotNull(calendar_date), IsNotNull(year), IsNotNull(month)","calendar_date:date,year:int,month:int","isnotnull(calendar_date#2706), isnotnull(year#2708), isnotnull(month#2710)","",false
1,20,199,"Parquet",0,0,0,0,"InMemoryFileIndex(1 paths)[s3a://goes-se-sandbox/data/warehouse/tablespace/external/hive/demo_pauldefusco.db/calendar]","IsNotNull(calendar_date), IsNotNull(year), IsNotNull(month)","calendar_date:date,year:int,month:int,is_weekend:boolean","isnotnull(calendar_date#2239), isnotnull(year#2241), isnotnull(month#2243)","",false
1,20,290,"Parquet",0,0,0,0,"InMemoryFileIndex(1 paths)[s3a://goes-se-sandbox/data/warehouse/tablespace/external/hive/demo_pauldefusco.db/calendar]","IsNotNull(calendar_date), IsNotNull(year), IsNotNull(quarter)","calendar_date:date,year:int,quarter:int","isnotnull(calendar_date#2978), isnotnull(year#2980), isnotnull(quarter#2981)","",false
1,20,329,"Parquet",0,0,0,0,"InMemoryFileIndex(1 paths)[s3a://goes-se-sandbox/data/warehouse/tablespace/external/hive/demo_pauldefusco.db/calendar]","IsNotNull(calendar_date), IsNotNull(year), IsNotNull(quarter)","calendar_date:date,year:int,quarter:int,is_weekend:boolean","isnotnull(calendar_date#2556), isnotnull(year#2558), isnotnull(quarter#2559)","",false
1,20,79,"Parquet",0,0,0,0,"InMemoryFileIndex(1 paths)[s3a://goes-se-sandbox/data/warehouse/tablespace/external/hive/demo_pauldefusco.db/calendar]","IsNotNull(calendar_date)","calendar_date:date,year:int,quarter:int,month:int,is_weekend:boolean","isnotnull(calendar_date#113)","",false
1,20,273,"Parquet",0,0,0,0,"InMemoryFileIndex(1 paths)[s3a://goes-se-sandbox/data/warehouse/tablespace/external/hive/demo_pauldefusco.db/customers_skewed]","IsNotNull(customer_id)","customer_id:bigint","isnotnull(customer_id#2937L)","",false
1,20,232,"Parquet",0,0,0,0,"InMemoryFileIndex(1 paths)[s3a://goes-se-sandbox/data/warehouse/tablespace/external/hive/demo_pauldefusco.db/customers_skewed]","IsNotNull(customer_id)","customer_id:bigint,credit_score:int","isnotnull(customer_id#2322L)","",false
1,20,448,"Parquet",0,0,0,0,"InMemoryFileIndex(1 paths)[s3a://goes-se-sandbox/data/warehouse/tablespace/external/hive/demo_pauldefusco.db/customers_skewed]","IsNotNull(customer_id), IsNotNull(customer_segment), IsNotNull(income_band)","customer_id:bigint,credit_score:int,income_band:string,customer_segment:string","isnotnull(customer_id#3657L), isnotnull(customer_segment#3664), isnotnull(income_band#3662)","",false
1,20,182,"Parquet",0,0,0,0,"InMemoryFileIndex(1 paths)[s3a://goes-se-sandbox/data/warehouse/tablespace/external/hive/demo_pauldefusco.db/customers_skewed]","IsNotNull(customer_id), IsNotNull(customer_segment), IsNotNull(income_band), IsNotNull(risk_rating)","customer_id:bigint,credit_score:int,income_band:string,customer_segment:string,risk_rating:string","isnotnull(customer_id#2198L), isnotnull(customer_segment#2205), isnotnull(income_band#2203), isnotnull(risk_rating#2207)","",false
1,20,57,"Parquet",0,0,0,0,"InMemoryFileIndex(1 paths)[s3a://goes-se-sandbox/data/warehouse/tablespace/external/hive/demo_pauldefusco.db/customers_skewed]","IsNotNull(customer_id)","customer_id:bigint,credit_score:int,income_band:string,estimated_income:double,customer_segment:string,risk_rating:string","isnotnull(customer_id#31L)","",false
1,20,399,"Parquet",0,0,0,0,"InMemoryFileIndex(1 paths)[s3a://goes-se-sandbox/data/warehouse/tablespace/external/hive/demo_pauldefusco.db/customers_skewed]","IsNotNull(customer_id), IsNotNull(customer_segment), IsNotNull(income_band)","customer_id:bigint,income_band:string,customer_segment:string","isnotnull(customer_id#3985L), isnotnull(customer_segment#3992), isnotnull(income_band#3990)","",false
1,20,122,"Parquet",0,0,0,0,"InMemoryFileIndex(1 paths)[s3a://goes-se-sandbox/data/warehouse/tablespace/external/hive/demo_pauldefusco.db/customers_skewed]","IsNotNull(customer_id), IsNotNull(customer_segment), IsNotNull(income_band), IsNotNull(risk_rating)","customer_id:bigint,income_band:string,customer_segment:string,risk_rating:string","isnotnull(customer_id#2665L), isnotnull(customer_segment#2672), isnotnull(income_band#2670), isnotnull(risk_rating#2674)","",false
1,20,134,"Parquet",0,0,0,0,"InMemoryFileIndex(1 paths)[s3a://goes-se-sandbox/data/warehouse/tablespace/external/hive/demo_pauldefusco.db/merchants_skewed]","IsNotNull(merchant_id)","merchant_id:bigint","isnotnull(merchant_id#2685L)","",false
1,20,406,"Parquet",0,0,0,0,"InMemoryFileIndex(1 paths)[s3a://goes-se-sandbox/data/warehouse/tablespace/external/hive/demo_pauldefusco.db/merchants_skewed]","IsNotNull(merchant_id), IsNotNull(region)","merchant_id:bigint,region:string","isnotnull(merchant_id#4005L), isnotnull(region#4007)","",false
1,20,487,"Parquet",0,0,0,0,"InMemoryFileIndex(1 paths)[s3a://goes-se-sandbox/data/warehouse/tablespace/external/hive/demo_pauldefusco.db/merchants_skewed]","IsNotNull(merchant_id), IsNotNull(region)","merchant_id:bigint,region:string,risk_level:string","isnotnull(merchant_id#3810L), isnotnull(region#3812)","",false
1,20,324,"Parquet",0,0,0,0,"InMemoryFileIndex(1 paths)[s3a://goes-se-sandbox/data/warehouse/tablespace/external/hive/demo_pauldefusco.db/merchants_skewed]","IsNotNull(merchant_id), IsNotNull(region), IsNotNull(risk_level), IsNotNull(merchant_size)","merchant_id:bigint,region:string,risk_level:string,annual_revenue:double,merchant_size:string","isnotnull(merchant_id#2535L), isnotnull(region#2537), isnotnull(risk_level#2540), isnotnull(merchant_size#2542)","",false
1,20,69,"Parquet",0,0,0,0,"InMemoryFileIndex(1 paths)[s3a://goes-se-sandbox/data/warehouse/tablespace/external/hive/demo_pauldefusco.db/merchants_skewed]","IsNotNull(merchant_id)","merchant_id:bigint,region:string,risk_level:string,merchant_size:string","isnotnull(merchant_id#71L)","",false
1,20,285,"Parquet",0,0,0,0,"InMemoryFileIndex(1 paths)[s3a://goes-se-sandbox/data/warehouse/tablespace/external/hive/demo_pauldefusco.db/merchants_skewed]","IsNotNull(merchant_id), IsNotNull(region)","merchant_id:bigint,region:string,risk_level:string,merchant_size:string","isnotnull(merchant_id#2957L), isnotnull(region#2959)","",false
1,20,194,"Parquet",0,0,0,0,"InMemoryFileIndex(1 paths)[s3a://goes-se-sandbox/data/warehouse/tablespace/external/hive/demo_pauldefusco.db/merchants_skewed]","IsNotNull(merchant_id)","merchant_id:bigint,risk_level:string","isnotnull(merchant_id#2218L)","",false
1,20,115,"Parquet",0,0,0,0,"InMemoryFileIndex(1 paths)[s3a://goes-se-sandbox/data/warehouse/tablespace/external/hive/demo_pauldefusco.db/trs_v25]","IsNotNull(transaction_id), LessThan(transaction_id,12500000000), IsNotNull(customer_id), IsNotNull(account_id)","transaction_id:bigint,customer_id:bigint,account_id:bigint,merchant_id:bigint,branch_id:bigint,transaction_date:date","isnotnull(transaction_id#2650L), (transaction_id#2650L < 12500000000), isnotnull(customer_id#2651L), isnotnull(account_id#2652L)","",false
1,20,268,"Parquet",0,0,0,0,"InMemoryFileIndex(1 paths)[s3a://goes-se-sandbox/data/warehouse/tablespace/external/hive/demo_pauldefusco.db/trs_v25]","IsNotNull(transaction_id), LessThan(transaction_id,12500000000), IsNotNull(customer_id), IsNotNull(merchant_id), IsNotNull(merchant_category)","transaction_id:bigint,customer_id:bigint,account_id:bigint,merchant_id:bigint,branch_id:bigint,transaction_date:date,merchant_category:string","isnotnull(transaction_id#2922L), (transaction_id#2922L < 12500000000), isnotnull(customer_id#2923L), isnotnull(merchant_id#2925L), isnotnull(merchant_category#2929)","",false
1,20,392,"Parquet",0,0,0,0,"InMemoryFileIndex(1 paths)[s3a://goes-se-sandbox/data/warehouse/tablespace/external/hive/demo_pauldefusco.db/trs_v25]","IsNotNull(transaction_id), LessThan(transaction_id,12500000000), IsNotNull(merchant_category)","transaction_id:bigint,customer_id:bigint,account_id:bigint,merchant_id:bigint,branch_id:bigint,transaction_date:date,merchant_category:string","isnotnull(transaction_id#3970L), (transaction_id#3970L < 12500000000), isnotnull(merchant_category#3977)","",false
1,20,317,"Parquet",0,0,0,0,"InMemoryFileIndex(1 paths)[s3a://goes-se-sandbox/data/warehouse/tablespace/external/hive/demo_pauldefusco.db/trs_v25]","IsNotNull(transaction_id), LessThan(transaction_id,12500000000), IsNotNull(merchant_id), IsNotNull(merchant_category)","transaction_id:bigint,customer_id:bigint,account_id:bigint,merchant_id:bigint,branch_id:bigint,transaction_date:date,merchant_category:string,transaction_amount:double,fraud_flag:int","isnotnull(transaction_id#2500L), (transaction_id#2500L < 12500000000), isnotnull(merchant_id#2503L), isnotnull(merchant_category#2507)","",false
1,20,480,"Parquet",0,0,0,0,"InMemoryFileIndex(1 paths)[s3a://goes-se-sandbox/data/warehouse/tablespace/external/hive/demo_pauldefusco.db/trs_v25]","IsNotNull(transaction_id), IsNotNull(fraud_flag), LessThan(transaction_id,12500000000), EqualTo(fraud_flag,1), IsNotNull(merchant_category)","transaction_id:bigint,customer_id:bigint,account_id:bigint,merchant_id:bigint,branch_id:bigint,transaction_date:date,merchant_category:string,transaction_amount:double,fraud_flag:int","isnotnull(transaction_id#3775L), isnotnull(fraud_flag#3787), (transaction_id#3775L < 12500000000), (fraud_flag#3787 = 1), isnotnull(merchant_category#3782)","",false
1,20,50,"Parquet",0,0,0,0,"InMemoryFileIndex(1 paths)[s3a://goes-se-sandbox/data/warehouse/tablespace/external/hive/demo_pauldefusco.db/trs_v25]","IsNotNull(transaction_id), LessThan(transaction_id,12500000000)","transaction_id:bigint,customer_id:bigint,account_id:bigint,merchant_id:bigint,branch_id:bigint,transaction_date:date,merchant_category:string,transaction_amount:double,payment_channel:string,payment_type:string,device_type:string,fraud_flag:int","isnotnull(transaction_id#0L), (transaction_id#0L < 12500000000)","",false
1,20,175,"Parquet",0,0,0,0,"InMemoryFileIndex(1 paths)[s3a://goes-se-sandbox/data/warehouse/tablespace/external/hive/demo_pauldefusco.db/trs_v25]","IsNotNull(transaction_id), LessThan(transaction_id,12500000000), IsNotNull(customer_id)","transaction_id:bigint,customer_id:bigint,account_id:bigint,merchant_id:bigint,branch_id:bigint,transaction_date:date,transaction_amount:double,fraud_flag:int","isnotnull(transaction_id#2183L), (transaction_id#2183L < 12500000000), isnotnull(customer_id#2184L)","",false
1,20,227,"Parquet",0,0,0,0,"InMemoryFileIndex(1 paths)[s3a://goes-se-sandbox/data/warehouse/tablespace/external/hive/demo_pauldefusco.db/trs_v25]","IsNotNull(transaction_id), LessThan(transaction_id,12500000000), IsNotNull(account_id)","transaction_id:bigint,customer_id:bigint,account_id:bigint,merchant_id:bigint,branch_id:bigint,transaction_date:date,transaction_amount:double,fraud_flag:int","isnotnull(transaction_id#2307L), (transaction_id#2307L < 12500000000), isnotnull(account_id#2309L)","",false
1,20,441,"Parquet",0,0,0,0,"InMemoryFileIndex(1 paths)[s3a://goes-se-sandbox/data/warehouse/tablespace/external/hive/demo_pauldefusco.db/trs_v25]","IsNotNull(transaction_id), LessThan(transaction_id,12500000000)","transaction_id:bigint,customer_id:bigint,account_id:bigint,merchant_id:bigint,branch_id:bigint,transaction_date:date,transaction_amount:double,fraud_flag:int","isnotnull(transaction_id#3642L), (transaction_id#3642L < 12500000000)","",false
1,20,354,"Parquet",0,0,0,0,"InMemoryFileIndex(1 paths)[s3a://goes-se-sandbox/data/warehouse/tablespace/external/hive/demo_pauldefusco.db/trs_v25]","IsNotNull(transaction_id), LessThan(transaction_id,12500000000), IsNotNull(payment_channel), IsNotNull(payment_type), IsNotNull(device_type)","transaction_id:bigint,customer_id:bigint,account_id:bigint,merchant_id:bigint,branch_id:bigint,transaction_date:date,transaction_amount:double,payment_channel:string,payment_type:string,device_type:string,fraud_flag:int","isnotnull(transaction_id#3237L), (transaction_id#3237L < 12500000000), isnotnull(payment_channel#3246), isnotnull(payment_type#3247), isnotnull(device_type#3248)","",false
1,21,281,"Parquet",0,0,0,0,"InMemoryFileIndex(1 paths)[s3a://goes-se-sandbox/data/warehouse/tablespace/external/hive/demo_pauldefusco.db/accounts_skewed]","IsNotNull(account_id)","account_id:bigint","isnotnull(account_id#2948L)","",false
1,21,129,"Parquet",0,0,0,0,"InMemoryFileIndex(1 paths)[s3a://goes-se-sandbox/data/warehouse/tablespace/external/hive/demo_pauldefusco.db/accounts_skewed]","IsNotNull(account_id), IsNotNull(account_type)","account_id:bigint,account_type:string,account_status:string","isnotnull(account_id#2676L), isnotnull(account_type#2677)","",false
1,21,64,"Parquet",0,0,0,0,"InMemoryFileIndex(1 paths)[s3a://goes-se-sandbox/data/warehouse/tablespace/external/hive/demo_pauldefusco.db/accounts_skewed]","IsNotNull(account_id)","account_id:bigint,account_type:string,account_status:string,current_balance:double,credit_limit:double,interest_rate:double","isnotnull(account_id#52L)","",false
1,21,239,"Parquet",0,0,0,0,"InMemoryFileIndex(1 paths)[s3a://goes-se-sandbox/data/warehouse/tablespace/external/hive/demo_pauldefusco.db/accounts_skewed]","IsNotNull(account_id), IsNotNull(account_type), IsNotNull(account_status)","account_id:bigint,account_type:string,account_status:string,current_balance:double,credit_limit:double,interest_rate:double","isnotnull(account_id#2333L), isnotnull(account_type#2334), isnotnull(account_status#2336)","",false
1,21,189,"Parquet",0,0,0,0,"InMemoryFileIndex(1 paths)[s3a://goes-se-sandbox/data/warehouse/tablespace/external/hive/demo_pauldefusco.db/accounts_skewed]","IsNotNull(account_id)","account_id:bigint,current_balance:double,interest_rate:double","isnotnull(account_id#2209L)","",false
1,21,139,"Parquet",0,0,0,0,"InMemoryFileIndex(1 paths)[s3a://goes-se-sandbox/data/warehouse/tablespace/external/hive/demo_pauldefusco.db/branches_skewed]","IsNotNull(branch_id)","branch_id:bigint","isnotnull(branch_id#2695L)","",false
1,21,74,"Parquet",0,0,0,0,"InMemoryFileIndex(1 paths)[s3a://goes-se-sandbox/data/warehouse/tablespace/external/hive/demo_pauldefusco.db/branches_skewed]","IsNotNull(branch_id)","branch_id:bigint,region:string,branch_type:string","isnotnull(branch_id#91L)","",false
1,21,412,"Parquet",0,0,0,0,"InMemoryFileIndex(1 paths)[s3a://goes-se-sandbox/data/warehouse/tablespace/external/hive/demo_pauldefusco.db/branches_skewed]","IsNotNull(branch_id), IsNotNull(region), IsNotNull(branch_type)","branch_id:bigint,region:string,branch_type:string","isnotnull(branch_id#4015L), isnotnull(region#4018), isnotnull(branch_type#4019)","",false
1,21,456,"Parquet",0,0,0,0,"InMemoryFileIndex(1 paths)[s3a://goes-se-sandbox/data/warehouse/tablespace/external/hive/demo_pauldefusco.db/branches_skewed]","IsNotNull(branch_id), IsNotNull(region), IsNotNull(branch_type)","branch_id:bigint,region:string,branch_type:string,assets_under_management:double,annual_operating_cost:double","isnotnull(branch_id#3687L), isnotnull(region#3690), isnotnull(branch_type#3691)","",false
1,21,144,"Parquet",0,0,0,0,"InMemoryFileIndex(1 paths)[s3a://goes-se-sandbox/data/warehouse/tablespace/external/hive/demo_pauldefusco.db/calendar]","IsNotNull(calendar_date), IsNotNull(year), IsNotNull(month)","calendar_date:date,year:int,month:int","isnotnull(calendar_date#2706), isnotnull(year#2708), isnotnull(month#2710)","",false
1,21,199,"Parquet",0,0,0,0,"InMemoryFileIndex(1 paths)[s3a://goes-se-sandbox/data/warehouse/tablespace/external/hive/demo_pauldefusco.db/calendar]","IsNotNull(calendar_date), IsNotNull(year), IsNotNull(month)","calendar_date:date,year:int,month:int,is_weekend:boolean","isnotnull(calendar_date#2239), isnotnull(year#2241), isnotnull(month#2243)","",false
1,21,291,"Parquet",0,0,0,0,"InMemoryFileIndex(1 paths)[s3a://goes-se-sandbox/data/warehouse/tablespace/external/hive/demo_pauldefusco.db/calendar]","IsNotNull(calendar_date), IsNotNull(year), IsNotNull(quarter)","calendar_date:date,year:int,quarter:int","isnotnull(calendar_date#2978), isnotnull(year#2980), isnotnull(quarter#2981)","",false
1,21,330,"Parquet",0,0,0,0,"InMemoryFileIndex(1 paths)[s3a://goes-se-sandbox/data/warehouse/tablespace/external/hive/demo_pauldefusco.db/calendar]","IsNotNull(calendar_date), IsNotNull(year), IsNotNull(quarter)","calendar_date:date,year:int,quarter:int,is_weekend:boolean","isnotnull(calendar_date#2556), isnotnull(year#2558), isnotnull(quarter#2559)","",false
1,21,79,"Parquet",0,0,0,0,"InMemoryFileIndex(1 paths)[s3a://goes-se-sandbox/data/warehouse/tablespace/external/hive/demo_pauldefusco.db/calendar]","IsNotNull(calendar_date)","calendar_date:date,year:int,quarter:int,month:int,is_weekend:boolean","isnotnull(calendar_date#113)","",false
1,21,274,"Parquet",0,0,0,0,"InMemoryFileIndex(1 paths)[s3a://goes-se-sandbox/data/warehouse/tablespace/external/hive/demo_pauldefusco.db/customers_skewed]","IsNotNull(customer_id)","customer_id:bigint","isnotnull(customer_id#2937L)","",false
1,21,232,"Parquet",0,0,0,0,"InMemoryFileIndex(1 paths)[s3a://goes-se-sandbox/data/warehouse/tablespace/external/hive/demo_pauldefusco.db/customers_skewed]","IsNotNull(customer_id)","customer_id:bigint,credit_score:int","isnotnull(customer_id#2322L)","",false
1,21,449,"Parquet",0,0,0,0,"InMemoryFileIndex(1 paths)[s3a://goes-se-sandbox/data/warehouse/tablespace/external/hive/demo_pauldefusco.db/customers_skewed]","IsNotNull(customer_id), IsNotNull(customer_segment), IsNotNull(income_band)","customer_id:bigint,credit_score:int,income_band:string,customer_segment:string","isnotnull(customer_id#3657L), isnotnull(customer_segment#3664), isnotnull(income_band#3662)","",false
1,21,182,"Parquet",0,0,0,0,"InMemoryFileIndex(1 paths)[s3a://goes-se-sandbox/data/warehouse/tablespace/external/hive/demo_pauldefusco.db/customers_skewed]","IsNotNull(customer_id), IsNotNull(customer_segment), IsNotNull(income_band), IsNotNull(risk_rating)","customer_id:bigint,credit_score:int,income_band:string,customer_segment:string,risk_rating:string","isnotnull(customer_id#2198L), isnotnull(customer_segment#2205), isnotnull(income_band#2203), isnotnull(risk_rating#2207)","",false
1,21,57,"Parquet",0,0,0,0,"InMemoryFileIndex(1 paths)[s3a://goes-se-sandbox/data/warehouse/tablespace/external/hive/demo_pauldefusco.db/customers_skewed]","IsNotNull(customer_id)","customer_id:bigint,credit_score:int,income_band:string,estimated_income:double,customer_segment:string,risk_rating:string","isnotnull(customer_id#31L)","",false
1,21,400,"Parquet",0,0,0,0,"InMemoryFileIndex(1 paths)[s3a://goes-se-sandbox/data/warehouse/tablespace/external/hive/demo_pauldefusco.db/customers_skewed]","IsNotNull(customer_id), IsNotNull(customer_segment), IsNotNull(income_band)","customer_id:bigint,income_band:string,customer_segment:string","isnotnull(customer_id#3985L), isnotnull(customer_segment#3992), isnotnull(income_band#3990)","",false
1,21,122,"Parquet",0,0,0,0,"InMemoryFileIndex(1 paths)[s3a://goes-se-sandbox/data/warehouse/tablespace/external/hive/demo_pauldefusco.db/customers_skewed]","IsNotNull(customer_id), IsNotNull(customer_segment), IsNotNull(income_band), IsNotNull(risk_rating)","customer_id:bigint,income_band:string,customer_segment:string,risk_rating:string","isnotnull(customer_id#2665L), isnotnull(customer_segment#2672), isnotnull(income_band#2670), isnotnull(risk_rating#2674)","",false
1,21,134,"Parquet",0,0,0,0,"InMemoryFileIndex(1 paths)[s3a://goes-se-sandbox/data/warehouse/tablespace/external/hive/demo_pauldefusco.db/merchants_skewed]","IsNotNull(merchant_id)","merchant_id:bigint","isnotnull(merchant_id#2685L)","",false
1,21,407,"Parquet",0,0,0,0,"InMemoryFileIndex(1 paths)[s3a://goes-se-sandbox/data/warehouse/tablespace/external/hive/demo_pauldefusco.db/merchants_skewed]","IsNotNull(merchant_id), IsNotNull(region)","merchant_id:bigint,region:string","isnotnull(merchant_id#4005L), isnotnull(region#4007)","",false
1,21,488,"Parquet",0,0,0,0,"InMemoryFileIndex(1 paths)[s3a://goes-se-sandbox/data/warehouse/tablespace/external/hive/demo_pauldefusco.db/merchants_skewed]","IsNotNull(merchant_id), IsNotNull(region)","merchant_id:bigint,region:string,risk_level:string","isnotnull(merchant_id#3810L), isnotnull(region#3812)","",false
1,21,325,"Parquet",0,0,0,0,"InMemoryFileIndex(1 paths)[s3a://goes-se-sandbox/data/warehouse/tablespace/external/hive/demo_pauldefusco.db/merchants_skewed]","IsNotNull(merchant_id), IsNotNull(region), IsNotNull(risk_level), IsNotNull(merchant_size)","merchant_id:bigint,region:string,risk_level:string,annual_revenue:double,merchant_size:string","isnotnull(merchant_id#2535L), isnotnull(region#2537), isnotnull(risk_level#2540), isnotnull(merchant_size#2542)","",false
1,21,69,"Parquet",0,0,0,0,"InMemoryFileIndex(1 paths)[s3a://goes-se-sandbox/data/warehouse/tablespace/external/hive/demo_pauldefusco.db/merchants_skewed]","IsNotNull(merchant_id)","merchant_id:bigint,region:string,risk_level:string,merchant_size:string","isnotnull(merchant_id#71L)","",false
1,21,286,"Parquet",0,0,0,0,"InMemoryFileIndex(1 paths)[s3a://goes-se-sandbox/data/warehouse/tablespace/external/hive/demo_pauldefusco.db/merchants_skewed]","IsNotNull(merchant_id), IsNotNull(region)","merchant_id:bigint,region:string,risk_level:string,merchant_size:string","isnotnull(merchant_id#2957L), isnotnull(region#2959)","",false
1,21,194,"Parquet",0,0,0,0,"InMemoryFileIndex(1 paths)[s3a://goes-se-sandbox/data/warehouse/tablespace/external/hive/demo_pauldefusco.db/merchants_skewed]","IsNotNull(merchant_id)","merchant_id:bigint,risk_level:string","isnotnull(merchant_id#2218L)","",false
1,21,115,"Parquet",0,0,0,0,"InMemoryFileIndex(1 paths)[s3a://goes-se-sandbox/data/warehouse/tablespace/external/hive/demo_pauldefusco.db/trs_v25]","IsNotNull(transaction_id), LessThan(transaction_id,12500000000), IsNotNull(customer_id), IsNotNull(account_id)","transaction_id:bigint,customer_id:bigint,account_id:bigint,merchant_id:bigint,branch_id:bigint,transaction_date:date","isnotnull(transaction_id#2650L), (transaction_id#2650L < 12500000000), isnotnull(customer_id#2651L), isnotnull(account_id#2652L)","",false
1,21,269,"Parquet",0,0,0,0,"InMemoryFileIndex(1 paths)[s3a://goes-se-sandbox/data/warehouse/tablespace/external/hive/demo_pauldefusco.db/trs_v25]","IsNotNull(transaction_id), LessThan(transaction_id,12500000000), IsNotNull(customer_id), IsNotNull(merchant_id), IsNotNull(merchant_category)","transaction_id:bigint,customer_id:bigint,account_id:bigint,merchant_id:bigint,branch_id:bigint,transaction_date:date,merchant_category:string","isnotnull(transaction_id#2922L), (transaction_id#2922L < 12500000000), isnotnull(customer_id#2923L), isnotnull(merchant_id#2925L), isnotnull(merchant_category#2929)","",false
1,21,393,"Parquet",0,0,0,0,"InMemoryFileIndex(1 paths)[s3a://goes-se-sandbox/data/warehouse/tablespace/external/hive/demo_pauldefusco.db/trs_v25]","IsNotNull(transaction_id), LessThan(transaction_id,12500000000), IsNotNull(merchant_category)","transaction_id:bigint,customer_id:bigint,account_id:bigint,merchant_id:bigint,branch_id:bigint,transaction_date:date,merchant_category:string","isnotnull(transaction_id#3970L), (transaction_id#3970L < 12500000000), isnotnull(merchant_category#3977)","",false
1,21,318,"Parquet",0,0,0,0,"InMemoryFileIndex(1 paths)[s3a://goes-se-sandbox/data/warehouse/tablespace/external/hive/demo_pauldefusco.db/trs_v25]","IsNotNull(transaction_id), LessThan(transaction_id,12500000000), IsNotNull(merchant_id), IsNotNull(merchant_category)","transaction_id:bigint,customer_id:bigint,account_id:bigint,merchant_id:bigint,branch_id:bigint,transaction_date:date,merchant_category:string,transaction_amount:double,fraud_flag:int","isnotnull(transaction_id#2500L), (transaction_id#2500L < 12500000000), isnotnull(merchant_id#2503L), isnotnull(merchant_category#2507)","",false
1,21,481,"Parquet",0,0,0,0,"InMemoryFileIndex(1 paths)[s3a://goes-se-sandbox/data/warehouse/tablespace/external/hive/demo_pauldefusco.db/trs_v25]","IsNotNull(transaction_id), IsNotNull(fraud_flag), LessThan(transaction_id,12500000000), EqualTo(fraud_flag,1), IsNotNull(merchant_category)","transaction_id:bigint,customer_id:bigint,account_id:bigint,merchant_id:bigint,branch_id:bigint,transaction_date:date,merchant_category:string,transaction_amount:double,fraud_flag:int","isnotnull(transaction_id#3775L), isnotnull(fraud_flag#3787), (transaction_id#3775L < 12500000000), (fraud_flag#3787 = 1), isnotnull(merchant_category#3782)","",false
1,21,50,"Parquet",0,0,0,0,"InMemoryFileIndex(1 paths)[s3a://goes-se-sandbox/data/warehouse/tablespace/external/hive/demo_pauldefusco.db/trs_v25]","IsNotNull(transaction_id), LessThan(transaction_id,12500000000)","transaction_id:bigint,customer_id:bigint,account_id:bigint,merchant_id:bigint,branch_id:bigint,transaction_date:date,merchant_category:string,transaction_amount:double,payment_channel:string,payment_type:string,device_type:string,fraud_flag:int","isnotnull(transaction_id#0L), (transaction_id#0L < 12500000000)","",false
1,21,175,"Parquet",0,0,0,0,"InMemoryFileIndex(1 paths)[s3a://goes-se-sandbox/data/warehouse/tablespace/external/hive/demo_pauldefusco.db/trs_v25]","IsNotNull(transaction_id), LessThan(transaction_id,12500000000), IsNotNull(customer_id)","transaction_id:bigint,customer_id:bigint,account_id:bigint,merchant_id:bigint,branch_id:bigint,transaction_date:date,transaction_amount:double,fraud_flag:int","isnotnull(transaction_id#2183L), (transaction_id#2183L < 12500000000), isnotnull(customer_id#2184L)","",false
1,21,227,"Parquet",0,0,0,0,"InMemoryFileIndex(1 paths)[s3a://goes-se-sandbox/data/warehouse/tablespace/external/hive/demo_pauldefusco.db/trs_v25]","IsNotNull(transaction_id), LessThan(transaction_id,12500000000), IsNotNull(account_id)","transaction_id:bigint,customer_id:bigint,account_id:bigint,merchant_id:bigint,branch_id:bigint,transaction_date:date,transaction_amount:double,fraud_flag:int","isnotnull(transaction_id#2307L), (transaction_id#2307L < 12500000000), isnotnull(account_id#2309L)","",false
1,21,442,"Parquet",0,0,0,0,"InMemoryFileIndex(1 paths)[s3a://goes-se-sandbox/data/warehouse/tablespace/external/hive/demo_pauldefusco.db/trs_v25]","IsNotNull(transaction_id), LessThan(transaction_id,12500000000)","transaction_id:bigint,customer_id:bigint,account_id:bigint,merchant_id:bigint,branch_id:bigint,transaction_date:date,transaction_amount:double,fraud_flag:int","isnotnull(transaction_id#3642L), (transaction_id#3642L < 12500000000)","",false
1,21,355,"Parquet",0,0,0,0,"InMemoryFileIndex(1 paths)[s3a://goes-se-sandbox/data/warehouse/tablespace/external/hive/demo_pauldefusco.db/trs_v25]","IsNotNull(transaction_id), LessThan(transaction_id,12500000000), IsNotNull(payment_channel), IsNotNull(payment_type), IsNotNull(device_type)","transaction_id:bigint,customer_id:bigint,account_id:bigint,merchant_id:bigint,branch_id:bigint,transaction_date:date,transaction_amount:double,payment_channel:string,payment_type:string,device_type:string,fraud_flag:int","isnotnull(transaction_id#3237L), (transaction_id#3237L < 12500000000), isnotnull(payment_channel#3246), isnotnull(payment_type#3247), isnotnull(device_type#3248)","",false
1,22,281,"Parquet",0,0,0,0,"InMemoryFileIndex(1 paths)[s3a://goes-se-sandbox/data/warehouse/tablespace/external/hive/demo_pauldefusco.db/accounts_skewed]","IsNotNull(account_id)","account_id:bigint","isnotnull(account_id#2948L)","",false
1,22,129,"Parquet",0,0,0,0,"InMemoryFileIndex(1 paths)[s3a://goes-se-sandbox/data/warehouse/tablespace/external/hive/demo_pauldefusco.db/accounts_skewed]","IsNotNull(account_id), IsNotNull(account_type)","account_id:bigint,account_type:string,account_status:string","isnotnull(account_id#2676L), isnotnull(account_type#2677)","",false
1,22,64,"Parquet",0,0,0,0,"InMemoryFileIndex(1 paths)[s3a://goes-se-sandbox/data/warehouse/tablespace/external/hive/demo_pauldefusco.db/accounts_skewed]","IsNotNull(account_id)","account_id:bigint,account_type:string,account_status:string,current_balance:double,credit_limit:double,interest_rate:double","isnotnull(account_id#52L)","",false
1,22,239,"Parquet",0,0,0,0,"InMemoryFileIndex(1 paths)[s3a://goes-se-sandbox/data/warehouse/tablespace/external/hive/demo_pauldefusco.db/accounts_skewed]","IsNotNull(account_id), IsNotNull(account_type), IsNotNull(account_status)","account_id:bigint,account_type:string,account_status:string,current_balance:double,credit_limit:double,interest_rate:double","isnotnull(account_id#2333L), isnotnull(account_type#2334), isnotnull(account_status#2336)","",false
1,22,189,"Parquet",0,0,0,0,"InMemoryFileIndex(1 paths)[s3a://goes-se-sandbox/data/warehouse/tablespace/external/hive/demo_pauldefusco.db/accounts_skewed]","IsNotNull(account_id)","account_id:bigint,current_balance:double,interest_rate:double","isnotnull(account_id#2209L)","",false
1,22,139,"Parquet",0,0,0,0,"InMemoryFileIndex(1 paths)[s3a://goes-se-sandbox/data/warehouse/tablespace/external/hive/demo_pauldefusco.db/branches_skewed]","IsNotNull(branch_id)","branch_id:bigint","isnotnull(branch_id#2695L)","",false
1,22,74,"Parquet",0,0,0,0,"InMemoryFileIndex(1 paths)[s3a://goes-se-sandbox/data/warehouse/tablespace/external/hive/demo_pauldefusco.db/branches_skewed]","IsNotNull(branch_id)","branch_id:bigint,region:string,branch_type:string","isnotnull(branch_id#91L)","",false
1,22,412,"Parquet",0,0,0,0,"InMemoryFileIndex(1 paths)[s3a://goes-se-sandbox/data/warehouse/tablespace/external/hive/demo_pauldefusco.db/branches_skewed]","IsNotNull(branch_id), IsNotNull(region), IsNotNull(branch_type)","branch_id:bigint,region:string,branch_type:string","isnotnull(branch_id#4015L), isnotnull(region#4018), isnotnull(branch_type#4019)","",false
1,22,456,"Parquet",0,0,0,0,"InMemoryFileIndex(1 paths)[s3a://goes-se-sandbox/data/warehouse/tablespace/external/hive/demo_pauldefusco.db/branches_skewed]","IsNotNull(branch_id), IsNotNull(region), IsNotNull(branch_type)","branch_id:bigint,region:string,branch_type:string,assets_under_management:double,annual_operating_cost:double","isnotnull(branch_id#3687L), isnotnull(region#3690), isnotnull(branch_type#3691)","",false
1,22,144,"Parquet",0,0,0,0,"InMemoryFileIndex(1 paths)[s3a://goes-se-sandbox/data/warehouse/tablespace/external/hive/demo_pauldefusco.db/calendar]","IsNotNull(calendar_date), IsNotNull(year), IsNotNull(month)","calendar_date:date,year:int,month:int","isnotnull(calendar_date#2706), isnotnull(year#2708), isnotnull(month#2710)","",false
1,22,199,"Parquet",0,0,0,0,"InMemoryFileIndex(1 paths)[s3a://goes-se-sandbox/data/warehouse/tablespace/external/hive/demo_pauldefusco.db/calendar]","IsNotNull(calendar_date), IsNotNull(year), IsNotNull(month)","calendar_date:date,year:int,month:int,is_weekend:boolean","isnotnull(calendar_date#2239), isnotnull(year#2241), isnotnull(month#2243)","",false
1,22,291,"Parquet",0,0,0,0,"InMemoryFileIndex(1 paths)[s3a://goes-se-sandbox/data/warehouse/tablespace/external/hive/demo_pauldefusco.db/calendar]","IsNotNull(calendar_date), IsNotNull(year), IsNotNull(quarter)","calendar_date:date,year:int,quarter:int","isnotnull(calendar_date#2978), isnotnull(year#2980), isnotnull(quarter#2981)","",false
1,22,330,"Parquet",0,0,0,0,"InMemoryFileIndex(1 paths)[s3a://goes-se-sandbox/data/warehouse/tablespace/external/hive/demo_pauldefusco.db/calendar]","IsNotNull(calendar_date), IsNotNull(year), IsNotNull(quarter)","calendar_date:date,year:int,quarter:int,is_weekend:boolean","isnotnull(calendar_date#2556), isnotnull(year#2558), isnotnull(quarter#2559)","",false
1,22,79,"Parquet",0,0,0,0,"InMemoryFileIndex(1 paths)[s3a://goes-se-sandbox/data/warehouse/tablespace/external/hive/demo_pauldefusco.db/calendar]","IsNotNull(calendar_date)","calendar_date:date,year:int,quarter:int,month:int,is_weekend:boolean","isnotnull(calendar_date#113)","",false
1,22,274,"Parquet",0,0,0,0,"InMemoryFileIndex(1 paths)[s3a://goes-se-sandbox/data/warehouse/tablespace/external/hive/demo_pauldefusco.db/customers_skewed]","IsNotNull(customer_id)","customer_id:bigint","isnotnull(customer_id#2937L)","",false
1,22,232,"Parquet",0,0,0,0,"InMemoryFileIndex(1 paths)[s3a://goes-se-sandbox/data/warehouse/tablespace/external/hive/demo_pauldefusco.db/customers_skewed]","IsNotNull(customer_id)","customer_id:bigint,credit_score:int","isnotnull(customer_id#2322L)","",false
1,22,449,"Parquet",0,0,0,0,"InMemoryFileIndex(1 paths)[s3a://goes-se-sandbox/data/warehouse/tablespace/external/hive/demo_pauldefusco.db/customers_skewed]","IsNotNull(customer_id), IsNotNull(customer_segment), IsNotNull(income_band)","customer_id:bigint,credit_score:int,income_band:string,customer_segment:string","isnotnull(customer_id#3657L), isnotnull(customer_segment#3664), isnotnull(income_band#3662)","",false
1,22,182,"Parquet",0,0,0,0,"InMemoryFileIndex(1 paths)[s3a://goes-se-sandbox/data/warehouse/tablespace/external/hive/demo_pauldefusco.db/customers_skewed]","IsNotNull(customer_id), IsNotNull(customer_segment), IsNotNull(income_band), IsNotNull(risk_rating)","customer_id:bigint,credit_score:int,income_band:string,customer_segment:string,risk_rating:string","isnotnull(customer_id#2198L), isnotnull(customer_segment#2205), isnotnull(income_band#2203), isnotnull(risk_rating#2207)","",false
1,22,57,"Parquet",0,0,0,0,"InMemoryFileIndex(1 paths)[s3a://goes-se-sandbox/data/warehouse/tablespace/external/hive/demo_pauldefusco.db/customers_skewed]","IsNotNull(customer_id)","customer_id:bigint,credit_score:int,income_band:string,estimated_income:double,customer_segment:string,risk_rating:string","isnotnull(customer_id#31L)","",false
1,22,400,"Parquet",0,0,0,0,"InMemoryFileIndex(1 paths)[s3a://goes-se-sandbox/data/warehouse/tablespace/external/hive/demo_pauldefusco.db/customers_skewed]","IsNotNull(customer_id), IsNotNull(customer_segment), IsNotNull(income_band)","customer_id:bigint,income_band:string,customer_segment:string","isnotnull(customer_id#3985L), isnotnull(customer_segment#3992), isnotnull(income_band#3990)","",false
1,22,122,"Parquet",0,0,0,0,"InMemoryFileIndex(1 paths)[s3a://goes-se-sandbox/data/warehouse/tablespace/external/hive/demo_pauldefusco.db/customers_skewed]","IsNotNull(customer_id), IsNotNull(customer_segment), IsNotNull(income_band), IsNotNull(risk_rating)","customer_id:bigint,income_band:string,customer_segment:string,risk_rating:string","isnotnull(customer_id#2665L), isnotnull(customer_segment#2672), isnotnull(income_band#2670), isnotnull(risk_rating#2674)","",false
1,22,134,"Parquet",0,0,0,0,"InMemoryFileIndex(1 paths)[s3a://goes-se-sandbox/data/warehouse/tablespace/external/hive/demo_pauldefusco.db/merchants_skewed]","IsNotNull(merchant_id)","merchant_id:bigint","isnotnull(merchant_id#2685L)","",false
1,22,407,"Parquet",0,0,0,0,"InMemoryFileIndex(1 paths)[s3a://goes-se-sandbox/data/warehouse/tablespace/external/hive/demo_pauldefusco.db/merchants_skewed]","IsNotNull(merchant_id), IsNotNull(region)","merchant_id:bigint,region:string","isnotnull(merchant_id#4005L), isnotnull(region#4007)","",false
1,22,488,"Parquet",0,0,0,0,"InMemoryFileIndex(1 paths)[s3a://goes-se-sandbox/data/warehouse/tablespace/external/hive/demo_pauldefusco.db/merchants_skewed]","IsNotNull(merchant_id), IsNotNull(region)","merchant_id:bigint,region:string,risk_level:string","isnotnull(merchant_id#3810L), isnotnull(region#3812)","",false
1,22,325,"Parquet",0,0,0,0,"InMemoryFileIndex(1 paths)[s3a://goes-se-sandbox/data/warehouse/tablespace/external/hive/demo_pauldefusco.db/merchants_skewed]","IsNotNull(merchant_id), IsNotNull(region), IsNotNull(risk_level), IsNotNull(merchant_size)","merchant_id:bigint,region:string,risk_level:string,annual_revenue:double,merchant_size:string","isnotnull(merchant_id#2535L), isnotnull(region#2537), isnotnull(risk_level#2540), isnotnull(merchant_size#2542)","",false
1,22,69,"Parquet",0,0,0,0,"InMemoryFileIndex(1 paths)[s3a://goes-se-sandbox/data/warehouse/tablespace/external/hive/demo_pauldefusco.db/merchants_skewed]","IsNotNull(merchant_id)","merchant_id:bigint,region:string,risk_level:string,merchant_size:string","isnotnull(merchant_id#71L)","",false
1,22,286,"Parquet",0,0,0,0,"InMemoryFileIndex(1 paths)[s3a://goes-se-sandbox/data/warehouse/tablespace/external/hive/demo_pauldefusco.db/merchants_skewed]","IsNotNull(merchant_id), IsNotNull(region)","merchant_id:bigint,region:string,risk_level:string,merchant_size:string","isnotnull(merchant_id#2957L), isnotnull(region#2959)","",false
1,22,194,"Parquet",0,0,0,0,"InMemoryFileIndex(1 paths)[s3a://goes-se-sandbox/data/warehouse/tablespace/external/hive/demo_pauldefusco.db/merchants_skewed]","IsNotNull(merchant_id)","merchant_id:bigint,risk_level:string","isnotnull(merchant_id#2218L)","",false
1,22,115,"Parquet",0,0,0,0,"InMemoryFileIndex(1 paths)[s3a://goes-se-sandbox/data/warehouse/tablespace/external/hive/demo_pauldefusco.db/trs_v25]","IsNotNull(transaction_id), LessThan(transaction_id,12500000000), IsNotNull(customer_id), IsNotNull(account_id)","transaction_id:bigint,customer_id:bigint,account_id:bigint,merchant_id:bigint,branch_id:bigint,transaction_date:date","isnotnull(transaction_id#2650L), (transaction_id#2650L < 12500000000), isnotnull(customer_id#2651L), isnotnull(account_id#2652L)","",false
1,22,269,"Parquet",0,0,0,0,"InMemoryFileIndex(1 paths)[s3a://goes-se-sandbox/data/warehouse/tablespace/external/hive/demo_pauldefusco.db/trs_v25]","IsNotNull(transaction_id), LessThan(transaction_id,12500000000), IsNotNull(customer_id), IsNotNull(merchant_id), IsNotNull(merchant_category)","transaction_id:bigint,customer_id:bigint,account_id:bigint,merchant_id:bigint,branch_id:bigint,transaction_date:date,merchant_category:string","isnotnull(transaction_id#2922L), (transaction_id#2922L < 12500000000), isnotnull(customer_id#2923L), isnotnull(merchant_id#2925L), isnotnull(merchant_category#2929)","",false
1,22,393,"Parquet",0,0,0,0,"InMemoryFileIndex(1 paths)[s3a://goes-se-sandbox/data/warehouse/tablespace/external/hive/demo_pauldefusco.db/trs_v25]","IsNotNull(transaction_id), LessThan(transaction_id,12500000000), IsNotNull(merchant_category)","transaction_id:bigint,customer_id:bigint,account_id:bigint,merchant_id:bigint,branch_id:bigint,transaction_date:date,merchant_category:string","isnotnull(transaction_id#3970L), (transaction_id#3970L < 12500000000), isnotnull(merchant_category#3977)","",false
1,22,318,"Parquet",0,0,0,0,"InMemoryFileIndex(1 paths)[s3a://goes-se-sandbox/data/warehouse/tablespace/external/hive/demo_pauldefusco.db/trs_v25]","IsNotNull(transaction_id), LessThan(transaction_id,12500000000), IsNotNull(merchant_id), IsNotNull(merchant_category)","transaction_id:bigint,customer_id:bigint,account_id:bigint,merchant_id:bigint,branch_id:bigint,transaction_date:date,merchant_category:string,transaction_amount:double,fraud_flag:int","isnotnull(transaction_id#2500L), (transaction_id#2500L < 12500000000), isnotnull(merchant_id#2503L), isnotnull(merchant_category#2507)","",false
1,22,481,"Parquet",0,0,0,0,"InMemoryFileIndex(1 paths)[s3a://goes-se-sandbox/data/warehouse/tablespace/external/hive/demo_pauldefusco.db/trs_v25]","IsNotNull(transaction_id), IsNotNull(fraud_flag), LessThan(transaction_id,12500000000), EqualTo(fraud_flag,1), IsNotNull(merchant_category)","transaction_id:bigint,customer_id:bigint,account_id:bigint,merchant_id:bigint,branch_id:bigint,transaction_date:date,merchant_category:string,transaction_amount:double,fraud_flag:int","isnotnull(transaction_id#3775L), isnotnull(fraud_flag#3787), (transaction_id#3775L < 12500000000), (fraud_flag#3787 = 1), isnotnull(merchant_category#3782)","",false
1,22,50,"Parquet",0,0,0,0,"InMemoryFileIndex(1 paths)[s3a://goes-se-sandbox/data/warehouse/tablespace/external/hive/demo_pauldefusco.db/trs_v25]","IsNotNull(transaction_id), LessThan(transaction_id,12500000000)","transaction_id:bigint,customer_id:bigint,account_id:bigint,merchant_id:bigint,branch_id:bigint,transaction_date:date,merchant_category:string,transaction_amount:double,payment_channel:string,payment_type:string,device_type:string,fraud_flag:int","isnotnull(transaction_id#0L), (transaction_id#0L < 12500000000)","",false
1,22,175,"Parquet",0,0,0,0,"InMemoryFileIndex(1 paths)[s3a://goes-se-sandbox/data/warehouse/tablespace/external/hive/demo_pauldefusco.db/trs_v25]","IsNotNull(transaction_id), LessThan(transaction_id,12500000000), IsNotNull(customer_id)","transaction_id:bigint,customer_id:bigint,account_id:bigint,merchant_id:bigint,branch_id:bigint,transaction_date:date,transaction_amount:double,fraud_flag:int","isnotnull(transaction_id#2183L), (transaction_id#2183L < 12500000000), isnotnull(customer_id#2184L)","",false
1,22,227,"Parquet",0,0,0,0,"InMemoryFileIndex(1 paths)[s3a://goes-se-sandbox/data/warehouse/tablespace/external/hive/demo_pauldefusco.db/trs_v25]","IsNotNull(transaction_id), LessThan(transaction_id,12500000000), IsNotNull(account_id)","transaction_id:bigint,customer_id:bigint,account_id:bigint,merchant_id:bigint,branch_id:bigint,transaction_date:date,transaction_amount:double,fraud_flag:int","isnotnull(transaction_id#2307L), (transaction_id#2307L < 12500000000), isnotnull(account_id#2309L)","",false
1,22,442,"Parquet",0,0,0,0,"InMemoryFileIndex(1 paths)[s3a://goes-se-sandbox/data/warehouse/tablespace/external/hive/demo_pauldefusco.db/trs_v25]","IsNotNull(transaction_id), LessThan(transaction_id,12500000000)","transaction_id:bigint,customer_id:bigint,account_id:bigint,merchant_id:bigint,branch_id:bigint,transaction_date:date,transaction_amount:double,fraud_flag:int","isnotnull(transaction_id#3642L), (transaction_id#3642L < 12500000000)","",false
1,22,355,"Parquet",0,0,0,0,"InMemoryFileIndex(1 paths)[s3a://goes-se-sandbox/data/warehouse/tablespace/external/hive/demo_pauldefusco.db/trs_v25]","IsNotNull(transaction_id), LessThan(transaction_id,12500000000), IsNotNull(payment_channel), IsNotNull(payment_type), IsNotNull(device_type)","transaction_id:bigint,customer_id:bigint,account_id:bigint,merchant_id:bigint,branch_id:bigint,transaction_date:date,transaction_amount:double,payment_channel:string,payment_type:string,device_type:string,fraud_flag:int","isnotnull(transaction_id#3237L), (transaction_id#3237L < 12500000000), isnotnull(payment_channel#3246), isnotnull(payment_type#3247), isnotnull(device_type#3248)","",false
1,23,281,"Parquet",0,0,0,0,"InMemoryFileIndex(1 paths)[s3a://goes-se-sandbox/data/warehouse/tablespace/external/hive/demo_pauldefusco.db/accounts_skewed]","IsNotNull(account_id)","account_id:bigint","isnotnull(account_id#2948L)","",false
1,23,129,"Parquet",0,0,0,0,"InMemoryFileIndex(1 paths)[s3a://goes-se-sandbox/data/warehouse/tablespace/external/hive/demo_pauldefusco.db/accounts_skewed]","IsNotNull(account_id), IsNotNull(account_type)","account_id:bigint,account_type:string,account_status:string","isnotnull(account_id#2676L), isnotnull(account_type#2677)","",false
1,23,64,"Parquet",0,0,0,0,"InMemoryFileIndex(1 paths)[s3a://goes-se-sandbox/data/warehouse/tablespace/external/hive/demo_pauldefusco.db/accounts_skewed]","IsNotNull(account_id)","account_id:bigint,account_type:string,account_status:string,current_balance:double,credit_limit:double,interest_rate:double","isnotnull(account_id#52L)","",false
1,23,239,"Parquet",0,0,0,0,"InMemoryFileIndex(1 paths)[s3a://goes-se-sandbox/data/warehouse/tablespace/external/hive/demo_pauldefusco.db/accounts_skewed]","IsNotNull(account_id), IsNotNull(account_type), IsNotNull(account_status)","account_id:bigint,account_type:string,account_status:string,current_balance:double,credit_limit:double,interest_rate:double","isnotnull(account_id#2333L), isnotnull(account_type#2334), isnotnull(account_status#2336)","",false
1,23,189,"Parquet",0,0,0,0,"InMemoryFileIndex(1 paths)[s3a://goes-se-sandbox/data/warehouse/tablespace/external/hive/demo_pauldefusco.db/accounts_skewed]","IsNotNull(account_id)","account_id:bigint,current_balance:double,interest_rate:double","isnotnull(account_id#2209L)","",false
1,23,139,"Parquet",0,0,0,0,"InMemoryFileIndex(1 paths)[s3a://goes-se-sandbox/data/warehouse/tablespace/external/hive/demo_pauldefusco.db/branches_skewed]","IsNotNull(branch_id)","branch_id:bigint","isnotnull(branch_id#2695L)","",false
1,23,74,"Parquet",0,0,0,0,"InMemoryFileIndex(1 paths)[s3a://goes-se-sandbox/data/warehouse/tablespace/external/hive/demo_pauldefusco.db/branches_skewed]","IsNotNull(branch_id)","branch_id:bigint,region:string,branch_type:string","isnotnull(branch_id#91L)","",false
1,23,413,"Parquet",0,0,0,0,"InMemoryFileIndex(1 paths)[s3a://goes-se-sandbox/data/warehouse/tablespace/external/hive/demo_pauldefusco.db/branches_skewed]","IsNotNull(branch_id), IsNotNull(region), IsNotNull(branch_type)","branch_id:bigint,region:string,branch_type:string","isnotnull(branch_id#4015L), isnotnull(region#4018), isnotnull(branch_type#4019)","",false
1,23,457,"Parquet",0,0,0,0,"InMemoryFileIndex(1 paths)[s3a://goes-se-sandbox/data/warehouse/tablespace/external/hive/demo_pauldefusco.db/branches_skewed]","IsNotNull(branch_id), IsNotNull(region), IsNotNull(branch_type)","branch_id:bigint,region:string,branch_type:string,assets_under_management:double,annual_operating_cost:double","isnotnull(branch_id#3687L), isnotnull(region#3690), isnotnull(branch_type#3691)","",false
1,23,144,"Parquet",0,0,0,0,"InMemoryFileIndex(1 paths)[s3a://goes-se-sandbox/data/warehouse/tablespace/external/hive/demo_pauldefusco.db/calendar]","IsNotNull(calendar_date), IsNotNull(year), IsNotNull(month)","calendar_date:date,year:int,month:int","isnotnull(calendar_date#2706), isnotnull(year#2708), isnotnull(month#2710)","",false
1,23,199,"Parquet",0,0,0,0,"InMemoryFileIndex(1 paths)[s3a://goes-se-sandbox/data/warehouse/tablespace/external/hive/demo_pauldefusco.db/calendar]","IsNotNull(calendar_date), IsNotNull(year), IsNotNull(month)","calendar_date:date,year:int,month:int,is_weekend:boolean","isnotnull(calendar_date#2239), isnotnull(year#2241), isnotnull(month#2243)","",false
1,23,291,"Parquet",0,0,0,0,"InMemoryFileIndex(1 paths)[s3a://goes-se-sandbox/data/warehouse/tablespace/external/hive/demo_pauldefusco.db/calendar]","IsNotNull(calendar_date), IsNotNull(year), IsNotNull(quarter)","calendar_date:date,year:int,quarter:int","isnotnull(calendar_date#2978), isnotnull(year#2980), isnotnull(quarter#2981)","",false
1,23,330,"Parquet",0,0,0,0,"InMemoryFileIndex(1 paths)[s3a://goes-se-sandbox/data/warehouse/tablespace/external/hive/demo_pauldefusco.db/calendar]","IsNotNull(calendar_date), IsNotNull(year), IsNotNull(quarter)","calendar_date:date,year:int,quarter:int,is_weekend:boolean","isnotnull(calendar_date#2556), isnotnull(year#2558), isnotnull(quarter#2559)","",false
1,23,79,"Parquet",0,0,0,0,"InMemoryFileIndex(1 paths)[s3a://goes-se-sandbox/data/warehouse/tablespace/external/hive/demo_pauldefusco.db/calendar]","IsNotNull(calendar_date)","calendar_date:date,year:int,quarter:int,month:int,is_weekend:boolean","isnotnull(calendar_date#113)","",false
1,23,274,"Parquet",0,0,0,0,"InMemoryFileIndex(1 paths)[s3a://goes-se-sandbox/data/warehouse/tablespace/external/hive/demo_pauldefusco.db/customers_skewed]","IsNotNull(customer_id)","customer_id:bigint","isnotnull(customer_id#2937L)","",false
1,23,232,"Parquet",0,0,0,0,"InMemoryFileIndex(1 paths)[s3a://goes-se-sandbox/data/warehouse/tablespace/external/hive/demo_pauldefusco.db/customers_skewed]","IsNotNull(customer_id)","customer_id:bigint,credit_score:int","isnotnull(customer_id#2322L)","",false
1,23,450,"Parquet",0,0,0,0,"InMemoryFileIndex(1 paths)[s3a://goes-se-sandbox/data/warehouse/tablespace/external/hive/demo_pauldefusco.db/customers_skewed]","IsNotNull(customer_id), IsNotNull(customer_segment), IsNotNull(income_band)","customer_id:bigint,credit_score:int,income_band:string,customer_segment:string","isnotnull(customer_id#3657L), isnotnull(customer_segment#3664), isnotnull(income_band#3662)","",false
1,23,182,"Parquet",0,0,0,0,"InMemoryFileIndex(1 paths)[s3a://goes-se-sandbox/data/warehouse/tablespace/external/hive/demo_pauldefusco.db/customers_skewed]","IsNotNull(customer_id), IsNotNull(customer_segment), IsNotNull(income_band), IsNotNull(risk_rating)","customer_id:bigint,credit_score:int,income_band:string,customer_segment:string,risk_rating:string","isnotnull(customer_id#2198L), isnotnull(customer_segment#2205), isnotnull(income_band#2203), isnotnull(risk_rating#2207)","",false
1,23,57,"Parquet",0,0,0,0,"InMemoryFileIndex(1 paths)[s3a://goes-se-sandbox/data/warehouse/tablespace/external/hive/demo_pauldefusco.db/customers_skewed]","IsNotNull(customer_id)","customer_id:bigint,credit_score:int,income_band:string,estimated_income:double,customer_segment:string,risk_rating:string","isnotnull(customer_id#31L)","",false
1,23,401,"Parquet",0,0,0,0,"InMemoryFileIndex(1 paths)[s3a://goes-se-sandbox/data/warehouse/tablespace/external/hive/demo_pauldefusco.db/customers_skewed]","IsNotNull(customer_id), IsNotNull(customer_segment), IsNotNull(income_band)","customer_id:bigint,income_band:string,customer_segment:string","isnotnull(customer_id#3985L), isnotnull(customer_segment#3992), isnotnull(income_band#3990)","",false
1,23,122,"Parquet",0,0,0,0,"InMemoryFileIndex(1 paths)[s3a://goes-se-sandbox/data/warehouse/tablespace/external/hive/demo_pauldefusco.db/customers_skewed]","IsNotNull(customer_id), IsNotNull(customer_segment), IsNotNull(income_band), IsNotNull(risk_rating)","customer_id:bigint,income_band:string,customer_segment:string,risk_rating:string","isnotnull(customer_id#2665L), isnotnull(customer_segment#2672), isnotnull(income_band#2670), isnotnull(risk_rating#2674)","",false
1,23,134,"Parquet",0,0,0,0,"InMemoryFileIndex(1 paths)[s3a://goes-se-sandbox/data/warehouse/tablespace/external/hive/demo_pauldefusco.db/merchants_skewed]","IsNotNull(merchant_id)","merchant_id:bigint","isnotnull(merchant_id#2685L)","",false
1,23,408,"Parquet",0,0,0,0,"InMemoryFileIndex(1 paths)[s3a://goes-se-sandbox/data/warehouse/tablespace/external/hive/demo_pauldefusco.db/merchants_skewed]","IsNotNull(merchant_id), IsNotNull(region)","merchant_id:bigint,region:string","isnotnull(merchant_id#4005L), isnotnull(region#4007)","",false
1,23,489,"Parquet",0,0,0,0,"InMemoryFileIndex(1 paths)[s3a://goes-se-sandbox/data/warehouse/tablespace/external/hive/demo_pauldefusco.db/merchants_skewed]","IsNotNull(merchant_id), IsNotNull(region)","merchant_id:bigint,region:string,risk_level:string","isnotnull(merchant_id#3810L), isnotnull(region#3812)","",false
1,23,325,"Parquet",0,0,0,0,"InMemoryFileIndex(1 paths)[s3a://goes-se-sandbox/data/warehouse/tablespace/external/hive/demo_pauldefusco.db/merchants_skewed]","IsNotNull(merchant_id), IsNotNull(region), IsNotNull(risk_level), IsNotNull(merchant_size)","merchant_id:bigint,region:string,risk_level:string,annual_revenue:double,merchant_size:string","isnotnull(merchant_id#2535L), isnotnull(region#2537), isnotnull(risk_level#2540), isnotnull(merchant_size#2542)","",false
1,23,69,"Parquet",0,0,0,0,"InMemoryFileIndex(1 paths)[s3a://goes-se-sandbox/data/warehouse/tablespace/external/hive/demo_pauldefusco.db/merchants_skewed]","IsNotNull(merchant_id)","merchant_id:bigint,region:string,risk_level:string,merchant_size:string","isnotnull(merchant_id#71L)","",false
1,23,286,"Parquet",0,0,0,0,"InMemoryFileIndex(1 paths)[s3a://goes-se-sandbox/data/warehouse/tablespace/external/hive/demo_pauldefusco.db/merchants_skewed]","IsNotNull(merchant_id), IsNotNull(region)","merchant_id:bigint,region:string,risk_level:string,merchant_size:string","isnotnull(merchant_id#2957L), isnotnull(region#2959)","",false
1,23,194,"Parquet",0,0,0,0,"InMemoryFileIndex(1 paths)[s3a://goes-se-sandbox/data/warehouse/tablespace/external/hive/demo_pauldefusco.db/merchants_skewed]","IsNotNull(merchant_id)","merchant_id:bigint,risk_level:string","isnotnull(merchant_id#2218L)","",false
1,23,115,"Parquet",0,0,0,0,"InMemoryFileIndex(1 paths)[s3a://goes-se-sandbox/data/warehouse/tablespace/external/hive/demo_pauldefusco.db/trs_v25]","IsNotNull(transaction_id), LessThan(transaction_id,12500000000), IsNotNull(customer_id), IsNotNull(account_id)","transaction_id:bigint,customer_id:bigint,account_id:bigint,merchant_id:bigint,branch_id:bigint,transaction_date:date","isnotnull(transaction_id#2650L), (transaction_id#2650L < 12500000000), isnotnull(customer_id#2651L), isnotnull(account_id#2652L)","",false
1,23,269,"Parquet",0,0,0,0,"InMemoryFileIndex(1 paths)[s3a://goes-se-sandbox/data/warehouse/tablespace/external/hive/demo_pauldefusco.db/trs_v25]","IsNotNull(transaction_id), LessThan(transaction_id,12500000000), IsNotNull(customer_id), IsNotNull(merchant_id), IsNotNull(merchant_category)","transaction_id:bigint,customer_id:bigint,account_id:bigint,merchant_id:bigint,branch_id:bigint,transaction_date:date,merchant_category:string","isnotnull(transaction_id#2922L), (transaction_id#2922L < 12500000000), isnotnull(customer_id#2923L), isnotnull(merchant_id#2925L), isnotnull(merchant_category#2929)","",false
1,23,394,"Parquet",0,0,0,0,"InMemoryFileIndex(1 paths)[s3a://goes-se-sandbox/data/warehouse/tablespace/external/hive/demo_pauldefusco.db/trs_v25]","IsNotNull(transaction_id), LessThan(transaction_id,12500000000), IsNotNull(merchant_category)","transaction_id:bigint,customer_id:bigint,account_id:bigint,merchant_id:bigint,branch_id:bigint,transaction_date:date,merchant_category:string","isnotnull(transaction_id#3970L), (transaction_id#3970L < 12500000000), isnotnull(merchant_category#3977)","",false
1,23,318,"Parquet",0,0,0,0,"InMemoryFileIndex(1 paths)[s3a://goes-se-sandbox/data/warehouse/tablespace/external/hive/demo_pauldefusco.db/trs_v25]","IsNotNull(transaction_id), LessThan(transaction_id,12500000000), IsNotNull(merchant_id), IsNotNull(merchant_category)","transaction_id:bigint,customer_id:bigint,account_id:bigint,merchant_id:bigint,branch_id:bigint,transaction_date:date,merchant_category:string,transaction_amount:double,fraud_flag:int","isnotnull(transaction_id#2500L), (transaction_id#2500L < 12500000000), isnotnull(merchant_id#2503L), isnotnull(merchant_category#2507)","",false
1,23,482,"Parquet",0,0,0,0,"InMemoryFileIndex(1 paths)[s3a://goes-se-sandbox/data/warehouse/tablespace/external/hive/demo_pauldefusco.db/trs_v25]","IsNotNull(transaction_id), IsNotNull(fraud_flag), LessThan(transaction_id,12500000000), EqualTo(fraud_flag,1), IsNotNull(merchant_category)","transaction_id:bigint,customer_id:bigint,account_id:bigint,merchant_id:bigint,branch_id:bigint,transaction_date:date,merchant_category:string,transaction_amount:double,fraud_flag:int","isnotnull(transaction_id#3775L), isnotnull(fraud_flag#3787), (transaction_id#3775L < 12500000000), (fraud_flag#3787 = 1), isnotnull(merchant_category#3782)","",false
1,23,50,"Parquet",0,0,0,0,"InMemoryFileIndex(1 paths)[s3a://goes-se-sandbox/data/warehouse/tablespace/external/hive/demo_pauldefusco.db/trs_v25]","IsNotNull(transaction_id), LessThan(transaction_id,12500000000)","transaction_id:bigint,customer_id:bigint,account_id:bigint,merchant_id:bigint,branch_id:bigint,transaction_date:date,merchant_category:string,transaction_amount:double,payment_channel:string,payment_type:string,device_type:string,fraud_flag:int","isnotnull(transaction_id#0L), (transaction_id#0L < 12500000000)","",false
1,23,175,"Parquet",0,0,0,0,"InMemoryFileIndex(1 paths)[s3a://goes-se-sandbox/data/warehouse/tablespace/external/hive/demo_pauldefusco.db/trs_v25]","IsNotNull(transaction_id), LessThan(transaction_id,12500000000), IsNotNull(customer_id)","transaction_id:bigint,customer_id:bigint,account_id:bigint,merchant_id:bigint,branch_id:bigint,transaction_date:date,transaction_amount:double,fraud_flag:int","isnotnull(transaction_id#2183L), (transaction_id#2183L < 12500000000), isnotnull(customer_id#2184L)","",false
1,23,227,"Parquet",0,0,0,0,"InMemoryFileIndex(1 paths)[s3a://goes-se-sandbox/data/warehouse/tablespace/external/hive/demo_pauldefusco.db/trs_v25]","IsNotNull(transaction_id), LessThan(transaction_id,12500000000), IsNotNull(account_id)","transaction_id:bigint,customer_id:bigint,account_id:bigint,merchant_id:bigint,branch_id:bigint,transaction_date:date,transaction_amount:double,fraud_flag:int","isnotnull(transaction_id#2307L), (transaction_id#2307L < 12500000000), isnotnull(account_id#2309L)","",false
1,23,443,"Parquet",0,0,0,0,"InMemoryFileIndex(1 paths)[s3a://goes-se-sandbox/data/warehouse/tablespace/external/hive/demo_pauldefusco.db/trs_v25]","IsNotNull(transaction_id), LessThan(transaction_id,12500000000)","transaction_id:bigint,customer_id:bigint,account_id:bigint,merchant_id:bigint,branch_id:bigint,transaction_date:date,transaction_amount:double,fraud_flag:int","isnotnull(transaction_id#3642L), (transaction_id#3642L < 12500000000)","",false
1,23,355,"Parquet",0,0,0,0,"InMemoryFileIndex(1 paths)[s3a://goes-se-sandbox/data/warehouse/tablespace/external/hive/demo_pauldefusco.db/trs_v25]","IsNotNull(transaction_id), LessThan(transaction_id,12500000000), IsNotNull(payment_channel), IsNotNull(payment_type), IsNotNull(device_type)","transaction_id:bigint,customer_id:bigint,account_id:bigint,merchant_id:bigint,branch_id:bigint,transaction_date:date,transaction_amount:double,payment_channel:string,payment_type:string,device_type:string,fraud_flag:int","isnotnull(transaction_id#3237L), (transaction_id#3237L < 12500000000), isnotnull(payment_channel#3246), isnotnull(payment_type#3247), isnotnull(device_type#3248)","",false
1,24,282,"Parquet",0,0,0,0,"InMemoryFileIndex(1 paths)[s3a://goes-se-sandbox/data/warehouse/tablespace/external/hive/demo_pauldefusco.db/accounts_skewed]","IsNotNull(account_id)","account_id:bigint","isnotnull(account_id#2948L)","",false
1,24,129,"Parquet",0,0,0,0,"InMemoryFileIndex(1 paths)[s3a://goes-se-sandbox/data/warehouse/tablespace/external/hive/demo_pauldefusco.db/accounts_skewed]","IsNotNull(account_id), IsNotNull(account_type)","account_id:bigint,account_type:string,account_status:string","isnotnull(account_id#2676L), isnotnull(account_type#2677)","",false
1,24,64,"Parquet",0,0,0,0,"InMemoryFileIndex(1 paths)[s3a://goes-se-sandbox/data/warehouse/tablespace/external/hive/demo_pauldefusco.db/accounts_skewed]","IsNotNull(account_id)","account_id:bigint,account_type:string,account_status:string,current_balance:double,credit_limit:double,interest_rate:double","isnotnull(account_id#52L)","",false
1,24,240,"Parquet",0,0,0,0,"InMemoryFileIndex(1 paths)[s3a://goes-se-sandbox/data/warehouse/tablespace/external/hive/demo_pauldefusco.db/accounts_skewed]","IsNotNull(account_id), IsNotNull(account_type), IsNotNull(account_status)","account_id:bigint,account_type:string,account_status:string,current_balance:double,credit_limit:double,interest_rate:double","isnotnull(account_id#2333L), isnotnull(account_type#2334), isnotnull(account_status#2336)","",false
1,24,190,"Parquet",0,0,0,0,"InMemoryFileIndex(1 paths)[s3a://goes-se-sandbox/data/warehouse/tablespace/external/hive/demo_pauldefusco.db/accounts_skewed]","IsNotNull(account_id)","account_id:bigint,current_balance:double,interest_rate:double","isnotnull(account_id#2209L)","",false
1,24,139,"Parquet",0,0,0,0,"InMemoryFileIndex(1 paths)[s3a://goes-se-sandbox/data/warehouse/tablespace/external/hive/demo_pauldefusco.db/branches_skewed]","IsNotNull(branch_id)","branch_id:bigint","isnotnull(branch_id#2695L)","",false
1,24,74,"Parquet",0,0,0,0,"InMemoryFileIndex(1 paths)[s3a://goes-se-sandbox/data/warehouse/tablespace/external/hive/demo_pauldefusco.db/branches_skewed]","IsNotNull(branch_id)","branch_id:bigint,region:string,branch_type:string","isnotnull(branch_id#91L)","",false
1,24,414,"Parquet",0,0,0,0,"InMemoryFileIndex(1 paths)[s3a://goes-se-sandbox/data/warehouse/tablespace/external/hive/demo_pauldefusco.db/branches_skewed]","IsNotNull(branch_id), IsNotNull(region), IsNotNull(branch_type)","branch_id:bigint,region:string,branch_type:string","isnotnull(branch_id#4015L), isnotnull(region#4018), isnotnull(branch_type#4019)","",false
1,24,458,"Parquet",0,0,0,0,"InMemoryFileIndex(1 paths)[s3a://goes-se-sandbox/data/warehouse/tablespace/external/hive/demo_pauldefusco.db/branches_skewed]","IsNotNull(branch_id), IsNotNull(region), IsNotNull(branch_type)","branch_id:bigint,region:string,branch_type:string,assets_under_management:double,annual_operating_cost:double","isnotnull(branch_id#3687L), isnotnull(region#3690), isnotnull(branch_type#3691)","",false
1,24,144,"Parquet",0,0,0,0,"InMemoryFileIndex(1 paths)[s3a://goes-se-sandbox/data/warehouse/tablespace/external/hive/demo_pauldefusco.db/calendar]","IsNotNull(calendar_date), IsNotNull(year), IsNotNull(month)","calendar_date:date,year:int,month:int","isnotnull(calendar_date#2706), isnotnull(year#2708), isnotnull(month#2710)","",false
1,24,200,"Parquet",0,0,0,0,"InMemoryFileIndex(1 paths)[s3a://goes-se-sandbox/data/warehouse/tablespace/external/hive/demo_pauldefusco.db/calendar]","IsNotNull(calendar_date), IsNotNull(year), IsNotNull(month)","calendar_date:date,year:int,month:int,is_weekend:boolean","isnotnull(calendar_date#2239), isnotnull(year#2241), isnotnull(month#2243)","",false
1,24,292,"Parquet",0,0,0,0,"InMemoryFileIndex(1 paths)[s3a://goes-se-sandbox/data/warehouse/tablespace/external/hive/demo_pauldefusco.db/calendar]","IsNotNull(calendar_date), IsNotNull(year), IsNotNull(quarter)","calendar_date:date,year:int,quarter:int","isnotnull(calendar_date#2978), isnotnull(year#2980), isnotnull(quarter#2981)","",false
1,24,331,"Parquet",0,0,0,0,"InMemoryFileIndex(1 paths)[s3a://goes-se-sandbox/data/warehouse/tablespace/external/hive/demo_pauldefusco.db/calendar]","IsNotNull(calendar_date), IsNotNull(year), IsNotNull(quarter)","calendar_date:date,year:int,quarter:int,is_weekend:boolean","isnotnull(calendar_date#2556), isnotnull(year#2558), isnotnull(quarter#2559)","",false
1,24,79,"Parquet",0,0,0,0,"InMemoryFileIndex(1 paths)[s3a://goes-se-sandbox/data/warehouse/tablespace/external/hive/demo_pauldefusco.db/calendar]","IsNotNull(calendar_date)","calendar_date:date,year:int,quarter:int,month:int,is_weekend:boolean","isnotnull(calendar_date#113)","",false
1,24,275,"Parquet",0,0,0,0,"InMemoryFileIndex(1 paths)[s3a://goes-se-sandbox/data/warehouse/tablespace/external/hive/demo_pauldefusco.db/customers_skewed]","IsNotNull(customer_id)","customer_id:bigint","isnotnull(customer_id#2937L)","",false
1,24,233,"Parquet",0,0,0,0,"InMemoryFileIndex(1 paths)[s3a://goes-se-sandbox/data/warehouse/tablespace/external/hive/demo_pauldefusco.db/customers_skewed]","IsNotNull(customer_id)","customer_id:bigint,credit_score:int","isnotnull(customer_id#2322L)","",false
1,24,451,"Parquet",0,0,0,0,"InMemoryFileIndex(1 paths)[s3a://goes-se-sandbox/data/warehouse/tablespace/external/hive/demo_pauldefusco.db/customers_skewed]","IsNotNull(customer_id), IsNotNull(customer_segment), IsNotNull(income_band)","customer_id:bigint,credit_score:int,income_band:string,customer_segment:string","isnotnull(customer_id#3657L), isnotnull(customer_segment#3664), isnotnull(income_band#3662)","",false
1,24,183,"Parquet",0,0,0,0,"InMemoryFileIndex(1 paths)[s3a://goes-se-sandbox/data/warehouse/tablespace/external/hive/demo_pauldefusco.db/customers_skewed]","IsNotNull(customer_id), IsNotNull(customer_segment), IsNotNull(income_band), IsNotNull(risk_rating)","customer_id:bigint,credit_score:int,income_band:string,customer_segment:string,risk_rating:string","isnotnull(customer_id#2198L), isnotnull(customer_segment#2205), isnotnull(income_band#2203), isnotnull(risk_rating#2207)","",false
1,24,57,"Parquet",0,0,0,0,"InMemoryFileIndex(1 paths)[s3a://goes-se-sandbox/data/warehouse/tablespace/external/hive/demo_pauldefusco.db/customers_skewed]","IsNotNull(customer_id)","customer_id:bigint,credit_score:int,income_band:string,estimated_income:double,customer_segment:string,risk_rating:string","isnotnull(customer_id#31L)","",false
1,24,402,"Parquet",0,0,0,0,"InMemoryFileIndex(1 paths)[s3a://goes-se-sandbox/data/warehouse/tablespace/external/hive/demo_pauldefusco.db/customers_skewed]","IsNotNull(customer_id), IsNotNull(customer_segment), IsNotNull(income_band)","customer_id:bigint,income_band:string,customer_segment:string","isnotnull(customer_id#3985L), isnotnull(customer_segment#3992), isnotnull(income_band#3990)","",false
1,24,122,"Parquet",0,0,0,0,"InMemoryFileIndex(1 paths)[s3a://goes-se-sandbox/data/warehouse/tablespace/external/hive/demo_pauldefusco.db/customers_skewed]","IsNotNull(customer_id), IsNotNull(customer_segment), IsNotNull(income_band), IsNotNull(risk_rating)","customer_id:bigint,income_band:string,customer_segment:string,risk_rating:string","isnotnull(customer_id#2665L), isnotnull(customer_segment#2672), isnotnull(income_band#2670), isnotnull(risk_rating#2674)","",false
1,24,134,"Parquet",0,0,0,0,"InMemoryFileIndex(1 paths)[s3a://goes-se-sandbox/data/warehouse/tablespace/external/hive/demo_pauldefusco.db/merchants_skewed]","IsNotNull(merchant_id)","merchant_id:bigint","isnotnull(merchant_id#2685L)","",false
1,24,409,"Parquet",0,0,0,0,"InMemoryFileIndex(1 paths)[s3a://goes-se-sandbox/data/warehouse/tablespace/external/hive/demo_pauldefusco.db/merchants_skewed]","IsNotNull(merchant_id), IsNotNull(region)","merchant_id:bigint,region:string","isnotnull(merchant_id#4005L), isnotnull(region#4007)","",false
1,24,490,"Parquet",0,0,0,0,"InMemoryFileIndex(1 paths)[s3a://goes-se-sandbox/data/warehouse/tablespace/external/hive/demo_pauldefusco.db/merchants_skewed]","IsNotNull(merchant_id), IsNotNull(region)","merchant_id:bigint,region:string,risk_level:string","isnotnull(merchant_id#3810L), isnotnull(region#3812)","",false
1,24,326,"Parquet",0,0,0,0,"InMemoryFileIndex(1 paths)[s3a://goes-se-sandbox/data/warehouse/tablespace/external/hive/demo_pauldefusco.db/merchants_skewed]","IsNotNull(merchant_id), IsNotNull(region), IsNotNull(risk_level), IsNotNull(merchant_size)","merchant_id:bigint,region:string,risk_level:string,annual_revenue:double,merchant_size:string","isnotnull(merchant_id#2535L), isnotnull(region#2537), isnotnull(risk_level#2540), isnotnull(merchant_size#2542)","",false
1,24,69,"Parquet",0,0,0,0,"InMemoryFileIndex(1 paths)[s3a://goes-se-sandbox/data/warehouse/tablespace/external/hive/demo_pauldefusco.db/merchants_skewed]","IsNotNull(merchant_id)","merchant_id:bigint,region:string,risk_level:string,merchant_size:string","isnotnull(merchant_id#71L)","",false
1,24,287,"Parquet",0,0,0,0,"InMemoryFileIndex(1 paths)[s3a://goes-se-sandbox/data/warehouse/tablespace/external/hive/demo_pauldefusco.db/merchants_skewed]","IsNotNull(merchant_id), IsNotNull(region)","merchant_id:bigint,region:string,risk_level:string,merchant_size:string","isnotnull(merchant_id#2957L), isnotnull(region#2959)","",false
1,24,195,"Parquet",0,0,0,0,"InMemoryFileIndex(1 paths)[s3a://goes-se-sandbox/data/warehouse/tablespace/external/hive/demo_pauldefusco.db/merchants_skewed]","IsNotNull(merchant_id)","merchant_id:bigint,risk_level:string","isnotnull(merchant_id#2218L)","",false
1,24,115,"Parquet",0,0,0,0,"InMemoryFileIndex(1 paths)[s3a://goes-se-sandbox/data/warehouse/tablespace/external/hive/demo_pauldefusco.db/trs_v25]","IsNotNull(transaction_id), LessThan(transaction_id,12500000000), IsNotNull(customer_id), IsNotNull(account_id)","transaction_id:bigint,customer_id:bigint,account_id:bigint,merchant_id:bigint,branch_id:bigint,transaction_date:date","isnotnull(transaction_id#2650L), (transaction_id#2650L < 12500000000), isnotnull(customer_id#2651L), isnotnull(account_id#2652L)","",false
1,24,270,"Parquet",0,0,0,0,"InMemoryFileIndex(1 paths)[s3a://goes-se-sandbox/data/warehouse/tablespace/external/hive/demo_pauldefusco.db/trs_v25]","IsNotNull(transaction_id), LessThan(transaction_id,12500000000), IsNotNull(customer_id), IsNotNull(merchant_id), IsNotNull(merchant_category)","transaction_id:bigint,customer_id:bigint,account_id:bigint,merchant_id:bigint,branch_id:bigint,transaction_date:date,merchant_category:string","isnotnull(transaction_id#2922L), (transaction_id#2922L < 12500000000), isnotnull(customer_id#2923L), isnotnull(merchant_id#2925L), isnotnull(merchant_category#2929)","",false
1,24,395,"Parquet",0,0,0,0,"InMemoryFileIndex(1 paths)[s3a://goes-se-sandbox/data/warehouse/tablespace/external/hive/demo_pauldefusco.db/trs_v25]","IsNotNull(transaction_id), LessThan(transaction_id,12500000000), IsNotNull(merchant_category)","transaction_id:bigint,customer_id:bigint,account_id:bigint,merchant_id:bigint,branch_id:bigint,transaction_date:date,merchant_category:string","isnotnull(transaction_id#3970L), (transaction_id#3970L < 12500000000), isnotnull(merchant_category#3977)","",false
1,24,319,"Parquet",0,0,0,0,"InMemoryFileIndex(1 paths)[s3a://goes-se-sandbox/data/warehouse/tablespace/external/hive/demo_pauldefusco.db/trs_v25]","IsNotNull(transaction_id), LessThan(transaction_id,12500000000), IsNotNull(merchant_id), IsNotNull(merchant_category)","transaction_id:bigint,customer_id:bigint,account_id:bigint,merchant_id:bigint,branch_id:bigint,transaction_date:date,merchant_category:string,transaction_amount:double,fraud_flag:int","isnotnull(transaction_id#2500L), (transaction_id#2500L < 12500000000), isnotnull(merchant_id#2503L), isnotnull(merchant_category#2507)","",false
1,24,483,"Parquet",0,0,0,0,"InMemoryFileIndex(1 paths)[s3a://goes-se-sandbox/data/warehouse/tablespace/external/hive/demo_pauldefusco.db/trs_v25]","IsNotNull(transaction_id), IsNotNull(fraud_flag), LessThan(transaction_id,12500000000), EqualTo(fraud_flag,1), IsNotNull(merchant_category)","transaction_id:bigint,customer_id:bigint,account_id:bigint,merchant_id:bigint,branch_id:bigint,transaction_date:date,merchant_category:string,transaction_amount:double,fraud_flag:int","isnotnull(transaction_id#3775L), isnotnull(fraud_flag#3787), (transaction_id#3775L < 12500000000), (fraud_flag#3787 = 1), isnotnull(merchant_category#3782)","",false
1,24,50,"Parquet",0,0,0,0,"InMemoryFileIndex(1 paths)[s3a://goes-se-sandbox/data/warehouse/tablespace/external/hive/demo_pauldefusco.db/trs_v25]","IsNotNull(transaction_id), LessThan(transaction_id,12500000000)","transaction_id:bigint,customer_id:bigint,account_id:bigint,merchant_id:bigint,branch_id:bigint,transaction_date:date,merchant_category:string,transaction_amount:double,payment_channel:string,payment_type:string,device_type:string,fraud_flag:int","isnotnull(transaction_id#0L), (transaction_id#0L < 12500000000)","",false
1,24,176,"Parquet",0,0,0,0,"InMemoryFileIndex(1 paths)[s3a://goes-se-sandbox/data/warehouse/tablespace/external/hive/demo_pauldefusco.db/trs_v25]","IsNotNull(transaction_id), LessThan(transaction_id,12500000000), IsNotNull(customer_id)","transaction_id:bigint,customer_id:bigint,account_id:bigint,merchant_id:bigint,branch_id:bigint,transaction_date:date,transaction_amount:double,fraud_flag:int","isnotnull(transaction_id#2183L), (transaction_id#2183L < 12500000000), isnotnull(customer_id#2184L)","",false
1,24,228,"Parquet",0,0,0,0,"InMemoryFileIndex(1 paths)[s3a://goes-se-sandbox/data/warehouse/tablespace/external/hive/demo_pauldefusco.db/trs_v25]","IsNotNull(transaction_id), LessThan(transaction_id,12500000000), IsNotNull(account_id)","transaction_id:bigint,customer_id:bigint,account_id:bigint,merchant_id:bigint,branch_id:bigint,transaction_date:date,transaction_amount:double,fraud_flag:int","isnotnull(transaction_id#2307L), (transaction_id#2307L < 12500000000), isnotnull(account_id#2309L)","",false
1,24,444,"Parquet",0,0,0,0,"InMemoryFileIndex(1 paths)[s3a://goes-se-sandbox/data/warehouse/tablespace/external/hive/demo_pauldefusco.db/trs_v25]","IsNotNull(transaction_id), LessThan(transaction_id,12500000000)","transaction_id:bigint,customer_id:bigint,account_id:bigint,merchant_id:bigint,branch_id:bigint,transaction_date:date,transaction_amount:double,fraud_flag:int","isnotnull(transaction_id#3642L), (transaction_id#3642L < 12500000000)","",false
1,24,356,"Parquet",0,0,0,0,"InMemoryFileIndex(1 paths)[s3a://goes-se-sandbox/data/warehouse/tablespace/external/hive/demo_pauldefusco.db/trs_v25]","IsNotNull(transaction_id), LessThan(transaction_id,12500000000), IsNotNull(payment_channel), IsNotNull(payment_type), IsNotNull(device_type)","transaction_id:bigint,customer_id:bigint,account_id:bigint,merchant_id:bigint,branch_id:bigint,transaction_date:date,transaction_amount:double,payment_channel:string,payment_type:string,device_type:string,fraud_flag:int","isnotnull(transaction_id#3237L), (transaction_id#3237L < 12500000000), isnotnull(payment_channel#3246), isnotnull(payment_type#3247), isnotnull(device_type#3248)","",false
1,25,282,"Parquet",0,0,0,0,"InMemoryFileIndex(1 paths)[s3a://goes-se-sandbox/data/warehouse/tablespace/external/hive/demo_pauldefusco.db/accounts_skewed]","IsNotNull(account_id)","account_id:bigint","isnotnull(account_id#2948L)","",false
1,25,129,"Parquet",0,0,0,0,"InMemoryFileIndex(1 paths)[s3a://goes-se-sandbox/data/warehouse/tablespace/external/hive/demo_pauldefusco.db/accounts_skewed]","IsNotNull(account_id), IsNotNull(account_type)","account_id:bigint,account_type:string,account_status:string","isnotnull(account_id#2676L), isnotnull(account_type#2677)","",false
1,25,64,"Parquet",0,0,0,0,"InMemoryFileIndex(1 paths)[s3a://goes-se-sandbox/data/warehouse/tablespace/external/hive/demo_pauldefusco.db/accounts_skewed]","IsNotNull(account_id)","account_id:bigint,account_type:string,account_status:string,current_balance:double,credit_limit:double,interest_rate:double","isnotnull(account_id#52L)","",false
1,25,240,"Parquet",0,0,0,0,"InMemoryFileIndex(1 paths)[s3a://goes-se-sandbox/data/warehouse/tablespace/external/hive/demo_pauldefusco.db/accounts_skewed]","IsNotNull(account_id), IsNotNull(account_type), IsNotNull(account_status)","account_id:bigint,account_type:string,account_status:string,current_balance:double,credit_limit:double,interest_rate:double","isnotnull(account_id#2333L), isnotnull(account_type#2334), isnotnull(account_status#2336)","",false
1,25,190,"Parquet",0,0,0,0,"InMemoryFileIndex(1 paths)[s3a://goes-se-sandbox/data/warehouse/tablespace/external/hive/demo_pauldefusco.db/accounts_skewed]","IsNotNull(account_id)","account_id:bigint,current_balance:double,interest_rate:double","isnotnull(account_id#2209L)","",false
1,25,139,"Parquet",0,0,0,0,"InMemoryFileIndex(1 paths)[s3a://goes-se-sandbox/data/warehouse/tablespace/external/hive/demo_pauldefusco.db/branches_skewed]","IsNotNull(branch_id)","branch_id:bigint","isnotnull(branch_id#2695L)","",false
1,25,74,"Parquet",0,0,0,0,"InMemoryFileIndex(1 paths)[s3a://goes-se-sandbox/data/warehouse/tablespace/external/hive/demo_pauldefusco.db/branches_skewed]","IsNotNull(branch_id)","branch_id:bigint,region:string,branch_type:string","isnotnull(branch_id#91L)","",false
1,25,414,"Parquet",0,0,0,0,"InMemoryFileIndex(1 paths)[s3a://goes-se-sandbox/data/warehouse/tablespace/external/hive/demo_pauldefusco.db/branches_skewed]","IsNotNull(branch_id), IsNotNull(region), IsNotNull(branch_type)","branch_id:bigint,region:string,branch_type:string","isnotnull(branch_id#4015L), isnotnull(region#4018), isnotnull(branch_type#4019)","",false
1,25,459,"Parquet",0,0,0,0,"InMemoryFileIndex(1 paths)[s3a://goes-se-sandbox/data/warehouse/tablespace/external/hive/demo_pauldefusco.db/branches_skewed]","IsNotNull(branch_id), IsNotNull(region), IsNotNull(branch_type)","branch_id:bigint,region:string,branch_type:string,assets_under_management:double,annual_operating_cost:double","isnotnull(branch_id#3687L), isnotnull(region#3690), isnotnull(branch_type#3691)","",false
1,25,144,"Parquet",0,0,0,0,"InMemoryFileIndex(1 paths)[s3a://goes-se-sandbox/data/warehouse/tablespace/external/hive/demo_pauldefusco.db/calendar]","IsNotNull(calendar_date), IsNotNull(year), IsNotNull(month)","calendar_date:date,year:int,month:int","isnotnull(calendar_date#2706), isnotnull(year#2708), isnotnull(month#2710)","",false
1,25,200,"Parquet",0,0,0,0,"InMemoryFileIndex(1 paths)[s3a://goes-se-sandbox/data/warehouse/tablespace/external/hive/demo_pauldefusco.db/calendar]","IsNotNull(calendar_date), IsNotNull(year), IsNotNull(month)","calendar_date:date,year:int,month:int,is_weekend:boolean","isnotnull(calendar_date#2239), isnotnull(year#2241), isnotnull(month#2243)","",false
1,25,292,"Parquet",0,0,0,0,"InMemoryFileIndex(1 paths)[s3a://goes-se-sandbox/data/warehouse/tablespace/external/hive/demo_pauldefusco.db/calendar]","IsNotNull(calendar_date), IsNotNull(year), IsNotNull(quarter)","calendar_date:date,year:int,quarter:int","isnotnull(calendar_date#2978), isnotnull(year#2980), isnotnull(quarter#2981)","",false
1,25,331,"Parquet",0,0,0,0,"InMemoryFileIndex(1 paths)[s3a://goes-se-sandbox/data/warehouse/tablespace/external/hive/demo_pauldefusco.db/calendar]","IsNotNull(calendar_date), IsNotNull(year), IsNotNull(quarter)","calendar_date:date,year:int,quarter:int,is_weekend:boolean","isnotnull(calendar_date#2556), isnotnull(year#2558), isnotnull(quarter#2559)","",false
1,25,79,"Parquet",0,0,0,0,"InMemoryFileIndex(1 paths)[s3a://goes-se-sandbox/data/warehouse/tablespace/external/hive/demo_pauldefusco.db/calendar]","IsNotNull(calendar_date)","calendar_date:date,year:int,quarter:int,month:int,is_weekend:boolean","isnotnull(calendar_date#113)","",false
1,25,275,"Parquet",0,0,0,0,"InMemoryFileIndex(1 paths)[s3a://goes-se-sandbox/data/warehouse/tablespace/external/hive/demo_pauldefusco.db/customers_skewed]","IsNotNull(customer_id)","customer_id:bigint","isnotnull(customer_id#2937L)","",false
1,25,233,"Parquet",0,0,0,0,"InMemoryFileIndex(1 paths)[s3a://goes-se-sandbox/data/warehouse/tablespace/external/hive/demo_pauldefusco.db/customers_skewed]","IsNotNull(customer_id)","customer_id:bigint,credit_score:int","isnotnull(customer_id#2322L)","",false
1,25,452,"Parquet",0,0,0,0,"InMemoryFileIndex(1 paths)[s3a://goes-se-sandbox/data/warehouse/tablespace/external/hive/demo_pauldefusco.db/customers_skewed]","IsNotNull(customer_id), IsNotNull(customer_segment), IsNotNull(income_band)","customer_id:bigint,credit_score:int,income_band:string,customer_segment:string","isnotnull(customer_id#3657L), isnotnull(customer_segment#3664), isnotnull(income_band#3662)","",false
1,25,183,"Parquet",0,0,0,0,"InMemoryFileIndex(1 paths)[s3a://goes-se-sandbox/data/warehouse/tablespace/external/hive/demo_pauldefusco.db/customers_skewed]","IsNotNull(customer_id), IsNotNull(customer_segment), IsNotNull(income_band), IsNotNull(risk_rating)","customer_id:bigint,credit_score:int,income_band:string,customer_segment:string,risk_rating:string","isnotnull(customer_id#2198L), isnotnull(customer_segment#2205), isnotnull(income_band#2203), isnotnull(risk_rating#2207)","",false
1,25,57,"Parquet",0,0,0,0,"InMemoryFileIndex(1 paths)[s3a://goes-se-sandbox/data/warehouse/tablespace/external/hive/demo_pauldefusco.db/customers_skewed]","IsNotNull(customer_id)","customer_id:bigint,credit_score:int,income_band:string,estimated_income:double,customer_segment:string,risk_rating:string","isnotnull(customer_id#31L)","",false
1,25,402,"Parquet",0,0,0,0,"InMemoryFileIndex(1 paths)[s3a://goes-se-sandbox/data/warehouse/tablespace/external/hive/demo_pauldefusco.db/customers_skewed]","IsNotNull(customer_id), IsNotNull(customer_segment), IsNotNull(income_band)","customer_id:bigint,income_band:string,customer_segment:string","isnotnull(customer_id#3985L), isnotnull(customer_segment#3992), isnotnull(income_band#3990)","",false
1,25,122,"Parquet",0,0,0,0,"InMemoryFileIndex(1 paths)[s3a://goes-se-sandbox/data/warehouse/tablespace/external/hive/demo_pauldefusco.db/customers_skewed]","IsNotNull(customer_id), IsNotNull(customer_segment), IsNotNull(income_band), IsNotNull(risk_rating)","customer_id:bigint,income_band:string,customer_segment:string,risk_rating:string","isnotnull(customer_id#2665L), isnotnull(customer_segment#2672), isnotnull(income_band#2670), isnotnull(risk_rating#2674)","",false
1,25,134,"Parquet",0,0,0,0,"InMemoryFileIndex(1 paths)[s3a://goes-se-sandbox/data/warehouse/tablespace/external/hive/demo_pauldefusco.db/merchants_skewed]","IsNotNull(merchant_id)","merchant_id:bigint","isnotnull(merchant_id#2685L)","",false
1,25,409,"Parquet",0,0,0,0,"InMemoryFileIndex(1 paths)[s3a://goes-se-sandbox/data/warehouse/tablespace/external/hive/demo_pauldefusco.db/merchants_skewed]","IsNotNull(merchant_id), IsNotNull(region)","merchant_id:bigint,region:string","isnotnull(merchant_id#4005L), isnotnull(region#4007)","",false
1,25,491,"Parquet",0,0,0,0,"InMemoryFileIndex(1 paths)[s3a://goes-se-sandbox/data/warehouse/tablespace/external/hive/demo_pauldefusco.db/merchants_skewed]","IsNotNull(merchant_id), IsNotNull(region)","merchant_id:bigint,region:string,risk_level:string","isnotnull(merchant_id#3810L), isnotnull(region#3812)","",false
1,25,326,"Parquet",0,0,0,0,"InMemoryFileIndex(1 paths)[s3a://goes-se-sandbox/data/warehouse/tablespace/external/hive/demo_pauldefusco.db/merchants_skewed]","IsNotNull(merchant_id), IsNotNull(region), IsNotNull(risk_level), IsNotNull(merchant_size)","merchant_id:bigint,region:string,risk_level:string,annual_revenue:double,merchant_size:string","isnotnull(merchant_id#2535L), isnotnull(region#2537), isnotnull(risk_level#2540), isnotnull(merchant_size#2542)","",false
1,25,69,"Parquet",0,0,0,0,"InMemoryFileIndex(1 paths)[s3a://goes-se-sandbox/data/warehouse/tablespace/external/hive/demo_pauldefusco.db/merchants_skewed]","IsNotNull(merchant_id)","merchant_id:bigint,region:string,risk_level:string,merchant_size:string","isnotnull(merchant_id#71L)","",false
1,25,287,"Parquet",0,0,0,0,"InMemoryFileIndex(1 paths)[s3a://goes-se-sandbox/data/warehouse/tablespace/external/hive/demo_pauldefusco.db/merchants_skewed]","IsNotNull(merchant_id), IsNotNull(region)","merchant_id:bigint,region:string,risk_level:string,merchant_size:string","isnotnull(merchant_id#2957L), isnotnull(region#2959)","",false
1,25,195,"Parquet",0,0,0,0,"InMemoryFileIndex(1 paths)[s3a://goes-se-sandbox/data/warehouse/tablespace/external/hive/demo_pauldefusco.db/merchants_skewed]","IsNotNull(merchant_id)","merchant_id:bigint,risk_level:string","isnotnull(merchant_id#2218L)","",false
1,25,115,"Parquet",0,0,0,0,"InMemoryFileIndex(1 paths)[s3a://goes-se-sandbox/data/warehouse/tablespace/external/hive/demo_pauldefusco.db/trs_v25]","IsNotNull(transaction_id), LessThan(transaction_id,12500000000), IsNotNull(customer_id), IsNotNull(account_id)","transaction_id:bigint,customer_id:bigint,account_id:bigint,merchant_id:bigint,branch_id:bigint,transaction_date:date","isnotnull(transaction_id#2650L), (transaction_id#2650L < 12500000000), isnotnull(customer_id#2651L), isnotnull(account_id#2652L)","",false
1,25,270,"Parquet",0,0,0,0,"InMemoryFileIndex(1 paths)[s3a://goes-se-sandbox/data/warehouse/tablespace/external/hive/demo_pauldefusco.db/trs_v25]","IsNotNull(transaction_id), LessThan(transaction_id,12500000000), IsNotNull(customer_id), IsNotNull(merchant_id), IsNotNull(merchant_category)","transaction_id:bigint,customer_id:bigint,account_id:bigint,merchant_id:bigint,branch_id:bigint,transaction_date:date,merchant_category:string","isnotnull(transaction_id#2922L), (transaction_id#2922L < 12500000000), isnotnull(customer_id#2923L), isnotnull(merchant_id#2925L), isnotnull(merchant_category#2929)","",false
1,25,395,"Parquet",0,0,0,0,"InMemoryFileIndex(1 paths)[s3a://goes-se-sandbox/data/warehouse/tablespace/external/hive/demo_pauldefusco.db/trs_v25]","IsNotNull(transaction_id), LessThan(transaction_id,12500000000), IsNotNull(merchant_category)","transaction_id:bigint,customer_id:bigint,account_id:bigint,merchant_id:bigint,branch_id:bigint,transaction_date:date,merchant_category:string","isnotnull(transaction_id#3970L), (transaction_id#3970L < 12500000000), isnotnull(merchant_category#3977)","",false
1,25,319,"Parquet",0,0,0,0,"InMemoryFileIndex(1 paths)[s3a://goes-se-sandbox/data/warehouse/tablespace/external/hive/demo_pauldefusco.db/trs_v25]","IsNotNull(transaction_id), LessThan(transaction_id,12500000000), IsNotNull(merchant_id), IsNotNull(merchant_category)","transaction_id:bigint,customer_id:bigint,account_id:bigint,merchant_id:bigint,branch_id:bigint,transaction_date:date,merchant_category:string,transaction_amount:double,fraud_flag:int","isnotnull(transaction_id#2500L), (transaction_id#2500L < 12500000000), isnotnull(merchant_id#2503L), isnotnull(merchant_category#2507)","",false
1,25,484,"Parquet",0,0,0,0,"InMemoryFileIndex(1 paths)[s3a://goes-se-sandbox/data/warehouse/tablespace/external/hive/demo_pauldefusco.db/trs_v25]","IsNotNull(transaction_id), IsNotNull(fraud_flag), LessThan(transaction_id,12500000000), EqualTo(fraud_flag,1), IsNotNull(merchant_category)","transaction_id:bigint,customer_id:bigint,account_id:bigint,merchant_id:bigint,branch_id:bigint,transaction_date:date,merchant_category:string,transaction_amount:double,fraud_flag:int","isnotnull(transaction_id#3775L), isnotnull(fraud_flag#3787), (transaction_id#3775L < 12500000000), (fraud_flag#3787 = 1), isnotnull(merchant_category#3782)","",false
1,25,50,"Parquet",0,0,0,0,"InMemoryFileIndex(1 paths)[s3a://goes-se-sandbox/data/warehouse/tablespace/external/hive/demo_pauldefusco.db/trs_v25]","IsNotNull(transaction_id), LessThan(transaction_id,12500000000)","transaction_id:bigint,customer_id:bigint,account_id:bigint,merchant_id:bigint,branch_id:bigint,transaction_date:date,merchant_category:string,transaction_amount:double,payment_channel:string,payment_type:string,device_type:string,fraud_flag:int","isnotnull(transaction_id#0L), (transaction_id#0L < 12500000000)","",false
1,25,176,"Parquet",0,0,0,0,"InMemoryFileIndex(1 paths)[s3a://goes-se-sandbox/data/warehouse/tablespace/external/hive/demo_pauldefusco.db/trs_v25]","IsNotNull(transaction_id), LessThan(transaction_id,12500000000), IsNotNull(customer_id)","transaction_id:bigint,customer_id:bigint,account_id:bigint,merchant_id:bigint,branch_id:bigint,transaction_date:date,transaction_amount:double,fraud_flag:int","isnotnull(transaction_id#2183L), (transaction_id#2183L < 12500000000), isnotnull(customer_id#2184L)","",false
1,25,228,"Parquet",0,0,0,0,"InMemoryFileIndex(1 paths)[s3a://goes-se-sandbox/data/warehouse/tablespace/external/hive/demo_pauldefusco.db/trs_v25]","IsNotNull(transaction_id), LessThan(transaction_id,12500000000), IsNotNull(account_id)","transaction_id:bigint,customer_id:bigint,account_id:bigint,merchant_id:bigint,branch_id:bigint,transaction_date:date,transaction_amount:double,fraud_flag:int","isnotnull(transaction_id#2307L), (transaction_id#2307L < 12500000000), isnotnull(account_id#2309L)","",false
1,25,445,"Parquet",0,0,0,0,"InMemoryFileIndex(1 paths)[s3a://goes-se-sandbox/data/warehouse/tablespace/external/hive/demo_pauldefusco.db/trs_v25]","IsNotNull(transaction_id), LessThan(transaction_id,12500000000)","transaction_id:bigint,customer_id:bigint,account_id:bigint,merchant_id:bigint,branch_id:bigint,transaction_date:date,transaction_amount:double,fraud_flag:int","isnotnull(transaction_id#3642L), (transaction_id#3642L < 12500000000)","",false
1,25,356,"Parquet",0,0,0,0,"InMemoryFileIndex(1 paths)[s3a://goes-se-sandbox/data/warehouse/tablespace/external/hive/demo_pauldefusco.db/trs_v25]","IsNotNull(transaction_id), LessThan(transaction_id,12500000000), IsNotNull(payment_channel), IsNotNull(payment_type), IsNotNull(device_type)","transaction_id:bigint,customer_id:bigint,account_id:bigint,merchant_id:bigint,branch_id:bigint,transaction_date:date,transaction_amount:double,payment_channel:string,payment_type:string,device_type:string,fraud_flag:int","isnotnull(transaction_id#3237L), (transaction_id#3237L < 12500000000), isnotnull(payment_channel#3246), isnotnull(payment_type#3247), isnotnull(device_type#3248)","",false
1,26,282,"Parquet",0,0,0,0,"InMemoryFileIndex(1 paths)[s3a://goes-se-sandbox/data/warehouse/tablespace/external/hive/demo_pauldefusco.db/accounts_skewed]","IsNotNull(account_id)","account_id:bigint","isnotnull(account_id#2948L)","",false
1,26,129,"Parquet",0,0,0,0,"InMemoryFileIndex(1 paths)[s3a://goes-se-sandbox/data/warehouse/tablespace/external/hive/demo_pauldefusco.db/accounts_skewed]","IsNotNull(account_id), IsNotNull(account_type)","account_id:bigint,account_type:string,account_status:string","isnotnull(account_id#2676L), isnotnull(account_type#2677)","",false
1,26,64,"Parquet",0,0,0,0,"InMemoryFileIndex(1 paths)[s3a://goes-se-sandbox/data/warehouse/tablespace/external/hive/demo_pauldefusco.db/accounts_skewed]","IsNotNull(account_id)","account_id:bigint,account_type:string,account_status:string,current_balance:double,credit_limit:double,interest_rate:double","isnotnull(account_id#52L)","",false
1,26,240,"Parquet",0,0,0,0,"InMemoryFileIndex(1 paths)[s3a://goes-se-sandbox/data/warehouse/tablespace/external/hive/demo_pauldefusco.db/accounts_skewed]","IsNotNull(account_id), IsNotNull(account_type), IsNotNull(account_status)","account_id:bigint,account_type:string,account_status:string,current_balance:double,credit_limit:double,interest_rate:double","isnotnull(account_id#2333L), isnotnull(account_type#2334), isnotnull(account_status#2336)","",false
1,26,190,"Parquet",0,0,0,0,"InMemoryFileIndex(1 paths)[s3a://goes-se-sandbox/data/warehouse/tablespace/external/hive/demo_pauldefusco.db/accounts_skewed]","IsNotNull(account_id)","account_id:bigint,current_balance:double,interest_rate:double","isnotnull(account_id#2209L)","",false
1,26,139,"Parquet",0,0,0,0,"InMemoryFileIndex(1 paths)[s3a://goes-se-sandbox/data/warehouse/tablespace/external/hive/demo_pauldefusco.db/branches_skewed]","IsNotNull(branch_id)","branch_id:bigint","isnotnull(branch_id#2695L)","",false
1,26,74,"Parquet",0,0,0,0,"InMemoryFileIndex(1 paths)[s3a://goes-se-sandbox/data/warehouse/tablespace/external/hive/demo_pauldefusco.db/branches_skewed]","IsNotNull(branch_id)","branch_id:bigint,region:string,branch_type:string","isnotnull(branch_id#91L)","",false
1,26,414,"Parquet",0,0,0,0,"InMemoryFileIndex(1 paths)[s3a://goes-se-sandbox/data/warehouse/tablespace/external/hive/demo_pauldefusco.db/branches_skewed]","IsNotNull(branch_id), IsNotNull(region), IsNotNull(branch_type)","branch_id:bigint,region:string,branch_type:string","isnotnull(branch_id#4015L), isnotnull(region#4018), isnotnull(branch_type#4019)","",false
1,26,459,"Parquet",0,0,0,0,"InMemoryFileIndex(1 paths)[s3a://goes-se-sandbox/data/warehouse/tablespace/external/hive/demo_pauldefusco.db/branches_skewed]","IsNotNull(branch_id), IsNotNull(region), IsNotNull(branch_type)","branch_id:bigint,region:string,branch_type:string,assets_under_management:double,annual_operating_cost:double","isnotnull(branch_id#3687L), isnotnull(region#3690), isnotnull(branch_type#3691)","",false
1,26,144,"Parquet",0,0,0,0,"InMemoryFileIndex(1 paths)[s3a://goes-se-sandbox/data/warehouse/tablespace/external/hive/demo_pauldefusco.db/calendar]","IsNotNull(calendar_date), IsNotNull(year), IsNotNull(month)","calendar_date:date,year:int,month:int","isnotnull(calendar_date#2706), isnotnull(year#2708), isnotnull(month#2710)","",false
1,26,200,"Parquet",0,0,0,0,"InMemoryFileIndex(1 paths)[s3a://goes-se-sandbox/data/warehouse/tablespace/external/hive/demo_pauldefusco.db/calendar]","IsNotNull(calendar_date), IsNotNull(year), IsNotNull(month)","calendar_date:date,year:int,month:int,is_weekend:boolean","isnotnull(calendar_date#2239), isnotnull(year#2241), isnotnull(month#2243)","",false
1,26,292,"Parquet",0,0,0,0,"InMemoryFileIndex(1 paths)[s3a://goes-se-sandbox/data/warehouse/tablespace/external/hive/demo_pauldefusco.db/calendar]","IsNotNull(calendar_date), IsNotNull(year), IsNotNull(quarter)","calendar_date:date,year:int,quarter:int","isnotnull(calendar_date#2978), isnotnull(year#2980), isnotnull(quarter#2981)","",false
1,26,331,"Parquet",0,0,0,0,"InMemoryFileIndex(1 paths)[s3a://goes-se-sandbox/data/warehouse/tablespace/external/hive/demo_pauldefusco.db/calendar]","IsNotNull(calendar_date), IsNotNull(year), IsNotNull(quarter)","calendar_date:date,year:int,quarter:int,is_weekend:boolean","isnotnull(calendar_date#2556), isnotnull(year#2558), isnotnull(quarter#2559)","",false
1,26,79,"Parquet",0,0,0,0,"InMemoryFileIndex(1 paths)[s3a://goes-se-sandbox/data/warehouse/tablespace/external/hive/demo_pauldefusco.db/calendar]","IsNotNull(calendar_date)","calendar_date:date,year:int,quarter:int,month:int,is_weekend:boolean","isnotnull(calendar_date#113)","",false
1,26,275,"Parquet",0,0,0,0,"InMemoryFileIndex(1 paths)[s3a://goes-se-sandbox/data/warehouse/tablespace/external/hive/demo_pauldefusco.db/customers_skewed]","IsNotNull(customer_id)","customer_id:bigint","isnotnull(customer_id#2937L)","",false
1,26,233,"Parquet",0,0,0,0,"InMemoryFileIndex(1 paths)[s3a://goes-se-sandbox/data/warehouse/tablespace/external/hive/demo_pauldefusco.db/customers_skewed]","IsNotNull(customer_id)","customer_id:bigint,credit_score:int","isnotnull(customer_id#2322L)","",false
1,26,452,"Parquet",0,0,0,0,"InMemoryFileIndex(1 paths)[s3a://goes-se-sandbox/data/warehouse/tablespace/external/hive/demo_pauldefusco.db/customers_skewed]","IsNotNull(customer_id), IsNotNull(customer_segment), IsNotNull(income_band)","customer_id:bigint,credit_score:int,income_band:string,customer_segment:string","isnotnull(customer_id#3657L), isnotnull(customer_segment#3664), isnotnull(income_band#3662)","",false
1,26,183,"Parquet",0,0,0,0,"InMemoryFileIndex(1 paths)[s3a://goes-se-sandbox/data/warehouse/tablespace/external/hive/demo_pauldefusco.db/customers_skewed]","IsNotNull(customer_id), IsNotNull(customer_segment), IsNotNull(income_band), IsNotNull(risk_rating)","customer_id:bigint,credit_score:int,income_band:string,customer_segment:string,risk_rating:string","isnotnull(customer_id#2198L), isnotnull(customer_segment#2205), isnotnull(income_band#2203), isnotnull(risk_rating#2207)","",false
1,26,57,"Parquet",0,0,0,0,"InMemoryFileIndex(1 paths)[s3a://goes-se-sandbox/data/warehouse/tablespace/external/hive/demo_pauldefusco.db/customers_skewed]","IsNotNull(customer_id)","customer_id:bigint,credit_score:int,income_band:string,estimated_income:double,customer_segment:string,risk_rating:string","isnotnull(customer_id#31L)","",false
1,26,402,"Parquet",0,0,0,0,"InMemoryFileIndex(1 paths)[s3a://goes-se-sandbox/data/warehouse/tablespace/external/hive/demo_pauldefusco.db/customers_skewed]","IsNotNull(customer_id), IsNotNull(customer_segment), IsNotNull(income_band)","customer_id:bigint,income_band:string,customer_segment:string","isnotnull(customer_id#3985L), isnotnull(customer_segment#3992), isnotnull(income_band#3990)","",false
1,26,122,"Parquet",0,0,0,0,"InMemoryFileIndex(1 paths)[s3a://goes-se-sandbox/data/warehouse/tablespace/external/hive/demo_pauldefusco.db/customers_skewed]","IsNotNull(customer_id), IsNotNull(customer_segment), IsNotNull(income_band), IsNotNull(risk_rating)","customer_id:bigint,income_band:string,customer_segment:string,risk_rating:string","isnotnull(customer_id#2665L), isnotnull(customer_segment#2672), isnotnull(income_band#2670), isnotnull(risk_rating#2674)","",false
1,26,134,"Parquet",0,0,0,0,"InMemoryFileIndex(1 paths)[s3a://goes-se-sandbox/data/warehouse/tablespace/external/hive/demo_pauldefusco.db/merchants_skewed]","IsNotNull(merchant_id)","merchant_id:bigint","isnotnull(merchant_id#2685L)","",false
1,26,409,"Parquet",0,0,0,0,"InMemoryFileIndex(1 paths)[s3a://goes-se-sandbox/data/warehouse/tablespace/external/hive/demo_pauldefusco.db/merchants_skewed]","IsNotNull(merchant_id), IsNotNull(region)","merchant_id:bigint,region:string","isnotnull(merchant_id#4005L), isnotnull(region#4007)","",false
1,26,491,"Parquet",0,0,0,0,"InMemoryFileIndex(1 paths)[s3a://goes-se-sandbox/data/warehouse/tablespace/external/hive/demo_pauldefusco.db/merchants_skewed]","IsNotNull(merchant_id), IsNotNull(region)","merchant_id:bigint,region:string,risk_level:string","isnotnull(merchant_id#3810L), isnotnull(region#3812)","",false
1,26,326,"Parquet",0,0,0,0,"InMemoryFileIndex(1 paths)[s3a://goes-se-sandbox/data/warehouse/tablespace/external/hive/demo_pauldefusco.db/merchants_skewed]","IsNotNull(merchant_id), IsNotNull(region), IsNotNull(risk_level), IsNotNull(merchant_size)","merchant_id:bigint,region:string,risk_level:string,annual_revenue:double,merchant_size:string","isnotnull(merchant_id#2535L), isnotnull(region#2537), isnotnull(risk_level#2540), isnotnull(merchant_size#2542)","",false
1,26,69,"Parquet",0,0,0,0,"InMemoryFileIndex(1 paths)[s3a://goes-se-sandbox/data/warehouse/tablespace/external/hive/demo_pauldefusco.db/merchants_skewed]","IsNotNull(merchant_id)","merchant_id:bigint,region:string,risk_level:string,merchant_size:string","isnotnull(merchant_id#71L)","",false
1,26,287,"Parquet",0,0,0,0,"InMemoryFileIndex(1 paths)[s3a://goes-se-sandbox/data/warehouse/tablespace/external/hive/demo_pauldefusco.db/merchants_skewed]","IsNotNull(merchant_id), IsNotNull(region)","merchant_id:bigint,region:string,risk_level:string,merchant_size:string","isnotnull(merchant_id#2957L), isnotnull(region#2959)","",false
1,26,195,"Parquet",0,0,0,0,"InMemoryFileIndex(1 paths)[s3a://goes-se-sandbox/data/warehouse/tablespace/external/hive/demo_pauldefusco.db/merchants_skewed]","IsNotNull(merchant_id)","merchant_id:bigint,risk_level:string","isnotnull(merchant_id#2218L)","",false
1,26,115,"Parquet",0,0,0,0,"InMemoryFileIndex(1 paths)[s3a://goes-se-sandbox/data/warehouse/tablespace/external/hive/demo_pauldefusco.db/trs_v25]","IsNotNull(transaction_id), LessThan(transaction_id,12500000000), IsNotNull(customer_id), IsNotNull(account_id)","transaction_id:bigint,customer_id:bigint,account_id:bigint,merchant_id:bigint,branch_id:bigint,transaction_date:date","isnotnull(transaction_id#2650L), (transaction_id#2650L < 12500000000), isnotnull(customer_id#2651L), isnotnull(account_id#2652L)","",false
1,26,270,"Parquet",0,0,0,0,"InMemoryFileIndex(1 paths)[s3a://goes-se-sandbox/data/warehouse/tablespace/external/hive/demo_pauldefusco.db/trs_v25]","IsNotNull(transaction_id), LessThan(transaction_id,12500000000), IsNotNull(customer_id), IsNotNull(merchant_id), IsNotNull(merchant_category)","transaction_id:bigint,customer_id:bigint,account_id:bigint,merchant_id:bigint,branch_id:bigint,transaction_date:date,merchant_category:string","isnotnull(transaction_id#2922L), (transaction_id#2922L < 12500000000), isnotnull(customer_id#2923L), isnotnull(merchant_id#2925L), isnotnull(merchant_category#2929)","",false
1,26,395,"Parquet",0,0,0,0,"InMemoryFileIndex(1 paths)[s3a://goes-se-sandbox/data/warehouse/tablespace/external/hive/demo_pauldefusco.db/trs_v25]","IsNotNull(transaction_id), LessThan(transaction_id,12500000000), IsNotNull(merchant_category)","transaction_id:bigint,customer_id:bigint,account_id:bigint,merchant_id:bigint,branch_id:bigint,transaction_date:date,merchant_category:string","isnotnull(transaction_id#3970L), (transaction_id#3970L < 12500000000), isnotnull(merchant_category#3977)","",false
1,26,319,"Parquet",0,0,0,0,"InMemoryFileIndex(1 paths)[s3a://goes-se-sandbox/data/warehouse/tablespace/external/hive/demo_pauldefusco.db/trs_v25]","IsNotNull(transaction_id), LessThan(transaction_id,12500000000), IsNotNull(merchant_id), IsNotNull(merchant_category)","transaction_id:bigint,customer_id:bigint,account_id:bigint,merchant_id:bigint,branch_id:bigint,transaction_date:date,merchant_category:string,transaction_amount:double,fraud_flag:int","isnotnull(transaction_id#2500L), (transaction_id#2500L < 12500000000), isnotnull(merchant_id#2503L), isnotnull(merchant_category#2507)","",false
1,26,484,"Parquet",0,0,0,0,"InMemoryFileIndex(1 paths)[s3a://goes-se-sandbox/data/warehouse/tablespace/external/hive/demo_pauldefusco.db/trs_v25]","IsNotNull(transaction_id), IsNotNull(fraud_flag), LessThan(transaction_id,12500000000), EqualTo(fraud_flag,1), IsNotNull(merchant_category)","transaction_id:bigint,customer_id:bigint,account_id:bigint,merchant_id:bigint,branch_id:bigint,transaction_date:date,merchant_category:string,transaction_amount:double,fraud_flag:int","isnotnull(transaction_id#3775L), isnotnull(fraud_flag#3787), (transaction_id#3775L < 12500000000), (fraud_flag#3787 = 1), isnotnull(merchant_category#3782)","",false
1,26,50,"Parquet",0,0,0,0,"InMemoryFileIndex(1 paths)[s3a://goes-se-sandbox/data/warehouse/tablespace/external/hive/demo_pauldefusco.db/trs_v25]","IsNotNull(transaction_id), LessThan(transaction_id,12500000000)","transaction_id:bigint,customer_id:bigint,account_id:bigint,merchant_id:bigint,branch_id:bigint,transaction_date:date,merchant_category:string,transaction_amount:double,payment_channel:string,payment_type:string,device_type:string,fraud_flag:int","isnotnull(transaction_id#0L), (transaction_id#0L < 12500000000)","",false
1,26,176,"Parquet",0,0,0,0,"InMemoryFileIndex(1 paths)[s3a://goes-se-sandbox/data/warehouse/tablespace/external/hive/demo_pauldefusco.db/trs_v25]","IsNotNull(transaction_id), LessThan(transaction_id,12500000000), IsNotNull(customer_id)","transaction_id:bigint,customer_id:bigint,account_id:bigint,merchant_id:bigint,branch_id:bigint,transaction_date:date,transaction_amount:double,fraud_flag:int","isnotnull(transaction_id#2183L), (transaction_id#2183L < 12500000000), isnotnull(customer_id#2184L)","",false
1,26,228,"Parquet",0,0,0,0,"InMemoryFileIndex(1 paths)[s3a://goes-se-sandbox/data/warehouse/tablespace/external/hive/demo_pauldefusco.db/trs_v25]","IsNotNull(transaction_id), LessThan(transaction_id,12500000000), IsNotNull(account_id)","transaction_id:bigint,customer_id:bigint,account_id:bigint,merchant_id:bigint,branch_id:bigint,transaction_date:date,transaction_amount:double,fraud_flag:int","isnotnull(transaction_id#2307L), (transaction_id#2307L < 12500000000), isnotnull(account_id#2309L)","",false
1,26,445,"Parquet",0,0,0,0,"InMemoryFileIndex(1 paths)[s3a://goes-se-sandbox/data/warehouse/tablespace/external/hive/demo_pauldefusco.db/trs_v25]","IsNotNull(transaction_id), LessThan(transaction_id,12500000000)","transaction_id:bigint,customer_id:bigint,account_id:bigint,merchant_id:bigint,branch_id:bigint,transaction_date:date,transaction_amount:double,fraud_flag:int","isnotnull(transaction_id#3642L), (transaction_id#3642L < 12500000000)","",false
1,26,356,"Parquet",0,0,0,0,"InMemoryFileIndex(1 paths)[s3a://goes-se-sandbox/data/warehouse/tablespace/external/hive/demo_pauldefusco.db/trs_v25]","IsNotNull(transaction_id), LessThan(transaction_id,12500000000), IsNotNull(payment_channel), IsNotNull(payment_type), IsNotNull(device_type)","transaction_id:bigint,customer_id:bigint,account_id:bigint,merchant_id:bigint,branch_id:bigint,transaction_date:date,transaction_amount:double,payment_channel:string,payment_type:string,device_type:string,fraud_flag:int","isnotnull(transaction_id#3237L), (transaction_id#3237L < 12500000000), isnotnull(payment_channel#3246), isnotnull(payment_type#3247), isnotnull(device_type#3248)","",false
1,27,285,"Parquet",0,0,0,0,"InMemoryFileIndex(1 paths)[s3a://goes-se-sandbox/data/warehouse/tablespace/external/hive/demo_pauldefusco.db/accounts_skewed]","IsNotNull(account_id)","account_id:bigint","isnotnull(account_id#2948L)","",false
1,27,131,"Parquet",0,0,0,0,"InMemoryFileIndex(1 paths)[s3a://goes-se-sandbox/data/warehouse/tablespace/external/hive/demo_pauldefusco.db/accounts_skewed]","IsNotNull(account_id), IsNotNull(account_type)","account_id:bigint,account_type:string,account_status:string","isnotnull(account_id#2676L), isnotnull(account_type#2677)","",false
1,27,64,"Parquet",0,0,0,0,"InMemoryFileIndex(1 paths)[s3a://goes-se-sandbox/data/warehouse/tablespace/external/hive/demo_pauldefusco.db/accounts_skewed]","IsNotNull(account_id)","account_id:bigint,account_type:string,account_status:string,current_balance:double,credit_limit:double,interest_rate:double","isnotnull(account_id#52L)","",false
1,27,243,"Parquet",0,0,0,0,"InMemoryFileIndex(1 paths)[s3a://goes-se-sandbox/data/warehouse/tablespace/external/hive/demo_pauldefusco.db/accounts_skewed]","IsNotNull(account_id), IsNotNull(account_type), IsNotNull(account_status)","account_id:bigint,account_type:string,account_status:string,current_balance:double,credit_limit:double,interest_rate:double","isnotnull(account_id#2333L), isnotnull(account_type#2334), isnotnull(account_status#2336)","",false
1,27,193,"Parquet",0,0,0,0,"InMemoryFileIndex(1 paths)[s3a://goes-se-sandbox/data/warehouse/tablespace/external/hive/demo_pauldefusco.db/accounts_skewed]","IsNotNull(account_id)","account_id:bigint,current_balance:double,interest_rate:double","isnotnull(account_id#2209L)","",false
1,27,141,"Parquet",0,0,0,0,"InMemoryFileIndex(1 paths)[s3a://goes-se-sandbox/data/warehouse/tablespace/external/hive/demo_pauldefusco.db/branches_skewed]","IsNotNull(branch_id)","branch_id:bigint","isnotnull(branch_id#2695L)","",false
1,27,74,"Parquet",0,0,0,0,"InMemoryFileIndex(1 paths)[s3a://goes-se-sandbox/data/warehouse/tablespace/external/hive/demo_pauldefusco.db/branches_skewed]","IsNotNull(branch_id)","branch_id:bigint,region:string,branch_type:string","isnotnull(branch_id#91L)","",false
1,27,417,"Parquet",0,0,0,0,"InMemoryFileIndex(1 paths)[s3a://goes-se-sandbox/data/warehouse/tablespace/external/hive/demo_pauldefusco.db/branches_skewed]","IsNotNull(branch_id), IsNotNull(region), IsNotNull(branch_type)","branch_id:bigint,region:string,branch_type:string","isnotnull(branch_id#4015L), isnotnull(region#4018), isnotnull(branch_type#4019)","",false
1,27,462,"Parquet",0,0,0,0,"InMemoryFileIndex(1 paths)[s3a://goes-se-sandbox/data/warehouse/tablespace/external/hive/demo_pauldefusco.db/branches_skewed]","IsNotNull(branch_id), IsNotNull(region), IsNotNull(branch_type)","branch_id:bigint,region:string,branch_type:string,assets_under_management:double,annual_operating_cost:double","isnotnull(branch_id#3687L), isnotnull(region#3690), isnotnull(branch_type#3691)","",false
1,27,146,"Parquet",0,0,0,0,"InMemoryFileIndex(1 paths)[s3a://goes-se-sandbox/data/warehouse/tablespace/external/hive/demo_pauldefusco.db/calendar]","IsNotNull(calendar_date), IsNotNull(year), IsNotNull(month)","calendar_date:date,year:int,month:int","isnotnull(calendar_date#2706), isnotnull(year#2708), isnotnull(month#2710)","",false
1,27,203,"Parquet",0,0,0,0,"InMemoryFileIndex(1 paths)[s3a://goes-se-sandbox/data/warehouse/tablespace/external/hive/demo_pauldefusco.db/calendar]","IsNotNull(calendar_date), IsNotNull(year), IsNotNull(month)","calendar_date:date,year:int,month:int,is_weekend:boolean","isnotnull(calendar_date#2239), isnotnull(year#2241), isnotnull(month#2243)","",false
1,27,295,"Parquet",0,0,0,0,"InMemoryFileIndex(1 paths)[s3a://goes-se-sandbox/data/warehouse/tablespace/external/hive/demo_pauldefusco.db/calendar]","IsNotNull(calendar_date), IsNotNull(year), IsNotNull(quarter)","calendar_date:date,year:int,quarter:int","isnotnull(calendar_date#2978), isnotnull(year#2980), isnotnull(quarter#2981)","",false
1,27,334,"Parquet",0,0,0,0,"InMemoryFileIndex(1 paths)[s3a://goes-se-sandbox/data/warehouse/tablespace/external/hive/demo_pauldefusco.db/calendar]","IsNotNull(calendar_date), IsNotNull(year), IsNotNull(quarter)","calendar_date:date,year:int,quarter:int,is_weekend:boolean","isnotnull(calendar_date#2556), isnotnull(year#2558), isnotnull(quarter#2559)","",false
1,27,79,"Parquet",0,0,0,0,"InMemoryFileIndex(1 paths)[s3a://goes-se-sandbox/data/warehouse/tablespace/external/hive/demo_pauldefusco.db/calendar]","IsNotNull(calendar_date)","calendar_date:date,year:int,quarter:int,month:int,is_weekend:boolean","isnotnull(calendar_date#113)","",false
1,27,278,"Parquet",0,0,0,0,"InMemoryFileIndex(1 paths)[s3a://goes-se-sandbox/data/warehouse/tablespace/external/hive/demo_pauldefusco.db/customers_skewed]","IsNotNull(customer_id)","customer_id:bigint","isnotnull(customer_id#2937L)","",false
1,27,236,"Parquet",0,0,0,0,"InMemoryFileIndex(1 paths)[s3a://goes-se-sandbox/data/warehouse/tablespace/external/hive/demo_pauldefusco.db/customers_skewed]","IsNotNull(customer_id)","customer_id:bigint,credit_score:int","isnotnull(customer_id#2322L)","",false
1,27,455,"Parquet",0,0,0,0,"InMemoryFileIndex(1 paths)[s3a://goes-se-sandbox/data/warehouse/tablespace/external/hive/demo_pauldefusco.db/customers_skewed]","IsNotNull(customer_id), IsNotNull(customer_segment), IsNotNull(income_band)","customer_id:bigint,credit_score:int,income_band:string,customer_segment:string","isnotnull(customer_id#3657L), isnotnull(customer_segment#3664), isnotnull(income_band#3662)","",false
1,27,186,"Parquet",0,0,0,0,"InMemoryFileIndex(1 paths)[s3a://goes-se-sandbox/data/warehouse/tablespace/external/hive/demo_pauldefusco.db/customers_skewed]","IsNotNull(customer_id), IsNotNull(customer_segment), IsNotNull(income_band), IsNotNull(risk_rating)","customer_id:bigint,credit_score:int,income_band:string,customer_segment:string,risk_rating:string","isnotnull(customer_id#2198L), isnotnull(customer_segment#2205), isnotnull(income_band#2203), isnotnull(risk_rating#2207)","",false
1,27,57,"Parquet",0,0,0,0,"InMemoryFileIndex(1 paths)[s3a://goes-se-sandbox/data/warehouse/tablespace/external/hive/demo_pauldefusco.db/customers_skewed]","IsNotNull(customer_id)","customer_id:bigint,credit_score:int,income_band:string,estimated_income:double,customer_segment:string,risk_rating:string","isnotnull(customer_id#31L)","",false
1,27,405,"Parquet",0,0,0,0,"InMemoryFileIndex(1 paths)[s3a://goes-se-sandbox/data/warehouse/tablespace/external/hive/demo_pauldefusco.db/customers_skewed]","IsNotNull(customer_id), IsNotNull(customer_segment), IsNotNull(income_band)","customer_id:bigint,income_band:string,customer_segment:string","isnotnull(customer_id#3985L), isnotnull(customer_segment#3992), isnotnull(income_band#3990)","",false
1,27,124,"Parquet",0,0,0,0,"InMemoryFileIndex(1 paths)[s3a://goes-se-sandbox/data/warehouse/tablespace/external/hive/demo_pauldefusco.db/customers_skewed]","IsNotNull(customer_id), IsNotNull(customer_segment), IsNotNull(income_band), IsNotNull(risk_rating)","customer_id:bigint,income_band:string,customer_segment:string,risk_rating:string","isnotnull(customer_id#2665L), isnotnull(customer_segment#2672), isnotnull(income_band#2670), isnotnull(risk_rating#2674)","",false
1,27,136,"Parquet",0,0,0,0,"InMemoryFileIndex(1 paths)[s3a://goes-se-sandbox/data/warehouse/tablespace/external/hive/demo_pauldefusco.db/merchants_skewed]","IsNotNull(merchant_id)","merchant_id:bigint","isnotnull(merchant_id#2685L)","",false
1,27,412,"Parquet",0,0,0,0,"InMemoryFileIndex(1 paths)[s3a://goes-se-sandbox/data/warehouse/tablespace/external/hive/demo_pauldefusco.db/merchants_skewed]","IsNotNull(merchant_id), IsNotNull(region)","merchant_id:bigint,region:string","isnotnull(merchant_id#4005L), isnotnull(region#4007)","",false
1,27,494,"Parquet",0,0,0,0,"InMemoryFileIndex(1 paths)[s3a://goes-se-sandbox/data/warehouse/tablespace/external/hive/demo_pauldefusco.db/merchants_skewed]","IsNotNull(merchant_id), IsNotNull(region)","merchant_id:bigint,region:string,risk_level:string","isnotnull(merchant_id#3810L), isnotnull(region#3812)","",false
1,27,329,"Parquet",0,0,0,0,"InMemoryFileIndex(1 paths)[s3a://goes-se-sandbox/data/warehouse/tablespace/external/hive/demo_pauldefusco.db/merchants_skewed]","IsNotNull(merchant_id), IsNotNull(region), IsNotNull(risk_level), IsNotNull(merchant_size)","merchant_id:bigint,region:string,risk_level:string,annual_revenue:double,merchant_size:string","isnotnull(merchant_id#2535L), isnotnull(region#2537), isnotnull(risk_level#2540), isnotnull(merchant_size#2542)","",false
1,27,69,"Parquet",0,0,0,0,"InMemoryFileIndex(1 paths)[s3a://goes-se-sandbox/data/warehouse/tablespace/external/hive/demo_pauldefusco.db/merchants_skewed]","IsNotNull(merchant_id)","merchant_id:bigint,region:string,risk_level:string,merchant_size:string","isnotnull(merchant_id#71L)","",false
1,27,290,"Parquet",0,0,0,0,"InMemoryFileIndex(1 paths)[s3a://goes-se-sandbox/data/warehouse/tablespace/external/hive/demo_pauldefusco.db/merchants_skewed]","IsNotNull(merchant_id), IsNotNull(region)","merchant_id:bigint,region:string,risk_level:string,merchant_size:string","isnotnull(merchant_id#2957L), isnotnull(region#2959)","",false
1,27,198,"Parquet",0,0,0,0,"InMemoryFileIndex(1 paths)[s3a://goes-se-sandbox/data/warehouse/tablespace/external/hive/demo_pauldefusco.db/merchants_skewed]","IsNotNull(merchant_id)","merchant_id:bigint,risk_level:string","isnotnull(merchant_id#2218L)","",false
1,27,117,"Parquet",0,0,0,0,"InMemoryFileIndex(1 paths)[s3a://goes-se-sandbox/data/warehouse/tablespace/external/hive/demo_pauldefusco.db/trs_v25]","IsNotNull(transaction_id), LessThan(transaction_id,12500000000), IsNotNull(customer_id), IsNotNull(account_id)","transaction_id:bigint,customer_id:bigint,account_id:bigint,merchant_id:bigint,branch_id:bigint,transaction_date:date","isnotnull(transaction_id#2650L), (transaction_id#2650L < 12500000000), isnotnull(customer_id#2651L), isnotnull(account_id#2652L)","",false
1,27,273,"Parquet",0,0,0,0,"InMemoryFileIndex(1 paths)[s3a://goes-se-sandbox/data/warehouse/tablespace/external/hive/demo_pauldefusco.db/trs_v25]","IsNotNull(transaction_id), LessThan(transaction_id,12500000000), IsNotNull(customer_id), IsNotNull(merchant_id), IsNotNull(merchant_category)","transaction_id:bigint,customer_id:bigint,account_id:bigint,merchant_id:bigint,branch_id:bigint,transaction_date:date,merchant_category:string","isnotnull(transaction_id#2922L), (transaction_id#2922L < 12500000000), isnotnull(customer_id#2923L), isnotnull(merchant_id#2925L), isnotnull(merchant_category#2929)","",false
1,27,398,"Parquet",0,0,0,0,"InMemoryFileIndex(1 paths)[s3a://goes-se-sandbox/data/warehouse/tablespace/external/hive/demo_pauldefusco.db/trs_v25]","IsNotNull(transaction_id), LessThan(transaction_id,12500000000), IsNotNull(merchant_category)","transaction_id:bigint,customer_id:bigint,account_id:bigint,merchant_id:bigint,branch_id:bigint,transaction_date:date,merchant_category:string","isnotnull(transaction_id#3970L), (transaction_id#3970L < 12500000000), isnotnull(merchant_category#3977)","",false
1,27,322,"Parquet",0,0,0,0,"InMemoryFileIndex(1 paths)[s3a://goes-se-sandbox/data/warehouse/tablespace/external/hive/demo_pauldefusco.db/trs_v25]","IsNotNull(transaction_id), LessThan(transaction_id,12500000000), IsNotNull(merchant_id), IsNotNull(merchant_category)","transaction_id:bigint,customer_id:bigint,account_id:bigint,merchant_id:bigint,branch_id:bigint,transaction_date:date,merchant_category:string,transaction_amount:double,fraud_flag:int","isnotnull(transaction_id#2500L), (transaction_id#2500L < 12500000000), isnotnull(merchant_id#2503L), isnotnull(merchant_category#2507)","",false
1,27,487,"Parquet",0,0,0,0,"InMemoryFileIndex(1 paths)[s3a://goes-se-sandbox/data/warehouse/tablespace/external/hive/demo_pauldefusco.db/trs_v25]","IsNotNull(transaction_id), IsNotNull(fraud_flag), LessThan(transaction_id,12500000000), EqualTo(fraud_flag,1), IsNotNull(merchant_category)","transaction_id:bigint,customer_id:bigint,account_id:bigint,merchant_id:bigint,branch_id:bigint,transaction_date:date,merchant_category:string,transaction_amount:double,fraud_flag:int","isnotnull(transaction_id#3775L), isnotnull(fraud_flag#3787), (transaction_id#3775L < 12500000000), (fraud_flag#3787 = 1), isnotnull(merchant_category#3782)","",false
1,27,50,"Parquet",0,0,0,0,"InMemoryFileIndex(1 paths)[s3a://goes-se-sandbox/data/warehouse/tablespace/external/hive/demo_pauldefusco.db/trs_v25]","IsNotNull(transaction_id), LessThan(transaction_id,12500000000)","transaction_id:bigint,customer_id:bigint,account_id:bigint,merchant_id:bigint,branch_id:bigint,transaction_date:date,merchant_category:string,transaction_amount:double,payment_channel:string,payment_type:string,device_type:string,fraud_flag:int","isnotnull(transaction_id#0L), (transaction_id#0L < 12500000000)","",false
1,27,179,"Parquet",0,0,0,0,"InMemoryFileIndex(1 paths)[s3a://goes-se-sandbox/data/warehouse/tablespace/external/hive/demo_pauldefusco.db/trs_v25]","IsNotNull(transaction_id), LessThan(transaction_id,12500000000), IsNotNull(customer_id)","transaction_id:bigint,customer_id:bigint,account_id:bigint,merchant_id:bigint,branch_id:bigint,transaction_date:date,transaction_amount:double,fraud_flag:int","isnotnull(transaction_id#2183L), (transaction_id#2183L < 12500000000), isnotnull(customer_id#2184L)","",false
1,27,231,"Parquet",0,0,0,0,"InMemoryFileIndex(1 paths)[s3a://goes-se-sandbox/data/warehouse/tablespace/external/hive/demo_pauldefusco.db/trs_v25]","IsNotNull(transaction_id), LessThan(transaction_id,12500000000), IsNotNull(account_id)","transaction_id:bigint,customer_id:bigint,account_id:bigint,merchant_id:bigint,branch_id:bigint,transaction_date:date,transaction_amount:double,fraud_flag:int","isnotnull(transaction_id#2307L), (transaction_id#2307L < 12500000000), isnotnull(account_id#2309L)","",false
1,27,448,"Parquet",0,0,0,0,"InMemoryFileIndex(1 paths)[s3a://goes-se-sandbox/data/warehouse/tablespace/external/hive/demo_pauldefusco.db/trs_v25]","IsNotNull(transaction_id), LessThan(transaction_id,12500000000)","transaction_id:bigint,customer_id:bigint,account_id:bigint,merchant_id:bigint,branch_id:bigint,transaction_date:date,transaction_amount:double,fraud_flag:int","isnotnull(transaction_id#3642L), (transaction_id#3642L < 12500000000)","",false
1,27,359,"Parquet",0,0,0,0,"InMemoryFileIndex(1 paths)[s3a://goes-se-sandbox/data/warehouse/tablespace/external/hive/demo_pauldefusco.db/trs_v25]","IsNotNull(transaction_id), LessThan(transaction_id,12500000000), IsNotNull(payment_channel), IsNotNull(payment_type), IsNotNull(device_type)","transaction_id:bigint,customer_id:bigint,account_id:bigint,merchant_id:bigint,branch_id:bigint,transaction_date:date,transaction_amount:double,payment_channel:string,payment_type:string,device_type:string,fraud_flag:int","isnotnull(transaction_id#3237L), (transaction_id#3237L < 12500000000), isnotnull(payment_channel#3246), isnotnull(payment_type#3247), isnotnull(device_type#3248)","",false
1,28,287,"Parquet",0,0,0,0,"InMemoryFileIndex(1 paths)[s3a://goes-se-sandbox/data/warehouse/tablespace/external/hive/demo_pauldefusco.db/accounts_skewed]","IsNotNull(account_id)","account_id:bigint","isnotnull(account_id#2948L)","",false
1,28,131,"Parquet",0,0,0,0,"InMemoryFileIndex(1 paths)[s3a://goes-se-sandbox/data/warehouse/tablespace/external/hive/demo_pauldefusco.db/accounts_skewed]","IsNotNull(account_id), IsNotNull(account_type)","account_id:bigint,account_type:string,account_status:string","isnotnull(account_id#2676L), isnotnull(account_type#2677)","",false
1,28,64,"Parquet",0,0,0,0,"InMemoryFileIndex(1 paths)[s3a://goes-se-sandbox/data/warehouse/tablespace/external/hive/demo_pauldefusco.db/accounts_skewed]","IsNotNull(account_id)","account_id:bigint,account_type:string,account_status:string,current_balance:double,credit_limit:double,interest_rate:double","isnotnull(account_id#52L)","",false
1,28,243,"Parquet",0,0,0,0,"InMemoryFileIndex(1 paths)[s3a://goes-se-sandbox/data/warehouse/tablespace/external/hive/demo_pauldefusco.db/accounts_skewed]","IsNotNull(account_id), IsNotNull(account_type), IsNotNull(account_status)","account_id:bigint,account_type:string,account_status:string,current_balance:double,credit_limit:double,interest_rate:double","isnotnull(account_id#2333L), isnotnull(account_type#2334), isnotnull(account_status#2336)","",false
1,28,193,"Parquet",0,0,0,0,"InMemoryFileIndex(1 paths)[s3a://goes-se-sandbox/data/warehouse/tablespace/external/hive/demo_pauldefusco.db/accounts_skewed]","IsNotNull(account_id)","account_id:bigint,current_balance:double,interest_rate:double","isnotnull(account_id#2209L)","",false
1,28,141,"Parquet",0,0,0,0,"InMemoryFileIndex(1 paths)[s3a://goes-se-sandbox/data/warehouse/tablespace/external/hive/demo_pauldefusco.db/branches_skewed]","IsNotNull(branch_id)","branch_id:bigint","isnotnull(branch_id#2695L)","",false
1,28,74,"Parquet",0,0,0,0,"InMemoryFileIndex(1 paths)[s3a://goes-se-sandbox/data/warehouse/tablespace/external/hive/demo_pauldefusco.db/branches_skewed]","IsNotNull(branch_id)","branch_id:bigint,region:string,branch_type:string","isnotnull(branch_id#91L)","",false
1,28,420,"Parquet",0,0,0,0,"InMemoryFileIndex(1 paths)[s3a://goes-se-sandbox/data/warehouse/tablespace/external/hive/demo_pauldefusco.db/branches_skewed]","IsNotNull(branch_id), IsNotNull(region), IsNotNull(branch_type)","branch_id:bigint,region:string,branch_type:string","isnotnull(branch_id#4015L), isnotnull(region#4018), isnotnull(branch_type#4019)","",false
1,28,465,"Parquet",0,0,0,0,"InMemoryFileIndex(1 paths)[s3a://goes-se-sandbox/data/warehouse/tablespace/external/hive/demo_pauldefusco.db/branches_skewed]","IsNotNull(branch_id), IsNotNull(region), IsNotNull(branch_type)","branch_id:bigint,region:string,branch_type:string,assets_under_management:double,annual_operating_cost:double","isnotnull(branch_id#3687L), isnotnull(region#3690), isnotnull(branch_type#3691)","",false
1,28,146,"Parquet",0,0,0,0,"InMemoryFileIndex(1 paths)[s3a://goes-se-sandbox/data/warehouse/tablespace/external/hive/demo_pauldefusco.db/calendar]","IsNotNull(calendar_date), IsNotNull(year), IsNotNull(month)","calendar_date:date,year:int,month:int","isnotnull(calendar_date#2706), isnotnull(year#2708), isnotnull(month#2710)","",false
1,28,203,"Parquet",0,0,0,0,"InMemoryFileIndex(1 paths)[s3a://goes-se-sandbox/data/warehouse/tablespace/external/hive/demo_pauldefusco.db/calendar]","IsNotNull(calendar_date), IsNotNull(year), IsNotNull(month)","calendar_date:date,year:int,month:int,is_weekend:boolean","isnotnull(calendar_date#2239), isnotnull(year#2241), isnotnull(month#2243)","",false
1,28,297,"Parquet",0,0,0,0,"InMemoryFileIndex(1 paths)[s3a://goes-se-sandbox/data/warehouse/tablespace/external/hive/demo_pauldefusco.db/calendar]","IsNotNull(calendar_date), IsNotNull(year), IsNotNull(quarter)","calendar_date:date,year:int,quarter:int","isnotnull(calendar_date#2978), isnotnull(year#2980), isnotnull(quarter#2981)","",false
1,28,337,"Parquet",0,0,0,0,"InMemoryFileIndex(1 paths)[s3a://goes-se-sandbox/data/warehouse/tablespace/external/hive/demo_pauldefusco.db/calendar]","IsNotNull(calendar_date), IsNotNull(year), IsNotNull(quarter)","calendar_date:date,year:int,quarter:int,is_weekend:boolean","isnotnull(calendar_date#2556), isnotnull(year#2558), isnotnull(quarter#2559)","",false
1,28,79,"Parquet",0,0,0,0,"InMemoryFileIndex(1 paths)[s3a://goes-se-sandbox/data/warehouse/tablespace/external/hive/demo_pauldefusco.db/calendar]","IsNotNull(calendar_date)","calendar_date:date,year:int,quarter:int,month:int,is_weekend:boolean","isnotnull(calendar_date#113)","",false
1,28,280,"Parquet",0,0,0,0,"InMemoryFileIndex(1 paths)[s3a://goes-se-sandbox/data/warehouse/tablespace/external/hive/demo_pauldefusco.db/customers_skewed]","IsNotNull(customer_id)","customer_id:bigint","isnotnull(customer_id#2937L)","",false
1,28,236,"Parquet",0,0,0,0,"InMemoryFileIndex(1 paths)[s3a://goes-se-sandbox/data/warehouse/tablespace/external/hive/demo_pauldefusco.db/customers_skewed]","IsNotNull(customer_id)","customer_id:bigint,credit_score:int","isnotnull(customer_id#2322L)","",false
1,28,458,"Parquet",0,0,0,0,"InMemoryFileIndex(1 paths)[s3a://goes-se-sandbox/data/warehouse/tablespace/external/hive/demo_pauldefusco.db/customers_skewed]","IsNotNull(customer_id), IsNotNull(customer_segment), IsNotNull(income_band)","customer_id:bigint,credit_score:int,income_band:string,customer_segment:string","isnotnull(customer_id#3657L), isnotnull(customer_segment#3664), isnotnull(income_band#3662)","",false
1,28,186,"Parquet",0,0,0,0,"InMemoryFileIndex(1 paths)[s3a://goes-se-sandbox/data/warehouse/tablespace/external/hive/demo_pauldefusco.db/customers_skewed]","IsNotNull(customer_id), IsNotNull(customer_segment), IsNotNull(income_band), IsNotNull(risk_rating)","customer_id:bigint,credit_score:int,income_band:string,customer_segment:string,risk_rating:string","isnotnull(customer_id#2198L), isnotnull(customer_segment#2205), isnotnull(income_band#2203), isnotnull(risk_rating#2207)","",false
1,28,57,"Parquet",0,0,0,0,"InMemoryFileIndex(1 paths)[s3a://goes-se-sandbox/data/warehouse/tablespace/external/hive/demo_pauldefusco.db/customers_skewed]","IsNotNull(customer_id)","customer_id:bigint,credit_score:int,income_band:string,estimated_income:double,customer_segment:string,risk_rating:string","isnotnull(customer_id#31L)","",false
1,28,408,"Parquet",0,0,0,0,"InMemoryFileIndex(1 paths)[s3a://goes-se-sandbox/data/warehouse/tablespace/external/hive/demo_pauldefusco.db/customers_skewed]","IsNotNull(customer_id), IsNotNull(customer_segment), IsNotNull(income_band)","customer_id:bigint,income_band:string,customer_segment:string","isnotnull(customer_id#3985L), isnotnull(customer_segment#3992), isnotnull(income_band#3990)","",false
1,28,124,"Parquet",0,0,0,0,"InMemoryFileIndex(1 paths)[s3a://goes-se-sandbox/data/warehouse/tablespace/external/hive/demo_pauldefusco.db/customers_skewed]","IsNotNull(customer_id), IsNotNull(customer_segment), IsNotNull(income_band), IsNotNull(risk_rating)","customer_id:bigint,income_band:string,customer_segment:string,risk_rating:string","isnotnull(customer_id#2665L), isnotnull(customer_segment#2672), isnotnull(income_band#2670), isnotnull(risk_rating#2674)","",false
1,28,136,"Parquet",0,0,0,0,"InMemoryFileIndex(1 paths)[s3a://goes-se-sandbox/data/warehouse/tablespace/external/hive/demo_pauldefusco.db/merchants_skewed]","IsNotNull(merchant_id)","merchant_id:bigint","isnotnull(merchant_id#2685L)","",false
1,28,415,"Parquet",0,0,0,0,"InMemoryFileIndex(1 paths)[s3a://goes-se-sandbox/data/warehouse/tablespace/external/hive/demo_pauldefusco.db/merchants_skewed]","IsNotNull(merchant_id), IsNotNull(region)","merchant_id:bigint,region:string","isnotnull(merchant_id#4005L), isnotnull(region#4007)","",false
1,28,497,"Parquet",0,0,0,0,"InMemoryFileIndex(1 paths)[s3a://goes-se-sandbox/data/warehouse/tablespace/external/hive/demo_pauldefusco.db/merchants_skewed]","IsNotNull(merchant_id), IsNotNull(region)","merchant_id:bigint,region:string,risk_level:string","isnotnull(merchant_id#3810L), isnotnull(region#3812)","",false
1,28,332,"Parquet",0,0,0,0,"InMemoryFileIndex(1 paths)[s3a://goes-se-sandbox/data/warehouse/tablespace/external/hive/demo_pauldefusco.db/merchants_skewed]","IsNotNull(merchant_id), IsNotNull(region), IsNotNull(risk_level), IsNotNull(merchant_size)","merchant_id:bigint,region:string,risk_level:string,annual_revenue:double,merchant_size:string","isnotnull(merchant_id#2535L), isnotnull(region#2537), isnotnull(risk_level#2540), isnotnull(merchant_size#2542)","",false
1,28,69,"Parquet",0,0,0,0,"InMemoryFileIndex(1 paths)[s3a://goes-se-sandbox/data/warehouse/tablespace/external/hive/demo_pauldefusco.db/merchants_skewed]","IsNotNull(merchant_id)","merchant_id:bigint,region:string,risk_level:string,merchant_size:string","isnotnull(merchant_id#71L)","",false
1,28,292,"Parquet",0,0,0,0,"InMemoryFileIndex(1 paths)[s3a://goes-se-sandbox/data/warehouse/tablespace/external/hive/demo_pauldefusco.db/merchants_skewed]","IsNotNull(merchant_id), IsNotNull(region)","merchant_id:bigint,region:string,risk_level:string,merchant_size:string","isnotnull(merchant_id#2957L), isnotnull(region#2959)","",false
1,28,198,"Parquet",0,0,0,0,"InMemoryFileIndex(1 paths)[s3a://goes-se-sandbox/data/warehouse/tablespace/external/hive/demo_pauldefusco.db/merchants_skewed]","IsNotNull(merchant_id)","merchant_id:bigint,risk_level:string","isnotnull(merchant_id#2218L)","",false
1,28,117,"Parquet",0,0,0,0,"InMemoryFileIndex(1 paths)[s3a://goes-se-sandbox/data/warehouse/tablespace/external/hive/demo_pauldefusco.db/trs_v25]","IsNotNull(transaction_id), LessThan(transaction_id,12500000000), IsNotNull(customer_id), IsNotNull(account_id)","transaction_id:bigint,customer_id:bigint,account_id:bigint,merchant_id:bigint,branch_id:bigint,transaction_date:date","isnotnull(transaction_id#2650L), (transaction_id#2650L < 12500000000), isnotnull(customer_id#2651L), isnotnull(account_id#2652L)","",false
1,28,275,"Parquet",0,0,0,0,"InMemoryFileIndex(1 paths)[s3a://goes-se-sandbox/data/warehouse/tablespace/external/hive/demo_pauldefusco.db/trs_v25]","IsNotNull(transaction_id), LessThan(transaction_id,12500000000), IsNotNull(customer_id), IsNotNull(merchant_id), IsNotNull(merchant_category)","transaction_id:bigint,customer_id:bigint,account_id:bigint,merchant_id:bigint,branch_id:bigint,transaction_date:date,merchant_category:string","isnotnull(transaction_id#2922L), (transaction_id#2922L < 12500000000), isnotnull(customer_id#2923L), isnotnull(merchant_id#2925L), isnotnull(merchant_category#2929)","",false
1,28,401,"Parquet",0,0,0,0,"InMemoryFileIndex(1 paths)[s3a://goes-se-sandbox/data/warehouse/tablespace/external/hive/demo_pauldefusco.db/trs_v25]","IsNotNull(transaction_id), LessThan(transaction_id,12500000000), IsNotNull(merchant_category)","transaction_id:bigint,customer_id:bigint,account_id:bigint,merchant_id:bigint,branch_id:bigint,transaction_date:date,merchant_category:string","isnotnull(transaction_id#3970L), (transaction_id#3970L < 12500000000), isnotnull(merchant_category#3977)","",false
1,28,325,"Parquet",0,0,0,0,"InMemoryFileIndex(1 paths)[s3a://goes-se-sandbox/data/warehouse/tablespace/external/hive/demo_pauldefusco.db/trs_v25]","IsNotNull(transaction_id), LessThan(transaction_id,12500000000), IsNotNull(merchant_id), IsNotNull(merchant_category)","transaction_id:bigint,customer_id:bigint,account_id:bigint,merchant_id:bigint,branch_id:bigint,transaction_date:date,merchant_category:string,transaction_amount:double,fraud_flag:int","isnotnull(transaction_id#2500L), (transaction_id#2500L < 12500000000), isnotnull(merchant_id#2503L), isnotnull(merchant_category#2507)","",false
1,28,490,"Parquet",0,0,0,0,"InMemoryFileIndex(1 paths)[s3a://goes-se-sandbox/data/warehouse/tablespace/external/hive/demo_pauldefusco.db/trs_v25]","IsNotNull(transaction_id), IsNotNull(fraud_flag), LessThan(transaction_id,12500000000), EqualTo(fraud_flag,1), IsNotNull(merchant_category)","transaction_id:bigint,customer_id:bigint,account_id:bigint,merchant_id:bigint,branch_id:bigint,transaction_date:date,merchant_category:string,transaction_amount:double,fraud_flag:int","isnotnull(transaction_id#3775L), isnotnull(fraud_flag#3787), (transaction_id#3775L < 12500000000), (fraud_flag#3787 = 1), isnotnull(merchant_category#3782)","",false
1,28,50,"Parquet",0,0,0,0,"InMemoryFileIndex(1 paths)[s3a://goes-se-sandbox/data/warehouse/tablespace/external/hive/demo_pauldefusco.db/trs_v25]","IsNotNull(transaction_id), LessThan(transaction_id,12500000000)","transaction_id:bigint,customer_id:bigint,account_id:bigint,merchant_id:bigint,branch_id:bigint,transaction_date:date,merchant_category:string,transaction_amount:double,payment_channel:string,payment_type:string,device_type:string,fraud_flag:int","isnotnull(transaction_id#0L), (transaction_id#0L < 12500000000)","",false
1,28,179,"Parquet",0,0,0,0,"InMemoryFileIndex(1 paths)[s3a://goes-se-sandbox/data/warehouse/tablespace/external/hive/demo_pauldefusco.db/trs_v25]","IsNotNull(transaction_id), LessThan(transaction_id,12500000000), IsNotNull(customer_id)","transaction_id:bigint,customer_id:bigint,account_id:bigint,merchant_id:bigint,branch_id:bigint,transaction_date:date,transaction_amount:double,fraud_flag:int","isnotnull(transaction_id#2183L), (transaction_id#2183L < 12500000000), isnotnull(customer_id#2184L)","",false
1,28,231,"Parquet",0,0,0,0,"InMemoryFileIndex(1 paths)[s3a://goes-se-sandbox/data/warehouse/tablespace/external/hive/demo_pauldefusco.db/trs_v25]","IsNotNull(transaction_id), LessThan(transaction_id,12500000000), IsNotNull(account_id)","transaction_id:bigint,customer_id:bigint,account_id:bigint,merchant_id:bigint,branch_id:bigint,transaction_date:date,transaction_amount:double,fraud_flag:int","isnotnull(transaction_id#2307L), (transaction_id#2307L < 12500000000), isnotnull(account_id#2309L)","",false
1,28,451,"Parquet",0,0,0,0,"InMemoryFileIndex(1 paths)[s3a://goes-se-sandbox/data/warehouse/tablespace/external/hive/demo_pauldefusco.db/trs_v25]","IsNotNull(transaction_id), LessThan(transaction_id,12500000000)","transaction_id:bigint,customer_id:bigint,account_id:bigint,merchant_id:bigint,branch_id:bigint,transaction_date:date,transaction_amount:double,fraud_flag:int","isnotnull(transaction_id#3642L), (transaction_id#3642L < 12500000000)","",false
1,28,362,"Parquet",0,0,0,0,"InMemoryFileIndex(1 paths)[s3a://goes-se-sandbox/data/warehouse/tablespace/external/hive/demo_pauldefusco.db/trs_v25]","IsNotNull(transaction_id), LessThan(transaction_id,12500000000), IsNotNull(payment_channel), IsNotNull(payment_type), IsNotNull(device_type)","transaction_id:bigint,customer_id:bigint,account_id:bigint,merchant_id:bigint,branch_id:bigint,transaction_date:date,transaction_amount:double,payment_channel:string,payment_type:string,device_type:string,fraud_flag:int","isnotnull(transaction_id#3237L), (transaction_id#3237L < 12500000000), isnotnull(payment_channel#3246), isnotnull(payment_type#3247), isnotnull(device_type#3248)","",false
1,29,290,"Parquet",0,0,0,0,"InMemoryFileIndex(1 paths)[s3a://goes-se-sandbox/data/warehouse/tablespace/external/hive/demo_pauldefusco.db/accounts_skewed]","IsNotNull(account_id)","account_id:bigint","isnotnull(account_id#2948L)","",false
1,29,133,"Parquet",0,0,0,0,"InMemoryFileIndex(1 paths)[s3a://goes-se-sandbox/data/warehouse/tablespace/external/hive/demo_pauldefusco.db/accounts_skewed]","IsNotNull(account_id), IsNotNull(account_type)","account_id:bigint,account_type:string,account_status:string","isnotnull(account_id#2676L), isnotnull(account_type#2677)","",false
1,29,64,"Parquet",0,0,0,0,"InMemoryFileIndex(1 paths)[s3a://goes-se-sandbox/data/warehouse/tablespace/external/hive/demo_pauldefusco.db/accounts_skewed]","IsNotNull(account_id)","account_id:bigint,account_type:string,account_status:string,current_balance:double,credit_limit:double,interest_rate:double","isnotnull(account_id#52L)","",false
1,29,246,"Parquet",0,0,0,0,"InMemoryFileIndex(1 paths)[s3a://goes-se-sandbox/data/warehouse/tablespace/external/hive/demo_pauldefusco.db/accounts_skewed]","IsNotNull(account_id), IsNotNull(account_type), IsNotNull(account_status)","account_id:bigint,account_type:string,account_status:string,current_balance:double,credit_limit:double,interest_rate:double","isnotnull(account_id#2333L), isnotnull(account_type#2334), isnotnull(account_status#2336)","",false
1,29,195,"Parquet",0,0,0,0,"InMemoryFileIndex(1 paths)[s3a://goes-se-sandbox/data/warehouse/tablespace/external/hive/demo_pauldefusco.db/accounts_skewed]","IsNotNull(account_id)","account_id:bigint,current_balance:double,interest_rate:double","isnotnull(account_id#2209L)","",false
1,29,143,"Parquet",0,0,0,0,"InMemoryFileIndex(1 paths)[s3a://goes-se-sandbox/data/warehouse/tablespace/external/hive/demo_pauldefusco.db/branches_skewed]","IsNotNull(branch_id)","branch_id:bigint","isnotnull(branch_id#2695L)","",false
1,29,74,"Parquet",0,0,0,0,"InMemoryFileIndex(1 paths)[s3a://goes-se-sandbox/data/warehouse/tablespace/external/hive/demo_pauldefusco.db/branches_skewed]","IsNotNull(branch_id)","branch_id:bigint,region:string,branch_type:string","isnotnull(branch_id#91L)","",false
1,29,423,"Parquet",0,0,0,0,"InMemoryFileIndex(1 paths)[s3a://goes-se-sandbox/data/warehouse/tablespace/external/hive/demo_pauldefusco.db/branches_skewed]","IsNotNull(branch_id), IsNotNull(region), IsNotNull(branch_type)","branch_id:bigint,region:string,branch_type:string","isnotnull(branch_id#4015L), isnotnull(region#4018), isnotnull(branch_type#4019)","",false
1,29,468,"Parquet",0,0,0,0,"InMemoryFileIndex(1 paths)[s3a://goes-se-sandbox/data/warehouse/tablespace/external/hive/demo_pauldefusco.db/branches_skewed]","IsNotNull(branch_id), IsNotNull(region), IsNotNull(branch_type)","branch_id:bigint,region:string,branch_type:string,assets_under_management:double,annual_operating_cost:double","isnotnull(branch_id#3687L), isnotnull(region#3690), isnotnull(branch_type#3691)","",false
1,29,148,"Parquet",0,0,0,0,"InMemoryFileIndex(1 paths)[s3a://goes-se-sandbox/data/warehouse/tablespace/external/hive/demo_pauldefusco.db/calendar]","IsNotNull(calendar_date), IsNotNull(year), IsNotNull(month)","calendar_date:date,year:int,month:int","isnotnull(calendar_date#2706), isnotnull(year#2708), isnotnull(month#2710)","",false
1,29,205,"Parquet",0,0,0,0,"InMemoryFileIndex(1 paths)[s3a://goes-se-sandbox/data/warehouse/tablespace/external/hive/demo_pauldefusco.db/calendar]","IsNotNull(calendar_date), IsNotNull(year), IsNotNull(month)","calendar_date:date,year:int,month:int,is_weekend:boolean","isnotnull(calendar_date#2239), isnotnull(year#2241), isnotnull(month#2243)","",false
1,29,300,"Parquet",0,0,0,0,"InMemoryFileIndex(1 paths)[s3a://goes-se-sandbox/data/warehouse/tablespace/external/hive/demo_pauldefusco.db/calendar]","IsNotNull(calendar_date), IsNotNull(year), IsNotNull(quarter)","calendar_date:date,year:int,quarter:int","isnotnull(calendar_date#2978), isnotnull(year#2980), isnotnull(quarter#2981)","",false
1,29,340,"Parquet",0,0,0,0,"InMemoryFileIndex(1 paths)[s3a://goes-se-sandbox/data/warehouse/tablespace/external/hive/demo_pauldefusco.db/calendar]","IsNotNull(calendar_date), IsNotNull(year), IsNotNull(quarter)","calendar_date:date,year:int,quarter:int,is_weekend:boolean","isnotnull(calendar_date#2556), isnotnull(year#2558), isnotnull(quarter#2559)","",false
1,29,79,"Parquet",0,0,0,0,"InMemoryFileIndex(1 paths)[s3a://goes-se-sandbox/data/warehouse/tablespace/external/hive/demo_pauldefusco.db/calendar]","IsNotNull(calendar_date)","calendar_date:date,year:int,quarter:int,month:int,is_weekend:boolean","isnotnull(calendar_date#113)","",false
1,29,283,"Parquet",0,0,0,0,"InMemoryFileIndex(1 paths)[s3a://goes-se-sandbox/data/warehouse/tablespace/external/hive/demo_pauldefusco.db/customers_skewed]","IsNotNull(customer_id)","customer_id:bigint","isnotnull(customer_id#2937L)","",false
1,29,239,"Parquet",0,0,0,0,"InMemoryFileIndex(1 paths)[s3a://goes-se-sandbox/data/warehouse/tablespace/external/hive/demo_pauldefusco.db/customers_skewed]","IsNotNull(customer_id)","customer_id:bigint,credit_score:int","isnotnull(customer_id#2322L)","",false
1,29,461,"Parquet",0,0,0,0,"InMemoryFileIndex(1 paths)[s3a://goes-se-sandbox/data/warehouse/tablespace/external/hive/demo_pauldefusco.db/customers_skewed]","IsNotNull(customer_id), IsNotNull(customer_segment), IsNotNull(income_band)","customer_id:bigint,credit_score:int,income_band:string,customer_segment:string","isnotnull(customer_id#3657L), isnotnull(customer_segment#3664), isnotnull(income_band#3662)","",false
1,29,188,"Parquet",0,0,0,0,"InMemoryFileIndex(1 paths)[s3a://goes-se-sandbox/data/warehouse/tablespace/external/hive/demo_pauldefusco.db/customers_skewed]","IsNotNull(customer_id), IsNotNull(customer_segment), IsNotNull(income_band), IsNotNull(risk_rating)","customer_id:bigint,credit_score:int,income_band:string,customer_segment:string,risk_rating:string","isnotnull(customer_id#2198L), isnotnull(customer_segment#2205), isnotnull(income_band#2203), isnotnull(risk_rating#2207)","",false
1,29,57,"Parquet",0,0,0,0,"InMemoryFileIndex(1 paths)[s3a://goes-se-sandbox/data/warehouse/tablespace/external/hive/demo_pauldefusco.db/customers_skewed]","IsNotNull(customer_id)","customer_id:bigint,credit_score:int,income_band:string,estimated_income:double,customer_segment:string,risk_rating:string","isnotnull(customer_id#31L)","",false
1,29,411,"Parquet",0,0,0,0,"InMemoryFileIndex(1 paths)[s3a://goes-se-sandbox/data/warehouse/tablespace/external/hive/demo_pauldefusco.db/customers_skewed]","IsNotNull(customer_id), IsNotNull(customer_segment), IsNotNull(income_band)","customer_id:bigint,income_band:string,customer_segment:string","isnotnull(customer_id#3985L), isnotnull(customer_segment#3992), isnotnull(income_band#3990)","",false
1,29,126,"Parquet",0,0,0,0,"InMemoryFileIndex(1 paths)[s3a://goes-se-sandbox/data/warehouse/tablespace/external/hive/demo_pauldefusco.db/customers_skewed]","IsNotNull(customer_id), IsNotNull(customer_segment), IsNotNull(income_band), IsNotNull(risk_rating)","customer_id:bigint,income_band:string,customer_segment:string,risk_rating:string","isnotnull(customer_id#2665L), isnotnull(customer_segment#2672), isnotnull(income_band#2670), isnotnull(risk_rating#2674)","",false
1,29,138,"Parquet",0,0,0,0,"InMemoryFileIndex(1 paths)[s3a://goes-se-sandbox/data/warehouse/tablespace/external/hive/demo_pauldefusco.db/merchants_skewed]","IsNotNull(merchant_id)","merchant_id:bigint","isnotnull(merchant_id#2685L)","",false
1,29,418,"Parquet",0,0,0,0,"InMemoryFileIndex(1 paths)[s3a://goes-se-sandbox/data/warehouse/tablespace/external/hive/demo_pauldefusco.db/merchants_skewed]","IsNotNull(merchant_id), IsNotNull(region)","merchant_id:bigint,region:string","isnotnull(merchant_id#4005L), isnotnull(region#4007)","",false
1,29,500,"Parquet",0,0,0,0,"InMemoryFileIndex(1 paths)[s3a://goes-se-sandbox/data/warehouse/tablespace/external/hive/demo_pauldefusco.db/merchants_skewed]","IsNotNull(merchant_id), IsNotNull(region)","merchant_id:bigint,region:string,risk_level:string","isnotnull(merchant_id#3810L), isnotnull(region#3812)","",false
1,29,335,"Parquet",0,0,0,0,"InMemoryFileIndex(1 paths)[s3a://goes-se-sandbox/data/warehouse/tablespace/external/hive/demo_pauldefusco.db/merchants_skewed]","IsNotNull(merchant_id), IsNotNull(region), IsNotNull(risk_level), IsNotNull(merchant_size)","merchant_id:bigint,region:string,risk_level:string,annual_revenue:double,merchant_size:string","isnotnull(merchant_id#2535L), isnotnull(region#2537), isnotnull(risk_level#2540), isnotnull(merchant_size#2542)","",false
1,29,69,"Parquet",0,0,0,0,"InMemoryFileIndex(1 paths)[s3a://goes-se-sandbox/data/warehouse/tablespace/external/hive/demo_pauldefusco.db/merchants_skewed]","IsNotNull(merchant_id)","merchant_id:bigint,region:string,risk_level:string,merchant_size:string","isnotnull(merchant_id#71L)","",false
1,29,295,"Parquet",0,0,0,0,"InMemoryFileIndex(1 paths)[s3a://goes-se-sandbox/data/warehouse/tablespace/external/hive/demo_pauldefusco.db/merchants_skewed]","IsNotNull(merchant_id), IsNotNull(region)","merchant_id:bigint,region:string,risk_level:string,merchant_size:string","isnotnull(merchant_id#2957L), isnotnull(region#2959)","",false
1,29,200,"Parquet",0,0,0,0,"InMemoryFileIndex(1 paths)[s3a://goes-se-sandbox/data/warehouse/tablespace/external/hive/demo_pauldefusco.db/merchants_skewed]","IsNotNull(merchant_id)","merchant_id:bigint,risk_level:string","isnotnull(merchant_id#2218L)","",false
1,29,119,"Parquet",0,0,0,0,"InMemoryFileIndex(1 paths)[s3a://goes-se-sandbox/data/warehouse/tablespace/external/hive/demo_pauldefusco.db/trs_v25]","IsNotNull(transaction_id), LessThan(transaction_id,12500000000), IsNotNull(customer_id), IsNotNull(account_id)","transaction_id:bigint,customer_id:bigint,account_id:bigint,merchant_id:bigint,branch_id:bigint,transaction_date:date","isnotnull(transaction_id#2650L), (transaction_id#2650L < 12500000000), isnotnull(customer_id#2651L), isnotnull(account_id#2652L)","",false
1,29,278,"Parquet",0,0,0,0,"InMemoryFileIndex(1 paths)[s3a://goes-se-sandbox/data/warehouse/tablespace/external/hive/demo_pauldefusco.db/trs_v25]","IsNotNull(transaction_id), LessThan(transaction_id,12500000000), IsNotNull(customer_id), IsNotNull(merchant_id), IsNotNull(merchant_category)","transaction_id:bigint,customer_id:bigint,account_id:bigint,merchant_id:bigint,branch_id:bigint,transaction_date:date,merchant_category:string","isnotnull(transaction_id#2922L), (transaction_id#2922L < 12500000000), isnotnull(customer_id#2923L), isnotnull(merchant_id#2925L), isnotnull(merchant_category#2929)","",false
1,29,404,"Parquet",0,0,0,0,"InMemoryFileIndex(1 paths)[s3a://goes-se-sandbox/data/warehouse/tablespace/external/hive/demo_pauldefusco.db/trs_v25]","IsNotNull(transaction_id), LessThan(transaction_id,12500000000), IsNotNull(merchant_category)","transaction_id:bigint,customer_id:bigint,account_id:bigint,merchant_id:bigint,branch_id:bigint,transaction_date:date,merchant_category:string","isnotnull(transaction_id#3970L), (transaction_id#3970L < 12500000000), isnotnull(merchant_category#3977)","",false
1,29,328,"Parquet",0,0,0,0,"InMemoryFileIndex(1 paths)[s3a://goes-se-sandbox/data/warehouse/tablespace/external/hive/demo_pauldefusco.db/trs_v25]","IsNotNull(transaction_id), LessThan(transaction_id,12500000000), IsNotNull(merchant_id), IsNotNull(merchant_category)","transaction_id:bigint,customer_id:bigint,account_id:bigint,merchant_id:bigint,branch_id:bigint,transaction_date:date,merchant_category:string,transaction_amount:double,fraud_flag:int","isnotnull(transaction_id#2500L), (transaction_id#2500L < 12500000000), isnotnull(merchant_id#2503L), isnotnull(merchant_category#2507)","",false
1,29,493,"Parquet",0,0,0,0,"InMemoryFileIndex(1 paths)[s3a://goes-se-sandbox/data/warehouse/tablespace/external/hive/demo_pauldefusco.db/trs_v25]","IsNotNull(transaction_id), IsNotNull(fraud_flag), LessThan(transaction_id,12500000000), EqualTo(fraud_flag,1), IsNotNull(merchant_category)","transaction_id:bigint,customer_id:bigint,account_id:bigint,merchant_id:bigint,branch_id:bigint,transaction_date:date,merchant_category:string,transaction_amount:double,fraud_flag:int","isnotnull(transaction_id#3775L), isnotnull(fraud_flag#3787), (transaction_id#3775L < 12500000000), (fraud_flag#3787 = 1), isnotnull(merchant_category#3782)","",false
1,29,50,"Parquet",0,0,0,0,"InMemoryFileIndex(1 paths)[s3a://goes-se-sandbox/data/warehouse/tablespace/external/hive/demo_pauldefusco.db/trs_v25]","IsNotNull(transaction_id), LessThan(transaction_id,12500000000)","transaction_id:bigint,customer_id:bigint,account_id:bigint,merchant_id:bigint,branch_id:bigint,transaction_date:date,merchant_category:string,transaction_amount:double,payment_channel:string,payment_type:string,device_type:string,fraud_flag:int","isnotnull(transaction_id#0L), (transaction_id#0L < 12500000000)","",false
1,29,181,"Parquet",0,0,0,0,"InMemoryFileIndex(1 paths)[s3a://goes-se-sandbox/data/warehouse/tablespace/external/hive/demo_pauldefusco.db/trs_v25]","IsNotNull(transaction_id), LessThan(transaction_id,12500000000), IsNotNull(customer_id)","transaction_id:bigint,customer_id:bigint,account_id:bigint,merchant_id:bigint,branch_id:bigint,transaction_date:date,transaction_amount:double,fraud_flag:int","isnotnull(transaction_id#2183L), (transaction_id#2183L < 12500000000), isnotnull(customer_id#2184L)","",false
1,29,234,"Parquet",0,0,0,0,"InMemoryFileIndex(1 paths)[s3a://goes-se-sandbox/data/warehouse/tablespace/external/hive/demo_pauldefusco.db/trs_v25]","IsNotNull(transaction_id), LessThan(transaction_id,12500000000), IsNotNull(account_id)","transaction_id:bigint,customer_id:bigint,account_id:bigint,merchant_id:bigint,branch_id:bigint,transaction_date:date,transaction_amount:double,fraud_flag:int","isnotnull(transaction_id#2307L), (transaction_id#2307L < 12500000000), isnotnull(account_id#2309L)","",false
1,29,454,"Parquet",0,0,0,0,"InMemoryFileIndex(1 paths)[s3a://goes-se-sandbox/data/warehouse/tablespace/external/hive/demo_pauldefusco.db/trs_v25]","IsNotNull(transaction_id), LessThan(transaction_id,12500000000)","transaction_id:bigint,customer_id:bigint,account_id:bigint,merchant_id:bigint,branch_id:bigint,transaction_date:date,transaction_amount:double,fraud_flag:int","isnotnull(transaction_id#3642L), (transaction_id#3642L < 12500000000)","",false
1,29,365,"Parquet",0,0,0,0,"InMemoryFileIndex(1 paths)[s3a://goes-se-sandbox/data/warehouse/tablespace/external/hive/demo_pauldefusco.db/trs_v25]","IsNotNull(transaction_id), LessThan(transaction_id,12500000000), IsNotNull(payment_channel), IsNotNull(payment_type), IsNotNull(device_type)","transaction_id:bigint,customer_id:bigint,account_id:bigint,merchant_id:bigint,branch_id:bigint,transaction_date:date,transaction_amount:double,payment_channel:string,payment_type:string,device_type:string,fraud_flag:int","isnotnull(transaction_id#3237L), (transaction_id#3237L < 12500000000), isnotnull(payment_channel#3246), isnotnull(payment_type#3247), isnotnull(device_type#3248)","",false
1,30,293,"Parquet",0,0,0,0,"InMemoryFileIndex(1 paths)[s3a://goes-se-sandbox/data/warehouse/tablespace/external/hive/demo_pauldefusco.db/accounts_skewed]","IsNotNull(account_id)","account_id:bigint","isnotnull(account_id#2948L)","",false
1,30,136,"Parquet",0,0,0,0,"InMemoryFileIndex(1 paths)[s3a://goes-se-sandbox/data/warehouse/tablespace/external/hive/demo_pauldefusco.db/accounts_skewed]","IsNotNull(account_id), IsNotNull(account_type)","account_id:bigint,account_type:string,account_status:string","isnotnull(account_id#2676L), isnotnull(account_type#2677)","",false
1,30,66,"Parquet",0,0,0,0,"InMemoryFileIndex(1 paths)[s3a://goes-se-sandbox/data/warehouse/tablespace/external/hive/demo_pauldefusco.db/accounts_skewed]","IsNotNull(account_id)","account_id:bigint,account_type:string,account_status:string,current_balance:double,credit_limit:double,interest_rate:double","isnotnull(account_id#52L)","",false
1,30,249,"Parquet",0,0,0,0,"InMemoryFileIndex(1 paths)[s3a://goes-se-sandbox/data/warehouse/tablespace/external/hive/demo_pauldefusco.db/accounts_skewed]","IsNotNull(account_id), IsNotNull(account_type), IsNotNull(account_status)","account_id:bigint,account_type:string,account_status:string,current_balance:double,credit_limit:double,interest_rate:double","isnotnull(account_id#2333L), isnotnull(account_type#2334), isnotnull(account_status#2336)","",false
1,30,198,"Parquet",0,0,0,0,"InMemoryFileIndex(1 paths)[s3a://goes-se-sandbox/data/warehouse/tablespace/external/hive/demo_pauldefusco.db/accounts_skewed]","IsNotNull(account_id)","account_id:bigint,current_balance:double,interest_rate:double","isnotnull(account_id#2209L)","",false
1,30,146,"Parquet",0,0,0,0,"InMemoryFileIndex(1 paths)[s3a://goes-se-sandbox/data/warehouse/tablespace/external/hive/demo_pauldefusco.db/branches_skewed]","IsNotNull(branch_id)","branch_id:bigint","isnotnull(branch_id#2695L)","",false
1,30,76,"Parquet",0,0,0,0,"InMemoryFileIndex(1 paths)[s3a://goes-se-sandbox/data/warehouse/tablespace/external/hive/demo_pauldefusco.db/branches_skewed]","IsNotNull(branch_id)","branch_id:bigint,region:string,branch_type:string","isnotnull(branch_id#91L)","",false
1,30,426,"Parquet",0,0,0,0,"InMemoryFileIndex(1 paths)[s3a://goes-se-sandbox/data/warehouse/tablespace/external/hive/demo_pauldefusco.db/branches_skewed]","IsNotNull(branch_id), IsNotNull(region), IsNotNull(branch_type)","branch_id:bigint,region:string,branch_type:string","isnotnull(branch_id#4015L), isnotnull(region#4018), isnotnull(branch_type#4019)","",false
1,30,471,"Parquet",0,0,0,0,"InMemoryFileIndex(1 paths)[s3a://goes-se-sandbox/data/warehouse/tablespace/external/hive/demo_pauldefusco.db/branches_skewed]","IsNotNull(branch_id), IsNotNull(region), IsNotNull(branch_type)","branch_id:bigint,region:string,branch_type:string,assets_under_management:double,annual_operating_cost:double","isnotnull(branch_id#3687L), isnotnull(region#3690), isnotnull(branch_type#3691)","",false
1,30,151,"Parquet",0,0,0,0,"InMemoryFileIndex(1 paths)[s3a://goes-se-sandbox/data/warehouse/tablespace/external/hive/demo_pauldefusco.db/calendar]","IsNotNull(calendar_date), IsNotNull(year), IsNotNull(month)","calendar_date:date,year:int,month:int","isnotnull(calendar_date#2706), isnotnull(year#2708), isnotnull(month#2710)","",false
1,30,208,"Parquet",0,0,0,0,"InMemoryFileIndex(1 paths)[s3a://goes-se-sandbox/data/warehouse/tablespace/external/hive/demo_pauldefusco.db/calendar]","IsNotNull(calendar_date), IsNotNull(year), IsNotNull(month)","calendar_date:date,year:int,month:int,is_weekend:boolean","isnotnull(calendar_date#2239), isnotnull(year#2241), isnotnull(month#2243)","",false
1,30,303,"Parquet",0,0,0,0,"InMemoryFileIndex(1 paths)[s3a://goes-se-sandbox/data/warehouse/tablespace/external/hive/demo_pauldefusco.db/calendar]","IsNotNull(calendar_date), IsNotNull(year), IsNotNull(quarter)","calendar_date:date,year:int,quarter:int","isnotnull(calendar_date#2978), isnotnull(year#2980), isnotnull(quarter#2981)","",false
1,30,343,"Parquet",0,0,0,0,"InMemoryFileIndex(1 paths)[s3a://goes-se-sandbox/data/warehouse/tablespace/external/hive/demo_pauldefusco.db/calendar]","IsNotNull(calendar_date), IsNotNull(year), IsNotNull(quarter)","calendar_date:date,year:int,quarter:int,is_weekend:boolean","isnotnull(calendar_date#2556), isnotnull(year#2558), isnotnull(quarter#2559)","",false
1,30,81,"Parquet",0,0,0,0,"InMemoryFileIndex(1 paths)[s3a://goes-se-sandbox/data/warehouse/tablespace/external/hive/demo_pauldefusco.db/calendar]","IsNotNull(calendar_date)","calendar_date:date,year:int,quarter:int,month:int,is_weekend:boolean","isnotnull(calendar_date#113)","",false
1,30,286,"Parquet",0,0,0,0,"InMemoryFileIndex(1 paths)[s3a://goes-se-sandbox/data/warehouse/tablespace/external/hive/demo_pauldefusco.db/customers_skewed]","IsNotNull(customer_id)","customer_id:bigint","isnotnull(customer_id#2937L)","",false
1,30,242,"Parquet",0,0,0,0,"InMemoryFileIndex(1 paths)[s3a://goes-se-sandbox/data/warehouse/tablespace/external/hive/demo_pauldefusco.db/customers_skewed]","IsNotNull(customer_id)","customer_id:bigint,credit_score:int","isnotnull(customer_id#2322L)","",false
1,30,464,"Parquet",0,0,0,0,"InMemoryFileIndex(1 paths)[s3a://goes-se-sandbox/data/warehouse/tablespace/external/hive/demo_pauldefusco.db/customers_skewed]","IsNotNull(customer_id), IsNotNull(customer_segment), IsNotNull(income_band)","customer_id:bigint,credit_score:int,income_band:string,customer_segment:string","isnotnull(customer_id#3657L), isnotnull(customer_segment#3664), isnotnull(income_band#3662)","",false
1,30,191,"Parquet",0,0,0,0,"InMemoryFileIndex(1 paths)[s3a://goes-se-sandbox/data/warehouse/tablespace/external/hive/demo_pauldefusco.db/customers_skewed]","IsNotNull(customer_id), IsNotNull(customer_segment), IsNotNull(income_band), IsNotNull(risk_rating)","customer_id:bigint,credit_score:int,income_band:string,customer_segment:string,risk_rating:string","isnotnull(customer_id#2198L), isnotnull(customer_segment#2205), isnotnull(income_band#2203), isnotnull(risk_rating#2207)","",false
1,30,59,"Parquet",0,0,0,0,"InMemoryFileIndex(1 paths)[s3a://goes-se-sandbox/data/warehouse/tablespace/external/hive/demo_pauldefusco.db/customers_skewed]","IsNotNull(customer_id)","customer_id:bigint,credit_score:int,income_band:string,estimated_income:double,customer_segment:string,risk_rating:string","isnotnull(customer_id#31L)","",false
1,30,414,"Parquet",0,0,0,0,"InMemoryFileIndex(1 paths)[s3a://goes-se-sandbox/data/warehouse/tablespace/external/hive/demo_pauldefusco.db/customers_skewed]","IsNotNull(customer_id), IsNotNull(customer_segment), IsNotNull(income_band)","customer_id:bigint,income_band:string,customer_segment:string","isnotnull(customer_id#3985L), isnotnull(customer_segment#3992), isnotnull(income_band#3990)","",false
1,30,129,"Parquet",0,0,0,0,"InMemoryFileIndex(1 paths)[s3a://goes-se-sandbox/data/warehouse/tablespace/external/hive/demo_pauldefusco.db/customers_skewed]","IsNotNull(customer_id), IsNotNull(customer_segment), IsNotNull(income_band), IsNotNull(risk_rating)","customer_id:bigint,income_band:string,customer_segment:string,risk_rating:string","isnotnull(customer_id#2665L), isnotnull(customer_segment#2672), isnotnull(income_band#2670), isnotnull(risk_rating#2674)","",false
1,30,141,"Parquet",0,0,0,0,"InMemoryFileIndex(1 paths)[s3a://goes-se-sandbox/data/warehouse/tablespace/external/hive/demo_pauldefusco.db/merchants_skewed]","IsNotNull(merchant_id)","merchant_id:bigint","isnotnull(merchant_id#2685L)","",false
1,30,421,"Parquet",0,0,0,0,"InMemoryFileIndex(1 paths)[s3a://goes-se-sandbox/data/warehouse/tablespace/external/hive/demo_pauldefusco.db/merchants_skewed]","IsNotNull(merchant_id), IsNotNull(region)","merchant_id:bigint,region:string","isnotnull(merchant_id#4005L), isnotnull(region#4007)","",false
1,30,503,"Parquet",0,0,0,0,"InMemoryFileIndex(1 paths)[s3a://goes-se-sandbox/data/warehouse/tablespace/external/hive/demo_pauldefusco.db/merchants_skewed]","IsNotNull(merchant_id), IsNotNull(region)","merchant_id:bigint,region:string,risk_level:string","isnotnull(merchant_id#3810L), isnotnull(region#3812)","",false
1,30,338,"Parquet",0,0,0,0,"InMemoryFileIndex(1 paths)[s3a://goes-se-sandbox/data/warehouse/tablespace/external/hive/demo_pauldefusco.db/merchants_skewed]","IsNotNull(merchant_id), IsNotNull(region), IsNotNull(risk_level), IsNotNull(merchant_size)","merchant_id:bigint,region:string,risk_level:string,annual_revenue:double,merchant_size:string","isnotnull(merchant_id#2535L), isnotnull(region#2537), isnotnull(risk_level#2540), isnotnull(merchant_size#2542)","",false
1,30,71,"Parquet",0,0,0,0,"InMemoryFileIndex(1 paths)[s3a://goes-se-sandbox/data/warehouse/tablespace/external/hive/demo_pauldefusco.db/merchants_skewed]","IsNotNull(merchant_id)","merchant_id:bigint,region:string,risk_level:string,merchant_size:string","isnotnull(merchant_id#71L)","",false
1,30,298,"Parquet",0,0,0,0,"InMemoryFileIndex(1 paths)[s3a://goes-se-sandbox/data/warehouse/tablespace/external/hive/demo_pauldefusco.db/merchants_skewed]","IsNotNull(merchant_id), IsNotNull(region)","merchant_id:bigint,region:string,risk_level:string,merchant_size:string","isnotnull(merchant_id#2957L), isnotnull(region#2959)","",false
1,30,203,"Parquet",0,0,0,0,"InMemoryFileIndex(1 paths)[s3a://goes-se-sandbox/data/warehouse/tablespace/external/hive/demo_pauldefusco.db/merchants_skewed]","IsNotNull(merchant_id)","merchant_id:bigint,risk_level:string","isnotnull(merchant_id#2218L)","",false
1,30,122,"Parquet",0,0,0,0,"InMemoryFileIndex(1 paths)[s3a://goes-se-sandbox/data/warehouse/tablespace/external/hive/demo_pauldefusco.db/trs_v25]","IsNotNull(transaction_id), LessThan(transaction_id,12500000000), IsNotNull(customer_id), IsNotNull(account_id)","transaction_id:bigint,customer_id:bigint,account_id:bigint,merchant_id:bigint,branch_id:bigint,transaction_date:date","isnotnull(transaction_id#2650L), (transaction_id#2650L < 12500000000), isnotnull(customer_id#2651L), isnotnull(account_id#2652L)","",false
1,30,281,"Parquet",0,0,0,0,"InMemoryFileIndex(1 paths)[s3a://goes-se-sandbox/data/warehouse/tablespace/external/hive/demo_pauldefusco.db/trs_v25]","IsNotNull(transaction_id), LessThan(transaction_id,12500000000), IsNotNull(customer_id), IsNotNull(merchant_id), IsNotNull(merchant_category)","transaction_id:bigint,customer_id:bigint,account_id:bigint,merchant_id:bigint,branch_id:bigint,transaction_date:date,merchant_category:string","isnotnull(transaction_id#2922L), (transaction_id#2922L < 12500000000), isnotnull(customer_id#2923L), isnotnull(merchant_id#2925L), isnotnull(merchant_category#2929)","",false
1,30,407,"Parquet",0,0,0,0,"InMemoryFileIndex(1 paths)[s3a://goes-se-sandbox/data/warehouse/tablespace/external/hive/demo_pauldefusco.db/trs_v25]","IsNotNull(transaction_id), LessThan(transaction_id,12500000000), IsNotNull(merchant_category)","transaction_id:bigint,customer_id:bigint,account_id:bigint,merchant_id:bigint,branch_id:bigint,transaction_date:date,merchant_category:string","isnotnull(transaction_id#3970L), (transaction_id#3970L < 12500000000), isnotnull(merchant_category#3977)","",false
1,30,331,"Parquet",0,0,0,0,"InMemoryFileIndex(1 paths)[s3a://goes-se-sandbox/data/warehouse/tablespace/external/hive/demo_pauldefusco.db/trs_v25]","IsNotNull(transaction_id), LessThan(transaction_id,12500000000), IsNotNull(merchant_id), IsNotNull(merchant_category)","transaction_id:bigint,customer_id:bigint,account_id:bigint,merchant_id:bigint,branch_id:bigint,transaction_date:date,merchant_category:string,transaction_amount:double,fraud_flag:int","isnotnull(transaction_id#2500L), (transaction_id#2500L < 12500000000), isnotnull(merchant_id#2503L), isnotnull(merchant_category#2507)","",false
1,30,496,"Parquet",0,0,0,0,"InMemoryFileIndex(1 paths)[s3a://goes-se-sandbox/data/warehouse/tablespace/external/hive/demo_pauldefusco.db/trs_v25]","IsNotNull(transaction_id), IsNotNull(fraud_flag), LessThan(transaction_id,12500000000), EqualTo(fraud_flag,1), IsNotNull(merchant_category)","transaction_id:bigint,customer_id:bigint,account_id:bigint,merchant_id:bigint,branch_id:bigint,transaction_date:date,merchant_category:string,transaction_amount:double,fraud_flag:int","isnotnull(transaction_id#3775L), isnotnull(fraud_flag#3787), (transaction_id#3775L < 12500000000), (fraud_flag#3787 = 1), isnotnull(merchant_category#3782)","",false
1,30,52,"Parquet",0,0,0,0,"InMemoryFileIndex(1 paths)[s3a://goes-se-sandbox/data/warehouse/tablespace/external/hive/demo_pauldefusco.db/trs_v25]","IsNotNull(transaction_id), LessThan(transaction_id,12500000000)","transaction_id:bigint,customer_id:bigint,account_id:bigint,merchant_id:bigint,branch_id:bigint,transaction_date:date,merchant_category:string,transaction_amount:double,payment_channel:string,payment_type:string,device_type:string,fraud_flag:int","isnotnull(transaction_id#0L), (transaction_id#0L < 12500000000)","",false
1,30,184,"Parquet",0,0,0,0,"InMemoryFileIndex(1 paths)[s3a://goes-se-sandbox/data/warehouse/tablespace/external/hive/demo_pauldefusco.db/trs_v25]","IsNotNull(transaction_id), LessThan(transaction_id,12500000000), IsNotNull(customer_id)","transaction_id:bigint,customer_id:bigint,account_id:bigint,merchant_id:bigint,branch_id:bigint,transaction_date:date,transaction_amount:double,fraud_flag:int","isnotnull(transaction_id#2183L), (transaction_id#2183L < 12500000000), isnotnull(customer_id#2184L)","",false
1,30,237,"Parquet",0,0,0,0,"InMemoryFileIndex(1 paths)[s3a://goes-se-sandbox/data/warehouse/tablespace/external/hive/demo_pauldefusco.db/trs_v25]","IsNotNull(transaction_id), LessThan(transaction_id,12500000000), IsNotNull(account_id)","transaction_id:bigint,customer_id:bigint,account_id:bigint,merchant_id:bigint,branch_id:bigint,transaction_date:date,transaction_amount:double,fraud_flag:int","isnotnull(transaction_id#2307L), (transaction_id#2307L < 12500000000), isnotnull(account_id#2309L)","",false
1,30,457,"Parquet",0,0,0,0,"InMemoryFileIndex(1 paths)[s3a://goes-se-sandbox/data/warehouse/tablespace/external/hive/demo_pauldefusco.db/trs_v25]","IsNotNull(transaction_id), LessThan(transaction_id,12500000000)","transaction_id:bigint,customer_id:bigint,account_id:bigint,merchant_id:bigint,branch_id:bigint,transaction_date:date,transaction_amount:double,fraud_flag:int","isnotnull(transaction_id#3642L), (transaction_id#3642L < 12500000000)","",false
1,30,368,"Parquet",0,0,0,0,"InMemoryFileIndex(1 paths)[s3a://goes-se-sandbox/data/warehouse/tablespace/external/hive/demo_pauldefusco.db/trs_v25]","IsNotNull(transaction_id), LessThan(transaction_id,12500000000), IsNotNull(payment_channel), IsNotNull(payment_type), IsNotNull(device_type)","transaction_id:bigint,customer_id:bigint,account_id:bigint,merchant_id:bigint,branch_id:bigint,transaction_date:date,transaction_amount:double,payment_channel:string,payment_type:string,device_type:string,fraud_flag:int","isnotnull(transaction_id#3237L), (transaction_id#3237L < 12500000000), isnotnull(payment_channel#3246), isnotnull(payment_type#3247), isnotnull(device_type#3248)","",false
1,31,293,"Parquet",0,0,0,0,"InMemoryFileIndex(1 paths)[s3a://goes-se-sandbox/data/warehouse/tablespace/external/hive/demo_pauldefusco.db/accounts_skewed]","IsNotNull(account_id)","account_id:bigint","isnotnull(account_id#2948L)","",false
1,31,136,"Parquet",0,0,0,0,"InMemoryFileIndex(1 paths)[s3a://goes-se-sandbox/data/warehouse/tablespace/external/hive/demo_pauldefusco.db/accounts_skewed]","IsNotNull(account_id), IsNotNull(account_type)","account_id:bigint,account_type:string,account_status:string","isnotnull(account_id#2676L), isnotnull(account_type#2677)","",false
1,31,66,"Parquet",0,0,0,0,"InMemoryFileIndex(1 paths)[s3a://goes-se-sandbox/data/warehouse/tablespace/external/hive/demo_pauldefusco.db/accounts_skewed]","IsNotNull(account_id)","account_id:bigint,account_type:string,account_status:string,current_balance:double,credit_limit:double,interest_rate:double","isnotnull(account_id#52L)","",false
1,31,249,"Parquet",0,0,0,0,"InMemoryFileIndex(1 paths)[s3a://goes-se-sandbox/data/warehouse/tablespace/external/hive/demo_pauldefusco.db/accounts_skewed]","IsNotNull(account_id), IsNotNull(account_type), IsNotNull(account_status)","account_id:bigint,account_type:string,account_status:string,current_balance:double,credit_limit:double,interest_rate:double","isnotnull(account_id#2333L), isnotnull(account_type#2334), isnotnull(account_status#2336)","",false
1,31,198,"Parquet",0,0,0,0,"InMemoryFileIndex(1 paths)[s3a://goes-se-sandbox/data/warehouse/tablespace/external/hive/demo_pauldefusco.db/accounts_skewed]","IsNotNull(account_id)","account_id:bigint,current_balance:double,interest_rate:double","isnotnull(account_id#2209L)","",false
1,31,146,"Parquet",0,0,0,0,"InMemoryFileIndex(1 paths)[s3a://goes-se-sandbox/data/warehouse/tablespace/external/hive/demo_pauldefusco.db/branches_skewed]","IsNotNull(branch_id)","branch_id:bigint","isnotnull(branch_id#2695L)","",false
1,31,76,"Parquet",0,0,0,0,"InMemoryFileIndex(1 paths)[s3a://goes-se-sandbox/data/warehouse/tablespace/external/hive/demo_pauldefusco.db/branches_skewed]","IsNotNull(branch_id)","branch_id:bigint,region:string,branch_type:string","isnotnull(branch_id#91L)","",false
1,31,428,"Parquet",0,0,0,0,"InMemoryFileIndex(1 paths)[s3a://goes-se-sandbox/data/warehouse/tablespace/external/hive/demo_pauldefusco.db/branches_skewed]","IsNotNull(branch_id), IsNotNull(region), IsNotNull(branch_type)","branch_id:bigint,region:string,branch_type:string","isnotnull(branch_id#4015L), isnotnull(region#4018), isnotnull(branch_type#4019)","",false
1,31,474,"Parquet",0,0,0,0,"InMemoryFileIndex(1 paths)[s3a://goes-se-sandbox/data/warehouse/tablespace/external/hive/demo_pauldefusco.db/branches_skewed]","IsNotNull(branch_id), IsNotNull(region), IsNotNull(branch_type)","branch_id:bigint,region:string,branch_type:string,assets_under_management:double,annual_operating_cost:double","isnotnull(branch_id#3687L), isnotnull(region#3690), isnotnull(branch_type#3691)","",false
1,31,151,"Parquet",0,0,0,0,"InMemoryFileIndex(1 paths)[s3a://goes-se-sandbox/data/warehouse/tablespace/external/hive/demo_pauldefusco.db/calendar]","IsNotNull(calendar_date), IsNotNull(year), IsNotNull(month)","calendar_date:date,year:int,month:int","isnotnull(calendar_date#2706), isnotnull(year#2708), isnotnull(month#2710)","",false
1,31,208,"Parquet",0,0,0,0,"InMemoryFileIndex(1 paths)[s3a://goes-se-sandbox/data/warehouse/tablespace/external/hive/demo_pauldefusco.db/calendar]","IsNotNull(calendar_date), IsNotNull(year), IsNotNull(month)","calendar_date:date,year:int,month:int,is_weekend:boolean","isnotnull(calendar_date#2239), isnotnull(year#2241), isnotnull(month#2243)","",false
1,31,303,"Parquet",0,0,0,0,"InMemoryFileIndex(1 paths)[s3a://goes-se-sandbox/data/warehouse/tablespace/external/hive/demo_pauldefusco.db/calendar]","IsNotNull(calendar_date), IsNotNull(year), IsNotNull(quarter)","calendar_date:date,year:int,quarter:int","isnotnull(calendar_date#2978), isnotnull(year#2980), isnotnull(quarter#2981)","",false
1,31,343,"Parquet",0,0,0,0,"InMemoryFileIndex(1 paths)[s3a://goes-se-sandbox/data/warehouse/tablespace/external/hive/demo_pauldefusco.db/calendar]","IsNotNull(calendar_date), IsNotNull(year), IsNotNull(quarter)","calendar_date:date,year:int,quarter:int,is_weekend:boolean","isnotnull(calendar_date#2556), isnotnull(year#2558), isnotnull(quarter#2559)","",false
1,31,81,"Parquet",0,0,0,0,"InMemoryFileIndex(1 paths)[s3a://goes-se-sandbox/data/warehouse/tablespace/external/hive/demo_pauldefusco.db/calendar]","IsNotNull(calendar_date)","calendar_date:date,year:int,quarter:int,month:int,is_weekend:boolean","isnotnull(calendar_date#113)","",false
1,31,286,"Parquet",0,0,0,0,"InMemoryFileIndex(1 paths)[s3a://goes-se-sandbox/data/warehouse/tablespace/external/hive/demo_pauldefusco.db/customers_skewed]","IsNotNull(customer_id)","customer_id:bigint","isnotnull(customer_id#2937L)","",false
1,31,242,"Parquet",0,0,0,0,"InMemoryFileIndex(1 paths)[s3a://goes-se-sandbox/data/warehouse/tablespace/external/hive/demo_pauldefusco.db/customers_skewed]","IsNotNull(customer_id)","customer_id:bigint,credit_score:int","isnotnull(customer_id#2322L)","",false
1,31,467,"Parquet",0,0,0,0,"InMemoryFileIndex(1 paths)[s3a://goes-se-sandbox/data/warehouse/tablespace/external/hive/demo_pauldefusco.db/customers_skewed]","IsNotNull(customer_id), IsNotNull(customer_segment), IsNotNull(income_band)","customer_id:bigint,credit_score:int,income_band:string,customer_segment:string","isnotnull(customer_id#3657L), isnotnull(customer_segment#3664), isnotnull(income_band#3662)","",false
1,31,191,"Parquet",0,0,0,0,"InMemoryFileIndex(1 paths)[s3a://goes-se-sandbox/data/warehouse/tablespace/external/hive/demo_pauldefusco.db/customers_skewed]","IsNotNull(customer_id), IsNotNull(customer_segment), IsNotNull(income_band), IsNotNull(risk_rating)","customer_id:bigint,credit_score:int,income_band:string,customer_segment:string,risk_rating:string","isnotnull(customer_id#2198L), isnotnull(customer_segment#2205), isnotnull(income_band#2203), isnotnull(risk_rating#2207)","",false
1,31,59,"Parquet",0,0,0,0,"InMemoryFileIndex(1 paths)[s3a://goes-se-sandbox/data/warehouse/tablespace/external/hive/demo_pauldefusco.db/customers_skewed]","IsNotNull(customer_id)","customer_id:bigint,credit_score:int,income_band:string,estimated_income:double,customer_segment:string,risk_rating:string","isnotnull(customer_id#31L)","",false
1,31,416,"Parquet",0,0,0,0,"InMemoryFileIndex(1 paths)[s3a://goes-se-sandbox/data/warehouse/tablespace/external/hive/demo_pauldefusco.db/customers_skewed]","IsNotNull(customer_id), IsNotNull(customer_segment), IsNotNull(income_band)","customer_id:bigint,income_band:string,customer_segment:string","isnotnull(customer_id#3985L), isnotnull(customer_segment#3992), isnotnull(income_band#3990)","",false
1,31,129,"Parquet",0,0,0,0,"InMemoryFileIndex(1 paths)[s3a://goes-se-sandbox/data/warehouse/tablespace/external/hive/demo_pauldefusco.db/customers_skewed]","IsNotNull(customer_id), IsNotNull(customer_segment), IsNotNull(income_band), IsNotNull(risk_rating)","customer_id:bigint,income_band:string,customer_segment:string,risk_rating:string","isnotnull(customer_id#2665L), isnotnull(customer_segment#2672), isnotnull(income_band#2670), isnotnull(risk_rating#2674)","",false
1,31,141,"Parquet",0,0,0,0,"InMemoryFileIndex(1 paths)[s3a://goes-se-sandbox/data/warehouse/tablespace/external/hive/demo_pauldefusco.db/merchants_skewed]","IsNotNull(merchant_id)","merchant_id:bigint","isnotnull(merchant_id#2685L)","",false
1,31,423,"Parquet",0,0,0,0,"InMemoryFileIndex(1 paths)[s3a://goes-se-sandbox/data/warehouse/tablespace/external/hive/demo_pauldefusco.db/merchants_skewed]","IsNotNull(merchant_id), IsNotNull(region)","merchant_id:bigint,region:string","isnotnull(merchant_id#4005L), isnotnull(region#4007)","",false
1,31,506,"Parquet",0,0,0,0,"InMemoryFileIndex(1 paths)[s3a://goes-se-sandbox/data/warehouse/tablespace/external/hive/demo_pauldefusco.db/merchants_skewed]","IsNotNull(merchant_id), IsNotNull(region)","merchant_id:bigint,region:string,risk_level:string","isnotnull(merchant_id#3810L), isnotnull(region#3812)","",false
1,31,338,"Parquet",0,0,0,0,"InMemoryFileIndex(1 paths)[s3a://goes-se-sandbox/data/warehouse/tablespace/external/hive/demo_pauldefusco.db/merchants_skewed]","IsNotNull(merchant_id), IsNotNull(region), IsNotNull(risk_level), IsNotNull(merchant_size)","merchant_id:bigint,region:string,risk_level:string,annual_revenue:double,merchant_size:string","isnotnull(merchant_id#2535L), isnotnull(region#2537), isnotnull(risk_level#2540), isnotnull(merchant_size#2542)","",false
1,31,71,"Parquet",0,0,0,0,"InMemoryFileIndex(1 paths)[s3a://goes-se-sandbox/data/warehouse/tablespace/external/hive/demo_pauldefusco.db/merchants_skewed]","IsNotNull(merchant_id)","merchant_id:bigint,region:string,risk_level:string,merchant_size:string","isnotnull(merchant_id#71L)","",false
1,31,298,"Parquet",0,0,0,0,"InMemoryFileIndex(1 paths)[s3a://goes-se-sandbox/data/warehouse/tablespace/external/hive/demo_pauldefusco.db/merchants_skewed]","IsNotNull(merchant_id), IsNotNull(region)","merchant_id:bigint,region:string,risk_level:string,merchant_size:string","isnotnull(merchant_id#2957L), isnotnull(region#2959)","",false
1,31,203,"Parquet",0,0,0,0,"InMemoryFileIndex(1 paths)[s3a://goes-se-sandbox/data/warehouse/tablespace/external/hive/demo_pauldefusco.db/merchants_skewed]","IsNotNull(merchant_id)","merchant_id:bigint,risk_level:string","isnotnull(merchant_id#2218L)","",false
1,31,122,"Parquet",0,0,0,0,"InMemoryFileIndex(1 paths)[s3a://goes-se-sandbox/data/warehouse/tablespace/external/hive/demo_pauldefusco.db/trs_v25]","IsNotNull(transaction_id), LessThan(transaction_id,12500000000), IsNotNull(customer_id), IsNotNull(account_id)","transaction_id:bigint,customer_id:bigint,account_id:bigint,merchant_id:bigint,branch_id:bigint,transaction_date:date","isnotnull(transaction_id#2650L), (transaction_id#2650L < 12500000000), isnotnull(customer_id#2651L), isnotnull(account_id#2652L)","",false
1,31,281,"Parquet",0,0,0,0,"InMemoryFileIndex(1 paths)[s3a://goes-se-sandbox/data/warehouse/tablespace/external/hive/demo_pauldefusco.db/trs_v25]","IsNotNull(transaction_id), LessThan(transaction_id,12500000000), IsNotNull(customer_id), IsNotNull(merchant_id), IsNotNull(merchant_category)","transaction_id:bigint,customer_id:bigint,account_id:bigint,merchant_id:bigint,branch_id:bigint,transaction_date:date,merchant_category:string","isnotnull(transaction_id#2922L), (transaction_id#2922L < 12500000000), isnotnull(customer_id#2923L), isnotnull(merchant_id#2925L), isnotnull(merchant_category#2929)","",false
1,31,409,"Parquet",0,0,0,0,"InMemoryFileIndex(1 paths)[s3a://goes-se-sandbox/data/warehouse/tablespace/external/hive/demo_pauldefusco.db/trs_v25]","IsNotNull(transaction_id), LessThan(transaction_id,12500000000), IsNotNull(merchant_category)","transaction_id:bigint,customer_id:bigint,account_id:bigint,merchant_id:bigint,branch_id:bigint,transaction_date:date,merchant_category:string","isnotnull(transaction_id#3970L), (transaction_id#3970L < 12500000000), isnotnull(merchant_category#3977)","",false
1,31,331,"Parquet",0,0,0,0,"InMemoryFileIndex(1 paths)[s3a://goes-se-sandbox/data/warehouse/tablespace/external/hive/demo_pauldefusco.db/trs_v25]","IsNotNull(transaction_id), LessThan(transaction_id,12500000000), IsNotNull(merchant_id), IsNotNull(merchant_category)","transaction_id:bigint,customer_id:bigint,account_id:bigint,merchant_id:bigint,branch_id:bigint,transaction_date:date,merchant_category:string,transaction_amount:double,fraud_flag:int","isnotnull(transaction_id#2500L), (transaction_id#2500L < 12500000000), isnotnull(merchant_id#2503L), isnotnull(merchant_category#2507)","",false
1,31,499,"Parquet",0,0,0,0,"InMemoryFileIndex(1 paths)[s3a://goes-se-sandbox/data/warehouse/tablespace/external/hive/demo_pauldefusco.db/trs_v25]","IsNotNull(transaction_id), IsNotNull(fraud_flag), LessThan(transaction_id,12500000000), EqualTo(fraud_flag,1), IsNotNull(merchant_category)","transaction_id:bigint,customer_id:bigint,account_id:bigint,merchant_id:bigint,branch_id:bigint,transaction_date:date,merchant_category:string,transaction_amount:double,fraud_flag:int","isnotnull(transaction_id#3775L), isnotnull(fraud_flag#3787), (transaction_id#3775L < 12500000000), (fraud_flag#3787 = 1), isnotnull(merchant_category#3782)","",false
1,31,52,"Parquet",0,0,0,0,"InMemoryFileIndex(1 paths)[s3a://goes-se-sandbox/data/warehouse/tablespace/external/hive/demo_pauldefusco.db/trs_v25]","IsNotNull(transaction_id), LessThan(transaction_id,12500000000)","transaction_id:bigint,customer_id:bigint,account_id:bigint,merchant_id:bigint,branch_id:bigint,transaction_date:date,merchant_category:string,transaction_amount:double,payment_channel:string,payment_type:string,device_type:string,fraud_flag:int","isnotnull(transaction_id#0L), (transaction_id#0L < 12500000000)","",false
1,31,184,"Parquet",0,0,0,0,"InMemoryFileIndex(1 paths)[s3a://goes-se-sandbox/data/warehouse/tablespace/external/hive/demo_pauldefusco.db/trs_v25]","IsNotNull(transaction_id), LessThan(transaction_id,12500000000), IsNotNull(customer_id)","transaction_id:bigint,customer_id:bigint,account_id:bigint,merchant_id:bigint,branch_id:bigint,transaction_date:date,transaction_amount:double,fraud_flag:int","isnotnull(transaction_id#2183L), (transaction_id#2183L < 12500000000), isnotnull(customer_id#2184L)","",false
1,31,237,"Parquet",0,0,0,0,"InMemoryFileIndex(1 paths)[s3a://goes-se-sandbox/data/warehouse/tablespace/external/hive/demo_pauldefusco.db/trs_v25]","IsNotNull(transaction_id), LessThan(transaction_id,12500000000), IsNotNull(account_id)","transaction_id:bigint,customer_id:bigint,account_id:bigint,merchant_id:bigint,branch_id:bigint,transaction_date:date,transaction_amount:double,fraud_flag:int","isnotnull(transaction_id#2307L), (transaction_id#2307L < 12500000000), isnotnull(account_id#2309L)","",false
1,31,460,"Parquet",0,0,0,0,"InMemoryFileIndex(1 paths)[s3a://goes-se-sandbox/data/warehouse/tablespace/external/hive/demo_pauldefusco.db/trs_v25]","IsNotNull(transaction_id), LessThan(transaction_id,12500000000)","transaction_id:bigint,customer_id:bigint,account_id:bigint,merchant_id:bigint,branch_id:bigint,transaction_date:date,transaction_amount:double,fraud_flag:int","isnotnull(transaction_id#3642L), (transaction_id#3642L < 12500000000)","",false
1,31,368,"Parquet",0,0,0,0,"InMemoryFileIndex(1 paths)[s3a://goes-se-sandbox/data/warehouse/tablespace/external/hive/demo_pauldefusco.db/trs_v25]","IsNotNull(transaction_id), LessThan(transaction_id,12500000000), IsNotNull(payment_channel), IsNotNull(payment_type), IsNotNull(device_type)","transaction_id:bigint,customer_id:bigint,account_id:bigint,merchant_id:bigint,branch_id:bigint,transaction_date:date,transaction_amount:double,payment_channel:string,payment_type:string,device_type:string,fraud_flag:int","isnotnull(transaction_id#3237L), (transaction_id#3237L < 12500000000), isnotnull(payment_channel#3246), isnotnull(payment_type#3247), isnotnull(device_type#3248)","",false
1,32,293,"Parquet",0,0,0,0,"InMemoryFileIndex(1 paths)[s3a://goes-se-sandbox/data/warehouse/tablespace/external/hive/demo_pauldefusco.db/accounts_skewed]","IsNotNull(account_id)","account_id:bigint","isnotnull(account_id#2948L)","",false
1,32,136,"Parquet",0,0,0,0,"InMemoryFileIndex(1 paths)[s3a://goes-se-sandbox/data/warehouse/tablespace/external/hive/demo_pauldefusco.db/accounts_skewed]","IsNotNull(account_id), IsNotNull(account_type)","account_id:bigint,account_type:string,account_status:string","isnotnull(account_id#2676L), isnotnull(account_type#2677)","",false
1,32,66,"Parquet",0,0,0,0,"InMemoryFileIndex(1 paths)[s3a://goes-se-sandbox/data/warehouse/tablespace/external/hive/demo_pauldefusco.db/accounts_skewed]","IsNotNull(account_id)","account_id:bigint,account_type:string,account_status:string,current_balance:double,credit_limit:double,interest_rate:double","isnotnull(account_id#52L)","",false
1,32,249,"Parquet",0,0,0,0,"InMemoryFileIndex(1 paths)[s3a://goes-se-sandbox/data/warehouse/tablespace/external/hive/demo_pauldefusco.db/accounts_skewed]","IsNotNull(account_id), IsNotNull(account_type), IsNotNull(account_status)","account_id:bigint,account_type:string,account_status:string,current_balance:double,credit_limit:double,interest_rate:double","isnotnull(account_id#2333L), isnotnull(account_type#2334), isnotnull(account_status#2336)","",false
1,32,198,"Parquet",0,0,0,0,"InMemoryFileIndex(1 paths)[s3a://goes-se-sandbox/data/warehouse/tablespace/external/hive/demo_pauldefusco.db/accounts_skewed]","IsNotNull(account_id)","account_id:bigint,current_balance:double,interest_rate:double","isnotnull(account_id#2209L)","",false
1,32,146,"Parquet",0,0,0,0,"InMemoryFileIndex(1 paths)[s3a://goes-se-sandbox/data/warehouse/tablespace/external/hive/demo_pauldefusco.db/branches_skewed]","IsNotNull(branch_id)","branch_id:bigint","isnotnull(branch_id#2695L)","",false
1,32,76,"Parquet",0,0,0,0,"InMemoryFileIndex(1 paths)[s3a://goes-se-sandbox/data/warehouse/tablespace/external/hive/demo_pauldefusco.db/branches_skewed]","IsNotNull(branch_id)","branch_id:bigint,region:string,branch_type:string","isnotnull(branch_id#91L)","",false
1,32,430,"Parquet",0,0,0,0,"InMemoryFileIndex(1 paths)[s3a://goes-se-sandbox/data/warehouse/tablespace/external/hive/demo_pauldefusco.db/branches_skewed]","IsNotNull(branch_id), IsNotNull(region), IsNotNull(branch_type)","branch_id:bigint,region:string,branch_type:string","isnotnull(branch_id#4015L), isnotnull(region#4018), isnotnull(branch_type#4019)","",false
1,32,476,"Parquet",0,0,0,0,"InMemoryFileIndex(1 paths)[s3a://goes-se-sandbox/data/warehouse/tablespace/external/hive/demo_pauldefusco.db/branches_skewed]","IsNotNull(branch_id), IsNotNull(region), IsNotNull(branch_type)","branch_id:bigint,region:string,branch_type:string,assets_under_management:double,annual_operating_cost:double","isnotnull(branch_id#3687L), isnotnull(region#3690), isnotnull(branch_type#3691)","",false
1,32,151,"Parquet",0,0,0,0,"InMemoryFileIndex(1 paths)[s3a://goes-se-sandbox/data/warehouse/tablespace/external/hive/demo_pauldefusco.db/calendar]","IsNotNull(calendar_date), IsNotNull(year), IsNotNull(month)","calendar_date:date,year:int,month:int","isnotnull(calendar_date#2706), isnotnull(year#2708), isnotnull(month#2710)","",false
1,32,208,"Parquet",0,0,0,0,"InMemoryFileIndex(1 paths)[s3a://goes-se-sandbox/data/warehouse/tablespace/external/hive/demo_pauldefusco.db/calendar]","IsNotNull(calendar_date), IsNotNull(year), IsNotNull(month)","calendar_date:date,year:int,month:int,is_weekend:boolean","isnotnull(calendar_date#2239), isnotnull(year#2241), isnotnull(month#2243)","",false
1,32,303,"Parquet",0,0,0,0,"InMemoryFileIndex(1 paths)[s3a://goes-se-sandbox/data/warehouse/tablespace/external/hive/demo_pauldefusco.db/calendar]","IsNotNull(calendar_date), IsNotNull(year), IsNotNull(quarter)","calendar_date:date,year:int,quarter:int","isnotnull(calendar_date#2978), isnotnull(year#2980), isnotnull(quarter#2981)","",false
1,32,343,"Parquet",0,0,0,0,"InMemoryFileIndex(1 paths)[s3a://goes-se-sandbox/data/warehouse/tablespace/external/hive/demo_pauldefusco.db/calendar]","IsNotNull(calendar_date), IsNotNull(year), IsNotNull(quarter)","calendar_date:date,year:int,quarter:int,is_weekend:boolean","isnotnull(calendar_date#2556), isnotnull(year#2558), isnotnull(quarter#2559)","",false
1,32,81,"Parquet",0,0,0,0,"InMemoryFileIndex(1 paths)[s3a://goes-se-sandbox/data/warehouse/tablespace/external/hive/demo_pauldefusco.db/calendar]","IsNotNull(calendar_date)","calendar_date:date,year:int,quarter:int,month:int,is_weekend:boolean","isnotnull(calendar_date#113)","",false
1,32,286,"Parquet",0,0,0,0,"InMemoryFileIndex(1 paths)[s3a://goes-se-sandbox/data/warehouse/tablespace/external/hive/demo_pauldefusco.db/customers_skewed]","IsNotNull(customer_id)","customer_id:bigint","isnotnull(customer_id#2937L)","",false
1,32,242,"Parquet",0,0,0,0,"InMemoryFileIndex(1 paths)[s3a://goes-se-sandbox/data/warehouse/tablespace/external/hive/demo_pauldefusco.db/customers_skewed]","IsNotNull(customer_id)","customer_id:bigint,credit_score:int","isnotnull(customer_id#2322L)","",false
1,32,469,"Parquet",0,0,0,0,"InMemoryFileIndex(1 paths)[s3a://goes-se-sandbox/data/warehouse/tablespace/external/hive/demo_pauldefusco.db/customers_skewed]","IsNotNull(customer_id), IsNotNull(customer_segment), IsNotNull(income_band)","customer_id:bigint,credit_score:int,income_band:string,customer_segment:string","isnotnull(customer_id#3657L), isnotnull(customer_segment#3664), isnotnull(income_band#3662)","",false
1,32,191,"Parquet",0,0,0,0,"InMemoryFileIndex(1 paths)[s3a://goes-se-sandbox/data/warehouse/tablespace/external/hive/demo_pauldefusco.db/customers_skewed]","IsNotNull(customer_id), IsNotNull(customer_segment), IsNotNull(income_band), IsNotNull(risk_rating)","customer_id:bigint,credit_score:int,income_band:string,customer_segment:string,risk_rating:string","isnotnull(customer_id#2198L), isnotnull(customer_segment#2205), isnotnull(income_band#2203), isnotnull(risk_rating#2207)","",false
1,32,59,"Parquet",0,0,0,0,"InMemoryFileIndex(1 paths)[s3a://goes-se-sandbox/data/warehouse/tablespace/external/hive/demo_pauldefusco.db/customers_skewed]","IsNotNull(customer_id)","customer_id:bigint,credit_score:int,income_band:string,estimated_income:double,customer_segment:string,risk_rating:string","isnotnull(customer_id#31L)","",false
1,32,418,"Parquet",0,0,0,0,"InMemoryFileIndex(1 paths)[s3a://goes-se-sandbox/data/warehouse/tablespace/external/hive/demo_pauldefusco.db/customers_skewed]","IsNotNull(customer_id), IsNotNull(customer_segment), IsNotNull(income_band)","customer_id:bigint,income_band:string,customer_segment:string","isnotnull(customer_id#3985L), isnotnull(customer_segment#3992), isnotnull(income_band#3990)","",false
1,32,129,"Parquet",0,0,0,0,"InMemoryFileIndex(1 paths)[s3a://goes-se-sandbox/data/warehouse/tablespace/external/hive/demo_pauldefusco.db/customers_skewed]","IsNotNull(customer_id), IsNotNull(customer_segment), IsNotNull(income_band), IsNotNull(risk_rating)","customer_id:bigint,income_band:string,customer_segment:string,risk_rating:string","isnotnull(customer_id#2665L), isnotnull(customer_segment#2672), isnotnull(income_band#2670), isnotnull(risk_rating#2674)","",false
1,32,141,"Parquet",0,0,0,0,"InMemoryFileIndex(1 paths)[s3a://goes-se-sandbox/data/warehouse/tablespace/external/hive/demo_pauldefusco.db/merchants_skewed]","IsNotNull(merchant_id)","merchant_id:bigint","isnotnull(merchant_id#2685L)","",false
1,32,425,"Parquet",0,0,0,0,"InMemoryFileIndex(1 paths)[s3a://goes-se-sandbox/data/warehouse/tablespace/external/hive/demo_pauldefusco.db/merchants_skewed]","IsNotNull(merchant_id), IsNotNull(region)","merchant_id:bigint,region:string","isnotnull(merchant_id#4005L), isnotnull(region#4007)","",false
1,32,509,"Parquet",0,0,0,0,"InMemoryFileIndex(1 paths)[s3a://goes-se-sandbox/data/warehouse/tablespace/external/hive/demo_pauldefusco.db/merchants_skewed]","IsNotNull(merchant_id), IsNotNull(region)","merchant_id:bigint,region:string,risk_level:string","isnotnull(merchant_id#3810L), isnotnull(region#3812)","",false
1,32,338,"Parquet",0,0,0,0,"InMemoryFileIndex(1 paths)[s3a://goes-se-sandbox/data/warehouse/tablespace/external/hive/demo_pauldefusco.db/merchants_skewed]","IsNotNull(merchant_id), IsNotNull(region), IsNotNull(risk_level), IsNotNull(merchant_size)","merchant_id:bigint,region:string,risk_level:string,annual_revenue:double,merchant_size:string","isnotnull(merchant_id#2535L), isnotnull(region#2537), isnotnull(risk_level#2540), isnotnull(merchant_size#2542)","",false
1,32,71,"Parquet",0,0,0,0,"InMemoryFileIndex(1 paths)[s3a://goes-se-sandbox/data/warehouse/tablespace/external/hive/demo_pauldefusco.db/merchants_skewed]","IsNotNull(merchant_id)","merchant_id:bigint,region:string,risk_level:string,merchant_size:string","isnotnull(merchant_id#71L)","",false
1,32,298,"Parquet",0,0,0,0,"InMemoryFileIndex(1 paths)[s3a://goes-se-sandbox/data/warehouse/tablespace/external/hive/demo_pauldefusco.db/merchants_skewed]","IsNotNull(merchant_id), IsNotNull(region)","merchant_id:bigint,region:string,risk_level:string,merchant_size:string","isnotnull(merchant_id#2957L), isnotnull(region#2959)","",false
1,32,203,"Parquet",0,0,0,0,"InMemoryFileIndex(1 paths)[s3a://goes-se-sandbox/data/warehouse/tablespace/external/hive/demo_pauldefusco.db/merchants_skewed]","IsNotNull(merchant_id)","merchant_id:bigint,risk_level:string","isnotnull(merchant_id#2218L)","",false
1,32,122,"Parquet",0,0,0,0,"InMemoryFileIndex(1 paths)[s3a://goes-se-sandbox/data/warehouse/tablespace/external/hive/demo_pauldefusco.db/trs_v25]","IsNotNull(transaction_id), LessThan(transaction_id,12500000000), IsNotNull(customer_id), IsNotNull(account_id)","transaction_id:bigint,customer_id:bigint,account_id:bigint,merchant_id:bigint,branch_id:bigint,transaction_date:date","isnotnull(transaction_id#2650L), (transaction_id#2650L < 12500000000), isnotnull(customer_id#2651L), isnotnull(account_id#2652L)","",false
1,32,281,"Parquet",0,0,0,0,"InMemoryFileIndex(1 paths)[s3a://goes-se-sandbox/data/warehouse/tablespace/external/hive/demo_pauldefusco.db/trs_v25]","IsNotNull(transaction_id), LessThan(transaction_id,12500000000), IsNotNull(customer_id), IsNotNull(merchant_id), IsNotNull(merchant_category)","transaction_id:bigint,customer_id:bigint,account_id:bigint,merchant_id:bigint,branch_id:bigint,transaction_date:date,merchant_category:string","isnotnull(transaction_id#2922L), (transaction_id#2922L < 12500000000), isnotnull(customer_id#2923L), isnotnull(merchant_id#2925L), isnotnull(merchant_category#2929)","",false
1,32,411,"Parquet",0,0,0,0,"InMemoryFileIndex(1 paths)[s3a://goes-se-sandbox/data/warehouse/tablespace/external/hive/demo_pauldefusco.db/trs_v25]","IsNotNull(transaction_id), LessThan(transaction_id,12500000000), IsNotNull(merchant_category)","transaction_id:bigint,customer_id:bigint,account_id:bigint,merchant_id:bigint,branch_id:bigint,transaction_date:date,merchant_category:string","isnotnull(transaction_id#3970L), (transaction_id#3970L < 12500000000), isnotnull(merchant_category#3977)","",false
1,32,331,"Parquet",0,0,0,0,"InMemoryFileIndex(1 paths)[s3a://goes-se-sandbox/data/warehouse/tablespace/external/hive/demo_pauldefusco.db/trs_v25]","IsNotNull(transaction_id), LessThan(transaction_id,12500000000), IsNotNull(merchant_id), IsNotNull(merchant_category)","transaction_id:bigint,customer_id:bigint,account_id:bigint,merchant_id:bigint,branch_id:bigint,transaction_date:date,merchant_category:string,transaction_amount:double,fraud_flag:int","isnotnull(transaction_id#2500L), (transaction_id#2500L < 12500000000), isnotnull(merchant_id#2503L), isnotnull(merchant_category#2507)","",false
1,32,502,"Parquet",0,0,0,0,"InMemoryFileIndex(1 paths)[s3a://goes-se-sandbox/data/warehouse/tablespace/external/hive/demo_pauldefusco.db/trs_v25]","IsNotNull(transaction_id), IsNotNull(fraud_flag), LessThan(transaction_id,12500000000), EqualTo(fraud_flag,1), IsNotNull(merchant_category)","transaction_id:bigint,customer_id:bigint,account_id:bigint,merchant_id:bigint,branch_id:bigint,transaction_date:date,merchant_category:string,transaction_amount:double,fraud_flag:int","isnotnull(transaction_id#3775L), isnotnull(fraud_flag#3787), (transaction_id#3775L < 12500000000), (fraud_flag#3787 = 1), isnotnull(merchant_category#3782)","",false
1,32,52,"Parquet",0,0,0,0,"InMemoryFileIndex(1 paths)[s3a://goes-se-sandbox/data/warehouse/tablespace/external/hive/demo_pauldefusco.db/trs_v25]","IsNotNull(transaction_id), LessThan(transaction_id,12500000000)","transaction_id:bigint,customer_id:bigint,account_id:bigint,merchant_id:bigint,branch_id:bigint,transaction_date:date,merchant_category:string,transaction_amount:double,payment_channel:string,payment_type:string,device_type:string,fraud_flag:int","isnotnull(transaction_id#0L), (transaction_id#0L < 12500000000)","",false
1,32,184,"Parquet",0,0,0,0,"InMemoryFileIndex(1 paths)[s3a://goes-se-sandbox/data/warehouse/tablespace/external/hive/demo_pauldefusco.db/trs_v25]","IsNotNull(transaction_id), LessThan(transaction_id,12500000000), IsNotNull(customer_id)","transaction_id:bigint,customer_id:bigint,account_id:bigint,merchant_id:bigint,branch_id:bigint,transaction_date:date,transaction_amount:double,fraud_flag:int","isnotnull(transaction_id#2183L), (transaction_id#2183L < 12500000000), isnotnull(customer_id#2184L)","",false
1,32,237,"Parquet",0,0,0,0,"InMemoryFileIndex(1 paths)[s3a://goes-se-sandbox/data/warehouse/tablespace/external/hive/demo_pauldefusco.db/trs_v25]","IsNotNull(transaction_id), LessThan(transaction_id,12500000000), IsNotNull(account_id)","transaction_id:bigint,customer_id:bigint,account_id:bigint,merchant_id:bigint,branch_id:bigint,transaction_date:date,transaction_amount:double,fraud_flag:int","isnotnull(transaction_id#2307L), (transaction_id#2307L < 12500000000), isnotnull(account_id#2309L)","",false
1,32,462,"Parquet",0,0,0,0,"InMemoryFileIndex(1 paths)[s3a://goes-se-sandbox/data/warehouse/tablespace/external/hive/demo_pauldefusco.db/trs_v25]","IsNotNull(transaction_id), LessThan(transaction_id,12500000000)","transaction_id:bigint,customer_id:bigint,account_id:bigint,merchant_id:bigint,branch_id:bigint,transaction_date:date,transaction_amount:double,fraud_flag:int","isnotnull(transaction_id#3642L), (transaction_id#3642L < 12500000000)","",false
1,32,368,"Parquet",0,0,0,0,"InMemoryFileIndex(1 paths)[s3a://goes-se-sandbox/data/warehouse/tablespace/external/hive/demo_pauldefusco.db/trs_v25]","IsNotNull(transaction_id), LessThan(transaction_id,12500000000), IsNotNull(payment_channel), IsNotNull(payment_type), IsNotNull(device_type)","transaction_id:bigint,customer_id:bigint,account_id:bigint,merchant_id:bigint,branch_id:bigint,transaction_date:date,transaction_amount:double,payment_channel:string,payment_type:string,device_type:string,fraud_flag:int","isnotnull(transaction_id#3237L), (transaction_id#3237L < 12500000000), isnotnull(payment_channel#3246), isnotnull(payment_type#3247), isnotnull(device_type#3248)","",false
1,33,296,"Parquet",0,0,0,0,"InMemoryFileIndex(1 paths)[s3a://goes-se-sandbox/data/warehouse/tablespace/external/hive/demo_pauldefusco.db/accounts_skewed]","IsNotNull(account_id)","account_id:bigint","isnotnull(account_id#2948L)","",false
1,33,138,"Parquet",0,0,0,0,"InMemoryFileIndex(1 paths)[s3a://goes-se-sandbox/data/warehouse/tablespace/external/hive/demo_pauldefusco.db/accounts_skewed]","IsNotNull(account_id), IsNotNull(account_type)","account_id:bigint,account_type:string,account_status:string","isnotnull(account_id#2676L), isnotnull(account_type#2677)","",false
1,33,68,"Parquet",0,0,0,0,"InMemoryFileIndex(1 paths)[s3a://goes-se-sandbox/data/warehouse/tablespace/external/hive/demo_pauldefusco.db/accounts_skewed]","IsNotNull(account_id)","account_id:bigint,account_type:string,account_status:string,current_balance:double,credit_limit:double,interest_rate:double","isnotnull(account_id#52L)","",false
1,33,251,"Parquet",0,0,0,0,"InMemoryFileIndex(1 paths)[s3a://goes-se-sandbox/data/warehouse/tablespace/external/hive/demo_pauldefusco.db/accounts_skewed]","IsNotNull(account_id), IsNotNull(account_type), IsNotNull(account_status)","account_id:bigint,account_type:string,account_status:string,current_balance:double,credit_limit:double,interest_rate:double","isnotnull(account_id#2333L), isnotnull(account_type#2334), isnotnull(account_status#2336)","",false
1,33,200,"Parquet",0,0,0,0,"InMemoryFileIndex(1 paths)[s3a://goes-se-sandbox/data/warehouse/tablespace/external/hive/demo_pauldefusco.db/accounts_skewed]","IsNotNull(account_id)","account_id:bigint,current_balance:double,interest_rate:double","isnotnull(account_id#2209L)","",false
1,33,148,"Parquet",0,0,0,0,"InMemoryFileIndex(1 paths)[s3a://goes-se-sandbox/data/warehouse/tablespace/external/hive/demo_pauldefusco.db/branches_skewed]","IsNotNull(branch_id)","branch_id:bigint","isnotnull(branch_id#2695L)","",false
1,33,78,"Parquet",0,0,0,0,"InMemoryFileIndex(1 paths)[s3a://goes-se-sandbox/data/warehouse/tablespace/external/hive/demo_pauldefusco.db/branches_skewed]","IsNotNull(branch_id)","branch_id:bigint,region:string,branch_type:string","isnotnull(branch_id#91L)","",false
1,33,433,"Parquet",0,0,0,0,"InMemoryFileIndex(1 paths)[s3a://goes-se-sandbox/data/warehouse/tablespace/external/hive/demo_pauldefusco.db/branches_skewed]","IsNotNull(branch_id), IsNotNull(region), IsNotNull(branch_type)","branch_id:bigint,region:string,branch_type:string","isnotnull(branch_id#4015L), isnotnull(region#4018), isnotnull(branch_type#4019)","",false
1,33,479,"Parquet",0,0,0,0,"InMemoryFileIndex(1 paths)[s3a://goes-se-sandbox/data/warehouse/tablespace/external/hive/demo_pauldefusco.db/branches_skewed]","IsNotNull(branch_id), IsNotNull(region), IsNotNull(branch_type)","branch_id:bigint,region:string,branch_type:string,assets_under_management:double,annual_operating_cost:double","isnotnull(branch_id#3687L), isnotnull(region#3690), isnotnull(branch_type#3691)","",false
1,33,153,"Parquet",0,0,0,0,"InMemoryFileIndex(1 paths)[s3a://goes-se-sandbox/data/warehouse/tablespace/external/hive/demo_pauldefusco.db/calendar]","IsNotNull(calendar_date), IsNotNull(year), IsNotNull(month)","calendar_date:date,year:int,month:int","isnotnull(calendar_date#2706), isnotnull(year#2708), isnotnull(month#2710)","",false
1,33,210,"Parquet",0,0,0,0,"InMemoryFileIndex(1 paths)[s3a://goes-se-sandbox/data/warehouse/tablespace/external/hive/demo_pauldefusco.db/calendar]","IsNotNull(calendar_date), IsNotNull(year), IsNotNull(month)","calendar_date:date,year:int,month:int,is_weekend:boolean","isnotnull(calendar_date#2239), isnotnull(year#2241), isnotnull(month#2243)","",false
1,33,306,"Parquet",0,0,0,0,"InMemoryFileIndex(1 paths)[s3a://goes-se-sandbox/data/warehouse/tablespace/external/hive/demo_pauldefusco.db/calendar]","IsNotNull(calendar_date), IsNotNull(year), IsNotNull(quarter)","calendar_date:date,year:int,quarter:int","isnotnull(calendar_date#2978), isnotnull(year#2980), isnotnull(quarter#2981)","",false
1,33,346,"Parquet",0,0,0,0,"InMemoryFileIndex(1 paths)[s3a://goes-se-sandbox/data/warehouse/tablespace/external/hive/demo_pauldefusco.db/calendar]","IsNotNull(calendar_date), IsNotNull(year), IsNotNull(quarter)","calendar_date:date,year:int,quarter:int,is_weekend:boolean","isnotnull(calendar_date#2556), isnotnull(year#2558), isnotnull(quarter#2559)","",false
1,33,83,"Parquet",0,0,0,0,"InMemoryFileIndex(1 paths)[s3a://goes-se-sandbox/data/warehouse/tablespace/external/hive/demo_pauldefusco.db/calendar]","IsNotNull(calendar_date)","calendar_date:date,year:int,quarter:int,month:int,is_weekend:boolean","isnotnull(calendar_date#113)","",false
1,33,289,"Parquet",0,0,0,0,"InMemoryFileIndex(1 paths)[s3a://goes-se-sandbox/data/warehouse/tablespace/external/hive/demo_pauldefusco.db/customers_skewed]","IsNotNull(customer_id)","customer_id:bigint","isnotnull(customer_id#2937L)","",false
1,33,244,"Parquet",0,0,0,0,"InMemoryFileIndex(1 paths)[s3a://goes-se-sandbox/data/warehouse/tablespace/external/hive/demo_pauldefusco.db/customers_skewed]","IsNotNull(customer_id)","customer_id:bigint,credit_score:int","isnotnull(customer_id#2322L)","",false
1,33,472,"Parquet",0,0,0,0,"InMemoryFileIndex(1 paths)[s3a://goes-se-sandbox/data/warehouse/tablespace/external/hive/demo_pauldefusco.db/customers_skewed]","IsNotNull(customer_id), IsNotNull(customer_segment), IsNotNull(income_band)","customer_id:bigint,credit_score:int,income_band:string,customer_segment:string","isnotnull(customer_id#3657L), isnotnull(customer_segment#3664), isnotnull(income_band#3662)","",false
1,33,193,"Parquet",0,0,0,0,"InMemoryFileIndex(1 paths)[s3a://goes-se-sandbox/data/warehouse/tablespace/external/hive/demo_pauldefusco.db/customers_skewed]","IsNotNull(customer_id), IsNotNull(customer_segment), IsNotNull(income_band), IsNotNull(risk_rating)","customer_id:bigint,credit_score:int,income_band:string,customer_segment:string,risk_rating:string","isnotnull(customer_id#2198L), isnotnull(customer_segment#2205), isnotnull(income_band#2203), isnotnull(risk_rating#2207)","",false
1,33,61,"Parquet",0,0,0,0,"InMemoryFileIndex(1 paths)[s3a://goes-se-sandbox/data/warehouse/tablespace/external/hive/demo_pauldefusco.db/customers_skewed]","IsNotNull(customer_id)","customer_id:bigint,credit_score:int,income_band:string,estimated_income:double,customer_segment:string,risk_rating:string","isnotnull(customer_id#31L)","",false
1,33,421,"Parquet",0,0,0,0,"InMemoryFileIndex(1 paths)[s3a://goes-se-sandbox/data/warehouse/tablespace/external/hive/demo_pauldefusco.db/customers_skewed]","IsNotNull(customer_id), IsNotNull(customer_segment), IsNotNull(income_band)","customer_id:bigint,income_band:string,customer_segment:string","isnotnull(customer_id#3985L), isnotnull(customer_segment#3992), isnotnull(income_band#3990)","",false
1,33,131,"Parquet",0,0,0,0,"InMemoryFileIndex(1 paths)[s3a://goes-se-sandbox/data/warehouse/tablespace/external/hive/demo_pauldefusco.db/customers_skewed]","IsNotNull(customer_id), IsNotNull(customer_segment), IsNotNull(income_band), IsNotNull(risk_rating)","customer_id:bigint,income_band:string,customer_segment:string,risk_rating:string","isnotnull(customer_id#2665L), isnotnull(customer_segment#2672), isnotnull(income_band#2670), isnotnull(risk_rating#2674)","",false
1,33,143,"Parquet",0,0,0,0,"InMemoryFileIndex(1 paths)[s3a://goes-se-sandbox/data/warehouse/tablespace/external/hive/demo_pauldefusco.db/merchants_skewed]","IsNotNull(merchant_id)","merchant_id:bigint","isnotnull(merchant_id#2685L)","",false
1,33,428,"Parquet",0,0,0,0,"InMemoryFileIndex(1 paths)[s3a://goes-se-sandbox/data/warehouse/tablespace/external/hive/demo_pauldefusco.db/merchants_skewed]","IsNotNull(merchant_id), IsNotNull(region)","merchant_id:bigint,region:string","isnotnull(merchant_id#4005L), isnotnull(region#4007)","",false
1,33,512,"Parquet",0,0,0,0,"InMemoryFileIndex(1 paths)[s3a://goes-se-sandbox/data/warehouse/tablespace/external/hive/demo_pauldefusco.db/merchants_skewed]","IsNotNull(merchant_id), IsNotNull(region)","merchant_id:bigint,region:string,risk_level:string","isnotnull(merchant_id#3810L), isnotnull(region#3812)","",false
1,33,341,"Parquet",0,0,0,0,"InMemoryFileIndex(1 paths)[s3a://goes-se-sandbox/data/warehouse/tablespace/external/hive/demo_pauldefusco.db/merchants_skewed]","IsNotNull(merchant_id), IsNotNull(region), IsNotNull(risk_level), IsNotNull(merchant_size)","merchant_id:bigint,region:string,risk_level:string,annual_revenue:double,merchant_size:string","isnotnull(merchant_id#2535L), isnotnull(region#2537), isnotnull(risk_level#2540), isnotnull(merchant_size#2542)","",false
1,33,73,"Parquet",0,0,0,0,"InMemoryFileIndex(1 paths)[s3a://goes-se-sandbox/data/warehouse/tablespace/external/hive/demo_pauldefusco.db/merchants_skewed]","IsNotNull(merchant_id)","merchant_id:bigint,region:string,risk_level:string,merchant_size:string","isnotnull(merchant_id#71L)","",false
1,33,301,"Parquet",0,0,0,0,"InMemoryFileIndex(1 paths)[s3a://goes-se-sandbox/data/warehouse/tablespace/external/hive/demo_pauldefusco.db/merchants_skewed]","IsNotNull(merchant_id), IsNotNull(region)","merchant_id:bigint,region:string,risk_level:string,merchant_size:string","isnotnull(merchant_id#2957L), isnotnull(region#2959)","",false
1,33,205,"Parquet",0,0,0,0,"InMemoryFileIndex(1 paths)[s3a://goes-se-sandbox/data/warehouse/tablespace/external/hive/demo_pauldefusco.db/merchants_skewed]","IsNotNull(merchant_id)","merchant_id:bigint,risk_level:string","isnotnull(merchant_id#2218L)","",false
1,33,124,"Parquet",0,0,0,0,"InMemoryFileIndex(1 paths)[s3a://goes-se-sandbox/data/warehouse/tablespace/external/hive/demo_pauldefusco.db/trs_v25]","IsNotNull(transaction_id), LessThan(transaction_id,12500000000), IsNotNull(customer_id), IsNotNull(account_id)","transaction_id:bigint,customer_id:bigint,account_id:bigint,merchant_id:bigint,branch_id:bigint,transaction_date:date","isnotnull(transaction_id#2650L), (transaction_id#2650L < 12500000000), isnotnull(customer_id#2651L), isnotnull(account_id#2652L)","",false
1,33,284,"Parquet",0,0,0,0,"InMemoryFileIndex(1 paths)[s3a://goes-se-sandbox/data/warehouse/tablespace/external/hive/demo_pauldefusco.db/trs_v25]","IsNotNull(transaction_id), LessThan(transaction_id,12500000000), IsNotNull(customer_id), IsNotNull(merchant_id), IsNotNull(merchant_category)","transaction_id:bigint,customer_id:bigint,account_id:bigint,merchant_id:bigint,branch_id:bigint,transaction_date:date,merchant_category:string","isnotnull(transaction_id#2922L), (transaction_id#2922L < 12500000000), isnotnull(customer_id#2923L), isnotnull(merchant_id#2925L), isnotnull(merchant_category#2929)","",false
1,33,414,"Parquet",0,0,0,0,"InMemoryFileIndex(1 paths)[s3a://goes-se-sandbox/data/warehouse/tablespace/external/hive/demo_pauldefusco.db/trs_v25]","IsNotNull(transaction_id), LessThan(transaction_id,12500000000), IsNotNull(merchant_category)","transaction_id:bigint,customer_id:bigint,account_id:bigint,merchant_id:bigint,branch_id:bigint,transaction_date:date,merchant_category:string","isnotnull(transaction_id#3970L), (transaction_id#3970L < 12500000000), isnotnull(merchant_category#3977)","",false
1,33,334,"Parquet",0,0,0,0,"InMemoryFileIndex(1 paths)[s3a://goes-se-sandbox/data/warehouse/tablespace/external/hive/demo_pauldefusco.db/trs_v25]","IsNotNull(transaction_id), LessThan(transaction_id,12500000000), IsNotNull(merchant_id), IsNotNull(merchant_category)","transaction_id:bigint,customer_id:bigint,account_id:bigint,merchant_id:bigint,branch_id:bigint,transaction_date:date,merchant_category:string,transaction_amount:double,fraud_flag:int","isnotnull(transaction_id#2500L), (transaction_id#2500L < 12500000000), isnotnull(merchant_id#2503L), isnotnull(merchant_category#2507)","",false
1,33,505,"Parquet",0,0,0,0,"InMemoryFileIndex(1 paths)[s3a://goes-se-sandbox/data/warehouse/tablespace/external/hive/demo_pauldefusco.db/trs_v25]","IsNotNull(transaction_id), IsNotNull(fraud_flag), LessThan(transaction_id,12500000000), EqualTo(fraud_flag,1), IsNotNull(merchant_category)","transaction_id:bigint,customer_id:bigint,account_id:bigint,merchant_id:bigint,branch_id:bigint,transaction_date:date,merchant_category:string,transaction_amount:double,fraud_flag:int","isnotnull(transaction_id#3775L), isnotnull(fraud_flag#3787), (transaction_id#3775L < 12500000000), (fraud_flag#3787 = 1), isnotnull(merchant_category#3782)","",false
1,33,54,"Parquet",0,0,0,0,"InMemoryFileIndex(1 paths)[s3a://goes-se-sandbox/data/warehouse/tablespace/external/hive/demo_pauldefusco.db/trs_v25]","IsNotNull(transaction_id), LessThan(transaction_id,12500000000)","transaction_id:bigint,customer_id:bigint,account_id:bigint,merchant_id:bigint,branch_id:bigint,transaction_date:date,merchant_category:string,transaction_amount:double,payment_channel:string,payment_type:string,device_type:string,fraud_flag:int","isnotnull(transaction_id#0L), (transaction_id#0L < 12500000000)","",false
1,33,186,"Parquet",0,0,0,0,"InMemoryFileIndex(1 paths)[s3a://goes-se-sandbox/data/warehouse/tablespace/external/hive/demo_pauldefusco.db/trs_v25]","IsNotNull(transaction_id), LessThan(transaction_id,12500000000), IsNotNull(customer_id)","transaction_id:bigint,customer_id:bigint,account_id:bigint,merchant_id:bigint,branch_id:bigint,transaction_date:date,transaction_amount:double,fraud_flag:int","isnotnull(transaction_id#2183L), (transaction_id#2183L < 12500000000), isnotnull(customer_id#2184L)","",false
1,33,239,"Parquet",0,0,0,0,"InMemoryFileIndex(1 paths)[s3a://goes-se-sandbox/data/warehouse/tablespace/external/hive/demo_pauldefusco.db/trs_v25]","IsNotNull(transaction_id), LessThan(transaction_id,12500000000), IsNotNull(account_id)","transaction_id:bigint,customer_id:bigint,account_id:bigint,merchant_id:bigint,branch_id:bigint,transaction_date:date,transaction_amount:double,fraud_flag:int","isnotnull(transaction_id#2307L), (transaction_id#2307L < 12500000000), isnotnull(account_id#2309L)","",false
1,33,465,"Parquet",0,0,0,0,"InMemoryFileIndex(1 paths)[s3a://goes-se-sandbox/data/warehouse/tablespace/external/hive/demo_pauldefusco.db/trs_v25]","IsNotNull(transaction_id), LessThan(transaction_id,12500000000)","transaction_id:bigint,customer_id:bigint,account_id:bigint,merchant_id:bigint,branch_id:bigint,transaction_date:date,transaction_amount:double,fraud_flag:int","isnotnull(transaction_id#3642L), (transaction_id#3642L < 12500000000)","",false
1,33,371,"Parquet",0,0,0,0,"InMemoryFileIndex(1 paths)[s3a://goes-se-sandbox/data/warehouse/tablespace/external/hive/demo_pauldefusco.db/trs_v25]","IsNotNull(transaction_id), LessThan(transaction_id,12500000000), IsNotNull(payment_channel), IsNotNull(payment_type), IsNotNull(device_type)","transaction_id:bigint,customer_id:bigint,account_id:bigint,merchant_id:bigint,branch_id:bigint,transaction_date:date,transaction_amount:double,payment_channel:string,payment_type:string,device_type:string,fraud_flag:int","isnotnull(transaction_id#3237L), (transaction_id#3237L < 12500000000), isnotnull(payment_channel#3246), isnotnull(payment_type#3247), isnotnull(device_type#3248)","",false
1,34,298,"Parquet",0,0,0,0,"InMemoryFileIndex(1 paths)[s3a://goes-se-sandbox/data/warehouse/tablespace/external/hive/demo_pauldefusco.db/accounts_skewed]","IsNotNull(account_id)","account_id:bigint","isnotnull(account_id#2948L)","",false
1,34,140,"Parquet",0,0,0,0,"InMemoryFileIndex(1 paths)[s3a://goes-se-sandbox/data/warehouse/tablespace/external/hive/demo_pauldefusco.db/accounts_skewed]","IsNotNull(account_id), IsNotNull(account_type)","account_id:bigint,account_type:string,account_status:string","isnotnull(account_id#2676L), isnotnull(account_type#2677)","",false
1,34,70,"Parquet",0,0,0,0,"InMemoryFileIndex(1 paths)[s3a://goes-se-sandbox/data/warehouse/tablespace/external/hive/demo_pauldefusco.db/accounts_skewed]","IsNotNull(account_id)","account_id:bigint,account_type:string,account_status:string,current_balance:double,credit_limit:double,interest_rate:double","isnotnull(account_id#52L)","",false
1,34,253,"Parquet",0,0,0,0,"InMemoryFileIndex(1 paths)[s3a://goes-se-sandbox/data/warehouse/tablespace/external/hive/demo_pauldefusco.db/accounts_skewed]","IsNotNull(account_id), IsNotNull(account_type), IsNotNull(account_status)","account_id:bigint,account_type:string,account_status:string,current_balance:double,credit_limit:double,interest_rate:double","isnotnull(account_id#2333L), isnotnull(account_type#2334), isnotnull(account_status#2336)","",false
1,34,202,"Parquet",0,0,0,0,"InMemoryFileIndex(1 paths)[s3a://goes-se-sandbox/data/warehouse/tablespace/external/hive/demo_pauldefusco.db/accounts_skewed]","IsNotNull(account_id)","account_id:bigint,current_balance:double,interest_rate:double","isnotnull(account_id#2209L)","",false
1,34,150,"Parquet",0,0,0,0,"InMemoryFileIndex(1 paths)[s3a://goes-se-sandbox/data/warehouse/tablespace/external/hive/demo_pauldefusco.db/branches_skewed]","IsNotNull(branch_id)","branch_id:bigint","isnotnull(branch_id#2695L)","",false
1,34,80,"Parquet",0,0,0,0,"InMemoryFileIndex(1 paths)[s3a://goes-se-sandbox/data/warehouse/tablespace/external/hive/demo_pauldefusco.db/branches_skewed]","IsNotNull(branch_id)","branch_id:bigint,region:string,branch_type:string","isnotnull(branch_id#91L)","",false
1,34,436,"Parquet",0,0,0,0,"InMemoryFileIndex(1 paths)[s3a://goes-se-sandbox/data/warehouse/tablespace/external/hive/demo_pauldefusco.db/branches_skewed]","IsNotNull(branch_id), IsNotNull(region), IsNotNull(branch_type)","branch_id:bigint,region:string,branch_type:string","isnotnull(branch_id#4015L), isnotnull(region#4018), isnotnull(branch_type#4019)","",false
1,34,482,"Parquet",0,0,0,0,"InMemoryFileIndex(1 paths)[s3a://goes-se-sandbox/data/warehouse/tablespace/external/hive/demo_pauldefusco.db/branches_skewed]","IsNotNull(branch_id), IsNotNull(region), IsNotNull(branch_type)","branch_id:bigint,region:string,branch_type:string,assets_under_management:double,annual_operating_cost:double","isnotnull(branch_id#3687L), isnotnull(region#3690), isnotnull(branch_type#3691)","",false
1,34,155,"Parquet",0,0,0,0,"InMemoryFileIndex(1 paths)[s3a://goes-se-sandbox/data/warehouse/tablespace/external/hive/demo_pauldefusco.db/calendar]","IsNotNull(calendar_date), IsNotNull(year), IsNotNull(month)","calendar_date:date,year:int,month:int","isnotnull(calendar_date#2706), isnotnull(year#2708), isnotnull(month#2710)","",false
1,34,212,"Parquet",0,0,0,0,"InMemoryFileIndex(1 paths)[s3a://goes-se-sandbox/data/warehouse/tablespace/external/hive/demo_pauldefusco.db/calendar]","IsNotNull(calendar_date), IsNotNull(year), IsNotNull(month)","calendar_date:date,year:int,month:int,is_weekend:boolean","isnotnull(calendar_date#2239), isnotnull(year#2241), isnotnull(month#2243)","",false
1,34,308,"Parquet",0,0,0,0,"InMemoryFileIndex(1 paths)[s3a://goes-se-sandbox/data/warehouse/tablespace/external/hive/demo_pauldefusco.db/calendar]","IsNotNull(calendar_date), IsNotNull(year), IsNotNull(quarter)","calendar_date:date,year:int,quarter:int","isnotnull(calendar_date#2978), isnotnull(year#2980), isnotnull(quarter#2981)","",false
1,34,348,"Parquet",0,0,0,0,"InMemoryFileIndex(1 paths)[s3a://goes-se-sandbox/data/warehouse/tablespace/external/hive/demo_pauldefusco.db/calendar]","IsNotNull(calendar_date), IsNotNull(year), IsNotNull(quarter)","calendar_date:date,year:int,quarter:int,is_weekend:boolean","isnotnull(calendar_date#2556), isnotnull(year#2558), isnotnull(quarter#2559)","",false
1,34,85,"Parquet",0,0,0,0,"InMemoryFileIndex(1 paths)[s3a://goes-se-sandbox/data/warehouse/tablespace/external/hive/demo_pauldefusco.db/calendar]","IsNotNull(calendar_date)","calendar_date:date,year:int,quarter:int,month:int,is_weekend:boolean","isnotnull(calendar_date#113)","",false
1,34,291,"Parquet",0,0,0,0,"InMemoryFileIndex(1 paths)[s3a://goes-se-sandbox/data/warehouse/tablespace/external/hive/demo_pauldefusco.db/customers_skewed]","IsNotNull(customer_id)","customer_id:bigint","isnotnull(customer_id#2937L)","",false
1,34,246,"Parquet",0,0,0,0,"InMemoryFileIndex(1 paths)[s3a://goes-se-sandbox/data/warehouse/tablespace/external/hive/demo_pauldefusco.db/customers_skewed]","IsNotNull(customer_id)","customer_id:bigint,credit_score:int","isnotnull(customer_id#2322L)","",false
1,34,475,"Parquet",0,0,0,0,"InMemoryFileIndex(1 paths)[s3a://goes-se-sandbox/data/warehouse/tablespace/external/hive/demo_pauldefusco.db/customers_skewed]","IsNotNull(customer_id), IsNotNull(customer_segment), IsNotNull(income_band)","customer_id:bigint,credit_score:int,income_band:string,customer_segment:string","isnotnull(customer_id#3657L), isnotnull(customer_segment#3664), isnotnull(income_band#3662)","",false
1,34,195,"Parquet",0,0,0,0,"InMemoryFileIndex(1 paths)[s3a://goes-se-sandbox/data/warehouse/tablespace/external/hive/demo_pauldefusco.db/customers_skewed]","IsNotNull(customer_id), IsNotNull(customer_segment), IsNotNull(income_band), IsNotNull(risk_rating)","customer_id:bigint,credit_score:int,income_band:string,customer_segment:string,risk_rating:string","isnotnull(customer_id#2198L), isnotnull(customer_segment#2205), isnotnull(income_band#2203), isnotnull(risk_rating#2207)","",false
1,34,63,"Parquet",0,0,0,0,"InMemoryFileIndex(1 paths)[s3a://goes-se-sandbox/data/warehouse/tablespace/external/hive/demo_pauldefusco.db/customers_skewed]","IsNotNull(customer_id)","customer_id:bigint,credit_score:int,income_band:string,estimated_income:double,customer_segment:string,risk_rating:string","isnotnull(customer_id#31L)","",false
1,34,424,"Parquet",0,0,0,0,"InMemoryFileIndex(1 paths)[s3a://goes-se-sandbox/data/warehouse/tablespace/external/hive/demo_pauldefusco.db/customers_skewed]","IsNotNull(customer_id), IsNotNull(customer_segment), IsNotNull(income_band)","customer_id:bigint,income_band:string,customer_segment:string","isnotnull(customer_id#3985L), isnotnull(customer_segment#3992), isnotnull(income_band#3990)","",false
1,34,133,"Parquet",0,0,0,0,"InMemoryFileIndex(1 paths)[s3a://goes-se-sandbox/data/warehouse/tablespace/external/hive/demo_pauldefusco.db/customers_skewed]","IsNotNull(customer_id), IsNotNull(customer_segment), IsNotNull(income_band), IsNotNull(risk_rating)","customer_id:bigint,income_band:string,customer_segment:string,risk_rating:string","isnotnull(customer_id#2665L), isnotnull(customer_segment#2672), isnotnull(income_band#2670), isnotnull(risk_rating#2674)","",false
1,34,145,"Parquet",0,0,0,0,"InMemoryFileIndex(1 paths)[s3a://goes-se-sandbox/data/warehouse/tablespace/external/hive/demo_pauldefusco.db/merchants_skewed]","IsNotNull(merchant_id)","merchant_id:bigint","isnotnull(merchant_id#2685L)","",false
1,34,431,"Parquet",0,0,0,0,"InMemoryFileIndex(1 paths)[s3a://goes-se-sandbox/data/warehouse/tablespace/external/hive/demo_pauldefusco.db/merchants_skewed]","IsNotNull(merchant_id), IsNotNull(region)","merchant_id:bigint,region:string","isnotnull(merchant_id#4005L), isnotnull(region#4007)","",false
1,34,515,"Parquet",0,0,0,0,"InMemoryFileIndex(1 paths)[s3a://goes-se-sandbox/data/warehouse/tablespace/external/hive/demo_pauldefusco.db/merchants_skewed]","IsNotNull(merchant_id), IsNotNull(region)","merchant_id:bigint,region:string,risk_level:string","isnotnull(merchant_id#3810L), isnotnull(region#3812)","",false
1,34,343,"Parquet",0,0,0,0,"InMemoryFileIndex(1 paths)[s3a://goes-se-sandbox/data/warehouse/tablespace/external/hive/demo_pauldefusco.db/merchants_skewed]","IsNotNull(merchant_id), IsNotNull(region), IsNotNull(risk_level), IsNotNull(merchant_size)","merchant_id:bigint,region:string,risk_level:string,annual_revenue:double,merchant_size:string","isnotnull(merchant_id#2535L), isnotnull(region#2537), isnotnull(risk_level#2540), isnotnull(merchant_size#2542)","",false
1,34,75,"Parquet",0,0,0,0,"InMemoryFileIndex(1 paths)[s3a://goes-se-sandbox/data/warehouse/tablespace/external/hive/demo_pauldefusco.db/merchants_skewed]","IsNotNull(merchant_id)","merchant_id:bigint,region:string,risk_level:string,merchant_size:string","isnotnull(merchant_id#71L)","",false
1,34,303,"Parquet",0,0,0,0,"InMemoryFileIndex(1 paths)[s3a://goes-se-sandbox/data/warehouse/tablespace/external/hive/demo_pauldefusco.db/merchants_skewed]","IsNotNull(merchant_id), IsNotNull(region)","merchant_id:bigint,region:string,risk_level:string,merchant_size:string","isnotnull(merchant_id#2957L), isnotnull(region#2959)","",false
1,34,207,"Parquet",0,0,0,0,"InMemoryFileIndex(1 paths)[s3a://goes-se-sandbox/data/warehouse/tablespace/external/hive/demo_pauldefusco.db/merchants_skewed]","IsNotNull(merchant_id)","merchant_id:bigint,risk_level:string","isnotnull(merchant_id#2218L)","",false
1,34,126,"Parquet",0,0,0,0,"InMemoryFileIndex(1 paths)[s3a://goes-se-sandbox/data/warehouse/tablespace/external/hive/demo_pauldefusco.db/trs_v25]","IsNotNull(transaction_id), LessThan(transaction_id,12500000000), IsNotNull(customer_id), IsNotNull(account_id)","transaction_id:bigint,customer_id:bigint,account_id:bigint,merchant_id:bigint,branch_id:bigint,transaction_date:date","isnotnull(transaction_id#2650L), (transaction_id#2650L < 12500000000), isnotnull(customer_id#2651L), isnotnull(account_id#2652L)","",false
1,34,286,"Parquet",0,0,0,0,"InMemoryFileIndex(1 paths)[s3a://goes-se-sandbox/data/warehouse/tablespace/external/hive/demo_pauldefusco.db/trs_v25]","IsNotNull(transaction_id), LessThan(transaction_id,12500000000), IsNotNull(customer_id), IsNotNull(merchant_id), IsNotNull(merchant_category)","transaction_id:bigint,customer_id:bigint,account_id:bigint,merchant_id:bigint,branch_id:bigint,transaction_date:date,merchant_category:string","isnotnull(transaction_id#2922L), (transaction_id#2922L < 12500000000), isnotnull(customer_id#2923L), isnotnull(merchant_id#2925L), isnotnull(merchant_category#2929)","",false
1,34,417,"Parquet",0,0,0,0,"InMemoryFileIndex(1 paths)[s3a://goes-se-sandbox/data/warehouse/tablespace/external/hive/demo_pauldefusco.db/trs_v25]","IsNotNull(transaction_id), LessThan(transaction_id,12500000000), IsNotNull(merchant_category)","transaction_id:bigint,customer_id:bigint,account_id:bigint,merchant_id:bigint,branch_id:bigint,transaction_date:date,merchant_category:string","isnotnull(transaction_id#3970L), (transaction_id#3970L < 12500000000), isnotnull(merchant_category#3977)","",false
1,34,336,"Parquet",0,0,0,0,"InMemoryFileIndex(1 paths)[s3a://goes-se-sandbox/data/warehouse/tablespace/external/hive/demo_pauldefusco.db/trs_v25]","IsNotNull(transaction_id), LessThan(transaction_id,12500000000), IsNotNull(merchant_id), IsNotNull(merchant_category)","transaction_id:bigint,customer_id:bigint,account_id:bigint,merchant_id:bigint,branch_id:bigint,transaction_date:date,merchant_category:string,transaction_amount:double,fraud_flag:int","isnotnull(transaction_id#2500L), (transaction_id#2500L < 12500000000), isnotnull(merchant_id#2503L), isnotnull(merchant_category#2507)","",false
1,34,508,"Parquet",0,0,0,0,"InMemoryFileIndex(1 paths)[s3a://goes-se-sandbox/data/warehouse/tablespace/external/hive/demo_pauldefusco.db/trs_v25]","IsNotNull(transaction_id), IsNotNull(fraud_flag), LessThan(transaction_id,12500000000), EqualTo(fraud_flag,1), IsNotNull(merchant_category)","transaction_id:bigint,customer_id:bigint,account_id:bigint,merchant_id:bigint,branch_id:bigint,transaction_date:date,merchant_category:string,transaction_amount:double,fraud_flag:int","isnotnull(transaction_id#3775L), isnotnull(fraud_flag#3787), (transaction_id#3775L < 12500000000), (fraud_flag#3787 = 1), isnotnull(merchant_category#3782)","",false
1,34,56,"Parquet",0,0,0,0,"InMemoryFileIndex(1 paths)[s3a://goes-se-sandbox/data/warehouse/tablespace/external/hive/demo_pauldefusco.db/trs_v25]","IsNotNull(transaction_id), LessThan(transaction_id,12500000000)","transaction_id:bigint,customer_id:bigint,account_id:bigint,merchant_id:bigint,branch_id:bigint,transaction_date:date,merchant_category:string,transaction_amount:double,payment_channel:string,payment_type:string,device_type:string,fraud_flag:int","isnotnull(transaction_id#0L), (transaction_id#0L < 12500000000)","",false
1,34,188,"Parquet",0,0,0,0,"InMemoryFileIndex(1 paths)[s3a://goes-se-sandbox/data/warehouse/tablespace/external/hive/demo_pauldefusco.db/trs_v25]","IsNotNull(transaction_id), LessThan(transaction_id,12500000000), IsNotNull(customer_id)","transaction_id:bigint,customer_id:bigint,account_id:bigint,merchant_id:bigint,branch_id:bigint,transaction_date:date,transaction_amount:double,fraud_flag:int","isnotnull(transaction_id#2183L), (transaction_id#2183L < 12500000000), isnotnull(customer_id#2184L)","",false
1,34,241,"Parquet",0,0,0,0,"InMemoryFileIndex(1 paths)[s3a://goes-se-sandbox/data/warehouse/tablespace/external/hive/demo_pauldefusco.db/trs_v25]","IsNotNull(transaction_id), LessThan(transaction_id,12500000000), IsNotNull(account_id)","transaction_id:bigint,customer_id:bigint,account_id:bigint,merchant_id:bigint,branch_id:bigint,transaction_date:date,transaction_amount:double,fraud_flag:int","isnotnull(transaction_id#2307L), (transaction_id#2307L < 12500000000), isnotnull(account_id#2309L)","",false
1,34,468,"Parquet",0,0,0,0,"InMemoryFileIndex(1 paths)[s3a://goes-se-sandbox/data/warehouse/tablespace/external/hive/demo_pauldefusco.db/trs_v25]","IsNotNull(transaction_id), LessThan(transaction_id,12500000000)","transaction_id:bigint,customer_id:bigint,account_id:bigint,merchant_id:bigint,branch_id:bigint,transaction_date:date,transaction_amount:double,fraud_flag:int","isnotnull(transaction_id#3642L), (transaction_id#3642L < 12500000000)","",false
1,34,374,"Parquet",0,0,0,0,"InMemoryFileIndex(1 paths)[s3a://goes-se-sandbox/data/warehouse/tablespace/external/hive/demo_pauldefusco.db/trs_v25]","IsNotNull(transaction_id), LessThan(transaction_id,12500000000), IsNotNull(payment_channel), IsNotNull(payment_type), IsNotNull(device_type)","transaction_id:bigint,customer_id:bigint,account_id:bigint,merchant_id:bigint,branch_id:bigint,transaction_date:date,transaction_amount:double,payment_channel:string,payment_type:string,device_type:string,fraud_flag:int","isnotnull(transaction_id#3237L), (transaction_id#3237L < 12500000000), isnotnull(payment_channel#3246), isnotnull(payment_type#3247), isnotnull(device_type#3248)","",false
1,35,300,"Parquet",0,0,0,0,"InMemoryFileIndex(1 paths)[s3a://goes-se-sandbox/data/warehouse/tablespace/external/hive/demo_pauldefusco.db/accounts_skewed]","IsNotNull(account_id)","account_id:bigint","isnotnull(account_id#2948L)","",false
1,35,142,"Parquet",0,0,0,0,"InMemoryFileIndex(1 paths)[s3a://goes-se-sandbox/data/warehouse/tablespace/external/hive/demo_pauldefusco.db/accounts_skewed]","IsNotNull(account_id), IsNotNull(account_type)","account_id:bigint,account_type:string,account_status:string","isnotnull(account_id#2676L), isnotnull(account_type#2677)","",false
1,35,72,"Parquet",0,0,0,0,"InMemoryFileIndex(1 paths)[s3a://goes-se-sandbox/data/warehouse/tablespace/external/hive/demo_pauldefusco.db/accounts_skewed]","IsNotNull(account_id)","account_id:bigint,account_type:string,account_status:string,current_balance:double,credit_limit:double,interest_rate:double","isnotnull(account_id#52L)","",false
1,35,255,"Parquet",0,0,0,0,"InMemoryFileIndex(1 paths)[s3a://goes-se-sandbox/data/warehouse/tablespace/external/hive/demo_pauldefusco.db/accounts_skewed]","IsNotNull(account_id), IsNotNull(account_type), IsNotNull(account_status)","account_id:bigint,account_type:string,account_status:string,current_balance:double,credit_limit:double,interest_rate:double","isnotnull(account_id#2333L), isnotnull(account_type#2334), isnotnull(account_status#2336)","",false
1,35,204,"Parquet",0,0,0,0,"InMemoryFileIndex(1 paths)[s3a://goes-se-sandbox/data/warehouse/tablespace/external/hive/demo_pauldefusco.db/accounts_skewed]","IsNotNull(account_id)","account_id:bigint,current_balance:double,interest_rate:double","isnotnull(account_id#2209L)","",false
1,35,152,"Parquet",0,0,0,0,"InMemoryFileIndex(1 paths)[s3a://goes-se-sandbox/data/warehouse/tablespace/external/hive/demo_pauldefusco.db/branches_skewed]","IsNotNull(branch_id)","branch_id:bigint","isnotnull(branch_id#2695L)","",false
1,35,82,"Parquet",0,0,0,0,"InMemoryFileIndex(1 paths)[s3a://goes-se-sandbox/data/warehouse/tablespace/external/hive/demo_pauldefusco.db/branches_skewed]","IsNotNull(branch_id)","branch_id:bigint,region:string,branch_type:string","isnotnull(branch_id#91L)","",false
1,35,439,"Parquet",0,0,0,0,"InMemoryFileIndex(1 paths)[s3a://goes-se-sandbox/data/warehouse/tablespace/external/hive/demo_pauldefusco.db/branches_skewed]","IsNotNull(branch_id), IsNotNull(region), IsNotNull(branch_type)","branch_id:bigint,region:string,branch_type:string","isnotnull(branch_id#4015L), isnotnull(region#4018), isnotnull(branch_type#4019)","",false
1,35,485,"Parquet",0,0,0,0,"InMemoryFileIndex(1 paths)[s3a://goes-se-sandbox/data/warehouse/tablespace/external/hive/demo_pauldefusco.db/branches_skewed]","IsNotNull(branch_id), IsNotNull(region), IsNotNull(branch_type)","branch_id:bigint,region:string,branch_type:string,assets_under_management:double,annual_operating_cost:double","isnotnull(branch_id#3687L), isnotnull(region#3690), isnotnull(branch_type#3691)","",false
1,35,157,"Parquet",0,0,0,0,"InMemoryFileIndex(1 paths)[s3a://goes-se-sandbox/data/warehouse/tablespace/external/hive/demo_pauldefusco.db/calendar]","IsNotNull(calendar_date), IsNotNull(year), IsNotNull(month)","calendar_date:date,year:int,month:int","isnotnull(calendar_date#2706), isnotnull(year#2708), isnotnull(month#2710)","",false
1,35,214,"Parquet",0,0,0,0,"InMemoryFileIndex(1 paths)[s3a://goes-se-sandbox/data/warehouse/tablespace/external/hive/demo_pauldefusco.db/calendar]","IsNotNull(calendar_date), IsNotNull(year), IsNotNull(month)","calendar_date:date,year:int,month:int,is_weekend:boolean","isnotnull(calendar_date#2239), isnotnull(year#2241), isnotnull(month#2243)","",false
1,35,310,"Parquet",0,0,0,0,"InMemoryFileIndex(1 paths)[s3a://goes-se-sandbox/data/warehouse/tablespace/external/hive/demo_pauldefusco.db/calendar]","IsNotNull(calendar_date), IsNotNull(year), IsNotNull(quarter)","calendar_date:date,year:int,quarter:int","isnotnull(calendar_date#2978), isnotnull(year#2980), isnotnull(quarter#2981)","",false
1,35,350,"Parquet",0,0,0,0,"InMemoryFileIndex(1 paths)[s3a://goes-se-sandbox/data/warehouse/tablespace/external/hive/demo_pauldefusco.db/calendar]","IsNotNull(calendar_date), IsNotNull(year), IsNotNull(quarter)","calendar_date:date,year:int,quarter:int,is_weekend:boolean","isnotnull(calendar_date#2556), isnotnull(year#2558), isnotnull(quarter#2559)","",false
1,35,87,"Parquet",0,0,0,0,"InMemoryFileIndex(1 paths)[s3a://goes-se-sandbox/data/warehouse/tablespace/external/hive/demo_pauldefusco.db/calendar]","IsNotNull(calendar_date)","calendar_date:date,year:int,quarter:int,month:int,is_weekend:boolean","isnotnull(calendar_date#113)","",false
1,35,293,"Parquet",0,0,0,0,"InMemoryFileIndex(1 paths)[s3a://goes-se-sandbox/data/warehouse/tablespace/external/hive/demo_pauldefusco.db/customers_skewed]","IsNotNull(customer_id)","customer_id:bigint","isnotnull(customer_id#2937L)","",false
1,35,248,"Parquet",0,0,0,0,"InMemoryFileIndex(1 paths)[s3a://goes-se-sandbox/data/warehouse/tablespace/external/hive/demo_pauldefusco.db/customers_skewed]","IsNotNull(customer_id)","customer_id:bigint,credit_score:int","isnotnull(customer_id#2322L)","",false
1,35,478,"Parquet",0,0,0,0,"InMemoryFileIndex(1 paths)[s3a://goes-se-sandbox/data/warehouse/tablespace/external/hive/demo_pauldefusco.db/customers_skewed]","IsNotNull(customer_id), IsNotNull(customer_segment), IsNotNull(income_band)","customer_id:bigint,credit_score:int,income_band:string,customer_segment:string","isnotnull(customer_id#3657L), isnotnull(customer_segment#3664), isnotnull(income_band#3662)","",false
1,35,197,"Parquet",0,0,0,0,"InMemoryFileIndex(1 paths)[s3a://goes-se-sandbox/data/warehouse/tablespace/external/hive/demo_pauldefusco.db/customers_skewed]","IsNotNull(customer_id), IsNotNull(customer_segment), IsNotNull(income_band), IsNotNull(risk_rating)","customer_id:bigint,credit_score:int,income_band:string,customer_segment:string,risk_rating:string","isnotnull(customer_id#2198L), isnotnull(customer_segment#2205), isnotnull(income_band#2203), isnotnull(risk_rating#2207)","",false
1,35,65,"Parquet",0,0,0,0,"InMemoryFileIndex(1 paths)[s3a://goes-se-sandbox/data/warehouse/tablespace/external/hive/demo_pauldefusco.db/customers_skewed]","IsNotNull(customer_id)","customer_id:bigint,credit_score:int,income_band:string,estimated_income:double,customer_segment:string,risk_rating:string","isnotnull(customer_id#31L)","",false
1,35,427,"Parquet",0,0,0,0,"InMemoryFileIndex(1 paths)[s3a://goes-se-sandbox/data/warehouse/tablespace/external/hive/demo_pauldefusco.db/customers_skewed]","IsNotNull(customer_id), IsNotNull(customer_segment), IsNotNull(income_band)","customer_id:bigint,income_band:string,customer_segment:string","isnotnull(customer_id#3985L), isnotnull(customer_segment#3992), isnotnull(income_band#3990)","",false
1,35,135,"Parquet",0,0,0,0,"InMemoryFileIndex(1 paths)[s3a://goes-se-sandbox/data/warehouse/tablespace/external/hive/demo_pauldefusco.db/customers_skewed]","IsNotNull(customer_id), IsNotNull(customer_segment), IsNotNull(income_band), IsNotNull(risk_rating)","customer_id:bigint,income_band:string,customer_segment:string,risk_rating:string","isnotnull(customer_id#2665L), isnotnull(customer_segment#2672), isnotnull(income_band#2670), isnotnull(risk_rating#2674)","",false
1,35,147,"Parquet",0,0,0,0,"InMemoryFileIndex(1 paths)[s3a://goes-se-sandbox/data/warehouse/tablespace/external/hive/demo_pauldefusco.db/merchants_skewed]","IsNotNull(merchant_id)","merchant_id:bigint","isnotnull(merchant_id#2685L)","",false
1,35,434,"Parquet",0,0,0,0,"InMemoryFileIndex(1 paths)[s3a://goes-se-sandbox/data/warehouse/tablespace/external/hive/demo_pauldefusco.db/merchants_skewed]","IsNotNull(merchant_id), IsNotNull(region)","merchant_id:bigint,region:string","isnotnull(merchant_id#4005L), isnotnull(region#4007)","",false
1,35,518,"Parquet",0,0,0,0,"InMemoryFileIndex(1 paths)[s3a://goes-se-sandbox/data/warehouse/tablespace/external/hive/demo_pauldefusco.db/merchants_skewed]","IsNotNull(merchant_id), IsNotNull(region)","merchant_id:bigint,region:string,risk_level:string","isnotnull(merchant_id#3810L), isnotnull(region#3812)","",false
1,35,345,"Parquet",0,0,0,0,"InMemoryFileIndex(1 paths)[s3a://goes-se-sandbox/data/warehouse/tablespace/external/hive/demo_pauldefusco.db/merchants_skewed]","IsNotNull(merchant_id), IsNotNull(region), IsNotNull(risk_level), IsNotNull(merchant_size)","merchant_id:bigint,region:string,risk_level:string,annual_revenue:double,merchant_size:string","isnotnull(merchant_id#2535L), isnotnull(region#2537), isnotnull(risk_level#2540), isnotnull(merchant_size#2542)","",false
1,35,77,"Parquet",0,0,0,0,"InMemoryFileIndex(1 paths)[s3a://goes-se-sandbox/data/warehouse/tablespace/external/hive/demo_pauldefusco.db/merchants_skewed]","IsNotNull(merchant_id)","merchant_id:bigint,region:string,risk_level:string,merchant_size:string","isnotnull(merchant_id#71L)","",false
1,35,305,"Parquet",0,0,0,0,"InMemoryFileIndex(1 paths)[s3a://goes-se-sandbox/data/warehouse/tablespace/external/hive/demo_pauldefusco.db/merchants_skewed]","IsNotNull(merchant_id), IsNotNull(region)","merchant_id:bigint,region:string,risk_level:string,merchant_size:string","isnotnull(merchant_id#2957L), isnotnull(region#2959)","",false
1,35,209,"Parquet",0,0,0,0,"InMemoryFileIndex(1 paths)[s3a://goes-se-sandbox/data/warehouse/tablespace/external/hive/demo_pauldefusco.db/merchants_skewed]","IsNotNull(merchant_id)","merchant_id:bigint,risk_level:string","isnotnull(merchant_id#2218L)","",false
1,35,128,"Parquet",0,0,0,0,"InMemoryFileIndex(1 paths)[s3a://goes-se-sandbox/data/warehouse/tablespace/external/hive/demo_pauldefusco.db/trs_v25]","IsNotNull(transaction_id), LessThan(transaction_id,12500000000), IsNotNull(customer_id), IsNotNull(account_id)","transaction_id:bigint,customer_id:bigint,account_id:bigint,merchant_id:bigint,branch_id:bigint,transaction_date:date","isnotnull(transaction_id#2650L), (transaction_id#2650L < 12500000000), isnotnull(customer_id#2651L), isnotnull(account_id#2652L)","",false
1,35,288,"Parquet",0,0,0,0,"InMemoryFileIndex(1 paths)[s3a://goes-se-sandbox/data/warehouse/tablespace/external/hive/demo_pauldefusco.db/trs_v25]","IsNotNull(transaction_id), LessThan(transaction_id,12500000000), IsNotNull(customer_id), IsNotNull(merchant_id), IsNotNull(merchant_category)","transaction_id:bigint,customer_id:bigint,account_id:bigint,merchant_id:bigint,branch_id:bigint,transaction_date:date,merchant_category:string","isnotnull(transaction_id#2922L), (transaction_id#2922L < 12500000000), isnotnull(customer_id#2923L), isnotnull(merchant_id#2925L), isnotnull(merchant_category#2929)","",false
1,35,420,"Parquet",0,0,0,0,"InMemoryFileIndex(1 paths)[s3a://goes-se-sandbox/data/warehouse/tablespace/external/hive/demo_pauldefusco.db/trs_v25]","IsNotNull(transaction_id), LessThan(transaction_id,12500000000), IsNotNull(merchant_category)","transaction_id:bigint,customer_id:bigint,account_id:bigint,merchant_id:bigint,branch_id:bigint,transaction_date:date,merchant_category:string","isnotnull(transaction_id#3970L), (transaction_id#3970L < 12500000000), isnotnull(merchant_category#3977)","",false
1,35,338,"Parquet",0,0,0,0,"InMemoryFileIndex(1 paths)[s3a://goes-se-sandbox/data/warehouse/tablespace/external/hive/demo_pauldefusco.db/trs_v25]","IsNotNull(transaction_id), LessThan(transaction_id,12500000000), IsNotNull(merchant_id), IsNotNull(merchant_category)","transaction_id:bigint,customer_id:bigint,account_id:bigint,merchant_id:bigint,branch_id:bigint,transaction_date:date,merchant_category:string,transaction_amount:double,fraud_flag:int","isnotnull(transaction_id#2500L), (transaction_id#2500L < 12500000000), isnotnull(merchant_id#2503L), isnotnull(merchant_category#2507)","",false
1,35,511,"Parquet",0,0,0,0,"InMemoryFileIndex(1 paths)[s3a://goes-se-sandbox/data/warehouse/tablespace/external/hive/demo_pauldefusco.db/trs_v25]","IsNotNull(transaction_id), IsNotNull(fraud_flag), LessThan(transaction_id,12500000000), EqualTo(fraud_flag,1), IsNotNull(merchant_category)","transaction_id:bigint,customer_id:bigint,account_id:bigint,merchant_id:bigint,branch_id:bigint,transaction_date:date,merchant_category:string,transaction_amount:double,fraud_flag:int","isnotnull(transaction_id#3775L), isnotnull(fraud_flag#3787), (transaction_id#3775L < 12500000000), (fraud_flag#3787 = 1), isnotnull(merchant_category#3782)","",false
1,35,58,"Parquet",0,0,0,0,"InMemoryFileIndex(1 paths)[s3a://goes-se-sandbox/data/warehouse/tablespace/external/hive/demo_pauldefusco.db/trs_v25]","IsNotNull(transaction_id), LessThan(transaction_id,12500000000)","transaction_id:bigint,customer_id:bigint,account_id:bigint,merchant_id:bigint,branch_id:bigint,transaction_date:date,merchant_category:string,transaction_amount:double,payment_channel:string,payment_type:string,device_type:string,fraud_flag:int","isnotnull(transaction_id#0L), (transaction_id#0L < 12500000000)","",false
1,35,190,"Parquet",0,0,0,0,"InMemoryFileIndex(1 paths)[s3a://goes-se-sandbox/data/warehouse/tablespace/external/hive/demo_pauldefusco.db/trs_v25]","IsNotNull(transaction_id), LessThan(transaction_id,12500000000), IsNotNull(customer_id)","transaction_id:bigint,customer_id:bigint,account_id:bigint,merchant_id:bigint,branch_id:bigint,transaction_date:date,transaction_amount:double,fraud_flag:int","isnotnull(transaction_id#2183L), (transaction_id#2183L < 12500000000), isnotnull(customer_id#2184L)","",false
1,35,243,"Parquet",0,0,0,0,"InMemoryFileIndex(1 paths)[s3a://goes-se-sandbox/data/warehouse/tablespace/external/hive/demo_pauldefusco.db/trs_v25]","IsNotNull(transaction_id), LessThan(transaction_id,12500000000), IsNotNull(account_id)","transaction_id:bigint,customer_id:bigint,account_id:bigint,merchant_id:bigint,branch_id:bigint,transaction_date:date,transaction_amount:double,fraud_flag:int","isnotnull(transaction_id#2307L), (transaction_id#2307L < 12500000000), isnotnull(account_id#2309L)","",false
1,35,471,"Parquet",0,0,0,0,"InMemoryFileIndex(1 paths)[s3a://goes-se-sandbox/data/warehouse/tablespace/external/hive/demo_pauldefusco.db/trs_v25]","IsNotNull(transaction_id), LessThan(transaction_id,12500000000)","transaction_id:bigint,customer_id:bigint,account_id:bigint,merchant_id:bigint,branch_id:bigint,transaction_date:date,transaction_amount:double,fraud_flag:int","isnotnull(transaction_id#3642L), (transaction_id#3642L < 12500000000)","",false
1,35,376,"Parquet",0,0,0,0,"InMemoryFileIndex(1 paths)[s3a://goes-se-sandbox/data/warehouse/tablespace/external/hive/demo_pauldefusco.db/trs_v25]","IsNotNull(transaction_id), LessThan(transaction_id,12500000000), IsNotNull(payment_channel), IsNotNull(payment_type), IsNotNull(device_type)","transaction_id:bigint,customer_id:bigint,account_id:bigint,merchant_id:bigint,branch_id:bigint,transaction_date:date,transaction_amount:double,payment_channel:string,payment_type:string,device_type:string,fraud_flag:int","isnotnull(transaction_id#3237L), (transaction_id#3237L < 12500000000), isnotnull(payment_channel#3246), isnotnull(payment_type#3247), isnotnull(device_type#3248)","",false
1,36,301,"Parquet",0,0,0,0,"InMemoryFileIndex(1 paths)[s3a://goes-se-sandbox/data/warehouse/tablespace/external/hive/demo_pauldefusco.db/accounts_skewed]","IsNotNull(account_id)","account_id:bigint","isnotnull(account_id#2948L)","",false
1,36,143,"Parquet",0,0,0,0,"InMemoryFileIndex(1 paths)[s3a://goes-se-sandbox/data/warehouse/tablespace/external/hive/demo_pauldefusco.db/accounts_skewed]","IsNotNull(account_id), IsNotNull(account_type)","account_id:bigint,account_type:string,account_status:string","isnotnull(account_id#2676L), isnotnull(account_type#2677)","",false
1,36,73,"Parquet",0,0,0,0,"InMemoryFileIndex(1 paths)[s3a://goes-se-sandbox/data/warehouse/tablespace/external/hive/demo_pauldefusco.db/accounts_skewed]","IsNotNull(account_id)","account_id:bigint,account_type:string,account_status:string,current_balance:double,credit_limit:double,interest_rate:double","isnotnull(account_id#52L)","",false
1,36,256,"Parquet",0,0,0,0,"InMemoryFileIndex(1 paths)[s3a://goes-se-sandbox/data/warehouse/tablespace/external/hive/demo_pauldefusco.db/accounts_skewed]","IsNotNull(account_id), IsNotNull(account_type), IsNotNull(account_status)","account_id:bigint,account_type:string,account_status:string,current_balance:double,credit_limit:double,interest_rate:double","isnotnull(account_id#2333L), isnotnull(account_type#2334), isnotnull(account_status#2336)","",false
1,36,205,"Parquet",0,0,0,0,"InMemoryFileIndex(1 paths)[s3a://goes-se-sandbox/data/warehouse/tablespace/external/hive/demo_pauldefusco.db/accounts_skewed]","IsNotNull(account_id)","account_id:bigint,current_balance:double,interest_rate:double","isnotnull(account_id#2209L)","",false
1,36,153,"Parquet",0,0,0,0,"InMemoryFileIndex(1 paths)[s3a://goes-se-sandbox/data/warehouse/tablespace/external/hive/demo_pauldefusco.db/branches_skewed]","IsNotNull(branch_id)","branch_id:bigint","isnotnull(branch_id#2695L)","",false
1,36,83,"Parquet",0,0,0,0,"InMemoryFileIndex(1 paths)[s3a://goes-se-sandbox/data/warehouse/tablespace/external/hive/demo_pauldefusco.db/branches_skewed]","IsNotNull(branch_id)","branch_id:bigint,region:string,branch_type:string","isnotnull(branch_id#91L)","",false
1,36,440,"Parquet",0,0,0,0,"InMemoryFileIndex(1 paths)[s3a://goes-se-sandbox/data/warehouse/tablespace/external/hive/demo_pauldefusco.db/branches_skewed]","IsNotNull(branch_id), IsNotNull(region), IsNotNull(branch_type)","branch_id:bigint,region:string,branch_type:string","isnotnull(branch_id#4015L), isnotnull(region#4018), isnotnull(branch_type#4019)","",false
1,36,486,"Parquet",0,0,0,0,"InMemoryFileIndex(1 paths)[s3a://goes-se-sandbox/data/warehouse/tablespace/external/hive/demo_pauldefusco.db/branches_skewed]","IsNotNull(branch_id), IsNotNull(region), IsNotNull(branch_type)","branch_id:bigint,region:string,branch_type:string,assets_under_management:double,annual_operating_cost:double","isnotnull(branch_id#3687L), isnotnull(region#3690), isnotnull(branch_type#3691)","",false
1,36,158,"Parquet",0,0,0,0,"InMemoryFileIndex(1 paths)[s3a://goes-se-sandbox/data/warehouse/tablespace/external/hive/demo_pauldefusco.db/calendar]","IsNotNull(calendar_date), IsNotNull(year), IsNotNull(month)","calendar_date:date,year:int,month:int","isnotnull(calendar_date#2706), isnotnull(year#2708), isnotnull(month#2710)","",false
1,36,215,"Parquet",0,0,0,0,"InMemoryFileIndex(1 paths)[s3a://goes-se-sandbox/data/warehouse/tablespace/external/hive/demo_pauldefusco.db/calendar]","IsNotNull(calendar_date), IsNotNull(year), IsNotNull(month)","calendar_date:date,year:int,month:int,is_weekend:boolean","isnotnull(calendar_date#2239), isnotnull(year#2241), isnotnull(month#2243)","",false
1,36,311,"Parquet",0,0,0,0,"InMemoryFileIndex(1 paths)[s3a://goes-se-sandbox/data/warehouse/tablespace/external/hive/demo_pauldefusco.db/calendar]","IsNotNull(calendar_date), IsNotNull(year), IsNotNull(quarter)","calendar_date:date,year:int,quarter:int","isnotnull(calendar_date#2978), isnotnull(year#2980), isnotnull(quarter#2981)","",false
1,36,351,"Parquet",0,0,0,0,"InMemoryFileIndex(1 paths)[s3a://goes-se-sandbox/data/warehouse/tablespace/external/hive/demo_pauldefusco.db/calendar]","IsNotNull(calendar_date), IsNotNull(year), IsNotNull(quarter)","calendar_date:date,year:int,quarter:int,is_weekend:boolean","isnotnull(calendar_date#2556), isnotnull(year#2558), isnotnull(quarter#2559)","",false
1,36,88,"Parquet",0,0,0,0,"InMemoryFileIndex(1 paths)[s3a://goes-se-sandbox/data/warehouse/tablespace/external/hive/demo_pauldefusco.db/calendar]","IsNotNull(calendar_date)","calendar_date:date,year:int,quarter:int,month:int,is_weekend:boolean","isnotnull(calendar_date#113)","",false
1,36,294,"Parquet",0,0,0,0,"InMemoryFileIndex(1 paths)[s3a://goes-se-sandbox/data/warehouse/tablespace/external/hive/demo_pauldefusco.db/customers_skewed]","IsNotNull(customer_id)","customer_id:bigint","isnotnull(customer_id#2937L)","",false
1,36,249,"Parquet",0,0,0,0,"InMemoryFileIndex(1 paths)[s3a://goes-se-sandbox/data/warehouse/tablespace/external/hive/demo_pauldefusco.db/customers_skewed]","IsNotNull(customer_id)","customer_id:bigint,credit_score:int","isnotnull(customer_id#2322L)","",false
1,36,479,"Parquet",0,0,0,0,"InMemoryFileIndex(1 paths)[s3a://goes-se-sandbox/data/warehouse/tablespace/external/hive/demo_pauldefusco.db/customers_skewed]","IsNotNull(customer_id), IsNotNull(customer_segment), IsNotNull(income_band)","customer_id:bigint,credit_score:int,income_band:string,customer_segment:string","isnotnull(customer_id#3657L), isnotnull(customer_segment#3664), isnotnull(income_band#3662)","",false
1,36,198,"Parquet",0,0,0,0,"InMemoryFileIndex(1 paths)[s3a://goes-se-sandbox/data/warehouse/tablespace/external/hive/demo_pauldefusco.db/customers_skewed]","IsNotNull(customer_id), IsNotNull(customer_segment), IsNotNull(income_band), IsNotNull(risk_rating)","customer_id:bigint,credit_score:int,income_band:string,customer_segment:string,risk_rating:string","isnotnull(customer_id#2198L), isnotnull(customer_segment#2205), isnotnull(income_band#2203), isnotnull(risk_rating#2207)","",false
1,36,66,"Parquet",0,0,0,0,"InMemoryFileIndex(1 paths)[s3a://goes-se-sandbox/data/warehouse/tablespace/external/hive/demo_pauldefusco.db/customers_skewed]","IsNotNull(customer_id)","customer_id:bigint,credit_score:int,income_band:string,estimated_income:double,customer_segment:string,risk_rating:string","isnotnull(customer_id#31L)","",false
1,36,428,"Parquet",0,0,0,0,"InMemoryFileIndex(1 paths)[s3a://goes-se-sandbox/data/warehouse/tablespace/external/hive/demo_pauldefusco.db/customers_skewed]","IsNotNull(customer_id), IsNotNull(customer_segment), IsNotNull(income_band)","customer_id:bigint,income_band:string,customer_segment:string","isnotnull(customer_id#3985L), isnotnull(customer_segment#3992), isnotnull(income_band#3990)","",false
1,36,136,"Parquet",0,0,0,0,"InMemoryFileIndex(1 paths)[s3a://goes-se-sandbox/data/warehouse/tablespace/external/hive/demo_pauldefusco.db/customers_skewed]","IsNotNull(customer_id), IsNotNull(customer_segment), IsNotNull(income_band), IsNotNull(risk_rating)","customer_id:bigint,income_band:string,customer_segment:string,risk_rating:string","isnotnull(customer_id#2665L), isnotnull(customer_segment#2672), isnotnull(income_band#2670), isnotnull(risk_rating#2674)","",false
1,36,148,"Parquet",0,0,0,0,"InMemoryFileIndex(1 paths)[s3a://goes-se-sandbox/data/warehouse/tablespace/external/hive/demo_pauldefusco.db/merchants_skewed]","IsNotNull(merchant_id)","merchant_id:bigint","isnotnull(merchant_id#2685L)","",false
1,36,435,"Parquet",0,0,0,0,"InMemoryFileIndex(1 paths)[s3a://goes-se-sandbox/data/warehouse/tablespace/external/hive/demo_pauldefusco.db/merchants_skewed]","IsNotNull(merchant_id), IsNotNull(region)","merchant_id:bigint,region:string","isnotnull(merchant_id#4005L), isnotnull(region#4007)","",false
1,36,519,"Parquet",0,0,0,0,"InMemoryFileIndex(1 paths)[s3a://goes-se-sandbox/data/warehouse/tablespace/external/hive/demo_pauldefusco.db/merchants_skewed]","IsNotNull(merchant_id), IsNotNull(region)","merchant_id:bigint,region:string,risk_level:string","isnotnull(merchant_id#3810L), isnotnull(region#3812)","",false
1,36,346,"Parquet",0,0,0,0,"InMemoryFileIndex(1 paths)[s3a://goes-se-sandbox/data/warehouse/tablespace/external/hive/demo_pauldefusco.db/merchants_skewed]","IsNotNull(merchant_id), IsNotNull(region), IsNotNull(risk_level), IsNotNull(merchant_size)","merchant_id:bigint,region:string,risk_level:string,annual_revenue:double,merchant_size:string","isnotnull(merchant_id#2535L), isnotnull(region#2537), isnotnull(risk_level#2540), isnotnull(merchant_size#2542)","",false
1,36,78,"Parquet",0,0,0,0,"InMemoryFileIndex(1 paths)[s3a://goes-se-sandbox/data/warehouse/tablespace/external/hive/demo_pauldefusco.db/merchants_skewed]","IsNotNull(merchant_id)","merchant_id:bigint,region:string,risk_level:string,merchant_size:string","isnotnull(merchant_id#71L)","",false
1,36,306,"Parquet",0,0,0,0,"InMemoryFileIndex(1 paths)[s3a://goes-se-sandbox/data/warehouse/tablespace/external/hive/demo_pauldefusco.db/merchants_skewed]","IsNotNull(merchant_id), IsNotNull(region)","merchant_id:bigint,region:string,risk_level:string,merchant_size:string","isnotnull(merchant_id#2957L), isnotnull(region#2959)","",false
1,36,210,"Parquet",0,0,0,0,"InMemoryFileIndex(1 paths)[s3a://goes-se-sandbox/data/warehouse/tablespace/external/hive/demo_pauldefusco.db/merchants_skewed]","IsNotNull(merchant_id)","merchant_id:bigint,risk_level:string","isnotnull(merchant_id#2218L)","",false
1,36,129,"Parquet",0,0,0,0,"InMemoryFileIndex(1 paths)[s3a://goes-se-sandbox/data/warehouse/tablespace/external/hive/demo_pauldefusco.db/trs_v25]","IsNotNull(transaction_id), LessThan(transaction_id,12500000000), IsNotNull(customer_id), IsNotNull(account_id)","transaction_id:bigint,customer_id:bigint,account_id:bigint,merchant_id:bigint,branch_id:bigint,transaction_date:date","isnotnull(transaction_id#2650L), (transaction_id#2650L < 12500000000), isnotnull(customer_id#2651L), isnotnull(account_id#2652L)","",false
1,36,289,"Parquet",0,0,0,0,"InMemoryFileIndex(1 paths)[s3a://goes-se-sandbox/data/warehouse/tablespace/external/hive/demo_pauldefusco.db/trs_v25]","IsNotNull(transaction_id), LessThan(transaction_id,12500000000), IsNotNull(customer_id), IsNotNull(merchant_id), IsNotNull(merchant_category)","transaction_id:bigint,customer_id:bigint,account_id:bigint,merchant_id:bigint,branch_id:bigint,transaction_date:date,merchant_category:string","isnotnull(transaction_id#2922L), (transaction_id#2922L < 12500000000), isnotnull(customer_id#2923L), isnotnull(merchant_id#2925L), isnotnull(merchant_category#2929)","",false
1,36,421,"Parquet",0,0,0,0,"InMemoryFileIndex(1 paths)[s3a://goes-se-sandbox/data/warehouse/tablespace/external/hive/demo_pauldefusco.db/trs_v25]","IsNotNull(transaction_id), LessThan(transaction_id,12500000000), IsNotNull(merchant_category)","transaction_id:bigint,customer_id:bigint,account_id:bigint,merchant_id:bigint,branch_id:bigint,transaction_date:date,merchant_category:string","isnotnull(transaction_id#3970L), (transaction_id#3970L < 12500000000), isnotnull(merchant_category#3977)","",false
1,36,339,"Parquet",0,0,0,0,"InMemoryFileIndex(1 paths)[s3a://goes-se-sandbox/data/warehouse/tablespace/external/hive/demo_pauldefusco.db/trs_v25]","IsNotNull(transaction_id), LessThan(transaction_id,12500000000), IsNotNull(merchant_id), IsNotNull(merchant_category)","transaction_id:bigint,customer_id:bigint,account_id:bigint,merchant_id:bigint,branch_id:bigint,transaction_date:date,merchant_category:string,transaction_amount:double,fraud_flag:int","isnotnull(transaction_id#2500L), (transaction_id#2500L < 12500000000), isnotnull(merchant_id#2503L), isnotnull(merchant_category#2507)","",false
1,36,512,"Parquet",0,0,0,0,"InMemoryFileIndex(1 paths)[s3a://goes-se-sandbox/data/warehouse/tablespace/external/hive/demo_pauldefusco.db/trs_v25]","IsNotNull(transaction_id), IsNotNull(fraud_flag), LessThan(transaction_id,12500000000), EqualTo(fraud_flag,1), IsNotNull(merchant_category)","transaction_id:bigint,customer_id:bigint,account_id:bigint,merchant_id:bigint,branch_id:bigint,transaction_date:date,merchant_category:string,transaction_amount:double,fraud_flag:int","isnotnull(transaction_id#3775L), isnotnull(fraud_flag#3787), (transaction_id#3775L < 12500000000), (fraud_flag#3787 = 1), isnotnull(merchant_category#3782)","",false
1,36,59,"Parquet",0,0,0,0,"InMemoryFileIndex(1 paths)[s3a://goes-se-sandbox/data/warehouse/tablespace/external/hive/demo_pauldefusco.db/trs_v25]","IsNotNull(transaction_id), LessThan(transaction_id,12500000000)","transaction_id:bigint,customer_id:bigint,account_id:bigint,merchant_id:bigint,branch_id:bigint,transaction_date:date,merchant_category:string,transaction_amount:double,payment_channel:string,payment_type:string,device_type:string,fraud_flag:int","isnotnull(transaction_id#0L), (transaction_id#0L < 12500000000)","",false
1,36,191,"Parquet",0,0,0,0,"InMemoryFileIndex(1 paths)[s3a://goes-se-sandbox/data/warehouse/tablespace/external/hive/demo_pauldefusco.db/trs_v25]","IsNotNull(transaction_id), LessThan(transaction_id,12500000000), IsNotNull(customer_id)","transaction_id:bigint,customer_id:bigint,account_id:bigint,merchant_id:bigint,branch_id:bigint,transaction_date:date,transaction_amount:double,fraud_flag:int","isnotnull(transaction_id#2183L), (transaction_id#2183L < 12500000000), isnotnull(customer_id#2184L)","",false
1,36,244,"Parquet",0,0,0,0,"InMemoryFileIndex(1 paths)[s3a://goes-se-sandbox/data/warehouse/tablespace/external/hive/demo_pauldefusco.db/trs_v25]","IsNotNull(transaction_id), LessThan(transaction_id,12500000000), IsNotNull(account_id)","transaction_id:bigint,customer_id:bigint,account_id:bigint,merchant_id:bigint,branch_id:bigint,transaction_date:date,transaction_amount:double,fraud_flag:int","isnotnull(transaction_id#2307L), (transaction_id#2307L < 12500000000), isnotnull(account_id#2309L)","",false
1,36,472,"Parquet",0,0,0,0,"InMemoryFileIndex(1 paths)[s3a://goes-se-sandbox/data/warehouse/tablespace/external/hive/demo_pauldefusco.db/trs_v25]","IsNotNull(transaction_id), LessThan(transaction_id,12500000000)","transaction_id:bigint,customer_id:bigint,account_id:bigint,merchant_id:bigint,branch_id:bigint,transaction_date:date,transaction_amount:double,fraud_flag:int","isnotnull(transaction_id#3642L), (transaction_id#3642L < 12500000000)","",false
1,36,377,"Parquet",0,0,0,0,"InMemoryFileIndex(1 paths)[s3a://goes-se-sandbox/data/warehouse/tablespace/external/hive/demo_pauldefusco.db/trs_v25]","IsNotNull(transaction_id), LessThan(transaction_id,12500000000), IsNotNull(payment_channel), IsNotNull(payment_type), IsNotNull(device_type)","transaction_id:bigint,customer_id:bigint,account_id:bigint,merchant_id:bigint,branch_id:bigint,transaction_date:date,transaction_amount:double,payment_channel:string,payment_type:string,device_type:string,fraud_flag:int","isnotnull(transaction_id#3237L), (transaction_id#3237L < 12500000000), isnotnull(payment_channel#3246), isnotnull(payment_type#3247), isnotnull(device_type#3248)","",false
1,37,302,"Parquet",0,806666,83622504,0,"InMemoryFileIndex(1 paths)[s3a://goes-se-sandbox/data/warehouse/tablespace/external/hive/demo_pauldefusco.db/accounts_skewed]","IsNotNull(account_id)","account_id:bigint","isnotnull(account_id#2948L)","",true
1,37,144,"Parquet",0,747575,83622504,0,"InMemoryFileIndex(1 paths)[s3a://goes-se-sandbox/data/warehouse/tablespace/external/hive/demo_pauldefusco.db/accounts_skewed]","IsNotNull(account_id), IsNotNull(account_type)","account_id:bigint,account_type:string,account_status:string","isnotnull(account_id#2676L), isnotnull(account_type#2677)","",true
1,37,74,"Parquet",0,490428,83622504,0,"InMemoryFileIndex(1 paths)[s3a://goes-se-sandbox/data/warehouse/tablespace/external/hive/demo_pauldefusco.db/accounts_skewed]","IsNotNull(account_id)","account_id:bigint,account_type:string,account_status:string,current_balance:double,credit_limit:double,interest_rate:double","isnotnull(account_id#52L)","",true
1,37,257,"Parquet",0,1150780,83622504,0,"InMemoryFileIndex(1 paths)[s3a://goes-se-sandbox/data/warehouse/tablespace/external/hive/demo_pauldefusco.db/accounts_skewed]","IsNotNull(account_id), IsNotNull(account_type), IsNotNull(account_status)","account_id:bigint,account_type:string,account_status:string,current_balance:double,credit_limit:double,interest_rate:double","isnotnull(account_id#2333L), isnotnull(account_type#2334), isnotnull(account_status#2336)","",true
1,37,206,"Parquet",0,909987,83622504,0,"InMemoryFileIndex(1 paths)[s3a://goes-se-sandbox/data/warehouse/tablespace/external/hive/demo_pauldefusco.db/accounts_skewed]","IsNotNull(account_id)","account_id:bigint,current_balance:double,interest_rate:double","isnotnull(account_id#2209L)","",true
1,37,154,"Parquet",0,8411,360683,0,"InMemoryFileIndex(1 paths)[s3a://goes-se-sandbox/data/warehouse/tablespace/external/hive/demo_pauldefusco.db/branches_skewed]","IsNotNull(branch_id)","branch_id:bigint","isnotnull(branch_id#2695L)","",true
1,37,84,"Parquet",0,8964,360683,0,"InMemoryFileIndex(1 paths)[s3a://goes-se-sandbox/data/warehouse/tablespace/external/hive/demo_pauldefusco.db/branches_skewed]","IsNotNull(branch_id)","branch_id:bigint,region:string,branch_type:string","isnotnull(branch_id#91L)","",true
1,37,441,"Parquet",0,9254,360683,0,"InMemoryFileIndex(1 paths)[s3a://goes-se-sandbox/data/warehouse/tablespace/external/hive/demo_pauldefusco.db/branches_skewed]","IsNotNull(branch_id), IsNotNull(region), IsNotNull(branch_type)","branch_id:bigint,region:string,branch_type:string","isnotnull(branch_id#4015L), isnotnull(region#4018), isnotnull(branch_type#4019)","",true
1,37,487,"Parquet",0,18283,360683,0,"InMemoryFileIndex(1 paths)[s3a://goes-se-sandbox/data/warehouse/tablespace/external/hive/demo_pauldefusco.db/branches_skewed]","IsNotNull(branch_id), IsNotNull(region), IsNotNull(branch_type)","branch_id:bigint,region:string,branch_type:string,assets_under_management:double,annual_operating_cost:double","isnotnull(branch_id#3687L), isnotnull(region#3690), isnotnull(branch_type#3691)","",true
1,37,159,"Parquet",0,189,10508,0,"InMemoryFileIndex(1 paths)[s3a://goes-se-sandbox/data/warehouse/tablespace/external/hive/demo_pauldefusco.db/calendar]","IsNotNull(calendar_date), IsNotNull(year), IsNotNull(month)","calendar_date:date,year:int,month:int","isnotnull(calendar_date#2706), isnotnull(year#2708), isnotnull(month#2710)","",true
1,37,216,"Parquet",0,192,10508,0,"InMemoryFileIndex(1 paths)[s3a://goes-se-sandbox/data/warehouse/tablespace/external/hive/demo_pauldefusco.db/calendar]","IsNotNull(calendar_date), IsNotNull(year), IsNotNull(month)","calendar_date:date,year:int,month:int,is_weekend:boolean","isnotnull(calendar_date#2239), isnotnull(year#2241), isnotnull(month#2243)","",true
1,37,312,"Parquet",0,205,10508,0,"InMemoryFileIndex(1 paths)[s3a://goes-se-sandbox/data/warehouse/tablespace/external/hive/demo_pauldefusco.db/calendar]","IsNotNull(calendar_date), IsNotNull(year), IsNotNull(quarter)","calendar_date:date,year:int,quarter:int","isnotnull(calendar_date#2978), isnotnull(year#2980), isnotnull(quarter#2981)","",true
1,37,352,"Parquet",0,5212,10508,0,"InMemoryFileIndex(1 paths)[s3a://goes-se-sandbox/data/warehouse/tablespace/external/hive/demo_pauldefusco.db/calendar]","IsNotNull(calendar_date), IsNotNull(year), IsNotNull(quarter)","calendar_date:date,year:int,quarter:int,is_weekend:boolean","isnotnull(calendar_date#2556), isnotnull(year#2558), isnotnull(quarter#2559)","",true
1,37,89,"Parquet",0,5263,10508,0,"InMemoryFileIndex(1 paths)[s3a://goes-se-sandbox/data/warehouse/tablespace/external/hive/demo_pauldefusco.db/calendar]","IsNotNull(calendar_date)","calendar_date:date,year:int,quarter:int,month:int,is_weekend:boolean","isnotnull(calendar_date#113)","",true
1,37,295,"Parquet",0,159506,42431919,0,"InMemoryFileIndex(1 paths)[s3a://goes-se-sandbox/data/warehouse/tablespace/external/hive/demo_pauldefusco.db/customers_skewed]","IsNotNull(customer_id)","customer_id:bigint","isnotnull(customer_id#2937L)","",true
1,37,250,"Parquet",0,202281,42431919,0,"InMemoryFileIndex(1 paths)[s3a://goes-se-sandbox/data/warehouse/tablespace/external/hive/demo_pauldefusco.db/customers_skewed]","IsNotNull(customer_id)","customer_id:bigint,credit_score:int","isnotnull(customer_id#2322L)","",true
1,37,480,"Parquet",0,1176890,42431919,0,"InMemoryFileIndex(1 paths)[s3a://goes-se-sandbox/data/warehouse/tablespace/external/hive/demo_pauldefusco.db/customers_skewed]","IsNotNull(customer_id), IsNotNull(customer_segment), IsNotNull(income_band)","customer_id:bigint,credit_score:int,income_band:string,customer_segment:string","isnotnull(customer_id#3657L), isnotnull(customer_segment#3664), isnotnull(income_band#3662)","",true
1,37,199,"Parquet",0,1648879,42431919,0,"InMemoryFileIndex(1 paths)[s3a://goes-se-sandbox/data/warehouse/tablespace/external/hive/demo_pauldefusco.db/customers_skewed]","IsNotNull(customer_id), IsNotNull(customer_segment), IsNotNull(income_band), IsNotNull(risk_rating)","customer_id:bigint,credit_score:int,income_band:string,customer_segment:string,risk_rating:string","isnotnull(customer_id#2198L), isnotnull(customer_segment#2205), isnotnull(income_band#2203), isnotnull(risk_rating#2207)","",true
1,37,67,"Parquet",0,1011785,42431919,0,"InMemoryFileIndex(1 paths)[s3a://goes-se-sandbox/data/warehouse/tablespace/external/hive/demo_pauldefusco.db/customers_skewed]","IsNotNull(customer_id)","customer_id:bigint,credit_score:int,income_band:string,estimated_income:double,customer_segment:string,risk_rating:string","isnotnull(customer_id#31L)","",true
1,37,429,"Parquet",0,881515,42431919,0,"InMemoryFileIndex(1 paths)[s3a://goes-se-sandbox/data/warehouse/tablespace/external/hive/demo_pauldefusco.db/customers_skewed]","IsNotNull(customer_id), IsNotNull(customer_segment), IsNotNull(income_band)","customer_id:bigint,income_band:string,customer_segment:string","isnotnull(customer_id#3985L), isnotnull(customer_segment#3992), isnotnull(income_band#3990)","",true
1,37,137,"Parquet",0,629943,42431919,0,"InMemoryFileIndex(1 paths)[s3a://goes-se-sandbox/data/warehouse/tablespace/external/hive/demo_pauldefusco.db/customers_skewed]","IsNotNull(customer_id), IsNotNull(customer_segment), IsNotNull(income_band), IsNotNull(risk_rating)","customer_id:bigint,income_band:string,customer_segment:string,risk_rating:string","isnotnull(customer_id#2665L), isnotnull(customer_segment#2672), isnotnull(income_band#2670), isnotnull(risk_rating#2674)","",true
1,37,149,"Parquet",0,159633,13585953,0,"InMemoryFileIndex(1 paths)[s3a://goes-se-sandbox/data/warehouse/tablespace/external/hive/demo_pauldefusco.db/merchants_skewed]","IsNotNull(merchant_id)","merchant_id:bigint","isnotnull(merchant_id#2685L)","",true
1,37,436,"Parquet",0,419662,13585953,0,"InMemoryFileIndex(1 paths)[s3a://goes-se-sandbox/data/warehouse/tablespace/external/hive/demo_pauldefusco.db/merchants_skewed]","IsNotNull(merchant_id), IsNotNull(region)","merchant_id:bigint,region:string","isnotnull(merchant_id#4005L), isnotnull(region#4007)","",true
1,37,520,"Parquet",0,206840,13585953,0,"InMemoryFileIndex(1 paths)[s3a://goes-se-sandbox/data/warehouse/tablespace/external/hive/demo_pauldefusco.db/merchants_skewed]","IsNotNull(merchant_id), IsNotNull(region)","merchant_id:bigint,region:string,risk_level:string","isnotnull(merchant_id#3810L), isnotnull(region#3812)","",true
1,37,347,"Parquet",0,179229,13585953,0,"InMemoryFileIndex(1 paths)[s3a://goes-se-sandbox/data/warehouse/tablespace/external/hive/demo_pauldefusco.db/merchants_skewed]","IsNotNull(merchant_id), IsNotNull(region), IsNotNull(risk_level), IsNotNull(merchant_size)","merchant_id:bigint,region:string,risk_level:string,annual_revenue:double,merchant_size:string","isnotnull(merchant_id#2535L), isnotnull(region#2537), isnotnull(risk_level#2540), isnotnull(merchant_size#2542)","",true
1,37,79,"Parquet",0,163146,13585953,0,"InMemoryFileIndex(1 paths)[s3a://goes-se-sandbox/data/warehouse/tablespace/external/hive/demo_pauldefusco.db/merchants_skewed]","IsNotNull(merchant_id)","merchant_id:bigint,region:string,risk_level:string,merchant_size:string","isnotnull(merchant_id#71L)","",true
1,37,307,"Parquet",0,260822,13585953,0,"InMemoryFileIndex(1 paths)[s3a://goes-se-sandbox/data/warehouse/tablespace/external/hive/demo_pauldefusco.db/merchants_skewed]","IsNotNull(merchant_id), IsNotNull(region)","merchant_id:bigint,region:string,risk_level:string,merchant_size:string","isnotnull(merchant_id#2957L), isnotnull(region#2959)","",true
1,37,211,"Parquet",0,250231,13585953,0,"InMemoryFileIndex(1 paths)[s3a://goes-se-sandbox/data/warehouse/tablespace/external/hive/demo_pauldefusco.db/merchants_skewed]","IsNotNull(merchant_id)","merchant_id:bigint,risk_level:string","isnotnull(merchant_id#2218L)","",true
1,37,130,"Parquet",0,9914177,139988262866,0,"InMemoryFileIndex(1 paths)[s3a://goes-se-sandbox/data/warehouse/tablespace/external/hive/demo_pauldefusco.db/trs_v25]","IsNotNull(transaction_id), LessThan(transaction_id,12500000000), IsNotNull(customer_id), IsNotNull(account_id)","transaction_id:bigint,customer_id:bigint,account_id:bigint,merchant_id:bigint,branch_id:bigint,transaction_date:date","isnotnull(transaction_id#2650L), (transaction_id#2650L < 12500000000), isnotnull(customer_id#2651L), isnotnull(account_id#2652L)","",true
1,37,290,"Parquet",0,20683016,139988262866,0,"InMemoryFileIndex(1 paths)[s3a://goes-se-sandbox/data/warehouse/tablespace/external/hive/demo_pauldefusco.db/trs_v25]","IsNotNull(transaction_id), LessThan(transaction_id,12500000000), IsNotNull(customer_id), IsNotNull(merchant_id), IsNotNull(merchant_category)","transaction_id:bigint,customer_id:bigint,account_id:bigint,merchant_id:bigint,branch_id:bigint,transaction_date:date,merchant_category:string","isnotnull(transaction_id#2922L), (transaction_id#2922L < 12500000000), isnotnull(customer_id#2923L), isnotnull(merchant_id#2925L), isnotnull(merchant_category#2929)","",true
1,37,422,"Parquet",0,11480202,139988262866,0,"InMemoryFileIndex(1 paths)[s3a://goes-se-sandbox/data/warehouse/tablespace/external/hive/demo_pauldefusco.db/trs_v25]","IsNotNull(transaction_id), LessThan(transaction_id,12500000000), IsNotNull(merchant_category)","transaction_id:bigint,customer_id:bigint,account_id:bigint,merchant_id:bigint,branch_id:bigint,transaction_date:date,merchant_category:string","isnotnull(transaction_id#3970L), (transaction_id#3970L < 12500000000), isnotnull(merchant_category#3977)","",true
1,37,340,"Parquet",0,56459692,139988262866,0,"InMemoryFileIndex(1 paths)[s3a://goes-se-sandbox/data/warehouse/tablespace/external/hive/demo_pauldefusco.db/trs_v25]","IsNotNull(transaction_id), LessThan(transaction_id,12500000000), IsNotNull(merchant_id), IsNotNull(merchant_category)","transaction_id:bigint,customer_id:bigint,account_id:bigint,merchant_id:bigint,branch_id:bigint,transaction_date:date,merchant_category:string,transaction_amount:double,fraud_flag:int","isnotnull(transaction_id#2500L), (transaction_id#2500L < 12500000000), isnotnull(merchant_id#2503L), isnotnull(merchant_category#2507)","",true
1,37,513,"Parquet",0,32232272,139988262866,0,"InMemoryFileIndex(1 paths)[s3a://goes-se-sandbox/data/warehouse/tablespace/external/hive/demo_pauldefusco.db/trs_v25]","IsNotNull(transaction_id), IsNotNull(fraud_flag), LessThan(transaction_id,12500000000), EqualTo(fraud_flag,1), IsNotNull(merchant_category)","transaction_id:bigint,customer_id:bigint,account_id:bigint,merchant_id:bigint,branch_id:bigint,transaction_date:date,merchant_category:string,transaction_amount:double,fraud_flag:int","isnotnull(transaction_id#3775L), isnotnull(fraud_flag#3787), (transaction_id#3775L < 12500000000), (fraud_flag#3787 = 1), isnotnull(merchant_category#3782)","",true
1,37,60,"Parquet",0,35955581,139988262866,0,"InMemoryFileIndex(1 paths)[s3a://goes-se-sandbox/data/warehouse/tablespace/external/hive/demo_pauldefusco.db/trs_v25]","IsNotNull(transaction_id), LessThan(transaction_id,12500000000)","transaction_id:bigint,customer_id:bigint,account_id:bigint,merchant_id:bigint,branch_id:bigint,transaction_date:date,merchant_category:string,transaction_amount:double,payment_channel:string,payment_type:string,device_type:string,fraud_flag:int","isnotnull(transaction_id#0L), (transaction_id#0L < 12500000000)","",true
1,37,192,"Parquet",0,11785263,139988262866,0,"InMemoryFileIndex(1 paths)[s3a://goes-se-sandbox/data/warehouse/tablespace/external/hive/demo_pauldefusco.db/trs_v25]","IsNotNull(transaction_id), LessThan(transaction_id,12500000000), IsNotNull(customer_id)","transaction_id:bigint,customer_id:bigint,account_id:bigint,merchant_id:bigint,branch_id:bigint,transaction_date:date,transaction_amount:double,fraud_flag:int","isnotnull(transaction_id#2183L), (transaction_id#2183L < 12500000000), isnotnull(customer_id#2184L)","",true
1,37,245,"Parquet",0,28048723,139988262866,0,"InMemoryFileIndex(1 paths)[s3a://goes-se-sandbox/data/warehouse/tablespace/external/hive/demo_pauldefusco.db/trs_v25]","IsNotNull(transaction_id), LessThan(transaction_id,12500000000), IsNotNull(account_id)","transaction_id:bigint,customer_id:bigint,account_id:bigint,merchant_id:bigint,branch_id:bigint,transaction_date:date,transaction_amount:double,fraud_flag:int","isnotnull(transaction_id#2307L), (transaction_id#2307L < 12500000000), isnotnull(account_id#2309L)","",true
1,37,473,"Parquet",0,18577208,139988262866,0,"InMemoryFileIndex(1 paths)[s3a://goes-se-sandbox/data/warehouse/tablespace/external/hive/demo_pauldefusco.db/trs_v25]","IsNotNull(transaction_id), LessThan(transaction_id,12500000000)","transaction_id:bigint,customer_id:bigint,account_id:bigint,merchant_id:bigint,branch_id:bigint,transaction_date:date,transaction_amount:double,fraud_flag:int","isnotnull(transaction_id#3642L), (transaction_id#3642L < 12500000000)","",true
1,37,378,"Parquet",0,42607503,139988262866,0,"InMemoryFileIndex(1 paths)[s3a://goes-se-sandbox/data/warehouse/tablespace/external/hive/demo_pauldefusco.db/trs_v25]","IsNotNull(transaction_id), LessThan(transaction_id,12500000000), IsNotNull(payment_channel), IsNotNull(payment_type), IsNotNull(device_type)","transaction_id:bigint,customer_id:bigint,account_id:bigint,merchant_id:bigint,branch_id:bigint,transaction_date:date,transaction_amount:double,payment_channel:string,payment_type:string,device_type:string,fraud_flag:int","isnotnull(transaction_id#3237L), (transaction_id#3237L < 12500000000), isnotnull(payment_channel#3246), isnotnull(payment_type#3247), isnotnull(device_type#3248)","",true
