stageId,accumulatorId,name,min,median,max,total
0,297,"number of output rows",460000,2085083,2410100,12510500
0,298,"scan time",113,587,38080,969507
0,6199,"data size",28488448,132034164,152756288,792204992
0,6218,"shuffle bytes written",15077581,69129277,79950110,414775664
0,6219,"shuffle records written",445132,2063033,2386817,12378203
0,6220,"shuffle write time",14940454,40361790,47748035,242170751
0,6221,"duration",114,596,38218,982585
0,6222,"number of output rows",445132,2063033,2386817,12378203
0,6223,"number of output rows",460000,2085083,2410100,12510500
0,6224,"number of input batches",113,509,589,3058
0,9533,"internal.metrics.executorDeserializeTime",1,5,1914,32812
0,9534,"internal.metrics.executorDeserializeCpuTime",1133154,13064287,551817358,13639386555
0,9535,"internal.metrics.executorRunTime",115,646,39776,1024407
0,9536,"internal.metrics.executorCpuTime",40030937,116870686,4952546397,122013256967
0,9537,"internal.metrics.resultSize",2724,2724,2982,2848985
0,9538,"internal.metrics.jvmGCTime",6,194,528,9688
0,9539,"internal.metrics.resultSerializationTime",1,1,6,84
0,9542,"internal.metrics.peakExecutionMemory",32768,1390248,268435456,1451687936
0,9561,"internal.metrics.shuffle.write.bytesWritten",15077581,69129277,79950110,414775664
0,9562,"internal.metrics.shuffle.write.recordsWritten",445132,2063033,2386817,12378203
0,9563,"internal.metrics.shuffle.write.writeTime",14940454,40361790,47748035,242170751
0,9564,"internal.metrics.input.bytesRead",1005925,1005925,1036961,1050370932
0,9565,"internal.metrics.input.recordsRead",460000,2085083,2410100,12510500
1,328,"number of output rows",80000,80000,80000,2000000
1,329,"scan time",6605,13860,50153,346657
1,6228,"data size",4470592,4471652,4473168,111791456
1,6247,"shuffle bytes written",1464242,1466900,1469933,36672659
1,6248,"shuffle records written",79832,79844,79878,1996276
1,6249,"shuffle write time",4953677,6359124,8992434,158978261
1,6250,"duration",6697,14157,51449,354085
1,6251,"number of output rows",79832,79844,79878,1996276
1,6252,"number of output rows",80000,80000,80000,2000000
1,6253,"number of input batches",32,32,32,800
1,9568,"internal.metrics.executorDeserializeTime",1,326,2023,8322
1,9569,"internal.metrics.executorDeserializeCpuTime",1370841,59812615,469955021,1495315535
1,9570,"internal.metrics.executorRunTime",6915,14462,52224,361742
1,9571,"internal.metrics.executorCpuTime",573953972,1178088798,3318263940,29452220085
1,9572,"internal.metrics.resultSize",2896,2921,2983,73186
1,9573,"internal.metrics.jvmGCTime",66,106,221,1756
1,9574,"internal.metrics.resultSerializationTime",3,3,3,6
1,9577,"internal.metrics.peakExecutionMemory",69206016,69206016,69206016,1730150400
1,9596,"internal.metrics.shuffle.write.bytesWritten",1464242,1466900,1469933,36672659
1,9597,"internal.metrics.shuffle.write.recordsWritten",79832,79844,79878,1996276
1,9598,"internal.metrics.shuffle.write.writeTime",4953677,6359124,8992434,158978261
1,9599,"internal.metrics.input.bytesRead",364124,364458,364692,9111616
1,9600,"internal.metrics.input.recordsRead",80000,80000,80000,2000000
2,359,"number of output rows",119980,119994,120023,3000000
2,360,"scan time",5443,5814,6303,145454
2,6257,"data size",3839360,3839994,3840736,96000000
2,6276,"shuffle bytes written",939851,940635,941223,23515992
2,6277,"shuffle records written",119980,119994,120023,3000000
2,6278,"shuffle write time",3503984,5033729,6941890,125843368
2,6279,"duration",5505,5878,6431,147084
2,6280,"number of output rows",119980,119994,120023,3000000
2,6281,"number of output rows",119980,119994,120023,3000000
2,6282,"number of input batches",32,32,32,800
2,9603,"internal.metrics.executorDeserializeTime",1,1,33,172
2,9604,"internal.metrics.executorDeserializeCpuTime",1356694,3396197,9867286,84905085
2,9605,"internal.metrics.executorRunTime",5615,6040,6725,151117
2,9606,"internal.metrics.executorCpuTime",434239154,667819942,1294851360,16695498687
2,9607,"internal.metrics.resultSize",2896,2896,2939,72537
2,9609,"internal.metrics.resultSerializationTime",1,1,1,3
2,9612,"internal.metrics.peakExecutionMemory",69206016,69206016,69206016,1730150400
2,9631,"internal.metrics.shuffle.write.bytesWritten",939851,940635,941223,23515992
2,9632,"internal.metrics.shuffle.write.recordsWritten",119980,119994,120023,3000000
2,9633,"internal.metrics.shuffle.write.writeTime",3503984,5033729,6941890,125843368
2,9634,"internal.metrics.input.bytesRead",234462,234462,234464,5861590
2,9635,"internal.metrics.input.recordsRead",119980,119994,120023,3000000
3,390,"number of output rows",19980,19993,20012,500000
3,391,"scan time",6138,6574,7031,164448
3,6286,"data size",1099176,1101489,1102864,27537360
3,6305,"shuffle bytes written",484235,485974,487175,12149531
3,6306,"shuffle records written",19980,19993,20012,500000
3,6307,"shuffle write time",3114419,3999193,6042971,99979971
3,6308,"duration",6164,6605,7109,165280
3,6309,"number of output rows",19980,19993,20012,500000
3,6310,"number of output rows",19980,19993,20012,500000
3,6311,"number of input batches",32,32,32,800
3,9638,"internal.metrics.executorDeserializeTime",1,1,23,174
3,9639,"internal.metrics.executorDeserializeCpuTime",1382623,3564604,13441490,89115257
3,9640,"internal.metrics.executorRunTime",6244,6718,7347,168072
3,9641,"internal.metrics.executorCpuTime",418306343,586336367,1200506784,14658409295
3,9642,"internal.metrics.resultSize",2896,2897,2939,72583
3,9643,"internal.metrics.jvmGCTime",69,69,69,276
3,9647,"internal.metrics.peakExecutionMemory",67633152,67633152,67633152,1690828800
3,9666,"internal.metrics.shuffle.write.bytesWritten",484235,485974,487175,12149531
3,9667,"internal.metrics.shuffle.write.recordsWritten",19980,19993,20012,500000
3,9668,"internal.metrics.shuffle.write.writeTime",3114419,3999193,6042971,99979971
3,9669,"internal.metrics.input.bytesRead",299700,300033,300407,7500963
3,9670,"internal.metrics.input.recordsRead",19980,19993,20012,500000
4,421,"number of output rows",2500,2500,2500,5000
4,422,"scan time",4512,4781,5051,9563
4,6315,"data size",129944,130000,130056,260000
4,6334,"shuffle bytes written",121502,121924,122346,243848
4,6335,"shuffle records written",2500,2500,2500,5000
4,6336,"shuffle write time",2729094,4537886,6346679,9075773
4,6337,"duration",4531,4823,5115,9646
4,6338,"number of output rows",2500,2500,2500,5000
4,6339,"number of output rows",2500,2500,2500,5000
4,6340,"number of input batches",25,25,25,50
4,9673,"internal.metrics.executorDeserializeTime",12,12,13,25
4,9674,"internal.metrics.executorDeserializeCpuTime",5923265,7000259,8077254,14000519
4,9675,"internal.metrics.executorRunTime",4647,5050,5453,10100
4,9676,"internal.metrics.executorCpuTime",461277573,779182558,1097087543,1558365116
4,9677,"internal.metrics.resultSize",2896,2896,2897,5793
4,9682,"internal.metrics.peakExecutionMemory",67174400,67174400,67174400,134348800
4,9701,"internal.metrics.shuffle.write.bytesWritten",121502,121924,122346,243848
4,9702,"internal.metrics.shuffle.write.recordsWritten",2500,2500,2500,5000
4,9703,"internal.metrics.shuffle.write.writeTime",2729094,4537886,6346679,9075773
4,9704,"internal.metrics.input.bytesRead",189176,189185,189194,378370
4,9705,"internal.metrics.input.recordsRead",2500,2500,2500,5000
5,452,"number of output rows",731,731,731,731
5,453,"scan time",256,256,256,256
5,6344,"data size",29240,29240,29240,29240
5,6363,"shuffle bytes written",47807,47807,47807,47807
5,6364,"shuffle records written",731,731,731,731
5,6365,"shuffle write time",2124620,2124620,2124620,2124620
5,6366,"duration",277,277,277,277
5,6367,"number of output rows",731,731,731,731
5,6368,"number of output rows",731,731,731,731
5,6369,"number of input batches",1,1,1,1
5,9708,"internal.metrics.executorDeserializeTime",11,11,11,11
5,9709,"internal.metrics.executorDeserializeCpuTime",4881676,4881676,4881676,4881676
5,9710,"internal.metrics.executorRunTime",365,365,365,365
5,9711,"internal.metrics.executorCpuTime",134464710,134464710,134464710,134464710
5,9712,"internal.metrics.resultSize",2896,2896,2896,2896
5,9717,"internal.metrics.peakExecutionMemory",67141632,67141632,67141632,67141632
5,9736,"internal.metrics.shuffle.write.bytesWritten",47807,47807,47807,47807
5,9737,"internal.metrics.shuffle.write.recordsWritten",731,731,731,731
5,9738,"internal.metrics.shuffle.write.writeTime",2124620,2124620,2124620,2124620
5,9739,"internal.metrics.input.bytesRead",10433,10433,10433,10433
5,9740,"internal.metrics.input.recordsRead",731,731,731,731
6,697,"number of output rows",119980,119993,120023,3000000
6,698,"scan time",5415,5693,6554,142471
6,6531,"data size",1919680,1919994,1920368,48000000
6,6550,"shuffle bytes written",817907,819889,822545,20497380
6,6551,"shuffle records written",119980,119993,120023,3000000
6,6552,"shuffle write time",3264642,3872907,6438066,96822823
6,6553,"duration",5455,5737,6671,143546
6,6554,"number of output rows",119980,119993,120023,3000000
6,6555,"number of output rows",119980,119993,120023,3000000
6,6556,"number of input batches",32,32,32,800
6,9743,"internal.metrics.executorDeserializeTime",1,1,21,122
6,9744,"internal.metrics.executorDeserializeCpuTime",1298396,3138065,13426477,78451773
6,9745,"internal.metrics.executorRunTime",5588,5857,6980,146558
6,9746,"internal.metrics.executorCpuTime",390246334,502750982,1189620991,12568774709
6,9747,"internal.metrics.resultSize",2896,2897,2939,72583
6,9748,"internal.metrics.jvmGCTime",17,46,76,186
6,9752,"internal.metrics.peakExecutionMemory",69206016,69206016,69206016,1730150400
6,9771,"internal.metrics.shuffle.write.bytesWritten",817907,819889,822545,20497380
6,9772,"internal.metrics.shuffle.write.recordsWritten",119980,119993,120023,3000000
6,9773,"internal.metrics.shuffle.write.writeTime",3264642,3872907,6438066,96822823
6,9774,"internal.metrics.input.bytesRead",234462,234462,234464,5861590
6,9775,"internal.metrics.input.recordsRead",119980,119993,120023,3000000
7,728,"number of output rows",19980,19994,20012,500000
7,729,"scan time",5451,12641,49069,316185
7,6560,"data size",319680,319994,320192,8000000
7,6579,"shuffle bytes written",176059,176937,178110,4423585
7,6580,"shuffle records written",19980,19994,20012,500000
7,6581,"shuffle write time",2766853,3679505,5172248,91987762
7,6582,"duration",5473,12812,49955,320448
7,6583,"number of output rows",19980,19994,20012,500000
7,6584,"number of output rows",19980,19994,20012,500000
7,6585,"number of input batches",32,32,32,800
7,9778,"internal.metrics.executorDeserializeTime",1,419,2269,10618
7,9779,"internal.metrics.executorDeserializeCpuTime",1390886,59198164,412374442,1479954269
7,9780,"internal.metrics.executorRunTime",5574,13037,50736,326092
7,9781,"internal.metrics.executorCpuTime",369261496,826680254,2514374539,20667006541
7,9782,"internal.metrics.resultSize",2896,2909,2984,72894
7,9783,"internal.metrics.jvmGCTime",76,169,217,1020
7,9784,"internal.metrics.resultSerializationTime",1,2,3,13
7,9787,"internal.metrics.peakExecutionMemory",67633152,67633152,67633152,1690828800
7,9806,"internal.metrics.shuffle.write.bytesWritten",176059,176937,178110,4423585
7,9807,"internal.metrics.shuffle.write.recordsWritten",19980,19994,20012,500000
7,9808,"internal.metrics.shuffle.write.writeTime",2766853,3679505,5172248,91987762
7,9809,"internal.metrics.input.bytesRead",222052,222274,222527,5557007
7,9810,"internal.metrics.input.recordsRead",19980,19994,20012,500000
8,759,"number of output rows",2500,2500,2500,5000
8,760,"scan time",4337,4505,4674,9011
8,6589,"data size",40000,40000,40000,80000
8,6608,"shuffle bytes written",73692,73693,73695,147387
8,6609,"shuffle records written",2500,2500,2500,5000
8,6610,"shuffle write time",2577005,3152927,3728850,6305855
8,6611,"duration",4354,4521,4688,9042
8,6612,"number of output rows",2500,2500,2500,5000
8,6613,"number of output rows",2500,2500,2500,5000
8,6614,"number of input batches",25,25,25,50
8,9813,"internal.metrics.executorDeserializeTime",5,6,7,12
8,9814,"internal.metrics.executorDeserializeCpuTime",3104728,3471386,3838044,6942772
8,9815,"internal.metrics.executorRunTime",4413,4597,4782,9195
8,9816,"internal.metrics.executorCpuTime",313793680,350139598,386485517,700279197
8,9817,"internal.metrics.resultSize",2896,2917,2939,5835
8,9818,"internal.metrics.jvmGCTime",17,17,17,17
8,9822,"internal.metrics.peakExecutionMemory",67174400,67174400,67174400,134348800
8,9841,"internal.metrics.shuffle.write.bytesWritten",73692,73693,73695,147387
8,9842,"internal.metrics.shuffle.write.recordsWritten",2500,2500,2500,5000
8,9843,"internal.metrics.shuffle.write.writeTime",2577005,3152927,3728850,6305855
8,9844,"internal.metrics.input.bytesRead",190848,190851,190854,381702
8,9845,"internal.metrics.input.recordsRead",2500,2500,2500,5000
9,790,"number of output rows",731,731,731,731
9,791,"scan time",193,193,193,193
9,6618,"data size",23392,23392,23392,23392
9,6637,"shuffle bytes written",45136,45136,45136,45136
9,6638,"shuffle records written",731,731,731,731
9,6639,"shuffle write time",1988753,1988753,1988753,1988753
9,6640,"duration",212,212,212,212
9,6641,"number of output rows",731,731,731,731
9,6642,"number of output rows",731,731,731,731
9,6643,"number of input batches",1,1,1,1
9,9848,"internal.metrics.executorDeserializeTime",8,8,8,8
9,9849,"internal.metrics.executorDeserializeCpuTime",4791532,4791532,4791532,4791532
9,9850,"internal.metrics.executorRunTime",295,295,295,295
9,9851,"internal.metrics.executorCpuTime",131158198,131158198,131158198,131158198
9,9852,"internal.metrics.resultSize",2897,2897,2897,2897
9,9857,"internal.metrics.peakExecutionMemory",67141632,67141632,67141632,67141632
9,9876,"internal.metrics.shuffle.write.bytesWritten",45136,45136,45136,45136
9,9877,"internal.metrics.shuffle.write.recordsWritten",731,731,731,731
9,9878,"internal.metrics.shuffle.write.writeTime",1988753,1988753,1988753,1988753
9,9879,"internal.metrics.input.bytesRead",7680,7680,7680,7680
9,9880,"internal.metrics.input.recordsRead",731,731,731,731
10,1364,"number of output rows",460000,2085082,2410100,12510500
10,1365,"scan time",113,113,1190,149996
10,7022,"data size",21366336,99025623,114567216,594153744
10,7041,"shuffle bytes written",10553387,48617475,56239534,291704857
10,7042,"shuffle records written",445132,2063033,2386817,12378203
10,7043,"shuffle write time",9759208,28633286,34912098,171799728
10,7044,"duration",114,114,2008,155002
10,7045,"number of output rows",445132,2063033,2386817,12378203
10,7046,"number of output rows",460000,2085082,2410100,12510500
10,7047,"number of input batches",113,509,589,3058
10,9883,"internal.metrics.executorDeserializeTime",1,1,50,1334
10,9884,"internal.metrics.executorDeserializeCpuTime",1076741,1657888,8508947,1731106291
10,9885,"internal.metrics.executorRunTime",115,115,3318,163291
10,9886,"internal.metrics.executorCpuTime",37051886,58353075,2487308235,60920875026
10,9887,"internal.metrics.resultSize",2724,2724,2940,2847196
10,9888,"internal.metrics.jvmGCTime",10,19,73,767
10,9889,"internal.metrics.resultSerializationTime",1,1,1,8
10,9892,"internal.metrics.peakExecutionMemory",32768,1068844,201326592,1116143616
10,9911,"internal.metrics.shuffle.write.bytesWritten",10553387,48617475,56239534,291704857
10,9912,"internal.metrics.shuffle.write.recordsWritten",445132,2063033,2386817,12378203
10,9913,"internal.metrics.shuffle.write.writeTime",9759208,28633286,34912098,171799728
10,9914,"internal.metrics.input.bytesRead",1005925,1005925,1035197,1050360469
10,9915,"internal.metrics.input.recordsRead",460000,2085082,2410100,12510500
11,1395,"number of output rows",80000,80000,80000,2000000
11,1396,"scan time",6333,6564,6948,164242
11,7051,"data size",3831936,3832844,3834144,95821248
11,7070,"shuffle bytes written",1181688,1184368,1187894,29609363
11,7071,"shuffle records written",79832,79845,79878,1996276
11,7072,"shuffle write time",3399362,3966135,4495840,99153523
11,7073,"duration",6373,6618,6993,165598
11,7074,"number of output rows",79832,79845,79878,1996276
11,7075,"number of output rows",80000,80000,80000,2000000
11,7076,"number of input batches",32,32,32,800
11,9918,"internal.metrics.executorDeserializeTime",1,1,29,100
11,9919,"internal.metrics.executorDeserializeCpuTime",1248937,2540979,6871829,63524643
11,9920,"internal.metrics.executorRunTime",6454,6714,7087,167998
11,9921,"internal.metrics.executorCpuTime",422636445,495183889,696621611,12379597418
11,9922,"internal.metrics.resultSize",2896,2916,2941,73015
11,9923,"internal.metrics.jvmGCTime",10,57,65,825
11,9927,"internal.metrics.peakExecutionMemory",69206016,69206016,69206016,1730150400
11,9946,"internal.metrics.shuffle.write.bytesWritten",1181688,1184368,1187894,29609363
11,9947,"internal.metrics.shuffle.write.recordsWritten",79832,79845,79878,1996276
11,9948,"internal.metrics.shuffle.write.writeTime",3399362,3966135,4495840,99153523
11,9949,"internal.metrics.input.bytesRead",364124,364459,364692,9111616
11,9950,"internal.metrics.input.recordsRead",80000,80000,80000,2000000
12,1885,"number of output rows",2500,2500,2500,5000
12,1886,"scan time",4434,4506,4579,9013
12,7315,"data size",89944,90000,90056,180000
12,7334,"shuffle bytes written",101915,102271,102627,204542
12,7335,"shuffle records written",2500,2500,2500,5000
12,7336,"shuffle write time",2696709,2845952,2995195,5691904
12,7337,"duration",4461,4533,4606,9067
12,7338,"number of output rows",2500,2500,2500,5000
12,7339,"number of output rows",2500,2500,2500,5000
12,7340,"number of input batches",25,25,25,50
12,9953,"internal.metrics.executorDeserializeTime",7,7,8,15
12,9954,"internal.metrics.executorDeserializeCpuTime",3218854,3386816,3554779,6773633
12,9955,"internal.metrics.executorRunTime",4524,4601,4679,9203
12,9956,"internal.metrics.executorCpuTime",332039770,389785715,447531661,779571431
12,9957,"internal.metrics.resultSize",2896,2897,2898,5794
12,9962,"internal.metrics.peakExecutionMemory",67174400,67174400,67174400,134348800
12,9981,"internal.metrics.shuffle.write.bytesWritten",101915,102271,102627,204542
12,9982,"internal.metrics.shuffle.write.recordsWritten",2500,2500,2500,5000
12,9983,"internal.metrics.shuffle.write.writeTime",2696709,2845952,2995195,5691904
12,9984,"internal.metrics.input.bytesRead",188876,188885,188894,377770
12,9985,"internal.metrics.input.recordsRead",2500,2500,2500,5000
13,5772,"number of output rows",460000,2085083,2410100,12510500
13,5773,"scan time",105,111,1107,143112
13,9492,"data size",24927392,115529894,133661752,693179368
13,9511,"shuffle bytes written",14441574,66651198,77101969,399907192
13,9512,"shuffle records written",445132,2063032,2386817,12378203
13,9513,"shuffle write time",10395174,33473504,40385483,200841038
13,9514,"duration",106,112,1754,147670
13,9515,"number of output rows",445132,2063032,2386817,12378203
13,9516,"number of output rows",460000,2085083,2410100,12510500
13,9517,"number of input batches",113,509,589,3058
13,9988,"internal.metrics.executorDeserializeTime",1,1,12,1108
13,9989,"internal.metrics.executorDeserializeCpuTime",976945,1444459,6125037,1508289944
13,9990,"internal.metrics.executorRunTime",107,113,3334,156658
13,9991,"internal.metrics.executorCpuTime",36710409,54378058,2630175259,56770969685
13,9992,"internal.metrics.resultSize",2682,2723,2940,2846362
13,9993,"internal.metrics.jvmGCTime",11,27,65,585
13,9997,"internal.metrics.peakExecutionMemory",32768,1390246,268435456,1451687936
13,10016,"internal.metrics.shuffle.write.bytesWritten",14441574,66651198,77101969,399907192
13,10017,"internal.metrics.shuffle.write.recordsWritten",445132,2063032,2386817,12378203
13,10018,"internal.metrics.shuffle.write.writeTime",10395174,33473504,40385483,200841038
13,10019,"internal.metrics.input.bytesRead",1005925,1005925,1035197,1050360469
13,10020,"internal.metrics.input.recordsRead",460000,2085083,2410100,12510500
16,7024,"remote blocks read",57,92,120,4315
16,7025,"local blocks read",19,35,60,485
16,7026,"remote bytes read",2925039,6389988,7327739,261989868
16,7028,"local bytes read",1317878,2285765,4215620,29714989
16,7029,"fetch wait time",0,12,125,611
16,7030,"records read",290472,301896,311018,12378203
16,7039,"remote reqs duration",85,366,698,15446
16,7053,"remote blocks read",399,421,460,17682
16,7054,"local blocks read",38,45,80,2318
16,7055,"remote bytes read",587803,638508,686923,26179256
16,7057,"local bytes read",55113,83652,120248,3430107
16,7058,"fetch wait time",0,0,0,0
16,7059,"records read",47171,48679,50368,1996276
16,7068,"remote reqs duration",154,605,872,25243
16,10831,"data size",10543600,11090382,11479360,454706080
16,10850,"shuffle bytes written",4449866,4682551,4831393,191985078
16,10851,"shuffle records written",131795,138620,143492,5683826
16,10852,"shuffle write time",5189089,5788170,7807657,237315485
16,10853,"duration",268,660,934,27424
16,10854,"number of output rows",131795,138620,143492,5683826
16,10855,"spill size",0,0,0,0
16,10858,"sort time",8,75,142,3469
16,10859,"peak memory",83886080,83886080,83886080,3439329280
16,10860,"spill size",0,0,0,0
16,10864,"duration",363,981,1938,40582
16,10865,"sort time",1,1,2,43
16,10866,"peak memory",69206016,69206016,69206016,2837446656
16,10867,"spill size",0,0,0,0
16,12996,"internal.metrics.executorDeserializeTime",2,39,112,1988
16,12997,"internal.metrics.executorDeserializeCpuTime",2736610,22846707,78994403,936715368
16,12998,"internal.metrics.executorRunTime",414,1035,1313,42843
16,12999,"internal.metrics.executorCpuTime",374924160,831834680,1100616644,34105222288
16,13000,"internal.metrics.resultSize",7951,7951,7995,326532
16,13001,"internal.metrics.jvmGCTime",74,140,179,1700
16,13005,"internal.metrics.peakExecutionMemory",224395264,224395264,224395264,9200205824
16,13007,"internal.metrics.shuffle.read.remoteBlocksFetched",456,525,580,21997
16,13008,"internal.metrics.shuffle.read.localBlocksFetched",38,60,140,2803
16,13009,"internal.metrics.shuffle.read.remoteBytesRead",3521432,7028504,7989544,288169124
16,13010,"internal.metrics.shuffle.read.remoteBytesReadToDisk",0,0,0,0
16,13011,"internal.metrics.shuffle.read.localBytesRead",55113,808408,4334063,33145096
16,13012,"internal.metrics.shuffle.read.fetchWaitTime",0,12,125,611
16,13013,"internal.metrics.shuffle.read.recordsRead",337872,350586,361331,14374479
16,13014,"internal.metrics.shuffle.push.read.corruptMergedBlockChunks",0,0,0,0
16,13015,"internal.metrics.shuffle.push.read.mergedFetchFallbackCount",0,0,0,0
16,13016,"internal.metrics.shuffle.push.read.remoteMergedBlocksFetched",0,0,0,0
16,13017,"internal.metrics.shuffle.push.read.localMergedBlocksFetched",0,0,0,0
16,13018,"internal.metrics.shuffle.push.read.remoteMergedChunksFetched",0,0,0,0
16,13019,"internal.metrics.shuffle.push.read.localMergedChunksFetched",0,0,0,0
16,13020,"internal.metrics.shuffle.push.read.remoteMergedBytesRead",0,0,0,0
16,13021,"internal.metrics.shuffle.push.read.localMergedBytesRead",0,0,0,0
16,13022,"internal.metrics.shuffle.read.remoteReqsDuration",239,983,1570,40689
16,13023,"internal.metrics.shuffle.push.read.remoteMergedReqsDuration",0,0,0,0
16,13024,"internal.metrics.shuffle.write.bytesWritten",4449866,4682551,4831393,191985078
16,13025,"internal.metrics.shuffle.write.recordsWritten",131795,138620,143492,5683826
16,13026,"internal.metrics.shuffle.write.writeTime",5189089,5788170,7807657,237315485
21,6533,"remote blocks read",399,412,440,17191
21,6534,"local blocks read",57,57,80,2809
21,6535,"remote bytes read",406149,429606,452456,17614222
21,6537,"local bytes read",58073,70310,83123,2883158
21,6538,"fetch wait time",0,0,0,0
21,6539,"records read",70643,73161,75802,3000000
21,6548,"remote reqs duration",59,208,514,8908
21,10833,"remote blocks read",627,630,660,26400
21,10834,"local blocks read",152,152,160,6400
21,10835,"remote bytes read",3636399,3765763,3868999,154396772
21,10837,"local bytes read",883250,916777,949447,37588306
21,10838,"fetch wait time",0,0,81,177
21,10839,"records read",134110,138623,142246,5683826
21,10848,"remote reqs duration",69,192,437,8288
21,13811,"data size",2019888,2146012,2264112,87986880
21,13830,"shuffle bytes written",885868,933692,980495,38281824
21,13831,"shuffle records written",28054,29797,31446,1222040
21,13832,"shuffle write time",3252135,3859939,5753841,158257927
21,13833,"duration",172,248,376,10556
21,13834,"number of output rows",28054,29797,31446,1222040
21,13835,"spill size",0,0,0,0
21,13837,"duration",178,266,442,11318
21,13838,"sort time",3,3,6,148
21,13839,"peak memory",75497472,75497472,75497472,3095396352
21,13840,"spill size",0,0,0,0
21,13845,"sort time",1,1,3,59
21,13846,"peak memory",71303168,71303168,71303168,2923429888
21,13847,"spill size",0,0,0,0
21,15734,"internal.metrics.executorDeserializeTime",2,2,16,221
21,15735,"internal.metrics.executorDeserializeCpuTime",2472529,4317046,10462611,176999212
21,15736,"internal.metrics.executorRunTime",253,370,714,15618
21,15737,"internal.metrics.executorCpuTime",253811557,343339166,525421595,14076906206
21,15738,"internal.metrics.resultSize",11591,11591,11635,475596
21,15739,"internal.metrics.jvmGCTime",69,103,140,836
21,15743,"internal.metrics.peakExecutionMemory",214433792,214433792,214433792,8791785472
21,15745,"internal.metrics.shuffle.read.remoteBlocksFetched",1026,1053,1100,43591
21,15746,"internal.metrics.shuffle.read.localBlocksFetched",209,215,240,9209
21,15747,"internal.metrics.shuffle.read.remoteBytesRead",4044340,4195379,4318786,172010994
21,15748,"internal.metrics.shuffle.read.remoteBytesReadToDisk",0,0,0,0
21,15749,"internal.metrics.shuffle.read.localBytesRead",941599,987099,1032234,40471464
21,15750,"internal.metrics.shuffle.read.fetchWaitTime",0,0,81,177
21,15751,"internal.metrics.shuffle.read.recordsRead",205051,211792,217361,8683826
21,15752,"internal.metrics.shuffle.push.read.corruptMergedBlockChunks",0,0,0,0
21,15753,"internal.metrics.shuffle.push.read.mergedFetchFallbackCount",0,0,0,0
21,15754,"internal.metrics.shuffle.push.read.remoteMergedBlocksFetched",0,0,0,0
21,15755,"internal.metrics.shuffle.push.read.localMergedBlocksFetched",0,0,0,0
21,15756,"internal.metrics.shuffle.push.read.remoteMergedChunksFetched",0,0,0,0
21,15757,"internal.metrics.shuffle.push.read.localMergedChunksFetched",0,0,0,0
21,15758,"internal.metrics.shuffle.push.read.remoteMergedBytesRead",0,0,0,0
21,15759,"internal.metrics.shuffle.push.read.localMergedBytesRead",0,0,0,0
21,15760,"internal.metrics.shuffle.read.remoteReqsDuration",128,409,830,17196
21,15761,"internal.metrics.shuffle.push.read.remoteMergedReqsDuration",0,0,0,0
21,15762,"internal.metrics.shuffle.write.bytesWritten",885868,933692,980495,38281824
21,15763,"internal.metrics.shuffle.write.recordsWritten",28054,29797,31446,1222040
21,15764,"internal.metrics.shuffle.write.writeTime",3252135,3859939,5753841,158257927
23,6259,"remote blocks read",378,393,420,16409
23,6260,"local blocks read",72,76,100,3591
23,6261,"remote bytes read",442287,470331,498354,19283905
23,6263,"local bytes read",84645,103211,118645,4232087
23,6264,"fetch wait time",0,0,0,0
23,6265,"records read",67189,73162,75789,3000000
23,6274,"remote reqs duration",24,109,324,4991
23,10833,"remote blocks read",627,632,666,52872
23,10834,"local blocks read",72,150,160,12728
23,10835,"remote bytes read",3654206,3776544,3883803,309235570
23,10837,"local bytes read",416107,905995,949447,74734586
23,10838,"fetch wait time",0,0,45,293
23,10839,"records read",127211,138619,142246,11367652
23,10848,"remote reqs duration",72,130,397,14000
23,15249,"data size",2560128,2861353,3018816,117315840
23,15268,"shuffle bytes written",1009926,1110275,1165794,45521681
23,15269,"shuffle records written",26668,29796,31446,1222040
23,15270,"shuffle write time",3375198,3858977,5568777,158218385
23,15271,"duration",171,248,377,10515
23,15272,"number of output rows",26668,29796,31446,1222040
23,15273,"spill size",0,0,0,0
23,15275,"duration",177,256,417,10914
23,15276,"sort time",3,3,7,148
23,15277,"peak memory",71303168,75395171,75497472,3091202048
23,15278,"spill size",0,0,0,0
23,15283,"sort time",1,1,3,60
23,15284,"peak memory",71303168,71303168,71303168,2923429888
23,15285,"spill size",0,0,0,0
23,15769,"internal.metrics.executorDeserializeTime",2,2,33,166
23,15770,"internal.metrics.executorDeserializeCpuTime",2679424,3632630,10009847,148938181
23,15771,"internal.metrics.executorRunTime",264,341,513,14478
23,15772,"internal.metrics.executorCpuTime",264234568,332247391,508251190,13622143493
23,15773,"internal.metrics.resultSize",11591,11591,11635,475596
23,15774,"internal.metrics.jvmGCTime",36,85,138,696
23,15778,"internal.metrics.peakExecutionMemory",210239488,214331491,214433792,8787591168
23,15780,"internal.metrics.shuffle.read.remoteBlocksFetched",1007,1034,1080,42881
23,15781,"internal.metrics.shuffle.read.localBlocksFetched",144,232,260,9919
23,15782,"internal.metrics.shuffle.read.remoteBytesRead",4115256,4246886,4348474,174122703
23,15783,"internal.metrics.shuffle.read.remoteBytesReadToDisk",0,0,0,0
23,15784,"internal.metrics.shuffle.read.localBytesRead",500752,1009219,1059225,41378367
23,15785,"internal.metrics.shuffle.read.fetchWaitTime",0,0,45,116
23,15786,"internal.metrics.shuffle.read.recordsRead",194400,211791,217192,8683826
23,15787,"internal.metrics.shuffle.push.read.corruptMergedBlockChunks",0,0,0,0
23,15788,"internal.metrics.shuffle.push.read.mergedFetchFallbackCount",0,0,0,0
23,15789,"internal.metrics.shuffle.push.read.remoteMergedBlocksFetched",0,0,0,0
23,15790,"internal.metrics.shuffle.push.read.localMergedBlocksFetched",0,0,0,0
23,15791,"internal.metrics.shuffle.push.read.remoteMergedChunksFetched",0,0,0,0
23,15792,"internal.metrics.shuffle.push.read.localMergedChunksFetched",0,0,0,0
23,15793,"internal.metrics.shuffle.push.read.remoteMergedBytesRead",0,0,0,0
23,15794,"internal.metrics.shuffle.push.read.localMergedBytesRead",0,0,0,0
23,15795,"internal.metrics.shuffle.read.remoteReqsDuration",101,251,720,10703
23,15796,"internal.metrics.shuffle.push.read.remoteMergedReqsDuration",0,0,0,0
23,15797,"internal.metrics.shuffle.write.bytesWritten",1009926,1110275,1165794,45521681
23,15798,"internal.metrics.shuffle.write.recordsWritten",26668,29796,31446,1222040
23,15799,"internal.metrics.shuffle.write.writeTime",3375198,3858977,5568777,158218385
27,6288,"remote blocks read",399,420,483,17614
27,6289,"local blocks read",36,46,84,2386
27,6290,"remote bytes read",238823,261056,292333,10703699
27,6292,"local bytes read",21405,35253,51400,1445832
27,6293,"fetch wait time",0,0,0,0
27,6294,"records read",11218,12187,13151,500000
27,6303,"remote reqs duration",29,63,169,3031
27,13813,"remote blocks read",378,391,441,16407
27,13814,"local blocks read",360,392,441,16393
27,13815,"remote bytes read",439587,465980,508283,19105585
27,13817,"local bytes read",438324,467703,499813,19176239
27,13818,"fetch wait time",0,4,90,318
27,13819,"records read",28478,29796,31773,1222040
27,13828,"remote reqs duration",17,32,149,1639
27,17051,"data size",3157584,3311090,3525304,135755016
27,17070,"shuffle bytes written",1209124,1265853,1349156,51900414
27,17071,"shuffle records written",28478,29796,31773,1222040
27,17072,"shuffle write time",3455450,3934277,5308609,161305788
27,17073,"duration",103,148,250,6441
27,17074,"number of output rows",28478,29796,31773,1222040
27,17075,"spill size",0,0,0,0
27,17077,"duration",108,154,268,6734
27,17078,"sort time",0,0,45,46
27,17079,"peak memory",68157440,68157440,68157440,2794455040
27,17080,"spill size",0,0,0,0
27,17084,"duration",105,151,251,3592
27,17085,"sort time",0,0,0,0
27,17086,"peak memory",67633152,67633152,67633152,2772959232
27,17087,"spill size",0,0,0,0
27,18374,"internal.metrics.executorDeserializeTime",2,2,9,137
27,18375,"internal.metrics.executorDeserializeCpuTime",2570285,3549694,5165831,145537838
27,18376,"internal.metrics.executorRunTime",190,255,366,10839
27,18377,"internal.metrics.executorCpuTime",190140830,237726746,359285636,9746797053
27,18378,"internal.metrics.resultSize",15231,15235,15275,624835
27,18379,"internal.metrics.jvmGCTime",44,91,139,732
27,18383,"internal.metrics.peakExecutionMemory",203423744,203423744,203423744,8340373504
27,18385,"internal.metrics.shuffle.read.remoteBlocksFetched",779,818,924,34021
27,18386,"internal.metrics.shuffle.read.localBlocksFetched",396,446,525,18779
27,18387,"internal.metrics.shuffle.read.remoteBytesRead",683553,727044,798960,29809284
27,18388,"internal.metrics.shuffle.read.remoteBytesReadToDisk",0,0,0,0
27,18389,"internal.metrics.shuffle.read.localBytesRead",462014,502966,546335,20622071
27,18390,"internal.metrics.shuffle.read.fetchWaitTime",0,4,90,318
27,18391,"internal.metrics.shuffle.read.recordsRead",40537,41991,44843,1722040
27,18392,"internal.metrics.shuffle.push.read.corruptMergedBlockChunks",0,0,0,0
27,18393,"internal.metrics.shuffle.push.read.mergedFetchFallbackCount",0,0,0,0
27,18394,"internal.metrics.shuffle.push.read.remoteMergedBlocksFetched",0,0,0,0
27,18395,"internal.metrics.shuffle.push.read.localMergedBlocksFetched",0,0,0,0
27,18396,"internal.metrics.shuffle.push.read.remoteMergedChunksFetched",0,0,0,0
27,18397,"internal.metrics.shuffle.push.read.localMergedChunksFetched",0,0,0,0
27,18398,"internal.metrics.shuffle.push.read.remoteMergedBytesRead",0,0,0,0
27,18399,"internal.metrics.shuffle.push.read.localMergedBytesRead",0,0,0,0
27,18400,"internal.metrics.shuffle.read.remoteReqsDuration",51,103,315,4670
27,18401,"internal.metrics.shuffle.push.read.remoteMergedReqsDuration",0,0,0,0
27,18402,"internal.metrics.shuffle.write.bytesWritten",1209124,1265853,1349156,51900414
27,18403,"internal.metrics.shuffle.write.recordsWritten",28478,29796,31773,1222040
27,18404,"internal.metrics.shuffle.write.writeTime",3455450,3934277,5308609,161305788
30,6288,"remote blocks read",378,420,483,35190
30,6289,"local blocks read",36,47,84,4810
30,6290,"remote bytes read",230456,260341,294916,21378066
30,6292,"local bytes read",21405,35971,51231,2920996
30,6293,"fetch wait time",0,0,4,8
30,6294,"records read",11207,12186,13149,1000000
30,6303,"remote reqs duration",39,91,171,7134
30,15251,"remote blocks read",378,399,441,16800
30,15252,"local blocks read",360,380,420,16000
30,15253,"remote bytes read",539414,567311,610150,23260225
30,15255,"local bytes read",522717,542953,576064,22261456
30,15256,"fetch wait time",0,0,41,160
30,15257,"records read",28372,29798,31773,1222040
30,15266,"remote reqs duration",19,36,120,1915
30,20497,"data size",3839736,4026427,4287856,165083976
30,20516,"shuffle bytes written",1382591,1448543,1544417,59390774
30,20517,"shuffle records written",28372,29798,31773,1222040
30,20518,"shuffle write time",3644597,4126367,6868573,169181439
30,20519,"duration",109,151,268,6693
30,20520,"number of output rows",28372,29798,31773,1222040
30,20521,"spill size",0,0,0,0
30,20523,"duration",112,163,312,7085
30,20524,"sort time",0,0,0,0
30,20525,"peak memory",68157440,68157440,68157440,2794455040
30,20526,"spill size",0,0,0,0
30,20530,"duration",109,150,265,3614
30,20531,"sort time",0,0,0,0
30,20532,"peak memory",67633152,67633152,67633152,2772959232
30,20533,"spill size",0,0,0,0
30,20948,"internal.metrics.executorDeserializeTime",2,2,10,134
30,20949,"internal.metrics.executorDeserializeCpuTime",2828787,3639160,5194087,149205952
30,20950,"internal.metrics.executorRunTime",194,264,422,11140
30,20951,"internal.metrics.executorCpuTime",194739628,257148439,389161874,10543086421
30,20952,"internal.metrics.resultSize",15231,15234,15274,624664
30,20953,"internal.metrics.jvmGCTime",52,52,52,208
30,20957,"internal.metrics.peakExecutionMemory",203423744,203423744,203423744,8340373504
30,20959,"internal.metrics.shuffle.read.remoteBlocksFetched",756,829,924,34376
30,20960,"internal.metrics.shuffle.read.localBlocksFetched",396,439,504,18424
30,20961,"internal.metrics.shuffle.read.remoteBytesRead",792260,827664,877104,33934592
30,20962,"internal.metrics.shuffle.read.remoteBytesReadToDisk",0,0,0,0
30,20963,"internal.metrics.shuffle.read.localBytesRead",547350,578933,626708,23736620
30,20964,"internal.metrics.shuffle.read.fetchWaitTime",0,0,41,168
30,20965,"internal.metrics.shuffle.read.recordsRead",40353,41990,44843,1722040
30,20966,"internal.metrics.shuffle.push.read.corruptMergedBlockChunks",0,0,0,0
30,20967,"internal.metrics.shuffle.push.read.mergedFetchFallbackCount",0,0,0,0
30,20968,"internal.metrics.shuffle.push.read.remoteMergedBlocksFetched",0,0,0,0
30,20969,"internal.metrics.shuffle.push.read.localMergedBlocksFetched",0,0,0,0
30,20970,"internal.metrics.shuffle.push.read.remoteMergedChunksFetched",0,0,0,0
30,20971,"internal.metrics.shuffle.push.read.localMergedChunksFetched",0,0,0,0
30,20972,"internal.metrics.shuffle.push.read.remoteMergedBytesRead",0,0,0,0
30,20973,"internal.metrics.shuffle.push.read.localMergedBytesRead",0,0,0,0
30,20974,"internal.metrics.shuffle.read.remoteReqsDuration",59,137,272,6018
30,20975,"internal.metrics.shuffle.push.read.remoteMergedReqsDuration",0,0,0,0
30,20976,"internal.metrics.shuffle.write.bytesWritten",1382591,1448543,1544417,59390774
30,20977,"internal.metrics.shuffle.write.recordsWritten",28372,29798,31773,1222040
30,20978,"internal.metrics.shuffle.write.writeTime",3644597,4126367,6868573,169181439
35,6591,"remote blocks read",13,24,72,1537
35,6593,"remote bytes read",1214,3415,6859,147387
35,6596,"fetch wait time",0,0,0,0
35,6597,"records read",38,106,226,5000
35,6606,"remote reqs duration",1,3,92,536
35,17053,"remote blocks read",140,371,756,16339
35,17054,"local blocks read",140,368,794,16274
35,17055,"remote bytes read",503883,603835,944477,25965299
35,17057,"local bytes read",521812,603131,912963,25935115
35,17058,"fetch wait time",0,0,46,150
35,17059,"records read",19281,28411,44961,1222040
35,17068,"remote reqs duration",10,31,101,1794
35,22202,"data size",1987336,2929724,4636472,125978696
35,22221,"shuffle bytes written",800163,1132990,1733089,48719054
35,22222,"shuffle records written",19281,28411,44961,1222040
35,22223,"shuffle write time",2355296,2760442,4384782,118699483
35,22224,"duration",46,97,225,4629
35,22225,"number of output rows",19281,28411,44961,1222040
35,22226,"spill size",0,0,0,0
35,22228,"duration",49,103,252,4844
35,22229,"sort time",0,0,0,0
35,22230,"peak memory",68157440,68206206,69206016,2932867072
35,22231,"spill size",0,0,0,0
35,22235,"duration",47,102,238,4721
35,22236,"sort time",0,0,0,0
35,22237,"peak memory",67174400,67174400,67174400,2888499200
35,22238,"spill size",0,0,0,0
35,23429,"internal.metrics.executorDeserializeTime",2,2,10,150
35,23430,"internal.metrics.executorDeserializeCpuTime",2931533,3680686,5596934,158269973
35,23431,"internal.metrics.executorRunTime",106,171,334,7887
35,23432,"internal.metrics.executorCpuTime",106347071,173097839,297982353,7443207584
35,23433,"internal.metrics.resultSize",18871,18871,18915,811646
35,23434,"internal.metrics.jvmGCTime",43,43,43,172
35,23438,"internal.metrics.peakExecutionMemory",202964992,203038144,204537856,8730640384
35,23440,"internal.metrics.shuffle.read.remoteBlocksFetched",154,404,828,17876
35,23441,"internal.metrics.shuffle.read.localBlocksFetched",140,368,794,16274
35,23442,"internal.metrics.shuffle.read.remoteBytesRead",505794,607260,949128,26112686
35,23443,"internal.metrics.shuffle.read.remoteBytesReadToDisk",0,0,0,0
35,23444,"internal.metrics.shuffle.read.localBytesRead",521812,603131,912963,25935115
35,23445,"internal.metrics.shuffle.read.fetchWaitTime",0,0,46,150
35,23446,"internal.metrics.shuffle.read.recordsRead",19507,28525,45116,1227040
35,23447,"internal.metrics.shuffle.push.read.corruptMergedBlockChunks",0,0,0,0
35,23448,"internal.metrics.shuffle.push.read.mergedFetchFallbackCount",0,0,0,0
35,23449,"internal.metrics.shuffle.push.read.remoteMergedBlocksFetched",0,0,0,0
35,23450,"internal.metrics.shuffle.push.read.localMergedBlocksFetched",0,0,0,0
35,23451,"internal.metrics.shuffle.push.read.remoteMergedChunksFetched",0,0,0,0
35,23452,"internal.metrics.shuffle.push.read.localMergedChunksFetched",0,0,0,0
35,23453,"internal.metrics.shuffle.push.read.remoteMergedBytesRead",0,0,0,0
35,23454,"internal.metrics.shuffle.push.read.localMergedBytesRead",0,0,0,0
35,23455,"internal.metrics.shuffle.read.remoteReqsDuration",18,44,184,2330
35,23456,"internal.metrics.shuffle.push.read.remoteMergedReqsDuration",0,0,0,0
35,23457,"internal.metrics.shuffle.write.bytesWritten",800163,1132990,1733089,48719054
35,23458,"internal.metrics.shuffle.write.recordsWritten",19281,28411,44961,1222040
35,23459,"internal.metrics.shuffle.write.writeTime",2355296,2760442,4384782,118699483
40,7317,"remote blocks read",9,17,57,1159
40,7318,"local blocks read",9,15,37,378
40,7319,"remote bytes read",1057,3587,7449,154640
40,7321,"local bytes read",1196,2621,4885,49902
40,7322,"fetch wait time",0,0,10,17
40,7323,"records read",38,107,229,5000
40,7332,"remote reqs duration",2,22,89,1333
40,20499,"remote blocks read",140,369,813,16299
40,20500,"local blocks read",147,368,778,16316
40,20501,"remote bytes read",549181,688499,1042965,29605880
40,20503,"local bytes read",574245,692660,1085010,29784894
40,20504,"fetch wait time",0,0,39,70
40,20505,"records read",19565,28411,44961,1222040
40,20514,"remote reqs duration",15,26,85,1632
40,25462,"data size",2879200,4180115,6681160,179745416
40,25481,"shuffle bytes written",1098115,1460040,2237777,62782155
40,25482,"shuffle records written",19565,28411,44961,1222040
40,25483,"shuffle write time",2342414,3161479,4642135,135944084
40,25484,"duration",50,104,234,4998
40,25485,"number of output rows",19565,28411,44961,1222040
40,25486,"spill size",0,0,0,0
40,25488,"duration",52,113,273,5277
40,25489,"sort time",0,0,1,1
40,25490,"peak memory",68157440,68206206,69206016,2932867072
40,25491,"spill size",0,0,0,0
40,25495,"duration",51,108,246,5073
40,25496,"sort time",0,0,0,0
40,25497,"peak memory",67174400,67174400,67174400,2888499200
40,25498,"spill size",0,0,0,0
40,25879,"internal.metrics.executorDeserializeTime",3,3,18,169
40,25880,"internal.metrics.executorDeserializeCpuTime",3038160,3866220,5228271,166247961
40,25881,"internal.metrics.executorRunTime",112,187,390,8476
40,25882,"internal.metrics.executorCpuTime",106684642,187642760,355264537,8068639096
40,25883,"internal.metrics.resultSize",18871,18871,18914,811649
40,25884,"internal.metrics.jvmGCTime",52,52,52,208
40,25888,"internal.metrics.peakExecutionMemory",202964992,203038144,204537856,8730640384
40,25890,"internal.metrics.shuffle.read.remoteBlocksFetched",154,395,850,17458
40,25891,"internal.metrics.shuffle.read.localBlocksFetched",147,378,815,16694
40,25892,"internal.metrics.shuffle.read.remoteBytesRead",555013,692095,1049393,29760520
40,25893,"internal.metrics.shuffle.read.remoteBytesReadToDisk",0,0,0,0
40,25894,"internal.metrics.shuffle.read.localBytesRead",574245,693822,1085010,29834796
40,25895,"internal.metrics.shuffle.read.fetchWaitTime",0,0,39,87
40,25896,"internal.metrics.shuffle.read.recordsRead",19794,28526,45116,1227040
40,25897,"internal.metrics.shuffle.push.read.corruptMergedBlockChunks",0,0,0,0
40,25898,"internal.metrics.shuffle.push.read.mergedFetchFallbackCount",0,0,0,0
40,25899,"internal.metrics.shuffle.push.read.remoteMergedBlocksFetched",0,0,0,0
40,25900,"internal.metrics.shuffle.push.read.localMergedBlocksFetched",0,0,0,0
40,25901,"internal.metrics.shuffle.push.read.remoteMergedChunksFetched",0,0,0,0
40,25902,"internal.metrics.shuffle.push.read.localMergedChunksFetched",0,0,0,0
40,25903,"internal.metrics.shuffle.push.read.remoteMergedBytesRead",0,0,0,0
40,25904,"internal.metrics.shuffle.push.read.localMergedBytesRead",0,0,0,0
40,25905,"internal.metrics.shuffle.read.remoteReqsDuration",18,59,147,2965
40,25906,"internal.metrics.shuffle.push.read.remoteMergedReqsDuration",0,0,0,0
40,25907,"internal.metrics.shuffle.write.bytesWritten",1098115,1460040,2237777,62782155
40,25908,"internal.metrics.shuffle.write.recordsWritten",19565,28411,44961,1222040
40,25909,"internal.metrics.shuffle.write.writeTime",2342414,3161479,4642135,135944084
43,6201,"remote blocks read",38,92,120,4250
43,6202,"local blocks read",38,58,80,550
43,6203,"remote bytes read",2261006,8931997,10381393,366212245
43,6205,"local bytes read",2271966,5395933,7983168,48563419
43,6206,"fetch wait time",0,35,311,1857
43,6207,"records read",290472,301896,309769,12378203
43,6216,"remote reqs duration",23,234,478,9986
43,6230,"remote blocks read",399,427,500,27355
43,6231,"local blocks read",76,76,80,3270
43,6232,"remote bytes read",727738,803371,922297,50159306
43,6234,"local bytes read",137093,143610,149776,5993754
43,6235,"fetch wait time",0,0,144,451
43,6236,"records read",47058,48681,50071,3057086
43,6245,"remote reqs duration",64,409,697,21928
43,26159,"data size",13706680,14417500,14923168,591117904
43,26178,"shuffle bytes written",6202994,6522130,6731699,267407734
43,26179,"shuffle records written",131795,138621,143492,5683826
43,26180,"shuffle write time",6277840,7350822,11406039,301384069
43,26181,"duration",298,476,855,19964
43,26182,"number of output rows",131795,138621,143492,5683826
43,26183,"spill size",0,0,0,0
43,26186,"sort time",8,16,132,869
43,26187,"peak memory",83886080,83886080,83886080,3439329280
43,26188,"spill size",0,0,0,0
43,26192,"duration",301,736,1824,30540
43,26193,"sort time",0,0,4,48
43,26194,"peak memory",69206016,69206016,69206016,2837446656
43,26195,"spill size",0,0,0,0
43,28183,"internal.metrics.executorDeserializeTime",2,13,128,761
43,28184,"internal.metrics.executorDeserializeCpuTime",2562224,8308117,67976446,340633171
43,28185,"internal.metrics.executorRunTime",463,784,1680,32639
43,28186,"internal.metrics.executorCpuTime",405161049,632774946,1254019133,25943773234
43,28187,"internal.metrics.resultSize",7951,7955,7996,326366
43,28188,"internal.metrics.jvmGCTime",65,119,175,960
43,28192,"internal.metrics.peakExecutionMemory",224395264,224395264,224395264,9200205824
43,28194,"internal.metrics.shuffle.read.remoteBlocksFetched",437,533,620,22214
43,28195,"internal.metrics.shuffle.read.localBlocksFetched",0,54,160,2586
43,28196,"internal.metrics.shuffle.read.remoteBytesRead",2995052,9735377,11297720,399150849
43,28197,"internal.metrics.shuffle.read.remoteBytesReadToDisk",0,0,0,0
43,28198,"internal.metrics.shuffle.read.localBytesRead",0,1275539,8128035,52297474
43,28199,"internal.metrics.shuffle.read.fetchWaitTime",0,45,311,2308
43,28200,"internal.metrics.shuffle.read.recordsRead",337872,350587,359786,14374479
43,28201,"internal.metrics.shuffle.push.read.corruptMergedBlockChunks",0,0,0,0
43,28202,"internal.metrics.shuffle.push.read.mergedFetchFallbackCount",0,0,0,0
43,28203,"internal.metrics.shuffle.push.read.remoteMergedBlocksFetched",0,0,0,0
43,28204,"internal.metrics.shuffle.push.read.localMergedBlocksFetched",0,0,0,0
43,28205,"internal.metrics.shuffle.push.read.remoteMergedChunksFetched",0,0,0,0
43,28206,"internal.metrics.shuffle.push.read.localMergedChunksFetched",0,0,0,0
43,28207,"internal.metrics.shuffle.push.read.remoteMergedBytesRead",0,0,0,0
43,28208,"internal.metrics.shuffle.push.read.localMergedBytesRead",0,0,0,0
43,28209,"internal.metrics.shuffle.read.remoteReqsDuration",87,654,1087,27172
43,28210,"internal.metrics.shuffle.push.read.remoteMergedReqsDuration",0,0,0,0
43,28211,"internal.metrics.shuffle.write.bytesWritten",6202994,6522130,6731699,267407734
43,28212,"internal.metrics.shuffle.write.recordsWritten",131795,138621,143492,5683826
43,28213,"internal.metrics.shuffle.write.writeTime",6277840,7350822,11406039,301384069
45,6230,"remote blocks read",399,425,500,35818
45,6231,"local blocks read",19,58,84,4182
45,6232,"remote bytes read",726015,798458,916854,65675790
45,6234,"local bytes read",34936,122974,154128,7669528
45,6235,"fetch wait time",0,0,62,599
45,6236,"records read",47028,48681,52400,3992552
45,6245,"remote reqs duration",85,277,613,28927
45,9494,"remote blocks read",57,92,126,4162
45,9495,"local blocks read",19,24,60,638
45,9496,"remote bytes read",5509104,8470848,10386829,347305133
45,9498,"local bytes read",1829230,2504855,4170508,52602059
45,9499,"fetch wait time",0,1,156,328
45,9500,"records read",292636,301898,321388,12378203
45,9509,"remote reqs duration",56,158,364,6911
45,28131,"data size",12771072,13308459,14009088,545647296
45,28150,"shuffle bytes written",6038314,6279771,6573871,257471067
45,28151,"shuffle records written",133032,138620,145928,5683826
45,28152,"shuffle write time",6064630,7046754,9744761,288917389
45,28153,"duration",254,366,587,15399
45,28154,"number of output rows",133032,138620,145928,5683826
45,28155,"spill size",0,0,0,0
45,28158,"sort time",8,8,15,405
45,28159,"peak memory",83886080,83886080,83886080,3439329280
45,28160,"spill size",0,0,0,0
45,28164,"duration",283,530,1076,22095
45,28165,"sort time",1,1,1,41
45,28166,"peak memory",69206016,69206016,69206016,2837446656
45,28167,"spill size",0,0,0,0
45,28218,"internal.metrics.executorDeserializeTime",2,2,72,397
45,28219,"internal.metrics.executorDeserializeCpuTime",2430550,4676329,14353631,191729932
45,28220,"internal.metrics.executorRunTime",421,567,825,23617
45,28221,"internal.metrics.executorCpuTime",399723687,531812407,704190844,21804309105
45,28222,"internal.metrics.resultSize",7951,7956,7995,326276
45,28223,"internal.metrics.jvmGCTime",37,106,142,642
45,28227,"internal.metrics.peakExecutionMemory",224395264,224395264,224395264,9200205824
45,28229,"internal.metrics.shuffle.read.remoteBlocksFetched",456,526,600,22016
45,28230,"internal.metrics.shuffle.read.localBlocksFetched",19,58,140,2784
45,28231,"internal.metrics.shuffle.read.remoteBytesRead",6235119,9269314,11194069,380042319
45,28232,"internal.metrics.shuffle.read.remoteBytesReadToDisk",0,0,0,0
45,28233,"internal.metrics.shuffle.read.localBytesRead",137057,1378953,4319143,56537532
45,28234,"internal.metrics.shuffle.read.fetchWaitTime",0,4,156,476
45,28235,"internal.metrics.shuffle.read.recordsRead",339664,350588,373788,14374479
45,28236,"internal.metrics.shuffle.push.read.corruptMergedBlockChunks",0,0,0,0
45,28237,"internal.metrics.shuffle.push.read.mergedFetchFallbackCount",0,0,0,0
45,28238,"internal.metrics.shuffle.push.read.remoteMergedBlocksFetched",0,0,0,0
45,28239,"internal.metrics.shuffle.push.read.localMergedBlocksFetched",0,0,0,0
45,28240,"internal.metrics.shuffle.push.read.remoteMergedChunksFetched",0,0,0,0
45,28241,"internal.metrics.shuffle.push.read.localMergedChunksFetched",0,0,0,0
45,28242,"internal.metrics.shuffle.push.read.remoteMergedBytesRead",0,0,0,0
45,28243,"internal.metrics.shuffle.push.read.localMergedBytesRead",0,0,0,0
45,28244,"internal.metrics.shuffle.read.remoteReqsDuration",141,446,916,18652
45,28245,"internal.metrics.shuffle.push.read.remoteMergedReqsDuration",0,0,0,0
45,28246,"internal.metrics.shuffle.write.bytesWritten",6038314,6279771,6573871,257471067
45,28247,"internal.metrics.shuffle.write.recordsWritten",133032,138620,145928,5683826
45,28248,"internal.metrics.shuffle.write.writeTime",6064630,7046754,9744761,288917389
52,6346,"remote blocks read",7,8,19,240
52,6347,"local blocks read",10,10,15,240
52,6348,"remote bytes read",840,1146,1807,24152
52,6350,"local bytes read",1031,1178,1392,23655
52,6351,"fetch wait time",0,0,0,0
52,6352,"records read",16,16,24,731
52,6361,"remote reqs duration",12,26,64,649
52,22204,"remote blocks read",154,243,418,10320
52,22205,"local blocks read",147,242,399,10320
52,22206,"remote bytes read",528898,594245,807098,24364439
52,22208,"local bytes read",520375,594004,817440,24354615
52,22209,"fetch wait time",0,0,22,51
52,22210,"records read",26672,29796,40038,1222040
52,22219,"remote reqs duration",13,22,103,1341
52,29320,"data size",3176424,3549534,4766528,145531336
52,29339,"shuffle bytes written",1261419,1363162,1774648,55889999
52,29340,"shuffle records written",26672,29796,40038,1222040
52,29341,"shuffle write time",3573519,5234783,48684338,214626558
52,29342,"duration",49,78,213,3590
52,29343,"number of output rows",26672,29796,40038,1222040
52,29344,"spill size",0,0,0,0
52,29346,"duration",51,85,309,3953
52,29347,"sort time",0,0,0,0
52,29348,"peak memory",68157440,68183015,69206016,2795503616
52,29349,"spill size",0,0,0,0
52,29353,"duration",49,80,241,3580
52,29354,"sort time",0,0,0,0
52,29355,"peak memory",67174400,67174400,67174400,2754150400
52,29356,"spill size",0,0,0,0
52,30389,"internal.metrics.executorDeserializeTime",3,3,18,168
52,30390,"internal.metrics.executorDeserializeCpuTime",3155883,4241340,10133543,173895306
52,30391,"internal.metrics.executorRunTime",131,180,412,7797
52,30392,"internal.metrics.executorCpuTime",131079670,179450204,323466782,7357458759
52,30393,"internal.metrics.resultSize",22511,22511,22555,923230
52,30394,"internal.metrics.jvmGCTime",37,39,42,242
52,30398,"internal.metrics.peakExecutionMemory",202964992,203003354,204537856,8323137536
52,30400,"internal.metrics.shuffle.read.remoteBlocksFetched",161,248,437,10560
52,30401,"internal.metrics.shuffle.read.localBlocksFetched",147,247,399,10560
52,30402,"internal.metrics.shuffle.read.remoteBytesRead",529832,594832,808905,24388591
52,30403,"internal.metrics.shuffle.read.remoteBytesReadToDisk",0,0,0,0
52,30404,"internal.metrics.shuffle.read.localBytesRead",520375,594583,817440,24378270
52,30405,"internal.metrics.shuffle.read.fetchWaitTime",0,0,22,51
52,30406,"internal.metrics.shuffle.read.recordsRead",26688,29814,40062,1222771
52,30407,"internal.metrics.shuffle.push.read.corruptMergedBlockChunks",0,0,0,0
52,30408,"internal.metrics.shuffle.push.read.mergedFetchFallbackCount",0,0,0,0
52,30409,"internal.metrics.shuffle.push.read.remoteMergedBlocksFetched",0,0,0,0
52,30410,"internal.metrics.shuffle.push.read.localMergedBlocksFetched",0,0,0,0
52,30411,"internal.metrics.shuffle.push.read.remoteMergedChunksFetched",0,0,0,0
52,30412,"internal.metrics.shuffle.push.read.localMergedChunksFetched",0,0,0,0
52,30413,"internal.metrics.shuffle.push.read.remoteMergedBytesRead",0,0,0,0
52,30414,"internal.metrics.shuffle.push.read.localMergedBytesRead",0,0,0,0
52,30415,"internal.metrics.shuffle.read.remoteReqsDuration",13,38,146,1990
52,30416,"internal.metrics.shuffle.push.read.remoteMergedReqsDuration",0,0,0,0
52,30417,"internal.metrics.shuffle.write.bytesWritten",1261419,1363162,1774648,55889999
52,30418,"internal.metrics.shuffle.write.recordsWritten",26672,29796,40038,1222040
52,30419,"internal.metrics.shuffle.write.writeTime",3573519,5234783,48684338,214626558
58,6346,"remote blocks read",7,9,15,481
58,6347,"local blocks read",8,8,14,479
58,6348,"remote bytes read",800,1136,1392,48139
58,6350,"local bytes read",882,1129,1345,47475
58,6351,"fetch wait time",0,0,0,0
58,6352,"records read",16,16,18,1462
58,6361,"remote reqs duration",8,23,47,1235
58,25464,"remote blocks read",133,235,336,10315
58,25465,"local blocks read",152,236,360,10325
58,25466,"remote bytes read",575564,748061,883492,31418999
58,25468,"local bytes read",612766,746733,882156,31363156
58,25469,"fetch wait time",0,0,16,54
58,25470,"records read",26683,29085,30451,1222040
58,25479,"remote reqs duration",11,21,97,1348
58,32177,"data size",4352040,4745183,4965816,199298056
58,32196,"shuffle bytes written",1648451,1770782,1847884,74373267
58,32197,"shuffle records written",26683,29085,30451,1222040
58,32198,"shuffle write time",3784834,5361921,38370332,225201113
58,32199,"duration",52,77,205,3716
58,32200,"number of output rows",26683,29085,30451,1222040
58,32201,"spill size",0,0,0,0
58,32203,"duration",54,82,249,3904
58,32204,"sort time",0,0,0,0
58,32205,"peak memory",68157440,68157440,68157440,2862612480
58,32206,"spill size",0,0,0,0
58,32210,"duration",52,79,216,3646
58,32211,"sort time",0,0,0,0
58,32212,"peak memory",67174400,67174400,67174400,2821324800
58,32213,"spill size",0,0,0,0
58,32529,"internal.metrics.executorDeserializeTime",3,3,10,158
58,32530,"internal.metrics.executorDeserializeCpuTime",3340249,4149756,7726195,174290199
58,32531,"internal.metrics.executorRunTime",142,181,344,8067
58,32532,"internal.metrics.executorCpuTime",142300207,186553100,341498014,7835230660
58,32533,"internal.metrics.resultSize",22511,22511,22555,945655
58,32534,"internal.metrics.jvmGCTime",34,34,34,136
58,32538,"internal.metrics.peakExecutionMemory",202964992,202964992,202964992,8524529664
58,32540,"internal.metrics.shuffle.read.remoteBlocksFetched",140,241,336,10556
58,32541,"internal.metrics.shuffle.read.localBlocksFetched",160,242,360,10564
58,32542,"internal.metrics.shuffle.read.remoteBytesRead",576364,748631,883492,31442986
58,32543,"internal.metrics.shuffle.read.remoteBytesReadToDisk",0,0,0,0
58,32544,"internal.metrics.shuffle.read.localBytesRead",613990,747300,882156,31386976
58,32545,"internal.metrics.shuffle.read.fetchWaitTime",0,0,16,54
58,32546,"internal.metrics.shuffle.read.recordsRead",26699,29103,30469,1222771
58,32547,"internal.metrics.shuffle.push.read.corruptMergedBlockChunks",0,0,0,0
58,32548,"internal.metrics.shuffle.push.read.mergedFetchFallbackCount",0,0,0,0
58,32549,"internal.metrics.shuffle.push.read.remoteMergedBlocksFetched",0,0,0,0
58,32550,"internal.metrics.shuffle.push.read.localMergedBlocksFetched",0,0,0,0
58,32551,"internal.metrics.shuffle.push.read.remoteMergedChunksFetched",0,0,0,0
58,32552,"internal.metrics.shuffle.push.read.localMergedChunksFetched",0,0,0,0
58,32553,"internal.metrics.shuffle.push.read.remoteMergedBytesRead",0,0,0,0
58,32554,"internal.metrics.shuffle.push.read.localMergedBytesRead",0,0,0,0
58,32555,"internal.metrics.shuffle.read.remoteReqsDuration",14,35,98,1934
58,32556,"internal.metrics.shuffle.push.read.remoteMergedReqsDuration",0,0,0,0
58,32557,"internal.metrics.shuffle.write.bytesWritten",1648451,1770782,1847884,74373267
58,32558,"internal.metrics.shuffle.write.recordsWritten",26683,29085,30451,1222040
58,32559,"internal.metrics.shuffle.write.writeTime",3784834,5361921,38370332,225201113
61,6259,"remote blocks read",399,440,500,34841
61,6260,"local blocks read",76,76,84,5159
61,6261,"remote bytes read",467174,528554,588868,40954967
61,6263,"local bytes read",87690,92242,98322,6077017
61,6264,"fetch wait time",0,0,0,0
61,6265,"records read",70750,73162,78454,6000000
61,6274,"remote reqs duration",72,169,377,12377
61,26161,"remote blocks read",627,630,693,26400
61,26162,"local blocks read",152,152,168,6400
61,26163,"remote bytes read",5071023,5247781,5630082,215159376
61,26165,"local bytes read",1236292,1274340,1348864,52248358
61,26166,"fetch wait time",0,0,5,5
61,26167,"records read",134260,138620,148295,5683826
61,26176,"remote reqs duration",81,191,436,8241
61,32781,"data size",3364320,3576693,3773520,146644800
61,32800,"shuffle bytes written",1440215,1522320,1598244,62415510
61,32801,"shuffle records written",28036,29797,31446,1222040
61,32802,"shuffle write time",3594113,4267147,6370486,174953448
61,32803,"duration",183,255,373,10891
61,32804,"number of output rows",28036,29797,31446,1222040
61,32805,"spill size",0,0,0,0
61,32807,"duration",188,271,426,11519
61,32808,"sort time",3,3,5,140
61,32809,"peak memory",75497472,75497472,75497472,3095396352
61,32810,"spill size",0,0,0,0
61,32815,"sort time",1,1,3,55
61,32816,"peak memory",71303168,71303168,71303168,2923429888
61,32817,"spill size",0,0,0,0
61,34554,"internal.metrics.executorDeserializeTime",2,2,11,166
61,34555,"internal.metrics.executorDeserializeCpuTime",2393109,3562627,6355235,146068061
61,34556,"internal.metrics.executorRunTime",271,369,573,15508
61,34557,"internal.metrics.executorCpuTime",268553291,352378679,502510505,14447526221
61,34558,"internal.metrics.resultSize",11591,11592,11635,475596
61,34559,"internal.metrics.jvmGCTime",62,70,81,572
61,34563,"internal.metrics.peakExecutionMemory",214433792,214433792,214433792,8791785472
61,34565,"internal.metrics.shuffle.read.remoteBlocksFetched",1026,1086,1160,44832
61,34566,"internal.metrics.shuffle.read.localBlocksFetched",152,183,252,7968
61,34567,"internal.metrics.shuffle.read.remoteBytesRead",5539689,5776342,6146994,236830438
61,34568,"internal.metrics.shuffle.read.remoteBytesReadToDisk",0,0,0,0
61,34569,"internal.metrics.shuffle.read.localBytesRead",1236292,1319336,1447186,54093288
61,34570,"internal.metrics.shuffle.read.fetchWaitTime",0,0,5,5
61,34571,"internal.metrics.shuffle.read.recordsRead",205238,211791,226749,8683826
61,34572,"internal.metrics.shuffle.push.read.corruptMergedBlockChunks",0,0,0,0
61,34573,"internal.metrics.shuffle.push.read.mergedFetchFallbackCount",0,0,0,0
61,34574,"internal.metrics.shuffle.push.read.remoteMergedBlocksFetched",0,0,0,0
61,34575,"internal.metrics.shuffle.push.read.localMergedBlocksFetched",0,0,0,0
61,34576,"internal.metrics.shuffle.push.read.remoteMergedChunksFetched",0,0,0,0
61,34577,"internal.metrics.shuffle.push.read.localMergedChunksFetched",0,0,0,0
61,34578,"internal.metrics.shuffle.push.read.remoteMergedBytesRead",0,0,0,0
61,34579,"internal.metrics.shuffle.push.read.localMergedBytesRead",0,0,0,0
61,34580,"internal.metrics.shuffle.read.remoteReqsDuration",158,371,813,15627
61,34581,"internal.metrics.shuffle.push.read.remoteMergedReqsDuration",0,0,0,0
61,34582,"internal.metrics.shuffle.write.bytesWritten",1440215,1522320,1598244,62415510
61,34583,"internal.metrics.shuffle.write.recordsWritten",28036,29797,31446,1222040
61,34584,"internal.metrics.shuffle.write.writeTime",3594113,4267147,6370486,174953448
62,6533,"remote blocks read",399,428,480,53110
62,6534,"local blocks read",19,42,84,6890
62,6535,"remote bytes read",405540,449318,494106,54429251
62,6537,"local bytes read",18566,50598,85800,7062889
62,6538,"fetch wait time",0,0,0,0
62,6539,"records read",70750,73160,78454,9000000
62,6548,"remote reqs duration",78,178,413,27347
62,26161,"remote blocks read",627,632,756,52863
62,26162,"local blocks read",105,150,160,12737
62,26163,"remote bytes read",5071023,5259387,6108868,430794587
62,26165,"local bytes read",870078,1262736,1310036,104020881
62,26166,"fetch wait time",0,0,0,5
62,26167,"records read",134260,138620,148295,11367652
62,26176,"remote reqs duration",74,146,306,14603
62,32929,"data size",2691456,2861353,3018816,117315840
62,32948,"shuffle bytes written",1275930,1348573,1415723,55291870
62,32949,"shuffle records written",28036,29796,31446,1222040
62,32950,"shuffle write time",3462156,3925760,5533811,160956533
62,32951,"duration",176,234,362,10019
62,32952,"number of output rows",28036,29796,31446,1222040
62,32953,"spill size",0,0,0,0
62,32955,"duration",181,242,396,10404
62,32956,"sort time",3,3,5,135
62,32957,"peak memory",75497472,75497472,75497472,3095396352
62,32958,"spill size",0,0,0,0
62,32963,"sort time",1,1,3,55
62,32964,"peak memory",71303168,71303168,71303168,2923429888
62,32965,"spill size",0,0,0,0
62,34589,"internal.metrics.executorDeserializeTime",2,2,9,115
62,34590,"internal.metrics.executorDeserializeCpuTime",2472163,3245227,5686515,133054772
62,34591,"internal.metrics.executorRunTime",259,334,509,14112
62,34592,"internal.metrics.executorCpuTime",258636253,328835925,479771740,13482273280
62,34593,"internal.metrics.resultSize",11591,11594,11635,475596
62,34594,"internal.metrics.jvmGCTime",46,66,87,532
62,34598,"internal.metrics.peakExecutionMemory",214433792,214433792,214433792,8791785472
62,34600,"internal.metrics.shuffle.read.remoteBlocksFetched",1026,1073,1197,44439
62,34601,"internal.metrics.shuffle.read.localBlocksFetched",171,195,240,8361
62,34602,"internal.metrics.shuffle.read.remoteBytesRead",5479401,5708714,6559604,234057666
62,34603,"internal.metrics.shuffle.read.remoteBytesReadToDisk",0,0,0,0
62,34604,"internal.metrics.shuffle.read.localBytesRead",955878,1313341,1389558,53847448
62,34605,"internal.metrics.shuffle.read.fetchWaitTime",0,0,0,0
62,34606,"internal.metrics.shuffle.read.recordsRead",205238,211792,226749,8683826
62,34607,"internal.metrics.shuffle.push.read.corruptMergedBlockChunks",0,0,0,0
62,34608,"internal.metrics.shuffle.push.read.mergedFetchFallbackCount",0,0,0,0
62,34609,"internal.metrics.shuffle.push.read.remoteMergedBlocksFetched",0,0,0,0
62,34610,"internal.metrics.shuffle.push.read.localMergedBlocksFetched",0,0,0,0
62,34611,"internal.metrics.shuffle.push.read.remoteMergedChunksFetched",0,0,0,0
62,34612,"internal.metrics.shuffle.push.read.localMergedChunksFetched",0,0,0,0
62,34613,"internal.metrics.shuffle.push.read.remoteMergedBytesRead",0,0,0,0
62,34614,"internal.metrics.shuffle.push.read.localMergedBytesRead",0,0,0,0
62,34615,"internal.metrics.shuffle.read.remoteReqsDuration",157,331,707,14034
62,34616,"internal.metrics.shuffle.push.read.remoteMergedReqsDuration",0,0,0,0
62,34617,"internal.metrics.shuffle.write.bytesWritten",1275930,1348573,1415723,55291870
62,34618,"internal.metrics.shuffle.write.recordsWritten",28036,29796,31446,1222040
62,34619,"internal.metrics.shuffle.write.writeTime",3462156,3925760,5533811,160956533
65,6533,"remote blocks read",399,426,500,35134
65,6534,"local blocks read",18,53,80,4866
65,6535,"remote bytes read",405087,448587,516579,36006796
65,6537,"local bytes read",18312,63773,82918,4987964
65,6538,"fetch wait time",0,0,0,0
65,6539,"records read",67189,73160,75789,6000000
65,6548,"remote reqs duration",144,252,420,19675
65,28133,"remote blocks read",646,709,820,29425
65,28134,"local blocks read",76,95,140,3375
65,28135,"remote bytes read",5065327,5633318,6438014,230966425
65,28137,"local bytes read",602006,803162,1103803,26504642
65,28138,"fetch wait time",0,0,0,0
65,28139,"records read",127211,138620,142246,5683826
65,28148,"remote reqs duration",124,286,541,12134
65,36494,"data size",2346784,2622904,2767248,107539520
65,36513,"shuffle bytes written",1175689,1296173,1359828,53143458
65,36514,"shuffle records written",26668,29795,31446,1222040
65,36515,"shuffle write time",3435225,4072903,6604088,166989458
65,36516,"duration",178,306,389,12984
65,36517,"number of output rows",26668,29795,31446,1222040
65,36518,"spill size",0,0,0,0
65,36520,"duration",184,341,460,14374
65,36521,"sort time",3,3,6,145
65,36522,"peak memory",71303168,75395171,75497472,3091202048
65,36523,"spill size",0,0,0,0
65,36528,"sort time",1,1,3,63
65,36529,"peak memory",71303168,71303168,71303168,2923429888
65,36530,"spill size",0,0,0,0
65,36543,"internal.metrics.executorDeserializeTime",2,3,28,331
65,36544,"internal.metrics.executorDeserializeCpuTime",2693947,5259817,18743172,215652916
65,36545,"internal.metrics.executorRunTime",284,460,685,19306
65,36546,"internal.metrics.executorCpuTime",283657376,424071670,585698442,17386938867
65,36547,"internal.metrics.resultSize",11591,11595,11635,475867
65,36548,"internal.metrics.jvmGCTime",17,42,97,548
65,36549,"internal.metrics.resultSerializationTime",1,1,1,2
65,36552,"internal.metrics.peakExecutionMemory",210239488,214331491,214433792,8787591168
65,36554,"internal.metrics.shuffle.read.remoteBlocksFetched",1045,1148,1320,47368
65,36555,"internal.metrics.shuffle.read.localBlocksFetched",0,122,220,5432
65,36556,"internal.metrics.shuffle.read.remoteBytesRead",5484577,6081917,6948514,249358999
65,36557,"internal.metrics.shuffle.read.remoteBytesReadToDisk",0,0,0,0
65,36558,"internal.metrics.shuffle.read.localBytesRead",0,697781,1185794,28609448
65,36559,"internal.metrics.shuffle.read.fetchWaitTime",0,0,0,0
65,36560,"internal.metrics.shuffle.read.recordsRead",194400,211790,217192,8683826
65,36561,"internal.metrics.shuffle.push.read.corruptMergedBlockChunks",0,0,0,0
65,36562,"internal.metrics.shuffle.push.read.mergedFetchFallbackCount",0,0,0,0
65,36563,"internal.metrics.shuffle.push.read.remoteMergedBlocksFetched",0,0,0,0
65,36564,"internal.metrics.shuffle.push.read.localMergedBlocksFetched",0,0,0,0
65,36565,"internal.metrics.shuffle.push.read.remoteMergedChunksFetched",0,0,0,0
65,36566,"internal.metrics.shuffle.push.read.localMergedChunksFetched",0,0,0,0
65,36567,"internal.metrics.shuffle.push.read.remoteMergedBytesRead",0,0,0,0
65,36568,"internal.metrics.shuffle.push.read.localMergedBytesRead",0,0,0,0
65,36569,"internal.metrics.shuffle.read.remoteReqsDuration",293,548,865,22901
65,36570,"internal.metrics.shuffle.push.read.remoteMergedReqsDuration",0,0,0,0
65,36571,"internal.metrics.shuffle.write.bytesWritten",1175689,1296173,1359828,53143458
65,36572,"internal.metrics.shuffle.write.recordsWritten",26668,29795,31446,1222040
65,36573,"internal.metrics.shuffle.write.writeTime",3435225,4072903,6604088,166989458
69,6288,"remote blocks read",378,412,462,52401
69,6289,"local blocks read",54,57,84,7599
69,6290,"remote bytes read",228974,255061,282946,31835993
69,6292,"local bytes read",31780,41249,50332,4612600
69,6293,"fetch wait time",0,0,0,8
69,6294,"records read",11112,12186,13265,1500000
69,6303,"remote reqs duration",46,67,121,10311
69,32783,"remote blocks read",360,390,441,16389
69,32784,"local blocks read",360,393,441,16411
69,32785,"remote bytes read",710095,761112,805878,31206077
69,32787,"local bytes read",716512,761196,825303,31209433
69,32788,"fetch wait time",0,0,17,19
69,32789,"records read",28265,29796,31773,1222040
69,32798,"remote reqs duration",19,28,73,1561
69,36767,"data size",4497592,4741768,5050408,194412936
69,36786,"shuffle bytes written",1783907,1873228,2000870,76802804
69,36787,"shuffle records written",28265,29796,31773,1222040
69,36788,"shuffle write time",3758412,4253400,6046886,174389829
69,36789,"duration",110,142,231,6252
69,36790,"number of output rows",28265,29796,31773,1222040
69,36791,"spill size",0,0,0,0
69,36793,"duration",114,152,273,6648
69,36794,"sort time",0,0,0,0
69,36795,"peak memory",68157440,68157440,68157440,2794455040
69,36796,"spill size",0,0,0,0
69,36800,"duration",111,148,246,3538
69,36801,"sort time",0,0,0,0
69,36802,"peak memory",67633152,67633152,67633152,2772959232
69,36803,"spill size",0,0,0,0
69,38404,"internal.metrics.executorDeserializeTime",2,2,9,131
69,38405,"internal.metrics.executorDeserializeCpuTime",2511885,3452456,5162610,141551056
69,38406,"internal.metrics.executorRunTime",206,260,422,11020
69,38407,"internal.metrics.executorCpuTime",204631828,254354639,365180842,10428540575
69,38408,"internal.metrics.resultSize",15231,15232,15275,624707
69,38409,"internal.metrics.jvmGCTime",45,77,86,389
69,38413,"internal.metrics.peakExecutionMemory",203423744,203423744,203423744,8340373504
69,38415,"internal.metrics.shuffle.read.remoteBlocksFetched",756,808,882,33600
69,38416,"internal.metrics.shuffle.read.localBlocksFetched",432,457,504,19200
69,38417,"internal.metrics.shuffle.read.remoteBytesRead",963875,1016185,1080288,41664004
69,38418,"internal.metrics.shuffle.read.remoteBytesReadToDisk",0,0,0,0
69,38419,"internal.metrics.shuffle.read.localBytesRead",765361,802453,862729,32901037
69,38420,"internal.metrics.shuffle.read.fetchWaitTime",0,0,17,19
69,38421,"internal.metrics.shuffle.read.recordsRead",40353,41989,44843,1722040
69,38422,"internal.metrics.shuffle.push.read.corruptMergedBlockChunks",0,0,0,0
69,38423,"internal.metrics.shuffle.push.read.mergedFetchFallbackCount",0,0,0,0
69,38424,"internal.metrics.shuffle.push.read.remoteMergedBlocksFetched",0,0,0,0
69,38425,"internal.metrics.shuffle.push.read.localMergedBlocksFetched",0,0,0,0
69,38426,"internal.metrics.shuffle.push.read.remoteMergedChunksFetched",0,0,0,0
69,38427,"internal.metrics.shuffle.push.read.localMergedChunksFetched",0,0,0,0
69,38428,"internal.metrics.shuffle.push.read.remoteMergedBytesRead",0,0,0,0
69,38429,"internal.metrics.shuffle.push.read.localMergedBytesRead",0,0,0,0
69,38430,"internal.metrics.shuffle.read.remoteReqsDuration",66,107,185,4738
69,38431,"internal.metrics.shuffle.push.read.remoteMergedReqsDuration",0,0,0,0
69,38432,"internal.metrics.shuffle.write.bytesWritten",1783907,1873228,2000870,76802804
69,38433,"internal.metrics.shuffle.write.recordsWritten",28265,29796,31773,1222040
69,38434,"internal.metrics.shuffle.write.writeTime",3758412,4253400,6046886,174389829
72,6288,"remote blocks read",378,410,462,69615
72,6289,"local blocks read",57,59,84,10385
72,6290,"remote bytes read",227125,254903,280997,42287448
72,6292,"local bytes read",33751,41407,50332,6310676
72,6293,"fetch wait time",0,0,31,39
72,6294,"records read",11112,12186,13123,2000000
72,6303,"remote reqs duration",28,74,173,13665
72,32931,"remote blocks read",378,399,441,16800
72,32932,"local blocks read",360,379,420,16000
72,32933,"remote bytes read",660053,691441,734208,28349376
72,32935,"local bytes read",628485,657124,704659,26942494
72,32936,"fetch wait time",0,0,57,166
72,32937,"records read",28265,29797,31773,1222040
72,32946,"remote reqs duration",21,34,122,1854
72,38866,"data size",3819232,4026428,4287856,165083976
72,38885,"shuffle bytes written",1597680,1674503,1784041,68655058
72,38886,"shuffle records written",28265,29797,31773,1222040
72,38887,"shuffle write time",3619675,4096441,5445041,167954483
72,38888,"duration",104,144,297,6371
72,38889,"number of output rows",28265,29797,31773,1222040
72,38890,"spill size",0,0,0,0
72,38892,"duration",109,149,325,6664
72,38893,"sort time",0,0,1,1
72,38894,"peak memory",68157440,68157440,68157440,2794455040
72,38895,"spill size",0,0,0,0
72,38899,"duration",105,143,283,3409
72,38900,"sort time",0,0,0,0
72,38901,"peak memory",67633152,67633152,67633152,2772959232
72,38902,"spill size",0,0,0,0
72,40234,"internal.metrics.executorDeserializeTime",2,2,9,124
72,40235,"internal.metrics.executorDeserializeCpuTime",2478086,3428170,5263179,140555397
72,40236,"internal.metrics.executorRunTime",196,246,424,10536
72,40237,"internal.metrics.executorCpuTime",196184722,242506951,374581116,9942785442
72,40238,"internal.metrics.resultSize",15231,15231,15275,624793
72,40239,"internal.metrics.jvmGCTime",45,45,45,315
72,40243,"internal.metrics.peakExecutionMemory",203423744,203423744,203423744,8340373504
72,40245,"internal.metrics.shuffle.read.remoteBlocksFetched",756,820,903,34014
72,40246,"internal.metrics.shuffle.read.localBlocksFetched",432,450,504,18786
72,40247,"internal.metrics.shuffle.read.remoteBytesRead",911877,946351,1014380,38800831
72,40248,"internal.metrics.shuffle.read.remoteBytesReadToDisk",0,0,0,0
72,40249,"internal.metrics.shuffle.read.localBytesRead",665485,698540,742085,28640570
72,40250,"internal.metrics.shuffle.read.fetchWaitTime",0,0,57,197
72,40251,"internal.metrics.shuffle.read.recordsRead",40353,41990,44843,1722040
72,40252,"internal.metrics.shuffle.push.read.corruptMergedBlockChunks",0,0,0,0
72,40253,"internal.metrics.shuffle.push.read.mergedFetchFallbackCount",0,0,0,0
72,40254,"internal.metrics.shuffle.push.read.remoteMergedBlocksFetched",0,0,0,0
72,40255,"internal.metrics.shuffle.push.read.localMergedBlocksFetched",0,0,0,0
72,40256,"internal.metrics.shuffle.push.read.remoteMergedChunksFetched",0,0,0,0
72,40257,"internal.metrics.shuffle.push.read.localMergedChunksFetched",0,0,0,0
72,40258,"internal.metrics.shuffle.push.read.remoteMergedBytesRead",0,0,0,0
72,40259,"internal.metrics.shuffle.push.read.localMergedBytesRead",0,0,0,0
72,40260,"internal.metrics.shuffle.read.remoteReqsDuration",49,115,278,5208
72,40261,"internal.metrics.shuffle.push.read.remoteMergedReqsDuration",0,0,0,0
72,40262,"internal.metrics.shuffle.write.bytesWritten",1597680,1674503,1784041,68655058
72,40263,"internal.metrics.shuffle.write.recordsWritten",28265,29797,31773,1222040
72,40264,"internal.metrics.shuffle.write.writeTime",3619675,4096441,5445041,167954483
77,6317,"remote blocks read",7,15,72,1202
77,6318,"local blocks read",6,11,26,335
77,6319,"remote bytes read",1043,4314,11274,190285
77,6321,"local bytes read",862,2430,4264,53563
77,6322,"fetch wait time",0,0,0,0
77,6323,"records read",41,101,226,5000
77,6332,"remote reqs duration",2,20,95,1197
77,36769,"remote blocks read",140,360,792,16360
77,36770,"local blocks read",147,358,758,16256
77,36771,"remote bytes read",551563,874610,989659,38483260
77,36773,"local bytes read",594904,870888,977740,38319544
77,36774,"fetch wait time",0,0,46,102
77,36775,"records read",19241,27763,31795,1222040
77,36784,"remote reqs duration",10,25,94,1620
77,40430,"data size",3598912,5196056,6011080,228627016
77,40449,"shuffle bytes written",1335192,1887690,2142486,83058881
77,40450,"shuffle records written",19241,27763,31795,1222040
77,40451,"shuffle write time",2521153,3146231,4248832,138434716
77,40452,"duration",45,95,196,4615
77,40453,"number of output rows",19241,27763,31795,1222040
77,40454,"spill size",0,0,0,0
77,40456,"duration",48,100,242,4945
77,40457,"sort time",0,0,0,0
77,40458,"peak memory",68157440,68157440,68157440,2998927360
77,40459,"spill size",0,0,0,0
77,40463,"duration",46,98,211,4740
77,40464,"sort time",0,0,0,0
77,40465,"peak memory",67174400,67174400,67174400,2955673600
77,40466,"spill size",0,0,0,0
77,42011,"internal.metrics.executorDeserializeTime",2,2,11,148
77,42012,"internal.metrics.executorDeserializeCpuTime",2822243,3593249,7012438,158103341
77,42013,"internal.metrics.executorRunTime",111,179,338,8360
77,42014,"internal.metrics.executorCpuTime",111837818,178872864,322227385,7870406435
77,42015,"internal.metrics.resultSize",18871,18871,18915,830561
77,42016,"internal.metrics.jvmGCTime",37,39,48,196
77,42020,"internal.metrics.peakExecutionMemory",202964992,202964992,202964992,8930459648
77,42022,"internal.metrics.shuffle.read.remoteBlocksFetched",147,387,864,17562
77,42023,"internal.metrics.shuffle.read.localBlocksFetched",153,367,758,16591
77,42024,"internal.metrics.shuffle.read.remoteBytesRead",552740,878933,994171,38673545
77,42025,"internal.metrics.shuffle.read.remoteBytesReadToDisk",0,0,0,0
77,42026,"internal.metrics.shuffle.read.localBytesRead",595766,872104,979800,38373107
77,42027,"internal.metrics.shuffle.read.fetchWaitTime",0,0,46,102
77,42028,"internal.metrics.shuffle.read.recordsRead",19282,27876,31887,1227040
77,42029,"internal.metrics.shuffle.push.read.corruptMergedBlockChunks",0,0,0,0
77,42030,"internal.metrics.shuffle.push.read.mergedFetchFallbackCount",0,0,0,0
77,42031,"internal.metrics.shuffle.push.read.remoteMergedBlocksFetched",0,0,0,0
77,42032,"internal.metrics.shuffle.push.read.localMergedBlocksFetched",0,0,0,0
77,42033,"internal.metrics.shuffle.push.read.remoteMergedChunksFetched",0,0,0,0
77,42034,"internal.metrics.shuffle.push.read.localMergedChunksFetched",0,0,0,0
77,42035,"internal.metrics.shuffle.push.read.remoteMergedBytesRead",0,0,0,0
77,42036,"internal.metrics.shuffle.push.read.localMergedBytesRead",0,0,0,0
77,42037,"internal.metrics.shuffle.read.remoteReqsDuration",12,52,188,2817
77,42038,"internal.metrics.shuffle.push.read.remoteMergedReqsDuration",0,0,0,0
77,42039,"internal.metrics.shuffle.write.bytesWritten",1335192,1887690,2142486,83058881
77,42040,"internal.metrics.shuffle.write.recordsWritten",19241,27763,31795,1222040
77,42041,"internal.metrics.shuffle.write.writeTime",2521153,3146231,4248832,138434716
79,7317,"remote blocks read",13,23,72,2696
79,7319,"remote bytes read",1709,4639,9491,359182
79,7322,"fetch wait time",0,0,0,17
79,7323,"records read",41,102,226,10000
79,7332,"remote reqs duration",2,2,6,1480
79,36769,"remote blocks read",147,359,792,32614
79,36770,"local blocks read",140,361,758,32618
79,36771,"remote bytes read",594904,871187,977740,76815904
79,36773,"local bytes read",551563,874310,989659,76789704
79,36774,"fetch wait time",0,0,26,146
79,36775,"records read",19241,27764,31795,2444080
79,36784,"remote reqs duration",14,25,83,3167
79,40921,"data size",3291056,4751681,5504968,209074376
79,40940,"shuffle bytes written",1287412,1816336,2064682,79919320
79,40941,"shuffle records written",19241,27764,31795,1222040
79,40942,"shuffle write time",2485030,3240828,4922969,142596915
79,40943,"duration",52,96,191,4677
79,40944,"number of output rows",19241,27764,31795,1222040
79,40945,"spill size",0,0,0,0
79,40947,"duration",54,101,220,4890
79,40948,"sort time",0,0,0,0
79,40949,"peak memory",68157440,68157440,68157440,2998927360
79,40950,"spill size",0,0,0,0
79,40954,"duration",53,99,204,4772
79,40955,"sort time",0,0,0,0
79,40956,"peak memory",67174400,67174400,67174400,2955673600
79,40957,"spill size",0,0,0,0
79,42046,"internal.metrics.executorDeserializeTime",2,2,11,148
79,42047,"internal.metrics.executorDeserializeCpuTime",2678585,3640845,6363656,160197722
79,42048,"internal.metrics.executorRunTime",122,179,298,8340
79,42049,"internal.metrics.executorCpuTime",100935547,179929798,254575548,7916911651
79,42050,"internal.metrics.resultSize",18871,18871,18915,830648
79,42051,"internal.metrics.jvmGCTime",43,43,48,316
79,42055,"internal.metrics.peakExecutionMemory",202964992,202964992,202964992,8930459648
79,42057,"internal.metrics.shuffle.read.remoteBlocksFetched",160,394,864,17791
79,42058,"internal.metrics.shuffle.read.localBlocksFetched",140,361,758,16362
79,42059,"internal.metrics.shuffle.read.remoteBytesRead",596613,875836,981324,38537186
79,42060,"internal.metrics.shuffle.read.remoteBytesReadToDisk",0,0,0,0
79,42061,"internal.metrics.shuffle.read.localBytesRead",551563,874310,989659,38470160
79,42062,"internal.metrics.shuffle.read.fetchWaitTime",0,0,26,44
79,42063,"internal.metrics.shuffle.read.recordsRead",19282,27877,31887,1227040
79,42064,"internal.metrics.shuffle.push.read.corruptMergedBlockChunks",0,0,0,0
79,42065,"internal.metrics.shuffle.push.read.mergedFetchFallbackCount",0,0,0,0
79,42066,"internal.metrics.shuffle.push.read.remoteMergedBlocksFetched",0,0,0,0
79,42067,"internal.metrics.shuffle.push.read.localMergedBlocksFetched",0,0,0,0
79,42068,"internal.metrics.shuffle.push.read.remoteMergedChunksFetched",0,0,0,0
79,42069,"internal.metrics.shuffle.push.read.localMergedChunksFetched",0,0,0,0
79,42070,"internal.metrics.shuffle.push.read.remoteMergedBytesRead",0,0,0,0
79,42071,"internal.metrics.shuffle.push.read.localMergedBytesRead",0,0,0,0
79,42072,"internal.metrics.shuffle.read.remoteReqsDuration",17,28,89,1694
79,42073,"internal.metrics.shuffle.push.read.remoteMergedReqsDuration",0,0,0,0
79,42074,"internal.metrics.shuffle.write.bytesWritten",1287412,1816336,2064682,79919320
79,42075,"internal.metrics.shuffle.write.recordsWritten",19241,27764,31795,1222040
79,42076,"internal.metrics.shuffle.write.writeTime",2485030,3240828,4922969,142596915
84,6591,"remote blocks read",13,23,72,3074
84,6593,"remote bytes read",1215,3342,6859,294774
84,6596,"fetch wait time",0,0,0,0
84,6597,"records read",41,101,226,10000
84,6606,"remote reqs duration",1,2,101,1016
84,38868,"remote blocks read",140,360,757,16298
84,38869,"local blocks read",147,362,793,16317
84,38870,"remote bytes read",497346,780922,876891,34361094
84,38872,"local bytes read",524583,779396,867663,34293964
84,38873,"fetch wait time",0,0,57,260
84,38874,"records read",19241,27765,31795,1222040
84,38883,"remote reqs duration",13,32,108,1893
84,42449,"data size",2445304,3529708,4039792,155307656
84,42468,"shuffle bytes written",1068364,1495564,1694971,65805362
84,42469,"shuffle records written",19241,27765,31795,1222040
84,42470,"shuffle write time",2340494,2888492,5001554,127094044
84,42471,"duration",50,94,198,4600
84,42472,"number of output rows",19241,27765,31795,1222040
84,42473,"spill size",0,0,0,0
84,42475,"duration",52,97,221,4761
84,42476,"sort time",0,0,0,0
84,42477,"peak memory",68157440,68157440,68157440,2998927360
84,42478,"spill size",0,0,0,0
84,42482,"duration",50,95,210,4667
84,42483,"sort time",0,0,0,0
84,42484,"peak memory",67174400,67174400,67174400,2955673600
84,42485,"spill size",0,0,0,0
84,43752,"internal.metrics.executorDeserializeTime",2,2,10,139
84,43753,"internal.metrics.executorDeserializeCpuTime",2786766,3397870,5508558,149506744
84,43754,"internal.metrics.executorRunTime",114,170,292,7916
84,43755,"internal.metrics.executorCpuTime",89600616,164752200,289481863,7249097240
84,43756,"internal.metrics.resultSize",18871,18871,18914,830561
84,43757,"internal.metrics.jvmGCTime",84,84,84,336
84,43758,"internal.metrics.resultSerializationTime",2,2,2,2
84,43761,"internal.metrics.peakExecutionMemory",202964992,202964992,202964992,8930459648
84,43763,"internal.metrics.shuffle.read.remoteBlocksFetched",153,396,829,17835
84,43764,"internal.metrics.shuffle.read.localBlocksFetched",147,362,793,16317
84,43765,"internal.metrics.shuffle.read.remoteBytesRead",498561,784274,881767,34508481
84,43766,"internal.metrics.shuffle.read.remoteBytesReadToDisk",0,0,0,0
84,43767,"internal.metrics.shuffle.read.localBytesRead",524583,779396,867663,34293964
84,43768,"internal.metrics.shuffle.read.fetchWaitTime",0,0,57,260
84,43769,"internal.metrics.shuffle.read.recordsRead",19282,27877,31887,1227040
84,43770,"internal.metrics.shuffle.push.read.corruptMergedBlockChunks",0,0,0,0
84,43771,"internal.metrics.shuffle.push.read.mergedFetchFallbackCount",0,0,0,0
84,43772,"internal.metrics.shuffle.push.read.remoteMergedBlocksFetched",0,0,0,0
84,43773,"internal.metrics.shuffle.push.read.localMergedBlocksFetched",0,0,0,0
84,43774,"internal.metrics.shuffle.push.read.remoteMergedChunksFetched",0,0,0,0
84,43775,"internal.metrics.shuffle.push.read.localMergedChunksFetched",0,0,0,0
84,43776,"internal.metrics.shuffle.push.read.remoteMergedBytesRead",0,0,0,0
84,43777,"internal.metrics.shuffle.push.read.localMergedBytesRead",0,0,0,0
84,43778,"internal.metrics.shuffle.read.remoteReqsDuration",16,43,203,2373
84,43779,"internal.metrics.shuffle.push.read.remoteMergedReqsDuration",0,0,0,0
84,43780,"internal.metrics.shuffle.write.bytesWritten",1068364,1495564,1694971,65805362
84,43781,"internal.metrics.shuffle.write.recordsWritten",19241,27765,31795,1222040
84,43782,"internal.metrics.shuffle.write.writeTime",2340494,2888492,5001554,127094044
88,6346,"remote blocks read",7,9,19,961
88,6348,"remote bytes read",840,1157,1807,95946
88,6351,"fetch wait time",0,0,0,0
88,6352,"records read",16,16,24,2193
88,6361,"remote reqs duration",1,1,4,1300
88,40432,"remote blocks read",154,248,418,10560
88,40433,"local blocks read",154,248,418,10560
88,40434,"remote bytes read",923940,1013195,1421371,41541427
88,40436,"local bytes read",881716,1012612,1350669,41517454
88,40437,"fetch wait time",0,0,28,77
88,40438,"records read",26949,29799,40038,1222040
88,40447,"remote reqs duration",16,26,70,1480
88,43920,"data size",7413592,8199175,11012544,336166536
88,43939,"shuffle bytes written",3691149,4078146,5396920,167204371
88,43940,"shuffle records written",26949,29799,40038,1222040
88,43941,"shuffle write time",4888438,5458945,7905209,223817085
88,43942,"duration",69,144,302,6357
88,43943,"number of output rows",26949,29799,40038,1222040
88,43944,"spill size",0,0,0,0
88,43946,"duration",71,156,370,6765
88,43947,"sort time",0,0,0,0
88,43948,"peak memory",68157440,68183015,69206016,2795503616
88,43949,"spill size",0,0,0,0
88,43953,"duration",68,151,331,6449
88,43954,"sort time",0,0,0,0
88,43955,"peak memory",67174400,67174400,67174400,2754150400
88,43956,"spill size",0,0,0,0
88,45427,"internal.metrics.executorDeserializeTime",3,3,58,279
88,45428,"internal.metrics.executorDeserializeCpuTime",3462534,6087691,45511684,249595604
88,45429,"internal.metrics.executorRunTime",176,276,491,11718
88,45430,"internal.metrics.executorCpuTime",176768839,271804439,451637563,11143982429
88,45431,"internal.metrics.resultSize",22511,22511,22555,923144
88,45432,"internal.metrics.jvmGCTime",56,56,56,224
88,45436,"internal.metrics.peakExecutionMemory",202964992,203003354,204537856,8323137536
88,45438,"internal.metrics.shuffle.read.remoteBlocksFetched",161,259,437,11040
88,45439,"internal.metrics.shuffle.read.localBlocksFetched",154,248,418,10560
88,45440,"internal.metrics.shuffle.read.remoteBytesRead",924887,1014362,1423178,41589234
88,45441,"internal.metrics.shuffle.read.remoteBytesReadToDisk",0,0,0,0
88,45442,"internal.metrics.shuffle.read.localBytesRead",881716,1012612,1350669,41517454
88,45443,"internal.metrics.shuffle.read.fetchWaitTime",0,0,28,77
88,45444,"internal.metrics.shuffle.read.recordsRead",26965,29817,40062,1222771
88,45445,"internal.metrics.shuffle.push.read.corruptMergedBlockChunks",0,0,0,0
88,45446,"internal.metrics.shuffle.push.read.mergedFetchFallbackCount",0,0,0,0
88,45447,"internal.metrics.shuffle.push.read.remoteMergedBlocksFetched",0,0,0,0
88,45448,"internal.metrics.shuffle.push.read.localMergedBlocksFetched",0,0,0,0
88,45449,"internal.metrics.shuffle.push.read.remoteMergedChunksFetched",0,0,0,0
88,45450,"internal.metrics.shuffle.push.read.localMergedChunksFetched",0,0,0,0
88,45451,"internal.metrics.shuffle.push.read.remoteMergedBytesRead",0,0,0,0
88,45452,"internal.metrics.shuffle.push.read.localMergedBytesRead",0,0,0,0
88,45453,"internal.metrics.shuffle.read.remoteReqsDuration",18,28,72,1545
88,45454,"internal.metrics.shuffle.push.read.remoteMergedReqsDuration",0,0,0,0
88,45455,"internal.metrics.shuffle.write.bytesWritten",3691149,4078146,5396920,167204371
88,45456,"internal.metrics.shuffle.write.recordsWritten",26949,29799,40038,1222040
88,45457,"internal.metrics.shuffle.write.writeTime",4888438,5458945,7905209,223817085
91,6346,"remote blocks read",7,7,15,1441
91,6348,"remote bytes read",685,1127,1392,143753
91,6351,"fetch wait time",0,0,0,0
91,6352,"records read",10,15,19,2924
91,6361,"remote reqs duration",1,1,4,1364
91,40923,"remote blocks read",147,240,315,10566
91,40924,"local blocks read",147,241,345,10554
91,40925,"remote bytes read",584512,954543,1067336,40091207
91,40927,"local bytes read",510268,948277,1068962,39828113
91,40928,"fetch wait time",0,0,37,92
91,40929,"records read",16622,29085,30431,1222040
91,40938,"remote reqs duration",14,24,90,1469
91,45984,"data size",2976456,5210719,5450624,218850696
91,46003,"shuffle bytes written",1350786,2213171,2308584,92953671
91,46004,"shuffle records written",16622,29085,30431,1222040
91,46005,"shuffle write time",3745560,5598078,51574983,235119717
91,46006,"duration",42,115,273,5265
91,46007,"number of output rows",16622,29085,30431,1222040
91,46008,"spill size",0,0,0,0
91,46010,"duration",46,121,275,5514
91,46011,"sort time",0,0,0,0
91,46012,"peak memory",68157440,68157440,68157440,2862612480
91,46013,"spill size",0,0,0,0
91,46017,"duration",42,117,267,5235
91,46018,"sort time",0,0,0,0
91,46019,"peak memory",67174400,67174400,67174400,2821324800
91,46020,"spill size",0,0,0,0
91,47040,"internal.metrics.executorDeserializeTime",3,3,35,213
91,47041,"internal.metrics.executorDeserializeCpuTime",3795480,4485647,6151896,188397590
91,47042,"internal.metrics.executorRunTime",124,222,410,9732
91,47043,"internal.metrics.executorCpuTime",120870325,218109928,407501953,9160617381
91,47044,"internal.metrics.resultSize",22511,22511,22555,945826
91,47045,"internal.metrics.jvmGCTime",35,40,47,328
91,47049,"internal.metrics.peakExecutionMemory",202964992,202964992,202964992,8524529664
91,47051,"internal.metrics.shuffle.read.remoteBlocksFetched",154,251,330,11046
91,47052,"internal.metrics.shuffle.read.localBlocksFetched",147,241,345,10554
91,47053,"internal.metrics.shuffle.read.remoteBytesRead",585197,955682,1068590,40139014
91,47054,"internal.metrics.shuffle.read.remoteBytesReadToDisk",0,0,0,0
91,47055,"internal.metrics.shuffle.read.localBytesRead",510268,948277,1068962,39828113
91,47056,"internal.metrics.shuffle.read.fetchWaitTime",0,0,37,92
91,47057,"internal.metrics.shuffle.read.recordsRead",16632,29103,30449,1222771
91,47058,"internal.metrics.shuffle.push.read.corruptMergedBlockChunks",0,0,0,0
91,47059,"internal.metrics.shuffle.push.read.mergedFetchFallbackCount",0,0,0,0
91,47060,"internal.metrics.shuffle.push.read.remoteMergedBlocksFetched",0,0,0,0
91,47061,"internal.metrics.shuffle.push.read.localMergedBlocksFetched",0,0,0,0
91,47062,"internal.metrics.shuffle.push.read.remoteMergedChunksFetched",0,0,0,0
91,47063,"internal.metrics.shuffle.push.read.localMergedChunksFetched",0,0,0,0
91,47064,"internal.metrics.shuffle.push.read.remoteMergedBytesRead",0,0,0,0
91,47065,"internal.metrics.shuffle.push.read.localMergedBytesRead",0,0,0,0
91,47066,"internal.metrics.shuffle.read.remoteReqsDuration",16,25,91,1533
91,47067,"internal.metrics.shuffle.push.read.remoteMergedReqsDuration",0,0,0,0
91,47068,"internal.metrics.shuffle.write.bytesWritten",1350786,2213171,2308584,92953671
91,47069,"internal.metrics.shuffle.write.recordsWritten",16622,29085,30431,1222040
91,47070,"internal.metrics.shuffle.write.writeTime",3745560,5598078,51574983,235119717
97,6346,"remote blocks read",7,7,15,1921
97,6348,"remote bytes read",800,1127,1434,191560
97,6351,"fetch wait time",0,0,0,0
97,6352,"records read",14,15,19,3655
97,6361,"remote reqs duration",1,1,4,1430
97,42451,"remote blocks read",154,242,330,10560
97,42452,"local blocks read",154,242,330,10560
97,42453,"remote bytes read",649214,784566,840606,32952239
97,42455,"local bytes read",625340,782208,841561,32853123
97,42456,"fetch wait time",0,0,31,52
97,42457,"records read",23538,29086,30451,1222040
97,42466,"remote reqs duration",13,16,73,940
97,47384,"data size",3180264,3930559,4113864,165083976
97,47403,"shuffle bytes written",1477603,1778241,1859901,74686516
97,47404,"shuffle records written",23538,29086,30451,1222040
97,47405,"shuffle write time",3725970,4217185,5633827,177122139
97,47406,"duration",52,79,222,3803
97,47407,"number of output rows",23538,29086,30451,1222040
97,47408,"spill size",0,0,0,0
97,47410,"duration",54,84,269,4041
97,47411,"sort time",0,0,0,0
97,47412,"peak memory",68157440,68157440,68157440,2862612480
97,47413,"spill size",0,0,0,0
97,47417,"duration",52,81,235,3766
97,47418,"sort time",0,0,0,0
97,47419,"peak memory",67174400,67174400,67174400,2821324800
97,47420,"spill size",0,0,0,0
97,48622,"internal.metrics.executorDeserializeTime",3,3,19,178
97,48623,"internal.metrics.executorDeserializeCpuTime",3664865,4561248,14913800,191572853
97,48624,"internal.metrics.executorRunTime",135,180,413,7953
97,48625,"internal.metrics.executorCpuTime",135080955,181957740,380911938,7642225505
97,48626,"internal.metrics.resultSize",22511,22511,22554,945656
97,48627,"internal.metrics.jvmGCTime",42,42,42,168
97,48631,"internal.metrics.peakExecutionMemory",202964992,202964992,202964992,8524529664
97,48633,"internal.metrics.shuffle.read.remoteBlocksFetched",161,253,345,11040
97,48634,"internal.metrics.shuffle.read.localBlocksFetched",154,242,330,10560
97,48635,"internal.metrics.shuffle.read.remoteBytesRead",650184,785706,841924,33000046
97,48636,"internal.metrics.shuffle.read.remoteBytesReadToDisk",0,0,0,0
97,48637,"internal.metrics.shuffle.read.localBytesRead",625340,782208,841561,32853123
97,48638,"internal.metrics.shuffle.read.fetchWaitTime",0,0,31,52
97,48639,"internal.metrics.shuffle.read.recordsRead",23552,29104,30469,1222771
97,48640,"internal.metrics.shuffle.push.read.corruptMergedBlockChunks",0,0,0,0
97,48641,"internal.metrics.shuffle.push.read.mergedFetchFallbackCount",0,0,0,0
97,48642,"internal.metrics.shuffle.push.read.remoteMergedBlocksFetched",0,0,0,0
97,48643,"internal.metrics.shuffle.push.read.localMergedBlocksFetched",0,0,0,0
97,48644,"internal.metrics.shuffle.push.read.remoteMergedChunksFetched",0,0,0,0
97,48645,"internal.metrics.shuffle.push.read.localMergedChunksFetched",0,0,0,0
97,48646,"internal.metrics.shuffle.push.read.remoteMergedBytesRead",0,0,0,0
97,48647,"internal.metrics.shuffle.push.read.localMergedBytesRead",0,0,0,0
97,48648,"internal.metrics.shuffle.read.remoteReqsDuration",14,17,75,1006
97,48649,"internal.metrics.shuffle.push.read.remoteMergedReqsDuration",0,0,0,0
97,48650,"internal.metrics.shuffle.write.bytesWritten",1477603,1778241,1859901,74686516
97,48651,"internal.metrics.shuffle.write.recordsWritten",23538,29086,30451,1222040
97,48652,"internal.metrics.shuffle.write.writeTime",3725970,4217185,5633827,177122139
104,6562,"remote blocks read",378,410,462,53016
104,6563,"local blocks read",54,57,84,6984
104,6564,"remote bytes read",83158,92880,102690,11726832
104,6566,"local bytes read",11747,14993,18424,1543923
104,6567,"fetch wait time",0,0,0,0
104,6568,"records read",11112,12186,13265,1500000
104,6577,"remote reqs duration",41,97,218,14950
104,32931,"remote blocks read",378,398,441,33600
104,32932,"local blocks read",360,379,420,32000
104,32933,"remote bytes read",661821,691238,734208,56690486
104,32935,"local bytes read",628473,657326,704659,53893254
104,32936,"fetch wait time",0,2,59,379
104,32937,"records read",28265,29797,31773,2444080
104,32946,"remote reqs duration",21,44,112,4142
104,48861,"data size",2487320,2622904,2796024,107539520
104,48880,"shuffle bytes written",1039960,1088483,1150788,44628215
104,48881,"shuffle records written",28265,29797,31773,1222040
104,48882,"shuffle write time",3329682,3696502,6537062,151557015
104,48883,"duration",104,146,235,6410
104,48884,"number of output rows",28265,29797,31773,1222040
104,48885,"spill size",0,0,0,0
104,48887,"duration",107,156,269,6813
104,48888,"sort time",0,0,90,90
104,48889,"peak memory",68157440,68157440,68157440,2794455040
104,48890,"spill size",0,0,0,0
104,48894,"duration",105,153,244,3822
104,48895,"sort time",0,0,0,0
104,48896,"peak memory",67633152,67633152,67633152,2772959232
104,48897,"spill size",0,0,0,0
104,50036,"internal.metrics.executorDeserializeTime",2,2,9,133
104,50037,"internal.metrics.executorDeserializeCpuTime",2456496,3020669,4406344,123847784
104,50038,"internal.metrics.executorRunTime",187,246,365,10412
104,50039,"internal.metrics.executorCpuTime",186872952,233927224,338558078,9591016620
104,50040,"internal.metrics.resultSize",15231,15233,15274,624664
104,50041,"internal.metrics.jvmGCTime",89,89,89,356
104,50045,"internal.metrics.peakExecutionMemory",203423744,203423744,203423744,8340373504
104,50047,"internal.metrics.shuffle.read.remoteBlocksFetched",756,820,903,34015
104,50048,"internal.metrics.shuffle.read.localBlocksFetched",414,449,504,18785
104,50049,"internal.metrics.shuffle.read.remoteBytesRead",750509,784123,836043,32149560
104,50050,"internal.metrics.shuffle.read.remoteBytesReadToDisk",0,0,0,0
104,50051,"internal.metrics.shuffle.read.localBytesRead",641785,672329,718357,27565895
104,50052,"internal.metrics.shuffle.read.fetchWaitTime",0,2,59,213
104,50053,"internal.metrics.shuffle.read.recordsRead",40353,41991,44843,1722040
104,50054,"internal.metrics.shuffle.push.read.corruptMergedBlockChunks",0,0,0,0
104,50055,"internal.metrics.shuffle.push.read.mergedFetchFallbackCount",0,0,0,0
104,50056,"internal.metrics.shuffle.push.read.remoteMergedBlocksFetched",0,0,0,0
104,50057,"internal.metrics.shuffle.push.read.localMergedBlocksFetched",0,0,0,0
104,50058,"internal.metrics.shuffle.push.read.remoteMergedChunksFetched",0,0,0,0
104,50059,"internal.metrics.shuffle.push.read.localMergedChunksFetched",0,0,0,0
104,50060,"internal.metrics.shuffle.push.read.remoteMergedBytesRead",0,0,0,0
104,50061,"internal.metrics.shuffle.push.read.localMergedBytesRead",0,0,0,0
104,50062,"internal.metrics.shuffle.read.remoteReqsDuration",62,155,308,6694
104,50063,"internal.metrics.shuffle.push.read.remoteMergedReqsDuration",0,0,0,0
104,50064,"internal.metrics.shuffle.write.bytesWritten",1039960,1088483,1150788,44628215
104,50065,"internal.metrics.shuffle.write.recordsWritten",28265,29797,31773,1222040
104,50066,"internal.metrics.shuffle.write.writeTime",3329682,3696502,6537062,151557015
109,6562,"remote blocks read",378,399,441,51737
109,6563,"local blocks read",72,72,84,6788
109,6564,"remote bytes read",82622,90619,97782,11444578
109,6566,"local bytes read",15601,17253,18597,1501346
109,6567,"fetch wait time",0,0,0,0
109,6568,"records read",11112,12187,13151,1463381
109,6577,"remote reqs duration",36,90,208,14560
109,13813,"remote blocks read",360,391,441,32816
109,13814,"local blocks read",360,391,441,32784
109,13815,"remote bytes read",436261,467685,508283,38281048
109,13817,"local bytes read",438324,465999,491682,38282600
109,13818,"fetch wait time",0,0,12,332
109,13819,"records read",28265,29798,31773,2444080
109,13828,"remote reqs duration",16,28,78,3263
109,49046,"data size",1808960,1907564,2033472,78210560
109,49065,"shuffle bytes written",638399,666534,704992,27328324
109,49066,"shuffle records written",28265,29798,31773,1222040
109,49067,"shuffle write time",3100767,3599254,5480172,147569812
109,49068,"duration",98,129,207,5629
109,49069,"number of output rows",28265,29798,31773,1222040
109,49070,"spill size",0,0,0,0
109,49072,"duration",102,139,237,6050
109,49073,"sort time",0,0,0,0
109,49074,"peak memory",68157440,68157440,68157440,2794455040
109,49075,"spill size",0,0,0,0
109,49079,"duration",99,126,216,3050
109,49080,"sort time",0,0,0,0
109,49081,"peak memory",67633152,67633152,67633152,2772959232
109,49082,"spill size",0,0,0,0
109,50071,"internal.metrics.executorDeserializeTime",2,2,9,148
109,50072,"internal.metrics.executorDeserializeCpuTime",2608544,3247171,5165917,133134390
109,50073,"internal.metrics.executorRunTime",177,221,371,9464
109,50074,"internal.metrics.executorCpuTime",177123265,223161550,330840447,9149623974
109,50075,"internal.metrics.resultSize",15231,15231,15232,624491
109,50080,"internal.metrics.peakExecutionMemory",203423744,203423744,203423744,8340373504
109,50082,"internal.metrics.shuffle.read.remoteBlocksFetched",738,801,882,33209
109,50083,"internal.metrics.shuffle.read.localBlocksFetched",432,470,525,19591
109,50084,"internal.metrics.shuffle.read.remoteBytesRead",527388,558313,605364,22891173
109,50085,"internal.metrics.shuffle.read.remoteBytesReadToDisk",0,0,0,0
109,50086,"internal.metrics.shuffle.read.localBytesRead",456155,483265,508420,19814236
109,50087,"internal.metrics.shuffle.read.fetchWaitTime",0,0,12,14
109,50088,"internal.metrics.shuffle.read.recordsRead",40689,41990,44843,1722040
109,50089,"internal.metrics.shuffle.push.read.corruptMergedBlockChunks",0,0,0,0
109,50090,"internal.metrics.shuffle.push.read.mergedFetchFallbackCount",0,0,0,0
109,50091,"internal.metrics.shuffle.push.read.remoteMergedBlocksFetched",0,0,0,0
109,50092,"internal.metrics.shuffle.push.read.localMergedBlocksFetched",0,0,0,0
109,50093,"internal.metrics.shuffle.push.read.remoteMergedChunksFetched",0,0,0,0
109,50094,"internal.metrics.shuffle.push.read.localMergedChunksFetched",0,0,0,0
109,50095,"internal.metrics.shuffle.push.read.remoteMergedBytesRead",0,0,0,0
109,50096,"internal.metrics.shuffle.push.read.localMergedBytesRead",0,0,0,0
109,50097,"internal.metrics.shuffle.read.remoteReqsDuration",52,128,263,5675
109,50098,"internal.metrics.shuffle.push.read.remoteMergedReqsDuration",0,0,0,0
109,50099,"internal.metrics.shuffle.write.bytesWritten",638399,666534,704992,27328324
109,50100,"internal.metrics.shuffle.write.recordsWritten",28265,29798,31773,1222040
109,50101,"internal.metrics.shuffle.write.writeTime",3100767,3599254,5480172,147569812
113,6562,"remote blocks read",396,453,525,38454
113,6563,"local blocks read",54,56,63,4446
113,6564,"remote bytes read",86233,102494,116668,8503576
113,6566,"local bytes read",12263,12991,13961,984967
113,6567,"fetch wait time",0,0,0,0
113,6568,"records read",11112,12185,13265,1072442
113,6577,"remote reqs duration",45,147,361,12127
113,36496,"remote blocks read",576,629,693,26247
113,36497,"local blocks read",144,152,180,6553
113,36498,"remote bytes read",968506,1036678,1115527,42504173
113,36500,"local bytes read",243642,259484,287343,10639285
113,36501,"fetch wait time",0,0,0,0
113,36502,"records read",28265,29796,31773,1222040
113,36511,"remote reqs duration",42,113,250,5024
113,49990,"data size",2261200,2384457,2541840,97763200
113,50009,"shuffle bytes written",982727,1028898,1088611,42185238
113,50010,"shuffle records written",28265,29796,31773,1222040
113,50011,"shuffle write time",3327270,3796435,5736122,155654206
113,50012,"duration",106,184,262,7906
113,50013,"number of output rows",28265,29796,31773,1222040
113,50014,"spill size",0,0,0,0
113,50016,"duration",111,225,364,9728
113,50017,"sort time",0,0,1,2
113,50018,"peak memory",68157440,68157440,68157440,2794455040
113,50019,"spill size",0,0,0,0
113,50023,"duration",107,187,275,4393
113,50024,"sort time",0,0,0,0
113,50025,"peak memory",67633152,67633152,67633152,2772959232
113,50026,"spill size",0,0,0,0
113,50106,"internal.metrics.executorDeserializeTime",2,2,13,250
113,50107,"internal.metrics.executorDeserializeCpuTime",2929829,4583900,8445743,187940269
113,50108,"internal.metrics.executorRunTime",184,321,527,13560
113,50109,"internal.metrics.executorCpuTime",184860848,289320231,425964391,11862129898
113,50110,"internal.metrics.resultSize",15231,15231,15233,624503
113,50115,"internal.metrics.peakExecutionMemory",203423744,203423744,203423744,8340373504
113,50117,"internal.metrics.shuffle.read.remoteBlocksFetched",972,1095,1218,45248
113,50118,"internal.metrics.shuffle.read.localBlocksFetched",144,178,240,7552
113,50119,"internal.metrics.shuffle.read.remoteBytesRead",1061068,1139180,1217439,46706845
113,50120,"internal.metrics.shuffle.read.remoteBytesReadToDisk",0,0,0,0
113,50121,"internal.metrics.shuffle.read.localBytesRead",243642,264873,300072,10860198
113,50122,"internal.metrics.shuffle.read.fetchWaitTime",0,0,0,0
113,50123,"internal.metrics.shuffle.read.recordsRead",40353,41991,44843,1722040
113,50124,"internal.metrics.shuffle.push.read.corruptMergedBlockChunks",0,0,0,0
113,50125,"internal.metrics.shuffle.push.read.mergedFetchFallbackCount",0,0,0,0
113,50126,"internal.metrics.shuffle.push.read.remoteMergedBlocksFetched",0,0,0,0
113,50127,"internal.metrics.shuffle.push.read.localMergedBlocksFetched",0,0,0,0
113,50128,"internal.metrics.shuffle.push.read.remoteMergedChunksFetched",0,0,0,0
113,50129,"internal.metrics.shuffle.push.read.localMergedChunksFetched",0,0,0,0
113,50130,"internal.metrics.shuffle.push.read.remoteMergedBytesRead",0,0,0,0
113,50131,"internal.metrics.shuffle.push.read.localMergedBytesRead",0,0,0,0
113,50132,"internal.metrics.shuffle.read.remoteReqsDuration",87,271,611,11517
113,50133,"internal.metrics.shuffle.push.read.remoteMergedReqsDuration",0,0,0,0
113,50134,"internal.metrics.shuffle.write.bytesWritten",982727,1028898,1088611,42185238
113,50135,"internal.metrics.shuffle.write.recordsWritten",28265,29796,31773,1222040
113,50136,"internal.metrics.shuffle.write.writeTime",3327270,3796435,5736122,155654206
119,6591,"remote blocks read",10,22,87,4280
119,6592,"local blocks read",10,16,32,331
119,6593,"remote bytes read",1013,3033,8274,410385
119,6595,"local bytes read",991,1982,3141,31776
119,6596,"fetch wait time",0,0,0,0
119,6597,"records read",55,123,276,15000
119,6606,"remote reqs duration",1,32,84,2547
119,49992,"remote blocks read",297,677,1452,26086
119,49993,"local blocks read",72,164,352,6530
119,49994,"remote bytes read",780148,887977,1220113,33743495
119,49996,"local bytes read",193316,222143,292371,8441743
119,49997,"fetch wait time",0,8,72,635
119,49998,"records read",23471,32153,44961,1222040
119,50007,"remote reqs duration",22,144,288,5809
119,51366,"data size",1689912,2315435,3237192,87986880
119,51385,"shuffle bytes written",695233,920795,1252200,34990604
119,51386,"shuffle records written",23471,32153,44961,1222040
119,51387,"shuffle write time",2150773,4978051,49797847,189166252
119,51388,"duration",82,170,381,6745
119,51389,"number of output rows",23471,32153,44961,1222040
119,51390,"spill size",0,0,0,0
119,51392,"duration",87,186,420,7450
119,51393,"sort time",0,0,0,0
119,51394,"peak memory",68157440,68543748,69206016,2604662784
119,51395,"spill size",0,0,0,0
119,51399,"duration",83,176,397,7030
119,51400,"sort time",0,0,0,0
119,51401,"peak memory",67174400,67174400,67174400,2552627200
119,51402,"spill size",0,0,0,0
119,51409,"internal.metrics.executorDeserializeTime",2,2,12,228
119,51410,"internal.metrics.executorDeserializeCpuTime",2894878,4394212,7785601,166980352
119,51411,"internal.metrics.executorRunTime",142,277,523,10871
119,51412,"internal.metrics.executorCpuTime",120508637,213400826,303297448,8109231754
119,51413,"internal.metrics.resultSize",18871,18875,18915,717644
119,51414,"internal.metrics.jvmGCTime",45,99,167,1220
119,51418,"internal.metrics.peakExecutionMemory",202964992,203544458,204537856,7734689792
119,51420,"internal.metrics.shuffle.read.remoteBlocksFetched",314,710,1539,27292
119,51421,"internal.metrics.shuffle.read.localBlocksFetched",72,172,352,6861
119,51422,"internal.metrics.shuffle.read.remoteBytesRead",782171,891019,1224764,33859106
119,51423,"internal.metrics.shuffle.read.remoteBytesReadToDisk",0,0,0,0
119,51424,"internal.metrics.shuffle.read.localBytesRead",193316,222976,292371,8473519
119,51425,"internal.metrics.shuffle.read.fetchWaitTime",0,8,72,635
119,51426,"internal.metrics.shuffle.read.recordsRead",23747,32281,45116,1227040
119,51427,"internal.metrics.shuffle.push.read.corruptMergedBlockChunks",0,0,0,0
119,51428,"internal.metrics.shuffle.push.read.mergedFetchFallbackCount",0,0,0,0
119,51429,"internal.metrics.shuffle.push.read.remoteMergedBlocksFetched",0,0,0,0
119,51430,"internal.metrics.shuffle.push.read.localMergedBlocksFetched",0,0,0,0
119,51431,"internal.metrics.shuffle.push.read.remoteMergedChunksFetched",0,0,0,0
119,51432,"internal.metrics.shuffle.push.read.localMergedChunksFetched",0,0,0,0
119,51433,"internal.metrics.shuffle.push.read.remoteMergedBytesRead",0,0,0,0
119,51434,"internal.metrics.shuffle.push.read.localMergedBytesRead",0,0,0,0
119,51435,"internal.metrics.shuffle.read.remoteReqsDuration",26,185,330,7340
119,51436,"internal.metrics.shuffle.push.read.remoteMergedReqsDuration",0,0,0,0
119,51437,"internal.metrics.shuffle.write.bytesWritten",695233,920795,1252200,34990604
119,51438,"internal.metrics.shuffle.write.recordsWritten",23471,32153,44961,1222040
119,51439,"internal.metrics.shuffle.write.writeTime",2150773,4978051,49797847,189166252
125,6591,"remote blocks read",33,51,99,6802
125,6593,"remote bytes read",3269,5663,9432,652420
125,6596,"fetch wait time",0,0,0,0
125,6597,"records read",114,187,316,23222
125,6606,"remote reqs duration",2,65,329,4724
125,49048,"remote blocks read",353,623,1050,16348
125,49049,"local blocks read",339,620,1000,16266
125,49050,"remote bytes read",481914,527824,722606,13723603
125,49052,"local bytes read",481175,523253,689232,13604721
125,49053,"fetch wait time",0,0,63,152
125,49054,"records read",39081,46995,66078,1222040
125,49063,"remote reqs duration",17,78,230,2197
125,51765,"data size",2188536,2632081,3700368,68434240
125,51784,"shuffle bytes written",629301,744330,1016526,19352753
125,51785,"shuffle records written",39081,46995,66078,1222040
125,51786,"shuffle write time",2145199,2440439,3574198,63451602
125,51787,"duration",76,162,320,4384
125,51788,"number of output rows",39081,46995,66078,1222040
125,51789,"spill size",0,0,0,0
125,51791,"duration",78,171,341,4593
125,51792,"sort time",0,0,1,1
125,51793,"peak memory",69206016,69286675,71303168,1801453568
125,51794,"spill size",0,0,0,0
125,51798,"duration",76,164,329,4467
125,51799,"sort time",0,0,0,0
125,51800,"peak memory",67174400,67174400,67174400,1746534400
125,51801,"spill size",0,0,0,0
125,52526,"internal.metrics.executorDeserializeTime",2,2,9,116
125,52527,"internal.metrics.executorDeserializeCpuTime",2862213,3412195,4928993,88717258
125,52528,"internal.metrics.executorRunTime",139,238,426,6333
125,52529,"internal.metrics.executorCpuTime",140006763,210661133,316483710,5477189601
125,52530,"internal.metrics.resultSize",18871,18879,18915,491004
125,52531,"internal.metrics.jvmGCTime",46,61,80,504
125,52535,"internal.metrics.peakExecutionMemory",204537856,204658845,207683584,5321129984
125,52537,"internal.metrics.shuffle.read.remoteBlocksFetched",386,681,1149,17885
125,52538,"internal.metrics.shuffle.read.localBlocksFetched",339,620,1000,16266
125,52539,"internal.metrics.shuffle.read.remoteBytesRead",488807,533494,729157,13870990
125,52540,"internal.metrics.shuffle.read.remoteBytesReadToDisk",0,0,0,0
125,52541,"internal.metrics.shuffle.read.localBytesRead",481175,523253,689232,13604721
125,52542,"internal.metrics.shuffle.read.fetchWaitTime",0,0,63,152
125,52543,"internal.metrics.shuffle.read.recordsRead",39352,47185,66297,1227040
125,52544,"internal.metrics.shuffle.push.read.corruptMergedBlockChunks",0,0,0,0
125,52545,"internal.metrics.shuffle.push.read.mergedFetchFallbackCount",0,0,0,0
125,52546,"internal.metrics.shuffle.push.read.remoteMergedBlocksFetched",0,0,0,0
125,52547,"internal.metrics.shuffle.push.read.localMergedBlocksFetched",0,0,0,0
125,52548,"internal.metrics.shuffle.push.read.remoteMergedChunksFetched",0,0,0,0
125,52549,"internal.metrics.shuffle.push.read.localMergedChunksFetched",0,0,0,0
125,52550,"internal.metrics.shuffle.push.read.remoteMergedBytesRead",0,0,0,0
125,52551,"internal.metrics.shuffle.push.read.localMergedBytesRead",0,0,0,0
125,52552,"internal.metrics.shuffle.read.remoteReqsDuration",32,151,517,4067
125,52553,"internal.metrics.shuffle.push.read.remoteMergedReqsDuration",0,0,0,0
125,52554,"internal.metrics.shuffle.write.bytesWritten",629301,744330,1016526,19352753
125,52555,"internal.metrics.shuffle.write.recordsWritten",39081,46995,66078,1222040
125,52556,"internal.metrics.shuffle.write.writeTime",2145199,2440439,3574198,63451602
130,6591,"remote blocks read",17,31,87,7354
130,6593,"remote bytes read",1610,3770,8272,705159
130,6596,"fetch wait time",0,0,0,0
130,6597,"records read",55,119,276,25000
130,6606,"remote reqs duration",4,6,59,4923
130,48863,"remote blocks read",189,409,880,16322
130,48864,"local blocks read",180,411,924,16293
130,48865,"remote bytes read",499165,572892,821164,22343183
130,48867,"local bytes read",494845,571402,778872,22285032
130,48868,"fetch wait time",0,0,33,111
130,48869,"records read",23473,31324,44961,1222040
130,48878,"remote reqs duration",12,38,141,1831
130,52737,"data size",1877840,2506738,3596880,97763200
130,52756,"shuffle bytes written",782212,1010946,1405338,39427287
130,52757,"shuffle records written",23473,31324,44961,1222040
130,52758,"shuffle write time",2175959,2468119,3754057,96257128
130,52759,"duration",50,116,261,4894
130,52760,"number of output rows",23473,31324,44961,1222040
130,52761,"spill size",0,0,0,0
130,52763,"duration",52,123,281,5137
130,52764,"sort time",0,0,0,0
130,52765,"peak memory",68157440,68426298,69206016,2668625920
130,52766,"spill size",0,0,0,0
130,52770,"duration",51,119,270,4989
130,52771,"sort time",0,0,0,0
130,52772,"peak memory",67174400,67174400,67174400,2619801600
130,52773,"spill size",0,0,0,0
130,53612,"internal.metrics.executorDeserializeTime",2,2,10,150
130,53613,"internal.metrics.executorDeserializeCpuTime",2389813,3413680,4752305,133133860
130,53614,"internal.metrics.executorRunTime",104,183,354,7489
130,53615,"internal.metrics.executorCpuTime",104067581,179689257,283807295,7007881419
130,53616,"internal.metrics.resultSize",18871,18871,18915,736160
130,53617,"internal.metrics.jvmGCTime",40,40,40,160
130,53621,"internal.metrics.peakExecutionMemory",202964992,203368280,204537856,7931363328
130,53623,"internal.metrics.shuffle.read.remoteBlocksFetched",206,451,967,17859
130,53624,"internal.metrics.shuffle.read.localBlocksFetched",180,411,924,16293
130,53625,"internal.metrics.shuffle.read.remoteBytesRead",503240,576672,825815,22490570
130,53626,"internal.metrics.shuffle.read.remoteBytesReadToDisk",0,0,0,0
130,53627,"internal.metrics.shuffle.read.localBytesRead",494845,571402,778872,22285032
130,53628,"internal.metrics.shuffle.read.fetchWaitTime",0,0,33,111
130,53629,"internal.metrics.shuffle.read.recordsRead",23749,31452,45116,1227040
130,53630,"internal.metrics.shuffle.push.read.corruptMergedBlockChunks",0,0,0,0
130,53631,"internal.metrics.shuffle.push.read.mergedFetchFallbackCount",0,0,0,0
130,53632,"internal.metrics.shuffle.push.read.remoteMergedBlocksFetched",0,0,0,0
130,53633,"internal.metrics.shuffle.push.read.localMergedBlocksFetched",0,0,0,0
130,53634,"internal.metrics.shuffle.push.read.remoteMergedChunksFetched",0,0,0,0
130,53635,"internal.metrics.shuffle.push.read.localMergedChunksFetched",0,0,0,0
130,53636,"internal.metrics.shuffle.push.read.remoteMergedBytesRead",0,0,0,0
130,53637,"internal.metrics.shuffle.push.read.localMergedBytesRead",0,0,0,0
130,53638,"internal.metrics.shuffle.read.remoteReqsDuration",23,50,154,2337
130,53639,"internal.metrics.shuffle.push.read.remoteMergedReqsDuration",0,0,0,0
130,53640,"internal.metrics.shuffle.write.bytesWritten",782212,1010946,1405338,39427287
130,53641,"internal.metrics.shuffle.write.recordsWritten",23473,31324,44961,1222040
130,53642,"internal.metrics.shuffle.write.writeTime",2175959,2468119,3754057,96257128
137,6620,"remote blocks read",12,12,26,480
137,6622,"remote bytes read",1178,1359,2352,45136
137,6625,"fetch wait time",0,0,0,0
137,6626,"records read",21,21,34,731
137,6635,"remote reqs duration",1,1,44,211
137,51368,"remote blocks read",360,429,780,14400
137,51369,"local blocks read",96,110,208,3840
137,51370,"remote bytes read",790409,839953,1293020,27718715
137,51372,"local bytes read",203634,220352,348233,7271889
137,51373,"fetch wait time",0,0,0,0
137,51374,"records read",35003,37022,56605,1222040
137,51383,"remote reqs duration",25,58,124,2158
137,54621,"data size",2493144,2635574,4025664,86974200
137,54640,"shuffle bytes written",1021836,1083065,1592405,35741332
137,54641,"shuffle records written",34627,36596,55912,1207975
137,54642,"shuffle write time",3382094,3974462,6494742,131157555
137,54643,"duration",93,194,336,6716
137,54644,"number of output rows",34627,36596,55912,1207975
137,54645,"peak memory",67371008,67371008,67371008,2223243264
137,54647,"time in aggregation build",69,133,226,4695
137,54648,"avg hash probes per key",10,10,11,331
137,54650,"number of output rows",35003,37022,56605,1222040
137,54651,"spill size",0,0,0,0
137,54653,"duration",80,207,364,7119
137,54654,"sort time",0,0,0,0
137,54655,"peak memory",69206016,69206016,69206016,2283798528
137,54656,"spill size",0,0,0,0
137,54660,"duration",77,195,338,6489
137,54661,"sort time",0,0,0,0
137,54662,"peak memory",67174400,67174400,67174400,2216755200
137,54663,"spill size",0,0,0,0
137,54667,"internal.metrics.executorDeserializeTime",3,28,73,1156
137,54668,"internal.metrics.executorDeserializeCpuTime",3721077,13051625,40422196,430703890
137,54669,"internal.metrics.executorRunTime",177,336,547,11366
137,54670,"internal.metrics.executorCpuTime",177457984,292071436,466989175,9638357647
137,54671,"internal.metrics.resultSize",22941,22941,22943,757079
137,54676,"internal.metrics.peakExecutionMemory",271908864,271908864,271908864,8972992512
137,54678,"internal.metrics.shuffle.read.remoteBlocksFetched",372,445,806,14880
137,54679,"internal.metrics.shuffle.read.localBlocksFetched",96,110,208,3840
137,54680,"internal.metrics.shuffle.read.remoteBytesRead",791795,841320,1295372,27763851
137,54681,"internal.metrics.shuffle.read.remoteBytesReadToDisk",0,0,0,0
137,54682,"internal.metrics.shuffle.read.localBytesRead",203634,220352,348233,7271889
137,54683,"internal.metrics.shuffle.read.fetchWaitTime",0,0,0,0
137,54684,"internal.metrics.shuffle.read.recordsRead",35024,37045,56639,1222771
137,54685,"internal.metrics.shuffle.push.read.corruptMergedBlockChunks",0,0,0,0
137,54686,"internal.metrics.shuffle.push.read.mergedFetchFallbackCount",0,0,0,0
137,54687,"internal.metrics.shuffle.push.read.remoteMergedBlocksFetched",0,0,0,0
137,54688,"internal.metrics.shuffle.push.read.localMergedBlocksFetched",0,0,0,0
137,54689,"internal.metrics.shuffle.push.read.remoteMergedChunksFetched",0,0,0,0
137,54690,"internal.metrics.shuffle.push.read.localMergedChunksFetched",0,0,0,0
137,54691,"internal.metrics.shuffle.push.read.remoteMergedBytesRead",0,0,0,0
137,54692,"internal.metrics.shuffle.push.read.localMergedBytesRead",0,0,0,0
137,54693,"internal.metrics.shuffle.read.remoteReqsDuration",26,63,125,2369
137,54694,"internal.metrics.shuffle.push.read.remoteMergedReqsDuration",0,0,0,0
137,54695,"internal.metrics.shuffle.write.bytesWritten",1021836,1083065,1592405,35741332
137,54696,"internal.metrics.shuffle.write.recordsWritten",34627,36596,55912,1207975
137,54697,"internal.metrics.shuffle.write.writeTime",3382094,3974462,6494742,131157555
144,6620,"remote blocks read",19,22,54,1022
144,6622,"remote bytes read",1944,2504,4940,96187
144,6625,"fetch wait time",0,0,0,0
144,6626,"records read",38,40,74,1719
144,6635,"remote reqs duration",1,1,6,365
144,51767,"remote blocks read",228,348,756,6326
144,51768,"local blocks read",240,338,648,6154
144,51769,"remote bytes read",444618,546689,1088553,9840480
144,51771,"local bytes read",446912,528456,876243,9512273
144,51772,"fetch wait time",0,0,4,4
144,51773,"records read",63323,67887,123368,1222040
144,51782,"remote reqs duration",18,50,109,967
144,54958,"data size",3978752,4272174,7722432,76899200
144,54977,"shuffle bytes written",1182338,1281055,2162859,23059074
144,54978,"shuffle records written",62168,66749,120663,1201550
144,54979,"shuffle write time",3521381,3735113,4926497,67232121
144,54980,"duration",107,218,297,3985
144,54981,"number of output rows",62168,66749,120663,1201550
144,54982,"peak memory",67371008,67472952,69206016,1214513152
144,54984,"time in aggregation build",89,156,226,2860
144,54985,"avg hash probes per key",12,12,16,220
144,54987,"number of output rows",63323,67887,123368,1222040
144,54988,"spill size",0,0,0,0
144,54990,"duration",95,204,294,3745
144,54991,"sort time",0,0,1,2
144,54992,"peak memory",69206016,69672045,71303168,1254096896
144,54993,"spill size",0,0,0,0
144,54997,"duration",92,198,273,3422
144,54998,"sort time",0,0,0,0
144,54999,"peak memory",67174400,67174400,67174400,1209139200
144,55000,"spill size",0,0,0,0
144,55494,"internal.metrics.executorDeserializeTime",3,11,32,271
144,55495,"internal.metrics.executorDeserializeCpuTime",3292587,6596927,25327100,118744782
144,55496,"internal.metrics.executorRunTime",199,348,465,6314
144,55497,"internal.metrics.executorCpuTime",190821624,312505260,421553064,5625094762
144,55498,"internal.metrics.resultSize",22941,22941,22942,412946
144,55503,"internal.metrics.peakExecutionMemory",271908864,272709855,276889600,4908777472
144,55505,"internal.metrics.shuffle.read.remoteBlocksFetched",247,374,810,6806
144,55506,"internal.metrics.shuffle.read.localBlocksFetched",240,338,648,6154
144,55507,"internal.metrics.shuffle.read.remoteBytesRead",446562,549197,1093493,9885616
144,55508,"internal.metrics.shuffle.read.remoteBytesReadToDisk",0,0,0,0
144,55509,"internal.metrics.shuffle.read.localBytesRead",446912,528456,876243,9512273
144,55510,"internal.metrics.shuffle.read.fetchWaitTime",0,0,4,4
144,55511,"internal.metrics.shuffle.read.recordsRead",63362,67928,123442,1222771
144,55512,"internal.metrics.shuffle.push.read.corruptMergedBlockChunks",0,0,0,0
144,55513,"internal.metrics.shuffle.push.read.mergedFetchFallbackCount",0,0,0,0
144,55514,"internal.metrics.shuffle.push.read.remoteMergedBlocksFetched",0,0,0,0
144,55515,"internal.metrics.shuffle.push.read.localMergedBlocksFetched",0,0,0,0
144,55516,"internal.metrics.shuffle.push.read.remoteMergedChunksFetched",0,0,0,0
144,55517,"internal.metrics.shuffle.push.read.localMergedChunksFetched",0,0,0,0
144,55518,"internal.metrics.shuffle.push.read.remoteMergedBytesRead",0,0,0,0
144,55519,"internal.metrics.shuffle.push.read.localMergedBytesRead",0,0,0,0
144,55520,"internal.metrics.shuffle.read.remoteReqsDuration",21,52,113,1018
144,55521,"internal.metrics.shuffle.push.read.remoteMergedReqsDuration",0,0,0,0
144,55522,"internal.metrics.shuffle.write.bytesWritten",1182338,1281055,2162859,23059074
144,55523,"internal.metrics.shuffle.write.recordsWritten",62168,66749,120663,1201550
144,55524,"internal.metrics.shuffle.write.writeTime",3521381,3735113,4926497,67232121
151,6620,"remote blocks read",10,11,15,1222
151,6621,"local blocks read",9,10,16,218
151,6622,"remote bytes read",1008,1225,1387,114859
151,6624,"local bytes read",961,1205,1472,20549
151,6625,"fetch wait time",0,0,0,0
151,6626,"records read",18,18,22,2193
151,6635,"remote reqs duration",12,40,150,1156
151,52739,"remote blocks read",180,245,320,9338
151,52740,"local blocks read",171,245,304,9382
151,52741,"remote bytes read",495605,531706,581434,19673459
151,52743,"local bytes read",491946,533879,583866,19753828
151,52744,"fetch wait time",0,3,118,524
151,52745,"records read",30209,33021,35530,1222040
151,52754,"remote reqs duration",15,44,156,1948
151,55671,"data size",2391520,2613099,2806960,96684960
151,55690,"shuffle bytes written",1197566,1294380,1383123,47892435
151,55691,"shuffle records written",29894,32655,35087,1208562
151,55692,"shuffle write time",3414488,3944096,5503454,145931829
151,55693,"duration",61,150,320,5846
151,55694,"number of output rows",29894,32655,35087,1208562
151,55695,"peak memory",67371008,67371008,67371008,2492727296
151,55697,"time in aggregation build",50,114,220,4530
151,55698,"avg hash probes per key",10,10,10,370
151,55700,"number of output rows",30209,33021,35530,1222040
151,55701,"spill size",0,0,0,0
151,55703,"duration",55,149,349,5866
151,55704,"sort time",0,0,0,0
151,55705,"peak memory",68157440,68695889,69206016,2541748224
151,55706,"spill size",0,0,0,0
151,55710,"duration",53,143,327,5496
151,55711,"sort time",0,0,0,0
151,55712,"peak memory",67174400,67174400,67174400,2485452800
151,55713,"spill size",0,0,0,0
151,56248,"internal.metrics.executorDeserializeTime",3,3,41,434
151,56249,"internal.metrics.executorDeserializeCpuTime",3800398,6826709,33239548,252588543
151,56250,"internal.metrics.executorRunTime",148,274,492,10482
151,56251,"internal.metrics.executorCpuTime",141889490,224654552,461612047,8312218774
151,56252,"internal.metrics.resultSize",22941,22941,22985,849135
151,56253,"internal.metrics.jvmGCTime",100,122,141,864
151,56257,"internal.metrics.peakExecutionMemory",270336000,271129507,271908864,10031792128
151,56259,"internal.metrics.shuffle.read.remoteBlocksFetched",180,250,320,9600
151,56260,"internal.metrics.shuffle.read.localBlocksFetched",180,250,320,9600
151,56261,"internal.metrics.shuffle.read.remoteBytesRead",496672,532372,581434,19698046
151,56262,"internal.metrics.shuffle.read.remoteBytesReadToDisk",0,0,0,0
151,56263,"internal.metrics.shuffle.read.localBytesRead",493335,534436,583866,19774377
151,56264,"internal.metrics.shuffle.read.fetchWaitTime",0,3,118,524
151,56265,"internal.metrics.shuffle.read.recordsRead",30227,33040,35551,1222771
151,56266,"internal.metrics.shuffle.push.read.corruptMergedBlockChunks",0,0,0,0
151,56267,"internal.metrics.shuffle.push.read.mergedFetchFallbackCount",0,0,0,0
151,56268,"internal.metrics.shuffle.push.read.remoteMergedBlocksFetched",0,0,0,0
151,56269,"internal.metrics.shuffle.push.read.localMergedBlocksFetched",0,0,0,0
151,56270,"internal.metrics.shuffle.push.read.remoteMergedChunksFetched",0,0,0,0
151,56271,"internal.metrics.shuffle.push.read.localMergedChunksFetched",0,0,0,0
151,56272,"internal.metrics.shuffle.push.read.remoteMergedBytesRead",0,0,0,0
151,56273,"internal.metrics.shuffle.push.read.localMergedBytesRead",0,0,0,0
151,56274,"internal.metrics.shuffle.read.remoteReqsDuration",18,67,302,2842
151,56275,"internal.metrics.shuffle.push.read.remoteMergedReqsDuration",0,0,0,0
151,56276,"internal.metrics.shuffle.write.bytesWritten",1197566,1294380,1383123,47892435
151,56277,"internal.metrics.shuffle.write.recordsWritten",29894,32655,35087,1208562
151,56278,"internal.metrics.shuffle.write.writeTime",3414488,3944096,5503454,145931829
163,29322,"remote blocks read",380,391,420,16391
163,29323,"local blocks read",380,394,441,16409
163,29324,"remote bytes read",637235,681145,724315,27927444
163,29326,"local bytes read",637440,682004,757388,27962555
163,29327,"fetch wait time",0,0,108,326
163,29328,"records read",29060,29796,32110,1222040
163,29337,"remote reqs duration",19,46,173,2245
163,54623,"remote blocks read",627,630,693,26400
163,54625,"remote bytes read",849105,871729,938554,35741332
163,54628,"fetch wait time",0,0,0,0
163,54629,"records read",28720,29453,31748,1207975
163,54638,"remote reqs duration",36,57,145,2855
163,56919,"data size",2297560,2357302,2538328,96649736
163,56938,"shuffle bytes written",1003343,1027348,1092107,42121640
163,56939,"shuffle records written",29060,29796,32110,1222040
163,56940,"shuffle write time",3334258,3834431,6054812,157212045
163,56941,"duration",159,264,597,11280
163,56942,"number of output rows",29060,29796,32110,1222040
163,56943,"spill size",0,0,0,0
163,56945,"duration",163,277,651,11775
163,56946,"sort time",10,16,115,1107
163,56947,"peak memory",68157440,68157440,68157440,2794455040
163,56948,"spill size",0,0,0,0
163,56952,"duration",161,270,619,11481
163,56953,"sort time",7,7,108,508
163,56954,"peak memory",68157440,68157440,68157440,2794455040
163,56955,"spill size",0,0,0,0
163,56956,"number of output rows",24066,24728,26787,1014350
163,56957,"peak memory",68157440,68157440,68157440,2794455040
163,56959,"time in aggregation build",49,51,166,2609
163,56960,"avg hash probes per key",14,14,15,602
163,56965,"internal.metrics.executorDeserializeTime",5,5,50,479
163,56966,"internal.metrics.executorDeserializeCpuTime",5072719,8348545,34917280,342290760
163,56967,"internal.metrics.executorRunTime",239,369,747,15537
163,56968,"internal.metrics.executorCpuTime",239203699,343337980,595437620,14076857594
163,56969,"internal.metrics.resultSize",41645,41645,41689,1707810
163,56970,"internal.metrics.jvmGCTime",97,104,113,840
163,56974,"internal.metrics.peakExecutionMemory",272105472,272105472,272105472,11156324352
163,56976,"internal.metrics.shuffle.read.remoteBlocksFetched",1007,1033,1113,42791
163,56977,"internal.metrics.shuffle.read.localBlocksFetched",380,394,441,16409
163,56978,"internal.metrics.shuffle.read.remoteBytesRead",1491529,1552888,1648737,63668776
163,56979,"internal.metrics.shuffle.read.remoteBytesReadToDisk",0,0,0,0
163,56980,"internal.metrics.shuffle.read.localBytesRead",637440,682004,757388,27962555
163,56981,"internal.metrics.shuffle.read.fetchWaitTime",0,0,108,326
163,56982,"internal.metrics.shuffle.read.recordsRead",57780,59259,63858,2430015
163,56983,"internal.metrics.shuffle.push.read.corruptMergedBlockChunks",0,0,0,0
163,56984,"internal.metrics.shuffle.push.read.mergedFetchFallbackCount",0,0,0,0
163,56985,"internal.metrics.shuffle.push.read.remoteMergedBlocksFetched",0,0,0,0
163,56986,"internal.metrics.shuffle.push.read.localMergedBlocksFetched",0,0,0,0
163,56987,"internal.metrics.shuffle.push.read.remoteMergedChunksFetched",0,0,0,0
163,56988,"internal.metrics.shuffle.push.read.localMergedChunksFetched",0,0,0,0
163,56989,"internal.metrics.shuffle.push.read.remoteMergedBytesRead",0,0,0,0
163,56990,"internal.metrics.shuffle.push.read.localMergedBytesRead",0,0,0,0
163,56991,"internal.metrics.shuffle.read.remoteReqsDuration",62,113,225,5100
163,56992,"internal.metrics.shuffle.push.read.remoteMergedReqsDuration",0,0,0,0
163,56993,"internal.metrics.shuffle.write.bytesWritten",1003343,1027348,1092107,42121640
163,56994,"internal.metrics.shuffle.write.recordsWritten",29060,29796,32110,1222040
163,56995,"internal.metrics.shuffle.write.writeTime",3334258,3834431,6054812,157212045
170,47386,"remote blocks read",380,401,484,16784
170,47387,"local blocks read",380,400,440,16816
170,47388,"remote bytes read",835393,910239,1071759,37320154
170,47390,"local bytes read",843020,911365,985902,37366362
170,47391,"fetch wait time",0,0,60,135
170,47392,"records read",28952,29797,33715,1222040
170,47401,"remote reqs duration",20,37,140,1967
170,54960,"remote blocks read",342,343,396,17538
170,54962,"remote bytes read",545969,562406,635304,28077643
170,54965,"fetch wait time",0,0,31,60
170,54966,"records read",28473,29296,33146,1725609
170,54975,"remote reqs duration",18,29,179,2494
170,57176,"data size",2522144,2595749,2934952,106426056
170,57195,"shuffle bytes written",1255849,1287435,1435728,52785311
170,57196,"shuffle records written",28952,29797,33715,1222040
170,57197,"shuffle write time",3493589,3968924,5652994,162726287
170,57198,"duration",146,241,481,10250
170,57199,"number of output rows",28952,29797,33715,1222040
170,57200,"spill size",0,0,0,0
170,57202,"duration",150,251,535,10781
170,57203,"sort time",10,19,117,1211
170,57204,"peak memory",68157440,68157440,68157440,2794455040
170,57205,"spill size",0,0,0,0
170,57209,"duration",147,246,500,10460
170,57210,"sort time",7,7,17,364
170,57211,"peak memory",68157440,68157440,68157440,2794455040
170,57212,"spill size",0,0,0,0
170,57213,"number of output rows",24015,24728,28080,1014350
170,57214,"peak memory",67371008,67371008,67371008,2762211328
170,57216,"time in aggregation build",31,33,88,1821
170,57217,"avg hash probes per key",10,10,10,410
170,57680,"internal.metrics.executorDeserializeTime",5,5,37,276
170,57681,"internal.metrics.executorDeserializeCpuTime",5143048,6295959,12272642,258134646
170,57682,"internal.metrics.executorRunTime",226,349,660,14685
170,57683,"internal.metrics.executorCpuTime",226283541,333816914,605869769,13686493874
170,57684,"internal.metrics.resultSize",41645,41645,41689,1707810
170,57685,"internal.metrics.jvmGCTime",30,61,96,504
170,57689,"internal.metrics.peakExecutionMemory",271319040,271331827,271843328,11124604928
170,57691,"internal.metrics.shuffle.read.remoteBlocksFetched",722,752,880,31184
170,57692,"internal.metrics.shuffle.read.localBlocksFetched",380,400,440,16816
170,57693,"internal.metrics.shuffle.read.remoteBytesRead",1383652,1472656,1707063,60379228
170,57694,"internal.metrics.shuffle.read.remoteBytesReadToDisk",0,0,0,0
170,57695,"internal.metrics.shuffle.read.localBytesRead",843020,911365,985902,37366362
170,57696,"internal.metrics.shuffle.read.fetchWaitTime",0,0,60,195
170,57697,"internal.metrics.shuffle.read.recordsRead",57425,59100,66861,2423590
170,57698,"internal.metrics.shuffle.push.read.corruptMergedBlockChunks",0,0,0,0
170,57699,"internal.metrics.shuffle.push.read.mergedFetchFallbackCount",0,0,0,0
170,57700,"internal.metrics.shuffle.push.read.remoteMergedBlocksFetched",0,0,0,0
170,57701,"internal.metrics.shuffle.push.read.localMergedBlocksFetched",0,0,0,0
170,57702,"internal.metrics.shuffle.push.read.remoteMergedChunksFetched",0,0,0,0
170,57703,"internal.metrics.shuffle.push.read.localMergedChunksFetched",0,0,0,0
170,57704,"internal.metrics.shuffle.push.read.remoteMergedBytesRead",0,0,0,0
170,57705,"internal.metrics.shuffle.push.read.localMergedBytesRead",0,0,0,0
170,57706,"internal.metrics.shuffle.read.remoteReqsDuration",42,78,239,3631
170,57707,"internal.metrics.shuffle.push.read.remoteMergedReqsDuration",0,0,0,0
170,57708,"internal.metrics.shuffle.write.bytesWritten",1255849,1287435,1435728,52785311
170,57709,"internal.metrics.shuffle.write.recordsWritten",28952,29797,33715,1222040
170,57710,"internal.metrics.shuffle.write.writeTime",3493589,3968924,5652994,162726287
177,45986,"remote blocks read",380,570,924,43826
177,45987,"local blocks read",380,401,440,9788
177,45988,"remote bytes read",1055189,1606572,2564889,121245897
177,45990,"local bytes read",1054943,1128489,1206023,27083830
177,45991,"fetch wait time",0,0,128,436
177,45992,"records read",28952,29795,33715,2323155
177,46001,"remote reqs duration",22,102,384,8811
177,54960,"remote blocks read",152,315,396,58606
177,54961,"local blocks read",152,174,200,8572
177,54962,"remote bytes read",236250,521589,635304,93827068
177,54964,"local bytes read",233920,278904,329362,13725743
177,54965,"fetch wait time",0,0,4,64
177,54966,"records read",28473,29296,33146,5888828
177,54975,"remote reqs duration",11,40,154,12918
177,57268,"data size",4027984,4145577,4688400,169969096
177,57287,"shuffle bytes written",1942816,1993981,2231795,81753629
177,57288,"shuffle records written",28952,29795,33715,1222040
177,57289,"shuffle write time",3870771,4784689,8688741,196172637
177,57290,"duration",152,377,878,15799
177,57291,"number of output rows",28952,29795,33715,1222040
177,57292,"spill size",0,0,0,0
177,57294,"duration",156,421,1165,17594
177,57295,"sort time",10,34,128,1702
177,57296,"peak memory",68157440,68157440,68157440,2794455040
177,57297,"spill size",0,0,0,0
177,57301,"duration",154,388,939,16360
177,57302,"sort time",7,7,15,344
177,57303,"peak memory",68157440,68157440,68157440,2794455040
177,57304,"spill size",0,0,0,0
177,57305,"number of output rows",24015,24730,28080,1014350
177,57306,"peak memory",67371008,67371008,67371008,2762211328
177,57308,"time in aggregation build",32,51,159,2533
177,57309,"avg hash probes per key",10,10,10,410
177,57715,"internal.metrics.executorDeserializeTime",5,17,236,951
177,57716,"internal.metrics.executorDeserializeCpuTime",5550112,14247705,139236441,584156306
177,57717,"internal.metrics.executorRunTime",293,554,1471,23179
177,57718,"internal.metrics.executorCpuTime",285650630,501348950,1189948077,20555307441
177,57719,"internal.metrics.resultSize",45117,45119,45162,1850124
177,57720,"internal.metrics.jvmGCTime",102,152,241,1072
177,57724,"internal.metrics.peakExecutionMemory",271319040,271331827,271843328,11124604928
177,57726,"internal.metrics.shuffle.read.remoteBlocksFetched",722,898,1320,37166
177,57727,"internal.metrics.shuffle.read.localBlocksFetched",0,253,440,10834
177,57728,"internal.metrics.shuffle.read.remoteBytesRead",1602407,2128174,3200193,87255485
177,57729,"internal.metrics.shuffle.read.remoteBytesReadToDisk",0,0,0,0
177,57730,"internal.metrics.shuffle.read.localBytesRead",0,701387,1206023,28757260
177,57731,"internal.metrics.shuffle.read.fetchWaitTime",0,0,128,222
177,57732,"internal.metrics.shuffle.read.recordsRead",57425,59101,66861,2423590
177,57733,"internal.metrics.shuffle.push.read.corruptMergedBlockChunks",0,0,0,0
177,57734,"internal.metrics.shuffle.push.read.mergedFetchFallbackCount",0,0,0,0
177,57735,"internal.metrics.shuffle.push.read.remoteMergedBlocksFetched",0,0,0,0
177,57736,"internal.metrics.shuffle.push.read.localMergedBlocksFetched",0,0,0,0
177,57737,"internal.metrics.shuffle.push.read.remoteMergedChunksFetched",0,0,0,0
177,57738,"internal.metrics.shuffle.push.read.localMergedChunksFetched",0,0,0,0
177,57739,"internal.metrics.shuffle.push.read.remoteMergedBytesRead",0,0,0,0
177,57740,"internal.metrics.shuffle.push.read.localMergedBytesRead",0,0,0,0
177,57741,"internal.metrics.shuffle.read.remoteReqsDuration",43,149,471,6562
177,57742,"internal.metrics.shuffle.push.read.remoteMergedReqsDuration",0,0,0,0
177,57743,"internal.metrics.shuffle.write.bytesWritten",1942816,1993981,2231795,81753629
177,57744,"internal.metrics.shuffle.write.recordsWritten",28952,29795,33715,1222040
177,57745,"internal.metrics.shuffle.write.writeTime",3870771,4784689,8688741,196172637
178,29322,"remote blocks read",380,392,460,32779
178,29323,"local blocks read",380,392,483,32821
178,29324,"remote bytes read",636815,680890,778148,55844304
178,29326,"local bytes read",638109,682260,833990,55935694
178,29327,"fetch wait time",0,0,16,358
178,29328,"records read",28952,29795,35292,2444080
178,29337,"remote reqs duration",19,23,86,3640
178,54960,"remote blocks read",152,165,230,27222
178,54961,"local blocks read",152,163,200,7176
178,54962,"remote bytes read",232450,282204,376037,43590531
178,54964,"local bytes read",231321,280193,332429,11488281
178,54965,"fetch wait time",0,0,0,60
178,54966,"records read",28473,29294,34693,2869878
178,54975,"remote reqs duration",10,31,105,3703
178,57351,"data size",2058912,2118854,2507464,86873416
178,57370,"shuffle bytes written",744461,761249,866885,31211551
178,57371,"shuffle records written",28952,29795,35292,1222040
178,57372,"shuffle write time",3157822,3630375,4622397,148845825
178,57373,"duration",141,189,428,8161
178,57374,"number of output rows",28952,29795,35292,1222040
178,57375,"spill size",0,0,0,0
178,57377,"duration",146,197,436,8510
178,57378,"sort time",10,10,38,492
178,57379,"peak memory",68157440,68157440,68157440,2794455040
178,57380,"spill size",0,0,0,0
178,57384,"duration",142,191,430,8261
178,57385,"sort time",7,7,12,331
178,57386,"peak memory",68157440,68157440,68157440,2794455040
178,57387,"spill size",0,0,0,0
178,57388,"number of output rows",24038,24731,29368,1014350
178,57389,"peak memory",67371008,67371008,67371008,2762211328
178,57391,"time in aggregation build",33,36,96,1868
178,57392,"avg hash probes per key",10,10,10,410
178,57750,"internal.metrics.executorDeserializeTime",3,3,13,201
178,57751,"internal.metrics.executorDeserializeCpuTime",3816840,5142027,9433436,210823582
178,57752,"internal.metrics.executorRunTime",221,285,520,12071
178,57753,"internal.metrics.executorCpuTime",220866441,281482481,492016648,11540782053
178,57754,"internal.metrics.resultSize",34365,34370,34409,1409459
178,57755,"internal.metrics.jvmGCTime",28,41,63,469
178,57759,"internal.metrics.peakExecutionMemory",271319040,271331827,271843328,11124604928
178,57761,"internal.metrics.shuffle.read.remoteBlocksFetched",551,567,690,23612
178,57762,"internal.metrics.shuffle.read.localBlocksFetched",551,569,667,23588
178,57763,"internal.metrics.shuffle.read.remoteBytesRead",919739,963105,1154185,39487653
178,57764,"internal.metrics.shuffle.read.remoteBytesReadToDisk",0,0,0,0
178,57765,"internal.metrics.shuffle.read.localBytesRead",914939,962464,1122428,39461420
178,57766,"internal.metrics.shuffle.read.fetchWaitTime",0,0,16,32
178,57767,"internal.metrics.shuffle.read.recordsRead",57425,59102,69985,2423590
178,57768,"internal.metrics.shuffle.push.read.corruptMergedBlockChunks",0,0,0,0
178,57769,"internal.metrics.shuffle.push.read.mergedFetchFallbackCount",0,0,0,0
178,57770,"internal.metrics.shuffle.push.read.remoteMergedBlocksFetched",0,0,0,0
178,57771,"internal.metrics.shuffle.push.read.localMergedBlocksFetched",0,0,0,0
178,57772,"internal.metrics.shuffle.push.read.remoteMergedChunksFetched",0,0,0,0
178,57773,"internal.metrics.shuffle.push.read.localMergedChunksFetched",0,0,0,0
178,57774,"internal.metrics.shuffle.push.read.remoteMergedBytesRead",0,0,0,0
178,57775,"internal.metrics.shuffle.push.read.localMergedBytesRead",0,0,0,0
178,57776,"internal.metrics.shuffle.read.remoteReqsDuration",30,64,191,3036
178,57777,"internal.metrics.shuffle.push.read.remoteMergedReqsDuration",0,0,0,0
178,57778,"internal.metrics.shuffle.write.bytesWritten",744461,761249,866885,31211551
178,57779,"internal.metrics.shuffle.write.recordsWritten",28952,29795,35292,1222040
178,57780,"internal.metrics.shuffle.write.writeTime",3157822,3630375,4622397,148845825
179,45986,"remote blocks read",380,526,840,45824
179,45987,"local blocks read",380,406,484,21376
179,45988,"remote bytes read",1054513,1486013,2317072,126796779
179,45990,"local bytes read",1054943,1143805,1335106,59110563
179,45991,"fetch wait time",0,1,91,524
179,45992,"records read",28952,29799,33715,2444080
179,46001,"remote reqs duration",24,108,380,9409
179,54960,"remote blocks read",342,343,396,60028
179,54962,"remote bytes read",545969,562406,635304,96104733
179,54965,"fetch wait time",0,0,0,64
179,54966,"records read",28473,29294,33146,6007750
179,54975,"remote reqs duration",20,51,140,13211
179,57471,"data size",4491216,4622471,5227840,189521736
179,57490,"shuffle bytes written",2099919,2155882,2411403,88391515
179,57491,"shuffle records written",28952,29799,33715,1222040
179,57492,"shuffle write time",3976377,5059547,8973594,207441812
179,57493,"duration",160,373,870,15720
179,57494,"number of output rows",28952,29799,33715,1222040
179,57495,"spill size",0,0,0,0
179,57497,"duration",164,421,1159,17626
179,57498,"sort time",10,26,114,1520
179,57499,"peak memory",68157440,68157440,68157440,2794455040
179,57500,"spill size",0,0,0,0
179,57504,"duration",162,387,928,16273
179,57505,"sort time",7,7,14,348
179,57506,"peak memory",68157440,68157440,68157440,2794455040
179,57507,"spill size",0,0,0,0
179,57508,"number of output rows",24015,24730,28080,1014350
179,57509,"peak memory",67371008,67371008,67371008,2762211328
179,57511,"time in aggregation build",31,54,168,2560
179,57512,"avg hash probes per key",10,10,10,410
179,57785,"internal.metrics.executorDeserializeTime",5,14,236,1068
179,57786,"internal.metrics.executorDeserializeCpuTime",5556907,15238178,122289359,624765646
179,57787,"internal.metrics.executorRunTime",275,564,1476,23503
179,57788,"internal.metrics.executorCpuTime",275490829,498586760,1187631847,20442057536
179,57789,"internal.metrics.resultSize",45117,45120,45162,1850295
179,57790,"internal.metrics.jvmGCTime",34,107,241,1202
179,57794,"internal.metrics.peakExecutionMemory",271319040,271331827,271843328,11124604928
179,57796,"internal.metrics.shuffle.read.remoteBlocksFetched",722,877,1200,36412
179,57797,"internal.metrics.shuffle.read.localBlocksFetched",0,273,484,11588
179,57798,"internal.metrics.shuffle.read.remoteBytesRead",1603687,2048430,2890470,83986012
179,57799,"internal.metrics.shuffle.read.remoteBytesReadToDisk",0,0,0,0
179,57800,"internal.metrics.shuffle.read.localBytesRead",0,781129,1335106,32026733
179,57801,"internal.metrics.shuffle.read.fetchWaitTime",0,1,91,306
179,57802,"internal.metrics.shuffle.read.recordsRead",57425,59101,66861,2423590
179,57803,"internal.metrics.shuffle.push.read.corruptMergedBlockChunks",0,0,0,0
179,57804,"internal.metrics.shuffle.push.read.mergedFetchFallbackCount",0,0,0,0
179,57805,"internal.metrics.shuffle.push.read.remoteMergedBlocksFetched",0,0,0,0
179,57806,"internal.metrics.shuffle.push.read.localMergedBlocksFetched",0,0,0,0
179,57807,"internal.metrics.shuffle.push.read.remoteMergedChunksFetched",0,0,0,0
179,57808,"internal.metrics.shuffle.push.read.localMergedChunksFetched",0,0,0,0
179,57809,"internal.metrics.shuffle.push.read.remoteMergedBytesRead",0,0,0,0
179,57810,"internal.metrics.shuffle.push.read.localMergedBytesRead",0,0,0,0
179,57811,"internal.metrics.shuffle.read.remoteReqsDuration",44,171,467,7378
179,57812,"internal.metrics.shuffle.push.read.remoteMergedReqsDuration",0,0,0,0
179,57813,"internal.metrics.shuffle.write.bytesWritten",2099919,2155882,2411403,88391515
179,57814,"internal.metrics.shuffle.write.recordsWritten",28952,29799,33715,1222040
179,57815,"internal.metrics.shuffle.write.writeTime",3976377,5059547,8973594,207441812
184,32179,"remote blocks read",399,598,840,24990
184,32180,"local blocks read",399,404,441,8610
184,32181,"remote bytes read",878644,1348938,1855497,55306866
184,32183,"local bytes read",875727,907918,980728,19066401
184,32184,"fetch wait time",0,12,219,939
184,32185,"records read",29060,29795,32110,1222040
184,32194,"remote reqs duration",22,101,422,4520
184,54960,"remote blocks read",152,249,360,55744
184,54961,"local blocks read",152,172,210,11972
184,54962,"remote bytes read",233809,415359,575501,89248629
184,54964,"local bytes read",231575,287086,343192,19190637
184,54965,"fetch wait time",0,0,0,64
184,54966,"records read",28543,29297,31577,5650302
184,54975,"remote reqs duration",12,120,427,12140
184,57597,"data size",3576872,3668684,3951552,150416456
184,57616,"shuffle bytes written",1413932,1445914,1539639,59282812
184,57617,"shuffle records written",29060,29795,32110,1222040
184,57618,"shuffle write time",3581266,4261836,6737178,174735696
184,57619,"duration",158,311,617,13168
184,57620,"number of output rows",29060,29795,32110,1222040
184,57621,"spill size",0,0,0,0
184,57623,"duration",163,337,664,14217
184,57624,"sort time",10,11,214,775
184,57625,"peak memory",68157440,68157440,68157440,2794455040
184,57626,"spill size",0,0,0,0
184,57630,"duration",159,321,630,13511
184,57631,"sort time",7,7,15,354
184,57632,"peak memory",68157440,68157440,68157440,2794455040
184,57633,"spill size",0,0,0,0
184,57634,"number of output rows",24066,24731,26787,1014350
184,57635,"peak memory",67371008,67371008,67371008,2762211328
184,57637,"time in aggregation build",34,46,89,2321
184,57638,"avg hash probes per key",10,10,10,410
184,57820,"internal.metrics.executorDeserializeTime",4,4,78,352
184,57821,"internal.metrics.executorDeserializeCpuTime",4706525,6663101,11170289,273187573
184,57822,"internal.metrics.executorRunTime",248,434,777,18219
184,57823,"internal.metrics.executorCpuTime",248717418,399990350,709070671,16399604760
184,57824,"internal.metrics.resultSize",39741,39743,39784,1629535
184,57825,"internal.metrics.jvmGCTime",51,55,63,165
184,57829,"internal.metrics.peakExecutionMemory",271319040,271319040,271319040,11124080640
184,57831,"internal.metrics.shuffle.read.remoteBlocksFetched",551,859,1200,35640
184,57832,"internal.metrics.shuffle.read.localBlocksFetched",0,291,651,12360
184,57833,"internal.metrics.shuffle.read.remoteBytesRead",1114247,1764308,2430897,72337014
184,57834,"internal.metrics.shuffle.read.remoteBytesReadToDisk",0,0,0,0
184,57835,"internal.metrics.shuffle.read.localBytesRead",0,612073,1323920,25095327
184,57836,"internal.metrics.shuffle.read.fetchWaitTime",0,12,219,939
184,57837,"internal.metrics.shuffle.read.recordsRead",57608,59102,63687,2423590
184,57838,"internal.metrics.shuffle.push.read.corruptMergedBlockChunks",0,0,0,0
184,57839,"internal.metrics.shuffle.push.read.mergedFetchFallbackCount",0,0,0,0
184,57840,"internal.metrics.shuffle.push.read.remoteMergedBlocksFetched",0,0,0,0
184,57841,"internal.metrics.shuffle.push.read.localMergedBlocksFetched",0,0,0,0
184,57842,"internal.metrics.shuffle.push.read.remoteMergedChunksFetched",0,0,0,0
184,57843,"internal.metrics.shuffle.push.read.localMergedChunksFetched",0,0,0,0
184,57844,"internal.metrics.shuffle.push.read.remoteMergedBytesRead",0,0,0,0
184,57845,"internal.metrics.shuffle.push.read.localMergedBytesRead",0,0,0,0
184,57846,"internal.metrics.shuffle.read.remoteReqsDuration",35,231,849,9895
184,57847,"internal.metrics.shuffle.push.read.remoteMergedReqsDuration",0,0,0,0
184,57848,"internal.metrics.shuffle.write.bytesWritten",1413932,1445914,1539639,59282812
184,57849,"internal.metrics.shuffle.write.recordsWritten",29060,29795,32110,1222040
184,57850,"internal.metrics.shuffle.write.writeTime",3581266,4261836,6737178,174735696
191,43922,"remote blocks read",380,742,861,30782
191,43923,"local blocks read",380,403,420,2018
191,43924,"remote bytes read",1933252,3826469,4391377,156885684
191,43926,"local bytes read",1929385,2063736,2141628,10318687
191,43927,"fetch wait time",0,44,223,2261
191,43928,"records read",29060,29794,32110,1222040
191,43937,"remote reqs duration",80,250,549,10646
191,55673,"remote blocks read",323,670,777,27894
191,55674,"local blocks read",323,340,380,1706
191,55675,"remote bytes read",522833,1100529,1257156,45122093
191,55677,"local bytes read",522200,554067,619752,2770342
191,55678,"fetch wait time",0,0,32,41
191,55679,"records read",28727,29466,31769,1208562
191,55688,"remote reqs duration",28,324,648,13689
191,57954,"data size",7761512,7960728,8575392,326390216
191,57973,"shuffle bytes written",4055858,4153686,4453777,170301485
191,57974,"shuffle records written",29060,29794,32110,1222040
191,57975,"shuffle write time",4810912,5605568,8540938,229828709
191,57976,"duration",277,532,814,22280
191,57977,"number of output rows",29060,29794,32110,1222040
191,57978,"spill size",0,0,0,0
191,57980,"duration",281,576,850,23974
191,57981,"sort time",11,11,22,637
191,57982,"peak memory",68157440,68157440,68157440,2794455040
191,57983,"spill size",0,0,0,0
191,57987,"duration",278,550,828,22942
191,57988,"sort time",7,7,12,346
191,57989,"peak memory",68157440,68157440,68157440,2794455040
191,57990,"spill size",0,0,0,0
191,57991,"number of output rows",24066,24731,26787,1014350
191,57992,"peak memory",68157440,68157440,68157440,2794455040
191,57994,"time in aggregation build",59,90,158,4047
191,57995,"avg hash probes per key",14,14,15,600
191,58000,"internal.metrics.executorDeserializeTime",5,6,52,640
191,58001,"internal.metrics.executorDeserializeCpuTime",5798256,11607298,38547819,475899558
191,58002,"internal.metrics.executorRunTime",425,709,980,29466
191,58003,"internal.metrics.executorCpuTime",351964224,605241814,847569937,24814914830
191,58004,"internal.metrics.resultSize",39741,39748,39786,1630018
191,58005,"internal.metrics.jvmGCTime",23,60,100,891
191,58009,"internal.metrics.peakExecutionMemory",272105472,272105472,272105472,11156324352
191,58011,"internal.metrics.shuffle.read.remoteBlocksFetched",722,1420,1638,58676
191,58012,"internal.metrics.shuffle.read.localBlocksFetched",0,87,760,3724
191,58013,"internal.metrics.shuffle.read.remoteBytesRead",2550167,4927009,5648533,202007777
191,58014,"internal.metrics.shuffle.read.remoteBytesReadToDisk",0,0,0,0
191,58015,"internal.metrics.shuffle.read.localBytesRead",0,319240,2693087,13089029
191,58016,"internal.metrics.shuffle.read.fetchWaitTime",0,45,223,2302
191,58017,"internal.metrics.shuffle.read.recordsRead",57792,59275,63879,2430602
191,58018,"internal.metrics.shuffle.push.read.corruptMergedBlockChunks",0,0,0,0
191,58019,"internal.metrics.shuffle.push.read.mergedFetchFallbackCount",0,0,0,0
191,58020,"internal.metrics.shuffle.push.read.remoteMergedBlocksFetched",0,0,0,0
191,58021,"internal.metrics.shuffle.push.read.localMergedBlocksFetched",0,0,0,0
191,58022,"internal.metrics.shuffle.push.read.remoteMergedChunksFetched",0,0,0,0
191,58023,"internal.metrics.shuffle.push.read.localMergedChunksFetched",0,0,0,0
191,58024,"internal.metrics.shuffle.push.read.remoteMergedBytesRead",0,0,0,0
191,58025,"internal.metrics.shuffle.push.read.localMergedBytesRead",0,0,0,0
191,58026,"internal.metrics.shuffle.read.remoteReqsDuration",156,582,1167,24335
191,58027,"internal.metrics.shuffle.push.read.remoteMergedReqsDuration",0,0,0,0
191,58028,"internal.metrics.shuffle.write.bytesWritten",4055858,4153686,4453777,170301485
191,58029,"internal.metrics.shuffle.write.recordsWritten",29060,29794,32110,1222040
191,58030,"internal.metrics.shuffle.write.writeTime",4810912,5605568,8540938,229828709
199,56921,"remote blocks read",20,20,41,29236
199,56922,"local blocks read",20,20,21,3564
199,56923,"remote bytes read",20563,46774,65036,37575234
199,56925,"local bytes read",20458,26087,33751,4546406
199,56926,"fetch wait time",0,0,113,3022
199,56927,"records read",1070,1345,1976,1222040
199,56936,"remote reqs duration",2,2,125,7146
199,58161,"data size",50392,57558,66016,46202432
199,58180,"shuffle bytes written",67358,75002,82618,60155134
199,58181,"shuffle records written",637,676,833,584273
199,58182,"shuffle write time",1561180,2054537,4797819,1643786785
199,58183,"duration",7,7,126,11888
199,58184,"number of output rows",637,676,833,584273
199,58185,"peak memory",67371008,67371008,67371008,53896806400
199,58187,"time in aggregation build",4,4,123,9024
199,58188,"avg hash probes per key",10,10,10,8000
199,58190,"number of output rows",637,676,833,584273
199,58191,"peak memory",262144,1100813,67371008,880803840
199,58193,"time in aggregation build",2,2,120,6757
199,58194,"avg hash probes per key",10,10,10,100
199,58196,"internal.metrics.executorDeserializeTime",4,4,61,5062
199,58197,"internal.metrics.executorDeserializeCpuTime",4751424,6608230,20799349,5286739243
199,58198,"internal.metrics.executorRunTime",39,39,293,49344
199,58199,"internal.metrics.executorCpuTime",39049410,52732693,112178381,42186308465
199,58200,"internal.metrics.resultSize",43605,43605,43650,34886192
199,58201,"internal.metrics.jvmGCTime",25,84,228,3493
199,58205,"internal.metrics.peakExecutionMemory",134774784,135613453,201883648,108490915840
199,58207,"internal.metrics.shuffle.read.remoteBlocksFetched",20,20,41,29236
199,58208,"internal.metrics.shuffle.read.localBlocksFetched",0,0,21,3564
199,58209,"internal.metrics.shuffle.read.remoteBytesRead",20563,46774,65036,37575234
199,58210,"internal.metrics.shuffle.read.remoteBytesReadToDisk",0,0,0,0
199,58211,"internal.metrics.shuffle.read.localBytesRead",0,5488,33751,4546406
199,58212,"internal.metrics.shuffle.read.fetchWaitTime",0,0,113,3022
199,58213,"internal.metrics.shuffle.read.recordsRead",1070,1345,1976,1222040
199,58214,"internal.metrics.shuffle.push.read.corruptMergedBlockChunks",0,0,0,0
199,58215,"internal.metrics.shuffle.push.read.mergedFetchFallbackCount",0,0,0,0
199,58216,"internal.metrics.shuffle.push.read.remoteMergedBlocksFetched",0,0,0,0
199,58217,"internal.metrics.shuffle.push.read.localMergedBlocksFetched",0,0,0,0
199,58218,"internal.metrics.shuffle.push.read.remoteMergedChunksFetched",0,0,0,0
199,58219,"internal.metrics.shuffle.push.read.localMergedChunksFetched",0,0,0,0
199,58220,"internal.metrics.shuffle.push.read.remoteMergedBytesRead",0,0,0,0
199,58221,"internal.metrics.shuffle.push.read.localMergedBytesRead",0,0,0,0
199,58222,"internal.metrics.shuffle.read.remoteReqsDuration",2,2,125,7146
199,58223,"internal.metrics.shuffle.push.read.remoteMergedReqsDuration",0,0,0,0
199,58224,"internal.metrics.shuffle.write.bytesWritten",67358,75002,82618,60155134
199,58225,"internal.metrics.shuffle.write.recordsWritten",637,676,833,584273
199,58226,"internal.metrics.shuffle.write.writeTime",1561180,2054537,4797819,1643786785
204,57178,"remote blocks read",20,20,41,29586
204,57179,"local blocks read",20,20,21,3214
204,57180,"remote bytes read",26533,59309,83134,47609682
204,57182,"local bytes read",25991,32928,42844,5175629
204,57183,"fetch wait time",0,0,16,270
204,57184,"records read",1070,1347,1976,1222040
204,57193,"remote reqs duration",2,2,118,5069
204,58330,"data size",55488,63400,72680,50876616
204,58349,"shuffle bytes written",72636,81093,89563,65029515
204,58350,"shuffle records written",637,676,833,584273
204,58351,"shuffle write time",1547140,2032660,3352328,1626291497
204,58352,"duration",8,8,76,11117
204,58353,"number of output rows",637,676,833,584273
204,58354,"peak memory",67371008,67371008,67371008,53896806400
204,58356,"time in aggregation build",5,5,32,7189
204,58357,"avg hash probes per key",10,10,10,8000
204,58359,"number of output rows",637,676,833,584273
204,58360,"peak memory",262144,933035,67371008,746586112
204,58362,"time in aggregation build",3,3,30,4892
204,58363,"avg hash probes per key",10,10,10,80
204,58365,"sort time",0,0,25,255
204,58366,"peak memory",67174400,67174400,67174400,53739520000
204,58367,"spill size",0,0,0,0
204,58368,"internal.metrics.executorDeserializeTime",5,5,57,5742
204,58369,"internal.metrics.executorDeserializeCpuTime",5397160,7371696,13361898,5897520310
204,58370,"internal.metrics.executorRunTime",41,41,149,46536
204,58371,"internal.metrics.executorCpuTime",41265847,55146601,118812696,44117440928
204,58372,"internal.metrics.resultSize",43773,43773,43860,35021132
204,58373,"internal.metrics.jvmGCTime",15,23,85,1724
204,58374,"internal.metrics.resultSerializationTime",1,40,79,80
204,58377,"internal.metrics.peakExecutionMemory",201949184,202620075,269058048,162096218112
204,58379,"internal.metrics.shuffle.read.remoteBlocksFetched",20,20,41,29586
204,58380,"internal.metrics.shuffle.read.localBlocksFetched",0,0,21,3214
204,58381,"internal.metrics.shuffle.read.remoteBytesRead",26533,59309,83134,47609682
204,58382,"internal.metrics.shuffle.read.remoteBytesReadToDisk",0,0,0,0
204,58383,"internal.metrics.shuffle.read.localBytesRead",0,6267,42844,5175629
204,58384,"internal.metrics.shuffle.read.fetchWaitTime",0,0,16,270
204,58385,"internal.metrics.shuffle.read.recordsRead",1070,1347,1976,1222040
204,58386,"internal.metrics.shuffle.push.read.corruptMergedBlockChunks",0,0,0,0
204,58387,"internal.metrics.shuffle.push.read.mergedFetchFallbackCount",0,0,0,0
204,58388,"internal.metrics.shuffle.push.read.remoteMergedBlocksFetched",0,0,0,0
204,58389,"internal.metrics.shuffle.push.read.localMergedBlocksFetched",0,0,0,0
204,58390,"internal.metrics.shuffle.push.read.remoteMergedChunksFetched",0,0,0,0
204,58391,"internal.metrics.shuffle.push.read.localMergedChunksFetched",0,0,0,0
204,58392,"internal.metrics.shuffle.push.read.remoteMergedBytesRead",0,0,0,0
204,58393,"internal.metrics.shuffle.push.read.localMergedBytesRead",0,0,0,0
204,58394,"internal.metrics.shuffle.read.remoteReqsDuration",2,2,118,5069
204,58395,"internal.metrics.shuffle.push.read.remoteMergedReqsDuration",0,0,0,0
204,58396,"internal.metrics.shuffle.write.bytesWritten",72636,81093,89563,65029515
204,58397,"internal.metrics.shuffle.write.recordsWritten",637,676,833,584273
204,58398,"internal.metrics.shuffle.write.writeTime",1547140,2032660,3352328,1626291497
206,57353,"remote blocks read",20,20,41,23514
206,57354,"local blocks read",20,20,21,9286
206,57355,"remote bytes read",15485,27706,47027,22331192
206,57357,"local bytes read",14879,19493,23903,8880359
206,57358,"fetch wait time",0,0,37,690
206,57359,"records read",1070,1347,1976,1222040
206,57368,"remote reqs duration",2,2,46,4358
206,58517,"data size",45296,51708,59352,41528248
206,58536,"shuffle bytes written",61849,68705,75368,55122152
206,58537,"shuffle records written",637,676,833,584273
206,58538,"shuffle write time",1584486,2014174,20545520,1611498540
206,58539,"duration",6,6,57,7931
206,58540,"number of output rows",637,676,833,584273
206,58541,"peak memory",262144,1100810,67371008,880803840
206,58543,"time in aggregation build",4,4,53,5544
206,58544,"avg hash probes per key",10,10,10,100
206,58546,"number of output rows",637,676,833,584273
206,58547,"peak memory",262144,1100810,67371008,880803840
206,58549,"time in aggregation build",3,3,50,4118
206,58550,"avg hash probes per key",10,10,10,100
206,58626,"internal.metrics.executorDeserializeTime",3,3,12,3845
206,58627,"internal.metrics.executorDeserializeCpuTime",3909309,5225950,10504677,4180912181
206,58628,"internal.metrics.executorRunTime",39,39,118,41541
206,58629,"internal.metrics.executorCpuTime",38554696,49443569,113269775,39555016180
206,58630,"internal.metrics.resultSize",36325,36325,36370,29062220
206,58631,"internal.metrics.jvmGCTime",16,17,42,1015
206,58635,"internal.metrics.peakExecutionMemory",67665920,69343451,201883648,55474913280
206,58637,"internal.metrics.shuffle.read.remoteBlocksFetched",20,20,41,23514
206,58638,"internal.metrics.shuffle.read.localBlocksFetched",0,0,21,9286
206,58639,"internal.metrics.shuffle.read.remoteBytesRead",15485,27706,47027,22331192
206,58640,"internal.metrics.shuffle.read.remoteBytesReadToDisk",0,0,0,0
206,58641,"internal.metrics.shuffle.read.localBytesRead",0,10897,23903,8880359
206,58642,"internal.metrics.shuffle.read.fetchWaitTime",0,0,37,690
206,58643,"internal.metrics.shuffle.read.recordsRead",1070,1347,1976,1222040
206,58644,"internal.metrics.shuffle.push.read.corruptMergedBlockChunks",0,0,0,0
206,58645,"internal.metrics.shuffle.push.read.mergedFetchFallbackCount",0,0,0,0
206,58646,"internal.metrics.shuffle.push.read.remoteMergedBlocksFetched",0,0,0,0
206,58647,"internal.metrics.shuffle.push.read.localMergedBlocksFetched",0,0,0,0
206,58648,"internal.metrics.shuffle.push.read.remoteMergedChunksFetched",0,0,0,0
206,58649,"internal.metrics.shuffle.push.read.localMergedChunksFetched",0,0,0,0
206,58650,"internal.metrics.shuffle.push.read.remoteMergedBytesRead",0,0,0,0
206,58651,"internal.metrics.shuffle.push.read.localMergedBytesRead",0,0,0,0
206,58652,"internal.metrics.shuffle.read.remoteReqsDuration",2,2,46,4358
206,58653,"internal.metrics.shuffle.push.read.remoteMergedReqsDuration",0,0,0,0
206,58654,"internal.metrics.shuffle.write.bytesWritten",61849,68705,75368,55122152
206,58655,"internal.metrics.shuffle.write.recordsWritten",637,676,833,584273
206,58656,"internal.metrics.shuffle.write.writeTime",1584486,2014174,20545520,1611498540
222,57599,"remote blocks read",29,29,41,29944
222,57600,"local blocks read",4,4,12,2856
222,57601,"remote bytes read",38442,67430,99569,54098266
222,57603,"local bytes read",4987,9587,26949,5184546
222,57604,"fetch wait time",0,0,50,3452
222,57605,"records read",1064,1356,2135,1222040
222,57614,"remote reqs duration",3,3,160,20133
222,58163,"remote blocks read",382,396,487,344823
222,58164,"local blocks read",16,20,70,37948
222,58165,"remote bytes read",60427,67525,76912,54180641
222,58167,"local bytes read",2517,7269,11075,5974493
222,58168,"fetch wait time",0,0,31,212
222,58169,"records read",651,671,806,584273
222,58178,"remote reqs duration",27,31,448,58531
222,58759,"data size",80888,115888,162168,92872000
222,58778,"shuffle bytes written",92857,119146,146873,95474599
222,58779,"shuffle records written",1064,1356,2135,1222040
222,58780,"shuffle write time",2120125,2949217,39380743,2359537428
222,58781,"duration",29,29,115,37939
222,58782,"number of output rows",1064,1356,2135,1222040
222,58783,"spill size",0,0,0,0
222,58785,"duration",34,34,134,43459
222,58786,"sort time",0,0,4,180
222,58787,"peak memory",67174400,67174400,67174400,53739520000
222,58788,"spill size",0,0,0,0
222,58789,"duration",30,30,116,39503
222,58790,"sort time",0,0,0,0
222,58791,"peak memory",67174400,67174400,67174400,53739520000
222,58792,"spill size",0,0,0,0
222,58793,"internal.metrics.executorDeserializeTime",6,6,52,7120
222,58794,"internal.metrics.executorDeserializeCpuTime",6374445,9057131,22666007,7245860635
222,58795,"internal.metrics.executorRunTime",79,80,238,90448
222,58796,"internal.metrics.executorCpuTime",77164402,103888325,207268190,83110820267
222,58797,"internal.metrics.resultSize",64885,64885,64972,51912360
222,58798,"internal.metrics.jvmGCTime",20,21,66,2792
222,58799,"internal.metrics.resultSerializationTime",37,37,37,37
222,58802,"internal.metrics.peakExecutionMemory",201490432,201490432,201523200,161192378368
222,58804,"internal.metrics.shuffle.read.remoteBlocksFetched",419,432,528,374767
222,58805,"internal.metrics.shuffle.read.localBlocksFetched",16,20,78,40804
222,58806,"internal.metrics.shuffle.read.remoteBytesRead",103222,135149,166135,108278907
222,58807,"internal.metrics.shuffle.read.remoteBytesReadToDisk",0,0,0,0
222,58808,"internal.metrics.shuffle.read.localBytesRead",2517,13754,36114,11159039
222,58809,"internal.metrics.shuffle.read.fetchWaitTime",0,0,50,3664
222,58810,"internal.metrics.shuffle.read.recordsRead",1764,2080,2856,1806313
222,58811,"internal.metrics.shuffle.push.read.corruptMergedBlockChunks",0,0,0,0
222,58812,"internal.metrics.shuffle.push.read.mergedFetchFallbackCount",0,0,0,0
222,58813,"internal.metrics.shuffle.push.read.remoteMergedBlocksFetched",0,0,0,0
222,58814,"internal.metrics.shuffle.push.read.localMergedBlocksFetched",0,0,0,0
222,58815,"internal.metrics.shuffle.push.read.remoteMergedChunksFetched",0,0,0,0
222,58816,"internal.metrics.shuffle.push.read.localMergedChunksFetched",0,0,0,0
222,58817,"internal.metrics.shuffle.push.read.remoteMergedBytesRead",0,0,0,0
222,58818,"internal.metrics.shuffle.push.read.localMergedBytesRead",0,0,0,0
222,58819,"internal.metrics.shuffle.read.remoteReqsDuration",33,36,457,78664
222,58820,"internal.metrics.shuffle.push.read.remoteMergedReqsDuration",0,0,0,0
222,58821,"internal.metrics.shuffle.write.bytesWritten",92857,119146,146873,95474599
222,58822,"internal.metrics.shuffle.write.recordsWritten",1064,1356,2135,1222040
222,58823,"internal.metrics.shuffle.write.writeTime",2120125,2949217,39380743,2359537428
240,57956,"remote blocks read",34,34,40,29685
240,57957,"local blocks read",1,1,7,3115
240,57958,"remote bytes read",122748,192469,287350,154138134
240,57960,"local bytes read",2608,20013,45865,16163351
240,57961,"fetch wait time",0,0,57,3832
240,57962,"records read",1064,1355,2135,1222040
240,57971,"remote reqs duration",8,8,325,24229
240,58332,"remote blocks read",388,398,472,344754
240,58333,"local blocks read",32,32,63,38017
240,58334,"remote bytes read",66045,73018,79955,58579929
240,58336,"local bytes read",5021,7862,10970,6449586
240,58337,"fetch wait time",0,0,24,42
240,58338,"records read",651,671,806,584273
240,58347,"remote reqs duration",27,28,353,50707
240,58899,"data size",292424,420010,586264,336166536
240,58918,"shuffle bytes written",240500,329089,436991,263432485
240,58919,"shuffle records written",1064,1355,2135,1222040
240,58920,"shuffle write time",2192189,3180683,51013382,2544707132
240,58921,"duration",31,31,160,40475
240,58922,"number of output rows",1064,1355,2135,1222040
240,58923,"spill size",0,0,0,0
240,58925,"duration",35,35,168,46716
240,58926,"sort time",0,0,4,211
240,58927,"peak memory",67174400,67174400,67174400,53739520000
240,58928,"spill size",0,0,0,0
240,58929,"duration",32,32,162,42213
240,58930,"sort time",0,0,0,0
240,58931,"peak memory",67174400,67174400,67174400,53739520000
240,58932,"spill size",0,0,0,0
240,58933,"internal.metrics.executorDeserializeTime",8,8,73,9633
240,58934,"internal.metrics.executorDeserializeCpuTime",8245191,11644208,23632849,9315525093
240,58935,"internal.metrics.executorRunTime",82,83,295,97565
240,58936,"internal.metrics.executorCpuTime",81921689,111393526,215239994,89114975933
240,58937,"internal.metrics.resultSize",65053,65053,65098,52046077
240,58938,"internal.metrics.jvmGCTime",24,28,67,2910
240,58942,"internal.metrics.peakExecutionMemory",201490432,201490432,201523200,161192378368
240,58944,"internal.metrics.shuffle.read.remoteBlocksFetched",425,434,509,374439
240,58945,"internal.metrics.shuffle.read.localBlocksFetched",36,36,68,41132
240,58946,"internal.metrics.shuffle.read.remoteBytesRead",191370,265695,356801,212718063
240,58947,"internal.metrics.shuffle.read.remoteBytesReadToDisk",0,0,0,0
240,58948,"internal.metrics.shuffle.read.localBytesRead",10393,28066,55755,22612937
240,58949,"internal.metrics.shuffle.read.fetchWaitTime",0,0,57,3874
240,58950,"internal.metrics.shuffle.read.recordsRead",1764,2080,2856,1806313
240,58951,"internal.metrics.shuffle.push.read.corruptMergedBlockChunks",0,0,0,0
240,58952,"internal.metrics.shuffle.push.read.mergedFetchFallbackCount",0,0,0,0
240,58953,"internal.metrics.shuffle.push.read.remoteMergedBlocksFetched",0,0,0,0
240,58954,"internal.metrics.shuffle.push.read.localMergedBlocksFetched",0,0,0,0
240,58955,"internal.metrics.shuffle.push.read.remoteMergedChunksFetched",0,0,0,0
240,58956,"internal.metrics.shuffle.push.read.localMergedChunksFetched",0,0,0,0
240,58957,"internal.metrics.shuffle.push.read.remoteMergedBytesRead",0,0,0,0
240,58958,"internal.metrics.shuffle.push.read.localMergedBytesRead",0,0,0,0
240,58959,"internal.metrics.shuffle.read.remoteReqsDuration",35,40,473,74936
240,58960,"internal.metrics.shuffle.push.read.remoteMergedReqsDuration",0,0,0,0
240,58961,"internal.metrics.shuffle.write.bytesWritten",240500,329089,436991,263432485
240,58962,"internal.metrics.shuffle.write.recordsWritten",1064,1355,2135,1222040
240,58963,"internal.metrics.shuffle.write.writeTime",2192189,3180683,51013382,2544707132
246,57270,"remote blocks read",29,29,39,2543
246,57271,"local blocks read",2,7,12,1024
246,57272,"remote bytes read",53513,72380,122137,6299043
246,57274,"local bytes read",5103,28925,37055,2518222
246,57275,"fetch wait time",0,0,77,593
246,57276,"records read",1123,1492,1977,131782
246,57285,"remote reqs duration",6,14,129,2831
246,58519,"remote blocks read",423,436,477,39260
246,58520,"local blocks read",15,18,34,2300
246,58521,"remote bytes read",59831,64897,69675,5647793
246,58523,"local bytes read",2238,3777,5090,330240
246,58524,"fetch wait time",0,0,14,26
246,58525,"records read",663,709,794,63278
246,58534,"remote reqs duration",26,40,153,5362
246,59054,"data size",94288,127182,165984,11066624
246,59073,"shuffle bytes written",105815,131329,157411,11427527
246,59074,"shuffle records written",1123,1492,1977,131782
246,59075,"shuffle write time",2281758,2864211,4729759,249188252
246,59076,"duration",31,36,111,4409
246,59077,"number of output rows",1123,1492,1977,131782
246,59078,"spill size",0,0,0,0
246,59080,"duration",35,40,115,5034
246,59081,"sort time",0,0,3,24
246,59082,"peak memory",67174400,67174400,67174400,5844172800
246,59083,"spill size",0,0,0,0
246,59084,"duration",32,38,112,4626
246,59085,"sort time",0,0,0,0
246,59086,"peak memory",67174400,67174400,67174400,5844172800
246,59087,"spill size",0,0,0,0
246,59168,"internal.metrics.executorDeserializeTime",6,6,36,758
246,59169,"internal.metrics.executorDeserializeCpuTime",6434817,8644281,12012713,752054142
246,59170,"internal.metrics.executorRunTime",85,94,180,10101
246,59171,"internal.metrics.executorCpuTime",83549741,105368154,169705993,9167031346
246,59172,"internal.metrics.resultSize",56933,56933,56977,4953559
246,59173,"internal.metrics.jvmGCTime",22,22,26,192
246,59177,"internal.metrics.peakExecutionMemory",201490432,201490432,201490432,17529667584
246,59179,"internal.metrics.shuffle.read.remoteBlocksFetched",452,465,516,41803
246,59180,"internal.metrics.shuffle.read.localBlocksFetched",17,30,46,3324
246,59181,"internal.metrics.shuffle.read.remoteBytesRead",118926,137299,191812,11946836
246,59182,"internal.metrics.shuffle.read.remoteBytesReadToDisk",0,0,0,0
246,59183,"internal.metrics.shuffle.read.localBytesRead",7450,32721,41590,2848462
246,59184,"internal.metrics.shuffle.read.fetchWaitTime",0,0,77,619
246,59185,"internal.metrics.shuffle.read.recordsRead",1851,2219,2751,195060
246,59186,"internal.metrics.shuffle.push.read.corruptMergedBlockChunks",0,0,0,0
246,59187,"internal.metrics.shuffle.push.read.mergedFetchFallbackCount",0,0,0,0
246,59188,"internal.metrics.shuffle.push.read.remoteMergedBlocksFetched",0,0,0,0
246,59189,"internal.metrics.shuffle.push.read.localMergedBlocksFetched",0,0,0,0
246,59190,"internal.metrics.shuffle.push.read.remoteMergedChunksFetched",0,0,0,0
246,59191,"internal.metrics.shuffle.push.read.localMergedChunksFetched",0,0,0,0
246,59192,"internal.metrics.shuffle.push.read.remoteMergedBytesRead",0,0,0,0
246,59193,"internal.metrics.shuffle.push.read.localMergedBytesRead",0,0,0,0
246,59194,"internal.metrics.shuffle.read.remoteReqsDuration",32,73,257,8193
246,59195,"internal.metrics.shuffle.push.read.remoteMergedReqsDuration",0,0,0,0
246,59196,"internal.metrics.shuffle.write.bytesWritten",105815,131329,157411,11427527
246,59197,"internal.metrics.shuffle.write.recordsWritten",1123,1492,1977,131782
246,59198,"internal.metrics.shuffle.write.writeTime",2281758,2864211,4729759,249188252
248,57473,"remote blocks read",38,38,41,12393
248,57474,"local blocks read",2,2,3,522
248,57475,"remote bytes read",81664,105812,143030,33354317
248,57477,"local bytes read",3271,5751,10714,1399368
248,57478,"fetch wait time",0,0,63,1731
248,57479,"records read",1123,1446,2135,480421
248,57488,"remote reqs duration",4,4,83,6733
248,58519,"remote blocks read",318,347,490,134417
248,58520,"local blocks read",15,15,156,16180
248,58521,"remote bytes read",45610,61374,70954,19357863
248,58523,"local bytes read",2211,7305,21952,2326941
248,58524,"fetch wait time",0,0,58,277
248,58525,"records read",651,685,795,229820
248,58534,"remote reqs duration",24,27,311,20632
248,59134,"data size",143376,195118,273640,61485480
248,59153,"shuffle bytes written",137940,174169,221223,54887030
248,59154,"shuffle records written",1123,1446,2135,480421
248,59155,"shuffle write time",2116228,3334875,89018892,1050509760
248,59156,"duration",30,31,125,16221
248,59157,"number of output rows",1123,1446,2135,480421
248,59158,"spill size",0,0,0,0
248,59160,"duration",35,35,155,18583
248,59161,"sort time",0,0,4,93
248,59162,"peak memory",67174400,67174400,67174400,21159936000
248,59163,"spill size",0,0,0,0
248,59164,"duration",32,32,128,16990
248,59165,"sort time",0,0,1,1
248,59166,"peak memory",67174400,67174400,67174400,21159936000
248,59167,"spill size",0,0,0,0
248,59203,"internal.metrics.executorDeserializeTime",6,6,46,2834
248,59204,"internal.metrics.executorDeserializeCpuTime",6538247,9234709,18881839,2908958266
248,59205,"internal.metrics.executorRunTime",80,85,242,37891
248,59206,"internal.metrics.executorCpuTime",79781476,107602986,207812047,33894964690
248,59207,"internal.metrics.resultSize",56933,56933,56978,17935512
248,59208,"internal.metrics.jvmGCTime",22,32,84,1258
248,59212,"internal.metrics.peakExecutionMemory",201490432,201490448,201523200,63469518848
248,59214,"internal.metrics.shuffle.read.remoteBlocksFetched",359,387,529,146810
248,59215,"internal.metrics.shuffle.read.localBlocksFetched",17,17,156,16702
248,59216,"internal.metrics.shuffle.read.remoteBytesRead",133513,167261,202811,52712180
248,59217,"internal.metrics.shuffle.read.remoteBytesReadToDisk",0,0,0,0
248,59218,"internal.metrics.shuffle.read.localBytesRead",6403,11749,21952,3726309
248,59219,"internal.metrics.shuffle.read.fetchWaitTime",0,0,63,2008
248,59220,"internal.metrics.shuffle.read.recordsRead",1840,2175,2856,710241
248,59221,"internal.metrics.shuffle.push.read.corruptMergedBlockChunks",0,0,0,0
248,59222,"internal.metrics.shuffle.push.read.mergedFetchFallbackCount",0,0,0,0
248,59223,"internal.metrics.shuffle.push.read.remoteMergedBlocksFetched",0,0,0,0
248,59224,"internal.metrics.shuffle.push.read.localMergedBlocksFetched",0,0,0,0
248,59225,"internal.metrics.shuffle.push.read.remoteMergedChunksFetched",0,0,0,0
248,59226,"internal.metrics.shuffle.push.read.localMergedChunksFetched",0,0,0,0
248,59227,"internal.metrics.shuffle.push.read.remoteMergedBytesRead",0,0,0,0
248,59228,"internal.metrics.shuffle.push.read.localMergedBytesRead",0,0,0,0
248,59229,"internal.metrics.shuffle.read.remoteReqsDuration",31,35,319,27365
248,59230,"internal.metrics.shuffle.push.read.remoteMergedReqsDuration",0,0,0,0
248,59231,"internal.metrics.shuffle.write.bytesWritten",137940,174169,221223,54887030
248,59232,"internal.metrics.shuffle.write.recordsWritten",1123,1446,2135,480421
248,59233,"internal.metrics.shuffle.write.writeTime",2116228,3334875,89018892,1050509760
344,59289,"remote blocks read",779,789,800,1579
344,59291,"remote bytes read",574692,669724,764756,1339448
344,59294,"fetch wait time",0,0,0,0
344,59295,"records read",3183,4197,5212,8395
344,59304,"remote reqs duration",10672,14110,17549,28221
344,59501,"remote blocks read",779,789,800,1579
344,59503,"remote bytes read",255068,259683,264299,519367
344,59506,"fetch wait time",0,0,0,0
344,59507,"records read",3183,4197,5212,8395
344,59516,"remote reqs duration",264,267,270,534
344,59611,"duration",810,812,814,1624
344,59612,"number of output rows",146,253,360,506
344,59613,"peak memory",67371008,67371008,67371008,134742016
344,59615,"time in aggregation build",712,715,718,1430
344,59616,"avg hash probes per key",10,10,10,20
344,59618,"number of output rows",146,253,360,506
344,59619,"peak memory",262144,262144,262144,524288
344,59621,"time in aggregation build",620,626,632,1252
344,59624,"number of output rows",3183,4197,5212,8395
344,59625,"spill size",0,0,0,0
344,59627,"duration",1375,1381,1388,2763
344,59628,"sort time",23,30,37,60
344,59629,"peak memory",67239936,67239936,67239936,134479872
344,59630,"spill size",0,0,0,0
344,59631,"duration",968,987,1006,1974
344,59632,"sort time",0,0,0,0
344,59633,"peak memory",67174400,67174400,67174400,134348800
344,59634,"spill size",0,0,0,0
344,59635,"number of output rows",1,2,4,5
344,59636,"peak memory",67371008,67371008,67371008,134742016
344,59638,"time in aggregation build",256,257,258,514
344,59639,"avg hash probes per key",10,10,10,20
344,59641,"number of output rows",1,2,4,5
344,59642,"peak memory",262144,262144,262144,524288
344,59644,"time in aggregation build",199,200,202,401
344,59647,"sort time",8,10,13,21
344,59648,"peak memory",67239936,67239936,67239936,134479872
344,59649,"spill size",0,0,0,0
344,59650,"internal.metrics.executorDeserializeTime",2118,2118,2118,4236
344,59651,"internal.metrics.executorDeserializeCpuTime",555108442,641248463,727388484,1282496926
344,59652,"internal.metrics.executorRunTime",5334,5335,5337,10671
344,59653,"internal.metrics.executorCpuTime",966309831,1061741224,1157172618,2123482449
344,59654,"internal.metrics.resultSize",140913,150005,159098,300011
344,59655,"internal.metrics.jvmGCTime",138,138,138,276
344,59656,"internal.metrics.resultSerializationTime",1,1,1,2
344,59659,"internal.metrics.peakExecutionMemory",336920576,336920576,336920576,673841152
344,59661,"internal.metrics.shuffle.read.remoteBlocksFetched",1558,1579,1600,3158
344,59662,"internal.metrics.shuffle.read.localBlocksFetched",0,0,0,0
344,59663,"internal.metrics.shuffle.read.remoteBytesRead",829760,929407,1029055,1858815
344,59664,"internal.metrics.shuffle.read.remoteBytesReadToDisk",0,0,0,0
344,59665,"internal.metrics.shuffle.read.localBytesRead",0,0,0,0
344,59666,"internal.metrics.shuffle.read.fetchWaitTime",0,0,0,0
344,59667,"internal.metrics.shuffle.read.recordsRead",6366,8395,10424,16790
344,59668,"internal.metrics.shuffle.push.read.corruptMergedBlockChunks",0,0,0,0
344,59669,"internal.metrics.shuffle.push.read.mergedFetchFallbackCount",0,0,0,0
344,59670,"internal.metrics.shuffle.push.read.remoteMergedBlocksFetched",0,0,0,0
344,59671,"internal.metrics.shuffle.push.read.localMergedBlocksFetched",0,0,0,0
344,59672,"internal.metrics.shuffle.push.read.remoteMergedChunksFetched",0,0,0,0
344,59673,"internal.metrics.shuffle.push.read.localMergedChunksFetched",0,0,0,0
344,59674,"internal.metrics.shuffle.push.read.remoteMergedBytesRead",0,0,0,0
344,59675,"internal.metrics.shuffle.push.read.localMergedBytesRead",0,0,0,0
344,59676,"internal.metrics.shuffle.read.remoteReqsDuration",10942,14377,17813,28755
344,59677,"internal.metrics.shuffle.push.read.remoteMergedReqsDuration",0,0,0,0
406,59289,"remote blocks read",653,715,800,271903
406,59290,"local blocks read",68,72,118,29551
406,59291,"remote bytes read",378598,940368,2023851,206658855
406,59293,"local bytes read",65658,98379,190045,22406364
406,59294,"fetch wait time",0,0,17,1031
406,59295,"records read",2335,6806,16455,1426449
406,59304,"remote reqs duration",100,241,377,76019
406,59501,"remote blocks read",697,718,800,271359
406,59502,"local blocks read",23,71,101,30095
406,59503,"remote bytes read",197599,340809,625175,81148585
406,59505,"local bytes read",6301,38787,80429,8908652
406,59506,"fetch wait time",0,0,0,0
406,59507,"records read",2335,6806,16455,1426449
406,59516,"remote reqs duration",239,396,545,60325
406,59611,"duration",138,184,467,76781
406,59612,"number of output rows",307,367,613,81555
406,59613,"peak memory",67371008,67371008,67371008,36590583808
406,59615,"time in aggregation build",125,174,448,69542
406,59616,"avg hash probes per key",10,10,10,5420
406,59618,"number of output rows",307,367,613,81555
406,59619,"peak memory",262144,262144,262144,217579520
406,59621,"time in aggregation build",115,157,421,60627
406,59624,"number of output rows",2335,6806,16455,1426449
406,59625,"spill size",0,0,0,0
406,59627,"duration",147,196,495,89332
406,59628,"sort time",0,1,26,705
406,59629,"peak memory",67174400,67355709,67633152,36452761600
406,59630,"spill size",0,0,0,0
406,59631,"duration",139,183,450,74229
406,59632,"sort time",0,0,0,0
406,59633,"peak memory",67174400,67174400,67174400,36408524800
406,59634,"spill size",0,0,0,0
406,59635,"number of output rows",2,2,6,904
406,59636,"peak memory",67371008,67371008,67371008,36515086336
406,59638,"time in aggregation build",50,63,183,27979
406,59639,"avg hash probes per key",10,10,10,5420
406,59641,"number of output rows",2,2,6,904
406,59642,"peak memory",262144,262144,262144,142082048
406,59644,"time in aggregation build",48,58,135,26143
406,59647,"sort time",0,0,19,508
406,59648,"peak memory",67174400,67355709,67633152,36433887232
406,59649,"spill size",0,0,0,0
406,59685,"internal.metrics.executorDeserializeTime",45,49,101,1645
406,59686,"internal.metrics.executorDeserializeCpuTime",20628769,34728091,73077220,1041842950
406,59687,"internal.metrics.executorRunTime",156,207,517,6426
406,59688,"internal.metrics.executorCpuTime",150180949,208424368,513995836,6252731216
406,59689,"internal.metrics.resultSize",158394,167471,196784,5024339
406,59690,"internal.metrics.jvmGCTime",42,42,42,126
406,59691,"internal.metrics.resultSerializationTime",1,1,1,3
406,59694,"internal.metrics.peakExecutionMemory",336789504,337152128,337707008,10114564096
406,59696,"internal.metrics.shuffle.read.remoteBlocksFetched",1394,1442,1600,43457
406,59697,"internal.metrics.shuffle.read.localBlocksFetched",0,135,172,4287
406,59698,"internal.metrics.shuffle.read.remoteBytesRead",576197,1281184,2649026,38435715
406,59699,"internal.metrics.shuffle.read.remoteBytesReadToDisk",0,0,0,0
406,59700,"internal.metrics.shuffle.read.localBytesRead",0,123453,270225,3703823
406,59701,"internal.metrics.shuffle.read.fetchWaitTime",0,0,17,28
406,59702,"internal.metrics.shuffle.read.recordsRead",4670,13620,32910,408818
406,59703,"internal.metrics.shuffle.push.read.corruptMergedBlockChunks",0,0,0,0
406,59704,"internal.metrics.shuffle.push.read.mergedFetchFallbackCount",0,0,0,0
406,59705,"internal.metrics.shuffle.push.read.remoteMergedBlocksFetched",0,0,0,0
406,59706,"internal.metrics.shuffle.push.read.localMergedBlocksFetched",0,0,0,0
406,59707,"internal.metrics.shuffle.push.read.remoteMergedChunksFetched",0,0,0,0
406,59708,"internal.metrics.shuffle.push.read.localMergedChunksFetched",0,0,0,0
406,59709,"internal.metrics.shuffle.push.read.remoteMergedBytesRead",0,0,0,0
406,59710,"internal.metrics.shuffle.push.read.localMergedBytesRead",0,0,0,0
406,59711,"internal.metrics.shuffle.read.remoteReqsDuration",399,643,875,19515
406,59712,"internal.metrics.shuffle.push.read.remoteMergedReqsDuration",0,0,0,0
468,59289,"remote blocks read",4,346,800,523336
468,59290,"local blocks read",2,2,118,55700
468,59291,"remote bytes read",1012,350619,2331148,386238860
468,59293,"local bytes read",515,38502,286229,41023960
468,59294,"fetch wait time",0,0,63,1651
468,59295,"records read",8,2262,19598,2648489
468,59304,"remote reqs duration",6,18,303,117718
468,59501,"remote blocks read",8,346,800,522831
468,59502,"local blocks read",1,1,101,56205
468,59503,"remote bytes read",1231,139021,649935,152391537
468,59505,"local bytes read",154,15831,86971,16451017
468,59506,"fetch wait time",0,0,55,90
468,59507,"records read",8,2262,19598,2648489
468,59516,"remote reqs duration",2,22,308,110938
468,59589,"data size",2432,48991,220792,25149736
468,59608,"shuffle bytes written",2145,46392,192872,23820202
468,59609,"shuffle records written",7,50,613,70364
468,59610,"shuffle write time",52551,600739,1988000,307642576
468,59611,"duration",8,8,367,138584
468,59612,"number of output rows",7,50,613,151919
468,59613,"peak memory",262144,43211616,67371008,71160037376
468,59615,"time in aggregation build",5,5,360,126117
468,59616,"avg hash probes per key",10,10,10,10540
468,59618,"number of output rows",7,50,613,151919
468,59619,"peak memory",262144,262144,262144,427294720
468,59621,"time in aggregation build",0,0,346,109556
468,59624,"number of output rows",8,2262,19598,2648489
468,59625,"spill size",0,0,0,0
468,59627,"duration",10,10,377,155585
468,59628,"sort time",0,0,15,933
468,59629,"peak memory",65536,43039914,67633152,70884851712
468,59630,"spill size",0,0,0,0
468,59631,"duration",19,31,370,131787
468,59632,"sort time",0,0,0,0
468,59633,"peak memory",67174400,67174400,67174400,70801817600
468,59634,"spill size",0,0,0,0
468,59635,"number of output rows",1,1,6,1704
468,59636,"peak memory",67371008,67371008,67371008,71009042432
468,59638,"time in aggregation build",2,4,307,51294
468,59639,"avg hash probes per key",10,10,10,10540
468,59641,"number of output rows",1,1,6,1704
468,59642,"peak memory",262144,262144,262144,276299776
468,59644,"time in aggregation build",0,2,303,48036
468,59647,"sort time",0,0,10,698
468,59648,"peak memory",67174400,67213188,67633152,70847102976
468,59649,"spill size",0,0,0,0
468,59720,"internal.metrics.executorDeserializeTime",18,18,120,22361
468,59721,"internal.metrics.executorDeserializeCpuTime",18728996,26273555,75673991,21018999813
468,59722,"internal.metrics.executorRunTime",12,12,542,75891
468,59723,"internal.metrics.executorCpuTime",12240788,90885942,430587587,72708919232
468,59724,"internal.metrics.resultSize",124956,124956,125130,100034049
468,59725,"internal.metrics.jvmGCTime",18,37,274,2896
468,59726,"internal.metrics.resultSerializationTime",1,1,1,4
468,59729,"internal.metrics.peakExecutionMemory",622592,258789666,404848640,207031894016
468,59731,"internal.metrics.shuffle.read.remoteBlocksFetched",0,452,1600,502905
468,59732,"internal.metrics.shuffle.read.localBlocksFetched",0,0,172,52259
468,59733,"internal.metrics.shuffle.read.remoteBytesRead",0,313332,2981083,250822957
468,59734,"internal.metrics.shuffle.read.remoteBytesReadToDisk",0,0,0,0
468,59735,"internal.metrics.shuffle.read.localBytesRead",0,32501,303361,26159961
468,59736,"internal.metrics.shuffle.read.fetchWaitTime",0,0,63,710
468,59737,"internal.metrics.shuffle.read.recordsRead",0,2859,39196,2444080
468,59738,"internal.metrics.shuffle.push.read.corruptMergedBlockChunks",0,0,0,0
468,59739,"internal.metrics.shuffle.push.read.mergedFetchFallbackCount",0,0,0,0
468,59740,"internal.metrics.shuffle.push.read.remoteMergedBlocksFetched",0,0,0,0
468,59741,"internal.metrics.shuffle.push.read.localMergedBlocksFetched",0,0,0,0
468,59742,"internal.metrics.shuffle.push.read.remoteMergedChunksFetched",0,0,0,0
468,59743,"internal.metrics.shuffle.push.read.localMergedChunksFetched",0,0,0,0
468,59744,"internal.metrics.shuffle.push.read.remoteMergedBytesRead",0,0,0,0
468,59745,"internal.metrics.shuffle.push.read.localMergedBytesRead",0,0,0,0
468,59746,"internal.metrics.shuffle.read.remoteReqsDuration",0,0,611,92312
468,59747,"internal.metrics.shuffle.push.read.remoteMergedReqsDuration",0,0,0,0
468,59748,"internal.metrics.shuffle.write.bytesWritten",2145,46392,192872,23820202
468,59749,"internal.metrics.shuffle.write.recordsWritten",7,50,613,70364
468,59750,"internal.metrics.shuffle.write.writeTime",52551,600739,1988000,307642576
531,59591,"remote blocks read",2000,2430,3816,55984
531,59592,"local blocks read",149,248,427,5795
531,59593,"remote bytes read",902457,938332,1347922,21581742
531,59595,"local bytes read",57525,97318,151030,2238460
531,59596,"fetch wait time",0,0,0,0
531,59597,"records read",2901,3055,4750,70364
531,59606,"remote reqs duration",246,351,500,8229
531,59759,"task commit time",382,415,542,9665
531,59761,"duration",580,2620,44672,60393
531,59762,"sort time",1,2,22,161
531,59763,"peak memory",67239936,67239936,67239936,1546518528
531,59764,"spill size",0,0,0,0
531,59768,"internal.metrics.executorDeserializeTime",67,72,93,1794
531,59769,"internal.metrics.executorDeserializeCpuTime",39211520,55349542,79125797,1273039601
531,59770,"internal.metrics.executorRunTime",1423,3448,45852,79414
531,59771,"internal.metrics.executorCpuTime",537807385,786167954,3402376753,18081863064
531,59772,"internal.metrics.resultSize",126574,126620,126660,2912406
531,59773,"internal.metrics.jvmGCTime",27,67,355,619
531,59774,"internal.metrics.resultSerializationTime",1,1,4,54
531,59777,"internal.metrics.peakExecutionMemory",67239936,67239936,67239936,1546518528
531,59779,"internal.metrics.shuffle.read.remoteBlocksFetched",2000,2430,3816,55984
531,59780,"internal.metrics.shuffle.read.localBlocksFetched",149,248,427,5795
531,59781,"internal.metrics.shuffle.read.remoteBytesRead",902457,938332,1347922,21581742
531,59782,"internal.metrics.shuffle.read.remoteBytesReadToDisk",0,0,0,0
531,59783,"internal.metrics.shuffle.read.localBytesRead",57525,97318,151030,2238460
531,59784,"internal.metrics.shuffle.read.fetchWaitTime",0,0,0,0
531,59785,"internal.metrics.shuffle.read.recordsRead",2901,3055,4750,70364
531,59786,"internal.metrics.shuffle.push.read.corruptMergedBlockChunks",0,0,0,0
531,59787,"internal.metrics.shuffle.push.read.mergedFetchFallbackCount",0,0,0,0
531,59788,"internal.metrics.shuffle.push.read.remoteMergedBlocksFetched",0,0,0,0
531,59789,"internal.metrics.shuffle.push.read.localMergedBlocksFetched",0,0,0,0
531,59790,"internal.metrics.shuffle.push.read.remoteMergedChunksFetched",0,0,0,0
531,59791,"internal.metrics.shuffle.push.read.localMergedChunksFetched",0,0,0,0
531,59792,"internal.metrics.shuffle.push.read.remoteMergedBytesRead",0,0,0,0
531,59793,"internal.metrics.shuffle.push.read.localMergedBytesRead",0,0,0,0
531,59794,"internal.metrics.shuffle.read.remoteReqsDuration",246,351,500,8229
531,59795,"internal.metrics.shuffle.push.read.remoteMergedReqsDuration",0,0,0,0
531,59801,"internal.metrics.output.bytesWritten",499595,524752,728522,12069420
531,59802,"internal.metrics.output.recordsWritten",2901,3055,4750,70364
532,60102,"number of output rows",460000,2085082,2410100,12510500
532,60103,"scan time",104,1142,50113,1240700
532,66007,"data size",24927392,115529893,133661752,693179368
532,66026,"shuffle bytes written",14441574,66651198,77101969,399907192
532,66027,"shuffle records written",445132,2063032,2386817,12378203
532,66028,"shuffle write time",11039985,36389599,44242999,218337604
532,66029,"duration",104,1152,51033,1249161
532,66030,"number of output rows",445132,2063032,2386817,12378203
532,66031,"number of output rows",460000,2085082,2410100,12510500
532,66032,"number of input batches",113,509,589,3058
532,69283,"internal.metrics.executorDeserializeTime",1,53,3719,64593
532,69284,"internal.metrics.executorDeserializeCpuTime",941803,9662688,553924120,10088117849
532,69285,"internal.metrics.executorRunTime",105,1211,54606,1315136
532,69286,"internal.metrics.executorCpuTime",36700250,94058596,4915168609,98197453217
532,69287,"internal.metrics.resultSize",2681,2713,2941,2848049
532,69288,"internal.metrics.jvmGCTime",21,133,434,6227
532,69289,"internal.metrics.resultSerializationTime",2,2,2,42
532,69292,"internal.metrics.peakExecutionMemory",32768,1390267,268435456,1451687936
532,69311,"internal.metrics.shuffle.write.bytesWritten",14441574,66651198,77101969,399907192
532,69312,"internal.metrics.shuffle.write.recordsWritten",445132,2063032,2386817,12378203
532,69313,"internal.metrics.shuffle.write.writeTime",11039985,36389599,44242999,218337604
532,69314,"internal.metrics.input.bytesRead",1005925,1006004,1035197,1050360469
532,69315,"internal.metrics.input.recordsRead",460000,2085082,2410100,12510500
533,60133,"number of output rows",20000,29840,30000,2000000
533,60134,"scan time",1598,2380,2626,160686
533,66036,"data size",958320,1430152,1438176,95821248
533,66055,"shuffle bytes written",382405,516302,521155,34593462
533,66056,"shuffle records written",19965,29780,29962,1996276
533,66057,"shuffle write time",3010131,3514934,5042358,235501811
533,66058,"duration",1608,2403,2653,162004
533,66059,"number of output rows",19965,29780,29962,1996276
533,66060,"number of output rows",20000,29840,30000,2000000
533,66061,"number of input batches",8,11,12,800
533,69318,"internal.metrics.executorDeserializeTime",1,1,7,117
533,69319,"internal.metrics.executorDeserializeCpuTime",1044039,1581210,3711876,105942194
533,69320,"internal.metrics.executorRunTime",1669,2479,2776,167127
533,69321,"internal.metrics.executorCpuTime",173670932,238464048,485191251,15977092402
533,69322,"internal.metrics.resultSize",2896,2896,2939,194344
533,69323,"internal.metrics.jvmGCTime",17,20,23,126
533,69327,"internal.metrics.peakExecutionMemory",67633152,67633152,67633152,4531421184
533,69346,"internal.metrics.shuffle.write.bytesWritten",382405,516302,521155,34593462
533,69347,"internal.metrics.shuffle.write.recordsWritten",19965,29780,29962,1996276
533,69348,"internal.metrics.shuffle.write.writeTime",3010131,3514934,5042358,235501811
533,69349,"internal.metrics.input.bytesRead",90991,135977,136784,9111616
533,69350,"internal.metrics.input.recordsRead",20000,29840,30000,2000000
534,60164,"number of output rows",29991,44766,45014,3000000
534,60165,"scan time",1329,2103,2279,142031
534,66065,"data size",959712,1432820,1440448,96000000
534,66084,"shuffle bytes written",330084,438886,440951,29406397
534,66085,"shuffle records written",29991,44766,45014,3000000
534,66086,"shuffle write time",2917957,3310398,4613922,221797745
534,66087,"duration",1341,2126,2299,143460
534,66088,"number of output rows",29991,44766,45014,3000000
534,66089,"number of output rows",29991,44766,45014,3000000
534,66090,"number of input batches",8,11,12,800
534,69353,"internal.metrics.executorDeserializeTime",1,1,9,124
534,69354,"internal.metrics.executorDeserializeCpuTime",873393,1587436,4361364,106359222
534,69355,"internal.metrics.executorRunTime",1402,2198,2378,148326
534,69356,"internal.metrics.executorCpuTime",131566798,217538056,339963914,14575050868
534,69357,"internal.metrics.resultSize",2853,2895,2984,194604
534,69358,"internal.metrics.jvmGCTime",16,23,37,301
534,69359,"internal.metrics.resultSerializationTime",20,20,20,20
534,69362,"internal.metrics.peakExecutionMemory",67633152,68149614,68157440,4566024192
534,69381,"internal.metrics.shuffle.write.bytesWritten",330084,438886,440951,29406397
534,69382,"internal.metrics.shuffle.write.recordsWritten",29991,44766,45014,3000000
534,69383,"internal.metrics.shuffle.write.writeTime",2917957,3310398,4613922,221797745
534,69384,"internal.metrics.input.bytesRead",58616,87483,87924,5861590
534,69385,"internal.metrics.input.recordsRead",29991,44766,45014,3000000
535,60195,"number of output rows",4995,7448,7505,500000
535,60196,"scan time",1651,2343,2573,158008
535,66094,"data size",275136,410988,414296,27537360
535,66113,"shuffle bytes written",198266,250019,252103,16752475
535,66114,"shuffle records written",4995,7448,7505,500000
535,66115,"shuffle write time",2841825,3167648,4081176,212233359
535,66116,"duration",1659,2352,2583,158674
535,66117,"number of output rows",4995,7448,7505,500000
535,66118,"number of output rows",4995,7448,7505,500000
535,66119,"number of input batches",8,11,12,800
535,69388,"internal.metrics.executorDeserializeTime",1,1,7,113
535,69389,"internal.metrics.executorDeserializeCpuTime",998250,1572238,3556400,105340845
535,69390,"internal.metrics.executorRunTime",1720,2415,2645,162975
535,69391,"internal.metrics.executorCpuTime",149415347,196220804,268138831,13146795000
535,69392,"internal.metrics.resultSize",2853,2895,2941,194816
535,69393,"internal.metrics.jvmGCTime",14,14,23,297
535,69397,"internal.metrics.peakExecutionMemory",67239936,67239936,67239936,4505075712
535,69416,"internal.metrics.shuffle.write.bytesWritten",198266,250019,252103,16752475
535,69417,"internal.metrics.shuffle.write.recordsWritten",4995,7448,7505,500000
535,69418,"internal.metrics.shuffle.write.writeTime",2841825,3167648,4081176,212233359
535,69419,"internal.metrics.input.bytesRead",74955,111939,112755,7500963
535,69420,"internal.metrics.input.recordsRead",4995,7448,7505,500000
536,60226,"number of output rows",100,100,100,5000
536,60227,"scan time",159,174,206,9134
536,66123,"data size",5112,5188,5296,260000
536,66142,"shuffle bytes written",9631,10158,10498,508484
536,66143,"shuffle records written",100,100,100,5000
536,66144,"shuffle write time",322249,396613,586923,19831280
536,66145,"duration",160,175,207,9187
536,66146,"number of output rows",100,100,100,5000
536,66147,"number of output rows",100,100,100,5000
536,66148,"number of input batches",1,1,1,50
536,69423,"internal.metrics.executorDeserializeTime",1,1,7,81
536,69424,"internal.metrics.executorDeserializeCpuTime",899667,1534447,3798256,76722966
536,69425,"internal.metrics.executorRunTime",168,186,226,9709
536,69426,"internal.metrics.executorCpuTime",16451319,22866656,42444315,1143333427
536,69427,"internal.metrics.resultSize",2854,2891,2898,144720
536,69432,"internal.metrics.peakExecutionMemory",67141632,67141632,67141632,3357081600
536,69451,"internal.metrics.shuffle.write.bytesWritten",9631,10158,10498,508484
536,69452,"internal.metrics.shuffle.write.recordsWritten",100,100,100,5000
536,69453,"internal.metrics.shuffle.write.writeTime",322249,396613,586923,19831280
536,69454,"internal.metrics.input.bytesRead",7556,7561,7571,378370
536,69455,"internal.metrics.input.recordsRead",100,100,100,5000
537,60257,"number of output rows",731,731,731,731
537,60258,"scan time",219,219,219,219
537,66152,"data size",29240,29240,29240,29240
537,66171,"shuffle bytes written",47807,47807,47807,47807
537,66172,"shuffle records written",731,731,731,731
537,66173,"shuffle write time",1972597,1972597,1972597,1972597
537,66174,"duration",230,230,230,230
537,66175,"number of output rows",731,731,731,731
537,66176,"number of output rows",731,731,731,731
537,66177,"number of input batches",1,1,1,1
537,69458,"internal.metrics.executorDeserializeTime",6,6,6,6
537,69459,"internal.metrics.executorDeserializeCpuTime",2614748,2614748,2614748,2614748
537,69460,"internal.metrics.executorRunTime",278,278,278,278
537,69461,"internal.metrics.executorCpuTime",81464752,81464752,81464752,81464752
537,69462,"internal.metrics.resultSize",2898,2898,2898,2898
537,69467,"internal.metrics.peakExecutionMemory",67141632,67141632,67141632,67141632
537,69486,"internal.metrics.shuffle.write.bytesWritten",47807,47807,47807,47807
537,69487,"internal.metrics.shuffle.write.recordsWritten",731,731,731,731
537,69488,"internal.metrics.shuffle.write.writeTime",1972597,1972597,1972597,1972597
537,69489,"internal.metrics.input.bytesRead",10433,10433,10433,10433
537,69490,"internal.metrics.input.recordsRead",731,731,731,731
538,60440,"number of output rows",460000,1760066,2410100,5280200
538,60441,"scan time",103,109,1000,96395
538,66333,"data size",21366336,83498240,114567216,250494720
538,66352,"shuffle bytes written",10553387,41007996,56239534,123023991
538,66353,"shuffle records written",445132,1739546,2386817,5218640
538,66354,"shuffle write time",9368282,25059376,33375446,75178129
538,66355,"duration",104,111,1804,98504
538,66356,"number of output rows",445132,1739546,2386817,5218640
538,66357,"number of output rows",460000,1760066,2410100,5280200
538,66358,"number of input batches",113,430,589,1291
538,69493,"internal.metrics.executorDeserializeTime",1,1,6,740
538,69494,"internal.metrics.executorDeserializeCpuTime",862858,1329553,3072253,957411064
538,69495,"internal.metrics.executorRunTime",105,116,2971,102045
538,69496,"internal.metrics.executorCpuTime",35842185,48881104,2175641484,35194521079
538,69497,"internal.metrics.resultSize",2681,2699,2939,1962093
538,69498,"internal.metrics.jvmGCTime",19,25,43,414
538,69502,"internal.metrics.peakExecutionMemory",32768,696558,201326592,501645312
538,69521,"internal.metrics.shuffle.write.bytesWritten",10553387,41007996,56239534,123023991
538,69522,"internal.metrics.shuffle.write.recordsWritten",445132,1739546,2386817,5218640
538,69523,"internal.metrics.shuffle.write.writeTime",9368282,25059376,33375446,75178129
538,69524,"internal.metrics.input.bytesRead",1005925,1005972,1035197,724353816
538,69525,"internal.metrics.input.recordsRead",460000,1760066,2410100,5280200
588,66154,"remote blocks read",6,6,14,209
588,66155,"local blocks read",5,5,11,751
588,66156,"remote bytes read",632,851,1357,20556
588,66158,"local bytes read",592,794,1032,75058
588,66159,"fetch wait time",0,0,0,0
588,66160,"records read",12,12,19,1462
588,66169,"remote reqs duration",0,0,4,46
588,78432,"remote blocks read",260,412,728,24675
588,78433,"local blocks read",18,25,80,2205
588,78434,"remote bytes read",904097,1016621,1562763,58964925
588,78436,"local bytes read",56760,88253,162119,5119544
588,78437,"fetch wait time",0,0,0,0
588,78438,"records read",19900,21054,31700,1222040
588,78447,"remote reqs duration",37,66,251,4827
588,80242,"data size",3243152,3436158,5169576,199298056
588,80261,"shuffle bytes written",1252213,1334391,1922556,77395554
588,80262,"shuffle records written",19900,21054,31700,1222040
588,80263,"shuffle write time",3506666,3959311,6239237,229640849
588,80264,"duration",41,78,171,5266
588,80265,"number of output rows",19900,21054,31700,1222040
588,80266,"spill size",0,0,0,0
588,80268,"duration",42,89,204,6195
588,80269,"sort time",0,0,0,0
588,80270,"peak memory",68157440,68157440,68157440,3953131520
588,80271,"spill size",0,0,0,0
588,80275,"duration",41,81,184,5473
588,80276,"sort time",0,0,0,0
588,80277,"peak memory",67174400,67174400,67174400,3896115200
588,80278,"spill size",0,0,0,0
588,80455,"internal.metrics.executorDeserializeTime",3,3,9,321
588,80456,"internal.metrics.executorDeserializeCpuTime",3002752,4164823,6096602,241560674
588,80457,"internal.metrics.executorRunTime",123,178,325,11392
588,80458,"internal.metrics.executorCpuTime",123173625,180111929,273964867,10446492693
588,80459,"internal.metrics.resultSize",22511,22511,22556,1305936
588,80460,"internal.metrics.jvmGCTime",24,24,25,124
588,80464,"internal.metrics.peakExecutionMemory",202964992,202964992,202964992,11771969536
588,80466,"internal.metrics.shuffle.read.remoteBlocksFetched",260,416,742,24884
588,80467,"internal.metrics.shuffle.read.localBlocksFetched",18,30,80,2476
588,80468,"internal.metrics.shuffle.read.remoteBytesRead",904729,1016976,1564120,58985481
588,80469,"internal.metrics.shuffle.read.remoteBytesReadToDisk",0,0,0,0
588,80470,"internal.metrics.shuffle.read.localBytesRead",56760,88723,162119,5146795
588,80471,"internal.metrics.shuffle.read.fetchWaitTime",0,0,0,0
588,80472,"internal.metrics.shuffle.read.recordsRead",19912,21066,31719,1222771
588,80473,"internal.metrics.shuffle.push.read.corruptMergedBlockChunks",0,0,0,0
588,80474,"internal.metrics.shuffle.push.read.mergedFetchFallbackCount",0,0,0,0
588,80475,"internal.metrics.shuffle.push.read.remoteMergedBlocksFetched",0,0,0,0
588,80476,"internal.metrics.shuffle.push.read.localMergedBlocksFetched",0,0,0,0
588,80477,"internal.metrics.shuffle.push.read.remoteMergedChunksFetched",0,0,0,0
588,80478,"internal.metrics.shuffle.push.read.localMergedChunksFetched",0,0,0,0
588,80479,"internal.metrics.shuffle.push.read.remoteMergedBytesRead",0,0,0,0
588,80480,"internal.metrics.shuffle.push.read.localMergedBytesRead",0,0,0,0
588,80481,"internal.metrics.shuffle.read.remoteReqsDuration",37,68,251,4873
588,80482,"internal.metrics.shuffle.push.read.remoteMergedReqsDuration",0,0,0,0
588,80483,"internal.metrics.shuffle.write.bytesWritten",1252213,1334391,1922556,77395554
588,80484,"internal.metrics.shuffle.write.recordsWritten",19900,21054,31700,1222040
588,80485,"internal.metrics.shuffle.write.writeTime",3506666,3959311,6239237,229640849
600,78878,"remote blocks read",198,198,324,14796
600,78879,"local blocks read",198,198,198,792
600,78880,"remote bytes read",310749,320586,516732,23701564
600,78882,"local bytes read",311816,315968,321639,1263874
600,78883,"fetch wait time",0,0,0,0
600,78884,"records read",16189,16673,26956,1300546
600,78893,"remote reqs duration",10,18,88,2334
600,79675,"remote blocks read",506,510,828,18538
600,79676,"local blocks read",506,506,552,18262
600,79677,"remote bytes read",767923,794952,1272605,28618623
600,79679,"local bytes read",766428,782459,833533,28168858
600,79680,"fetch wait time",0,34,232,3445
600,79681,"records read",16464,16954,27407,1222040
600,79690,"remote reqs duration",68,171,322,6478
600,80632,"data size",1170800,1206554,1947624,86873416
600,80651,"shuffle bytes written",487914,500113,712522,36009559
600,80652,"shuffle records written",16464,16954,27407,1222040
600,80653,"shuffle write time",2951562,3306783,7387208,238089690
600,80654,"duration",85,221,522,17230
600,80655,"number of output rows",16464,16954,27407,1222040
600,80656,"spill size",0,0,0,0
600,80658,"duration",88,247,571,18918
600,80659,"sort time",5,5,93,1129
600,80660,"peak memory",67633152,67640430,68157440,4870111232
600,80661,"spill size",0,0,0,0
600,80665,"duration",86,230,540,17803
600,80666,"sort time",3,3,29,621
600,80667,"peak memory",67633152,67640430,68157440,4870111232
600,80668,"spill size",0,0,0,0
600,80669,"number of output rows",13698,14070,22920,1014350
600,80670,"peak memory",67371008,67371008,67371008,4850712576
600,80672,"time in aggregation build",17,19,106,2487
600,80673,"avg hash probes per key",10,10,10,720
600,80940,"internal.metrics.executorDeserializeTime",3,3,14,490
600,80941,"internal.metrics.executorDeserializeCpuTime",3887244,4944053,9195459,355973049
600,80942,"internal.metrics.executorRunTime",157,323,653,24339
600,80943,"internal.metrics.executorCpuTime",157139648,258220623,441534094,18591885902
600,80944,"internal.metrics.resultSize",34365,34365,34410,2474807
600,80945,"internal.metrics.jvmGCTime",32,59,85,598
600,80949,"internal.metrics.peakExecutionMemory",270270464,270285023,271319040,19460521984
600,80951,"internal.metrics.shuffle.read.remoteBlocksFetched",198,433,1152,32146
600,80952,"internal.metrics.shuffle.read.localBlocksFetched",0,251,552,19054
600,80953,"internal.metrics.shuffle.read.remoteBytesRead",310749,700254,1789337,50419560
600,80954,"internal.metrics.shuffle.read.remoteBytesReadToDisk",0,0,0,0
600,80955,"internal.metrics.shuffle.read.localBytesRead",0,408771,833533,29432732
600,80956,"internal.metrics.shuffle.read.fetchWaitTime",0,34,232,3445
600,80957,"internal.metrics.shuffle.read.recordsRead",32653,33644,54363,2423590
600,80958,"internal.metrics.shuffle.push.read.corruptMergedBlockChunks",0,0,0,0
600,80959,"internal.metrics.shuffle.push.read.mergedFetchFallbackCount",0,0,0,0
600,80960,"internal.metrics.shuffle.push.read.remoteMergedBlocksFetched",0,0,0,0
600,80961,"internal.metrics.shuffle.push.read.localMergedBlocksFetched",0,0,0,0
600,80962,"internal.metrics.shuffle.push.read.remoteMergedChunksFetched",0,0,0,0
600,80963,"internal.metrics.shuffle.push.read.localMergedChunksFetched",0,0,0,0
600,80964,"internal.metrics.shuffle.push.read.remoteMergedBytesRead",0,0,0,0
600,80965,"internal.metrics.shuffle.push.read.localMergedBytesRead",0,0,0,0
600,80966,"internal.metrics.shuffle.read.remoteReqsDuration",10,104,410,8725
600,80967,"internal.metrics.shuffle.push.read.remoteMergedReqsDuration",0,0,0,0
600,80968,"internal.metrics.shuffle.write.bytesWritten",487914,500113,712522,36009559
600,80969,"internal.metrics.shuffle.write.recordsWritten",16464,16954,27407,1222040
600,80970,"internal.metrics.shuffle.write.writeTime",2951562,3306783,7387208,238089690
607,78878,"remote blocks read",198,198,324,28998
607,78879,"local blocks read",198,198,198,1584
607,78880,"remote bytes read",310749,320387,516732,46443921
607,78882,"local bytes read",313725,318945,323851,2537790
607,78883,"fetch wait time",0,0,0,0
607,78884,"records read",16189,16670,26956,2551764
607,78893,"remote reqs duration",10,29,188,5858
607,80244,"remote blocks read",264,427,1008,35704
607,80245,"local blocks read",22,187,408,16438
607,80246,"remote bytes read",436427,742921,1678692,59759656
607,80248,"local bytes read",33565,331983,665107,27207161
607,80249,"fetch wait time",0,6,160,1486
607,80250,"records read",16464,16957,27407,1373161
607,80259,"remote reqs duration",26,112,393,10630
607,81095,"data size",2027208,2089101,3372816,150416456
607,81114,"shuffle bytes written",873935,896839,1344411,64573666
607,81115,"shuffle records written",16464,16957,27407,1222040
607,81116,"shuffle write time",3237374,5016580,102759510,361195212
607,81117,"duration",96,192,446,15023
607,81118,"number of output rows",16464,16957,27407,1222040
607,81119,"spill size",0,0,0,0
607,81121,"duration",98,213,494,16648
607,81122,"sort time",5,5,15,523
607,81123,"peak memory",67633152,67640428,68157440,4870111232
607,81124,"spill size",0,0,0,0
607,81128,"duration",97,196,460,15559
607,81129,"sort time",3,3,7,315
607,81130,"peak memory",67633152,67640428,68157440,4870111232
607,81131,"spill size",0,0,0,0
607,81132,"number of output rows",13698,14069,22920,1014350
607,81133,"peak memory",67371008,67371008,67371008,4850712576
607,81135,"time in aggregation build",18,20,74,2562
607,81136,"avg hash probes per key",10,10,10,720
607,81304,"internal.metrics.executorDeserializeTime",4,4,12,511
607,81305,"internal.metrics.executorDeserializeCpuTime",4054860,5144614,8860942,370413569
607,81306,"internal.metrics.executorRunTime",172,300,582,22943
607,81307,"internal.metrics.executorCpuTime",171642111,269497381,419251388,19403812882
607,81308,"internal.metrics.resultSize",39741,39741,39786,2861923
607,81309,"internal.metrics.jvmGCTime",27,51,98,587
607,81313,"internal.metrics.peakExecutionMemory",270270464,270285021,271319040,19460521984
607,81315,"internal.metrics.shuffle.read.remoteBlocksFetched",462,620,1332,45759
607,81316,"internal.metrics.shuffle.read.localBlocksFetched",22,196,408,15041
607,81317,"internal.metrics.shuffle.read.remoteBytesRead",747529,1049973,2195424,75599448
607,81318,"internal.metrics.shuffle.read.remoteBytesReadToDisk",0,0,0,0
607,81319,"internal.metrics.shuffle.read.localBytesRead",33565,345272,665107,24860917
607,81320,"internal.metrics.shuffle.read.fetchWaitTime",0,6,160,1350
607,81321,"internal.metrics.shuffle.read.recordsRead",32653,33641,54363,2423590
607,81322,"internal.metrics.shuffle.push.read.corruptMergedBlockChunks",0,0,0,0
607,81323,"internal.metrics.shuffle.push.read.mergedFetchFallbackCount",0,0,0,0
607,81324,"internal.metrics.shuffle.push.read.remoteMergedBlocksFetched",0,0,0,0
607,81325,"internal.metrics.shuffle.push.read.localMergedBlocksFetched",0,0,0,0
607,81326,"internal.metrics.shuffle.push.read.remoteMergedChunksFetched",0,0,0,0
607,81327,"internal.metrics.shuffle.push.read.localMergedChunksFetched",0,0,0,0
607,81328,"internal.metrics.shuffle.push.read.remoteMergedBytesRead",0,0,0,0
607,81329,"internal.metrics.shuffle.push.read.localMergedBytesRead",0,0,0,0
607,81330,"internal.metrics.shuffle.read.remoteReqsDuration",37,157,581,12495
607,81331,"internal.metrics.shuffle.push.read.remoteMergedReqsDuration",0,0,0,0
607,81332,"internal.metrics.shuffle.write.bytesWritten",873935,896839,1344411,64573666
607,81333,"internal.metrics.shuffle.write.recordsWritten",16464,16957,27407,1222040
607,81334,"internal.metrics.shuffle.write.writeTime",3237374,5016580,102759510,361195212
608,78878,"remote blocks read",198,198,216,41292
608,78879,"local blocks read",198,261,324,1908
608,78880,"remote bytes read",310749,317569,338853,66139911
608,78882,"local bytes read",317079,416905,516732,3054522
608,78883,"fetch wait time",0,0,0,0
608,78884,"records read",16189,16672,26956,3604650
608,78893,"remote reqs duration",10,10,164,6839
608,80244,"remote blocks read",264,301,1008,55183
608,80245,"local blocks read",22,300,408,37617
608,80246,"remote bytes read",432975,542032,1675141,92519124
608,80248,"local bytes read",34773,532867,665107,62271984
608,80249,"fetch wait time",0,0,109,1514
608,80250,"records read",16464,16956,27407,2444080
608,80259,"remote reqs duration",25,43,418,13962
608,81215,"data size",2290664,2360665,3811328,169969096
608,81234,"shuffle bytes written",981048,1007350,1514545,72530376
608,81235,"shuffle records written",16464,16956,27407,1222040
608,81236,"shuffle write time",3250210,3763780,4966726,270993296
608,81237,"duration",96,113,353,9501
608,81238,"number of output rows",16464,16956,27407,1222040
608,81239,"spill size",0,0,0,0
608,81241,"duration",98,117,402,9997
608,81242,"sort time",5,5,12,424
608,81243,"peak memory",67633152,67640432,68157440,4870111232
608,81244,"spill size",0,0,0,0
608,81248,"duration",97,115,368,9653
608,81249,"sort time",3,3,7,277
608,81250,"peak memory",67633152,67640432,68157440,4870111232
608,81251,"spill size",0,0,0,0
608,81252,"number of output rows",13698,14071,22920,1014350
608,81253,"peak memory",67371008,67371008,67371008,4850712576
608,81255,"time in aggregation build",17,17,60,1773
608,81256,"avg hash probes per key",10,10,10,720
608,81339,"internal.metrics.executorDeserializeTime",4,4,18,391
608,81340,"internal.metrics.executorDeserializeCpuTime",4319086,5364270,8525049,386228750
608,81341,"internal.metrics.executorRunTime",172,199,489,15914
608,81342,"internal.metrics.executorCpuTime",172360053,212954495,415745590,15332724891
608,81343,"internal.metrics.resultSize",39741,39741,39786,2861869
608,81344,"internal.metrics.jvmGCTime",29,35,39,337
608,81348,"internal.metrics.peakExecutionMemory",270270464,270285026,271319040,19460521984
608,81350,"internal.metrics.shuffle.read.remoteBlocksFetched",462,495,1008,37108
608,81351,"internal.metrics.shuffle.read.localBlocksFetched",22,307,408,23692
608,81352,"internal.metrics.shuffle.read.remoteBytesRead",747529,850793,1675141,61258650
608,81353,"internal.metrics.shuffle.read.remoteBytesReadToDisk",0,0,0,0
608,81354,"internal.metrics.shuffle.read.localBytesRead",34773,544451,665107,39201715
608,81355,"internal.metrics.shuffle.read.fetchWaitTime",0,0,109,164
608,81356,"internal.metrics.shuffle.read.recordsRead",32653,33644,54363,2423590
608,81357,"internal.metrics.shuffle.push.read.corruptMergedBlockChunks",0,0,0,0
608,81358,"internal.metrics.shuffle.push.read.mergedFetchFallbackCount",0,0,0,0
608,81359,"internal.metrics.shuffle.push.read.remoteMergedBlocksFetched",0,0,0,0
608,81360,"internal.metrics.shuffle.push.read.localMergedBlocksFetched",0,0,0,0
608,81361,"internal.metrics.shuffle.push.read.remoteMergedChunksFetched",0,0,0,0
608,81362,"internal.metrics.shuffle.push.read.localMergedChunksFetched",0,0,0,0
608,81363,"internal.metrics.shuffle.push.read.remoteMergedBytesRead",0,0,0,0
608,81364,"internal.metrics.shuffle.push.read.localMergedBytesRead",0,0,0,0
608,81365,"internal.metrics.shuffle.read.remoteReqsDuration",37,64,513,6059
608,81366,"internal.metrics.shuffle.push.read.remoteMergedReqsDuration",0,0,0,0
608,81367,"internal.metrics.shuffle.write.bytesWritten",981048,1007350,1514545,72530376
608,81368,"internal.metrics.shuffle.write.recordsWritten",16464,16956,27407,1222040
608,81369,"internal.metrics.shuffle.write.writeTime",3250210,3763780,4966726,270993296
613,80634,"remote blocks read",36,36,69,48269
613,80635,"local blocks read",3,3,36,9331
613,80636,"remote bytes read",18016,37561,51415,30208583
613,80638,"local bytes read",1342,7053,26325,5800976
613,80639,"fetch wait time",0,0,85,9255
613,80640,"records read",1070,1346,1976,1222040
613,80649,"remote reqs duration",5,5,122,22881
613,81482,"data size",45296,51705,59352,41528248
613,81501,"shuffle bytes written",61844,68703,75335,55121252
613,81502,"shuffle records written",637,676,833,584273
613,81503,"shuffle write time",1549046,2055993,95803801,1644957212
613,81504,"duration",7,7,94,18488
613,81505,"number of output rows",637,676,833,584273
613,81506,"peak memory",262144,933034,67371008,746586112
613,81508,"time in aggregation build",5,5,92,15872
613,81509,"avg hash probes per key",10,10,10,80
613,81511,"number of output rows",637,676,833,584273
613,81512,"peak memory",262144,933034,67371008,746586112
613,81514,"time in aggregation build",4,4,90,14432
613,81515,"avg hash probes per key",10,10,10,80
613,81677,"internal.metrics.executorDeserializeTime",3,3,15,3869
613,81678,"internal.metrics.executorDeserializeCpuTime",3755561,5073565,10311848,4059024680
613,81679,"internal.metrics.executorRunTime",40,40,200,53915
613,81680,"internal.metrics.executorCpuTime",40339366,51393576,109697442,41115023342
613,81681,"internal.metrics.resultSize",36325,36325,36370,29062964
613,81682,"internal.metrics.jvmGCTime",23,31,93,2490
613,81686,"internal.metrics.peakExecutionMemory",67665920,69007901,201883648,55206477824
613,81688,"internal.metrics.shuffle.read.remoteBlocksFetched",36,36,69,48269
613,81689,"internal.metrics.shuffle.read.localBlocksFetched",3,3,36,9331
613,81690,"internal.metrics.shuffle.read.remoteBytesRead",18016,37561,51415,30208583
613,81691,"internal.metrics.shuffle.read.remoteBytesReadToDisk",0,0,0,0
613,81692,"internal.metrics.shuffle.read.localBytesRead",1342,7053,26325,5800976
613,81693,"internal.metrics.shuffle.read.fetchWaitTime",0,0,85,9255
613,81694,"internal.metrics.shuffle.read.recordsRead",1070,1346,1976,1222040
613,81695,"internal.metrics.shuffle.push.read.corruptMergedBlockChunks",0,0,0,0
613,81696,"internal.metrics.shuffle.push.read.mergedFetchFallbackCount",0,0,0,0
613,81697,"internal.metrics.shuffle.push.read.remoteMergedBlocksFetched",0,0,0,0
613,81698,"internal.metrics.shuffle.push.read.localMergedBlocksFetched",0,0,0,0
613,81699,"internal.metrics.shuffle.push.read.remoteMergedChunksFetched",0,0,0,0
613,81700,"internal.metrics.shuffle.push.read.localMergedChunksFetched",0,0,0,0
613,81701,"internal.metrics.shuffle.push.read.remoteMergedBytesRead",0,0,0,0
613,81702,"internal.metrics.shuffle.push.read.localMergedBytesRead",0,0,0,0
613,81703,"internal.metrics.shuffle.read.remoteReqsDuration",5,5,122,22881
613,81704,"internal.metrics.shuffle.push.read.remoteMergedReqsDuration",0,0,0,0
613,81705,"internal.metrics.shuffle.write.bytesWritten",61844,68703,75335,55121252
613,81706,"internal.metrics.shuffle.write.recordsWritten",637,676,833,584273
613,81707,"internal.metrics.shuffle.write.writeTime",1549046,2055993,95803801,1644957212
639,81097,"remote blocks read",36,36,72,36504
639,81098,"local blocks read",3,3,36,21096
639,81099,"remote bytes read",31251,51170,95904,41087476
639,81101,"local bytes read",2553,31994,54195,23486190
639,81102,"fetch wait time",0,0,62,3005
639,81103,"records read",1064,1358,2135,1222040
639,81112,"remote reqs duration",8,8,388,29929
639,81484,"remote blocks read",313,331,518,663490
639,81485,"local blocks read",25,29,143,102052
639,81486,"remote bytes read",46005,55416,74742,95541439
639,81488,"local bytes read",3501,14376,20556,14701065
639,81489,"fetch wait time",0,0,87,1526
639,81490,"records read",651,671,806,1168546
639,81499,"remote reqs duration",26,26,716,134163
639,81804,"data size",72376,103668,145088,83095680
639,81823,"shuffle bytes written",83269,105167,126828,84284237
639,81824,"shuffle records written",1064,1358,2135,1222040
639,81825,"shuffle write time",2000780,2709504,5268028,2167759039
639,81826,"duration",32,32,389,45942
639,81827,"number of output rows",1064,1358,2135,1222040
639,81828,"spill size",0,0,0,0
639,81830,"duration",35,36,658,56553
639,81831,"sort time",0,0,24,469
639,81832,"peak memory",67174400,67174400,67174400,53739520000
639,81833,"spill size",0,0,0,0
639,81834,"duration",33,33,466,48867
639,81835,"sort time",0,0,1,6
639,81836,"peak memory",67174400,67174400,67174400,53739520000
639,81837,"spill size",0,0,0,0
639,81933,"internal.metrics.executorDeserializeTime",5,5,2529,18374
639,81934,"internal.metrics.executorDeserializeCpuTime",5223649,10971793,651728165,8777590177
639,81935,"internal.metrics.executorRunTime",81,82,2448,114494
639,81936,"internal.metrics.executorCpuTime",81794718,119035937,920726041,95228908996
639,81937,"internal.metrics.resultSize",51556,51556,51645,41250152
639,81938,"internal.metrics.jvmGCTime",15,29,179,3119
639,81939,"internal.metrics.resultSerializationTime",1,2,3,13
639,81942,"internal.metrics.peakExecutionMemory",201490432,201490432,201523200,161192378368
639,81944,"internal.metrics.shuffle.read.remoteBlocksFetched",349,367,590,345472
639,81945,"internal.metrics.shuffle.read.localBlocksFetched",0,0,179,94899
639,81946,"internal.metrics.shuffle.read.remoteBytesRead",80106,106786,165254,85583608
639,81947,"internal.metrics.shuffle.read.remoteBytesReadToDisk",0,0,0,0
639,81948,"internal.metrics.shuffle.read.localBytesRead",0,42443,70471,34111310
639,81949,"internal.metrics.shuffle.read.fetchWaitTime",0,0,119,4317
639,81950,"internal.metrics.shuffle.read.recordsRead",1764,2079,2856,1806313
639,81951,"internal.metrics.shuffle.push.read.corruptMergedBlockChunks",0,0,0,0
639,81952,"internal.metrics.shuffle.push.read.mergedFetchFallbackCount",0,0,0,0
639,81953,"internal.metrics.shuffle.push.read.remoteMergedBlocksFetched",0,0,0,0
639,81954,"internal.metrics.shuffle.push.read.localMergedBlocksFetched",0,0,0,0
639,81955,"internal.metrics.shuffle.push.read.remoteMergedChunksFetched",0,0,0,0
639,81956,"internal.metrics.shuffle.push.read.localMergedChunksFetched",0,0,0,0
639,81957,"internal.metrics.shuffle.push.read.remoteMergedBytesRead",0,0,0,0
639,81958,"internal.metrics.shuffle.push.read.localMergedBytesRead",0,0,0,0
639,81959,"internal.metrics.shuffle.read.remoteReqsDuration",35,37,877,102995
639,81960,"internal.metrics.shuffle.push.read.remoteMergedReqsDuration",0,0,0,0
639,81961,"internal.metrics.shuffle.write.bytesWritten",83269,105167,126828,84284237
639,81962,"internal.metrics.shuffle.write.recordsWritten",1064,1358,2135,1222040
639,81963,"internal.metrics.shuffle.write.writeTime",2000780,2709504,5268028,2167759039
641,81217,"remote blocks read",69,69,72,56744
641,81218,"local blocks read",1,1,3,856
641,81219,"remote bytes read",66762,89078,116520,71417051
641,81221,"local bytes read",674,1905,4890,1113325
641,81222,"fetch wait time",0,0,88,10114
641,81223,"records read",1064,1356,2135,1222040
641,81232,"remote reqs duration",5,5,192,26357
641,81484,"remote blocks read",402,410,493,461946
641,81485,"local blocks read",24,24,48,55506
641,81486,"remote bytes read",57717,63608,70906,66515446
641,81488,"local bytes read",3187,5035,7285,7998602
641,81489,"fetch wait time",0,0,47,242
641,81490,"records read",651,671,806,795855
641,81499,"remote reqs duration",31,32,422,77766
641,81884,"data size",118696,170894,239480,136867248
641,81903,"shuffle bytes written",114782,148103,184277,118645361
641,81904,"shuffle records written",1064,1356,2135,1222040
641,81905,"shuffle write time",2163267,2901363,17159750,2321245029
641,81906,"duration",31,32,328,48858
641,81907,"number of output rows",1064,1356,2135,1222040
641,81908,"spill size",0,0,0,0
641,81910,"duration",35,36,621,55677
641,81911,"sort time",0,0,13,195
641,81912,"peak memory",67174400,67174400,67174400,53739520000
641,81913,"spill size",0,0,0,0
641,81914,"duration",32,33,395,50870
641,81915,"sort time",0,0,2,5
641,81916,"peak memory",67174400,67174400,67174400,53739520000
641,81917,"spill size",0,0,0,0
641,81968,"internal.metrics.executorDeserializeTime",5,5,195,6988
641,81969,"internal.metrics.executorDeserializeCpuTime",5138136,8183953,151295783,6547324523
641,81970,"internal.metrics.executorRunTime",84,86,945,105608
641,81971,"internal.metrics.executorCpuTime",81041813,111355972,742553796,89084939761
641,81972,"internal.metrics.resultSize",51557,51557,51602,41249753
641,81973,"internal.metrics.jvmGCTime",13,17,55,2694
641,81977,"internal.metrics.peakExecutionMemory",201490432,201490432,201523200,161192378368
641,81979,"internal.metrics.shuffle.read.remoteBlocksFetched",474,481,565,411266
641,81980,"internal.metrics.shuffle.read.localBlocksFetched",0,6,49,29105
641,81981,"internal.metrics.shuffle.read.remoteBytesRead",129443,152872,178191,122462358
641,81982,"internal.metrics.shuffle.read.remoteBytesReadToDisk",0,0,0,0
641,81983,"internal.metrics.shuffle.read.localBytesRead",0,6292,10909,5189270
641,81984,"internal.metrics.shuffle.read.fetchWaitTime",0,0,88,10328
641,81985,"internal.metrics.shuffle.read.recordsRead",1764,2079,2856,1806313
641,81986,"internal.metrics.shuffle.push.read.corruptMergedBlockChunks",0,0,0,0
641,81987,"internal.metrics.shuffle.push.read.mergedFetchFallbackCount",0,0,0,0
641,81988,"internal.metrics.shuffle.push.read.remoteMergedBlocksFetched",0,0,0,0
641,81989,"internal.metrics.shuffle.push.read.localMergedBlocksFetched",0,0,0,0
641,81990,"internal.metrics.shuffle.push.read.remoteMergedChunksFetched",0,0,0,0
641,81991,"internal.metrics.shuffle.push.read.localMergedChunksFetched",0,0,0,0
641,81992,"internal.metrics.shuffle.push.read.remoteMergedBytesRead",0,0,0,0
641,81993,"internal.metrics.shuffle.push.read.localMergedBytesRead",0,0,0,0
641,81994,"internal.metrics.shuffle.read.remoteReqsDuration",39,41,591,87454
641,81995,"internal.metrics.shuffle.push.read.remoteMergedReqsDuration",0,0,0,0
641,81996,"internal.metrics.shuffle.write.bytesWritten",114782,148103,184277,118645361
641,81997,"internal.metrics.shuffle.write.recordsWritten",1064,1356,2135,1222040
641,81998,"internal.metrics.shuffle.write.writeTime",2163267,2901363,17159750,2321245029
643,66009,"remote blocks read",50,50,60,4530
643,66010,"local blocks read",10,10,10,270
643,66011,"remote bytes read",3936905,4712604,5103748,377009848
643,66013,"local bytes read",178224,848045,992353,22897344
643,66014,"fetch wait time",0,0,70,547
643,66015,"records read",149649,154706,160725,12378203
643,66024,"remote reqs duration",54,428,5658,35831
643,66038,"remote blocks read",590,609,670,99431
643,66039,"local blocks read",40,46,80,7769
643,66040,"remote bytes read",377092,408829,437191,64167499
643,66042,"local bytes read",25019,39271,52796,5019425
643,66043,"fetch wait time",0,0,4,4
643,66044,"records read",24591,24931,25382,3992552
643,66053,"remote reqs duration",117,297,695,38398
643,82251,"data size",5817768,6252189,6778024,500176688
643,82270,"shuffle bytes written",2762589,2950756,3179556,236062091
643,82271,"shuffle records written",66111,71031,77023,5683826
643,82272,"shuffle write time",4387441,5014915,6906480,401194954
643,82273,"duration",160,369,749,31171
643,82274,"number of output rows",66111,71031,77023,5683826
643,82275,"spill size",0,0,0,0
643,82278,"sort time",3,30,148,3481
643,82279,"peak memory",75497472,75497472,75497472,6039797760
643,82280,"spill size",0,0,0,0
643,82284,"duration",161,523,1576,43446
643,82285,"sort time",0,0,3,9
643,82286,"peak memory",68157440,68157440,68157440,5452595200
643,82287,"spill size",0,0,0,0
643,82291,"internal.metrics.executorDeserializeTime",2,125,2503,10777
643,82292,"internal.metrics.executorDeserializeCpuTime",1989132,30493664,774921363,2439494783
643,82293,"internal.metrics.executorRunTime",263,761,3793,62539
643,82294,"internal.metrics.executorCpuTime",262515007,559205401,1488703824,44736433701
643,82295,"internal.metrics.resultSize",7950,7954,8039,636663
643,82296,"internal.metrics.jvmGCTime",29,66,105,536
643,82297,"internal.metrics.resultSerializationTime",3,3,3,12
643,82300,"internal.metrics.peakExecutionMemory",212860928,212860928,212860928,17028874240
643,82302,"internal.metrics.shuffle.read.remoteBlocksFetched",640,665,730,55210
643,82303,"internal.metrics.shuffle.read.localBlocksFetched",0,20,90,3190
643,82304,"internal.metrics.shuffle.read.remoteBytesRead",4365804,5121450,5520417,409717710
643,82305,"internal.metrics.shuffle.read.remoteBytesReadToDisk",0,0,0,0
643,82306,"internal.metrics.shuffle.read.localBytesRead",0,309768,1024726,24782944
643,82307,"internal.metrics.shuffle.read.fetchWaitTime",0,0,70,551
643,82308,"internal.metrics.shuffle.read.recordsRead",174249,179661,185804,14374479
643,82309,"internal.metrics.shuffle.push.read.corruptMergedBlockChunks",0,0,0,0
643,82310,"internal.metrics.shuffle.push.read.mergedFetchFallbackCount",0,0,0,0
643,82311,"internal.metrics.shuffle.push.read.remoteMergedBlocksFetched",0,0,0,0
643,82312,"internal.metrics.shuffle.push.read.localMergedBlocksFetched",0,0,0,0
643,82313,"internal.metrics.shuffle.push.read.remoteMergedChunksFetched",0,0,0,0
643,82314,"internal.metrics.shuffle.push.read.localMergedChunksFetched",0,0,0,0
643,82315,"internal.metrics.shuffle.push.read.remoteMergedBytesRead",0,0,0,0
643,82316,"internal.metrics.shuffle.push.read.localMergedBytesRead",0,0,0,0
643,82317,"internal.metrics.shuffle.read.remoteReqsDuration",199,744,6074,61128
643,82318,"internal.metrics.shuffle.push.read.remoteMergedReqsDuration",0,0,0,0
643,82319,"internal.metrics.shuffle.write.bytesWritten",2762589,2950756,3179556,236062091
643,82320,"internal.metrics.shuffle.write.recordsWritten",66111,71031,77023,5683826
643,82321,"internal.metrics.shuffle.write.writeTime",4387441,5014915,6906480,401194954
671,81806,"remote blocks read",184,249,699,400654
671,81807,"local blocks read",4,5,510,142288
671,81808,"remote bytes read",27774,77545,109405,62190998
671,81810,"local bytes read",574,28879,80078,22093239
671,81811,"fetch wait time",0,0,478,83903
671,81812,"records read",1403,1444,1667,1222040
671,81821,"remote reqs duration",38,133,2134,263851
671,81886,"remote blocks read",582,591,706,521949
671,81887,"local blocks read",1,1,78,20993
671,81888,"remote bytes read",126012,142348,157231,114034244
671,81890,"local bytes read",146,12173,17999,4611117
671,81891,"fetch wait time",0,0,163,628
671,81892,"records read",1403,1444,1667,1222040
671,81901,"remote reqs duration",44,46,16656,145740
671,82393,"data size",134632,146444,159768,117314608
671,82412,"shuffle bytes written",53678,56587,60874,45431019
671,82413,"shuffle records written",1403,1444,1667,1222040
671,82414,"shuffle write time",1133105,1639698,68004769,1311919715
671,82415,"duration",81,85,602,179919
671,82416,"number of output rows",1403,1444,1667,1222040
671,82417,"spill size",0,0,0,0
671,82419,"duration",91,96,997,198403
671,82420,"sort time",0,0,21,261
671,82421,"peak memory",67174400,67174400,67174400,53739520000
671,82422,"spill size",0,0,0,0
671,82423,"duration",82,86,661,183432
671,82424,"sort time",0,0,7,42
671,82425,"peak memory",67174400,67174400,67174400,53739520000
671,82426,"spill size",0,0,0,0
671,82427,"number of output rows",1287,1333,1530,1124971
671,82428,"peak memory",262144,6133968,67371008,4907335680
671,82430,"time in aggregation build",39,42,531,128676
671,82431,"avg hash probes per key",10,10,10,700
671,82433,"number of output rows",1287,1333,1530,1124971
671,82434,"peak memory",262144,6133968,67371008,4907335680
671,82436,"time in aggregation build",37,40,528,125999
671,82437,"avg hash probes per key",10,10,10,700
671,82439,"internal.metrics.executorDeserializeTime",6,6,2326,18577
671,82440,"internal.metrics.executorDeserializeCpuTime",6333605,12416759,700000258,9933566275
671,82441,"internal.metrics.executorRunTime",118,141,4238,244422
671,82442,"internal.metrics.executorCpuTime",108517224,161009840,1233682842,128808031376
671,82443,"internal.metrics.resultSize",58276,58276,58364,46627483
671,82444,"internal.metrics.jvmGCTime",17,55,237,8177
671,82445,"internal.metrics.resultSerializationTime",1,1,3,21
671,82448,"internal.metrics.peakExecutionMemory",202014720,213758577,336232448,171007016960
671,82450,"internal.metrics.shuffle.read.remoteBlocksFetched",839,908,1405,922603
671,82451,"internal.metrics.shuffle.read.localBlocksFetched",0,0,510,163281
671,82452,"internal.metrics.shuffle.read.remoteBytesRead",168449,220087,264106,176225242
671,82453,"internal.metrics.shuffle.read.remoteBytesReadToDisk",0,0,0,0
671,82454,"internal.metrics.shuffle.read.localBytesRead",0,33186,80078,26704356
671,82455,"internal.metrics.shuffle.read.fetchWaitTime",0,0,478,84531
671,82456,"internal.metrics.shuffle.read.recordsRead",2806,2924,3334,2444080
671,82457,"internal.metrics.shuffle.push.read.corruptMergedBlockChunks",0,0,0,0
671,82458,"internal.metrics.shuffle.push.read.mergedFetchFallbackCount",0,0,0,0
671,82459,"internal.metrics.shuffle.push.read.remoteMergedBlocksFetched",0,0,0,0
671,82460,"internal.metrics.shuffle.push.read.localMergedBlocksFetched",0,0,0,0
671,82461,"internal.metrics.shuffle.push.read.remoteMergedChunksFetched",0,0,0,0
671,82462,"internal.metrics.shuffle.push.read.localMergedChunksFetched",0,0,0,0
671,82463,"internal.metrics.shuffle.push.read.remoteMergedBytesRead",0,0,0,0
671,82464,"internal.metrics.shuffle.push.read.localMergedBytesRead",0,0,0,0
671,82465,"internal.metrics.shuffle.read.remoteReqsDuration",101,334,16830,409591
671,82466,"internal.metrics.shuffle.push.read.remoteMergedReqsDuration",0,0,0,0
671,82467,"internal.metrics.shuffle.write.bytesWritten",53678,56587,60874,45431019
671,82468,"internal.metrics.shuffle.write.recordsWritten",1403,1444,1667,1222040
671,82469,"internal.metrics.shuffle.write.writeTime",1133105,1639698,68004769,1311919715
674,66067,"remote blocks read",531,575,670,98779
674,66068,"local blocks read",36,42,80,8421
674,66069,"remote bytes read",288912,327885,369259,54198087
674,66071,"local bytes read",19322,31021,44911,4614707
674,66072,"fetch wait time",0,0,50,134
674,66073,"records read",33234,35691,37896,6000000
674,66082,"remote reqs duration",90,238,454,35466
674,82253,"remote blocks read",648,692,760,60430
674,82254,"local blocks read",36,36,80,3570
674,82255,"remote bytes read",2406361,2653726,2808617,222914788
674,82257,"local bytes read",128956,156496,297307,13147303
674,82258,"fetch wait time",0,0,110,1507
674,82259,"records read",63189,67645,71227,5683826
674,82268,"remote reqs duration",148,375,787,33063
674,82694,"data size",1352728,1512981,1654640,127092160
674,82713,"shuffle bytes written",648687,709184,762973,59573108
674,82714,"shuffle records written",13007,14528,15910,1222040
674,82715,"shuffle write time",3092837,3575394,5491409,300334778
674,82716,"duration",166,268,480,24286
674,82717,"number of output rows",13007,14528,15910,1222040
674,82718,"spill size",0,0,0,0
674,82720,"duration",169,303,562,27018
674,82721,"sort time",1,1,3,119
674,82722,"peak memory",69206016,70354435,71303168,5909774336
674,82723,"spill size",0,0,0,0
674,82728,"sort time",0,0,1,32
674,82729,"peak memory",69206016,69206016,69206016,5813305344
674,82730,"spill size",0,0,0,0
674,82734,"internal.metrics.executorDeserializeTime",2,2,20,453
674,82735,"internal.metrics.executorDeserializeCpuTime",2191270,3980327,8314242,334349184
674,82736,"internal.metrics.executorRunTime",247,390,682,34642
674,82737,"internal.metrics.executorCpuTime",225074904,334365287,489494225,28086685890
674,82738,"internal.metrics.resultSize",11590,11590,11636,974904
674,82739,"internal.metrics.jvmGCTime",26,71,217,2128
674,82743,"internal.metrics.peakExecutionMemory",205783040,206931459,207880192,17382244352
674,82745,"internal.metrics.shuffle.read.remoteBlocksFetched",1188,1288,1430,110631
674,82746,"internal.metrics.shuffle.read.localBlocksFetched",36,60,150,6969
674,82747,"internal.metrics.shuffle.read.remoteBytesRead",2703468,2981634,3174884,250459046
674,82748,"internal.metrics.shuffle.read.remoteBytesReadToDisk",0,0,0,0
674,82749,"internal.metrics.shuffle.read.localBytesRead",129682,178663,330035,15009442
674,82750,"internal.metrics.shuffle.read.fetchWaitTime",0,0,110,1641
674,82751,"internal.metrics.shuffle.read.recordsRead",96780,103358,108904,8683826
674,82752,"internal.metrics.shuffle.push.read.corruptMergedBlockChunks",0,0,0,0
674,82753,"internal.metrics.shuffle.push.read.mergedFetchFallbackCount",0,0,0,0
674,82754,"internal.metrics.shuffle.push.read.remoteMergedBlocksFetched",0,0,0,0
674,82755,"internal.metrics.shuffle.push.read.localMergedBlocksFetched",0,0,0,0
674,82756,"internal.metrics.shuffle.push.read.remoteMergedChunksFetched",0,0,0,0
674,82757,"internal.metrics.shuffle.push.read.localMergedChunksFetched",0,0,0,0
674,82758,"internal.metrics.shuffle.push.read.remoteMergedBytesRead",0,0,0,0
674,82759,"internal.metrics.shuffle.push.read.localMergedBytesRead",0,0,0,0
674,82760,"internal.metrics.shuffle.read.remoteReqsDuration",336,633,982,54786
674,82761,"internal.metrics.shuffle.push.read.remoteMergedReqsDuration",0,0,0,0
674,82762,"internal.metrics.shuffle.write.bytesWritten",648687,709184,762973,59573108
674,82763,"internal.metrics.shuffle.write.recordsWritten",13007,14528,15910,1222040
674,82764,"internal.metrics.shuffle.write.writeTime",3092837,3575394,5491409,300334778
678,66096,"remote blocks read",590,687,1205,148191
678,66097,"local blocks read",40,57,88,12582
678,66098,"remote bytes read",181668,220835,377005,46323265
678,66100,"local bytes read",12831,21269,28335,3934160
678,66101,"fetch wait time",0,0,0,0
678,66102,"records read",6144,6927,11225,1500000
678,66111,"remote reqs duration",377,528,750,59807
678,82696,"remote blocks read",760,861,1440,63467
678,82697,"local blocks read",40,44,96,3732
678,82698,"remote bytes read",702970,781756,1270646,56287549
678,82700,"local bytes read",34899,51318,82192,3285559
678,82701,"fetch wait time",0,0,0,0
678,82702,"records read",14925,16956,27225,1222040
678,82711,"remote reqs duration",260,583,1273,43376
678,82961,"data size",2140296,2428597,3893296,174860296
678,82980,"shuffle bytes written",905954,1004356,1524620,72314969
678,82981,"shuffle records written",14925,16956,27225,1222040
678,82982,"shuffle write time",3234945,3643211,5695542,262312438
678,82983,"duration",130,203,399,15923
678,82984,"number of output rows",14925,16956,27225,1222040
678,82985,"spill size",0,0,0,0
678,82987,"duration",158,248,515,18991
678,82988,"sort time",0,0,0,0
678,82989,"peak memory",67633152,68004504,68157440,4896325632
678,82990,"spill size",0,0,0,0
678,82994,"duration",145,231,439,10905
678,82995,"sort time",0,0,0,0
678,82996,"peak memory",67371008,67374644,67633152,4850974720
678,82997,"spill size",0,0,0,0
678,83001,"internal.metrics.executorDeserializeTime",5,5,25,786
678,83002,"internal.metrics.executorDeserializeCpuTime",2432911,5014690,16734354,361059085
678,83003,"internal.metrics.executorRunTime",251,355,757,26721
678,83004,"internal.metrics.executorCpuTime",207109687,316570118,636593976,22793049612
678,83005,"internal.metrics.resultSize",15230,15230,15276,1097380
678,83006,"internal.metrics.jvmGCTime",22,45,122,776
678,83010,"internal.metrics.peakExecutionMemory",202375168,202935848,203423744,14611382272
678,83012,"internal.metrics.shuffle.read.remoteBlocksFetched",1359,1572,2645,114342
678,83013,"internal.metrics.shuffle.read.localBlocksFetched",0,71,180,6448
678,83014,"internal.metrics.shuffle.read.remoteBytesRead",903181,1002606,1647651,72188898
678,83015,"internal.metrics.shuffle.read.remoteBytesReadToDisk",0,0,0,0
678,83016,"internal.metrics.shuffle.read.localBytesRead",0,57436,106286,4136685
678,83017,"internal.metrics.shuffle.read.fetchWaitTime",0,0,0,0
678,83018,"internal.metrics.shuffle.read.recordsRead",22245,23899,38450,1722040
678,83019,"internal.metrics.shuffle.push.read.corruptMergedBlockChunks",0,0,0,0
678,83020,"internal.metrics.shuffle.push.read.mergedFetchFallbackCount",0,0,0,0
678,83021,"internal.metrics.shuffle.push.read.remoteMergedBlocksFetched",0,0,0,0
678,83022,"internal.metrics.shuffle.push.read.localMergedBlocksFetched",0,0,0,0
678,83023,"internal.metrics.shuffle.push.read.remoteMergedChunksFetched",0,0,0,0
678,83024,"internal.metrics.shuffle.push.read.localMergedChunksFetched",0,0,0,0
678,83025,"internal.metrics.shuffle.push.read.remoteMergedBytesRead",0,0,0,0
678,83026,"internal.metrics.shuffle.push.read.localMergedBytesRead",0,0,0,0
678,83027,"internal.metrics.shuffle.read.remoteReqsDuration",690,1131,1835,82701
678,83028,"internal.metrics.shuffle.push.read.remoteMergedReqsDuration",0,0,0,0
678,83029,"internal.metrics.shuffle.write.bytesWritten",905954,1004356,1524620,72314969
678,83030,"internal.metrics.shuffle.write.recordsWritten",14925,16956,27225,1222040
678,83031,"internal.metrics.shuffle.write.writeTime",3234945,3643211,5695542,262312438
684,66125,"remote blocks read",25,46,132,4166
684,66126,"local blocks read",1,2,25,540
684,66127,"remote bytes read",2699,6908,14230,450084
684,66129,"local bytes read",102,882,2648,58400
684,66130,"fetch wait time",0,0,17,41
684,66131,"records read",33,58,151,5000
684,66140,"remote reqs duration",8,51,138,4387
684,82963,"remote blocks read",334,807,1624,53618
684,82964,"local blocks read",20,31,96,3147
684,82965,"remote bytes read",934194,1051532,1520860,68350699
684,82967,"local bytes read",52528,60973,90586,3964270
684,82968,"fetch wait time",0,0,0,0
684,82969,"records read",12298,18786,29943,1222040
684,82978,"remote reqs duration",59,204,480,14364
684,83200,"data size",2100592,3216514,5222944,209074376
684,83219,"shuffle bytes written",862430,1178277,1772544,76589038
684,83220,"shuffle records written",12298,18786,29943,1222040
684,83221,"shuffle write time",2225822,2864849,4092259,186216219
684,83222,"duration",49,98,187,7398
684,83223,"number of output rows",12298,18786,29943,1222040
684,83224,"spill size",0,0,0,0
684,83226,"duration",50,110,215,8124
684,83227,"sort time",0,0,0,0
684,83228,"peak memory",67633152,67955773,68157440,4417126400
684,83229,"spill size",0,0,0,0
684,83233,"duration",49,101,196,7687
684,83234,"sort time",0,0,0,0
684,83235,"peak memory",67174400,67174400,67174400,4366336000
684,83236,"spill size",0,0,0,0
684,83240,"internal.metrics.executorDeserializeTime",2,2,10,313
684,83241,"internal.metrics.executorDeserializeCpuTime",2783930,3543471,5770330,230326612
684,83242,"internal.metrics.executorRunTime",112,177,322,12560
684,83243,"internal.metrics.executorCpuTime",109248012,179124909,292598560,11643120106
684,83244,"internal.metrics.resultSize",18871,18871,18915,1226744
684,83245,"internal.metrics.jvmGCTime",30,30,30,60
684,83249,"internal.metrics.peakExecutionMemory",202178560,202662503,202964992,13173063680
684,83251,"internal.metrics.shuffle.read.remoteBlocksFetched",362,874,1741,57784
684,83252,"internal.metrics.shuffle.read.localBlocksFetched",23,42,120,3687
684,83253,"internal.metrics.shuffle.read.remoteBytesRead",941507,1058459,1527694,68800783
684,83254,"internal.metrics.shuffle.read.remoteBytesReadToDisk",0,0,0,0
684,83255,"internal.metrics.shuffle.read.localBytesRead",52979,61871,90790,4022670
684,83256,"internal.metrics.shuffle.read.fetchWaitTime",0,0,17,41
684,83257,"internal.metrics.shuffle.read.recordsRead",12441,18860,30014,1227040
684,83258,"internal.metrics.shuffle.push.read.corruptMergedBlockChunks",0,0,0,0
684,83259,"internal.metrics.shuffle.push.read.mergedFetchFallbackCount",0,0,0,0
684,83260,"internal.metrics.shuffle.push.read.remoteMergedBlocksFetched",0,0,0,0
684,83261,"internal.metrics.shuffle.push.read.localMergedBlocksFetched",0,0,0,0
684,83262,"internal.metrics.shuffle.push.read.remoteMergedChunksFetched",0,0,0,0
684,83263,"internal.metrics.shuffle.push.read.localMergedChunksFetched",0,0,0,0
684,83264,"internal.metrics.shuffle.push.read.remoteMergedBytesRead",0,0,0,0
684,83265,"internal.metrics.shuffle.push.read.localMergedBytesRead",0,0,0,0
684,83266,"internal.metrics.shuffle.read.remoteReqsDuration",72,272,545,18751
684,83267,"internal.metrics.shuffle.push.read.remoteMergedReqsDuration",0,0,0,0
684,83268,"internal.metrics.shuffle.write.bytesWritten",862430,1178277,1772544,76589038
684,83269,"internal.metrics.shuffle.write.recordsWritten",12298,18786,29943,1222040
684,83270,"internal.metrics.shuffle.write.writeTime",2225822,2864849,4092259,186216219
691,66154,"remote blocks read",4,4,9,689
691,66156,"remote bytes read",481,667,872,68363
691,66159,"fetch wait time",0,0,109,339
691,66160,"records read",10,10,12,2193
691,66169,"remote reqs duration",0,1,176,734
691,83202,"remote blocks read",260,390,585,28155
691,83203,"local blocks read",30,63,99,3045
691,83204,"remote bytes read",826029,982444,1276739,68772375
691,83206,"local bytes read",99491,186101,246225,7816663
691,83207,"fetch wait time",0,0,0,0
691,83208,"records read",16459,17439,20244,1222040
691,83217,"remote reqs duration",29,117,693,9407
691,83411,"data size",3211064,3405746,3949080,238403336
691,83430,"shuffle bytes written",1278112,1353597,1540193,94752754
691,83431,"shuffle records written",16459,17439,20244,1222040
691,83432,"shuffle write time",3449241,4121945,7219711,288537186
691,83433,"duration",45,116,302,9194
691,83434,"number of output rows",16459,17439,20244,1222040
691,83435,"spill size",0,0,0,0
691,83437,"duration",47,142,304,11240
691,83438,"sort time",0,0,0,0
691,83439,"peak memory",68157440,68157440,68157440,4771020800
691,83440,"spill size",0,0,0,0
691,83444,"duration",44,127,301,9968
691,83445,"sort time",0,0,0,0
691,83446,"peak memory",67174400,67174400,67174400,4702208000
691,83447,"spill size",0,0,0,0
691,83451,"internal.metrics.executorDeserializeTime",2,2,21,598
691,83452,"internal.metrics.executorDeserializeCpuTime",2977691,5354207,16878860,374795944
691,83453,"internal.metrics.executorRunTime",119,253,611,18638
691,83454,"internal.metrics.executorCpuTime",119316119,222580968,367411572,15580668886
691,83455,"internal.metrics.resultSize",22510,22510,22556,1576244
691,83456,"internal.metrics.jvmGCTime",27,75,176,759
691,83460,"internal.metrics.peakExecutionMemory",202964992,202964992,202964992,14207549440
691,83462,"internal.metrics.shuffle.read.remoteBlocksFetched",264,396,594,28635
691,83463,"internal.metrics.shuffle.read.localBlocksFetched",0,28,99,3045
691,83464,"internal.metrics.shuffle.read.remoteBytesRead",826570,983128,1277611,68820182
691,83465,"internal.metrics.shuffle.read.remoteBytesReadToDisk",0,0,0,0
691,83466,"internal.metrics.shuffle.read.localBytesRead",0,111650,246225,7816663
691,83467,"internal.metrics.shuffle.read.fetchWaitTime",0,0,109,339
691,83468,"internal.metrics.shuffle.read.recordsRead",16469,17450,20256,1222771
691,83469,"internal.metrics.shuffle.push.read.corruptMergedBlockChunks",0,0,0,0
691,83470,"internal.metrics.shuffle.push.read.mergedFetchFallbackCount",0,0,0,0
691,83471,"internal.metrics.shuffle.push.read.remoteMergedBlocksFetched",0,0,0,0
691,83472,"internal.metrics.shuffle.push.read.localMergedBlocksFetched",0,0,0,0
691,83473,"internal.metrics.shuffle.push.read.remoteMergedChunksFetched",0,0,0,0
691,83474,"internal.metrics.shuffle.push.read.localMergedChunksFetched",0,0,0,0
691,83475,"internal.metrics.shuffle.push.read.remoteMergedBytesRead",0,0,0,0
691,83476,"internal.metrics.shuffle.push.read.localMergedBytesRead",0,0,0,0
691,83477,"internal.metrics.shuffle.read.remoteReqsDuration",30,129,696,10095
691,83478,"internal.metrics.shuffle.push.read.remoteMergedReqsDuration",0,0,0,0
691,83479,"internal.metrics.shuffle.write.bytesWritten",1278112,1353597,1540193,94752754
691,83480,"internal.metrics.shuffle.write.recordsWritten",16459,17439,20244,1222040
691,83481,"internal.metrics.shuffle.write.writeTime",3449241,4121945,7219711,288537186
699,78878,"remote blocks read",162,162,234,55350
699,78879,"local blocks read",162,171,180,2250
699,78880,"remote bytes read",258358,274536,372391,88653582
699,78882,"local bytes read",262630,275570,288510,3605662
699,78883,"fetch wait time",0,0,0,0
699,78884,"records read",13405,14283,19409,4806200
699,78893,"remote reqs duration",8,8,51,8020
699,83413,"remote blocks read",423,482,871,42743
699,83414,"local blocks read",18,148,230,13257
699,83415,"remote bytes read",716474,863537,1464739,72539029
699,83417,"local bytes read",29624,274223,391201,22213725
699,83418,"fetch wait time",0,0,0,0
699,83419,"records read",13638,14527,19739,1222040
699,83428,"remote reqs duration",57,76,468,8224
699,83594,"data size",2333032,2488957,3375976,209074376
699,83613,"shuffle bytes written",1019453,1074521,1382488,90261559
699,83614,"shuffle records written",13638,14527,19739,1222040
699,83615,"shuffle write time",3233109,3722251,5324411,312670571
699,83616,"duration",88,108,273,10994
699,83617,"number of output rows",13638,14527,19739,1222040
699,83618,"spill size",0,0,0,0
699,83620,"duration",91,129,378,12626
699,83621,"sort time",4,4,15,466
699,83622,"peak memory",67633152,67633152,67633152,5681184768
699,83623,"spill size",0,0,0,0
699,83627,"duration",89,117,314,11478
699,83628,"sort time",3,3,13,309
699,83629,"peak memory",67633152,67633152,67633152,5681184768
699,83630,"spill size",0,0,0,0
699,83631,"number of output rows",11317,12052,16463,1014350
699,83632,"peak memory",67371008,67371008,67371008,5659164672
699,83634,"time in aggregation build",15,15,123,1928
699,83635,"avg hash probes per key",10,10,10,840
699,83640,"internal.metrics.executorDeserializeTime",4,4,30,617
699,83641,"internal.metrics.executorDeserializeCpuTime",4696272,6210670,20866713,521697992
699,83642,"internal.metrics.executorRunTime",165,220,771,20300
699,83643,"internal.metrics.executorCpuTime",165321986,225713767,481651648,18959958247
699,83644,"internal.metrics.resultSize",43380,43380,43425,3644413
699,83645,"internal.metrics.jvmGCTime",29,75,218,695
699,83649,"internal.metrics.peakExecutionMemory",270008320,270011438,270270464,22680961024
699,83651,"internal.metrics.shuffle.read.remoteBlocksFetched",585,653,1105,56801
699,83652,"internal.metrics.shuffle.read.localBlocksFetched",0,146,230,13599
699,83653,"internal.metrics.shuffle.read.remoteBytesRead",976819,1131559,1837130,95052700
699,83654,"internal.metrics.shuffle.read.remoteBytesReadToDisk",0,0,0,0
699,83655,"internal.metrics.shuffle.read.localBytesRead",0,270991,391201,22764865
699,83656,"internal.metrics.shuffle.read.fetchWaitTime",0,0,0,0
699,83657,"internal.metrics.shuffle.read.recordsRead",27043,28829,39148,2423590
699,83658,"internal.metrics.shuffle.push.read.corruptMergedBlockChunks",0,0,0,0
699,83659,"internal.metrics.shuffle.push.read.mergedFetchFallbackCount",0,0,0,0
699,83660,"internal.metrics.shuffle.push.read.remoteMergedBlocksFetched",0,0,0,0
699,83661,"internal.metrics.shuffle.push.read.localMergedBlocksFetched",0,0,0,0
699,83662,"internal.metrics.shuffle.push.read.remoteMergedChunksFetched",0,0,0,0
699,83663,"internal.metrics.shuffle.push.read.localMergedChunksFetched",0,0,0,0
699,83664,"internal.metrics.shuffle.push.read.remoteMergedBytesRead",0,0,0,0
699,83665,"internal.metrics.shuffle.push.read.localMergedBytesRead",0,0,0,0
699,83666,"internal.metrics.shuffle.read.remoteReqsDuration",65,89,481,9405
699,83667,"internal.metrics.shuffle.push.read.remoteMergedReqsDuration",0,0,0,0
699,83668,"internal.metrics.shuffle.write.bytesWritten",1019453,1074521,1382488,90261559
699,83669,"internal.metrics.shuffle.write.recordsWritten",13638,14527,19739,1222040
699,83670,"internal.metrics.shuffle.write.writeTime",3233109,3722251,5324411,312670571
727,81484,"remote blocks read",337,404,515,347488
727,81485,"local blocks read",26,26,131,24948
727,81486,"remote bytes read",48783,64123,74150,50042601
727,81488,"local bytes read",3692,5264,19336,3594932
727,81489,"fetch wait time",0,0,75,935
727,81490,"records read",651,673,806,568606
727,81499,"remote reqs duration",30,30,689,85375
727,83596,"remote blocks read",26,26,84,33604
727,83597,"local blocks read",1,1,58,31748
727,83598,"remote bytes read",26728,57938,138075,45230733
727,83600,"local bytes read",548,55152,103298,42613975
727,83601,"fetch wait time",0,0,161,6980
727,83602,"records read",1064,1359,2135,1189554
727,83611,"remote reqs duration",19,19,2459,61122
727,83755,"data size",173256,249167,347144,194001488
727,83774,"shuffle bytes written",152580,200496,254225,156139570
727,83775,"shuffle records written",1064,1359,2135,1189554
727,83776,"shuffle write time",2183393,2766140,4537810,2152203951
727,83777,"duration",34,34,399,45452
727,83778,"number of output rows",1064,1359,2135,1189554
727,83779,"spill size",0,0,0,0
727,83781,"duration",37,37,685,53465
727,83782,"sort time",0,0,11,301
727,83783,"peak memory",67174400,67174400,67174400,52261683200
727,83784,"spill size",0,0,0,0
727,83785,"duration",35,35,477,47784
727,83786,"sort time",0,0,1,1
727,83787,"peak memory",67174400,67174400,67174400,52261683200
727,83788,"spill size",0,0,0,0
727,83789,"internal.metrics.executorDeserializeTime",5,5,2330,15392
727,83790,"internal.metrics.executorDeserializeCpuTime",5554343,9846485,585557340,7660717095
727,83791,"internal.metrics.executorRunTime",84,88,3800,113932
727,83792,"internal.metrics.executorCpuTime",84771772,110832958,984761788,86228187224
727,83793,"internal.metrics.resultSize",55196,55196,55285,42946637
727,83794,"internal.metrics.jvmGCTime",31,33,176,3347
727,83795,"internal.metrics.resultSerializationTime",3,3,3,12
727,83798,"internal.metrics.peakExecutionMemory",201490432,201490432,201523200,156759588864
727,83800,"internal.metrics.shuffle.read.remoteBlocksFetched",420,438,598,381092
727,83801,"internal.metrics.shuffle.read.localBlocksFetched",0,0,132,56696
727,83802,"internal.metrics.shuffle.read.remoteBytesRead",87925,122266,205643,95273334
727,83803,"internal.metrics.shuffle.read.remoteBytesReadToDisk",0,0,0,0
727,83804,"internal.metrics.shuffle.read.localBytesRead",0,59195,108561,46208907
727,83805,"internal.metrics.shuffle.read.fetchWaitTime",0,0,161,7915
727,83806,"internal.metrics.shuffle.read.recordsRead",1764,2083,2856,1758160
727,83807,"internal.metrics.shuffle.push.read.corruptMergedBlockChunks",0,0,0,0
727,83808,"internal.metrics.shuffle.push.read.mergedFetchFallbackCount",0,0,0,0
727,83809,"internal.metrics.shuffle.push.read.remoteMergedBlocksFetched",0,0,0,0
727,83810,"internal.metrics.shuffle.push.read.localMergedBlocksFetched",0,0,0,0
727,83811,"internal.metrics.shuffle.push.read.remoteMergedChunksFetched",0,0,0,0
727,83812,"internal.metrics.shuffle.push.read.localMergedChunksFetched",0,0,0,0
727,83813,"internal.metrics.shuffle.push.read.remoteMergedBytesRead",0,0,0,0
727,83814,"internal.metrics.shuffle.push.read.localMergedBytesRead",0,0,0,0
727,83815,"internal.metrics.shuffle.read.remoteReqsDuration",49,50,3116,146497
727,83816,"internal.metrics.shuffle.push.read.remoteMergedReqsDuration",0,0,0,0
727,83817,"internal.metrics.shuffle.write.bytesWritten",152580,200496,254225,156139570
727,83818,"internal.metrics.shuffle.write.recordsWritten",1064,1359,2135,1189554
727,83819,"internal.metrics.shuffle.write.writeTime",2183393,2766140,4537810,2152203951
763,81806,"remote blocks read",655,670,693,926400
763,81807,"local blocks read",0,0,0,159484
763,81808,"remote bytes read",101488,104757,108086,143803800
763,81810,"local bytes read",0,0,0,24764674
763,81811,"fetch wait time",0,0,0,92350
763,81812,"records read",1451,1524,1582,2444080
763,81821,"remote reqs duration",158,196,272,529006
763,83757,"remote blocks read",655,670,693,340499
763,83758,"local blocks read",0,0,0,202443
763,83759,"remote bytes read",191423,199751,205957,100565655
763,83761,"local bytes read",0,0,0,59881145
763,83762,"fetch wait time",0,0,0,66287
763,83763,"records read",1451,1524,1582,1222040
763,83772,"remote reqs duration",1068,4334,13020,284919
763,83876,"data size",225024,236774,244848,189521736
763,83895,"shuffle bytes written",105737,109419,114450,87034419
763,83896,"shuffle records written",1451,1524,1582,1222040
763,83897,"shuffle write time",1918488,2213800,2814518,1218091258
763,83898,"duration",583,589,607,172146
763,83899,"number of output rows",1451,1524,1582,1222040
763,83900,"spill size",0,0,0,0
763,83902,"duration",936,949,967,187852
763,83903,"sort time",3,14,23,295
763,83904,"peak memory",67174400,67174400,67174400,53739520000
763,83905,"spill size",0,0,0,0
763,83906,"duration",634,647,669,175223
763,83907,"sort time",0,0,3,84
763,83908,"peak memory",67174400,67174400,67174400,53739520000
763,83909,"spill size",0,0,0,0
763,83910,"number of output rows",1356,1404,1462,1124971
763,83911,"peak memory",262144,5854548,67371008,4773117952
763,83913,"time in aggregation build",160,176,220,49902
763,83914,"avg hash probes per key",10,10,10,680
763,83916,"number of output rows",1356,1404,1462,1124971
763,83917,"peak memory",262144,5854548,67371008,4773117952
763,83919,"time in aggregation build",101,115,156,47282
763,83920,"avg hash probes per key",10,10,10,680
763,83922,"internal.metrics.executorDeserializeTime",1436,2096,2465,43840
763,83923,"internal.metrics.executorDeserializeCpuTime",381408340,454733907,610575745,15422342058
763,83924,"internal.metrics.executorRunTime",2483,3526,4140,262249
763,83925,"internal.metrics.executorCpuTime",783270395,957887208,1098313502,133001642936
763,83926,"internal.metrics.resultSize",71356,71356,71357,57019841
763,83927,"internal.metrics.jvmGCTime",109,111,122,7390
763,83928,"internal.metrics.resultSerializationTime",3,3,3,48
763,83931,"internal.metrics.peakExecutionMemory",202014720,213199529,336232448,170738581504
763,83933,"internal.metrics.shuffle.read.remoteBlocksFetched",1310,1343,1386,866245
763,83934,"internal.metrics.shuffle.read.localBlocksFetched",0,0,0,219639
763,83935,"internal.metrics.shuffle.read.remoteBytesRead",292911,304511,314043,182178457
763,83936,"internal.metrics.shuffle.read.remoteBytesReadToDisk",0,0,0,0
763,83937,"internal.metrics.shuffle.read.localBytesRead",0,0,0,62552580
763,83938,"internal.metrics.shuffle.read.fetchWaitTime",0,0,0,74734
763,83939,"internal.metrics.shuffle.read.recordsRead",2902,3051,3164,2444080
763,83940,"internal.metrics.shuffle.push.read.corruptMergedBlockChunks",0,0,0,0
763,83941,"internal.metrics.shuffle.push.read.mergedFetchFallbackCount",0,0,0,0
763,83942,"internal.metrics.shuffle.push.read.remoteMergedBlocksFetched",0,0,0,0
763,83943,"internal.metrics.shuffle.push.read.localMergedBlocksFetched",0,0,0,0
763,83944,"internal.metrics.shuffle.push.read.remoteMergedChunksFetched",0,0,0,0
763,83945,"internal.metrics.shuffle.push.read.localMergedChunksFetched",0,0,0,0
763,83946,"internal.metrics.shuffle.push.read.remoteMergedBytesRead",0,0,0,0
763,83947,"internal.metrics.shuffle.push.read.localMergedBytesRead",0,0,0,0
763,83948,"internal.metrics.shuffle.read.remoteReqsDuration",1297,4532,13244,550074
763,83949,"internal.metrics.shuffle.push.read.remoteMergedReqsDuration",0,0,0,0
763,83950,"internal.metrics.shuffle.write.bytesWritten",105737,109419,114450,87034419
763,83951,"internal.metrics.shuffle.write.recordsWritten",1451,1524,1582,1222040
763,83952,"internal.metrics.shuffle.write.writeTime",1918488,2213800,2814518,1218091258
803,82395,"remote blocks read",8,371,800,265496
803,82396,"local blocks read",1,1,283,12086
803,82397,"remote bytes read",1040,84742,213395,43452271
803,82399,"local bytes read",130,4245,55729,1978748
803,82400,"fetch wait time",0,0,200,3539
803,82401,"records read",8,2261,19598,1222040
803,82410,"remote reqs duration",5,109,955,132748
803,83878,"remote blocks read",5,258,796,184306
803,83879,"local blocks read",1,32,430,93276
803,83880,"remote bytes read",881,112875,735620,57855718
803,83882,"local bytes read",176,58703,395726,29178701
803,83883,"fetch wait time",0,0,291,22543
803,83884,"records read",8,2261,19598,1222040
803,83893,"remote reqs duration",3,70,1387,121590
803,83963,"data size",16,16,16,12800
803,83982,"shuffle bytes written",72,72,75,59135
803,83983,"shuffle records written",1,1,1,800
803,83984,"shuffle write time",213056,1472347,28491969,1178031076
803,83985,"duration",2,7,596,89900
803,83986,"number of output rows",1,1,1,800
803,83989,"time in aggregation build",1,7,582,89411
803,83992,"number of output rows",7,43,613,70364
803,83993,"peak memory",262144,262144,262144,209715200
803,83995,"time in aggregation build",1,5,533,86276
803,83998,"number of output rows",7,43,613,70364
803,83999,"peak memory",262144,262144,262144,209715200
803,84001,"time in aggregation build",0,4,526,84160
803,84004,"number of output rows",8,2261,19598,1222040
803,84005,"spill size",0,0,0,0
803,84007,"duration",4,15,1103,111785
803,84008,"sort time",0,0,25,526
803,84009,"peak memory",65536,43039911,67633152,34432090112
803,84010,"spill size",0,0,0,0
803,84011,"duration",9,63,775,88558
803,84012,"sort time",0,0,0,0
803,84013,"peak memory",67174400,67174400,67174400,34393292800
803,84014,"spill size",0,0,0,0
803,84015,"number of output rows",1,1,6,800
803,84016,"peak memory",262144,262144,262144,134217728
803,84018,"time in aggregation build",1,2,257,30713
803,84021,"number of output rows",1,1,6,800
803,84022,"peak memory",262144,262144,262144,134217728
803,84024,"time in aggregation build",0,1,247,28075
803,84027,"sort time",0,0,22,464
803,84028,"peak memory",67174400,67213186,67633152,34413215744
803,84029,"spill size",0,0,0,0
803,84030,"internal.metrics.executorDeserializeTime",9,29,4873,34702
803,84031,"internal.metrics.executorDeserializeCpuTime",9742453,17955279,603116162,14364386585
803,84032,"internal.metrics.executorRunTime",5,24,1835,126085
803,84033,"internal.metrics.executorCpuTime",5880163,93437890,933571013,74750474618
803,84034,"internal.metrics.resultSize",80935,80935,81023,64750961
803,84035,"internal.metrics.jvmGCTime",28,94,163,3564
803,84036,"internal.metrics.resultSerializationTime",1,1,4,8
803,84039,"internal.metrics.peakExecutionMemory",589824,129907883,203489280,103926464512
803,84041,"internal.metrics.shuffle.read.remoteBlocksFetched",0,369,1596,449802
803,84042,"internal.metrics.shuffle.read.localBlocksFetched",0,0,468,105362
803,84043,"internal.metrics.shuffle.read.remoteBytesRead",0,126451,911016,101307989
803,84044,"internal.metrics.shuffle.read.remoteBytesReadToDisk",0,0,0,0
803,84045,"internal.metrics.shuffle.read.localBytesRead",0,38766,406178,31157449
803,84046,"internal.metrics.shuffle.read.fetchWaitTime",0,0,291,26082
803,84047,"internal.metrics.shuffle.read.recordsRead",0,2872,39196,2444080
803,84048,"internal.metrics.shuffle.push.read.corruptMergedBlockChunks",0,0,0,0
803,84049,"internal.metrics.shuffle.push.read.mergedFetchFallbackCount",0,0,0,0
803,84050,"internal.metrics.shuffle.push.read.remoteMergedBlocksFetched",0,0,0,0
803,84051,"internal.metrics.shuffle.push.read.localMergedBlocksFetched",0,0,0,0
803,84052,"internal.metrics.shuffle.push.read.remoteMergedChunksFetched",0,0,0,0
803,84053,"internal.metrics.shuffle.push.read.localMergedChunksFetched",0,0,0,0
803,84054,"internal.metrics.shuffle.push.read.remoteMergedBytesRead",0,0,0,0
803,84055,"internal.metrics.shuffle.push.read.localMergedBytesRead",0,0,0,0
803,84056,"internal.metrics.shuffle.read.remoteReqsDuration",0,142,2111,254338
803,84057,"internal.metrics.shuffle.push.read.remoteMergedReqsDuration",0,0,0,0
803,84058,"internal.metrics.shuffle.write.bytesWritten",72,72,75,59135
803,84059,"internal.metrics.shuffle.write.recordsWritten",1,1,1,800
803,84060,"internal.metrics.shuffle.write.writeTime",213056,1472347,28491969,1178031076
844,83965,"remote blocks read",484,484,484,484
844,83966,"local blocks read",316,316,316,316
844,83967,"remote bytes read",35436,35436,35436,35436
844,83969,"local bytes read",23699,23699,23699,23699
844,83970,"fetch wait time",0,0,0,0
844,83971,"records read",800,800,800,800
844,83980,"remote reqs duration",82,82,82,82
844,84065,"duration",99,99,99,99
844,84066,"number of output rows",1,1,1,1
844,84069,"time in aggregation build",98,98,98,98
844,84072,"internal.metrics.executorDeserializeTime",12,12,12,12
844,84073,"internal.metrics.executorDeserializeCpuTime",7947488,7947488,7947488,7947488
844,84074,"internal.metrics.executorRunTime",127,127,127,127
844,84075,"internal.metrics.executorCpuTime",60737553,60737553,60737553,60737553
844,84076,"internal.metrics.resultSize",4038,4038,4038,4038
844,84077,"internal.metrics.jvmGCTime",52,52,52,52
844,84083,"internal.metrics.shuffle.read.remoteBlocksFetched",484,484,484,484
844,84084,"internal.metrics.shuffle.read.localBlocksFetched",316,316,316,316
844,84085,"internal.metrics.shuffle.read.remoteBytesRead",35436,35436,35436,35436
844,84086,"internal.metrics.shuffle.read.remoteBytesReadToDisk",0,0,0,0
844,84087,"internal.metrics.shuffle.read.localBytesRead",23699,23699,23699,23699
844,84088,"internal.metrics.shuffle.read.fetchWaitTime",0,0,0,0
844,84089,"internal.metrics.shuffle.read.recordsRead",800,800,800,800
844,84090,"internal.metrics.shuffle.push.read.corruptMergedBlockChunks",0,0,0,0
844,84091,"internal.metrics.shuffle.push.read.mergedFetchFallbackCount",0,0,0,0
844,84092,"internal.metrics.shuffle.push.read.remoteMergedBlocksFetched",0,0,0,0
844,84093,"internal.metrics.shuffle.push.read.localMergedBlocksFetched",0,0,0,0
844,84094,"internal.metrics.shuffle.push.read.remoteMergedChunksFetched",0,0,0,0
844,84095,"internal.metrics.shuffle.push.read.localMergedChunksFetched",0,0,0,0
844,84096,"internal.metrics.shuffle.push.read.remoteMergedBytesRead",0,0,0,0
844,84097,"internal.metrics.shuffle.push.read.localMergedBytesRead",0,0,0,0
844,84098,"internal.metrics.shuffle.read.remoteReqsDuration",82,82,82,82
844,84099,"internal.metrics.shuffle.push.read.remoteMergedReqsDuration",0,0,0,0
