sqlID,sql_plan_version,nodeId,format,buffer_time,scan_time,data_size,decode_time,location,pushedFilters,schema,data_filters,partition_filters,from_final_plan
1,0,45,"Parquet",0,0,0,0,"InMemoryFileIndex(1 paths)[s3a://goes-se-sandbox/data/warehouse/tablespace/external/hive/demo_pauldefusco.db/accounts_skewed]","IsNotNull(account_id)","account_id:bigint","isnotnull(account_id#51L)","",false
1,0,91,"Parquet",0,0,0,0,"InMemoryFileIndex(1 paths)[s3a://goes-se-sandbox/data/warehouse/tablespace/external/hive/demo_pauldefusco.db/accounts_skewed]","IsNotNull(account_id)","account_id:bigint","isnotnull(account_id#776L)","",false
1,0,137,"Parquet",0,0,0,0,"InMemoryFileIndex(1 paths)[s3a://goes-se-sandbox/data/warehouse/tablespace/external/hive/demo_pauldefusco.db/accounts_skewed]","IsNotNull(account_id)","account_id:bigint","isnotnull(account_id#875L)","",false
1,0,99,"Parquet",0,0,0,0,"InMemoryFileIndex(1 paths)[s3a://goes-se-sandbox/data/warehouse/tablespace/external/hive/demo_pauldefusco.db/branches_skewed]","IsNotNull(branch_id)","branch_id:bigint","isnotnull(branch_id#795L)","",false
1,0,145,"Parquet",0,0,0,0,"InMemoryFileIndex(1 paths)[s3a://goes-se-sandbox/data/warehouse/tablespace/external/hive/demo_pauldefusco.db/branches_skewed]","IsNotNull(branch_id)","branch_id:bigint","isnotnull(branch_id#894L)","",false
1,0,53,"Parquet",0,0,0,0,"InMemoryFileIndex(1 paths)[s3a://goes-se-sandbox/data/warehouse/tablespace/external/hive/demo_pauldefusco.db/branches_skewed]","IsNotNull(branch_id)","branch_id:bigint,state:string,region:string","isnotnull(branch_id#90L)","",false
1,0,103,"Parquet",0,0,0,0,"InMemoryFileIndex(1 paths)[s3a://goes-se-sandbox/data/warehouse/tablespace/external/hive/demo_pauldefusco.db/calendar]","IsNotNull(calendar_date)","calendar_date:date","isnotnull(calendar_date#806)","",false
1,0,149,"Parquet",0,0,0,0,"InMemoryFileIndex(1 paths)[s3a://goes-se-sandbox/data/warehouse/tablespace/external/hive/demo_pauldefusco.db/calendar]","IsNotNull(calendar_date)","calendar_date:date","isnotnull(calendar_date#905)","",false
1,0,57,"Parquet",0,0,0,0,"InMemoryFileIndex(1 paths)[s3a://goes-se-sandbox/data/warehouse/tablespace/external/hive/demo_pauldefusco.db/calendar]","IsNotNull(calendar_date)","calendar_date:date,year:int,quarter:int,month:int","isnotnull(calendar_date#112)","",false
1,0,133,"Parquet",0,0,0,0,"InMemoryFileIndex(1 paths)[s3a://goes-se-sandbox/data/warehouse/tablespace/external/hive/demo_pauldefusco.db/customers_skewed]","IsNotNull(customer_id)","customer_id:bigint","isnotnull(customer_id#864L)","",false
1,0,41,"Parquet",0,0,0,0,"InMemoryFileIndex(1 paths)[s3a://goes-se-sandbox/data/warehouse/tablespace/external/hive/demo_pauldefusco.db/customers_skewed]","IsNotNull(customer_id), IsNotNull(customer_segment), IsNotNull(risk_rating)","customer_id:bigint,customer_segment:string,risk_rating:string","isnotnull(customer_id#30L), isnotnull(customer_segment#37), isnotnull(risk_rating#39)","",false
1,0,87,"Parquet",0,0,0,0,"InMemoryFileIndex(1 paths)[s3a://goes-se-sandbox/data/warehouse/tablespace/external/hive/demo_pauldefusco.db/customers_skewed]","IsNotNull(customer_id), IsNotNull(customer_segment), IsNotNull(risk_rating)","customer_id:bigint,customer_segment:string,risk_rating:string","isnotnull(customer_id#765L), isnotnull(customer_segment#772), isnotnull(risk_rating#774)","",false
1,0,95,"Parquet",0,0,0,0,"InMemoryFileIndex(1 paths)[s3a://goes-se-sandbox/data/warehouse/tablespace/external/hive/demo_pauldefusco.db/merchants_skewed]","IsNotNull(merchant_id)","merchant_id:bigint","isnotnull(merchant_id#785L)","",false
1,0,49,"Parquet",0,0,0,0,"InMemoryFileIndex(1 paths)[s3a://goes-se-sandbox/data/warehouse/tablespace/external/hive/demo_pauldefusco.db/merchants_skewed]","IsNotNull(merchant_id), IsNotNull(merchant_category), IsNotNull(region)","merchant_id:bigint,region:string,merchant_category:string","isnotnull(merchant_id#70L), isnotnull(merchant_category#73), isnotnull(region#72)","",false
1,0,141,"Parquet",0,0,0,0,"InMemoryFileIndex(1 paths)[s3a://goes-se-sandbox/data/warehouse/tablespace/external/hive/demo_pauldefusco.db/merchants_skewed]","IsNotNull(merchant_id), IsNotNull(merchant_category), IsNotNull(region)","merchant_id:bigint,region:string,merchant_category:string","isnotnull(merchant_id#884L), isnotnull(merchant_category#887), isnotnull(region#886)","",false
1,0,37,"Parquet",0,0,0,0,"InMemoryFileIndex(1 paths)[s3a://goes-se-sandbox/data/warehouse/tablespace/external/hive/demo_pauldefusco.db/trs_v25]","IsNotNull(customer_id), IsNotNull(account_id), IsNotNull(merchant_id), IsNotNull(branch_id), IsNotNull(transaction_date)","customer_id:bigint,account_id:bigint,merchant_id:bigint,branch_id:bigint,transaction_date:date,transaction_amount:double","isnotnull(customer_id#1L), isnotnull(account_id#2L), isnotnull(merchant_id#3L), isnotnull(branch_id#4L), isnotnull(transaction_date#5)","",false
1,0,129,"Parquet",0,0,0,0,"InMemoryFileIndex(1 paths)[s3a://goes-se-sandbox/data/warehouse/tablespace/external/hive/demo_pauldefusco.db/trs_v25]","IsNotNull(customer_id), IsNotNull(account_id), IsNotNull(merchant_id), IsNotNull(branch_id), IsNotNull(transaction_date)","customer_id:bigint,account_id:bigint,merchant_id:bigint,branch_id:bigint,transaction_date:date,transaction_amount:double","isnotnull(customer_id#850L), isnotnull(account_id#851L), isnotnull(merchant_id#852L), isnotnull(branch_id#853L), isnotnull(transaction_date#854)","",false
1,0,83,"Parquet",0,0,0,0,"InMemoryFileIndex(1 paths)[s3a://goes-se-sandbox/data/warehouse/tablespace/external/hive/demo_pauldefusco.db/trs_v25]","IsNotNull(customer_id), IsNotNull(account_id), IsNotNull(merchant_id), IsNotNull(branch_id), IsNotNull(transaction_date)","customer_id:bigint,account_id:bigint,merchant_id:bigint,branch_id:bigint,transaction_date:date,transaction_amount:double,fraud_flag:int","isnotnull(customer_id#751L), isnotnull(account_id#752L), isnotnull(merchant_id#753L), isnotnull(branch_id#754L), isnotnull(transaction_date#755)","",false
1,1,51,"Parquet",0,0,0,0,"InMemoryFileIndex(1 paths)[s3a://goes-se-sandbox/data/warehouse/tablespace/external/hive/demo_pauldefusco.db/accounts_skewed]","IsNotNull(account_id)","account_id:bigint","isnotnull(account_id#51L)","",false
1,1,111,"Parquet",0,0,0,0,"InMemoryFileIndex(1 paths)[s3a://goes-se-sandbox/data/warehouse/tablespace/external/hive/demo_pauldefusco.db/branches_skewed]","IsNotNull(branch_id)","branch_id:bigint","isnotnull(branch_id#795L)","",false
1,1,63,"Parquet",0,0,0,0,"InMemoryFileIndex(1 paths)[s3a://goes-se-sandbox/data/warehouse/tablespace/external/hive/demo_pauldefusco.db/branches_skewed]","IsNotNull(branch_id)","branch_id:bigint,state:string,region:string","isnotnull(branch_id#90L)","",false
1,1,117,"Parquet",0,0,0,0,"InMemoryFileIndex(1 paths)[s3a://goes-se-sandbox/data/warehouse/tablespace/external/hive/demo_pauldefusco.db/calendar]","IsNotNull(calendar_date)","calendar_date:date","isnotnull(calendar_date#806)","",false
1,1,69,"Parquet",0,0,0,0,"InMemoryFileIndex(1 paths)[s3a://goes-se-sandbox/data/warehouse/tablespace/external/hive/demo_pauldefusco.db/calendar]","IsNotNull(calendar_date)","calendar_date:date,year:int,quarter:int,month:int","isnotnull(calendar_date#112)","",false
1,1,45,"Parquet",0,0,0,0,"InMemoryFileIndex(1 paths)[s3a://goes-se-sandbox/data/warehouse/tablespace/external/hive/demo_pauldefusco.db/customers_skewed]","IsNotNull(customer_id), IsNotNull(customer_segment), IsNotNull(risk_rating)","customer_id:bigint,customer_segment:string,risk_rating:string","isnotnull(customer_id#30L), isnotnull(customer_segment#37), isnotnull(risk_rating#39)","",false
1,1,146,"Parquet",0,0,0,0,"InMemoryFileIndex(1 paths)[s3a://goes-se-sandbox/data/warehouse/tablespace/external/hive/demo_pauldefusco.db/customers_skewed]","IsNotNull(customer_id), IsNotNull(customer_segment), IsNotNull(risk_rating)","customer_id:bigint,customer_segment:string,risk_rating:string","isnotnull(customer_id#30L), isnotnull(customer_segment#37), isnotnull(risk_rating#39)","",false
1,1,105,"Parquet",0,0,0,0,"InMemoryFileIndex(1 paths)[s3a://goes-se-sandbox/data/warehouse/tablespace/external/hive/demo_pauldefusco.db/merchants_skewed]","IsNotNull(merchant_id)","merchant_id:bigint","isnotnull(merchant_id#785L)","",false
1,1,57,"Parquet",0,0,0,0,"InMemoryFileIndex(1 paths)[s3a://goes-se-sandbox/data/warehouse/tablespace/external/hive/demo_pauldefusco.db/merchants_skewed]","IsNotNull(merchant_id), IsNotNull(merchant_category), IsNotNull(region)","merchant_id:bigint,region:string,merchant_category:string","isnotnull(merchant_id#70L), isnotnull(merchant_category#73), isnotnull(region#72)","",false
1,1,39,"Parquet",0,0,0,0,"InMemoryFileIndex(1 paths)[s3a://goes-se-sandbox/data/warehouse/tablespace/external/hive/demo_pauldefusco.db/trs_v25]","IsNotNull(customer_id), IsNotNull(account_id), IsNotNull(merchant_id), IsNotNull(branch_id), IsNotNull(transaction_date)","customer_id:bigint,account_id:bigint,merchant_id:bigint,branch_id:bigint,transaction_date:date,transaction_amount:double","isnotnull(customer_id#1L), isnotnull(account_id#2L), isnotnull(merchant_id#3L), isnotnull(branch_id#4L), isnotnull(transaction_date#5)","",false
1,1,97,"Parquet",0,0,0,0,"InMemoryFileIndex(1 paths)[s3a://goes-se-sandbox/data/warehouse/tablespace/external/hive/demo_pauldefusco.db/trs_v25]","IsNotNull(customer_id), IsNotNull(account_id), IsNotNull(merchant_id), IsNotNull(branch_id), IsNotNull(transaction_date)","customer_id:bigint,account_id:bigint,merchant_id:bigint,branch_id:bigint,transaction_date:date,transaction_amount:double,fraud_flag:int","isnotnull(customer_id#751L), isnotnull(account_id#752L), isnotnull(merchant_id#753L), isnotnull(branch_id#754L), isnotnull(transaction_date#755)","",false
1,2,54,"Parquet",0,0,0,0,"InMemoryFileIndex(1 paths)[s3a://goes-se-sandbox/data/warehouse/tablespace/external/hive/demo_pauldefusco.db/accounts_skewed]","IsNotNull(account_id)","account_id:bigint","isnotnull(account_id#51L)","",false
1,2,114,"Parquet",0,0,0,0,"InMemoryFileIndex(1 paths)[s3a://goes-se-sandbox/data/warehouse/tablespace/external/hive/demo_pauldefusco.db/branches_skewed]","IsNotNull(branch_id)","branch_id:bigint","isnotnull(branch_id#795L)","",false
1,2,66,"Parquet",0,0,0,0,"InMemoryFileIndex(1 paths)[s3a://goes-se-sandbox/data/warehouse/tablespace/external/hive/demo_pauldefusco.db/branches_skewed]","IsNotNull(branch_id)","branch_id:bigint,state:string,region:string","isnotnull(branch_id#90L)","",false
1,2,120,"Parquet",0,0,0,0,"InMemoryFileIndex(1 paths)[s3a://goes-se-sandbox/data/warehouse/tablespace/external/hive/demo_pauldefusco.db/calendar]","IsNotNull(calendar_date)","calendar_date:date","isnotnull(calendar_date#806)","",false
1,2,72,"Parquet",0,0,0,0,"InMemoryFileIndex(1 paths)[s3a://goes-se-sandbox/data/warehouse/tablespace/external/hive/demo_pauldefusco.db/calendar]","IsNotNull(calendar_date)","calendar_date:date,year:int,quarter:int,month:int","isnotnull(calendar_date#112)","",false
1,2,48,"Parquet",0,0,0,0,"InMemoryFileIndex(1 paths)[s3a://goes-se-sandbox/data/warehouse/tablespace/external/hive/demo_pauldefusco.db/customers_skewed]","IsNotNull(customer_id), IsNotNull(customer_segment), IsNotNull(risk_rating)","customer_id:bigint,customer_segment:string,risk_rating:string","isnotnull(customer_id#30L), isnotnull(customer_segment#37), isnotnull(risk_rating#39)","",false
1,2,149,"Parquet",0,0,0,0,"InMemoryFileIndex(1 paths)[s3a://goes-se-sandbox/data/warehouse/tablespace/external/hive/demo_pauldefusco.db/customers_skewed]","IsNotNull(customer_id), IsNotNull(customer_segment), IsNotNull(risk_rating)","customer_id:bigint,customer_segment:string,risk_rating:string","isnotnull(customer_id#30L), isnotnull(customer_segment#37), isnotnull(risk_rating#39)","",false
1,2,108,"Parquet",0,0,0,0,"InMemoryFileIndex(1 paths)[s3a://goes-se-sandbox/data/warehouse/tablespace/external/hive/demo_pauldefusco.db/merchants_skewed]","IsNotNull(merchant_id)","merchant_id:bigint","isnotnull(merchant_id#785L)","",false
1,2,60,"Parquet",0,0,0,0,"InMemoryFileIndex(1 paths)[s3a://goes-se-sandbox/data/warehouse/tablespace/external/hive/demo_pauldefusco.db/merchants_skewed]","IsNotNull(merchant_id), IsNotNull(merchant_category), IsNotNull(region)","merchant_id:bigint,region:string,merchant_category:string","isnotnull(merchant_id#70L), isnotnull(merchant_category#73), isnotnull(region#72)","",false
1,2,41,"Parquet",0,0,0,0,"InMemoryFileIndex(1 paths)[s3a://goes-se-sandbox/data/warehouse/tablespace/external/hive/demo_pauldefusco.db/trs_v25]","IsNotNull(customer_id), IsNotNull(account_id), IsNotNull(merchant_id), IsNotNull(branch_id), IsNotNull(transaction_date)","customer_id:bigint,account_id:bigint,merchant_id:bigint,branch_id:bigint,transaction_date:date,transaction_amount:double","isnotnull(customer_id#1L), isnotnull(account_id#2L), isnotnull(merchant_id#3L), isnotnull(branch_id#4L), isnotnull(transaction_date#5)","",false
1,2,100,"Parquet",0,0,0,0,"InMemoryFileIndex(1 paths)[s3a://goes-se-sandbox/data/warehouse/tablespace/external/hive/demo_pauldefusco.db/trs_v25]","IsNotNull(customer_id), IsNotNull(account_id), IsNotNull(merchant_id), IsNotNull(branch_id), IsNotNull(transaction_date)","customer_id:bigint,account_id:bigint,merchant_id:bigint,branch_id:bigint,transaction_date:date,transaction_amount:double,fraud_flag:int","isnotnull(customer_id#751L), isnotnull(account_id#752L), isnotnull(merchant_id#753L), isnotnull(branch_id#754L), isnotnull(transaction_date#755)","",false
1,3,54,"Parquet",0,0,0,0,"InMemoryFileIndex(1 paths)[s3a://goes-se-sandbox/data/warehouse/tablespace/external/hive/demo_pauldefusco.db/accounts_skewed]","IsNotNull(account_id)","account_id:bigint","isnotnull(account_id#51L)","",false
1,3,114,"Parquet",0,0,0,0,"InMemoryFileIndex(1 paths)[s3a://goes-se-sandbox/data/warehouse/tablespace/external/hive/demo_pauldefusco.db/branches_skewed]","IsNotNull(branch_id)","branch_id:bigint","isnotnull(branch_id#795L)","",false
1,3,66,"Parquet",0,0,0,0,"InMemoryFileIndex(1 paths)[s3a://goes-se-sandbox/data/warehouse/tablespace/external/hive/demo_pauldefusco.db/branches_skewed]","IsNotNull(branch_id)","branch_id:bigint,state:string,region:string","isnotnull(branch_id#90L)","",false
1,3,120,"Parquet",0,0,0,0,"InMemoryFileIndex(1 paths)[s3a://goes-se-sandbox/data/warehouse/tablespace/external/hive/demo_pauldefusco.db/calendar]","IsNotNull(calendar_date)","calendar_date:date","isnotnull(calendar_date#806)","",false
1,3,72,"Parquet",0,0,0,0,"InMemoryFileIndex(1 paths)[s3a://goes-se-sandbox/data/warehouse/tablespace/external/hive/demo_pauldefusco.db/calendar]","IsNotNull(calendar_date)","calendar_date:date,year:int,quarter:int,month:int","isnotnull(calendar_date#112)","",false
1,3,48,"Parquet",0,0,0,0,"InMemoryFileIndex(1 paths)[s3a://goes-se-sandbox/data/warehouse/tablespace/external/hive/demo_pauldefusco.db/customers_skewed]","IsNotNull(customer_id), IsNotNull(customer_segment), IsNotNull(risk_rating)","customer_id:bigint,customer_segment:string,risk_rating:string","isnotnull(customer_id#30L), isnotnull(customer_segment#37), isnotnull(risk_rating#39)","",false
1,3,152,"Parquet",0,0,0,0,"InMemoryFileIndex(1 paths)[s3a://goes-se-sandbox/data/warehouse/tablespace/external/hive/demo_pauldefusco.db/customers_skewed]","IsNotNull(customer_id), IsNotNull(customer_segment), IsNotNull(risk_rating)","customer_id:bigint,customer_segment:string,risk_rating:string","isnotnull(customer_id#30L), isnotnull(customer_segment#37), isnotnull(risk_rating#39)","",false
1,3,108,"Parquet",0,0,0,0,"InMemoryFileIndex(1 paths)[s3a://goes-se-sandbox/data/warehouse/tablespace/external/hive/demo_pauldefusco.db/merchants_skewed]","IsNotNull(merchant_id)","merchant_id:bigint","isnotnull(merchant_id#785L)","",false
1,3,60,"Parquet",0,0,0,0,"InMemoryFileIndex(1 paths)[s3a://goes-se-sandbox/data/warehouse/tablespace/external/hive/demo_pauldefusco.db/merchants_skewed]","IsNotNull(merchant_id), IsNotNull(merchant_category), IsNotNull(region)","merchant_id:bigint,region:string,merchant_category:string","isnotnull(merchant_id#70L), isnotnull(merchant_category#73), isnotnull(region#72)","",false
1,3,41,"Parquet",0,0,0,0,"InMemoryFileIndex(1 paths)[s3a://goes-se-sandbox/data/warehouse/tablespace/external/hive/demo_pauldefusco.db/trs_v25]","IsNotNull(customer_id), IsNotNull(account_id), IsNotNull(merchant_id), IsNotNull(branch_id), IsNotNull(transaction_date)","customer_id:bigint,account_id:bigint,merchant_id:bigint,branch_id:bigint,transaction_date:date,transaction_amount:double","isnotnull(customer_id#1L), isnotnull(account_id#2L), isnotnull(merchant_id#3L), isnotnull(branch_id#4L), isnotnull(transaction_date#5)","",false
1,3,100,"Parquet",0,0,0,0,"InMemoryFileIndex(1 paths)[s3a://goes-se-sandbox/data/warehouse/tablespace/external/hive/demo_pauldefusco.db/trs_v25]","IsNotNull(customer_id), IsNotNull(account_id), IsNotNull(merchant_id), IsNotNull(branch_id), IsNotNull(transaction_date)","customer_id:bigint,account_id:bigint,merchant_id:bigint,branch_id:bigint,transaction_date:date,transaction_amount:double,fraud_flag:int","isnotnull(customer_id#751L), isnotnull(account_id#752L), isnotnull(merchant_id#753L), isnotnull(branch_id#754L), isnotnull(transaction_date#755)","",false
1,4,54,"Parquet",0,0,0,0,"InMemoryFileIndex(1 paths)[s3a://goes-se-sandbox/data/warehouse/tablespace/external/hive/demo_pauldefusco.db/accounts_skewed]","IsNotNull(account_id)","account_id:bigint","isnotnull(account_id#51L)","",false
1,4,117,"Parquet",0,0,0,0,"InMemoryFileIndex(1 paths)[s3a://goes-se-sandbox/data/warehouse/tablespace/external/hive/demo_pauldefusco.db/branches_skewed]","IsNotNull(branch_id)","branch_id:bigint","isnotnull(branch_id#795L)","",false
1,4,66,"Parquet",0,0,0,0,"InMemoryFileIndex(1 paths)[s3a://goes-se-sandbox/data/warehouse/tablespace/external/hive/demo_pauldefusco.db/branches_skewed]","IsNotNull(branch_id)","branch_id:bigint,state:string,region:string","isnotnull(branch_id#90L)","",false
1,4,123,"Parquet",0,0,0,0,"InMemoryFileIndex(1 paths)[s3a://goes-se-sandbox/data/warehouse/tablespace/external/hive/demo_pauldefusco.db/calendar]","IsNotNull(calendar_date)","calendar_date:date","isnotnull(calendar_date#806)","",false
1,4,72,"Parquet",0,0,0,0,"InMemoryFileIndex(1 paths)[s3a://goes-se-sandbox/data/warehouse/tablespace/external/hive/demo_pauldefusco.db/calendar]","IsNotNull(calendar_date)","calendar_date:date,year:int,quarter:int,month:int","isnotnull(calendar_date#112)","",false
1,4,48,"Parquet",0,0,0,0,"InMemoryFileIndex(1 paths)[s3a://goes-se-sandbox/data/warehouse/tablespace/external/hive/demo_pauldefusco.db/customers_skewed]","IsNotNull(customer_id), IsNotNull(customer_segment), IsNotNull(risk_rating)","customer_id:bigint,customer_segment:string,risk_rating:string","isnotnull(customer_id#30L), isnotnull(customer_segment#37), isnotnull(risk_rating#39)","",false
1,4,155,"Parquet",0,0,0,0,"InMemoryFileIndex(1 paths)[s3a://goes-se-sandbox/data/warehouse/tablespace/external/hive/demo_pauldefusco.db/customers_skewed]","IsNotNull(customer_id), IsNotNull(customer_segment), IsNotNull(risk_rating)","customer_id:bigint,customer_segment:string,risk_rating:string","isnotnull(customer_id#30L), isnotnull(customer_segment#37), isnotnull(risk_rating#39)","",false
1,4,111,"Parquet",0,0,0,0,"InMemoryFileIndex(1 paths)[s3a://goes-se-sandbox/data/warehouse/tablespace/external/hive/demo_pauldefusco.db/merchants_skewed]","IsNotNull(merchant_id)","merchant_id:bigint","isnotnull(merchant_id#785L)","",false
1,4,60,"Parquet",0,0,0,0,"InMemoryFileIndex(1 paths)[s3a://goes-se-sandbox/data/warehouse/tablespace/external/hive/demo_pauldefusco.db/merchants_skewed]","IsNotNull(merchant_id), IsNotNull(merchant_category), IsNotNull(region)","merchant_id:bigint,region:string,merchant_category:string","isnotnull(merchant_id#70L), isnotnull(merchant_category#73), isnotnull(region#72)","",false
1,4,41,"Parquet",0,0,0,0,"InMemoryFileIndex(1 paths)[s3a://goes-se-sandbox/data/warehouse/tablespace/external/hive/demo_pauldefusco.db/trs_v25]","IsNotNull(customer_id), IsNotNull(account_id), IsNotNull(merchant_id), IsNotNull(branch_id), IsNotNull(transaction_date)","customer_id:bigint,account_id:bigint,merchant_id:bigint,branch_id:bigint,transaction_date:date,transaction_amount:double","isnotnull(customer_id#1L), isnotnull(account_id#2L), isnotnull(merchant_id#3L), isnotnull(branch_id#4L), isnotnull(transaction_date#5)","",false
1,4,102,"Parquet",0,0,0,0,"InMemoryFileIndex(1 paths)[s3a://goes-se-sandbox/data/warehouse/tablespace/external/hive/demo_pauldefusco.db/trs_v25]","IsNotNull(customer_id), IsNotNull(account_id), IsNotNull(merchant_id), IsNotNull(branch_id), IsNotNull(transaction_date)","customer_id:bigint,account_id:bigint,merchant_id:bigint,branch_id:bigint,transaction_date:date,transaction_amount:double,fraud_flag:int","isnotnull(customer_id#751L), isnotnull(account_id#752L), isnotnull(merchant_id#753L), isnotnull(branch_id#754L), isnotnull(transaction_date#755)","",false
1,5,57,"Parquet",0,0,0,0,"InMemoryFileIndex(1 paths)[s3a://goes-se-sandbox/data/warehouse/tablespace/external/hive/demo_pauldefusco.db/accounts_skewed]","IsNotNull(account_id)","account_id:bigint","isnotnull(account_id#51L)","",false
1,5,120,"Parquet",0,0,0,0,"InMemoryFileIndex(1 paths)[s3a://goes-se-sandbox/data/warehouse/tablespace/external/hive/demo_pauldefusco.db/branches_skewed]","IsNotNull(branch_id)","branch_id:bigint","isnotnull(branch_id#795L)","",false
1,5,69,"Parquet",0,0,0,0,"InMemoryFileIndex(1 paths)[s3a://goes-se-sandbox/data/warehouse/tablespace/external/hive/demo_pauldefusco.db/branches_skewed]","IsNotNull(branch_id)","branch_id:bigint,state:string,region:string","isnotnull(branch_id#90L)","",false
1,5,126,"Parquet",0,0,0,0,"InMemoryFileIndex(1 paths)[s3a://goes-se-sandbox/data/warehouse/tablespace/external/hive/demo_pauldefusco.db/calendar]","IsNotNull(calendar_date)","calendar_date:date","isnotnull(calendar_date#806)","",false
1,5,75,"Parquet",0,0,0,0,"InMemoryFileIndex(1 paths)[s3a://goes-se-sandbox/data/warehouse/tablespace/external/hive/demo_pauldefusco.db/calendar]","IsNotNull(calendar_date)","calendar_date:date,year:int,quarter:int,month:int","isnotnull(calendar_date#112)","",false
1,5,50,"Parquet",0,0,0,0,"InMemoryFileIndex(1 paths)[s3a://goes-se-sandbox/data/warehouse/tablespace/external/hive/demo_pauldefusco.db/customers_skewed]","IsNotNull(customer_id), IsNotNull(customer_segment), IsNotNull(risk_rating)","customer_id:bigint,customer_segment:string,risk_rating:string","isnotnull(customer_id#30L), isnotnull(customer_segment#37), isnotnull(risk_rating#39)","",false
1,5,158,"Parquet",0,0,0,0,"InMemoryFileIndex(1 paths)[s3a://goes-se-sandbox/data/warehouse/tablespace/external/hive/demo_pauldefusco.db/customers_skewed]","IsNotNull(customer_id), IsNotNull(customer_segment), IsNotNull(risk_rating)","customer_id:bigint,customer_segment:string,risk_rating:string","isnotnull(customer_id#30L), isnotnull(customer_segment#37), isnotnull(risk_rating#39)","",false
1,5,114,"Parquet",0,0,0,0,"InMemoryFileIndex(1 paths)[s3a://goes-se-sandbox/data/warehouse/tablespace/external/hive/demo_pauldefusco.db/merchants_skewed]","IsNotNull(merchant_id)","merchant_id:bigint","isnotnull(merchant_id#785L)","",false
1,5,63,"Parquet",0,0,0,0,"InMemoryFileIndex(1 paths)[s3a://goes-se-sandbox/data/warehouse/tablespace/external/hive/demo_pauldefusco.db/merchants_skewed]","IsNotNull(merchant_id), IsNotNull(merchant_category), IsNotNull(region)","merchant_id:bigint,region:string,merchant_category:string","isnotnull(merchant_id#70L), isnotnull(merchant_category#73), isnotnull(region#72)","",false
1,5,43,"Parquet",0,0,0,0,"InMemoryFileIndex(1 paths)[s3a://goes-se-sandbox/data/warehouse/tablespace/external/hive/demo_pauldefusco.db/trs_v25]","IsNotNull(customer_id), IsNotNull(account_id), IsNotNull(merchant_id), IsNotNull(branch_id), IsNotNull(transaction_date)","customer_id:bigint,account_id:bigint,merchant_id:bigint,branch_id:bigint,transaction_date:date,transaction_amount:double","isnotnull(customer_id#1L), isnotnull(account_id#2L), isnotnull(merchant_id#3L), isnotnull(branch_id#4L), isnotnull(transaction_date#5)","",false
1,5,105,"Parquet",0,0,0,0,"InMemoryFileIndex(1 paths)[s3a://goes-se-sandbox/data/warehouse/tablespace/external/hive/demo_pauldefusco.db/trs_v25]","IsNotNull(customer_id), IsNotNull(account_id), IsNotNull(merchant_id), IsNotNull(branch_id), IsNotNull(transaction_date)","customer_id:bigint,account_id:bigint,merchant_id:bigint,branch_id:bigint,transaction_date:date,transaction_amount:double,fraud_flag:int","isnotnull(customer_id#751L), isnotnull(account_id#752L), isnotnull(merchant_id#753L), isnotnull(branch_id#754L), isnotnull(transaction_date#755)","",false
1,6,57,"Parquet",0,0,0,0,"InMemoryFileIndex(1 paths)[s3a://goes-se-sandbox/data/warehouse/tablespace/external/hive/demo_pauldefusco.db/accounts_skewed]","IsNotNull(account_id)","account_id:bigint","isnotnull(account_id#51L)","",false
1,6,123,"Parquet",0,0,0,0,"InMemoryFileIndex(1 paths)[s3a://goes-se-sandbox/data/warehouse/tablespace/external/hive/demo_pauldefusco.db/branches_skewed]","IsNotNull(branch_id)","branch_id:bigint","isnotnull(branch_id#795L)","",false
1,6,69,"Parquet",0,0,0,0,"InMemoryFileIndex(1 paths)[s3a://goes-se-sandbox/data/warehouse/tablespace/external/hive/demo_pauldefusco.db/branches_skewed]","IsNotNull(branch_id)","branch_id:bigint,state:string,region:string","isnotnull(branch_id#90L)","",false
1,6,129,"Parquet",0,0,0,0,"InMemoryFileIndex(1 paths)[s3a://goes-se-sandbox/data/warehouse/tablespace/external/hive/demo_pauldefusco.db/calendar]","IsNotNull(calendar_date)","calendar_date:date","isnotnull(calendar_date#806)","",false
1,6,75,"Parquet",0,0,0,0,"InMemoryFileIndex(1 paths)[s3a://goes-se-sandbox/data/warehouse/tablespace/external/hive/demo_pauldefusco.db/calendar]","IsNotNull(calendar_date)","calendar_date:date,year:int,quarter:int,month:int","isnotnull(calendar_date#112)","",false
1,6,50,"Parquet",0,0,0,0,"InMemoryFileIndex(1 paths)[s3a://goes-se-sandbox/data/warehouse/tablespace/external/hive/demo_pauldefusco.db/customers_skewed]","IsNotNull(customer_id), IsNotNull(customer_segment), IsNotNull(risk_rating)","customer_id:bigint,customer_segment:string,risk_rating:string","isnotnull(customer_id#30L), isnotnull(customer_segment#37), isnotnull(risk_rating#39)","",false
1,6,161,"Parquet",0,0,0,0,"InMemoryFileIndex(1 paths)[s3a://goes-se-sandbox/data/warehouse/tablespace/external/hive/demo_pauldefusco.db/customers_skewed]","IsNotNull(customer_id), IsNotNull(customer_segment), IsNotNull(risk_rating)","customer_id:bigint,customer_segment:string,risk_rating:string","isnotnull(customer_id#30L), isnotnull(customer_segment#37), isnotnull(risk_rating#39)","",false
1,6,117,"Parquet",0,0,0,0,"InMemoryFileIndex(1 paths)[s3a://goes-se-sandbox/data/warehouse/tablespace/external/hive/demo_pauldefusco.db/merchants_skewed]","IsNotNull(merchant_id)","merchant_id:bigint","isnotnull(merchant_id#785L)","",false
1,6,63,"Parquet",0,0,0,0,"InMemoryFileIndex(1 paths)[s3a://goes-se-sandbox/data/warehouse/tablespace/external/hive/demo_pauldefusco.db/merchants_skewed]","IsNotNull(merchant_id), IsNotNull(merchant_category), IsNotNull(region)","merchant_id:bigint,region:string,merchant_category:string","isnotnull(merchant_id#70L), isnotnull(merchant_category#73), isnotnull(region#72)","",false
1,6,43,"Parquet",0,0,0,0,"InMemoryFileIndex(1 paths)[s3a://goes-se-sandbox/data/warehouse/tablespace/external/hive/demo_pauldefusco.db/trs_v25]","IsNotNull(customer_id), IsNotNull(account_id), IsNotNull(merchant_id), IsNotNull(branch_id), IsNotNull(transaction_date)","customer_id:bigint,account_id:bigint,merchant_id:bigint,branch_id:bigint,transaction_date:date,transaction_amount:double","isnotnull(customer_id#1L), isnotnull(account_id#2L), isnotnull(merchant_id#3L), isnotnull(branch_id#4L), isnotnull(transaction_date#5)","",false
1,6,107,"Parquet",0,0,0,0,"InMemoryFileIndex(1 paths)[s3a://goes-se-sandbox/data/warehouse/tablespace/external/hive/demo_pauldefusco.db/trs_v25]","IsNotNull(customer_id), IsNotNull(account_id), IsNotNull(merchant_id), IsNotNull(branch_id), IsNotNull(transaction_date)","customer_id:bigint,account_id:bigint,merchant_id:bigint,branch_id:bigint,transaction_date:date,transaction_amount:double,fraud_flag:int","isnotnull(customer_id#751L), isnotnull(account_id#752L), isnotnull(merchant_id#753L), isnotnull(branch_id#754L), isnotnull(transaction_date#755)","",false
1,7,57,"Parquet",0,0,0,0,"InMemoryFileIndex(1 paths)[s3a://goes-se-sandbox/data/warehouse/tablespace/external/hive/demo_pauldefusco.db/accounts_skewed]","IsNotNull(account_id)","account_id:bigint","isnotnull(account_id#51L)","",false
1,7,128,"Parquet",0,0,0,0,"InMemoryFileIndex(1 paths)[s3a://goes-se-sandbox/data/warehouse/tablespace/external/hive/demo_pauldefusco.db/branches_skewed]","IsNotNull(branch_id)","branch_id:bigint","isnotnull(branch_id#795L)","",false
1,7,69,"Parquet",0,0,0,0,"InMemoryFileIndex(1 paths)[s3a://goes-se-sandbox/data/warehouse/tablespace/external/hive/demo_pauldefusco.db/branches_skewed]","IsNotNull(branch_id)","branch_id:bigint,state:string,region:string","isnotnull(branch_id#90L)","",false
1,7,134,"Parquet",0,0,0,0,"InMemoryFileIndex(1 paths)[s3a://goes-se-sandbox/data/warehouse/tablespace/external/hive/demo_pauldefusco.db/calendar]","IsNotNull(calendar_date)","calendar_date:date","isnotnull(calendar_date#806)","",false
1,7,75,"Parquet",0,0,0,0,"InMemoryFileIndex(1 paths)[s3a://goes-se-sandbox/data/warehouse/tablespace/external/hive/demo_pauldefusco.db/calendar]","IsNotNull(calendar_date)","calendar_date:date,year:int,quarter:int,month:int","isnotnull(calendar_date#112)","",false
1,7,50,"Parquet",0,0,0,0,"InMemoryFileIndex(1 paths)[s3a://goes-se-sandbox/data/warehouse/tablespace/external/hive/demo_pauldefusco.db/customers_skewed]","IsNotNull(customer_id), IsNotNull(customer_segment), IsNotNull(risk_rating)","customer_id:bigint,customer_segment:string,risk_rating:string","isnotnull(customer_id#30L), isnotnull(customer_segment#37), isnotnull(risk_rating#39)","",false
1,7,166,"Parquet",0,0,0,0,"InMemoryFileIndex(1 paths)[s3a://goes-se-sandbox/data/warehouse/tablespace/external/hive/demo_pauldefusco.db/customers_skewed]","IsNotNull(customer_id), IsNotNull(customer_segment), IsNotNull(risk_rating)","customer_id:bigint,customer_segment:string,risk_rating:string","isnotnull(customer_id#30L), isnotnull(customer_segment#37), isnotnull(risk_rating#39)","",false
1,7,122,"Parquet",0,0,0,0,"InMemoryFileIndex(1 paths)[s3a://goes-se-sandbox/data/warehouse/tablespace/external/hive/demo_pauldefusco.db/merchants_skewed]","IsNotNull(merchant_id)","merchant_id:bigint","isnotnull(merchant_id#785L)","",false
1,7,63,"Parquet",0,0,0,0,"InMemoryFileIndex(1 paths)[s3a://goes-se-sandbox/data/warehouse/tablespace/external/hive/demo_pauldefusco.db/merchants_skewed]","IsNotNull(merchant_id), IsNotNull(merchant_category), IsNotNull(region)","merchant_id:bigint,region:string,merchant_category:string","isnotnull(merchant_id#70L), isnotnull(merchant_category#73), isnotnull(region#72)","",false
1,7,43,"Parquet",0,0,0,0,"InMemoryFileIndex(1 paths)[s3a://goes-se-sandbox/data/warehouse/tablespace/external/hive/demo_pauldefusco.db/trs_v25]","IsNotNull(customer_id), IsNotNull(account_id), IsNotNull(merchant_id), IsNotNull(branch_id), IsNotNull(transaction_date)","customer_id:bigint,account_id:bigint,merchant_id:bigint,branch_id:bigint,transaction_date:date,transaction_amount:double","isnotnull(customer_id#1L), isnotnull(account_id#2L), isnotnull(merchant_id#3L), isnotnull(branch_id#4L), isnotnull(transaction_date#5)","",false
1,7,110,"Parquet",0,0,0,0,"InMemoryFileIndex(1 paths)[s3a://goes-se-sandbox/data/warehouse/tablespace/external/hive/demo_pauldefusco.db/trs_v25]","IsNotNull(customer_id), IsNotNull(account_id), IsNotNull(merchant_id), IsNotNull(branch_id), IsNotNull(transaction_date)","customer_id:bigint,account_id:bigint,merchant_id:bigint,branch_id:bigint,transaction_date:date,transaction_amount:double,fraud_flag:int","isnotnull(customer_id#751L), isnotnull(account_id#752L), isnotnull(merchant_id#753L), isnotnull(branch_id#754L), isnotnull(transaction_date#755)","",false
1,8,57,"Parquet",0,0,0,0,"InMemoryFileIndex(1 paths)[s3a://goes-se-sandbox/data/warehouse/tablespace/external/hive/demo_pauldefusco.db/accounts_skewed]","IsNotNull(account_id)","account_id:bigint","isnotnull(account_id#51L)","",false
1,8,128,"Parquet",0,0,0,0,"InMemoryFileIndex(1 paths)[s3a://goes-se-sandbox/data/warehouse/tablespace/external/hive/demo_pauldefusco.db/branches_skewed]","IsNotNull(branch_id)","branch_id:bigint","isnotnull(branch_id#795L)","",false
1,8,69,"Parquet",0,0,0,0,"InMemoryFileIndex(1 paths)[s3a://goes-se-sandbox/data/warehouse/tablespace/external/hive/demo_pauldefusco.db/branches_skewed]","IsNotNull(branch_id)","branch_id:bigint,state:string,region:string","isnotnull(branch_id#90L)","",false
1,8,134,"Parquet",0,0,0,0,"InMemoryFileIndex(1 paths)[s3a://goes-se-sandbox/data/warehouse/tablespace/external/hive/demo_pauldefusco.db/calendar]","IsNotNull(calendar_date)","calendar_date:date","isnotnull(calendar_date#806)","",false
1,8,75,"Parquet",0,0,0,0,"InMemoryFileIndex(1 paths)[s3a://goes-se-sandbox/data/warehouse/tablespace/external/hive/demo_pauldefusco.db/calendar]","IsNotNull(calendar_date)","calendar_date:date,year:int,quarter:int,month:int","isnotnull(calendar_date#112)","",false
1,8,50,"Parquet",0,0,0,0,"InMemoryFileIndex(1 paths)[s3a://goes-se-sandbox/data/warehouse/tablespace/external/hive/demo_pauldefusco.db/customers_skewed]","IsNotNull(customer_id), IsNotNull(customer_segment), IsNotNull(risk_rating)","customer_id:bigint,customer_segment:string,risk_rating:string","isnotnull(customer_id#30L), isnotnull(customer_segment#37), isnotnull(risk_rating#39)","",false
1,8,168,"Parquet",0,0,0,0,"InMemoryFileIndex(1 paths)[s3a://goes-se-sandbox/data/warehouse/tablespace/external/hive/demo_pauldefusco.db/customers_skewed]","IsNotNull(customer_id), IsNotNull(customer_segment), IsNotNull(risk_rating)","customer_id:bigint,customer_segment:string,risk_rating:string","isnotnull(customer_id#30L), isnotnull(customer_segment#37), isnotnull(risk_rating#39)","",false
1,8,122,"Parquet",0,0,0,0,"InMemoryFileIndex(1 paths)[s3a://goes-se-sandbox/data/warehouse/tablespace/external/hive/demo_pauldefusco.db/merchants_skewed]","IsNotNull(merchant_id)","merchant_id:bigint","isnotnull(merchant_id#785L)","",false
1,8,63,"Parquet",0,0,0,0,"InMemoryFileIndex(1 paths)[s3a://goes-se-sandbox/data/warehouse/tablespace/external/hive/demo_pauldefusco.db/merchants_skewed]","IsNotNull(merchant_id), IsNotNull(merchant_category), IsNotNull(region)","merchant_id:bigint,region:string,merchant_category:string","isnotnull(merchant_id#70L), isnotnull(merchant_category#73), isnotnull(region#72)","",false
1,8,43,"Parquet",0,0,0,0,"InMemoryFileIndex(1 paths)[s3a://goes-se-sandbox/data/warehouse/tablespace/external/hive/demo_pauldefusco.db/trs_v25]","IsNotNull(customer_id), IsNotNull(account_id), IsNotNull(merchant_id), IsNotNull(branch_id), IsNotNull(transaction_date)","customer_id:bigint,account_id:bigint,merchant_id:bigint,branch_id:bigint,transaction_date:date,transaction_amount:double","isnotnull(customer_id#1L), isnotnull(account_id#2L), isnotnull(merchant_id#3L), isnotnull(branch_id#4L), isnotnull(transaction_date#5)","",false
1,8,110,"Parquet",0,0,0,0,"InMemoryFileIndex(1 paths)[s3a://goes-se-sandbox/data/warehouse/tablespace/external/hive/demo_pauldefusco.db/trs_v25]","IsNotNull(customer_id), IsNotNull(account_id), IsNotNull(merchant_id), IsNotNull(branch_id), IsNotNull(transaction_date)","customer_id:bigint,account_id:bigint,merchant_id:bigint,branch_id:bigint,transaction_date:date,transaction_amount:double,fraud_flag:int","isnotnull(customer_id#751L), isnotnull(account_id#752L), isnotnull(merchant_id#753L), isnotnull(branch_id#754L), isnotnull(transaction_date#755)","",false
1,9,60,"Parquet",0,0,0,0,"InMemoryFileIndex(1 paths)[s3a://goes-se-sandbox/data/warehouse/tablespace/external/hive/demo_pauldefusco.db/accounts_skewed]","IsNotNull(account_id)","account_id:bigint","isnotnull(account_id#51L)","",false
1,9,133,"Parquet",0,0,0,0,"InMemoryFileIndex(1 paths)[s3a://goes-se-sandbox/data/warehouse/tablespace/external/hive/demo_pauldefusco.db/branches_skewed]","IsNotNull(branch_id)","branch_id:bigint","isnotnull(branch_id#795L)","",false
1,9,74,"Parquet",0,0,0,0,"InMemoryFileIndex(1 paths)[s3a://goes-se-sandbox/data/warehouse/tablespace/external/hive/demo_pauldefusco.db/branches_skewed]","IsNotNull(branch_id)","branch_id:bigint,state:string,region:string","isnotnull(branch_id#90L)","",false
1,9,139,"Parquet",0,0,0,0,"InMemoryFileIndex(1 paths)[s3a://goes-se-sandbox/data/warehouse/tablespace/external/hive/demo_pauldefusco.db/calendar]","IsNotNull(calendar_date)","calendar_date:date","isnotnull(calendar_date#806)","",false
1,9,80,"Parquet",0,0,0,0,"InMemoryFileIndex(1 paths)[s3a://goes-se-sandbox/data/warehouse/tablespace/external/hive/demo_pauldefusco.db/calendar]","IsNotNull(calendar_date)","calendar_date:date,year:int,quarter:int,month:int","isnotnull(calendar_date#112)","",false
1,9,53,"Parquet",0,0,0,0,"InMemoryFileIndex(1 paths)[s3a://goes-se-sandbox/data/warehouse/tablespace/external/hive/demo_pauldefusco.db/customers_skewed]","IsNotNull(customer_id), IsNotNull(customer_segment), IsNotNull(risk_rating)","customer_id:bigint,customer_segment:string,risk_rating:string","isnotnull(customer_id#30L), isnotnull(customer_segment#37), isnotnull(risk_rating#39)","",false
1,9,173,"Parquet",0,0,0,0,"InMemoryFileIndex(1 paths)[s3a://goes-se-sandbox/data/warehouse/tablespace/external/hive/demo_pauldefusco.db/customers_skewed]","IsNotNull(customer_id), IsNotNull(customer_segment), IsNotNull(risk_rating)","customer_id:bigint,customer_segment:string,risk_rating:string","isnotnull(customer_id#30L), isnotnull(customer_segment#37), isnotnull(risk_rating#39)","",false
1,9,127,"Parquet",0,0,0,0,"InMemoryFileIndex(1 paths)[s3a://goes-se-sandbox/data/warehouse/tablespace/external/hive/demo_pauldefusco.db/merchants_skewed]","IsNotNull(merchant_id)","merchant_id:bigint","isnotnull(merchant_id#785L)","",false
1,9,68,"Parquet",0,0,0,0,"InMemoryFileIndex(1 paths)[s3a://goes-se-sandbox/data/warehouse/tablespace/external/hive/demo_pauldefusco.db/merchants_skewed]","IsNotNull(merchant_id), IsNotNull(merchant_category), IsNotNull(region)","merchant_id:bigint,region:string,merchant_category:string","isnotnull(merchant_id#70L), isnotnull(merchant_category#73), isnotnull(region#72)","",false
1,9,46,"Parquet",0,0,0,0,"InMemoryFileIndex(1 paths)[s3a://goes-se-sandbox/data/warehouse/tablespace/external/hive/demo_pauldefusco.db/trs_v25]","IsNotNull(customer_id), IsNotNull(account_id), IsNotNull(merchant_id), IsNotNull(branch_id), IsNotNull(transaction_date)","customer_id:bigint,account_id:bigint,merchant_id:bigint,branch_id:bigint,transaction_date:date,transaction_amount:double","isnotnull(customer_id#1L), isnotnull(account_id#2L), isnotnull(merchant_id#3L), isnotnull(branch_id#4L), isnotnull(transaction_date#5)","",false
1,9,115,"Parquet",0,0,0,0,"InMemoryFileIndex(1 paths)[s3a://goes-se-sandbox/data/warehouse/tablespace/external/hive/demo_pauldefusco.db/trs_v25]","IsNotNull(customer_id), IsNotNull(account_id), IsNotNull(merchant_id), IsNotNull(branch_id), IsNotNull(transaction_date)","customer_id:bigint,account_id:bigint,merchant_id:bigint,branch_id:bigint,transaction_date:date,transaction_amount:double,fraud_flag:int","isnotnull(customer_id#751L), isnotnull(account_id#752L), isnotnull(merchant_id#753L), isnotnull(branch_id#754L), isnotnull(transaction_date#755)","",false
1,10,60,"Parquet",0,0,0,0,"InMemoryFileIndex(1 paths)[s3a://goes-se-sandbox/data/warehouse/tablespace/external/hive/demo_pauldefusco.db/accounts_skewed]","IsNotNull(account_id)","account_id:bigint","isnotnull(account_id#51L)","",false
1,10,138,"Parquet",0,0,0,0,"InMemoryFileIndex(1 paths)[s3a://goes-se-sandbox/data/warehouse/tablespace/external/hive/demo_pauldefusco.db/branches_skewed]","IsNotNull(branch_id)","branch_id:bigint","isnotnull(branch_id#795L)","",false
1,10,74,"Parquet",0,0,0,0,"InMemoryFileIndex(1 paths)[s3a://goes-se-sandbox/data/warehouse/tablespace/external/hive/demo_pauldefusco.db/branches_skewed]","IsNotNull(branch_id)","branch_id:bigint,state:string,region:string","isnotnull(branch_id#90L)","",false
1,10,144,"Parquet",0,0,0,0,"InMemoryFileIndex(1 paths)[s3a://goes-se-sandbox/data/warehouse/tablespace/external/hive/demo_pauldefusco.db/calendar]","IsNotNull(calendar_date)","calendar_date:date","isnotnull(calendar_date#806)","",false
1,10,80,"Parquet",0,0,0,0,"InMemoryFileIndex(1 paths)[s3a://goes-se-sandbox/data/warehouse/tablespace/external/hive/demo_pauldefusco.db/calendar]","IsNotNull(calendar_date)","calendar_date:date,year:int,quarter:int,month:int","isnotnull(calendar_date#112)","",false
1,10,53,"Parquet",0,0,0,0,"InMemoryFileIndex(1 paths)[s3a://goes-se-sandbox/data/warehouse/tablespace/external/hive/demo_pauldefusco.db/customers_skewed]","IsNotNull(customer_id), IsNotNull(customer_segment), IsNotNull(risk_rating)","customer_id:bigint,customer_segment:string,risk_rating:string","isnotnull(customer_id#30L), isnotnull(customer_segment#37), isnotnull(risk_rating#39)","",false
1,10,178,"Parquet",0,0,0,0,"InMemoryFileIndex(1 paths)[s3a://goes-se-sandbox/data/warehouse/tablespace/external/hive/demo_pauldefusco.db/customers_skewed]","IsNotNull(customer_id), IsNotNull(customer_segment), IsNotNull(risk_rating)","customer_id:bigint,customer_segment:string,risk_rating:string","isnotnull(customer_id#30L), isnotnull(customer_segment#37), isnotnull(risk_rating#39)","",false
1,10,130,"Parquet",0,0,0,0,"InMemoryFileIndex(1 paths)[s3a://goes-se-sandbox/data/warehouse/tablespace/external/hive/demo_pauldefusco.db/merchants_skewed]","IsNotNull(merchant_id)","merchant_id:bigint","isnotnull(merchant_id#785L)","",false
1,10,68,"Parquet",0,0,0,0,"InMemoryFileIndex(1 paths)[s3a://goes-se-sandbox/data/warehouse/tablespace/external/hive/demo_pauldefusco.db/merchants_skewed]","IsNotNull(merchant_id), IsNotNull(merchant_category), IsNotNull(region)","merchant_id:bigint,region:string,merchant_category:string","isnotnull(merchant_id#70L), isnotnull(merchant_category#73), isnotnull(region#72)","",false
1,10,46,"Parquet",0,0,0,0,"InMemoryFileIndex(1 paths)[s3a://goes-se-sandbox/data/warehouse/tablespace/external/hive/demo_pauldefusco.db/trs_v25]","IsNotNull(customer_id), IsNotNull(account_id), IsNotNull(merchant_id), IsNotNull(branch_id), IsNotNull(transaction_date)","customer_id:bigint,account_id:bigint,merchant_id:bigint,branch_id:bigint,transaction_date:date,transaction_amount:double","isnotnull(customer_id#1L), isnotnull(account_id#2L), isnotnull(merchant_id#3L), isnotnull(branch_id#4L), isnotnull(transaction_date#5)","",false
1,10,118,"Parquet",0,0,0,0,"InMemoryFileIndex(1 paths)[s3a://goes-se-sandbox/data/warehouse/tablespace/external/hive/demo_pauldefusco.db/trs_v25]","IsNotNull(customer_id), IsNotNull(account_id), IsNotNull(merchant_id), IsNotNull(branch_id), IsNotNull(transaction_date)","customer_id:bigint,account_id:bigint,merchant_id:bigint,branch_id:bigint,transaction_date:date,transaction_amount:double,fraud_flag:int","isnotnull(customer_id#751L), isnotnull(account_id#752L), isnotnull(merchant_id#753L), isnotnull(branch_id#754L), isnotnull(transaction_date#755)","",false
1,11,60,"Parquet",0,0,0,0,"InMemoryFileIndex(1 paths)[s3a://goes-se-sandbox/data/warehouse/tablespace/external/hive/demo_pauldefusco.db/accounts_skewed]","IsNotNull(account_id)","account_id:bigint","isnotnull(account_id#51L)","",false
1,11,138,"Parquet",0,0,0,0,"InMemoryFileIndex(1 paths)[s3a://goes-se-sandbox/data/warehouse/tablespace/external/hive/demo_pauldefusco.db/branches_skewed]","IsNotNull(branch_id)","branch_id:bigint","isnotnull(branch_id#795L)","",false
1,11,74,"Parquet",0,0,0,0,"InMemoryFileIndex(1 paths)[s3a://goes-se-sandbox/data/warehouse/tablespace/external/hive/demo_pauldefusco.db/branches_skewed]","IsNotNull(branch_id)","branch_id:bigint,state:string,region:string","isnotnull(branch_id#90L)","",false
1,11,144,"Parquet",0,0,0,0,"InMemoryFileIndex(1 paths)[s3a://goes-se-sandbox/data/warehouse/tablespace/external/hive/demo_pauldefusco.db/calendar]","IsNotNull(calendar_date)","calendar_date:date","isnotnull(calendar_date#806)","",false
1,11,80,"Parquet",0,0,0,0,"InMemoryFileIndex(1 paths)[s3a://goes-se-sandbox/data/warehouse/tablespace/external/hive/demo_pauldefusco.db/calendar]","IsNotNull(calendar_date)","calendar_date:date,year:int,quarter:int,month:int","isnotnull(calendar_date#112)","",false
1,11,53,"Parquet",0,0,0,0,"InMemoryFileIndex(1 paths)[s3a://goes-se-sandbox/data/warehouse/tablespace/external/hive/demo_pauldefusco.db/customers_skewed]","IsNotNull(customer_id), IsNotNull(customer_segment), IsNotNull(risk_rating)","customer_id:bigint,customer_segment:string,risk_rating:string","isnotnull(customer_id#30L), isnotnull(customer_segment#37), isnotnull(risk_rating#39)","",false
1,11,181,"Parquet",0,0,0,0,"InMemoryFileIndex(1 paths)[s3a://goes-se-sandbox/data/warehouse/tablespace/external/hive/demo_pauldefusco.db/customers_skewed]","IsNotNull(customer_id), IsNotNull(customer_segment), IsNotNull(risk_rating)","customer_id:bigint,customer_segment:string,risk_rating:string","isnotnull(customer_id#30L), isnotnull(customer_segment#37), isnotnull(risk_rating#39)","",false
1,11,130,"Parquet",0,0,0,0,"InMemoryFileIndex(1 paths)[s3a://goes-se-sandbox/data/warehouse/tablespace/external/hive/demo_pauldefusco.db/merchants_skewed]","IsNotNull(merchant_id)","merchant_id:bigint","isnotnull(merchant_id#785L)","",false
1,11,68,"Parquet",0,0,0,0,"InMemoryFileIndex(1 paths)[s3a://goes-se-sandbox/data/warehouse/tablespace/external/hive/demo_pauldefusco.db/merchants_skewed]","IsNotNull(merchant_id), IsNotNull(merchant_category), IsNotNull(region)","merchant_id:bigint,region:string,merchant_category:string","isnotnull(merchant_id#70L), isnotnull(merchant_category#73), isnotnull(region#72)","",false
1,11,46,"Parquet",0,0,0,0,"InMemoryFileIndex(1 paths)[s3a://goes-se-sandbox/data/warehouse/tablespace/external/hive/demo_pauldefusco.db/trs_v25]","IsNotNull(customer_id), IsNotNull(account_id), IsNotNull(merchant_id), IsNotNull(branch_id), IsNotNull(transaction_date)","customer_id:bigint,account_id:bigint,merchant_id:bigint,branch_id:bigint,transaction_date:date,transaction_amount:double","isnotnull(customer_id#1L), isnotnull(account_id#2L), isnotnull(merchant_id#3L), isnotnull(branch_id#4L), isnotnull(transaction_date#5)","",false
1,11,118,"Parquet",0,0,0,0,"InMemoryFileIndex(1 paths)[s3a://goes-se-sandbox/data/warehouse/tablespace/external/hive/demo_pauldefusco.db/trs_v25]","IsNotNull(customer_id), IsNotNull(account_id), IsNotNull(merchant_id), IsNotNull(branch_id), IsNotNull(transaction_date)","customer_id:bigint,account_id:bigint,merchant_id:bigint,branch_id:bigint,transaction_date:date,transaction_amount:double,fraud_flag:int","isnotnull(customer_id#751L), isnotnull(account_id#752L), isnotnull(merchant_id#753L), isnotnull(branch_id#754L), isnotnull(transaction_date#755)","",false
1,12,60,"Parquet",0,0,0,0,"InMemoryFileIndex(1 paths)[s3a://goes-se-sandbox/data/warehouse/tablespace/external/hive/demo_pauldefusco.db/accounts_skewed]","IsNotNull(account_id)","account_id:bigint","isnotnull(account_id#51L)","",false
1,12,141,"Parquet",0,0,0,0,"InMemoryFileIndex(1 paths)[s3a://goes-se-sandbox/data/warehouse/tablespace/external/hive/demo_pauldefusco.db/branches_skewed]","IsNotNull(branch_id)","branch_id:bigint","isnotnull(branch_id#795L)","",false
1,12,74,"Parquet",0,0,0,0,"InMemoryFileIndex(1 paths)[s3a://goes-se-sandbox/data/warehouse/tablespace/external/hive/demo_pauldefusco.db/branches_skewed]","IsNotNull(branch_id)","branch_id:bigint,state:string,region:string","isnotnull(branch_id#90L)","",false
1,12,149,"Parquet",0,0,0,0,"InMemoryFileIndex(1 paths)[s3a://goes-se-sandbox/data/warehouse/tablespace/external/hive/demo_pauldefusco.db/calendar]","IsNotNull(calendar_date)","calendar_date:date","isnotnull(calendar_date#806)","",false
1,12,80,"Parquet",0,0,0,0,"InMemoryFileIndex(1 paths)[s3a://goes-se-sandbox/data/warehouse/tablespace/external/hive/demo_pauldefusco.db/calendar]","IsNotNull(calendar_date)","calendar_date:date,year:int,quarter:int,month:int","isnotnull(calendar_date#112)","",false
1,12,53,"Parquet",0,0,0,0,"InMemoryFileIndex(1 paths)[s3a://goes-se-sandbox/data/warehouse/tablespace/external/hive/demo_pauldefusco.db/customers_skewed]","IsNotNull(customer_id), IsNotNull(customer_segment), IsNotNull(risk_rating)","customer_id:bigint,customer_segment:string,risk_rating:string","isnotnull(customer_id#30L), isnotnull(customer_segment#37), isnotnull(risk_rating#39)","",false
1,12,186,"Parquet",0,0,0,0,"InMemoryFileIndex(1 paths)[s3a://goes-se-sandbox/data/warehouse/tablespace/external/hive/demo_pauldefusco.db/customers_skewed]","IsNotNull(customer_id), IsNotNull(customer_segment), IsNotNull(risk_rating)","customer_id:bigint,customer_segment:string,risk_rating:string","isnotnull(customer_id#30L), isnotnull(customer_segment#37), isnotnull(risk_rating#39)","",false
1,12,133,"Parquet",0,0,0,0,"InMemoryFileIndex(1 paths)[s3a://goes-se-sandbox/data/warehouse/tablespace/external/hive/demo_pauldefusco.db/merchants_skewed]","IsNotNull(merchant_id)","merchant_id:bigint","isnotnull(merchant_id#785L)","",false
1,12,68,"Parquet",0,0,0,0,"InMemoryFileIndex(1 paths)[s3a://goes-se-sandbox/data/warehouse/tablespace/external/hive/demo_pauldefusco.db/merchants_skewed]","IsNotNull(merchant_id), IsNotNull(merchant_category), IsNotNull(region)","merchant_id:bigint,region:string,merchant_category:string","isnotnull(merchant_id#70L), isnotnull(merchant_category#73), isnotnull(region#72)","",false
1,12,46,"Parquet",0,0,0,0,"InMemoryFileIndex(1 paths)[s3a://goes-se-sandbox/data/warehouse/tablespace/external/hive/demo_pauldefusco.db/trs_v25]","IsNotNull(customer_id), IsNotNull(account_id), IsNotNull(merchant_id), IsNotNull(branch_id), IsNotNull(transaction_date)","customer_id:bigint,account_id:bigint,merchant_id:bigint,branch_id:bigint,transaction_date:date,transaction_amount:double","isnotnull(customer_id#1L), isnotnull(account_id#2L), isnotnull(merchant_id#3L), isnotnull(branch_id#4L), isnotnull(transaction_date#5)","",false
1,12,121,"Parquet",0,0,0,0,"InMemoryFileIndex(1 paths)[s3a://goes-se-sandbox/data/warehouse/tablespace/external/hive/demo_pauldefusco.db/trs_v25]","IsNotNull(customer_id), IsNotNull(account_id), IsNotNull(merchant_id), IsNotNull(branch_id), IsNotNull(transaction_date)","customer_id:bigint,account_id:bigint,merchant_id:bigint,branch_id:bigint,transaction_date:date,transaction_amount:double,fraud_flag:int","isnotnull(customer_id#751L), isnotnull(account_id#752L), isnotnull(merchant_id#753L), isnotnull(branch_id#754L), isnotnull(transaction_date#755)","",false
1,13,63,"Parquet",0,0,0,0,"InMemoryFileIndex(1 paths)[s3a://goes-se-sandbox/data/warehouse/tablespace/external/hive/demo_pauldefusco.db/accounts_skewed]","IsNotNull(account_id)","account_id:bigint","isnotnull(account_id#51L)","",false
1,13,146,"Parquet",0,0,0,0,"InMemoryFileIndex(1 paths)[s3a://goes-se-sandbox/data/warehouse/tablespace/external/hive/demo_pauldefusco.db/branches_skewed]","IsNotNull(branch_id)","branch_id:bigint","isnotnull(branch_id#795L)","",false
1,13,79,"Parquet",0,0,0,0,"InMemoryFileIndex(1 paths)[s3a://goes-se-sandbox/data/warehouse/tablespace/external/hive/demo_pauldefusco.db/branches_skewed]","IsNotNull(branch_id)","branch_id:bigint,state:string,region:string","isnotnull(branch_id#90L)","",false
1,13,154,"Parquet",0,0,0,0,"InMemoryFileIndex(1 paths)[s3a://goes-se-sandbox/data/warehouse/tablespace/external/hive/demo_pauldefusco.db/calendar]","IsNotNull(calendar_date)","calendar_date:date","isnotnull(calendar_date#806)","",false
1,13,85,"Parquet",0,0,0,0,"InMemoryFileIndex(1 paths)[s3a://goes-se-sandbox/data/warehouse/tablespace/external/hive/demo_pauldefusco.db/calendar]","IsNotNull(calendar_date)","calendar_date:date,year:int,quarter:int,month:int","isnotnull(calendar_date#112)","",false
1,13,56,"Parquet",0,0,0,0,"InMemoryFileIndex(1 paths)[s3a://goes-se-sandbox/data/warehouse/tablespace/external/hive/demo_pauldefusco.db/customers_skewed]","IsNotNull(customer_id), IsNotNull(customer_segment), IsNotNull(risk_rating)","customer_id:bigint,customer_segment:string,risk_rating:string","isnotnull(customer_id#30L), isnotnull(customer_segment#37), isnotnull(risk_rating#39)","",false
1,13,191,"Parquet",0,0,0,0,"InMemoryFileIndex(1 paths)[s3a://goes-se-sandbox/data/warehouse/tablespace/external/hive/demo_pauldefusco.db/customers_skewed]","IsNotNull(customer_id), IsNotNull(customer_segment), IsNotNull(risk_rating)","customer_id:bigint,customer_segment:string,risk_rating:string","isnotnull(customer_id#30L), isnotnull(customer_segment#37), isnotnull(risk_rating#39)","",false
1,13,138,"Parquet",0,0,0,0,"InMemoryFileIndex(1 paths)[s3a://goes-se-sandbox/data/warehouse/tablespace/external/hive/demo_pauldefusco.db/merchants_skewed]","IsNotNull(merchant_id)","merchant_id:bigint","isnotnull(merchant_id#785L)","",false
1,13,71,"Parquet",0,0,0,0,"InMemoryFileIndex(1 paths)[s3a://goes-se-sandbox/data/warehouse/tablespace/external/hive/demo_pauldefusco.db/merchants_skewed]","IsNotNull(merchant_id), IsNotNull(merchant_category), IsNotNull(region)","merchant_id:bigint,region:string,merchant_category:string","isnotnull(merchant_id#70L), isnotnull(merchant_category#73), isnotnull(region#72)","",false
1,13,49,"Parquet",0,0,0,0,"InMemoryFileIndex(1 paths)[s3a://goes-se-sandbox/data/warehouse/tablespace/external/hive/demo_pauldefusco.db/trs_v25]","IsNotNull(customer_id), IsNotNull(account_id), IsNotNull(merchant_id), IsNotNull(branch_id), IsNotNull(transaction_date)","customer_id:bigint,account_id:bigint,merchant_id:bigint,branch_id:bigint,transaction_date:date,transaction_amount:double","isnotnull(customer_id#1L), isnotnull(account_id#2L), isnotnull(merchant_id#3L), isnotnull(branch_id#4L), isnotnull(transaction_date#5)","",false
1,13,126,"Parquet",0,0,0,0,"InMemoryFileIndex(1 paths)[s3a://goes-se-sandbox/data/warehouse/tablespace/external/hive/demo_pauldefusco.db/trs_v25]","IsNotNull(customer_id), IsNotNull(account_id), IsNotNull(merchant_id), IsNotNull(branch_id), IsNotNull(transaction_date)","customer_id:bigint,account_id:bigint,merchant_id:bigint,branch_id:bigint,transaction_date:date,transaction_amount:double,fraud_flag:int","isnotnull(customer_id#751L), isnotnull(account_id#752L), isnotnull(merchant_id#753L), isnotnull(branch_id#754L), isnotnull(transaction_date#755)","",false
1,14,63,"Parquet",0,0,0,0,"InMemoryFileIndex(1 paths)[s3a://goes-se-sandbox/data/warehouse/tablespace/external/hive/demo_pauldefusco.db/accounts_skewed]","IsNotNull(account_id)","account_id:bigint","isnotnull(account_id#51L)","",false
1,14,146,"Parquet",0,0,0,0,"InMemoryFileIndex(1 paths)[s3a://goes-se-sandbox/data/warehouse/tablespace/external/hive/demo_pauldefusco.db/branches_skewed]","IsNotNull(branch_id)","branch_id:bigint","isnotnull(branch_id#795L)","",false
1,14,79,"Parquet",0,0,0,0,"InMemoryFileIndex(1 paths)[s3a://goes-se-sandbox/data/warehouse/tablespace/external/hive/demo_pauldefusco.db/branches_skewed]","IsNotNull(branch_id)","branch_id:bigint,state:string,region:string","isnotnull(branch_id#90L)","",false
1,14,154,"Parquet",0,0,0,0,"InMemoryFileIndex(1 paths)[s3a://goes-se-sandbox/data/warehouse/tablespace/external/hive/demo_pauldefusco.db/calendar]","IsNotNull(calendar_date)","calendar_date:date","isnotnull(calendar_date#806)","",false
1,14,85,"Parquet",0,0,0,0,"InMemoryFileIndex(1 paths)[s3a://goes-se-sandbox/data/warehouse/tablespace/external/hive/demo_pauldefusco.db/calendar]","IsNotNull(calendar_date)","calendar_date:date,year:int,quarter:int,month:int","isnotnull(calendar_date#112)","",false
1,14,56,"Parquet",0,0,0,0,"InMemoryFileIndex(1 paths)[s3a://goes-se-sandbox/data/warehouse/tablespace/external/hive/demo_pauldefusco.db/customers_skewed]","IsNotNull(customer_id), IsNotNull(customer_segment), IsNotNull(risk_rating)","customer_id:bigint,customer_segment:string,risk_rating:string","isnotnull(customer_id#30L), isnotnull(customer_segment#37), isnotnull(risk_rating#39)","",false
1,14,194,"Parquet",0,0,0,0,"InMemoryFileIndex(1 paths)[s3a://goes-se-sandbox/data/warehouse/tablespace/external/hive/demo_pauldefusco.db/customers_skewed]","IsNotNull(customer_id), IsNotNull(customer_segment), IsNotNull(risk_rating)","customer_id:bigint,customer_segment:string,risk_rating:string","isnotnull(customer_id#30L), isnotnull(customer_segment#37), isnotnull(risk_rating#39)","",false
1,14,138,"Parquet",0,0,0,0,"InMemoryFileIndex(1 paths)[s3a://goes-se-sandbox/data/warehouse/tablespace/external/hive/demo_pauldefusco.db/merchants_skewed]","IsNotNull(merchant_id)","merchant_id:bigint","isnotnull(merchant_id#785L)","",false
1,14,71,"Parquet",0,0,0,0,"InMemoryFileIndex(1 paths)[s3a://goes-se-sandbox/data/warehouse/tablespace/external/hive/demo_pauldefusco.db/merchants_skewed]","IsNotNull(merchant_id), IsNotNull(merchant_category), IsNotNull(region)","merchant_id:bigint,region:string,merchant_category:string","isnotnull(merchant_id#70L), isnotnull(merchant_category#73), isnotnull(region#72)","",false
1,14,49,"Parquet",0,0,0,0,"InMemoryFileIndex(1 paths)[s3a://goes-se-sandbox/data/warehouse/tablespace/external/hive/demo_pauldefusco.db/trs_v25]","IsNotNull(customer_id), IsNotNull(account_id), IsNotNull(merchant_id), IsNotNull(branch_id), IsNotNull(transaction_date)","customer_id:bigint,account_id:bigint,merchant_id:bigint,branch_id:bigint,transaction_date:date,transaction_amount:double","isnotnull(customer_id#1L), isnotnull(account_id#2L), isnotnull(merchant_id#3L), isnotnull(branch_id#4L), isnotnull(transaction_date#5)","",false
1,14,126,"Parquet",0,0,0,0,"InMemoryFileIndex(1 paths)[s3a://goes-se-sandbox/data/warehouse/tablespace/external/hive/demo_pauldefusco.db/trs_v25]","IsNotNull(customer_id), IsNotNull(account_id), IsNotNull(merchant_id), IsNotNull(branch_id), IsNotNull(transaction_date)","customer_id:bigint,account_id:bigint,merchant_id:bigint,branch_id:bigint,transaction_date:date,transaction_amount:double,fraud_flag:int","isnotnull(customer_id#751L), isnotnull(account_id#752L), isnotnull(merchant_id#753L), isnotnull(branch_id#754L), isnotnull(transaction_date#755)","",false
1,15,63,"Parquet",0,0,0,0,"InMemoryFileIndex(1 paths)[s3a://goes-se-sandbox/data/warehouse/tablespace/external/hive/demo_pauldefusco.db/accounts_skewed]","IsNotNull(account_id)","account_id:bigint","isnotnull(account_id#51L)","",false
1,15,146,"Parquet",0,0,0,0,"InMemoryFileIndex(1 paths)[s3a://goes-se-sandbox/data/warehouse/tablespace/external/hive/demo_pauldefusco.db/branches_skewed]","IsNotNull(branch_id)","branch_id:bigint","isnotnull(branch_id#795L)","",false
1,15,79,"Parquet",0,0,0,0,"InMemoryFileIndex(1 paths)[s3a://goes-se-sandbox/data/warehouse/tablespace/external/hive/demo_pauldefusco.db/branches_skewed]","IsNotNull(branch_id)","branch_id:bigint,state:string,region:string","isnotnull(branch_id#90L)","",false
1,15,154,"Parquet",0,0,0,0,"InMemoryFileIndex(1 paths)[s3a://goes-se-sandbox/data/warehouse/tablespace/external/hive/demo_pauldefusco.db/calendar]","IsNotNull(calendar_date)","calendar_date:date","isnotnull(calendar_date#806)","",false
1,15,85,"Parquet",0,0,0,0,"InMemoryFileIndex(1 paths)[s3a://goes-se-sandbox/data/warehouse/tablespace/external/hive/demo_pauldefusco.db/calendar]","IsNotNull(calendar_date)","calendar_date:date,year:int,quarter:int,month:int","isnotnull(calendar_date#112)","",false
1,15,56,"Parquet",0,0,0,0,"InMemoryFileIndex(1 paths)[s3a://goes-se-sandbox/data/warehouse/tablespace/external/hive/demo_pauldefusco.db/customers_skewed]","IsNotNull(customer_id), IsNotNull(customer_segment), IsNotNull(risk_rating)","customer_id:bigint,customer_segment:string,risk_rating:string","isnotnull(customer_id#30L), isnotnull(customer_segment#37), isnotnull(risk_rating#39)","",false
1,15,197,"Parquet",0,0,0,0,"InMemoryFileIndex(1 paths)[s3a://goes-se-sandbox/data/warehouse/tablespace/external/hive/demo_pauldefusco.db/customers_skewed]","IsNotNull(customer_id), IsNotNull(customer_segment), IsNotNull(risk_rating)","customer_id:bigint,customer_segment:string,risk_rating:string","isnotnull(customer_id#30L), isnotnull(customer_segment#37), isnotnull(risk_rating#39)","",false
1,15,138,"Parquet",0,0,0,0,"InMemoryFileIndex(1 paths)[s3a://goes-se-sandbox/data/warehouse/tablespace/external/hive/demo_pauldefusco.db/merchants_skewed]","IsNotNull(merchant_id)","merchant_id:bigint","isnotnull(merchant_id#785L)","",false
1,15,71,"Parquet",0,0,0,0,"InMemoryFileIndex(1 paths)[s3a://goes-se-sandbox/data/warehouse/tablespace/external/hive/demo_pauldefusco.db/merchants_skewed]","IsNotNull(merchant_id), IsNotNull(merchant_category), IsNotNull(region)","merchant_id:bigint,region:string,merchant_category:string","isnotnull(merchant_id#70L), isnotnull(merchant_category#73), isnotnull(region#72)","",false
1,15,49,"Parquet",0,0,0,0,"InMemoryFileIndex(1 paths)[s3a://goes-se-sandbox/data/warehouse/tablespace/external/hive/demo_pauldefusco.db/trs_v25]","IsNotNull(customer_id), IsNotNull(account_id), IsNotNull(merchant_id), IsNotNull(branch_id), IsNotNull(transaction_date)","customer_id:bigint,account_id:bigint,merchant_id:bigint,branch_id:bigint,transaction_date:date,transaction_amount:double","isnotnull(customer_id#1L), isnotnull(account_id#2L), isnotnull(merchant_id#3L), isnotnull(branch_id#4L), isnotnull(transaction_date#5)","",false
1,15,126,"Parquet",0,0,0,0,"InMemoryFileIndex(1 paths)[s3a://goes-se-sandbox/data/warehouse/tablespace/external/hive/demo_pauldefusco.db/trs_v25]","IsNotNull(customer_id), IsNotNull(account_id), IsNotNull(merchant_id), IsNotNull(branch_id), IsNotNull(transaction_date)","customer_id:bigint,account_id:bigint,merchant_id:bigint,branch_id:bigint,transaction_date:date,transaction_amount:double,fraud_flag:int","isnotnull(customer_id#751L), isnotnull(account_id#752L), isnotnull(merchant_id#753L), isnotnull(branch_id#754L), isnotnull(transaction_date#755)","",false
1,16,66,"Parquet",0,0,0,0,"InMemoryFileIndex(1 paths)[s3a://goes-se-sandbox/data/warehouse/tablespace/external/hive/demo_pauldefusco.db/accounts_skewed]","IsNotNull(account_id)","account_id:bigint","isnotnull(account_id#51L)","",false
1,16,151,"Parquet",0,0,0,0,"InMemoryFileIndex(1 paths)[s3a://goes-se-sandbox/data/warehouse/tablespace/external/hive/demo_pauldefusco.db/branches_skewed]","IsNotNull(branch_id)","branch_id:bigint","isnotnull(branch_id#795L)","",false
1,16,82,"Parquet",0,0,0,0,"InMemoryFileIndex(1 paths)[s3a://goes-se-sandbox/data/warehouse/tablespace/external/hive/demo_pauldefusco.db/branches_skewed]","IsNotNull(branch_id)","branch_id:bigint,state:string,region:string","isnotnull(branch_id#90L)","",false
1,16,159,"Parquet",0,0,0,0,"InMemoryFileIndex(1 paths)[s3a://goes-se-sandbox/data/warehouse/tablespace/external/hive/demo_pauldefusco.db/calendar]","IsNotNull(calendar_date)","calendar_date:date","isnotnull(calendar_date#806)","",false
1,16,90,"Parquet",0,0,0,0,"InMemoryFileIndex(1 paths)[s3a://goes-se-sandbox/data/warehouse/tablespace/external/hive/demo_pauldefusco.db/calendar]","IsNotNull(calendar_date)","calendar_date:date,year:int,quarter:int,month:int","isnotnull(calendar_date#112)","",false
1,16,59,"Parquet",0,0,0,0,"InMemoryFileIndex(1 paths)[s3a://goes-se-sandbox/data/warehouse/tablespace/external/hive/demo_pauldefusco.db/customers_skewed]","IsNotNull(customer_id), IsNotNull(customer_segment), IsNotNull(risk_rating)","customer_id:bigint,customer_segment:string,risk_rating:string","isnotnull(customer_id#30L), isnotnull(customer_segment#37), isnotnull(risk_rating#39)","",false
1,16,202,"Parquet",0,0,0,0,"InMemoryFileIndex(1 paths)[s3a://goes-se-sandbox/data/warehouse/tablespace/external/hive/demo_pauldefusco.db/customers_skewed]","IsNotNull(customer_id), IsNotNull(customer_segment), IsNotNull(risk_rating)","customer_id:bigint,customer_segment:string,risk_rating:string","isnotnull(customer_id#30L), isnotnull(customer_segment#37), isnotnull(risk_rating#39)","",false
1,16,143,"Parquet",0,0,0,0,"InMemoryFileIndex(1 paths)[s3a://goes-se-sandbox/data/warehouse/tablespace/external/hive/demo_pauldefusco.db/merchants_skewed]","IsNotNull(merchant_id)","merchant_id:bigint","isnotnull(merchant_id#785L)","",false
1,16,74,"Parquet",0,0,0,0,"InMemoryFileIndex(1 paths)[s3a://goes-se-sandbox/data/warehouse/tablespace/external/hive/demo_pauldefusco.db/merchants_skewed]","IsNotNull(merchant_id), IsNotNull(merchant_category), IsNotNull(region)","merchant_id:bigint,region:string,merchant_category:string","isnotnull(merchant_id#70L), isnotnull(merchant_category#73), isnotnull(region#72)","",false
1,16,52,"Parquet",0,0,0,0,"InMemoryFileIndex(1 paths)[s3a://goes-se-sandbox/data/warehouse/tablespace/external/hive/demo_pauldefusco.db/trs_v25]","IsNotNull(customer_id), IsNotNull(account_id), IsNotNull(merchant_id), IsNotNull(branch_id), IsNotNull(transaction_date)","customer_id:bigint,account_id:bigint,merchant_id:bigint,branch_id:bigint,transaction_date:date,transaction_amount:double","isnotnull(customer_id#1L), isnotnull(account_id#2L), isnotnull(merchant_id#3L), isnotnull(branch_id#4L), isnotnull(transaction_date#5)","",false
1,16,131,"Parquet",0,0,0,0,"InMemoryFileIndex(1 paths)[s3a://goes-se-sandbox/data/warehouse/tablespace/external/hive/demo_pauldefusco.db/trs_v25]","IsNotNull(customer_id), IsNotNull(account_id), IsNotNull(merchant_id), IsNotNull(branch_id), IsNotNull(transaction_date)","customer_id:bigint,account_id:bigint,merchant_id:bigint,branch_id:bigint,transaction_date:date,transaction_amount:double,fraud_flag:int","isnotnull(customer_id#751L), isnotnull(account_id#752L), isnotnull(merchant_id#753L), isnotnull(branch_id#754L), isnotnull(transaction_date#755)","",false
1,17,68,"Parquet",0,0,0,0,"InMemoryFileIndex(1 paths)[s3a://goes-se-sandbox/data/warehouse/tablespace/external/hive/demo_pauldefusco.db/accounts_skewed]","IsNotNull(account_id)","account_id:bigint","isnotnull(account_id#51L)","",false
1,17,154,"Parquet",0,0,0,0,"InMemoryFileIndex(1 paths)[s3a://goes-se-sandbox/data/warehouse/tablespace/external/hive/demo_pauldefusco.db/branches_skewed]","IsNotNull(branch_id)","branch_id:bigint","isnotnull(branch_id#795L)","",false
1,17,84,"Parquet",0,0,0,0,"InMemoryFileIndex(1 paths)[s3a://goes-se-sandbox/data/warehouse/tablespace/external/hive/demo_pauldefusco.db/branches_skewed]","IsNotNull(branch_id)","branch_id:bigint,state:string,region:string","isnotnull(branch_id#90L)","",false
1,17,162,"Parquet",0,0,0,0,"InMemoryFileIndex(1 paths)[s3a://goes-se-sandbox/data/warehouse/tablespace/external/hive/demo_pauldefusco.db/calendar]","IsNotNull(calendar_date)","calendar_date:date","isnotnull(calendar_date#806)","",false
1,17,92,"Parquet",0,0,0,0,"InMemoryFileIndex(1 paths)[s3a://goes-se-sandbox/data/warehouse/tablespace/external/hive/demo_pauldefusco.db/calendar]","IsNotNull(calendar_date)","calendar_date:date,year:int,quarter:int,month:int","isnotnull(calendar_date#112)","",false
1,17,61,"Parquet",0,0,0,0,"InMemoryFileIndex(1 paths)[s3a://goes-se-sandbox/data/warehouse/tablespace/external/hive/demo_pauldefusco.db/customers_skewed]","IsNotNull(customer_id), IsNotNull(customer_segment), IsNotNull(risk_rating)","customer_id:bigint,customer_segment:string,risk_rating:string","isnotnull(customer_id#30L), isnotnull(customer_segment#37), isnotnull(risk_rating#39)","",false
1,17,205,"Parquet",0,0,0,0,"InMemoryFileIndex(1 paths)[s3a://goes-se-sandbox/data/warehouse/tablespace/external/hive/demo_pauldefusco.db/customers_skewed]","IsNotNull(customer_id), IsNotNull(customer_segment), IsNotNull(risk_rating)","customer_id:bigint,customer_segment:string,risk_rating:string","isnotnull(customer_id#30L), isnotnull(customer_segment#37), isnotnull(risk_rating#39)","",false
1,17,146,"Parquet",0,0,0,0,"InMemoryFileIndex(1 paths)[s3a://goes-se-sandbox/data/warehouse/tablespace/external/hive/demo_pauldefusco.db/merchants_skewed]","IsNotNull(merchant_id)","merchant_id:bigint","isnotnull(merchant_id#785L)","",false
1,17,76,"Parquet",0,0,0,0,"InMemoryFileIndex(1 paths)[s3a://goes-se-sandbox/data/warehouse/tablespace/external/hive/demo_pauldefusco.db/merchants_skewed]","IsNotNull(merchant_id), IsNotNull(merchant_category), IsNotNull(region)","merchant_id:bigint,region:string,merchant_category:string","isnotnull(merchant_id#70L), isnotnull(merchant_category#73), isnotnull(region#72)","",false
1,17,54,"Parquet",0,0,0,0,"InMemoryFileIndex(1 paths)[s3a://goes-se-sandbox/data/warehouse/tablespace/external/hive/demo_pauldefusco.db/trs_v25]","IsNotNull(customer_id), IsNotNull(account_id), IsNotNull(merchant_id), IsNotNull(branch_id), IsNotNull(transaction_date)","customer_id:bigint,account_id:bigint,merchant_id:bigint,branch_id:bigint,transaction_date:date,transaction_amount:double","isnotnull(customer_id#1L), isnotnull(account_id#2L), isnotnull(merchant_id#3L), isnotnull(branch_id#4L), isnotnull(transaction_date#5)","",false
1,17,134,"Parquet",0,0,0,0,"InMemoryFileIndex(1 paths)[s3a://goes-se-sandbox/data/warehouse/tablespace/external/hive/demo_pauldefusco.db/trs_v25]","IsNotNull(customer_id), IsNotNull(account_id), IsNotNull(merchant_id), IsNotNull(branch_id), IsNotNull(transaction_date)","customer_id:bigint,account_id:bigint,merchant_id:bigint,branch_id:bigint,transaction_date:date,transaction_amount:double,fraud_flag:int","isnotnull(customer_id#751L), isnotnull(account_id#752L), isnotnull(merchant_id#753L), isnotnull(branch_id#754L), isnotnull(transaction_date#755)","",false
1,18,70,"Parquet",0,0,0,0,"InMemoryFileIndex(1 paths)[s3a://goes-se-sandbox/data/warehouse/tablespace/external/hive/demo_pauldefusco.db/accounts_skewed]","IsNotNull(account_id)","account_id:bigint","isnotnull(account_id#51L)","",false
1,18,156,"Parquet",0,0,0,0,"InMemoryFileIndex(1 paths)[s3a://goes-se-sandbox/data/warehouse/tablespace/external/hive/demo_pauldefusco.db/branches_skewed]","IsNotNull(branch_id)","branch_id:bigint","isnotnull(branch_id#795L)","",false
1,18,86,"Parquet",0,0,0,0,"InMemoryFileIndex(1 paths)[s3a://goes-se-sandbox/data/warehouse/tablespace/external/hive/demo_pauldefusco.db/branches_skewed]","IsNotNull(branch_id)","branch_id:bigint,state:string,region:string","isnotnull(branch_id#90L)","",false
1,18,164,"Parquet",0,0,0,0,"InMemoryFileIndex(1 paths)[s3a://goes-se-sandbox/data/warehouse/tablespace/external/hive/demo_pauldefusco.db/calendar]","IsNotNull(calendar_date)","calendar_date:date","isnotnull(calendar_date#806)","",false
1,18,94,"Parquet",0,0,0,0,"InMemoryFileIndex(1 paths)[s3a://goes-se-sandbox/data/warehouse/tablespace/external/hive/demo_pauldefusco.db/calendar]","IsNotNull(calendar_date)","calendar_date:date,year:int,quarter:int,month:int","isnotnull(calendar_date#112)","",false
1,18,63,"Parquet",0,0,0,0,"InMemoryFileIndex(1 paths)[s3a://goes-se-sandbox/data/warehouse/tablespace/external/hive/demo_pauldefusco.db/customers_skewed]","IsNotNull(customer_id), IsNotNull(customer_segment), IsNotNull(risk_rating)","customer_id:bigint,customer_segment:string,risk_rating:string","isnotnull(customer_id#30L), isnotnull(customer_segment#37), isnotnull(risk_rating#39)","",false
1,18,208,"Parquet",0,0,0,0,"InMemoryFileIndex(1 paths)[s3a://goes-se-sandbox/data/warehouse/tablespace/external/hive/demo_pauldefusco.db/customers_skewed]","IsNotNull(customer_id), IsNotNull(customer_segment), IsNotNull(risk_rating)","customer_id:bigint,customer_segment:string,risk_rating:string","isnotnull(customer_id#30L), isnotnull(customer_segment#37), isnotnull(risk_rating#39)","",false
1,18,148,"Parquet",0,0,0,0,"InMemoryFileIndex(1 paths)[s3a://goes-se-sandbox/data/warehouse/tablespace/external/hive/demo_pauldefusco.db/merchants_skewed]","IsNotNull(merchant_id)","merchant_id:bigint","isnotnull(merchant_id#785L)","",false
1,18,78,"Parquet",0,0,0,0,"InMemoryFileIndex(1 paths)[s3a://goes-se-sandbox/data/warehouse/tablespace/external/hive/demo_pauldefusco.db/merchants_skewed]","IsNotNull(merchant_id), IsNotNull(merchant_category), IsNotNull(region)","merchant_id:bigint,region:string,merchant_category:string","isnotnull(merchant_id#70L), isnotnull(merchant_category#73), isnotnull(region#72)","",false
1,18,56,"Parquet",0,0,0,0,"InMemoryFileIndex(1 paths)[s3a://goes-se-sandbox/data/warehouse/tablespace/external/hive/demo_pauldefusco.db/trs_v25]","IsNotNull(customer_id), IsNotNull(account_id), IsNotNull(merchant_id), IsNotNull(branch_id), IsNotNull(transaction_date)","customer_id:bigint,account_id:bigint,merchant_id:bigint,branch_id:bigint,transaction_date:date,transaction_amount:double","isnotnull(customer_id#1L), isnotnull(account_id#2L), isnotnull(merchant_id#3L), isnotnull(branch_id#4L), isnotnull(transaction_date#5)","",false
1,18,136,"Parquet",0,0,0,0,"InMemoryFileIndex(1 paths)[s3a://goes-se-sandbox/data/warehouse/tablespace/external/hive/demo_pauldefusco.db/trs_v25]","IsNotNull(customer_id), IsNotNull(account_id), IsNotNull(merchant_id), IsNotNull(branch_id), IsNotNull(transaction_date)","customer_id:bigint,account_id:bigint,merchant_id:bigint,branch_id:bigint,transaction_date:date,transaction_amount:double,fraud_flag:int","isnotnull(customer_id#751L), isnotnull(account_id#752L), isnotnull(merchant_id#753L), isnotnull(branch_id#754L), isnotnull(transaction_date#755)","",false
1,19,72,"Parquet",0,0,0,0,"InMemoryFileIndex(1 paths)[s3a://goes-se-sandbox/data/warehouse/tablespace/external/hive/demo_pauldefusco.db/accounts_skewed]","IsNotNull(account_id)","account_id:bigint","isnotnull(account_id#51L)","",false
1,19,158,"Parquet",0,0,0,0,"InMemoryFileIndex(1 paths)[s3a://goes-se-sandbox/data/warehouse/tablespace/external/hive/demo_pauldefusco.db/branches_skewed]","IsNotNull(branch_id)","branch_id:bigint","isnotnull(branch_id#795L)","",false
1,19,88,"Parquet",0,0,0,0,"InMemoryFileIndex(1 paths)[s3a://goes-se-sandbox/data/warehouse/tablespace/external/hive/demo_pauldefusco.db/branches_skewed]","IsNotNull(branch_id)","branch_id:bigint,state:string,region:string","isnotnull(branch_id#90L)","",false
1,19,166,"Parquet",0,0,0,0,"InMemoryFileIndex(1 paths)[s3a://goes-se-sandbox/data/warehouse/tablespace/external/hive/demo_pauldefusco.db/calendar]","IsNotNull(calendar_date)","calendar_date:date","isnotnull(calendar_date#806)","",false
1,19,96,"Parquet",0,0,0,0,"InMemoryFileIndex(1 paths)[s3a://goes-se-sandbox/data/warehouse/tablespace/external/hive/demo_pauldefusco.db/calendar]","IsNotNull(calendar_date)","calendar_date:date,year:int,quarter:int,month:int","isnotnull(calendar_date#112)","",false
1,19,65,"Parquet",0,0,0,0,"InMemoryFileIndex(1 paths)[s3a://goes-se-sandbox/data/warehouse/tablespace/external/hive/demo_pauldefusco.db/customers_skewed]","IsNotNull(customer_id), IsNotNull(customer_segment), IsNotNull(risk_rating)","customer_id:bigint,customer_segment:string,risk_rating:string","isnotnull(customer_id#30L), isnotnull(customer_segment#37), isnotnull(risk_rating#39)","",false
1,19,210,"Parquet",0,0,0,0,"InMemoryFileIndex(1 paths)[s3a://goes-se-sandbox/data/warehouse/tablespace/external/hive/demo_pauldefusco.db/customers_skewed]","IsNotNull(customer_id), IsNotNull(customer_segment), IsNotNull(risk_rating)","customer_id:bigint,customer_segment:string,risk_rating:string","isnotnull(customer_id#30L), isnotnull(customer_segment#37), isnotnull(risk_rating#39)","",false
1,19,150,"Parquet",0,0,0,0,"InMemoryFileIndex(1 paths)[s3a://goes-se-sandbox/data/warehouse/tablespace/external/hive/demo_pauldefusco.db/merchants_skewed]","IsNotNull(merchant_id)","merchant_id:bigint","isnotnull(merchant_id#785L)","",false
1,19,80,"Parquet",0,0,0,0,"InMemoryFileIndex(1 paths)[s3a://goes-se-sandbox/data/warehouse/tablespace/external/hive/demo_pauldefusco.db/merchants_skewed]","IsNotNull(merchant_id), IsNotNull(merchant_category), IsNotNull(region)","merchant_id:bigint,region:string,merchant_category:string","isnotnull(merchant_id#70L), isnotnull(merchant_category#73), isnotnull(region#72)","",false
1,19,58,"Parquet",0,0,0,0,"InMemoryFileIndex(1 paths)[s3a://goes-se-sandbox/data/warehouse/tablespace/external/hive/demo_pauldefusco.db/trs_v25]","IsNotNull(customer_id), IsNotNull(account_id), IsNotNull(merchant_id), IsNotNull(branch_id), IsNotNull(transaction_date)","customer_id:bigint,account_id:bigint,merchant_id:bigint,branch_id:bigint,transaction_date:date,transaction_amount:double","isnotnull(customer_id#1L), isnotnull(account_id#2L), isnotnull(merchant_id#3L), isnotnull(branch_id#4L), isnotnull(transaction_date#5)","",false
1,19,138,"Parquet",0,0,0,0,"InMemoryFileIndex(1 paths)[s3a://goes-se-sandbox/data/warehouse/tablespace/external/hive/demo_pauldefusco.db/trs_v25]","IsNotNull(customer_id), IsNotNull(account_id), IsNotNull(merchant_id), IsNotNull(branch_id), IsNotNull(transaction_date)","customer_id:bigint,account_id:bigint,merchant_id:bigint,branch_id:bigint,transaction_date:date,transaction_amount:double,fraud_flag:int","isnotnull(customer_id#751L), isnotnull(account_id#752L), isnotnull(merchant_id#753L), isnotnull(branch_id#754L), isnotnull(transaction_date#755)","",false
1,20,74,"Parquet",0,351475,83622504,0,"InMemoryFileIndex(1 paths)[s3a://goes-se-sandbox/data/warehouse/tablespace/external/hive/demo_pauldefusco.db/accounts_skewed]","IsNotNull(account_id)","account_id:bigint","isnotnull(account_id#51L)","",true
1,20,160,"Parquet",0,21804,360683,0,"InMemoryFileIndex(1 paths)[s3a://goes-se-sandbox/data/warehouse/tablespace/external/hive/demo_pauldefusco.db/branches_skewed]","IsNotNull(branch_id)","branch_id:bigint","isnotnull(branch_id#795L)","",true
1,20,90,"Parquet",0,23453,360683,0,"InMemoryFileIndex(1 paths)[s3a://goes-se-sandbox/data/warehouse/tablespace/external/hive/demo_pauldefusco.db/branches_skewed]","IsNotNull(branch_id)","branch_id:bigint,state:string,region:string","isnotnull(branch_id#90L)","",true
1,20,168,"Parquet",0,193,10508,0,"InMemoryFileIndex(1 paths)[s3a://goes-se-sandbox/data/warehouse/tablespace/external/hive/demo_pauldefusco.db/calendar]","IsNotNull(calendar_date)","calendar_date:date","isnotnull(calendar_date#806)","",true
1,20,98,"Parquet",0,175,10508,0,"InMemoryFileIndex(1 paths)[s3a://goes-se-sandbox/data/warehouse/tablespace/external/hive/demo_pauldefusco.db/calendar]","IsNotNull(calendar_date)","calendar_date:date,year:int,quarter:int,month:int","isnotnull(calendar_date#112)","",true
1,20,67,"Parquet",0,347458,42431919,0,"InMemoryFileIndex(1 paths)[s3a://goes-se-sandbox/data/warehouse/tablespace/external/hive/demo_pauldefusco.db/customers_skewed]","IsNotNull(customer_id), IsNotNull(customer_segment), IsNotNull(risk_rating)","customer_id:bigint,customer_segment:string,risk_rating:string","isnotnull(customer_id#30L), isnotnull(customer_segment#37), isnotnull(risk_rating#39)","",true
1,20,212,"Parquet",0,388482,42431919,0,"InMemoryFileIndex(1 paths)[s3a://goes-se-sandbox/data/warehouse/tablespace/external/hive/demo_pauldefusco.db/customers_skewed]","IsNotNull(customer_id), IsNotNull(customer_segment), IsNotNull(risk_rating)","customer_id:bigint,customer_segment:string,risk_rating:string","isnotnull(customer_id#30L), isnotnull(customer_segment#37), isnotnull(risk_rating#39)","",true
1,20,152,"Parquet",0,335182,13585953,0,"InMemoryFileIndex(1 paths)[s3a://goes-se-sandbox/data/warehouse/tablespace/external/hive/demo_pauldefusco.db/merchants_skewed]","IsNotNull(merchant_id)","merchant_id:bigint","isnotnull(merchant_id#785L)","",true
1,20,82,"Parquet",0,366613,13585953,0,"InMemoryFileIndex(1 paths)[s3a://goes-se-sandbox/data/warehouse/tablespace/external/hive/demo_pauldefusco.db/merchants_skewed]","IsNotNull(merchant_id), IsNotNull(merchant_category), IsNotNull(region)","merchant_id:bigint,region:string,merchant_category:string","isnotnull(merchant_id#70L), isnotnull(merchant_category#73), isnotnull(region#72)","",true
1,20,60,"Parquet",0,6594473,139988262866,0,"InMemoryFileIndex(1 paths)[s3a://goes-se-sandbox/data/warehouse/tablespace/external/hive/demo_pauldefusco.db/trs_v25]","IsNotNull(customer_id), IsNotNull(account_id), IsNotNull(merchant_id), IsNotNull(branch_id), IsNotNull(transaction_date)","customer_id:bigint,account_id:bigint,merchant_id:bigint,branch_id:bigint,transaction_date:date,transaction_amount:double","isnotnull(customer_id#1L), isnotnull(account_id#2L), isnotnull(merchant_id#3L), isnotnull(branch_id#4L), isnotnull(transaction_date#5)","",true
1,20,140,"Parquet",0,3476183,139988262866,0,"InMemoryFileIndex(1 paths)[s3a://goes-se-sandbox/data/warehouse/tablespace/external/hive/demo_pauldefusco.db/trs_v25]","IsNotNull(customer_id), IsNotNull(account_id), IsNotNull(merchant_id), IsNotNull(branch_id), IsNotNull(transaction_date)","customer_id:bigint,account_id:bigint,merchant_id:bigint,branch_id:bigint,transaction_date:date,transaction_amount:double,fraud_flag:int","isnotnull(customer_id#751L), isnotnull(account_id#752L), isnotnull(merchant_id#753L), isnotnull(branch_id#754L), isnotnull(transaction_date#755)","",true
2,0,44,"Parquet",0,0,0,0,"InMemoryFileIndex(1 paths)[s3a://goes-se-sandbox/data/warehouse/tablespace/external/hive/demo_pauldefusco.db/accounts_skewed]","IsNotNull(account_id)","account_id:bigint","isnotnull(account_id#51L)","",false
2,0,90,"Parquet",0,0,0,0,"InMemoryFileIndex(1 paths)[s3a://goes-se-sandbox/data/warehouse/tablespace/external/hive/demo_pauldefusco.db/accounts_skewed]","IsNotNull(account_id)","account_id:bigint","isnotnull(account_id#776L)","",false
2,0,136,"Parquet",0,0,0,0,"InMemoryFileIndex(1 paths)[s3a://goes-se-sandbox/data/warehouse/tablespace/external/hive/demo_pauldefusco.db/accounts_skewed]","IsNotNull(account_id)","account_id:bigint","isnotnull(account_id#875L)","",false
2,0,98,"Parquet",0,0,0,0,"InMemoryFileIndex(1 paths)[s3a://goes-se-sandbox/data/warehouse/tablespace/external/hive/demo_pauldefusco.db/branches_skewed]","IsNotNull(branch_id)","branch_id:bigint","isnotnull(branch_id#795L)","",false
2,0,144,"Parquet",0,0,0,0,"InMemoryFileIndex(1 paths)[s3a://goes-se-sandbox/data/warehouse/tablespace/external/hive/demo_pauldefusco.db/branches_skewed]","IsNotNull(branch_id)","branch_id:bigint","isnotnull(branch_id#894L)","",false
2,0,52,"Parquet",0,0,0,0,"InMemoryFileIndex(1 paths)[s3a://goes-se-sandbox/data/warehouse/tablespace/external/hive/demo_pauldefusco.db/branches_skewed]","IsNotNull(branch_id)","branch_id:bigint,state:string,region:string","isnotnull(branch_id#90L)","",false
2,0,102,"Parquet",0,0,0,0,"InMemoryFileIndex(1 paths)[s3a://goes-se-sandbox/data/warehouse/tablespace/external/hive/demo_pauldefusco.db/calendar]","IsNotNull(calendar_date)","calendar_date:date","isnotnull(calendar_date#806)","",false
2,0,148,"Parquet",0,0,0,0,"InMemoryFileIndex(1 paths)[s3a://goes-se-sandbox/data/warehouse/tablespace/external/hive/demo_pauldefusco.db/calendar]","IsNotNull(calendar_date)","calendar_date:date","isnotnull(calendar_date#905)","",false
2,0,56,"Parquet",0,0,0,0,"InMemoryFileIndex(1 paths)[s3a://goes-se-sandbox/data/warehouse/tablespace/external/hive/demo_pauldefusco.db/calendar]","IsNotNull(calendar_date)","calendar_date:date,year:int,quarter:int,month:int","isnotnull(calendar_date#112)","",false
2,0,132,"Parquet",0,0,0,0,"InMemoryFileIndex(1 paths)[s3a://goes-se-sandbox/data/warehouse/tablespace/external/hive/demo_pauldefusco.db/customers_skewed]","IsNotNull(customer_id)","customer_id:bigint","isnotnull(customer_id#864L)","",false
2,0,40,"Parquet",0,0,0,0,"InMemoryFileIndex(1 paths)[s3a://goes-se-sandbox/data/warehouse/tablespace/external/hive/demo_pauldefusco.db/customers_skewed]","IsNotNull(customer_id), IsNotNull(customer_segment), IsNotNull(risk_rating)","customer_id:bigint,customer_segment:string,risk_rating:string","isnotnull(customer_id#30L), isnotnull(customer_segment#37), isnotnull(risk_rating#39)","",false
2,0,86,"Parquet",0,0,0,0,"InMemoryFileIndex(1 paths)[s3a://goes-se-sandbox/data/warehouse/tablespace/external/hive/demo_pauldefusco.db/customers_skewed]","IsNotNull(customer_id), IsNotNull(customer_segment), IsNotNull(risk_rating)","customer_id:bigint,customer_segment:string,risk_rating:string","isnotnull(customer_id#765L), isnotnull(customer_segment#772), isnotnull(risk_rating#774)","",false
2,0,94,"Parquet",0,0,0,0,"InMemoryFileIndex(1 paths)[s3a://goes-se-sandbox/data/warehouse/tablespace/external/hive/demo_pauldefusco.db/merchants_skewed]","IsNotNull(merchant_id)","merchant_id:bigint","isnotnull(merchant_id#785L)","",false
2,0,48,"Parquet",0,0,0,0,"InMemoryFileIndex(1 paths)[s3a://goes-se-sandbox/data/warehouse/tablespace/external/hive/demo_pauldefusco.db/merchants_skewed]","IsNotNull(merchant_id), IsNotNull(merchant_category), IsNotNull(region)","merchant_id:bigint,region:string,merchant_category:string","isnotnull(merchant_id#70L), isnotnull(merchant_category#73), isnotnull(region#72)","",false
2,0,140,"Parquet",0,0,0,0,"InMemoryFileIndex(1 paths)[s3a://goes-se-sandbox/data/warehouse/tablespace/external/hive/demo_pauldefusco.db/merchants_skewed]","IsNotNull(merchant_id), IsNotNull(merchant_category), IsNotNull(region)","merchant_id:bigint,region:string,merchant_category:string","isnotnull(merchant_id#884L), isnotnull(merchant_category#887), isnotnull(region#886)","",false
2,0,82,"Parquet",0,0,0,0,"InMemoryFileIndex(1 paths)[s3a://goes-se-sandbox/data/warehouse/tablespace/external/hive/demo_pauldefusco.db/trs_v25]","IsNotNull(customer_id), IsNotNull(account_id), IsNotNull(merchant_id), IsNotNull(branch_id), IsNotNull(transaction_date)","customer_id:bigint,account_id:bigint,merchant_id:bigint,branch_id:bigint,transaction_date:date","isnotnull(customer_id#751L), isnotnull(account_id#752L), isnotnull(merchant_id#753L), isnotnull(branch_id#754L), isnotnull(transaction_date#755)","",false
2,0,128,"Parquet",0,0,0,0,"InMemoryFileIndex(1 paths)[s3a://goes-se-sandbox/data/warehouse/tablespace/external/hive/demo_pauldefusco.db/trs_v25]","IsNotNull(customer_id), IsNotNull(account_id), IsNotNull(merchant_id), IsNotNull(branch_id), IsNotNull(transaction_date)","customer_id:bigint,account_id:bigint,merchant_id:bigint,branch_id:bigint,transaction_date:date","isnotnull(customer_id#850L), isnotnull(account_id#851L), isnotnull(merchant_id#852L), isnotnull(branch_id#853L), isnotnull(transaction_date#854)","",false
2,0,36,"Parquet",0,0,0,0,"InMemoryFileIndex(1 paths)[s3a://goes-se-sandbox/data/warehouse/tablespace/external/hive/demo_pauldefusco.db/trs_v25]","IsNotNull(customer_id), IsNotNull(account_id), IsNotNull(merchant_id), IsNotNull(branch_id), IsNotNull(transaction_date)","customer_id:bigint,account_id:bigint,merchant_id:bigint,branch_id:bigint,transaction_date:date,transaction_amount:double","isnotnull(customer_id#1L), isnotnull(account_id#2L), isnotnull(merchant_id#3L), isnotnull(branch_id#4L), isnotnull(transaction_date#5)","",false
2,1,50,"Parquet",0,0,0,0,"InMemoryFileIndex(1 paths)[s3a://goes-se-sandbox/data/warehouse/tablespace/external/hive/demo_pauldefusco.db/accounts_skewed]","IsNotNull(account_id)","account_id:bigint","isnotnull(account_id#51L)","",false
2,1,110,"Parquet",0,0,0,0,"InMemoryFileIndex(1 paths)[s3a://goes-se-sandbox/data/warehouse/tablespace/external/hive/demo_pauldefusco.db/branches_skewed]","IsNotNull(branch_id)","branch_id:bigint","isnotnull(branch_id#795L)","",false
2,1,62,"Parquet",0,0,0,0,"InMemoryFileIndex(1 paths)[s3a://goes-se-sandbox/data/warehouse/tablespace/external/hive/demo_pauldefusco.db/branches_skewed]","IsNotNull(branch_id)","branch_id:bigint,state:string,region:string","isnotnull(branch_id#90L)","",false
2,1,116,"Parquet",0,0,0,0,"InMemoryFileIndex(1 paths)[s3a://goes-se-sandbox/data/warehouse/tablespace/external/hive/demo_pauldefusco.db/calendar]","IsNotNull(calendar_date)","calendar_date:date","isnotnull(calendar_date#806)","",false
2,1,68,"Parquet",0,0,0,0,"InMemoryFileIndex(1 paths)[s3a://goes-se-sandbox/data/warehouse/tablespace/external/hive/demo_pauldefusco.db/calendar]","IsNotNull(calendar_date)","calendar_date:date,year:int,quarter:int,month:int","isnotnull(calendar_date#112)","",false
2,1,44,"Parquet",0,0,0,0,"InMemoryFileIndex(1 paths)[s3a://goes-se-sandbox/data/warehouse/tablespace/external/hive/demo_pauldefusco.db/customers_skewed]","IsNotNull(customer_id), IsNotNull(customer_segment), IsNotNull(risk_rating)","customer_id:bigint,customer_segment:string,risk_rating:string","isnotnull(customer_id#30L), isnotnull(customer_segment#37), isnotnull(risk_rating#39)","",false
2,1,145,"Parquet",0,0,0,0,"InMemoryFileIndex(1 paths)[s3a://goes-se-sandbox/data/warehouse/tablespace/external/hive/demo_pauldefusco.db/customers_skewed]","IsNotNull(customer_id), IsNotNull(customer_segment), IsNotNull(risk_rating)","customer_id:bigint,customer_segment:string,risk_rating:string","isnotnull(customer_id#30L), isnotnull(customer_segment#37), isnotnull(risk_rating#39)","",false
2,1,104,"Parquet",0,0,0,0,"InMemoryFileIndex(1 paths)[s3a://goes-se-sandbox/data/warehouse/tablespace/external/hive/demo_pauldefusco.db/merchants_skewed]","IsNotNull(merchant_id)","merchant_id:bigint","isnotnull(merchant_id#785L)","",false
2,1,56,"Parquet",0,0,0,0,"InMemoryFileIndex(1 paths)[s3a://goes-se-sandbox/data/warehouse/tablespace/external/hive/demo_pauldefusco.db/merchants_skewed]","IsNotNull(merchant_id), IsNotNull(merchant_category), IsNotNull(region)","merchant_id:bigint,region:string,merchant_category:string","isnotnull(merchant_id#70L), isnotnull(merchant_category#73), isnotnull(region#72)","",false
2,1,96,"Parquet",0,0,0,0,"InMemoryFileIndex(1 paths)[s3a://goes-se-sandbox/data/warehouse/tablespace/external/hive/demo_pauldefusco.db/trs_v25]","IsNotNull(customer_id), IsNotNull(account_id), IsNotNull(merchant_id), IsNotNull(branch_id), IsNotNull(transaction_date)","customer_id:bigint,account_id:bigint,merchant_id:bigint,branch_id:bigint,transaction_date:date","isnotnull(customer_id#751L), isnotnull(account_id#752L), isnotnull(merchant_id#753L), isnotnull(branch_id#754L), isnotnull(transaction_date#755)","",false
2,1,38,"Parquet",0,0,0,0,"InMemoryFileIndex(1 paths)[s3a://goes-se-sandbox/data/warehouse/tablespace/external/hive/demo_pauldefusco.db/trs_v25]","IsNotNull(customer_id), IsNotNull(account_id), IsNotNull(merchant_id), IsNotNull(branch_id), IsNotNull(transaction_date)","customer_id:bigint,account_id:bigint,merchant_id:bigint,branch_id:bigint,transaction_date:date,transaction_amount:double","isnotnull(customer_id#1L), isnotnull(account_id#2L), isnotnull(merchant_id#3L), isnotnull(branch_id#4L), isnotnull(transaction_date#5)","",false
2,2,53,"Parquet",0,0,0,0,"InMemoryFileIndex(1 paths)[s3a://goes-se-sandbox/data/warehouse/tablespace/external/hive/demo_pauldefusco.db/accounts_skewed]","IsNotNull(account_id)","account_id:bigint","isnotnull(account_id#51L)","",false
2,2,113,"Parquet",0,0,0,0,"InMemoryFileIndex(1 paths)[s3a://goes-se-sandbox/data/warehouse/tablespace/external/hive/demo_pauldefusco.db/branches_skewed]","IsNotNull(branch_id)","branch_id:bigint","isnotnull(branch_id#795L)","",false
2,2,65,"Parquet",0,0,0,0,"InMemoryFileIndex(1 paths)[s3a://goes-se-sandbox/data/warehouse/tablespace/external/hive/demo_pauldefusco.db/branches_skewed]","IsNotNull(branch_id)","branch_id:bigint,state:string,region:string","isnotnull(branch_id#90L)","",false
2,2,119,"Parquet",0,0,0,0,"InMemoryFileIndex(1 paths)[s3a://goes-se-sandbox/data/warehouse/tablespace/external/hive/demo_pauldefusco.db/calendar]","IsNotNull(calendar_date)","calendar_date:date","isnotnull(calendar_date#806)","",false
2,2,71,"Parquet",0,0,0,0,"InMemoryFileIndex(1 paths)[s3a://goes-se-sandbox/data/warehouse/tablespace/external/hive/demo_pauldefusco.db/calendar]","IsNotNull(calendar_date)","calendar_date:date,year:int,quarter:int,month:int","isnotnull(calendar_date#112)","",false
2,2,47,"Parquet",0,0,0,0,"InMemoryFileIndex(1 paths)[s3a://goes-se-sandbox/data/warehouse/tablespace/external/hive/demo_pauldefusco.db/customers_skewed]","IsNotNull(customer_id), IsNotNull(customer_segment), IsNotNull(risk_rating)","customer_id:bigint,customer_segment:string,risk_rating:string","isnotnull(customer_id#30L), isnotnull(customer_segment#37), isnotnull(risk_rating#39)","",false
2,2,148,"Parquet",0,0,0,0,"InMemoryFileIndex(1 paths)[s3a://goes-se-sandbox/data/warehouse/tablespace/external/hive/demo_pauldefusco.db/customers_skewed]","IsNotNull(customer_id), IsNotNull(customer_segment), IsNotNull(risk_rating)","customer_id:bigint,customer_segment:string,risk_rating:string","isnotnull(customer_id#30L), isnotnull(customer_segment#37), isnotnull(risk_rating#39)","",false
2,2,107,"Parquet",0,0,0,0,"InMemoryFileIndex(1 paths)[s3a://goes-se-sandbox/data/warehouse/tablespace/external/hive/demo_pauldefusco.db/merchants_skewed]","IsNotNull(merchant_id)","merchant_id:bigint","isnotnull(merchant_id#785L)","",false
2,2,59,"Parquet",0,0,0,0,"InMemoryFileIndex(1 paths)[s3a://goes-se-sandbox/data/warehouse/tablespace/external/hive/demo_pauldefusco.db/merchants_skewed]","IsNotNull(merchant_id), IsNotNull(merchant_category), IsNotNull(region)","merchant_id:bigint,region:string,merchant_category:string","isnotnull(merchant_id#70L), isnotnull(merchant_category#73), isnotnull(region#72)","",false
2,2,99,"Parquet",0,0,0,0,"InMemoryFileIndex(1 paths)[s3a://goes-se-sandbox/data/warehouse/tablespace/external/hive/demo_pauldefusco.db/trs_v25]","IsNotNull(customer_id), IsNotNull(account_id), IsNotNull(merchant_id), IsNotNull(branch_id), IsNotNull(transaction_date)","customer_id:bigint,account_id:bigint,merchant_id:bigint,branch_id:bigint,transaction_date:date","isnotnull(customer_id#751L), isnotnull(account_id#752L), isnotnull(merchant_id#753L), isnotnull(branch_id#754L), isnotnull(transaction_date#755)","",false
2,2,40,"Parquet",0,0,0,0,"InMemoryFileIndex(1 paths)[s3a://goes-se-sandbox/data/warehouse/tablespace/external/hive/demo_pauldefusco.db/trs_v25]","IsNotNull(customer_id), IsNotNull(account_id), IsNotNull(merchant_id), IsNotNull(branch_id), IsNotNull(transaction_date)","customer_id:bigint,account_id:bigint,merchant_id:bigint,branch_id:bigint,transaction_date:date,transaction_amount:double","isnotnull(customer_id#1L), isnotnull(account_id#2L), isnotnull(merchant_id#3L), isnotnull(branch_id#4L), isnotnull(transaction_date#5)","",false
2,3,53,"Parquet",0,0,0,0,"InMemoryFileIndex(1 paths)[s3a://goes-se-sandbox/data/warehouse/tablespace/external/hive/demo_pauldefusco.db/accounts_skewed]","IsNotNull(account_id)","account_id:bigint","isnotnull(account_id#51L)","",false
2,3,116,"Parquet",0,0,0,0,"InMemoryFileIndex(1 paths)[s3a://goes-se-sandbox/data/warehouse/tablespace/external/hive/demo_pauldefusco.db/branches_skewed]","IsNotNull(branch_id)","branch_id:bigint","isnotnull(branch_id#795L)","",false
2,3,65,"Parquet",0,0,0,0,"InMemoryFileIndex(1 paths)[s3a://goes-se-sandbox/data/warehouse/tablespace/external/hive/demo_pauldefusco.db/branches_skewed]","IsNotNull(branch_id)","branch_id:bigint,state:string,region:string","isnotnull(branch_id#90L)","",false
2,3,122,"Parquet",0,0,0,0,"InMemoryFileIndex(1 paths)[s3a://goes-se-sandbox/data/warehouse/tablespace/external/hive/demo_pauldefusco.db/calendar]","IsNotNull(calendar_date)","calendar_date:date","isnotnull(calendar_date#806)","",false
2,3,71,"Parquet",0,0,0,0,"InMemoryFileIndex(1 paths)[s3a://goes-se-sandbox/data/warehouse/tablespace/external/hive/demo_pauldefusco.db/calendar]","IsNotNull(calendar_date)","calendar_date:date,year:int,quarter:int,month:int","isnotnull(calendar_date#112)","",false
2,3,47,"Parquet",0,0,0,0,"InMemoryFileIndex(1 paths)[s3a://goes-se-sandbox/data/warehouse/tablespace/external/hive/demo_pauldefusco.db/customers_skewed]","IsNotNull(customer_id), IsNotNull(customer_segment), IsNotNull(risk_rating)","customer_id:bigint,customer_segment:string,risk_rating:string","isnotnull(customer_id#30L), isnotnull(customer_segment#37), isnotnull(risk_rating#39)","",false
2,3,154,"Parquet",0,0,0,0,"InMemoryFileIndex(1 paths)[s3a://goes-se-sandbox/data/warehouse/tablespace/external/hive/demo_pauldefusco.db/customers_skewed]","IsNotNull(customer_id), IsNotNull(customer_segment), IsNotNull(risk_rating)","customer_id:bigint,customer_segment:string,risk_rating:string","isnotnull(customer_id#30L), isnotnull(customer_segment#37), isnotnull(risk_rating#39)","",false
2,3,110,"Parquet",0,0,0,0,"InMemoryFileIndex(1 paths)[s3a://goes-se-sandbox/data/warehouse/tablespace/external/hive/demo_pauldefusco.db/merchants_skewed]","IsNotNull(merchant_id)","merchant_id:bigint","isnotnull(merchant_id#785L)","",false
2,3,59,"Parquet",0,0,0,0,"InMemoryFileIndex(1 paths)[s3a://goes-se-sandbox/data/warehouse/tablespace/external/hive/demo_pauldefusco.db/merchants_skewed]","IsNotNull(merchant_id), IsNotNull(merchant_category), IsNotNull(region)","merchant_id:bigint,region:string,merchant_category:string","isnotnull(merchant_id#70L), isnotnull(merchant_category#73), isnotnull(region#72)","",false
2,3,101,"Parquet",0,0,0,0,"InMemoryFileIndex(1 paths)[s3a://goes-se-sandbox/data/warehouse/tablespace/external/hive/demo_pauldefusco.db/trs_v25]","IsNotNull(customer_id), IsNotNull(account_id), IsNotNull(merchant_id), IsNotNull(branch_id), IsNotNull(transaction_date)","customer_id:bigint,account_id:bigint,merchant_id:bigint,branch_id:bigint,transaction_date:date","isnotnull(customer_id#751L), isnotnull(account_id#752L), isnotnull(merchant_id#753L), isnotnull(branch_id#754L), isnotnull(transaction_date#755)","",false
2,3,40,"Parquet",0,0,0,0,"InMemoryFileIndex(1 paths)[s3a://goes-se-sandbox/data/warehouse/tablespace/external/hive/demo_pauldefusco.db/trs_v25]","IsNotNull(customer_id), IsNotNull(account_id), IsNotNull(merchant_id), IsNotNull(branch_id), IsNotNull(transaction_date)","customer_id:bigint,account_id:bigint,merchant_id:bigint,branch_id:bigint,transaction_date:date,transaction_amount:double","isnotnull(customer_id#1L), isnotnull(account_id#2L), isnotnull(merchant_id#3L), isnotnull(branch_id#4L), isnotnull(transaction_date#5)","",false
2,4,56,"Parquet",0,0,0,0,"InMemoryFileIndex(1 paths)[s3a://goes-se-sandbox/data/warehouse/tablespace/external/hive/demo_pauldefusco.db/accounts_skewed]","IsNotNull(account_id)","account_id:bigint","isnotnull(account_id#51L)","",false
2,4,119,"Parquet",0,0,0,0,"InMemoryFileIndex(1 paths)[s3a://goes-se-sandbox/data/warehouse/tablespace/external/hive/demo_pauldefusco.db/branches_skewed]","IsNotNull(branch_id)","branch_id:bigint","isnotnull(branch_id#795L)","",false
2,4,68,"Parquet",0,0,0,0,"InMemoryFileIndex(1 paths)[s3a://goes-se-sandbox/data/warehouse/tablespace/external/hive/demo_pauldefusco.db/branches_skewed]","IsNotNull(branch_id)","branch_id:bigint,state:string,region:string","isnotnull(branch_id#90L)","",false
2,4,125,"Parquet",0,0,0,0,"InMemoryFileIndex(1 paths)[s3a://goes-se-sandbox/data/warehouse/tablespace/external/hive/demo_pauldefusco.db/calendar]","IsNotNull(calendar_date)","calendar_date:date","isnotnull(calendar_date#806)","",false
2,4,74,"Parquet",0,0,0,0,"InMemoryFileIndex(1 paths)[s3a://goes-se-sandbox/data/warehouse/tablespace/external/hive/demo_pauldefusco.db/calendar]","IsNotNull(calendar_date)","calendar_date:date,year:int,quarter:int,month:int","isnotnull(calendar_date#112)","",false
2,4,49,"Parquet",0,0,0,0,"InMemoryFileIndex(1 paths)[s3a://goes-se-sandbox/data/warehouse/tablespace/external/hive/demo_pauldefusco.db/customers_skewed]","IsNotNull(customer_id), IsNotNull(customer_segment), IsNotNull(risk_rating)","customer_id:bigint,customer_segment:string,risk_rating:string","isnotnull(customer_id#30L), isnotnull(customer_segment#37), isnotnull(risk_rating#39)","",false
2,4,157,"Parquet",0,0,0,0,"InMemoryFileIndex(1 paths)[s3a://goes-se-sandbox/data/warehouse/tablespace/external/hive/demo_pauldefusco.db/customers_skewed]","IsNotNull(customer_id), IsNotNull(customer_segment), IsNotNull(risk_rating)","customer_id:bigint,customer_segment:string,risk_rating:string","isnotnull(customer_id#30L), isnotnull(customer_segment#37), isnotnull(risk_rating#39)","",false
2,4,113,"Parquet",0,0,0,0,"InMemoryFileIndex(1 paths)[s3a://goes-se-sandbox/data/warehouse/tablespace/external/hive/demo_pauldefusco.db/merchants_skewed]","IsNotNull(merchant_id)","merchant_id:bigint","isnotnull(merchant_id#785L)","",false
2,4,62,"Parquet",0,0,0,0,"InMemoryFileIndex(1 paths)[s3a://goes-se-sandbox/data/warehouse/tablespace/external/hive/demo_pauldefusco.db/merchants_skewed]","IsNotNull(merchant_id), IsNotNull(merchant_category), IsNotNull(region)","merchant_id:bigint,region:string,merchant_category:string","isnotnull(merchant_id#70L), isnotnull(merchant_category#73), isnotnull(region#72)","",false
2,4,104,"Parquet",0,0,0,0,"InMemoryFileIndex(1 paths)[s3a://goes-se-sandbox/data/warehouse/tablespace/external/hive/demo_pauldefusco.db/trs_v25]","IsNotNull(customer_id), IsNotNull(account_id), IsNotNull(merchant_id), IsNotNull(branch_id), IsNotNull(transaction_date)","customer_id:bigint,account_id:bigint,merchant_id:bigint,branch_id:bigint,transaction_date:date","isnotnull(customer_id#751L), isnotnull(account_id#752L), isnotnull(merchant_id#753L), isnotnull(branch_id#754L), isnotnull(transaction_date#755)","",false
2,4,42,"Parquet",0,0,0,0,"InMemoryFileIndex(1 paths)[s3a://goes-se-sandbox/data/warehouse/tablespace/external/hive/demo_pauldefusco.db/trs_v25]","IsNotNull(customer_id), IsNotNull(account_id), IsNotNull(merchant_id), IsNotNull(branch_id), IsNotNull(transaction_date)","customer_id:bigint,account_id:bigint,merchant_id:bigint,branch_id:bigint,transaction_date:date,transaction_amount:double","isnotnull(customer_id#1L), isnotnull(account_id#2L), isnotnull(merchant_id#3L), isnotnull(branch_id#4L), isnotnull(transaction_date#5)","",false
2,5,56,"Parquet",0,0,0,0,"InMemoryFileIndex(1 paths)[s3a://goes-se-sandbox/data/warehouse/tablespace/external/hive/demo_pauldefusco.db/accounts_skewed]","IsNotNull(account_id)","account_id:bigint","isnotnull(account_id#51L)","",false
2,5,122,"Parquet",0,0,0,0,"InMemoryFileIndex(1 paths)[s3a://goes-se-sandbox/data/warehouse/tablespace/external/hive/demo_pauldefusco.db/branches_skewed]","IsNotNull(branch_id)","branch_id:bigint","isnotnull(branch_id#795L)","",false
2,5,68,"Parquet",0,0,0,0,"InMemoryFileIndex(1 paths)[s3a://goes-se-sandbox/data/warehouse/tablespace/external/hive/demo_pauldefusco.db/branches_skewed]","IsNotNull(branch_id)","branch_id:bigint,state:string,region:string","isnotnull(branch_id#90L)","",false
2,5,128,"Parquet",0,0,0,0,"InMemoryFileIndex(1 paths)[s3a://goes-se-sandbox/data/warehouse/tablespace/external/hive/demo_pauldefusco.db/calendar]","IsNotNull(calendar_date)","calendar_date:date","isnotnull(calendar_date#806)","",false
2,5,74,"Parquet",0,0,0,0,"InMemoryFileIndex(1 paths)[s3a://goes-se-sandbox/data/warehouse/tablespace/external/hive/demo_pauldefusco.db/calendar]","IsNotNull(calendar_date)","calendar_date:date,year:int,quarter:int,month:int","isnotnull(calendar_date#112)","",false
2,5,49,"Parquet",0,0,0,0,"InMemoryFileIndex(1 paths)[s3a://goes-se-sandbox/data/warehouse/tablespace/external/hive/demo_pauldefusco.db/customers_skewed]","IsNotNull(customer_id), IsNotNull(customer_segment), IsNotNull(risk_rating)","customer_id:bigint,customer_segment:string,risk_rating:string","isnotnull(customer_id#30L), isnotnull(customer_segment#37), isnotnull(risk_rating#39)","",false
2,5,160,"Parquet",0,0,0,0,"InMemoryFileIndex(1 paths)[s3a://goes-se-sandbox/data/warehouse/tablespace/external/hive/demo_pauldefusco.db/customers_skewed]","IsNotNull(customer_id), IsNotNull(customer_segment), IsNotNull(risk_rating)","customer_id:bigint,customer_segment:string,risk_rating:string","isnotnull(customer_id#30L), isnotnull(customer_segment#37), isnotnull(risk_rating#39)","",false
2,5,116,"Parquet",0,0,0,0,"InMemoryFileIndex(1 paths)[s3a://goes-se-sandbox/data/warehouse/tablespace/external/hive/demo_pauldefusco.db/merchants_skewed]","IsNotNull(merchant_id)","merchant_id:bigint","isnotnull(merchant_id#785L)","",false
2,5,62,"Parquet",0,0,0,0,"InMemoryFileIndex(1 paths)[s3a://goes-se-sandbox/data/warehouse/tablespace/external/hive/demo_pauldefusco.db/merchants_skewed]","IsNotNull(merchant_id), IsNotNull(merchant_category), IsNotNull(region)","merchant_id:bigint,region:string,merchant_category:string","isnotnull(merchant_id#70L), isnotnull(merchant_category#73), isnotnull(region#72)","",false
2,5,106,"Parquet",0,0,0,0,"InMemoryFileIndex(1 paths)[s3a://goes-se-sandbox/data/warehouse/tablespace/external/hive/demo_pauldefusco.db/trs_v25]","IsNotNull(customer_id), IsNotNull(account_id), IsNotNull(merchant_id), IsNotNull(branch_id), IsNotNull(transaction_date)","customer_id:bigint,account_id:bigint,merchant_id:bigint,branch_id:bigint,transaction_date:date","isnotnull(customer_id#751L), isnotnull(account_id#752L), isnotnull(merchant_id#753L), isnotnull(branch_id#754L), isnotnull(transaction_date#755)","",false
2,5,42,"Parquet",0,0,0,0,"InMemoryFileIndex(1 paths)[s3a://goes-se-sandbox/data/warehouse/tablespace/external/hive/demo_pauldefusco.db/trs_v25]","IsNotNull(customer_id), IsNotNull(account_id), IsNotNull(merchant_id), IsNotNull(branch_id), IsNotNull(transaction_date)","customer_id:bigint,account_id:bigint,merchant_id:bigint,branch_id:bigint,transaction_date:date,transaction_amount:double","isnotnull(customer_id#1L), isnotnull(account_id#2L), isnotnull(merchant_id#3L), isnotnull(branch_id#4L), isnotnull(transaction_date#5)","",false
2,6,56,"Parquet",0,0,0,0,"InMemoryFileIndex(1 paths)[s3a://goes-se-sandbox/data/warehouse/tablespace/external/hive/demo_pauldefusco.db/accounts_skewed]","IsNotNull(account_id)","account_id:bigint","isnotnull(account_id#51L)","",false
2,6,122,"Parquet",0,0,0,0,"InMemoryFileIndex(1 paths)[s3a://goes-se-sandbox/data/warehouse/tablespace/external/hive/demo_pauldefusco.db/branches_skewed]","IsNotNull(branch_id)","branch_id:bigint","isnotnull(branch_id#795L)","",false
2,6,68,"Parquet",0,0,0,0,"InMemoryFileIndex(1 paths)[s3a://goes-se-sandbox/data/warehouse/tablespace/external/hive/demo_pauldefusco.db/branches_skewed]","IsNotNull(branch_id)","branch_id:bigint,state:string,region:string","isnotnull(branch_id#90L)","",false
2,6,128,"Parquet",0,0,0,0,"InMemoryFileIndex(1 paths)[s3a://goes-se-sandbox/data/warehouse/tablespace/external/hive/demo_pauldefusco.db/calendar]","IsNotNull(calendar_date)","calendar_date:date","isnotnull(calendar_date#806)","",false
2,6,74,"Parquet",0,0,0,0,"InMemoryFileIndex(1 paths)[s3a://goes-se-sandbox/data/warehouse/tablespace/external/hive/demo_pauldefusco.db/calendar]","IsNotNull(calendar_date)","calendar_date:date,year:int,quarter:int,month:int","isnotnull(calendar_date#112)","",false
2,6,49,"Parquet",0,0,0,0,"InMemoryFileIndex(1 paths)[s3a://goes-se-sandbox/data/warehouse/tablespace/external/hive/demo_pauldefusco.db/customers_skewed]","IsNotNull(customer_id), IsNotNull(customer_segment), IsNotNull(risk_rating)","customer_id:bigint,customer_segment:string,risk_rating:string","isnotnull(customer_id#30L), isnotnull(customer_segment#37), isnotnull(risk_rating#39)","",false
2,6,162,"Parquet",0,0,0,0,"InMemoryFileIndex(1 paths)[s3a://goes-se-sandbox/data/warehouse/tablespace/external/hive/demo_pauldefusco.db/customers_skewed]","IsNotNull(customer_id), IsNotNull(customer_segment), IsNotNull(risk_rating)","customer_id:bigint,customer_segment:string,risk_rating:string","isnotnull(customer_id#30L), isnotnull(customer_segment#37), isnotnull(risk_rating#39)","",false
2,6,116,"Parquet",0,0,0,0,"InMemoryFileIndex(1 paths)[s3a://goes-se-sandbox/data/warehouse/tablespace/external/hive/demo_pauldefusco.db/merchants_skewed]","IsNotNull(merchant_id)","merchant_id:bigint","isnotnull(merchant_id#785L)","",false
2,6,62,"Parquet",0,0,0,0,"InMemoryFileIndex(1 paths)[s3a://goes-se-sandbox/data/warehouse/tablespace/external/hive/demo_pauldefusco.db/merchants_skewed]","IsNotNull(merchant_id), IsNotNull(merchant_category), IsNotNull(region)","merchant_id:bigint,region:string,merchant_category:string","isnotnull(merchant_id#70L), isnotnull(merchant_category#73), isnotnull(region#72)","",false
2,6,106,"Parquet",0,0,0,0,"InMemoryFileIndex(1 paths)[s3a://goes-se-sandbox/data/warehouse/tablespace/external/hive/demo_pauldefusco.db/trs_v25]","IsNotNull(customer_id), IsNotNull(account_id), IsNotNull(merchant_id), IsNotNull(branch_id), IsNotNull(transaction_date)","customer_id:bigint,account_id:bigint,merchant_id:bigint,branch_id:bigint,transaction_date:date","isnotnull(customer_id#751L), isnotnull(account_id#752L), isnotnull(merchant_id#753L), isnotnull(branch_id#754L), isnotnull(transaction_date#755)","",false
2,6,42,"Parquet",0,0,0,0,"InMemoryFileIndex(1 paths)[s3a://goes-se-sandbox/data/warehouse/tablespace/external/hive/demo_pauldefusco.db/trs_v25]","IsNotNull(customer_id), IsNotNull(account_id), IsNotNull(merchant_id), IsNotNull(branch_id), IsNotNull(transaction_date)","customer_id:bigint,account_id:bigint,merchant_id:bigint,branch_id:bigint,transaction_date:date,transaction_amount:double","isnotnull(customer_id#1L), isnotnull(account_id#2L), isnotnull(merchant_id#3L), isnotnull(branch_id#4L), isnotnull(transaction_date#5)","",false
2,7,59,"Parquet",0,0,0,0,"InMemoryFileIndex(1 paths)[s3a://goes-se-sandbox/data/warehouse/tablespace/external/hive/demo_pauldefusco.db/accounts_skewed]","IsNotNull(account_id)","account_id:bigint","isnotnull(account_id#51L)","",false
2,7,127,"Parquet",0,0,0,0,"InMemoryFileIndex(1 paths)[s3a://goes-se-sandbox/data/warehouse/tablespace/external/hive/demo_pauldefusco.db/branches_skewed]","IsNotNull(branch_id)","branch_id:bigint","isnotnull(branch_id#795L)","",false
2,7,73,"Parquet",0,0,0,0,"InMemoryFileIndex(1 paths)[s3a://goes-se-sandbox/data/warehouse/tablespace/external/hive/demo_pauldefusco.db/branches_skewed]","IsNotNull(branch_id)","branch_id:bigint,state:string,region:string","isnotnull(branch_id#90L)","",false
2,7,133,"Parquet",0,0,0,0,"InMemoryFileIndex(1 paths)[s3a://goes-se-sandbox/data/warehouse/tablespace/external/hive/demo_pauldefusco.db/calendar]","IsNotNull(calendar_date)","calendar_date:date","isnotnull(calendar_date#806)","",false
2,7,79,"Parquet",0,0,0,0,"InMemoryFileIndex(1 paths)[s3a://goes-se-sandbox/data/warehouse/tablespace/external/hive/demo_pauldefusco.db/calendar]","IsNotNull(calendar_date)","calendar_date:date,year:int,quarter:int,month:int","isnotnull(calendar_date#112)","",false
2,7,52,"Parquet",0,0,0,0,"InMemoryFileIndex(1 paths)[s3a://goes-se-sandbox/data/warehouse/tablespace/external/hive/demo_pauldefusco.db/customers_skewed]","IsNotNull(customer_id), IsNotNull(customer_segment), IsNotNull(risk_rating)","customer_id:bigint,customer_segment:string,risk_rating:string","isnotnull(customer_id#30L), isnotnull(customer_segment#37), isnotnull(risk_rating#39)","",false
2,7,167,"Parquet",0,0,0,0,"InMemoryFileIndex(1 paths)[s3a://goes-se-sandbox/data/warehouse/tablespace/external/hive/demo_pauldefusco.db/customers_skewed]","IsNotNull(customer_id), IsNotNull(customer_segment), IsNotNull(risk_rating)","customer_id:bigint,customer_segment:string,risk_rating:string","isnotnull(customer_id#30L), isnotnull(customer_segment#37), isnotnull(risk_rating#39)","",false
2,7,121,"Parquet",0,0,0,0,"InMemoryFileIndex(1 paths)[s3a://goes-se-sandbox/data/warehouse/tablespace/external/hive/demo_pauldefusco.db/merchants_skewed]","IsNotNull(merchant_id)","merchant_id:bigint","isnotnull(merchant_id#785L)","",false
2,7,67,"Parquet",0,0,0,0,"InMemoryFileIndex(1 paths)[s3a://goes-se-sandbox/data/warehouse/tablespace/external/hive/demo_pauldefusco.db/merchants_skewed]","IsNotNull(merchant_id), IsNotNull(merchant_category), IsNotNull(region)","merchant_id:bigint,region:string,merchant_category:string","isnotnull(merchant_id#70L), isnotnull(merchant_category#73), isnotnull(region#72)","",false
2,7,111,"Parquet",0,0,0,0,"InMemoryFileIndex(1 paths)[s3a://goes-se-sandbox/data/warehouse/tablespace/external/hive/demo_pauldefusco.db/trs_v25]","IsNotNull(customer_id), IsNotNull(account_id), IsNotNull(merchant_id), IsNotNull(branch_id), IsNotNull(transaction_date)","customer_id:bigint,account_id:bigint,merchant_id:bigint,branch_id:bigint,transaction_date:date","isnotnull(customer_id#751L), isnotnull(account_id#752L), isnotnull(merchant_id#753L), isnotnull(branch_id#754L), isnotnull(transaction_date#755)","",false
2,7,45,"Parquet",0,0,0,0,"InMemoryFileIndex(1 paths)[s3a://goes-se-sandbox/data/warehouse/tablespace/external/hive/demo_pauldefusco.db/trs_v25]","IsNotNull(customer_id), IsNotNull(account_id), IsNotNull(merchant_id), IsNotNull(branch_id), IsNotNull(transaction_date)","customer_id:bigint,account_id:bigint,merchant_id:bigint,branch_id:bigint,transaction_date:date,transaction_amount:double","isnotnull(customer_id#1L), isnotnull(account_id#2L), isnotnull(merchant_id#3L), isnotnull(branch_id#4L), isnotnull(transaction_date#5)","",false
2,8,59,"Parquet",0,0,0,0,"InMemoryFileIndex(1 paths)[s3a://goes-se-sandbox/data/warehouse/tablespace/external/hive/demo_pauldefusco.db/accounts_skewed]","IsNotNull(account_id)","account_id:bigint","isnotnull(account_id#51L)","",false
2,8,132,"Parquet",0,0,0,0,"InMemoryFileIndex(1 paths)[s3a://goes-se-sandbox/data/warehouse/tablespace/external/hive/demo_pauldefusco.db/branches_skewed]","IsNotNull(branch_id)","branch_id:bigint","isnotnull(branch_id#795L)","",false
2,8,73,"Parquet",0,0,0,0,"InMemoryFileIndex(1 paths)[s3a://goes-se-sandbox/data/warehouse/tablespace/external/hive/demo_pauldefusco.db/branches_skewed]","IsNotNull(branch_id)","branch_id:bigint,state:string,region:string","isnotnull(branch_id#90L)","",false
2,8,138,"Parquet",0,0,0,0,"InMemoryFileIndex(1 paths)[s3a://goes-se-sandbox/data/warehouse/tablespace/external/hive/demo_pauldefusco.db/calendar]","IsNotNull(calendar_date)","calendar_date:date","isnotnull(calendar_date#806)","",false
2,8,79,"Parquet",0,0,0,0,"InMemoryFileIndex(1 paths)[s3a://goes-se-sandbox/data/warehouse/tablespace/external/hive/demo_pauldefusco.db/calendar]","IsNotNull(calendar_date)","calendar_date:date,year:int,quarter:int,month:int","isnotnull(calendar_date#112)","",false
2,8,52,"Parquet",0,0,0,0,"InMemoryFileIndex(1 paths)[s3a://goes-se-sandbox/data/warehouse/tablespace/external/hive/demo_pauldefusco.db/customers_skewed]","IsNotNull(customer_id), IsNotNull(customer_segment), IsNotNull(risk_rating)","customer_id:bigint,customer_segment:string,risk_rating:string","isnotnull(customer_id#30L), isnotnull(customer_segment#37), isnotnull(risk_rating#39)","",false
2,8,172,"Parquet",0,0,0,0,"InMemoryFileIndex(1 paths)[s3a://goes-se-sandbox/data/warehouse/tablespace/external/hive/demo_pauldefusco.db/customers_skewed]","IsNotNull(customer_id), IsNotNull(customer_segment), IsNotNull(risk_rating)","customer_id:bigint,customer_segment:string,risk_rating:string","isnotnull(customer_id#30L), isnotnull(customer_segment#37), isnotnull(risk_rating#39)","",false
2,8,126,"Parquet",0,0,0,0,"InMemoryFileIndex(1 paths)[s3a://goes-se-sandbox/data/warehouse/tablespace/external/hive/demo_pauldefusco.db/merchants_skewed]","IsNotNull(merchant_id)","merchant_id:bigint","isnotnull(merchant_id#785L)","",false
2,8,67,"Parquet",0,0,0,0,"InMemoryFileIndex(1 paths)[s3a://goes-se-sandbox/data/warehouse/tablespace/external/hive/demo_pauldefusco.db/merchants_skewed]","IsNotNull(merchant_id), IsNotNull(merchant_category), IsNotNull(region)","merchant_id:bigint,region:string,merchant_category:string","isnotnull(merchant_id#70L), isnotnull(merchant_category#73), isnotnull(region#72)","",false
2,8,114,"Parquet",0,0,0,0,"InMemoryFileIndex(1 paths)[s3a://goes-se-sandbox/data/warehouse/tablespace/external/hive/demo_pauldefusco.db/trs_v25]","IsNotNull(customer_id), IsNotNull(account_id), IsNotNull(merchant_id), IsNotNull(branch_id), IsNotNull(transaction_date)","customer_id:bigint,account_id:bigint,merchant_id:bigint,branch_id:bigint,transaction_date:date","isnotnull(customer_id#751L), isnotnull(account_id#752L), isnotnull(merchant_id#753L), isnotnull(branch_id#754L), isnotnull(transaction_date#755)","",false
2,8,45,"Parquet",0,0,0,0,"InMemoryFileIndex(1 paths)[s3a://goes-se-sandbox/data/warehouse/tablespace/external/hive/demo_pauldefusco.db/trs_v25]","IsNotNull(customer_id), IsNotNull(account_id), IsNotNull(merchant_id), IsNotNull(branch_id), IsNotNull(transaction_date)","customer_id:bigint,account_id:bigint,merchant_id:bigint,branch_id:bigint,transaction_date:date,transaction_amount:double","isnotnull(customer_id#1L), isnotnull(account_id#2L), isnotnull(merchant_id#3L), isnotnull(branch_id#4L), isnotnull(transaction_date#5)","",false
2,9,59,"Parquet",0,0,0,0,"InMemoryFileIndex(1 paths)[s3a://goes-se-sandbox/data/warehouse/tablespace/external/hive/demo_pauldefusco.db/accounts_skewed]","IsNotNull(account_id)","account_id:bigint","isnotnull(account_id#51L)","",false
2,9,132,"Parquet",0,0,0,0,"InMemoryFileIndex(1 paths)[s3a://goes-se-sandbox/data/warehouse/tablespace/external/hive/demo_pauldefusco.db/branches_skewed]","IsNotNull(branch_id)","branch_id:bigint","isnotnull(branch_id#795L)","",false
2,9,73,"Parquet",0,0,0,0,"InMemoryFileIndex(1 paths)[s3a://goes-se-sandbox/data/warehouse/tablespace/external/hive/demo_pauldefusco.db/branches_skewed]","IsNotNull(branch_id)","branch_id:bigint,state:string,region:string","isnotnull(branch_id#90L)","",false
2,9,138,"Parquet",0,0,0,0,"InMemoryFileIndex(1 paths)[s3a://goes-se-sandbox/data/warehouse/tablespace/external/hive/demo_pauldefusco.db/calendar]","IsNotNull(calendar_date)","calendar_date:date","isnotnull(calendar_date#806)","",false
2,9,79,"Parquet",0,0,0,0,"InMemoryFileIndex(1 paths)[s3a://goes-se-sandbox/data/warehouse/tablespace/external/hive/demo_pauldefusco.db/calendar]","IsNotNull(calendar_date)","calendar_date:date,year:int,quarter:int,month:int","isnotnull(calendar_date#112)","",false
2,9,52,"Parquet",0,0,0,0,"InMemoryFileIndex(1 paths)[s3a://goes-se-sandbox/data/warehouse/tablespace/external/hive/demo_pauldefusco.db/customers_skewed]","IsNotNull(customer_id), IsNotNull(customer_segment), IsNotNull(risk_rating)","customer_id:bigint,customer_segment:string,risk_rating:string","isnotnull(customer_id#30L), isnotnull(customer_segment#37), isnotnull(risk_rating#39)","",false
2,9,174,"Parquet",0,0,0,0,"InMemoryFileIndex(1 paths)[s3a://goes-se-sandbox/data/warehouse/tablespace/external/hive/demo_pauldefusco.db/customers_skewed]","IsNotNull(customer_id), IsNotNull(customer_segment), IsNotNull(risk_rating)","customer_id:bigint,customer_segment:string,risk_rating:string","isnotnull(customer_id#30L), isnotnull(customer_segment#37), isnotnull(risk_rating#39)","",false
2,9,126,"Parquet",0,0,0,0,"InMemoryFileIndex(1 paths)[s3a://goes-se-sandbox/data/warehouse/tablespace/external/hive/demo_pauldefusco.db/merchants_skewed]","IsNotNull(merchant_id)","merchant_id:bigint","isnotnull(merchant_id#785L)","",false
2,9,67,"Parquet",0,0,0,0,"InMemoryFileIndex(1 paths)[s3a://goes-se-sandbox/data/warehouse/tablespace/external/hive/demo_pauldefusco.db/merchants_skewed]","IsNotNull(merchant_id), IsNotNull(merchant_category), IsNotNull(region)","merchant_id:bigint,region:string,merchant_category:string","isnotnull(merchant_id#70L), isnotnull(merchant_category#73), isnotnull(region#72)","",false
2,9,114,"Parquet",0,0,0,0,"InMemoryFileIndex(1 paths)[s3a://goes-se-sandbox/data/warehouse/tablespace/external/hive/demo_pauldefusco.db/trs_v25]","IsNotNull(customer_id), IsNotNull(account_id), IsNotNull(merchant_id), IsNotNull(branch_id), IsNotNull(transaction_date)","customer_id:bigint,account_id:bigint,merchant_id:bigint,branch_id:bigint,transaction_date:date","isnotnull(customer_id#751L), isnotnull(account_id#752L), isnotnull(merchant_id#753L), isnotnull(branch_id#754L), isnotnull(transaction_date#755)","",false
2,9,45,"Parquet",0,0,0,0,"InMemoryFileIndex(1 paths)[s3a://goes-se-sandbox/data/warehouse/tablespace/external/hive/demo_pauldefusco.db/trs_v25]","IsNotNull(customer_id), IsNotNull(account_id), IsNotNull(merchant_id), IsNotNull(branch_id), IsNotNull(transaction_date)","customer_id:bigint,account_id:bigint,merchant_id:bigint,branch_id:bigint,transaction_date:date,transaction_amount:double","isnotnull(customer_id#1L), isnotnull(account_id#2L), isnotnull(merchant_id#3L), isnotnull(branch_id#4L), isnotnull(transaction_date#5)","",false
2,10,62,"Parquet",0,0,0,0,"InMemoryFileIndex(1 paths)[s3a://goes-se-sandbox/data/warehouse/tablespace/external/hive/demo_pauldefusco.db/accounts_skewed]","IsNotNull(account_id)","account_id:bigint","isnotnull(account_id#51L)","",false
2,10,137,"Parquet",0,0,0,0,"InMemoryFileIndex(1 paths)[s3a://goes-se-sandbox/data/warehouse/tablespace/external/hive/demo_pauldefusco.db/branches_skewed]","IsNotNull(branch_id)","branch_id:bigint","isnotnull(branch_id#795L)","",false
2,10,78,"Parquet",0,0,0,0,"InMemoryFileIndex(1 paths)[s3a://goes-se-sandbox/data/warehouse/tablespace/external/hive/demo_pauldefusco.db/branches_skewed]","IsNotNull(branch_id)","branch_id:bigint,state:string,region:string","isnotnull(branch_id#90L)","",false
2,10,143,"Parquet",0,0,0,0,"InMemoryFileIndex(1 paths)[s3a://goes-se-sandbox/data/warehouse/tablespace/external/hive/demo_pauldefusco.db/calendar]","IsNotNull(calendar_date)","calendar_date:date","isnotnull(calendar_date#806)","",false
2,10,84,"Parquet",0,0,0,0,"InMemoryFileIndex(1 paths)[s3a://goes-se-sandbox/data/warehouse/tablespace/external/hive/demo_pauldefusco.db/calendar]","IsNotNull(calendar_date)","calendar_date:date,year:int,quarter:int,month:int","isnotnull(calendar_date#112)","",false
2,10,55,"Parquet",0,0,0,0,"InMemoryFileIndex(1 paths)[s3a://goes-se-sandbox/data/warehouse/tablespace/external/hive/demo_pauldefusco.db/customers_skewed]","IsNotNull(customer_id), IsNotNull(customer_segment), IsNotNull(risk_rating)","customer_id:bigint,customer_segment:string,risk_rating:string","isnotnull(customer_id#30L), isnotnull(customer_segment#37), isnotnull(risk_rating#39)","",false
2,10,179,"Parquet",0,0,0,0,"InMemoryFileIndex(1 paths)[s3a://goes-se-sandbox/data/warehouse/tablespace/external/hive/demo_pauldefusco.db/customers_skewed]","IsNotNull(customer_id), IsNotNull(customer_segment), IsNotNull(risk_rating)","customer_id:bigint,customer_segment:string,risk_rating:string","isnotnull(customer_id#30L), isnotnull(customer_segment#37), isnotnull(risk_rating#39)","",false
2,10,131,"Parquet",0,0,0,0,"InMemoryFileIndex(1 paths)[s3a://goes-se-sandbox/data/warehouse/tablespace/external/hive/demo_pauldefusco.db/merchants_skewed]","IsNotNull(merchant_id)","merchant_id:bigint","isnotnull(merchant_id#785L)","",false
2,10,70,"Parquet",0,0,0,0,"InMemoryFileIndex(1 paths)[s3a://goes-se-sandbox/data/warehouse/tablespace/external/hive/demo_pauldefusco.db/merchants_skewed]","IsNotNull(merchant_id), IsNotNull(merchant_category), IsNotNull(region)","merchant_id:bigint,region:string,merchant_category:string","isnotnull(merchant_id#70L), isnotnull(merchant_category#73), isnotnull(region#72)","",false
2,10,119,"Parquet",0,0,0,0,"InMemoryFileIndex(1 paths)[s3a://goes-se-sandbox/data/warehouse/tablespace/external/hive/demo_pauldefusco.db/trs_v25]","IsNotNull(customer_id), IsNotNull(account_id), IsNotNull(merchant_id), IsNotNull(branch_id), IsNotNull(transaction_date)","customer_id:bigint,account_id:bigint,merchant_id:bigint,branch_id:bigint,transaction_date:date","isnotnull(customer_id#751L), isnotnull(account_id#752L), isnotnull(merchant_id#753L), isnotnull(branch_id#754L), isnotnull(transaction_date#755)","",false
2,10,48,"Parquet",0,0,0,0,"InMemoryFileIndex(1 paths)[s3a://goes-se-sandbox/data/warehouse/tablespace/external/hive/demo_pauldefusco.db/trs_v25]","IsNotNull(customer_id), IsNotNull(account_id), IsNotNull(merchant_id), IsNotNull(branch_id), IsNotNull(transaction_date)","customer_id:bigint,account_id:bigint,merchant_id:bigint,branch_id:bigint,transaction_date:date,transaction_amount:double","isnotnull(customer_id#1L), isnotnull(account_id#2L), isnotnull(merchant_id#3L), isnotnull(branch_id#4L), isnotnull(transaction_date#5)","",false
2,11,62,"Parquet",0,0,0,0,"InMemoryFileIndex(1 paths)[s3a://goes-se-sandbox/data/warehouse/tablespace/external/hive/demo_pauldefusco.db/accounts_skewed]","IsNotNull(account_id)","account_id:bigint","isnotnull(account_id#51L)","",false
2,11,142,"Parquet",0,0,0,0,"InMemoryFileIndex(1 paths)[s3a://goes-se-sandbox/data/warehouse/tablespace/external/hive/demo_pauldefusco.db/branches_skewed]","IsNotNull(branch_id)","branch_id:bigint","isnotnull(branch_id#795L)","",false
2,11,78,"Parquet",0,0,0,0,"InMemoryFileIndex(1 paths)[s3a://goes-se-sandbox/data/warehouse/tablespace/external/hive/demo_pauldefusco.db/branches_skewed]","IsNotNull(branch_id)","branch_id:bigint,state:string,region:string","isnotnull(branch_id#90L)","",false
2,11,148,"Parquet",0,0,0,0,"InMemoryFileIndex(1 paths)[s3a://goes-se-sandbox/data/warehouse/tablespace/external/hive/demo_pauldefusco.db/calendar]","IsNotNull(calendar_date)","calendar_date:date","isnotnull(calendar_date#806)","",false
2,11,84,"Parquet",0,0,0,0,"InMemoryFileIndex(1 paths)[s3a://goes-se-sandbox/data/warehouse/tablespace/external/hive/demo_pauldefusco.db/calendar]","IsNotNull(calendar_date)","calendar_date:date,year:int,quarter:int,month:int","isnotnull(calendar_date#112)","",false
2,11,55,"Parquet",0,0,0,0,"InMemoryFileIndex(1 paths)[s3a://goes-se-sandbox/data/warehouse/tablespace/external/hive/demo_pauldefusco.db/customers_skewed]","IsNotNull(customer_id), IsNotNull(customer_segment), IsNotNull(risk_rating)","customer_id:bigint,customer_segment:string,risk_rating:string","isnotnull(customer_id#30L), isnotnull(customer_segment#37), isnotnull(risk_rating#39)","",false
2,11,184,"Parquet",0,0,0,0,"InMemoryFileIndex(1 paths)[s3a://goes-se-sandbox/data/warehouse/tablespace/external/hive/demo_pauldefusco.db/customers_skewed]","IsNotNull(customer_id), IsNotNull(customer_segment), IsNotNull(risk_rating)","customer_id:bigint,customer_segment:string,risk_rating:string","isnotnull(customer_id#30L), isnotnull(customer_segment#37), isnotnull(risk_rating#39)","",false
2,11,134,"Parquet",0,0,0,0,"InMemoryFileIndex(1 paths)[s3a://goes-se-sandbox/data/warehouse/tablespace/external/hive/demo_pauldefusco.db/merchants_skewed]","IsNotNull(merchant_id)","merchant_id:bigint","isnotnull(merchant_id#785L)","",false
2,11,70,"Parquet",0,0,0,0,"InMemoryFileIndex(1 paths)[s3a://goes-se-sandbox/data/warehouse/tablespace/external/hive/demo_pauldefusco.db/merchants_skewed]","IsNotNull(merchant_id), IsNotNull(merchant_category), IsNotNull(region)","merchant_id:bigint,region:string,merchant_category:string","isnotnull(merchant_id#70L), isnotnull(merchant_category#73), isnotnull(region#72)","",false
2,11,122,"Parquet",0,0,0,0,"InMemoryFileIndex(1 paths)[s3a://goes-se-sandbox/data/warehouse/tablespace/external/hive/demo_pauldefusco.db/trs_v25]","IsNotNull(customer_id), IsNotNull(account_id), IsNotNull(merchant_id), IsNotNull(branch_id), IsNotNull(transaction_date)","customer_id:bigint,account_id:bigint,merchant_id:bigint,branch_id:bigint,transaction_date:date","isnotnull(customer_id#751L), isnotnull(account_id#752L), isnotnull(merchant_id#753L), isnotnull(branch_id#754L), isnotnull(transaction_date#755)","",false
2,11,48,"Parquet",0,0,0,0,"InMemoryFileIndex(1 paths)[s3a://goes-se-sandbox/data/warehouse/tablespace/external/hive/demo_pauldefusco.db/trs_v25]","IsNotNull(customer_id), IsNotNull(account_id), IsNotNull(merchant_id), IsNotNull(branch_id), IsNotNull(transaction_date)","customer_id:bigint,account_id:bigint,merchant_id:bigint,branch_id:bigint,transaction_date:date,transaction_amount:double","isnotnull(customer_id#1L), isnotnull(account_id#2L), isnotnull(merchant_id#3L), isnotnull(branch_id#4L), isnotnull(transaction_date#5)","",false
2,12,62,"Parquet",0,0,0,0,"InMemoryFileIndex(1 paths)[s3a://goes-se-sandbox/data/warehouse/tablespace/external/hive/demo_pauldefusco.db/accounts_skewed]","IsNotNull(account_id)","account_id:bigint","isnotnull(account_id#51L)","",false
2,12,142,"Parquet",0,0,0,0,"InMemoryFileIndex(1 paths)[s3a://goes-se-sandbox/data/warehouse/tablespace/external/hive/demo_pauldefusco.db/branches_skewed]","IsNotNull(branch_id)","branch_id:bigint","isnotnull(branch_id#795L)","",false
2,12,78,"Parquet",0,0,0,0,"InMemoryFileIndex(1 paths)[s3a://goes-se-sandbox/data/warehouse/tablespace/external/hive/demo_pauldefusco.db/branches_skewed]","IsNotNull(branch_id)","branch_id:bigint,state:string,region:string","isnotnull(branch_id#90L)","",false
2,12,148,"Parquet",0,0,0,0,"InMemoryFileIndex(1 paths)[s3a://goes-se-sandbox/data/warehouse/tablespace/external/hive/demo_pauldefusco.db/calendar]","IsNotNull(calendar_date)","calendar_date:date","isnotnull(calendar_date#806)","",false
2,12,84,"Parquet",0,0,0,0,"InMemoryFileIndex(1 paths)[s3a://goes-se-sandbox/data/warehouse/tablespace/external/hive/demo_pauldefusco.db/calendar]","IsNotNull(calendar_date)","calendar_date:date,year:int,quarter:int,month:int","isnotnull(calendar_date#112)","",false
2,12,55,"Parquet",0,0,0,0,"InMemoryFileIndex(1 paths)[s3a://goes-se-sandbox/data/warehouse/tablespace/external/hive/demo_pauldefusco.db/customers_skewed]","IsNotNull(customer_id), IsNotNull(customer_segment), IsNotNull(risk_rating)","customer_id:bigint,customer_segment:string,risk_rating:string","isnotnull(customer_id#30L), isnotnull(customer_segment#37), isnotnull(risk_rating#39)","",false
2,12,187,"Parquet",0,0,0,0,"InMemoryFileIndex(1 paths)[s3a://goes-se-sandbox/data/warehouse/tablespace/external/hive/demo_pauldefusco.db/customers_skewed]","IsNotNull(customer_id), IsNotNull(customer_segment), IsNotNull(risk_rating)","customer_id:bigint,customer_segment:string,risk_rating:string","isnotnull(customer_id#30L), isnotnull(customer_segment#37), isnotnull(risk_rating#39)","",false
2,12,134,"Parquet",0,0,0,0,"InMemoryFileIndex(1 paths)[s3a://goes-se-sandbox/data/warehouse/tablespace/external/hive/demo_pauldefusco.db/merchants_skewed]","IsNotNull(merchant_id)","merchant_id:bigint","isnotnull(merchant_id#785L)","",false
2,12,70,"Parquet",0,0,0,0,"InMemoryFileIndex(1 paths)[s3a://goes-se-sandbox/data/warehouse/tablespace/external/hive/demo_pauldefusco.db/merchants_skewed]","IsNotNull(merchant_id), IsNotNull(merchant_category), IsNotNull(region)","merchant_id:bigint,region:string,merchant_category:string","isnotnull(merchant_id#70L), isnotnull(merchant_category#73), isnotnull(region#72)","",false
2,12,122,"Parquet",0,0,0,0,"InMemoryFileIndex(1 paths)[s3a://goes-se-sandbox/data/warehouse/tablespace/external/hive/demo_pauldefusco.db/trs_v25]","IsNotNull(customer_id), IsNotNull(account_id), IsNotNull(merchant_id), IsNotNull(branch_id), IsNotNull(transaction_date)","customer_id:bigint,account_id:bigint,merchant_id:bigint,branch_id:bigint,transaction_date:date","isnotnull(customer_id#751L), isnotnull(account_id#752L), isnotnull(merchant_id#753L), isnotnull(branch_id#754L), isnotnull(transaction_date#755)","",false
2,12,48,"Parquet",0,0,0,0,"InMemoryFileIndex(1 paths)[s3a://goes-se-sandbox/data/warehouse/tablespace/external/hive/demo_pauldefusco.db/trs_v25]","IsNotNull(customer_id), IsNotNull(account_id), IsNotNull(merchant_id), IsNotNull(branch_id), IsNotNull(transaction_date)","customer_id:bigint,account_id:bigint,merchant_id:bigint,branch_id:bigint,transaction_date:date,transaction_amount:double","isnotnull(customer_id#1L), isnotnull(account_id#2L), isnotnull(merchant_id#3L), isnotnull(branch_id#4L), isnotnull(transaction_date#5)","",false
2,13,62,"Parquet",0,0,0,0,"InMemoryFileIndex(1 paths)[s3a://goes-se-sandbox/data/warehouse/tablespace/external/hive/demo_pauldefusco.db/accounts_skewed]","IsNotNull(account_id)","account_id:bigint","isnotnull(account_id#51L)","",false
2,13,145,"Parquet",0,0,0,0,"InMemoryFileIndex(1 paths)[s3a://goes-se-sandbox/data/warehouse/tablespace/external/hive/demo_pauldefusco.db/branches_skewed]","IsNotNull(branch_id)","branch_id:bigint","isnotnull(branch_id#795L)","",false
2,13,78,"Parquet",0,0,0,0,"InMemoryFileIndex(1 paths)[s3a://goes-se-sandbox/data/warehouse/tablespace/external/hive/demo_pauldefusco.db/branches_skewed]","IsNotNull(branch_id)","branch_id:bigint,state:string,region:string","isnotnull(branch_id#90L)","",false
2,13,153,"Parquet",0,0,0,0,"InMemoryFileIndex(1 paths)[s3a://goes-se-sandbox/data/warehouse/tablespace/external/hive/demo_pauldefusco.db/calendar]","IsNotNull(calendar_date)","calendar_date:date","isnotnull(calendar_date#806)","",false
2,13,84,"Parquet",0,0,0,0,"InMemoryFileIndex(1 paths)[s3a://goes-se-sandbox/data/warehouse/tablespace/external/hive/demo_pauldefusco.db/calendar]","IsNotNull(calendar_date)","calendar_date:date,year:int,quarter:int,month:int","isnotnull(calendar_date#112)","",false
2,13,55,"Parquet",0,0,0,0,"InMemoryFileIndex(1 paths)[s3a://goes-se-sandbox/data/warehouse/tablespace/external/hive/demo_pauldefusco.db/customers_skewed]","IsNotNull(customer_id), IsNotNull(customer_segment), IsNotNull(risk_rating)","customer_id:bigint,customer_segment:string,risk_rating:string","isnotnull(customer_id#30L), isnotnull(customer_segment#37), isnotnull(risk_rating#39)","",false
2,13,192,"Parquet",0,0,0,0,"InMemoryFileIndex(1 paths)[s3a://goes-se-sandbox/data/warehouse/tablespace/external/hive/demo_pauldefusco.db/customers_skewed]","IsNotNull(customer_id), IsNotNull(customer_segment), IsNotNull(risk_rating)","customer_id:bigint,customer_segment:string,risk_rating:string","isnotnull(customer_id#30L), isnotnull(customer_segment#37), isnotnull(risk_rating#39)","",false
2,13,137,"Parquet",0,0,0,0,"InMemoryFileIndex(1 paths)[s3a://goes-se-sandbox/data/warehouse/tablespace/external/hive/demo_pauldefusco.db/merchants_skewed]","IsNotNull(merchant_id)","merchant_id:bigint","isnotnull(merchant_id#785L)","",false
2,13,70,"Parquet",0,0,0,0,"InMemoryFileIndex(1 paths)[s3a://goes-se-sandbox/data/warehouse/tablespace/external/hive/demo_pauldefusco.db/merchants_skewed]","IsNotNull(merchant_id), IsNotNull(merchant_category), IsNotNull(region)","merchant_id:bigint,region:string,merchant_category:string","isnotnull(merchant_id#70L), isnotnull(merchant_category#73), isnotnull(region#72)","",false
2,13,125,"Parquet",0,0,0,0,"InMemoryFileIndex(1 paths)[s3a://goes-se-sandbox/data/warehouse/tablespace/external/hive/demo_pauldefusco.db/trs_v25]","IsNotNull(customer_id), IsNotNull(account_id), IsNotNull(merchant_id), IsNotNull(branch_id), IsNotNull(transaction_date)","customer_id:bigint,account_id:bigint,merchant_id:bigint,branch_id:bigint,transaction_date:date","isnotnull(customer_id#751L), isnotnull(account_id#752L), isnotnull(merchant_id#753L), isnotnull(branch_id#754L), isnotnull(transaction_date#755)","",false
2,13,48,"Parquet",0,0,0,0,"InMemoryFileIndex(1 paths)[s3a://goes-se-sandbox/data/warehouse/tablespace/external/hive/demo_pauldefusco.db/trs_v25]","IsNotNull(customer_id), IsNotNull(account_id), IsNotNull(merchant_id), IsNotNull(branch_id), IsNotNull(transaction_date)","customer_id:bigint,account_id:bigint,merchant_id:bigint,branch_id:bigint,transaction_date:date,transaction_amount:double","isnotnull(customer_id#1L), isnotnull(account_id#2L), isnotnull(merchant_id#3L), isnotnull(branch_id#4L), isnotnull(transaction_date#5)","",false
2,14,62,"Parquet",0,0,0,0,"InMemoryFileIndex(1 paths)[s3a://goes-se-sandbox/data/warehouse/tablespace/external/hive/demo_pauldefusco.db/accounts_skewed]","IsNotNull(account_id)","account_id:bigint","isnotnull(account_id#51L)","",false
2,14,145,"Parquet",0,0,0,0,"InMemoryFileIndex(1 paths)[s3a://goes-se-sandbox/data/warehouse/tablespace/external/hive/demo_pauldefusco.db/branches_skewed]","IsNotNull(branch_id)","branch_id:bigint","isnotnull(branch_id#795L)","",false
2,14,78,"Parquet",0,0,0,0,"InMemoryFileIndex(1 paths)[s3a://goes-se-sandbox/data/warehouse/tablespace/external/hive/demo_pauldefusco.db/branches_skewed]","IsNotNull(branch_id)","branch_id:bigint,state:string,region:string","isnotnull(branch_id#90L)","",false
2,14,153,"Parquet",0,0,0,0,"InMemoryFileIndex(1 paths)[s3a://goes-se-sandbox/data/warehouse/tablespace/external/hive/demo_pauldefusco.db/calendar]","IsNotNull(calendar_date)","calendar_date:date","isnotnull(calendar_date#806)","",false
2,14,84,"Parquet",0,0,0,0,"InMemoryFileIndex(1 paths)[s3a://goes-se-sandbox/data/warehouse/tablespace/external/hive/demo_pauldefusco.db/calendar]","IsNotNull(calendar_date)","calendar_date:date,year:int,quarter:int,month:int","isnotnull(calendar_date#112)","",false
2,14,55,"Parquet",0,0,0,0,"InMemoryFileIndex(1 paths)[s3a://goes-se-sandbox/data/warehouse/tablespace/external/hive/demo_pauldefusco.db/customers_skewed]","IsNotNull(customer_id), IsNotNull(customer_segment), IsNotNull(risk_rating)","customer_id:bigint,customer_segment:string,risk_rating:string","isnotnull(customer_id#30L), isnotnull(customer_segment#37), isnotnull(risk_rating#39)","",false
2,14,195,"Parquet",0,0,0,0,"InMemoryFileIndex(1 paths)[s3a://goes-se-sandbox/data/warehouse/tablespace/external/hive/demo_pauldefusco.db/customers_skewed]","IsNotNull(customer_id), IsNotNull(customer_segment), IsNotNull(risk_rating)","customer_id:bigint,customer_segment:string,risk_rating:string","isnotnull(customer_id#30L), isnotnull(customer_segment#37), isnotnull(risk_rating#39)","",false
2,14,137,"Parquet",0,0,0,0,"InMemoryFileIndex(1 paths)[s3a://goes-se-sandbox/data/warehouse/tablespace/external/hive/demo_pauldefusco.db/merchants_skewed]","IsNotNull(merchant_id)","merchant_id:bigint","isnotnull(merchant_id#785L)","",false
2,14,70,"Parquet",0,0,0,0,"InMemoryFileIndex(1 paths)[s3a://goes-se-sandbox/data/warehouse/tablespace/external/hive/demo_pauldefusco.db/merchants_skewed]","IsNotNull(merchant_id), IsNotNull(merchant_category), IsNotNull(region)","merchant_id:bigint,region:string,merchant_category:string","isnotnull(merchant_id#70L), isnotnull(merchant_category#73), isnotnull(region#72)","",false
2,14,125,"Parquet",0,0,0,0,"InMemoryFileIndex(1 paths)[s3a://goes-se-sandbox/data/warehouse/tablespace/external/hive/demo_pauldefusco.db/trs_v25]","IsNotNull(customer_id), IsNotNull(account_id), IsNotNull(merchant_id), IsNotNull(branch_id), IsNotNull(transaction_date)","customer_id:bigint,account_id:bigint,merchant_id:bigint,branch_id:bigint,transaction_date:date","isnotnull(customer_id#751L), isnotnull(account_id#752L), isnotnull(merchant_id#753L), isnotnull(branch_id#754L), isnotnull(transaction_date#755)","",false
2,14,48,"Parquet",0,0,0,0,"InMemoryFileIndex(1 paths)[s3a://goes-se-sandbox/data/warehouse/tablespace/external/hive/demo_pauldefusco.db/trs_v25]","IsNotNull(customer_id), IsNotNull(account_id), IsNotNull(merchant_id), IsNotNull(branch_id), IsNotNull(transaction_date)","customer_id:bigint,account_id:bigint,merchant_id:bigint,branch_id:bigint,transaction_date:date,transaction_amount:double","isnotnull(customer_id#1L), isnotnull(account_id#2L), isnotnull(merchant_id#3L), isnotnull(branch_id#4L), isnotnull(transaction_date#5)","",false
2,15,65,"Parquet",0,0,0,0,"InMemoryFileIndex(1 paths)[s3a://goes-se-sandbox/data/warehouse/tablespace/external/hive/demo_pauldefusco.db/accounts_skewed]","IsNotNull(account_id)","account_id:bigint","isnotnull(account_id#51L)","",false
2,15,150,"Parquet",0,0,0,0,"InMemoryFileIndex(1 paths)[s3a://goes-se-sandbox/data/warehouse/tablespace/external/hive/demo_pauldefusco.db/branches_skewed]","IsNotNull(branch_id)","branch_id:bigint","isnotnull(branch_id#795L)","",false
2,15,81,"Parquet",0,0,0,0,"InMemoryFileIndex(1 paths)[s3a://goes-se-sandbox/data/warehouse/tablespace/external/hive/demo_pauldefusco.db/branches_skewed]","IsNotNull(branch_id)","branch_id:bigint,state:string,region:string","isnotnull(branch_id#90L)","",false
2,15,158,"Parquet",0,0,0,0,"InMemoryFileIndex(1 paths)[s3a://goes-se-sandbox/data/warehouse/tablespace/external/hive/demo_pauldefusco.db/calendar]","IsNotNull(calendar_date)","calendar_date:date","isnotnull(calendar_date#806)","",false
2,15,89,"Parquet",0,0,0,0,"InMemoryFileIndex(1 paths)[s3a://goes-se-sandbox/data/warehouse/tablespace/external/hive/demo_pauldefusco.db/calendar]","IsNotNull(calendar_date)","calendar_date:date,year:int,quarter:int,month:int","isnotnull(calendar_date#112)","",false
2,15,58,"Parquet",0,0,0,0,"InMemoryFileIndex(1 paths)[s3a://goes-se-sandbox/data/warehouse/tablespace/external/hive/demo_pauldefusco.db/customers_skewed]","IsNotNull(customer_id), IsNotNull(customer_segment), IsNotNull(risk_rating)","customer_id:bigint,customer_segment:string,risk_rating:string","isnotnull(customer_id#30L), isnotnull(customer_segment#37), isnotnull(risk_rating#39)","",false
2,15,200,"Parquet",0,0,0,0,"InMemoryFileIndex(1 paths)[s3a://goes-se-sandbox/data/warehouse/tablespace/external/hive/demo_pauldefusco.db/customers_skewed]","IsNotNull(customer_id), IsNotNull(customer_segment), IsNotNull(risk_rating)","customer_id:bigint,customer_segment:string,risk_rating:string","isnotnull(customer_id#30L), isnotnull(customer_segment#37), isnotnull(risk_rating#39)","",false
2,15,142,"Parquet",0,0,0,0,"InMemoryFileIndex(1 paths)[s3a://goes-se-sandbox/data/warehouse/tablespace/external/hive/demo_pauldefusco.db/merchants_skewed]","IsNotNull(merchant_id)","merchant_id:bigint","isnotnull(merchant_id#785L)","",false
2,15,73,"Parquet",0,0,0,0,"InMemoryFileIndex(1 paths)[s3a://goes-se-sandbox/data/warehouse/tablespace/external/hive/demo_pauldefusco.db/merchants_skewed]","IsNotNull(merchant_id), IsNotNull(merchant_category), IsNotNull(region)","merchant_id:bigint,region:string,merchant_category:string","isnotnull(merchant_id#70L), isnotnull(merchant_category#73), isnotnull(region#72)","",false
2,15,130,"Parquet",0,0,0,0,"InMemoryFileIndex(1 paths)[s3a://goes-se-sandbox/data/warehouse/tablespace/external/hive/demo_pauldefusco.db/trs_v25]","IsNotNull(customer_id), IsNotNull(account_id), IsNotNull(merchant_id), IsNotNull(branch_id), IsNotNull(transaction_date)","customer_id:bigint,account_id:bigint,merchant_id:bigint,branch_id:bigint,transaction_date:date","isnotnull(customer_id#751L), isnotnull(account_id#752L), isnotnull(merchant_id#753L), isnotnull(branch_id#754L), isnotnull(transaction_date#755)","",false
2,15,51,"Parquet",0,0,0,0,"InMemoryFileIndex(1 paths)[s3a://goes-se-sandbox/data/warehouse/tablespace/external/hive/demo_pauldefusco.db/trs_v25]","IsNotNull(customer_id), IsNotNull(account_id), IsNotNull(merchant_id), IsNotNull(branch_id), IsNotNull(transaction_date)","customer_id:bigint,account_id:bigint,merchant_id:bigint,branch_id:bigint,transaction_date:date,transaction_amount:double","isnotnull(customer_id#1L), isnotnull(account_id#2L), isnotnull(merchant_id#3L), isnotnull(branch_id#4L), isnotnull(transaction_date#5)","",false
2,16,67,"Parquet",0,0,0,0,"InMemoryFileIndex(1 paths)[s3a://goes-se-sandbox/data/warehouse/tablespace/external/hive/demo_pauldefusco.db/accounts_skewed]","IsNotNull(account_id)","account_id:bigint","isnotnull(account_id#51L)","",false
2,16,153,"Parquet",0,0,0,0,"InMemoryFileIndex(1 paths)[s3a://goes-se-sandbox/data/warehouse/tablespace/external/hive/demo_pauldefusco.db/branches_skewed]","IsNotNull(branch_id)","branch_id:bigint","isnotnull(branch_id#795L)","",false
2,16,83,"Parquet",0,0,0,0,"InMemoryFileIndex(1 paths)[s3a://goes-se-sandbox/data/warehouse/tablespace/external/hive/demo_pauldefusco.db/branches_skewed]","IsNotNull(branch_id)","branch_id:bigint,state:string,region:string","isnotnull(branch_id#90L)","",false
2,16,161,"Parquet",0,0,0,0,"InMemoryFileIndex(1 paths)[s3a://goes-se-sandbox/data/warehouse/tablespace/external/hive/demo_pauldefusco.db/calendar]","IsNotNull(calendar_date)","calendar_date:date","isnotnull(calendar_date#806)","",false
2,16,91,"Parquet",0,0,0,0,"InMemoryFileIndex(1 paths)[s3a://goes-se-sandbox/data/warehouse/tablespace/external/hive/demo_pauldefusco.db/calendar]","IsNotNull(calendar_date)","calendar_date:date,year:int,quarter:int,month:int","isnotnull(calendar_date#112)","",false
2,16,60,"Parquet",0,0,0,0,"InMemoryFileIndex(1 paths)[s3a://goes-se-sandbox/data/warehouse/tablespace/external/hive/demo_pauldefusco.db/customers_skewed]","IsNotNull(customer_id), IsNotNull(customer_segment), IsNotNull(risk_rating)","customer_id:bigint,customer_segment:string,risk_rating:string","isnotnull(customer_id#30L), isnotnull(customer_segment#37), isnotnull(risk_rating#39)","",false
2,16,203,"Parquet",0,0,0,0,"InMemoryFileIndex(1 paths)[s3a://goes-se-sandbox/data/warehouse/tablespace/external/hive/demo_pauldefusco.db/customers_skewed]","IsNotNull(customer_id), IsNotNull(customer_segment), IsNotNull(risk_rating)","customer_id:bigint,customer_segment:string,risk_rating:string","isnotnull(customer_id#30L), isnotnull(customer_segment#37), isnotnull(risk_rating#39)","",false
2,16,145,"Parquet",0,0,0,0,"InMemoryFileIndex(1 paths)[s3a://goes-se-sandbox/data/warehouse/tablespace/external/hive/demo_pauldefusco.db/merchants_skewed]","IsNotNull(merchant_id)","merchant_id:bigint","isnotnull(merchant_id#785L)","",false
2,16,75,"Parquet",0,0,0,0,"InMemoryFileIndex(1 paths)[s3a://goes-se-sandbox/data/warehouse/tablespace/external/hive/demo_pauldefusco.db/merchants_skewed]","IsNotNull(merchant_id), IsNotNull(merchant_category), IsNotNull(region)","merchant_id:bigint,region:string,merchant_category:string","isnotnull(merchant_id#70L), isnotnull(merchant_category#73), isnotnull(region#72)","",false
2,16,133,"Parquet",0,0,0,0,"InMemoryFileIndex(1 paths)[s3a://goes-se-sandbox/data/warehouse/tablespace/external/hive/demo_pauldefusco.db/trs_v25]","IsNotNull(customer_id), IsNotNull(account_id), IsNotNull(merchant_id), IsNotNull(branch_id), IsNotNull(transaction_date)","customer_id:bigint,account_id:bigint,merchant_id:bigint,branch_id:bigint,transaction_date:date","isnotnull(customer_id#751L), isnotnull(account_id#752L), isnotnull(merchant_id#753L), isnotnull(branch_id#754L), isnotnull(transaction_date#755)","",false
2,16,53,"Parquet",0,0,0,0,"InMemoryFileIndex(1 paths)[s3a://goes-se-sandbox/data/warehouse/tablespace/external/hive/demo_pauldefusco.db/trs_v25]","IsNotNull(customer_id), IsNotNull(account_id), IsNotNull(merchant_id), IsNotNull(branch_id), IsNotNull(transaction_date)","customer_id:bigint,account_id:bigint,merchant_id:bigint,branch_id:bigint,transaction_date:date,transaction_amount:double","isnotnull(customer_id#1L), isnotnull(account_id#2L), isnotnull(merchant_id#3L), isnotnull(branch_id#4L), isnotnull(transaction_date#5)","",false
2,17,69,"Parquet",0,0,0,0,"InMemoryFileIndex(1 paths)[s3a://goes-se-sandbox/data/warehouse/tablespace/external/hive/demo_pauldefusco.db/accounts_skewed]","IsNotNull(account_id)","account_id:bigint","isnotnull(account_id#51L)","",false
2,17,155,"Parquet",0,0,0,0,"InMemoryFileIndex(1 paths)[s3a://goes-se-sandbox/data/warehouse/tablespace/external/hive/demo_pauldefusco.db/branches_skewed]","IsNotNull(branch_id)","branch_id:bigint","isnotnull(branch_id#795L)","",false
2,17,85,"Parquet",0,0,0,0,"InMemoryFileIndex(1 paths)[s3a://goes-se-sandbox/data/warehouse/tablespace/external/hive/demo_pauldefusco.db/branches_skewed]","IsNotNull(branch_id)","branch_id:bigint,state:string,region:string","isnotnull(branch_id#90L)","",false
2,17,163,"Parquet",0,0,0,0,"InMemoryFileIndex(1 paths)[s3a://goes-se-sandbox/data/warehouse/tablespace/external/hive/demo_pauldefusco.db/calendar]","IsNotNull(calendar_date)","calendar_date:date","isnotnull(calendar_date#806)","",false
2,17,93,"Parquet",0,0,0,0,"InMemoryFileIndex(1 paths)[s3a://goes-se-sandbox/data/warehouse/tablespace/external/hive/demo_pauldefusco.db/calendar]","IsNotNull(calendar_date)","calendar_date:date,year:int,quarter:int,month:int","isnotnull(calendar_date#112)","",false
2,17,62,"Parquet",0,0,0,0,"InMemoryFileIndex(1 paths)[s3a://goes-se-sandbox/data/warehouse/tablespace/external/hive/demo_pauldefusco.db/customers_skewed]","IsNotNull(customer_id), IsNotNull(customer_segment), IsNotNull(risk_rating)","customer_id:bigint,customer_segment:string,risk_rating:string","isnotnull(customer_id#30L), isnotnull(customer_segment#37), isnotnull(risk_rating#39)","",false
2,17,206,"Parquet",0,0,0,0,"InMemoryFileIndex(1 paths)[s3a://goes-se-sandbox/data/warehouse/tablespace/external/hive/demo_pauldefusco.db/customers_skewed]","IsNotNull(customer_id), IsNotNull(customer_segment), IsNotNull(risk_rating)","customer_id:bigint,customer_segment:string,risk_rating:string","isnotnull(customer_id#30L), isnotnull(customer_segment#37), isnotnull(risk_rating#39)","",false
2,17,147,"Parquet",0,0,0,0,"InMemoryFileIndex(1 paths)[s3a://goes-se-sandbox/data/warehouse/tablespace/external/hive/demo_pauldefusco.db/merchants_skewed]","IsNotNull(merchant_id)","merchant_id:bigint","isnotnull(merchant_id#785L)","",false
2,17,77,"Parquet",0,0,0,0,"InMemoryFileIndex(1 paths)[s3a://goes-se-sandbox/data/warehouse/tablespace/external/hive/demo_pauldefusco.db/merchants_skewed]","IsNotNull(merchant_id), IsNotNull(merchant_category), IsNotNull(region)","merchant_id:bigint,region:string,merchant_category:string","isnotnull(merchant_id#70L), isnotnull(merchant_category#73), isnotnull(region#72)","",false
2,17,135,"Parquet",0,0,0,0,"InMemoryFileIndex(1 paths)[s3a://goes-se-sandbox/data/warehouse/tablespace/external/hive/demo_pauldefusco.db/trs_v25]","IsNotNull(customer_id), IsNotNull(account_id), IsNotNull(merchant_id), IsNotNull(branch_id), IsNotNull(transaction_date)","customer_id:bigint,account_id:bigint,merchant_id:bigint,branch_id:bigint,transaction_date:date","isnotnull(customer_id#751L), isnotnull(account_id#752L), isnotnull(merchant_id#753L), isnotnull(branch_id#754L), isnotnull(transaction_date#755)","",false
2,17,55,"Parquet",0,0,0,0,"InMemoryFileIndex(1 paths)[s3a://goes-se-sandbox/data/warehouse/tablespace/external/hive/demo_pauldefusco.db/trs_v25]","IsNotNull(customer_id), IsNotNull(account_id), IsNotNull(merchant_id), IsNotNull(branch_id), IsNotNull(transaction_date)","customer_id:bigint,account_id:bigint,merchant_id:bigint,branch_id:bigint,transaction_date:date,transaction_amount:double","isnotnull(customer_id#1L), isnotnull(account_id#2L), isnotnull(merchant_id#3L), isnotnull(branch_id#4L), isnotnull(transaction_date#5)","",false
2,18,71,"Parquet",0,0,0,0,"InMemoryFileIndex(1 paths)[s3a://goes-se-sandbox/data/warehouse/tablespace/external/hive/demo_pauldefusco.db/accounts_skewed]","IsNotNull(account_id)","account_id:bigint","isnotnull(account_id#51L)","",false
2,18,157,"Parquet",0,0,0,0,"InMemoryFileIndex(1 paths)[s3a://goes-se-sandbox/data/warehouse/tablespace/external/hive/demo_pauldefusco.db/branches_skewed]","IsNotNull(branch_id)","branch_id:bigint","isnotnull(branch_id#795L)","",false
2,18,87,"Parquet",0,0,0,0,"InMemoryFileIndex(1 paths)[s3a://goes-se-sandbox/data/warehouse/tablespace/external/hive/demo_pauldefusco.db/branches_skewed]","IsNotNull(branch_id)","branch_id:bigint,state:string,region:string","isnotnull(branch_id#90L)","",false
2,18,165,"Parquet",0,0,0,0,"InMemoryFileIndex(1 paths)[s3a://goes-se-sandbox/data/warehouse/tablespace/external/hive/demo_pauldefusco.db/calendar]","IsNotNull(calendar_date)","calendar_date:date","isnotnull(calendar_date#806)","",false
2,18,95,"Parquet",0,0,0,0,"InMemoryFileIndex(1 paths)[s3a://goes-se-sandbox/data/warehouse/tablespace/external/hive/demo_pauldefusco.db/calendar]","IsNotNull(calendar_date)","calendar_date:date,year:int,quarter:int,month:int","isnotnull(calendar_date#112)","",false
2,18,64,"Parquet",0,0,0,0,"InMemoryFileIndex(1 paths)[s3a://goes-se-sandbox/data/warehouse/tablespace/external/hive/demo_pauldefusco.db/customers_skewed]","IsNotNull(customer_id), IsNotNull(customer_segment), IsNotNull(risk_rating)","customer_id:bigint,customer_segment:string,risk_rating:string","isnotnull(customer_id#30L), isnotnull(customer_segment#37), isnotnull(risk_rating#39)","",false
2,18,208,"Parquet",0,0,0,0,"InMemoryFileIndex(1 paths)[s3a://goes-se-sandbox/data/warehouse/tablespace/external/hive/demo_pauldefusco.db/customers_skewed]","IsNotNull(customer_id), IsNotNull(customer_segment), IsNotNull(risk_rating)","customer_id:bigint,customer_segment:string,risk_rating:string","isnotnull(customer_id#30L), isnotnull(customer_segment#37), isnotnull(risk_rating#39)","",false
2,18,149,"Parquet",0,0,0,0,"InMemoryFileIndex(1 paths)[s3a://goes-se-sandbox/data/warehouse/tablespace/external/hive/demo_pauldefusco.db/merchants_skewed]","IsNotNull(merchant_id)","merchant_id:bigint","isnotnull(merchant_id#785L)","",false
2,18,79,"Parquet",0,0,0,0,"InMemoryFileIndex(1 paths)[s3a://goes-se-sandbox/data/warehouse/tablespace/external/hive/demo_pauldefusco.db/merchants_skewed]","IsNotNull(merchant_id), IsNotNull(merchant_category), IsNotNull(region)","merchant_id:bigint,region:string,merchant_category:string","isnotnull(merchant_id#70L), isnotnull(merchant_category#73), isnotnull(region#72)","",false
2,18,137,"Parquet",0,0,0,0,"InMemoryFileIndex(1 paths)[s3a://goes-se-sandbox/data/warehouse/tablespace/external/hive/demo_pauldefusco.db/trs_v25]","IsNotNull(customer_id), IsNotNull(account_id), IsNotNull(merchant_id), IsNotNull(branch_id), IsNotNull(transaction_date)","customer_id:bigint,account_id:bigint,merchant_id:bigint,branch_id:bigint,transaction_date:date","isnotnull(customer_id#751L), isnotnull(account_id#752L), isnotnull(merchant_id#753L), isnotnull(branch_id#754L), isnotnull(transaction_date#755)","",false
2,18,57,"Parquet",0,0,0,0,"InMemoryFileIndex(1 paths)[s3a://goes-se-sandbox/data/warehouse/tablespace/external/hive/demo_pauldefusco.db/trs_v25]","IsNotNull(customer_id), IsNotNull(account_id), IsNotNull(merchant_id), IsNotNull(branch_id), IsNotNull(transaction_date)","customer_id:bigint,account_id:bigint,merchant_id:bigint,branch_id:bigint,transaction_date:date,transaction_amount:double","isnotnull(customer_id#1L), isnotnull(account_id#2L), isnotnull(merchant_id#3L), isnotnull(branch_id#4L), isnotnull(transaction_date#5)","",false
2,19,72,"Parquet",0,242233,83622504,0,"InMemoryFileIndex(1 paths)[s3a://goes-se-sandbox/data/warehouse/tablespace/external/hive/demo_pauldefusco.db/accounts_skewed]","IsNotNull(account_id)","account_id:bigint","isnotnull(account_id#51L)","",true
2,19,158,"Parquet",0,14123,360683,0,"InMemoryFileIndex(1 paths)[s3a://goes-se-sandbox/data/warehouse/tablespace/external/hive/demo_pauldefusco.db/branches_skewed]","IsNotNull(branch_id)","branch_id:bigint","isnotnull(branch_id#795L)","",true
2,19,88,"Parquet",0,13766,360683,0,"InMemoryFileIndex(1 paths)[s3a://goes-se-sandbox/data/warehouse/tablespace/external/hive/demo_pauldefusco.db/branches_skewed]","IsNotNull(branch_id)","branch_id:bigint,state:string,region:string","isnotnull(branch_id#90L)","",true
2,19,166,"Parquet",0,304,10508,0,"InMemoryFileIndex(1 paths)[s3a://goes-se-sandbox/data/warehouse/tablespace/external/hive/demo_pauldefusco.db/calendar]","IsNotNull(calendar_date)","calendar_date:date","isnotnull(calendar_date#806)","",true
2,19,96,"Parquet",0,247,10508,0,"InMemoryFileIndex(1 paths)[s3a://goes-se-sandbox/data/warehouse/tablespace/external/hive/demo_pauldefusco.db/calendar]","IsNotNull(calendar_date)","calendar_date:date,year:int,quarter:int,month:int","isnotnull(calendar_date#112)","",true
2,19,65,"Parquet",0,252830,42431919,0,"InMemoryFileIndex(1 paths)[s3a://goes-se-sandbox/data/warehouse/tablespace/external/hive/demo_pauldefusco.db/customers_skewed]","IsNotNull(customer_id), IsNotNull(customer_segment), IsNotNull(risk_rating)","customer_id:bigint,customer_segment:string,risk_rating:string","isnotnull(customer_id#30L), isnotnull(customer_segment#37), isnotnull(risk_rating#39)","",true
2,19,209,"Parquet",0,239430,42431919,0,"InMemoryFileIndex(1 paths)[s3a://goes-se-sandbox/data/warehouse/tablespace/external/hive/demo_pauldefusco.db/customers_skewed]","IsNotNull(customer_id), IsNotNull(customer_segment), IsNotNull(risk_rating)","customer_id:bigint,customer_segment:string,risk_rating:string","isnotnull(customer_id#30L), isnotnull(customer_segment#37), isnotnull(risk_rating#39)","",true
2,19,150,"Parquet",0,223161,13585953,0,"InMemoryFileIndex(1 paths)[s3a://goes-se-sandbox/data/warehouse/tablespace/external/hive/demo_pauldefusco.db/merchants_skewed]","IsNotNull(merchant_id)","merchant_id:bigint","isnotnull(merchant_id#785L)","",true
2,19,80,"Parquet",0,219221,13585953,0,"InMemoryFileIndex(1 paths)[s3a://goes-se-sandbox/data/warehouse/tablespace/external/hive/demo_pauldefusco.db/merchants_skewed]","IsNotNull(merchant_id), IsNotNull(merchant_category), IsNotNull(region)","merchant_id:bigint,region:string,merchant_category:string","isnotnull(merchant_id#70L), isnotnull(merchant_category#73), isnotnull(region#72)","",true
2,19,138,"Parquet",0,1085182,139988262866,0,"InMemoryFileIndex(1 paths)[s3a://goes-se-sandbox/data/warehouse/tablespace/external/hive/demo_pauldefusco.db/trs_v25]","IsNotNull(customer_id), IsNotNull(account_id), IsNotNull(merchant_id), IsNotNull(branch_id), IsNotNull(transaction_date)","customer_id:bigint,account_id:bigint,merchant_id:bigint,branch_id:bigint,transaction_date:date","isnotnull(customer_id#751L), isnotnull(account_id#752L), isnotnull(merchant_id#753L), isnotnull(branch_id#754L), isnotnull(transaction_date#755)","",true
2,19,58,"Parquet",0,1649798,139988262866,0,"InMemoryFileIndex(1 paths)[s3a://goes-se-sandbox/data/warehouse/tablespace/external/hive/demo_pauldefusco.db/trs_v25]","IsNotNull(customer_id), IsNotNull(account_id), IsNotNull(merchant_id), IsNotNull(branch_id), IsNotNull(transaction_date)","customer_id:bigint,account_id:bigint,merchant_id:bigint,branch_id:bigint,transaction_date:date,transaction_amount:double","isnotnull(customer_id#1L), isnotnull(account_id#2L), isnotnull(merchant_id#3L), isnotnull(branch_id#4L), isnotnull(transaction_date#5)","",true
