sqlID,sql_plan_version,nodeId,format,buffer_time,scan_time,data_size,decode_time,location,pushedFilters,schema,data_filters,partition_filters,from_final_plan
1,0,115,"Parquet",0,0,0,0,"InMemoryFileIndex(1 paths)[s3a://goes-se-sandbox/data/warehouse/tablespace/external/hive/demo_pauldefusco.db/accounts_skewed]","IsNotNull(account_id)","account_id:bigint","isnotnull(account_id#1163L)","",false
1,0,161,"Parquet",0,0,0,0,"InMemoryFileIndex(1 paths)[s3a://goes-se-sandbox/data/warehouse/tablespace/external/hive/demo_pauldefusco.db/accounts_skewed]","IsNotNull(account_id)","account_id:bigint","isnotnull(account_id#1285L)","",false
1,0,253,"Parquet",0,0,0,0,"InMemoryFileIndex(1 paths)[s3a://goes-se-sandbox/data/warehouse/tablespace/external/hive/demo_pauldefusco.db/accounts_skewed]","IsNotNull(account_id)","account_id:bigint","isnotnull(account_id#1557L)","",false
1,0,299,"Parquet",0,0,0,0,"InMemoryFileIndex(1 paths)[s3a://goes-se-sandbox/data/warehouse/tablespace/external/hive/demo_pauldefusco.db/accounts_skewed]","IsNotNull(account_id)","account_id:bigint","isnotnull(account_id#1687L)","",false
1,0,345,"Parquet",0,0,0,0,"InMemoryFileIndex(1 paths)[s3a://goes-se-sandbox/data/warehouse/tablespace/external/hive/demo_pauldefusco.db/accounts_skewed]","IsNotNull(account_id)","account_id:bigint","isnotnull(account_id#1821L)","",false
1,0,391,"Parquet",0,0,0,0,"InMemoryFileIndex(1 paths)[s3a://goes-se-sandbox/data/warehouse/tablespace/external/hive/demo_pauldefusco.db/accounts_skewed]","IsNotNull(account_id)","account_id:bigint","isnotnull(account_id#1961L)","",false
1,0,511,"Parquet",0,0,0,0,"InMemoryFileIndex(1 paths)[s3a://goes-se-sandbox/data/warehouse/tablespace/external/hive/demo_pauldefusco.db/accounts_skewed]","IsNotNull(account_id)","account_id:bigint","isnotnull(account_id#2404L)","",false
1,0,557,"Parquet",0,0,0,0,"InMemoryFileIndex(1 paths)[s3a://goes-se-sandbox/data/warehouse/tablespace/external/hive/demo_pauldefusco.db/accounts_skewed]","IsNotNull(account_id)","account_id:bigint","isnotnull(account_id#2480L)","",false
1,0,649,"Parquet",0,0,0,0,"InMemoryFileIndex(1 paths)[s3a://goes-se-sandbox/data/warehouse/tablespace/external/hive/demo_pauldefusco.db/accounts_skewed]","IsNotNull(account_id)","account_id:bigint","isnotnull(account_id#2632L)","",false
1,0,695,"Parquet",0,0,0,0,"InMemoryFileIndex(1 paths)[s3a://goes-se-sandbox/data/warehouse/tablespace/external/hive/demo_pauldefusco.db/accounts_skewed]","IsNotNull(account_id)","account_id:bigint","isnotnull(account_id#2700L)","",false
1,0,741,"Parquet",0,0,0,0,"InMemoryFileIndex(1 paths)[s3a://goes-se-sandbox/data/warehouse/tablespace/external/hive/demo_pauldefusco.db/accounts_skewed]","IsNotNull(account_id)","account_id:bigint","isnotnull(account_id#2768L)","",false
1,0,787,"Parquet",0,0,0,0,"InMemoryFileIndex(1 paths)[s3a://goes-se-sandbox/data/warehouse/tablespace/external/hive/demo_pauldefusco.db/accounts_skewed]","IsNotNull(account_id)","account_id:bigint","isnotnull(account_id#2836L)","",false
1,0,69,"Parquet",0,0,0,0,"InMemoryFileIndex(1 paths)[s3a://goes-se-sandbox/data/warehouse/tablespace/external/hive/demo_pauldefusco.db/accounts_skewed]","IsNotNull(account_id), IsNotNull(account_type)","account_id:bigint,account_type:string","isnotnull(account_id#51L), isnotnull(account_type#52)","",false
1,0,207,"Parquet",0,0,0,0,"InMemoryFileIndex(1 paths)[s3a://goes-se-sandbox/data/warehouse/tablespace/external/hive/demo_pauldefusco.db/accounts_skewed]","IsNotNull(account_id), IsNotNull(account_type)","account_id:bigint,account_type:string","isnotnull(account_id#1417L), isnotnull(account_type#1418)","",false
1,0,465,"Parquet",0,0,0,0,"InMemoryFileIndex(1 paths)[s3a://goes-se-sandbox/data/warehouse/tablespace/external/hive/demo_pauldefusco.db/accounts_skewed]","IsNotNull(account_id), IsNotNull(account_type)","account_id:bigint,account_type:string","isnotnull(account_id#2336L), isnotnull(account_type#2337)","",false
1,0,603,"Parquet",0,0,0,0,"InMemoryFileIndex(1 paths)[s3a://goes-se-sandbox/data/warehouse/tablespace/external/hive/demo_pauldefusco.db/accounts_skewed]","IsNotNull(account_id), IsNotNull(account_type)","account_id:bigint,account_type:string","isnotnull(account_id#2556L), isnotnull(account_type#2557)","",false
1,0,123,"Parquet",0,0,0,0,"InMemoryFileIndex(1 paths)[s3a://goes-se-sandbox/data/warehouse/tablespace/external/hive/demo_pauldefusco.db/branches_skewed]","IsNotNull(branch_id)","branch_id:bigint","isnotnull(branch_id#1182L)","",false
1,0,169,"Parquet",0,0,0,0,"InMemoryFileIndex(1 paths)[s3a://goes-se-sandbox/data/warehouse/tablespace/external/hive/demo_pauldefusco.db/branches_skewed]","IsNotNull(branch_id)","branch_id:bigint","isnotnull(branch_id#1304L)","",false
1,0,215,"Parquet",0,0,0,0,"InMemoryFileIndex(1 paths)[s3a://goes-se-sandbox/data/warehouse/tablespace/external/hive/demo_pauldefusco.db/branches_skewed]","IsNotNull(branch_id)","branch_id:bigint","isnotnull(branch_id#1436L)","",false
1,0,307,"Parquet",0,0,0,0,"InMemoryFileIndex(1 paths)[s3a://goes-se-sandbox/data/warehouse/tablespace/external/hive/demo_pauldefusco.db/branches_skewed]","IsNotNull(branch_id)","branch_id:bigint","isnotnull(branch_id#1706L)","",false
1,0,353,"Parquet",0,0,0,0,"InMemoryFileIndex(1 paths)[s3a://goes-se-sandbox/data/warehouse/tablespace/external/hive/demo_pauldefusco.db/branches_skewed]","IsNotNull(branch_id)","branch_id:bigint","isnotnull(branch_id#1840L)","",false
1,0,399,"Parquet",0,0,0,0,"InMemoryFileIndex(1 paths)[s3a://goes-se-sandbox/data/warehouse/tablespace/external/hive/demo_pauldefusco.db/branches_skewed]","IsNotNull(branch_id)","branch_id:bigint","isnotnull(branch_id#1980L)","",false
1,0,519,"Parquet",0,0,0,0,"InMemoryFileIndex(1 paths)[s3a://goes-se-sandbox/data/warehouse/tablespace/external/hive/demo_pauldefusco.db/branches_skewed]","IsNotNull(branch_id)","branch_id:bigint","isnotnull(branch_id#2423L)","",false
1,0,565,"Parquet",0,0,0,0,"InMemoryFileIndex(1 paths)[s3a://goes-se-sandbox/data/warehouse/tablespace/external/hive/demo_pauldefusco.db/branches_skewed]","IsNotNull(branch_id)","branch_id:bigint","isnotnull(branch_id#2499L)","",false
1,0,611,"Parquet",0,0,0,0,"InMemoryFileIndex(1 paths)[s3a://goes-se-sandbox/data/warehouse/tablespace/external/hive/demo_pauldefusco.db/branches_skewed]","IsNotNull(branch_id)","branch_id:bigint","isnotnull(branch_id#2575L)","",false
1,0,703,"Parquet",0,0,0,0,"InMemoryFileIndex(1 paths)[s3a://goes-se-sandbox/data/warehouse/tablespace/external/hive/demo_pauldefusco.db/branches_skewed]","IsNotNull(branch_id)","branch_id:bigint","isnotnull(branch_id#2719L)","",false
1,0,749,"Parquet",0,0,0,0,"InMemoryFileIndex(1 paths)[s3a://goes-se-sandbox/data/warehouse/tablespace/external/hive/demo_pauldefusco.db/branches_skewed]","IsNotNull(branch_id)","branch_id:bigint","isnotnull(branch_id#2787L)","",false
1,0,795,"Parquet",0,0,0,0,"InMemoryFileIndex(1 paths)[s3a://goes-se-sandbox/data/warehouse/tablespace/external/hive/demo_pauldefusco.db/branches_skewed]","IsNotNull(branch_id)","branch_id:bigint","isnotnull(branch_id#2855L)","",false
1,0,77,"Parquet",0,0,0,0,"InMemoryFileIndex(1 paths)[s3a://goes-se-sandbox/data/warehouse/tablespace/external/hive/demo_pauldefusco.db/branches_skewed]","IsNotNull(branch_id), IsNotNull(state), IsNotNull(region)","branch_id:bigint,state:string,region:string","isnotnull(branch_id#90L), isnotnull(state#92), isnotnull(region#93)","",false
1,0,261,"Parquet",0,0,0,0,"InMemoryFileIndex(1 paths)[s3a://goes-se-sandbox/data/warehouse/tablespace/external/hive/demo_pauldefusco.db/branches_skewed]","IsNotNull(branch_id), IsNotNull(state), IsNotNull(region)","branch_id:bigint,state:string,region:string","isnotnull(branch_id#1576L), isnotnull(state#1578), isnotnull(region#1579)","",false
1,0,473,"Parquet",0,0,0,0,"InMemoryFileIndex(1 paths)[s3a://goes-se-sandbox/data/warehouse/tablespace/external/hive/demo_pauldefusco.db/branches_skewed]","IsNotNull(branch_id), IsNotNull(state), IsNotNull(region)","branch_id:bigint,state:string,region:string","isnotnull(branch_id#2355L), isnotnull(state#2357), isnotnull(region#2358)","",false
1,0,657,"Parquet",0,0,0,0,"InMemoryFileIndex(1 paths)[s3a://goes-se-sandbox/data/warehouse/tablespace/external/hive/demo_pauldefusco.db/branches_skewed]","IsNotNull(branch_id), IsNotNull(state), IsNotNull(region)","branch_id:bigint,state:string,region:string","isnotnull(branch_id#2651L), isnotnull(state#2653), isnotnull(region#2654)","",false
1,0,127,"Parquet",0,0,0,0,"InMemoryFileIndex(1 paths)[s3a://goes-se-sandbox/data/warehouse/tablespace/external/hive/demo_pauldefusco.db/calendar]","IsNotNull(calendar_date)","calendar_date:date","isnotnull(calendar_date#1193)","",false
1,0,173,"Parquet",0,0,0,0,"InMemoryFileIndex(1 paths)[s3a://goes-se-sandbox/data/warehouse/tablespace/external/hive/demo_pauldefusco.db/calendar]","IsNotNull(calendar_date)","calendar_date:date","isnotnull(calendar_date#1315)","",false
1,0,219,"Parquet",0,0,0,0,"InMemoryFileIndex(1 paths)[s3a://goes-se-sandbox/data/warehouse/tablespace/external/hive/demo_pauldefusco.db/calendar]","IsNotNull(calendar_date)","calendar_date:date","isnotnull(calendar_date#1447)","",false
1,0,357,"Parquet",0,0,0,0,"InMemoryFileIndex(1 paths)[s3a://goes-se-sandbox/data/warehouse/tablespace/external/hive/demo_pauldefusco.db/calendar]","IsNotNull(calendar_date)","calendar_date:date","isnotnull(calendar_date#1851)","",false
1,0,523,"Parquet",0,0,0,0,"InMemoryFileIndex(1 paths)[s3a://goes-se-sandbox/data/warehouse/tablespace/external/hive/demo_pauldefusco.db/calendar]","IsNotNull(calendar_date)","calendar_date:date","isnotnull(calendar_date#2434)","",false
1,0,569,"Parquet",0,0,0,0,"InMemoryFileIndex(1 paths)[s3a://goes-se-sandbox/data/warehouse/tablespace/external/hive/demo_pauldefusco.db/calendar]","IsNotNull(calendar_date)","calendar_date:date","isnotnull(calendar_date#2510)","",false
1,0,615,"Parquet",0,0,0,0,"InMemoryFileIndex(1 paths)[s3a://goes-se-sandbox/data/warehouse/tablespace/external/hive/demo_pauldefusco.db/calendar]","IsNotNull(calendar_date)","calendar_date:date","isnotnull(calendar_date#2586)","",false
1,0,753,"Parquet",0,0,0,0,"InMemoryFileIndex(1 paths)[s3a://goes-se-sandbox/data/warehouse/tablespace/external/hive/demo_pauldefusco.db/calendar]","IsNotNull(calendar_date)","calendar_date:date","isnotnull(calendar_date#2798)","",false
1,0,311,"Parquet",0,0,0,0,"InMemoryFileIndex(1 paths)[s3a://goes-se-sandbox/data/warehouse/tablespace/external/hive/demo_pauldefusco.db/calendar]","IsNotNull(calendar_date), IsNotNull(year), IsNotNull(month)","calendar_date:date,year:int,month:int","isnotnull(calendar_date#1717), isnotnull(year#1719), isnotnull(month#1721)","",false
1,0,403,"Parquet",0,0,0,0,"InMemoryFileIndex(1 paths)[s3a://goes-se-sandbox/data/warehouse/tablespace/external/hive/demo_pauldefusco.db/calendar]","IsNotNull(calendar_date), IsNotNull(year), IsNotNull(month)","calendar_date:date,year:int,month:int","isnotnull(calendar_date#1991), isnotnull(year#1993), isnotnull(month#1995)","",false
1,0,707,"Parquet",0,0,0,0,"InMemoryFileIndex(1 paths)[s3a://goes-se-sandbox/data/warehouse/tablespace/external/hive/demo_pauldefusco.db/calendar]","IsNotNull(calendar_date), IsNotNull(year), IsNotNull(month)","calendar_date:date,year:int,month:int","isnotnull(calendar_date#2730), isnotnull(year#2732), isnotnull(month#2734)","",false
1,0,799,"Parquet",0,0,0,0,"InMemoryFileIndex(1 paths)[s3a://goes-se-sandbox/data/warehouse/tablespace/external/hive/demo_pauldefusco.db/calendar]","IsNotNull(calendar_date), IsNotNull(year), IsNotNull(month)","calendar_date:date,year:int,month:int","isnotnull(calendar_date#2866), isnotnull(year#2868), isnotnull(month#2870)","",false
1,0,265,"Parquet",0,0,0,0,"InMemoryFileIndex(1 paths)[s3a://goes-se-sandbox/data/warehouse/tablespace/external/hive/demo_pauldefusco.db/calendar]","IsNotNull(calendar_date), IsNotNull(year), IsNotNull(quarter)","calendar_date:date,year:int,quarter:int","isnotnull(calendar_date#1587), isnotnull(year#1589), isnotnull(quarter#1590)","",false
1,0,661,"Parquet",0,0,0,0,"InMemoryFileIndex(1 paths)[s3a://goes-se-sandbox/data/warehouse/tablespace/external/hive/demo_pauldefusco.db/calendar]","IsNotNull(calendar_date), IsNotNull(year), IsNotNull(quarter)","calendar_date:date,year:int,quarter:int","isnotnull(calendar_date#2662), isnotnull(year#2664), isnotnull(quarter#2665)","",false
1,0,81,"Parquet",0,0,0,0,"InMemoryFileIndex(1 paths)[s3a://goes-se-sandbox/data/warehouse/tablespace/external/hive/demo_pauldefusco.db/calendar]","IsNotNull(calendar_date), IsNotNull(year), IsNotNull(quarter), IsNotNull(month)","calendar_date:date,year:int,quarter:int,month:int","isnotnull(calendar_date#112), isnotnull(year#114), isnotnull(quarter#115), isnotnull(month#116)","",false
1,0,477,"Parquet",0,0,0,0,"InMemoryFileIndex(1 paths)[s3a://goes-se-sandbox/data/warehouse/tablespace/external/hive/demo_pauldefusco.db/calendar]","IsNotNull(calendar_date), IsNotNull(year), IsNotNull(quarter), IsNotNull(month)","calendar_date:date,year:int,quarter:int,month:int","isnotnull(calendar_date#2366), isnotnull(year#2368), isnotnull(quarter#2369), isnotnull(month#2370)","",false
1,0,157,"Parquet",0,0,0,0,"InMemoryFileIndex(1 paths)[s3a://goes-se-sandbox/data/warehouse/tablespace/external/hive/demo_pauldefusco.db/customers_skewed]","IsNotNull(customer_id)","customer_id:bigint","isnotnull(customer_id#1274L)","",false
1,0,203,"Parquet",0,0,0,0,"InMemoryFileIndex(1 paths)[s3a://goes-se-sandbox/data/warehouse/tablespace/external/hive/demo_pauldefusco.db/customers_skewed]","IsNotNull(customer_id)","customer_id:bigint","isnotnull(customer_id#1406L)","",false
1,0,249,"Parquet",0,0,0,0,"InMemoryFileIndex(1 paths)[s3a://goes-se-sandbox/data/warehouse/tablespace/external/hive/demo_pauldefusco.db/customers_skewed]","IsNotNull(customer_id)","customer_id:bigint","isnotnull(customer_id#1546L)","",false
1,0,341,"Parquet",0,0,0,0,"InMemoryFileIndex(1 paths)[s3a://goes-se-sandbox/data/warehouse/tablespace/external/hive/demo_pauldefusco.db/customers_skewed]","IsNotNull(customer_id)","customer_id:bigint","isnotnull(customer_id#1810L)","",false
1,0,553,"Parquet",0,0,0,0,"InMemoryFileIndex(1 paths)[s3a://goes-se-sandbox/data/warehouse/tablespace/external/hive/demo_pauldefusco.db/customers_skewed]","IsNotNull(customer_id)","customer_id:bigint","isnotnull(customer_id#2469L)","",false
1,0,599,"Parquet",0,0,0,0,"InMemoryFileIndex(1 paths)[s3a://goes-se-sandbox/data/warehouse/tablespace/external/hive/demo_pauldefusco.db/customers_skewed]","IsNotNull(customer_id)","customer_id:bigint","isnotnull(customer_id#2545L)","",false
1,0,645,"Parquet",0,0,0,0,"InMemoryFileIndex(1 paths)[s3a://goes-se-sandbox/data/warehouse/tablespace/external/hive/demo_pauldefusco.db/customers_skewed]","IsNotNull(customer_id)","customer_id:bigint","isnotnull(customer_id#2621L)","",false
1,0,737,"Parquet",0,0,0,0,"InMemoryFileIndex(1 paths)[s3a://goes-se-sandbox/data/warehouse/tablespace/external/hive/demo_pauldefusco.db/customers_skewed]","IsNotNull(customer_id)","customer_id:bigint","isnotnull(customer_id#2757L)","",false
1,0,387,"Parquet",0,0,0,0,"InMemoryFileIndex(1 paths)[s3a://goes-se-sandbox/data/warehouse/tablespace/external/hive/demo_pauldefusco.db/customers_skewed]","IsNotNull(customer_id)","customer_id:bigint,credit_score:int","isnotnull(customer_id#1950L)","",false
1,0,783,"Parquet",0,0,0,0,"InMemoryFileIndex(1 paths)[s3a://goes-se-sandbox/data/warehouse/tablespace/external/hive/demo_pauldefusco.db/customers_skewed]","IsNotNull(customer_id)","customer_id:bigint,credit_score:int","isnotnull(customer_id#2825L)","",false
1,0,65,"Parquet",0,0,0,0,"InMemoryFileIndex(1 paths)[s3a://goes-se-sandbox/data/warehouse/tablespace/external/hive/demo_pauldefusco.db/customers_skewed]","IsNotNull(customer_id), IsNotNull(customer_segment), IsNotNull(risk_rating)","customer_id:bigint,credit_score:int,customer_segment:string,risk_rating:string","isnotnull(customer_id#30L), isnotnull(customer_segment#37), isnotnull(risk_rating#39)","",false
1,0,295,"Parquet",0,0,0,0,"InMemoryFileIndex(1 paths)[s3a://goes-se-sandbox/data/warehouse/tablespace/external/hive/demo_pauldefusco.db/customers_skewed]","IsNotNull(customer_id), IsNotNull(customer_segment)","customer_id:bigint,customer_segment:string","isnotnull(customer_id#1676L), isnotnull(customer_segment#1683)","",false
1,0,691,"Parquet",0,0,0,0,"InMemoryFileIndex(1 paths)[s3a://goes-se-sandbox/data/warehouse/tablespace/external/hive/demo_pauldefusco.db/customers_skewed]","IsNotNull(customer_id), IsNotNull(customer_segment)","customer_id:bigint,customer_segment:string","isnotnull(customer_id#2689L), isnotnull(customer_segment#2696)","",false
1,0,111,"Parquet",0,0,0,0,"InMemoryFileIndex(1 paths)[s3a://goes-se-sandbox/data/warehouse/tablespace/external/hive/demo_pauldefusco.db/customers_skewed]","IsNotNull(customer_id), IsNotNull(customer_segment), IsNotNull(risk_rating)","customer_id:bigint,customer_segment:string,risk_rating:string","isnotnull(customer_id#1152L), isnotnull(customer_segment#1159), isnotnull(risk_rating#1161)","",false
1,0,461,"Parquet",0,0,0,0,"InMemoryFileIndex(1 paths)[s3a://goes-se-sandbox/data/warehouse/tablespace/external/hive/demo_pauldefusco.db/customers_skewed]","IsNotNull(customer_id), IsNotNull(customer_segment), IsNotNull(risk_rating)","customer_id:bigint,customer_segment:string,risk_rating:string","isnotnull(customer_id#2325L), isnotnull(customer_segment#2332), isnotnull(risk_rating#2334)","",false
1,0,507,"Parquet",0,0,0,0,"InMemoryFileIndex(1 paths)[s3a://goes-se-sandbox/data/warehouse/tablespace/external/hive/demo_pauldefusco.db/customers_skewed]","IsNotNull(customer_id), IsNotNull(customer_segment), IsNotNull(risk_rating)","customer_id:bigint,customer_segment:string,risk_rating:string","isnotnull(customer_id#2393L), isnotnull(customer_segment#2400), isnotnull(risk_rating#2402)","",false
1,0,119,"Parquet",0,0,0,0,"InMemoryFileIndex(1 paths)[s3a://goes-se-sandbox/data/warehouse/tablespace/external/hive/demo_pauldefusco.db/merchants_skewed]","IsNotNull(merchant_id)","merchant_id:bigint","isnotnull(merchant_id#1172L)","",false
1,0,257,"Parquet",0,0,0,0,"InMemoryFileIndex(1 paths)[s3a://goes-se-sandbox/data/warehouse/tablespace/external/hive/demo_pauldefusco.db/merchants_skewed]","IsNotNull(merchant_id)","merchant_id:bigint","isnotnull(merchant_id#1566L)","",false
1,0,349,"Parquet",0,0,0,0,"InMemoryFileIndex(1 paths)[s3a://goes-se-sandbox/data/warehouse/tablespace/external/hive/demo_pauldefusco.db/merchants_skewed]","IsNotNull(merchant_id)","merchant_id:bigint","isnotnull(merchant_id#1830L)","",false
1,0,515,"Parquet",0,0,0,0,"InMemoryFileIndex(1 paths)[s3a://goes-se-sandbox/data/warehouse/tablespace/external/hive/demo_pauldefusco.db/merchants_skewed]","IsNotNull(merchant_id)","merchant_id:bigint","isnotnull(merchant_id#2413L)","",false
1,0,653,"Parquet",0,0,0,0,"InMemoryFileIndex(1 paths)[s3a://goes-se-sandbox/data/warehouse/tablespace/external/hive/demo_pauldefusco.db/merchants_skewed]","IsNotNull(merchant_id)","merchant_id:bigint","isnotnull(merchant_id#2641L)","",false
1,0,745,"Parquet",0,0,0,0,"InMemoryFileIndex(1 paths)[s3a://goes-se-sandbox/data/warehouse/tablespace/external/hive/demo_pauldefusco.db/merchants_skewed]","IsNotNull(merchant_id)","merchant_id:bigint","isnotnull(merchant_id#2777L)","",false
1,0,303,"Parquet",0,0,0,0,"InMemoryFileIndex(1 paths)[s3a://goes-se-sandbox/data/warehouse/tablespace/external/hive/demo_pauldefusco.db/merchants_skewed]","IsNotNull(merchant_id), IsNotNull(merchant_category)","merchant_id:bigint,merchant_category:string","isnotnull(merchant_id#1696L), isnotnull(merchant_category#1699)","",false
1,0,699,"Parquet",0,0,0,0,"InMemoryFileIndex(1 paths)[s3a://goes-se-sandbox/data/warehouse/tablespace/external/hive/demo_pauldefusco.db/merchants_skewed]","IsNotNull(merchant_id), IsNotNull(merchant_category)","merchant_id:bigint,merchant_category:string","isnotnull(merchant_id#2709L), isnotnull(merchant_category#2712)","",false
1,0,211,"Parquet",0,0,0,0,"InMemoryFileIndex(1 paths)[s3a://goes-se-sandbox/data/warehouse/tablespace/external/hive/demo_pauldefusco.db/merchants_skewed]","IsNotNull(merchant_id), IsNotNull(region)","merchant_id:bigint,region:string","isnotnull(merchant_id#1426L), isnotnull(region#1428)","",false
1,0,607,"Parquet",0,0,0,0,"InMemoryFileIndex(1 paths)[s3a://goes-se-sandbox/data/warehouse/tablespace/external/hive/demo_pauldefusco.db/merchants_skewed]","IsNotNull(merchant_id), IsNotNull(region)","merchant_id:bigint,region:string","isnotnull(merchant_id#2565L), isnotnull(region#2567)","",false
1,0,73,"Parquet",0,0,0,0,"InMemoryFileIndex(1 paths)[s3a://goes-se-sandbox/data/warehouse/tablespace/external/hive/demo_pauldefusco.db/merchants_skewed]","IsNotNull(merchant_id), IsNotNull(merchant_category), IsNotNull(region)","merchant_id:bigint,region:string,merchant_category:string","isnotnull(merchant_id#70L), isnotnull(merchant_category#73), isnotnull(region#72)","",false
1,0,165,"Parquet",0,0,0,0,"InMemoryFileIndex(1 paths)[s3a://goes-se-sandbox/data/warehouse/tablespace/external/hive/demo_pauldefusco.db/merchants_skewed]","IsNotNull(merchant_id), IsNotNull(merchant_category), IsNotNull(region)","merchant_id:bigint,region:string,merchant_category:string","isnotnull(merchant_id#1294L), isnotnull(merchant_category#1297), isnotnull(region#1296)","",false
1,0,395,"Parquet",0,0,0,0,"InMemoryFileIndex(1 paths)[s3a://goes-se-sandbox/data/warehouse/tablespace/external/hive/demo_pauldefusco.db/merchants_skewed]","IsNotNull(merchant_id), IsNotNull(merchant_category), IsNotNull(region)","merchant_id:bigint,region:string,merchant_category:string","isnotnull(merchant_id#1970L), isnotnull(merchant_category#1973), isnotnull(region#1972)","",false
1,0,469,"Parquet",0,0,0,0,"InMemoryFileIndex(1 paths)[s3a://goes-se-sandbox/data/warehouse/tablespace/external/hive/demo_pauldefusco.db/merchants_skewed]","IsNotNull(merchant_id), IsNotNull(merchant_category), IsNotNull(region)","merchant_id:bigint,region:string,merchant_category:string","isnotnull(merchant_id#2345L), isnotnull(merchant_category#2348), isnotnull(region#2347)","",false
1,0,561,"Parquet",0,0,0,0,"InMemoryFileIndex(1 paths)[s3a://goes-se-sandbox/data/warehouse/tablespace/external/hive/demo_pauldefusco.db/merchants_skewed]","IsNotNull(merchant_id), IsNotNull(merchant_category), IsNotNull(region)","merchant_id:bigint,region:string,merchant_category:string","isnotnull(merchant_id#2489L), isnotnull(merchant_category#2492), isnotnull(region#2491)","",false
1,0,791,"Parquet",0,0,0,0,"InMemoryFileIndex(1 paths)[s3a://goes-se-sandbox/data/warehouse/tablespace/external/hive/demo_pauldefusco.db/merchants_skewed]","IsNotNull(merchant_id), IsNotNull(merchant_category), IsNotNull(region)","merchant_id:bigint,region:string,merchant_category:string","isnotnull(merchant_id#2845L), isnotnull(merchant_category#2848), isnotnull(region#2847)","",false
1,0,245,"Parquet",0,0,0,0,"InMemoryFileIndex(1 paths)[s3a://goes-se-sandbox/data/warehouse/tablespace/external/hive/demo_pauldefusco.db/trs_v25]","IsNotNull(customer_id), IsNotNull(account_id), IsNotNull(merchant_id), IsNotNull(branch_id), IsNotNull(transaction_date)","customer_id:bigint,account_id:bigint,merchant_id:bigint,branch_id:bigint,transaction_date:date","isnotnull(customer_id#1532L), isnotnull(account_id#1533L), isnotnull(merchant_id#1534L), isnotnull(branch_id#1535L), isnotnull(transaction_date#1536)","",false
1,0,641,"Parquet",0,0,0,0,"InMemoryFileIndex(1 paths)[s3a://goes-se-sandbox/data/warehouse/tablespace/external/hive/demo_pauldefusco.db/trs_v25]","IsNotNull(customer_id), IsNotNull(account_id), IsNotNull(merchant_id), IsNotNull(branch_id), IsNotNull(transaction_date)","customer_id:bigint,account_id:bigint,merchant_id:bigint,branch_id:bigint,transaction_date:date","isnotnull(customer_id#2607L), isnotnull(account_id#2608L), isnotnull(merchant_id#2609L), isnotnull(branch_id#2610L), isnotnull(transaction_date#2611)","",false
1,0,687,"Parquet",0,0,0,0,"InMemoryFileIndex(1 paths)[s3a://goes-se-sandbox/data/warehouse/tablespace/external/hive/demo_pauldefusco.db/trs_v25]","IsNotNull(customer_id), IsNotNull(account_id), IsNotNull(merchant_id), IsNotNull(branch_id), IsNotNull(transaction_date)","customer_id:bigint,account_id:bigint,merchant_id:bigint,branch_id:bigint,transaction_date:date","isnotnull(customer_id#2675L), isnotnull(account_id#2676L), isnotnull(merchant_id#2677L), isnotnull(branch_id#2678L), isnotnull(transaction_date#2679)","",false
1,0,61,"Parquet",0,0,0,0,"InMemoryFileIndex(1 paths)[s3a://goes-se-sandbox/data/warehouse/tablespace/external/hive/demo_pauldefusco.db/trs_v25]","IsNotNull(customer_id), IsNotNull(account_id), IsNotNull(merchant_id), IsNotNull(branch_id), IsNotNull(transaction_date)","customer_id:bigint,account_id:bigint,merchant_id:bigint,branch_id:bigint,transaction_date:date,transaction_amount:double","isnotnull(customer_id#1L), isnotnull(account_id#2L), isnotnull(merchant_id#3L), isnotnull(branch_id#4L), isnotnull(transaction_date#5)","",false
1,0,291,"Parquet",0,0,0,0,"InMemoryFileIndex(1 paths)[s3a://goes-se-sandbox/data/warehouse/tablespace/external/hive/demo_pauldefusco.db/trs_v25]","IsNotNull(customer_id), IsNotNull(account_id), IsNotNull(merchant_id), IsNotNull(branch_id), IsNotNull(transaction_date)","customer_id:bigint,account_id:bigint,merchant_id:bigint,branch_id:bigint,transaction_date:date,transaction_amount:double","isnotnull(customer_id#1662L), isnotnull(account_id#1663L), isnotnull(merchant_id#1664L), isnotnull(branch_id#1665L), isnotnull(transaction_date#1666)","",false
1,0,337,"Parquet",0,0,0,0,"InMemoryFileIndex(1 paths)[s3a://goes-se-sandbox/data/warehouse/tablespace/external/hive/demo_pauldefusco.db/trs_v25]","IsNotNull(customer_id), IsNotNull(account_id), IsNotNull(merchant_id), IsNotNull(branch_id), IsNotNull(transaction_date)","customer_id:bigint,account_id:bigint,merchant_id:bigint,branch_id:bigint,transaction_date:date,transaction_amount:double","isnotnull(customer_id#1796L), isnotnull(account_id#1797L), isnotnull(merchant_id#1798L), isnotnull(branch_id#1799L), isnotnull(transaction_date#1800)","",false
1,0,383,"Parquet",0,0,0,0,"InMemoryFileIndex(1 paths)[s3a://goes-se-sandbox/data/warehouse/tablespace/external/hive/demo_pauldefusco.db/trs_v25]","IsNotNull(customer_id), IsNotNull(account_id), IsNotNull(merchant_id), IsNotNull(branch_id), IsNotNull(transaction_date)","customer_id:bigint,account_id:bigint,merchant_id:bigint,branch_id:bigint,transaction_date:date,transaction_amount:double","isnotnull(customer_id#1936L), isnotnull(account_id#1937L), isnotnull(merchant_id#1938L), isnotnull(branch_id#1939L), isnotnull(transaction_date#1940)","",false
1,0,457,"Parquet",0,0,0,0,"InMemoryFileIndex(1 paths)[s3a://goes-se-sandbox/data/warehouse/tablespace/external/hive/demo_pauldefusco.db/trs_v25]","IsNotNull(customer_id), IsNotNull(account_id), IsNotNull(merchant_id), IsNotNull(branch_id), IsNotNull(transaction_date)","customer_id:bigint,account_id:bigint,merchant_id:bigint,branch_id:bigint,transaction_date:date,transaction_amount:double","isnotnull(customer_id#2311L), isnotnull(account_id#2312L), isnotnull(merchant_id#2313L), isnotnull(branch_id#2314L), isnotnull(transaction_date#2315)","",false
1,0,779,"Parquet",0,0,0,0,"InMemoryFileIndex(1 paths)[s3a://goes-se-sandbox/data/warehouse/tablespace/external/hive/demo_pauldefusco.db/trs_v25]","IsNotNull(customer_id), IsNotNull(account_id), IsNotNull(merchant_id), IsNotNull(branch_id), IsNotNull(transaction_date)","customer_id:bigint,account_id:bigint,merchant_id:bigint,branch_id:bigint,transaction_date:date,transaction_amount:double","isnotnull(customer_id#2811L), isnotnull(account_id#2812L), isnotnull(merchant_id#2813L), isnotnull(branch_id#2814L), isnotnull(transaction_date#2815)","",false
1,0,107,"Parquet",0,0,0,0,"InMemoryFileIndex(1 paths)[s3a://goes-se-sandbox/data/warehouse/tablespace/external/hive/demo_pauldefusco.db/trs_v25]","IsNotNull(customer_id), IsNotNull(account_id), IsNotNull(merchant_id), IsNotNull(branch_id), IsNotNull(transaction_date)","customer_id:bigint,account_id:bigint,merchant_id:bigint,branch_id:bigint,transaction_date:date,transaction_amount:double,fraud_flag:int","isnotnull(customer_id#1138L), isnotnull(account_id#1139L), isnotnull(merchant_id#1140L), isnotnull(branch_id#1141L), isnotnull(transaction_date#1142)","",false
1,0,153,"Parquet",0,0,0,0,"InMemoryFileIndex(1 paths)[s3a://goes-se-sandbox/data/warehouse/tablespace/external/hive/demo_pauldefusco.db/trs_v25]","IsNotNull(customer_id), IsNotNull(account_id), IsNotNull(merchant_id), IsNotNull(branch_id), IsNotNull(transaction_date)","customer_id:bigint,account_id:bigint,merchant_id:bigint,branch_id:bigint,transaction_date:date,transaction_amount:double,fraud_flag:int","isnotnull(customer_id#1260L), isnotnull(account_id#1261L), isnotnull(merchant_id#1262L), isnotnull(branch_id#1263L), isnotnull(transaction_date#1264)","",false
1,0,199,"Parquet",0,0,0,0,"InMemoryFileIndex(1 paths)[s3a://goes-se-sandbox/data/warehouse/tablespace/external/hive/demo_pauldefusco.db/trs_v25]","IsNotNull(customer_id), IsNotNull(account_id), IsNotNull(merchant_id), IsNotNull(branch_id), IsNotNull(transaction_date)","customer_id:bigint,account_id:bigint,merchant_id:bigint,branch_id:bigint,transaction_date:date,transaction_amount:double,fraud_flag:int","isnotnull(customer_id#1392L), isnotnull(account_id#1393L), isnotnull(merchant_id#1394L), isnotnull(branch_id#1395L), isnotnull(transaction_date#1396)","",false
1,0,503,"Parquet",0,0,0,0,"InMemoryFileIndex(1 paths)[s3a://goes-se-sandbox/data/warehouse/tablespace/external/hive/demo_pauldefusco.db/trs_v25]","IsNotNull(customer_id), IsNotNull(account_id), IsNotNull(merchant_id), IsNotNull(branch_id), IsNotNull(transaction_date)","customer_id:bigint,account_id:bigint,merchant_id:bigint,branch_id:bigint,transaction_date:date,transaction_amount:double,fraud_flag:int","isnotnull(customer_id#2379L), isnotnull(account_id#2380L), isnotnull(merchant_id#2381L), isnotnull(branch_id#2382L), isnotnull(transaction_date#2383)","",false
1,0,549,"Parquet",0,0,0,0,"InMemoryFileIndex(1 paths)[s3a://goes-se-sandbox/data/warehouse/tablespace/external/hive/demo_pauldefusco.db/trs_v25]","IsNotNull(customer_id), IsNotNull(account_id), IsNotNull(merchant_id), IsNotNull(branch_id), IsNotNull(transaction_date)","customer_id:bigint,account_id:bigint,merchant_id:bigint,branch_id:bigint,transaction_date:date,transaction_amount:double,fraud_flag:int","isnotnull(customer_id#2455L), isnotnull(account_id#2456L), isnotnull(merchant_id#2457L), isnotnull(branch_id#2458L), isnotnull(transaction_date#2459)","",false
1,0,595,"Parquet",0,0,0,0,"InMemoryFileIndex(1 paths)[s3a://goes-se-sandbox/data/warehouse/tablespace/external/hive/demo_pauldefusco.db/trs_v25]","IsNotNull(customer_id), IsNotNull(account_id), IsNotNull(merchant_id), IsNotNull(branch_id), IsNotNull(transaction_date)","customer_id:bigint,account_id:bigint,merchant_id:bigint,branch_id:bigint,transaction_date:date,transaction_amount:double,fraud_flag:int","isnotnull(customer_id#2531L), isnotnull(account_id#2532L), isnotnull(merchant_id#2533L), isnotnull(branch_id#2534L), isnotnull(transaction_date#2535)","",false
1,0,733,"Parquet",0,0,0,0,"InMemoryFileIndex(1 paths)[s3a://goes-se-sandbox/data/warehouse/tablespace/external/hive/demo_pauldefusco.db/trs_v25]","IsNotNull(customer_id), IsNotNull(account_id), IsNotNull(merchant_id), IsNotNull(branch_id), IsNotNull(transaction_date)","customer_id:bigint,account_id:bigint,merchant_id:bigint,branch_id:bigint,transaction_date:date,transaction_amount:double,fraud_flag:int","isnotnull(customer_id#2743L), isnotnull(account_id#2744L), isnotnull(merchant_id#2745L), isnotnull(branch_id#2746L), isnotnull(transaction_date#2747)","",false
1,1,133,"Parquet",0,0,0,0,"InMemoryFileIndex(1 paths)[s3a://goes-se-sandbox/data/warehouse/tablespace/external/hive/demo_pauldefusco.db/accounts_skewed]","IsNotNull(account_id)","account_id:bigint","isnotnull(account_id#1163L)","",false
1,1,75,"Parquet",0,0,0,0,"InMemoryFileIndex(1 paths)[s3a://goes-se-sandbox/data/warehouse/tablespace/external/hive/demo_pauldefusco.db/accounts_skewed]","IsNotNull(account_id), IsNotNull(account_type)","account_id:bigint,account_type:string","isnotnull(account_id#51L), isnotnull(account_type#52)","",false
1,1,145,"Parquet",0,0,0,0,"InMemoryFileIndex(1 paths)[s3a://goes-se-sandbox/data/warehouse/tablespace/external/hive/demo_pauldefusco.db/branches_skewed]","IsNotNull(branch_id)","branch_id:bigint","isnotnull(branch_id#1182L)","",false
1,1,87,"Parquet",0,0,0,0,"InMemoryFileIndex(1 paths)[s3a://goes-se-sandbox/data/warehouse/tablespace/external/hive/demo_pauldefusco.db/branches_skewed]","IsNotNull(branch_id), IsNotNull(state), IsNotNull(region)","branch_id:bigint,state:string,region:string","isnotnull(branch_id#90L), isnotnull(state#92), isnotnull(region#93)","",false
1,1,151,"Parquet",0,0,0,0,"InMemoryFileIndex(1 paths)[s3a://goes-se-sandbox/data/warehouse/tablespace/external/hive/demo_pauldefusco.db/calendar]","IsNotNull(calendar_date)","calendar_date:date","isnotnull(calendar_date#1193)","",false
1,1,298,"Parquet",0,0,0,0,"InMemoryFileIndex(1 paths)[s3a://goes-se-sandbox/data/warehouse/tablespace/external/hive/demo_pauldefusco.db/calendar]","IsNotNull(calendar_date), IsNotNull(year), IsNotNull(month)","calendar_date:date,year:int,month:int","isnotnull(calendar_date#1717), isnotnull(year#1719), isnotnull(month#1721)","",false
1,1,255,"Parquet",0,0,0,0,"InMemoryFileIndex(1 paths)[s3a://goes-se-sandbox/data/warehouse/tablespace/external/hive/demo_pauldefusco.db/calendar]","IsNotNull(calendar_date), IsNotNull(year), IsNotNull(quarter)","calendar_date:date,year:int,quarter:int","isnotnull(calendar_date#1587), isnotnull(year#1589), isnotnull(quarter#1590)","",false
1,1,93,"Parquet",0,0,0,0,"InMemoryFileIndex(1 paths)[s3a://goes-se-sandbox/data/warehouse/tablespace/external/hive/demo_pauldefusco.db/calendar]","IsNotNull(calendar_date), IsNotNull(year), IsNotNull(quarter), IsNotNull(month)","calendar_date:date,year:int,quarter:int,month:int","isnotnull(calendar_date#112), isnotnull(year#114), isnotnull(quarter#115), isnotnull(month#116)","",false
1,1,355,"Parquet",0,0,0,0,"InMemoryFileIndex(1 paths)[s3a://goes-se-sandbox/data/warehouse/tablespace/external/hive/demo_pauldefusco.db/customers_skewed]","IsNotNull(customer_id)","customer_id:bigint,credit_score:int","isnotnull(customer_id#1950L)","",false
1,1,69,"Parquet",0,0,0,0,"InMemoryFileIndex(1 paths)[s3a://goes-se-sandbox/data/warehouse/tablespace/external/hive/demo_pauldefusco.db/customers_skewed]","IsNotNull(customer_id), IsNotNull(customer_segment), IsNotNull(risk_rating)","customer_id:bigint,credit_score:int,customer_segment:string,risk_rating:string","isnotnull(customer_id#30L), isnotnull(customer_segment#37), isnotnull(risk_rating#39)","",false
1,1,284,"Parquet",0,0,0,0,"InMemoryFileIndex(1 paths)[s3a://goes-se-sandbox/data/warehouse/tablespace/external/hive/demo_pauldefusco.db/customers_skewed]","IsNotNull(customer_id), IsNotNull(customer_segment)","customer_id:bigint,customer_segment:string","isnotnull(customer_id#1676L), isnotnull(customer_segment#1683)","",false
1,1,127,"Parquet",0,0,0,0,"InMemoryFileIndex(1 paths)[s3a://goes-se-sandbox/data/warehouse/tablespace/external/hive/demo_pauldefusco.db/customers_skewed]","IsNotNull(customer_id), IsNotNull(customer_segment), IsNotNull(risk_rating)","customer_id:bigint,customer_segment:string,risk_rating:string","isnotnull(customer_id#1152L), isnotnull(customer_segment#1159), isnotnull(risk_rating#1161)","",false
1,1,139,"Parquet",0,0,0,0,"InMemoryFileIndex(1 paths)[s3a://goes-se-sandbox/data/warehouse/tablespace/external/hive/demo_pauldefusco.db/merchants_skewed]","IsNotNull(merchant_id)","merchant_id:bigint","isnotnull(merchant_id#1172L)","",false
1,1,291,"Parquet",0,0,0,0,"InMemoryFileIndex(1 paths)[s3a://goes-se-sandbox/data/warehouse/tablespace/external/hive/demo_pauldefusco.db/merchants_skewed]","IsNotNull(merchant_id), IsNotNull(merchant_category)","merchant_id:bigint,merchant_category:string","isnotnull(merchant_id#1696L), isnotnull(merchant_category#1699)","",false
1,1,81,"Parquet",0,0,0,0,"InMemoryFileIndex(1 paths)[s3a://goes-se-sandbox/data/warehouse/tablespace/external/hive/demo_pauldefusco.db/merchants_skewed]","IsNotNull(merchant_id), IsNotNull(merchant_category), IsNotNull(region)","merchant_id:bigint,region:string,merchant_category:string","isnotnull(merchant_id#70L), isnotnull(merchant_category#73), isnotnull(region#72)","",false
1,1,215,"Parquet",0,0,0,0,"InMemoryFileIndex(1 paths)[s3a://goes-se-sandbox/data/warehouse/tablespace/external/hive/demo_pauldefusco.db/merchants_skewed]","IsNotNull(merchant_id), IsNotNull(merchant_category), IsNotNull(region)","merchant_id:bigint,region:string,merchant_category:string","isnotnull(merchant_id#70L), isnotnull(merchant_category#73), isnotnull(region#72)","",false
1,1,63,"Parquet",0,0,0,0,"InMemoryFileIndex(1 paths)[s3a://goes-se-sandbox/data/warehouse/tablespace/external/hive/demo_pauldefusco.db/trs_v25]","IsNotNull(customer_id), IsNotNull(account_id), IsNotNull(merchant_id), IsNotNull(branch_id), IsNotNull(transaction_date)","customer_id:bigint,account_id:bigint,merchant_id:bigint,branch_id:bigint,transaction_date:date,transaction_amount:double","isnotnull(customer_id#1L), isnotnull(account_id#2L), isnotnull(merchant_id#3L), isnotnull(branch_id#4L), isnotnull(transaction_date#5)","",false
1,1,121,"Parquet",0,0,0,0,"InMemoryFileIndex(1 paths)[s3a://goes-se-sandbox/data/warehouse/tablespace/external/hive/demo_pauldefusco.db/trs_v25]","IsNotNull(customer_id), IsNotNull(account_id), IsNotNull(merchant_id), IsNotNull(branch_id), IsNotNull(transaction_date)","customer_id:bigint,account_id:bigint,merchant_id:bigint,branch_id:bigint,transaction_date:date,transaction_amount:double,fraud_flag:int","isnotnull(customer_id#1138L), isnotnull(account_id#1139L), isnotnull(merchant_id#1140L), isnotnull(branch_id#1141L), isnotnull(transaction_date#1142)","",false
1,1,180,"Parquet",0,0,0,0,"InMemoryFileIndex(1 paths)[s3a://goes-se-sandbox/data/warehouse/tablespace/external/hive/demo_pauldefusco.db/trs_v25]","IsNotNull(customer_id), IsNotNull(account_id), IsNotNull(merchant_id), IsNotNull(branch_id), IsNotNull(transaction_date)","customer_id:bigint,account_id:bigint,merchant_id:bigint,branch_id:bigint,transaction_date:date,transaction_amount:double,fraud_flag:int","isnotnull(customer_id#1138L), isnotnull(account_id#1139L), isnotnull(merchant_id#1140L), isnotnull(branch_id#1141L), isnotnull(transaction_date#1142)","",false
1,1,245,"Parquet",0,0,0,0,"InMemoryFileIndex(1 paths)[s3a://goes-se-sandbox/data/warehouse/tablespace/external/hive/demo_pauldefusco.db/trs_v25]","IsNotNull(customer_id), IsNotNull(account_id), IsNotNull(merchant_id), IsNotNull(branch_id), IsNotNull(transaction_date)","customer_id:bigint,account_id:bigint,merchant_id:bigint,branch_id:bigint,transaction_date:date,transaction_amount:double,fraud_flag:int","isnotnull(customer_id#1138L), isnotnull(account_id#1139L), isnotnull(merchant_id#1140L), isnotnull(branch_id#1141L), isnotnull(transaction_date#1142)","",false
1,2,136,"Parquet",0,0,0,0,"InMemoryFileIndex(1 paths)[s3a://goes-se-sandbox/data/warehouse/tablespace/external/hive/demo_pauldefusco.db/accounts_skewed]","IsNotNull(account_id)","account_id:bigint","isnotnull(account_id#1163L)","",false
1,2,78,"Parquet",0,0,0,0,"InMemoryFileIndex(1 paths)[s3a://goes-se-sandbox/data/warehouse/tablespace/external/hive/demo_pauldefusco.db/accounts_skewed]","IsNotNull(account_id), IsNotNull(account_type)","account_id:bigint,account_type:string","isnotnull(account_id#51L), isnotnull(account_type#52)","",false
1,2,148,"Parquet",0,0,0,0,"InMemoryFileIndex(1 paths)[s3a://goes-se-sandbox/data/warehouse/tablespace/external/hive/demo_pauldefusco.db/branches_skewed]","IsNotNull(branch_id)","branch_id:bigint","isnotnull(branch_id#1182L)","",false
1,2,90,"Parquet",0,0,0,0,"InMemoryFileIndex(1 paths)[s3a://goes-se-sandbox/data/warehouse/tablespace/external/hive/demo_pauldefusco.db/branches_skewed]","IsNotNull(branch_id), IsNotNull(state), IsNotNull(region)","branch_id:bigint,state:string,region:string","isnotnull(branch_id#90L), isnotnull(state#92), isnotnull(region#93)","",false
1,2,154,"Parquet",0,0,0,0,"InMemoryFileIndex(1 paths)[s3a://goes-se-sandbox/data/warehouse/tablespace/external/hive/demo_pauldefusco.db/calendar]","IsNotNull(calendar_date)","calendar_date:date","isnotnull(calendar_date#1193)","",false
1,2,301,"Parquet",0,0,0,0,"InMemoryFileIndex(1 paths)[s3a://goes-se-sandbox/data/warehouse/tablespace/external/hive/demo_pauldefusco.db/calendar]","IsNotNull(calendar_date), IsNotNull(year), IsNotNull(month)","calendar_date:date,year:int,month:int","isnotnull(calendar_date#1717), isnotnull(year#1719), isnotnull(month#1721)","",false
1,2,258,"Parquet",0,0,0,0,"InMemoryFileIndex(1 paths)[s3a://goes-se-sandbox/data/warehouse/tablespace/external/hive/demo_pauldefusco.db/calendar]","IsNotNull(calendar_date), IsNotNull(year), IsNotNull(quarter)","calendar_date:date,year:int,quarter:int","isnotnull(calendar_date#1587), isnotnull(year#1589), isnotnull(quarter#1590)","",false
1,2,96,"Parquet",0,0,0,0,"InMemoryFileIndex(1 paths)[s3a://goes-se-sandbox/data/warehouse/tablespace/external/hive/demo_pauldefusco.db/calendar]","IsNotNull(calendar_date), IsNotNull(year), IsNotNull(quarter), IsNotNull(month)","calendar_date:date,year:int,quarter:int,month:int","isnotnull(calendar_date#112), isnotnull(year#114), isnotnull(quarter#115), isnotnull(month#116)","",false
1,2,358,"Parquet",0,0,0,0,"InMemoryFileIndex(1 paths)[s3a://goes-se-sandbox/data/warehouse/tablespace/external/hive/demo_pauldefusco.db/customers_skewed]","IsNotNull(customer_id)","customer_id:bigint,credit_score:int","isnotnull(customer_id#1950L)","",false
1,2,72,"Parquet",0,0,0,0,"InMemoryFileIndex(1 paths)[s3a://goes-se-sandbox/data/warehouse/tablespace/external/hive/demo_pauldefusco.db/customers_skewed]","IsNotNull(customer_id), IsNotNull(customer_segment), IsNotNull(risk_rating)","customer_id:bigint,credit_score:int,customer_segment:string,risk_rating:string","isnotnull(customer_id#30L), isnotnull(customer_segment#37), isnotnull(risk_rating#39)","",false
1,2,287,"Parquet",0,0,0,0,"InMemoryFileIndex(1 paths)[s3a://goes-se-sandbox/data/warehouse/tablespace/external/hive/demo_pauldefusco.db/customers_skewed]","IsNotNull(customer_id), IsNotNull(customer_segment)","customer_id:bigint,customer_segment:string","isnotnull(customer_id#1676L), isnotnull(customer_segment#1683)","",false
1,2,130,"Parquet",0,0,0,0,"InMemoryFileIndex(1 paths)[s3a://goes-se-sandbox/data/warehouse/tablespace/external/hive/demo_pauldefusco.db/customers_skewed]","IsNotNull(customer_id), IsNotNull(customer_segment), IsNotNull(risk_rating)","customer_id:bigint,customer_segment:string,risk_rating:string","isnotnull(customer_id#1152L), isnotnull(customer_segment#1159), isnotnull(risk_rating#1161)","",false
1,2,142,"Parquet",0,0,0,0,"InMemoryFileIndex(1 paths)[s3a://goes-se-sandbox/data/warehouse/tablespace/external/hive/demo_pauldefusco.db/merchants_skewed]","IsNotNull(merchant_id)","merchant_id:bigint","isnotnull(merchant_id#1172L)","",false
1,2,294,"Parquet",0,0,0,0,"InMemoryFileIndex(1 paths)[s3a://goes-se-sandbox/data/warehouse/tablespace/external/hive/demo_pauldefusco.db/merchants_skewed]","IsNotNull(merchant_id), IsNotNull(merchant_category)","merchant_id:bigint,merchant_category:string","isnotnull(merchant_id#1696L), isnotnull(merchant_category#1699)","",false
1,2,84,"Parquet",0,0,0,0,"InMemoryFileIndex(1 paths)[s3a://goes-se-sandbox/data/warehouse/tablespace/external/hive/demo_pauldefusco.db/merchants_skewed]","IsNotNull(merchant_id), IsNotNull(merchant_category), IsNotNull(region)","merchant_id:bigint,region:string,merchant_category:string","isnotnull(merchant_id#70L), isnotnull(merchant_category#73), isnotnull(region#72)","",false
1,2,218,"Parquet",0,0,0,0,"InMemoryFileIndex(1 paths)[s3a://goes-se-sandbox/data/warehouse/tablespace/external/hive/demo_pauldefusco.db/merchants_skewed]","IsNotNull(merchant_id), IsNotNull(merchant_category), IsNotNull(region)","merchant_id:bigint,region:string,merchant_category:string","isnotnull(merchant_id#70L), isnotnull(merchant_category#73), isnotnull(region#72)","",false
1,2,65,"Parquet",0,0,0,0,"InMemoryFileIndex(1 paths)[s3a://goes-se-sandbox/data/warehouse/tablespace/external/hive/demo_pauldefusco.db/trs_v25]","IsNotNull(customer_id), IsNotNull(account_id), IsNotNull(merchant_id), IsNotNull(branch_id), IsNotNull(transaction_date)","customer_id:bigint,account_id:bigint,merchant_id:bigint,branch_id:bigint,transaction_date:date,transaction_amount:double","isnotnull(customer_id#1L), isnotnull(account_id#2L), isnotnull(merchant_id#3L), isnotnull(branch_id#4L), isnotnull(transaction_date#5)","",false
1,2,124,"Parquet",0,0,0,0,"InMemoryFileIndex(1 paths)[s3a://goes-se-sandbox/data/warehouse/tablespace/external/hive/demo_pauldefusco.db/trs_v25]","IsNotNull(customer_id), IsNotNull(account_id), IsNotNull(merchant_id), IsNotNull(branch_id), IsNotNull(transaction_date)","customer_id:bigint,account_id:bigint,merchant_id:bigint,branch_id:bigint,transaction_date:date,transaction_amount:double,fraud_flag:int","isnotnull(customer_id#1138L), isnotnull(account_id#1139L), isnotnull(merchant_id#1140L), isnotnull(branch_id#1141L), isnotnull(transaction_date#1142)","",false
1,2,183,"Parquet",0,0,0,0,"InMemoryFileIndex(1 paths)[s3a://goes-se-sandbox/data/warehouse/tablespace/external/hive/demo_pauldefusco.db/trs_v25]","IsNotNull(customer_id), IsNotNull(account_id), IsNotNull(merchant_id), IsNotNull(branch_id), IsNotNull(transaction_date)","customer_id:bigint,account_id:bigint,merchant_id:bigint,branch_id:bigint,transaction_date:date,transaction_amount:double,fraud_flag:int","isnotnull(customer_id#1138L), isnotnull(account_id#1139L), isnotnull(merchant_id#1140L), isnotnull(branch_id#1141L), isnotnull(transaction_date#1142)","",false
1,2,248,"Parquet",0,0,0,0,"InMemoryFileIndex(1 paths)[s3a://goes-se-sandbox/data/warehouse/tablespace/external/hive/demo_pauldefusco.db/trs_v25]","IsNotNull(customer_id), IsNotNull(account_id), IsNotNull(merchant_id), IsNotNull(branch_id), IsNotNull(transaction_date)","customer_id:bigint,account_id:bigint,merchant_id:bigint,branch_id:bigint,transaction_date:date,transaction_amount:double,fraud_flag:int","isnotnull(customer_id#1138L), isnotnull(account_id#1139L), isnotnull(merchant_id#1140L), isnotnull(branch_id#1141L), isnotnull(transaction_date#1142)","",false
1,3,136,"Parquet",0,0,0,0,"InMemoryFileIndex(1 paths)[s3a://goes-se-sandbox/data/warehouse/tablespace/external/hive/demo_pauldefusco.db/accounts_skewed]","IsNotNull(account_id)","account_id:bigint","isnotnull(account_id#1163L)","",false
1,3,78,"Parquet",0,0,0,0,"InMemoryFileIndex(1 paths)[s3a://goes-se-sandbox/data/warehouse/tablespace/external/hive/demo_pauldefusco.db/accounts_skewed]","IsNotNull(account_id), IsNotNull(account_type)","account_id:bigint,account_type:string","isnotnull(account_id#51L), isnotnull(account_type#52)","",false
1,3,148,"Parquet",0,0,0,0,"InMemoryFileIndex(1 paths)[s3a://goes-se-sandbox/data/warehouse/tablespace/external/hive/demo_pauldefusco.db/branches_skewed]","IsNotNull(branch_id)","branch_id:bigint","isnotnull(branch_id#1182L)","",false
1,3,90,"Parquet",0,0,0,0,"InMemoryFileIndex(1 paths)[s3a://goes-se-sandbox/data/warehouse/tablespace/external/hive/demo_pauldefusco.db/branches_skewed]","IsNotNull(branch_id), IsNotNull(state), IsNotNull(region)","branch_id:bigint,state:string,region:string","isnotnull(branch_id#90L), isnotnull(state#92), isnotnull(region#93)","",false
1,3,154,"Parquet",0,0,0,0,"InMemoryFileIndex(1 paths)[s3a://goes-se-sandbox/data/warehouse/tablespace/external/hive/demo_pauldefusco.db/calendar]","IsNotNull(calendar_date)","calendar_date:date","isnotnull(calendar_date#1193)","",false
1,3,301,"Parquet",0,0,0,0,"InMemoryFileIndex(1 paths)[s3a://goes-se-sandbox/data/warehouse/tablespace/external/hive/demo_pauldefusco.db/calendar]","IsNotNull(calendar_date), IsNotNull(year), IsNotNull(month)","calendar_date:date,year:int,month:int","isnotnull(calendar_date#1717), isnotnull(year#1719), isnotnull(month#1721)","",false
1,3,258,"Parquet",0,0,0,0,"InMemoryFileIndex(1 paths)[s3a://goes-se-sandbox/data/warehouse/tablespace/external/hive/demo_pauldefusco.db/calendar]","IsNotNull(calendar_date), IsNotNull(year), IsNotNull(quarter)","calendar_date:date,year:int,quarter:int","isnotnull(calendar_date#1587), isnotnull(year#1589), isnotnull(quarter#1590)","",false
1,3,96,"Parquet",0,0,0,0,"InMemoryFileIndex(1 paths)[s3a://goes-se-sandbox/data/warehouse/tablespace/external/hive/demo_pauldefusco.db/calendar]","IsNotNull(calendar_date), IsNotNull(year), IsNotNull(quarter), IsNotNull(month)","calendar_date:date,year:int,quarter:int,month:int","isnotnull(calendar_date#112), isnotnull(year#114), isnotnull(quarter#115), isnotnull(month#116)","",false
1,3,358,"Parquet",0,0,0,0,"InMemoryFileIndex(1 paths)[s3a://goes-se-sandbox/data/warehouse/tablespace/external/hive/demo_pauldefusco.db/customers_skewed]","IsNotNull(customer_id)","customer_id:bigint,credit_score:int","isnotnull(customer_id#1950L)","",false
1,3,72,"Parquet",0,0,0,0,"InMemoryFileIndex(1 paths)[s3a://goes-se-sandbox/data/warehouse/tablespace/external/hive/demo_pauldefusco.db/customers_skewed]","IsNotNull(customer_id), IsNotNull(customer_segment), IsNotNull(risk_rating)","customer_id:bigint,credit_score:int,customer_segment:string,risk_rating:string","isnotnull(customer_id#30L), isnotnull(customer_segment#37), isnotnull(risk_rating#39)","",false
1,3,287,"Parquet",0,0,0,0,"InMemoryFileIndex(1 paths)[s3a://goes-se-sandbox/data/warehouse/tablespace/external/hive/demo_pauldefusco.db/customers_skewed]","IsNotNull(customer_id), IsNotNull(customer_segment)","customer_id:bigint,customer_segment:string","isnotnull(customer_id#1676L), isnotnull(customer_segment#1683)","",false
1,3,130,"Parquet",0,0,0,0,"InMemoryFileIndex(1 paths)[s3a://goes-se-sandbox/data/warehouse/tablespace/external/hive/demo_pauldefusco.db/customers_skewed]","IsNotNull(customer_id), IsNotNull(customer_segment), IsNotNull(risk_rating)","customer_id:bigint,customer_segment:string,risk_rating:string","isnotnull(customer_id#1152L), isnotnull(customer_segment#1159), isnotnull(risk_rating#1161)","",false
1,3,142,"Parquet",0,0,0,0,"InMemoryFileIndex(1 paths)[s3a://goes-se-sandbox/data/warehouse/tablespace/external/hive/demo_pauldefusco.db/merchants_skewed]","IsNotNull(merchant_id)","merchant_id:bigint","isnotnull(merchant_id#1172L)","",false
1,3,294,"Parquet",0,0,0,0,"InMemoryFileIndex(1 paths)[s3a://goes-se-sandbox/data/warehouse/tablespace/external/hive/demo_pauldefusco.db/merchants_skewed]","IsNotNull(merchant_id), IsNotNull(merchant_category)","merchant_id:bigint,merchant_category:string","isnotnull(merchant_id#1696L), isnotnull(merchant_category#1699)","",false
1,3,84,"Parquet",0,0,0,0,"InMemoryFileIndex(1 paths)[s3a://goes-se-sandbox/data/warehouse/tablespace/external/hive/demo_pauldefusco.db/merchants_skewed]","IsNotNull(merchant_id), IsNotNull(merchant_category), IsNotNull(region)","merchant_id:bigint,region:string,merchant_category:string","isnotnull(merchant_id#70L), isnotnull(merchant_category#73), isnotnull(region#72)","",false
1,3,218,"Parquet",0,0,0,0,"InMemoryFileIndex(1 paths)[s3a://goes-se-sandbox/data/warehouse/tablespace/external/hive/demo_pauldefusco.db/merchants_skewed]","IsNotNull(merchant_id), IsNotNull(merchant_category), IsNotNull(region)","merchant_id:bigint,region:string,merchant_category:string","isnotnull(merchant_id#70L), isnotnull(merchant_category#73), isnotnull(region#72)","",false
1,3,65,"Parquet",0,0,0,0,"InMemoryFileIndex(1 paths)[s3a://goes-se-sandbox/data/warehouse/tablespace/external/hive/demo_pauldefusco.db/trs_v25]","IsNotNull(customer_id), IsNotNull(account_id), IsNotNull(merchant_id), IsNotNull(branch_id), IsNotNull(transaction_date)","customer_id:bigint,account_id:bigint,merchant_id:bigint,branch_id:bigint,transaction_date:date,transaction_amount:double","isnotnull(customer_id#1L), isnotnull(account_id#2L), isnotnull(merchant_id#3L), isnotnull(branch_id#4L), isnotnull(transaction_date#5)","",false
1,3,124,"Parquet",0,0,0,0,"InMemoryFileIndex(1 paths)[s3a://goes-se-sandbox/data/warehouse/tablespace/external/hive/demo_pauldefusco.db/trs_v25]","IsNotNull(customer_id), IsNotNull(account_id), IsNotNull(merchant_id), IsNotNull(branch_id), IsNotNull(transaction_date)","customer_id:bigint,account_id:bigint,merchant_id:bigint,branch_id:bigint,transaction_date:date,transaction_amount:double,fraud_flag:int","isnotnull(customer_id#1138L), isnotnull(account_id#1139L), isnotnull(merchant_id#1140L), isnotnull(branch_id#1141L), isnotnull(transaction_date#1142)","",false
1,3,183,"Parquet",0,0,0,0,"InMemoryFileIndex(1 paths)[s3a://goes-se-sandbox/data/warehouse/tablespace/external/hive/demo_pauldefusco.db/trs_v25]","IsNotNull(customer_id), IsNotNull(account_id), IsNotNull(merchant_id), IsNotNull(branch_id), IsNotNull(transaction_date)","customer_id:bigint,account_id:bigint,merchant_id:bigint,branch_id:bigint,transaction_date:date,transaction_amount:double,fraud_flag:int","isnotnull(customer_id#1138L), isnotnull(account_id#1139L), isnotnull(merchant_id#1140L), isnotnull(branch_id#1141L), isnotnull(transaction_date#1142)","",false
1,3,248,"Parquet",0,0,0,0,"InMemoryFileIndex(1 paths)[s3a://goes-se-sandbox/data/warehouse/tablespace/external/hive/demo_pauldefusco.db/trs_v25]","IsNotNull(customer_id), IsNotNull(account_id), IsNotNull(merchant_id), IsNotNull(branch_id), IsNotNull(transaction_date)","customer_id:bigint,account_id:bigint,merchant_id:bigint,branch_id:bigint,transaction_date:date,transaction_amount:double,fraud_flag:int","isnotnull(customer_id#1138L), isnotnull(account_id#1139L), isnotnull(merchant_id#1140L), isnotnull(branch_id#1141L), isnotnull(transaction_date#1142)","",false
1,4,136,"Parquet",0,0,0,0,"InMemoryFileIndex(1 paths)[s3a://goes-se-sandbox/data/warehouse/tablespace/external/hive/demo_pauldefusco.db/accounts_skewed]","IsNotNull(account_id)","account_id:bigint","isnotnull(account_id#1163L)","",false
1,4,78,"Parquet",0,0,0,0,"InMemoryFileIndex(1 paths)[s3a://goes-se-sandbox/data/warehouse/tablespace/external/hive/demo_pauldefusco.db/accounts_skewed]","IsNotNull(account_id), IsNotNull(account_type)","account_id:bigint,account_type:string","isnotnull(account_id#51L), isnotnull(account_type#52)","",false
1,4,148,"Parquet",0,0,0,0,"InMemoryFileIndex(1 paths)[s3a://goes-se-sandbox/data/warehouse/tablespace/external/hive/demo_pauldefusco.db/branches_skewed]","IsNotNull(branch_id)","branch_id:bigint","isnotnull(branch_id#1182L)","",false
1,4,90,"Parquet",0,0,0,0,"InMemoryFileIndex(1 paths)[s3a://goes-se-sandbox/data/warehouse/tablespace/external/hive/demo_pauldefusco.db/branches_skewed]","IsNotNull(branch_id), IsNotNull(state), IsNotNull(region)","branch_id:bigint,state:string,region:string","isnotnull(branch_id#90L), isnotnull(state#92), isnotnull(region#93)","",false
1,4,154,"Parquet",0,0,0,0,"InMemoryFileIndex(1 paths)[s3a://goes-se-sandbox/data/warehouse/tablespace/external/hive/demo_pauldefusco.db/calendar]","IsNotNull(calendar_date)","calendar_date:date","isnotnull(calendar_date#1193)","",false
1,4,301,"Parquet",0,0,0,0,"InMemoryFileIndex(1 paths)[s3a://goes-se-sandbox/data/warehouse/tablespace/external/hive/demo_pauldefusco.db/calendar]","IsNotNull(calendar_date), IsNotNull(year), IsNotNull(month)","calendar_date:date,year:int,month:int","isnotnull(calendar_date#1717), isnotnull(year#1719), isnotnull(month#1721)","",false
1,4,258,"Parquet",0,0,0,0,"InMemoryFileIndex(1 paths)[s3a://goes-se-sandbox/data/warehouse/tablespace/external/hive/demo_pauldefusco.db/calendar]","IsNotNull(calendar_date), IsNotNull(year), IsNotNull(quarter)","calendar_date:date,year:int,quarter:int","isnotnull(calendar_date#1587), isnotnull(year#1589), isnotnull(quarter#1590)","",false
1,4,96,"Parquet",0,0,0,0,"InMemoryFileIndex(1 paths)[s3a://goes-se-sandbox/data/warehouse/tablespace/external/hive/demo_pauldefusco.db/calendar]","IsNotNull(calendar_date), IsNotNull(year), IsNotNull(quarter), IsNotNull(month)","calendar_date:date,year:int,quarter:int,month:int","isnotnull(calendar_date#112), isnotnull(year#114), isnotnull(quarter#115), isnotnull(month#116)","",false
1,4,361,"Parquet",0,0,0,0,"InMemoryFileIndex(1 paths)[s3a://goes-se-sandbox/data/warehouse/tablespace/external/hive/demo_pauldefusco.db/customers_skewed]","IsNotNull(customer_id)","customer_id:bigint,credit_score:int","isnotnull(customer_id#1950L)","",false
1,4,72,"Parquet",0,0,0,0,"InMemoryFileIndex(1 paths)[s3a://goes-se-sandbox/data/warehouse/tablespace/external/hive/demo_pauldefusco.db/customers_skewed]","IsNotNull(customer_id), IsNotNull(customer_segment), IsNotNull(risk_rating)","customer_id:bigint,credit_score:int,customer_segment:string,risk_rating:string","isnotnull(customer_id#30L), isnotnull(customer_segment#37), isnotnull(risk_rating#39)","",false
1,4,287,"Parquet",0,0,0,0,"InMemoryFileIndex(1 paths)[s3a://goes-se-sandbox/data/warehouse/tablespace/external/hive/demo_pauldefusco.db/customers_skewed]","IsNotNull(customer_id), IsNotNull(customer_segment)","customer_id:bigint,customer_segment:string","isnotnull(customer_id#1676L), isnotnull(customer_segment#1683)","",false
1,4,130,"Parquet",0,0,0,0,"InMemoryFileIndex(1 paths)[s3a://goes-se-sandbox/data/warehouse/tablespace/external/hive/demo_pauldefusco.db/customers_skewed]","IsNotNull(customer_id), IsNotNull(customer_segment), IsNotNull(risk_rating)","customer_id:bigint,customer_segment:string,risk_rating:string","isnotnull(customer_id#1152L), isnotnull(customer_segment#1159), isnotnull(risk_rating#1161)","",false
1,4,142,"Parquet",0,0,0,0,"InMemoryFileIndex(1 paths)[s3a://goes-se-sandbox/data/warehouse/tablespace/external/hive/demo_pauldefusco.db/merchants_skewed]","IsNotNull(merchant_id)","merchant_id:bigint","isnotnull(merchant_id#1172L)","",false
1,4,294,"Parquet",0,0,0,0,"InMemoryFileIndex(1 paths)[s3a://goes-se-sandbox/data/warehouse/tablespace/external/hive/demo_pauldefusco.db/merchants_skewed]","IsNotNull(merchant_id), IsNotNull(merchant_category)","merchant_id:bigint,merchant_category:string","isnotnull(merchant_id#1696L), isnotnull(merchant_category#1699)","",false
1,4,84,"Parquet",0,0,0,0,"InMemoryFileIndex(1 paths)[s3a://goes-se-sandbox/data/warehouse/tablespace/external/hive/demo_pauldefusco.db/merchants_skewed]","IsNotNull(merchant_id), IsNotNull(merchant_category), IsNotNull(region)","merchant_id:bigint,region:string,merchant_category:string","isnotnull(merchant_id#70L), isnotnull(merchant_category#73), isnotnull(region#72)","",false
1,4,218,"Parquet",0,0,0,0,"InMemoryFileIndex(1 paths)[s3a://goes-se-sandbox/data/warehouse/tablespace/external/hive/demo_pauldefusco.db/merchants_skewed]","IsNotNull(merchant_id), IsNotNull(merchant_category), IsNotNull(region)","merchant_id:bigint,region:string,merchant_category:string","isnotnull(merchant_id#70L), isnotnull(merchant_category#73), isnotnull(region#72)","",false
1,4,65,"Parquet",0,0,0,0,"InMemoryFileIndex(1 paths)[s3a://goes-se-sandbox/data/warehouse/tablespace/external/hive/demo_pauldefusco.db/trs_v25]","IsNotNull(customer_id), IsNotNull(account_id), IsNotNull(merchant_id), IsNotNull(branch_id), IsNotNull(transaction_date)","customer_id:bigint,account_id:bigint,merchant_id:bigint,branch_id:bigint,transaction_date:date,transaction_amount:double","isnotnull(customer_id#1L), isnotnull(account_id#2L), isnotnull(merchant_id#3L), isnotnull(branch_id#4L), isnotnull(transaction_date#5)","",false
1,4,124,"Parquet",0,0,0,0,"InMemoryFileIndex(1 paths)[s3a://goes-se-sandbox/data/warehouse/tablespace/external/hive/demo_pauldefusco.db/trs_v25]","IsNotNull(customer_id), IsNotNull(account_id), IsNotNull(merchant_id), IsNotNull(branch_id), IsNotNull(transaction_date)","customer_id:bigint,account_id:bigint,merchant_id:bigint,branch_id:bigint,transaction_date:date,transaction_amount:double,fraud_flag:int","isnotnull(customer_id#1138L), isnotnull(account_id#1139L), isnotnull(merchant_id#1140L), isnotnull(branch_id#1141L), isnotnull(transaction_date#1142)","",false
1,4,183,"Parquet",0,0,0,0,"InMemoryFileIndex(1 paths)[s3a://goes-se-sandbox/data/warehouse/tablespace/external/hive/demo_pauldefusco.db/trs_v25]","IsNotNull(customer_id), IsNotNull(account_id), IsNotNull(merchant_id), IsNotNull(branch_id), IsNotNull(transaction_date)","customer_id:bigint,account_id:bigint,merchant_id:bigint,branch_id:bigint,transaction_date:date,transaction_amount:double,fraud_flag:int","isnotnull(customer_id#1138L), isnotnull(account_id#1139L), isnotnull(merchant_id#1140L), isnotnull(branch_id#1141L), isnotnull(transaction_date#1142)","",false
1,4,248,"Parquet",0,0,0,0,"InMemoryFileIndex(1 paths)[s3a://goes-se-sandbox/data/warehouse/tablespace/external/hive/demo_pauldefusco.db/trs_v25]","IsNotNull(customer_id), IsNotNull(account_id), IsNotNull(merchant_id), IsNotNull(branch_id), IsNotNull(transaction_date)","customer_id:bigint,account_id:bigint,merchant_id:bigint,branch_id:bigint,transaction_date:date,transaction_amount:double,fraud_flag:int","isnotnull(customer_id#1138L), isnotnull(account_id#1139L), isnotnull(merchant_id#1140L), isnotnull(branch_id#1141L), isnotnull(transaction_date#1142)","",false
1,5,139,"Parquet",0,0,0,0,"InMemoryFileIndex(1 paths)[s3a://goes-se-sandbox/data/warehouse/tablespace/external/hive/demo_pauldefusco.db/accounts_skewed]","IsNotNull(account_id)","account_id:bigint","isnotnull(account_id#1163L)","",false
1,5,78,"Parquet",0,0,0,0,"InMemoryFileIndex(1 paths)[s3a://goes-se-sandbox/data/warehouse/tablespace/external/hive/demo_pauldefusco.db/accounts_skewed]","IsNotNull(account_id), IsNotNull(account_type)","account_id:bigint,account_type:string","isnotnull(account_id#51L), isnotnull(account_type#52)","",false
1,5,151,"Parquet",0,0,0,0,"InMemoryFileIndex(1 paths)[s3a://goes-se-sandbox/data/warehouse/tablespace/external/hive/demo_pauldefusco.db/branches_skewed]","IsNotNull(branch_id)","branch_id:bigint","isnotnull(branch_id#1182L)","",false
1,5,90,"Parquet",0,0,0,0,"InMemoryFileIndex(1 paths)[s3a://goes-se-sandbox/data/warehouse/tablespace/external/hive/demo_pauldefusco.db/branches_skewed]","IsNotNull(branch_id), IsNotNull(state), IsNotNull(region)","branch_id:bigint,state:string,region:string","isnotnull(branch_id#90L), isnotnull(state#92), isnotnull(region#93)","",false
1,5,157,"Parquet",0,0,0,0,"InMemoryFileIndex(1 paths)[s3a://goes-se-sandbox/data/warehouse/tablespace/external/hive/demo_pauldefusco.db/calendar]","IsNotNull(calendar_date)","calendar_date:date","isnotnull(calendar_date#1193)","",false
1,5,302,"Parquet",0,0,0,0,"InMemoryFileIndex(1 paths)[s3a://goes-se-sandbox/data/warehouse/tablespace/external/hive/demo_pauldefusco.db/calendar]","IsNotNull(calendar_date), IsNotNull(year), IsNotNull(month)","calendar_date:date,year:int,month:int","isnotnull(calendar_date#1717), isnotnull(year#1719), isnotnull(month#1721)","",false
1,5,259,"Parquet",0,0,0,0,"InMemoryFileIndex(1 paths)[s3a://goes-se-sandbox/data/warehouse/tablespace/external/hive/demo_pauldefusco.db/calendar]","IsNotNull(calendar_date), IsNotNull(year), IsNotNull(quarter)","calendar_date:date,year:int,quarter:int","isnotnull(calendar_date#1587), isnotnull(year#1589), isnotnull(quarter#1590)","",false
1,5,96,"Parquet",0,0,0,0,"InMemoryFileIndex(1 paths)[s3a://goes-se-sandbox/data/warehouse/tablespace/external/hive/demo_pauldefusco.db/calendar]","IsNotNull(calendar_date), IsNotNull(year), IsNotNull(quarter), IsNotNull(month)","calendar_date:date,year:int,quarter:int,month:int","isnotnull(calendar_date#112), isnotnull(year#114), isnotnull(quarter#115), isnotnull(month#116)","",false
1,5,362,"Parquet",0,0,0,0,"InMemoryFileIndex(1 paths)[s3a://goes-se-sandbox/data/warehouse/tablespace/external/hive/demo_pauldefusco.db/customers_skewed]","IsNotNull(customer_id)","customer_id:bigint,credit_score:int","isnotnull(customer_id#1950L)","",false
1,5,72,"Parquet",0,0,0,0,"InMemoryFileIndex(1 paths)[s3a://goes-se-sandbox/data/warehouse/tablespace/external/hive/demo_pauldefusco.db/customers_skewed]","IsNotNull(customer_id), IsNotNull(customer_segment), IsNotNull(risk_rating)","customer_id:bigint,credit_score:int,customer_segment:string,risk_rating:string","isnotnull(customer_id#30L), isnotnull(customer_segment#37), isnotnull(risk_rating#39)","",false
1,5,288,"Parquet",0,0,0,0,"InMemoryFileIndex(1 paths)[s3a://goes-se-sandbox/data/warehouse/tablespace/external/hive/demo_pauldefusco.db/customers_skewed]","IsNotNull(customer_id), IsNotNull(customer_segment)","customer_id:bigint,customer_segment:string","isnotnull(customer_id#1676L), isnotnull(customer_segment#1683)","",false
1,5,133,"Parquet",0,0,0,0,"InMemoryFileIndex(1 paths)[s3a://goes-se-sandbox/data/warehouse/tablespace/external/hive/demo_pauldefusco.db/customers_skewed]","IsNotNull(customer_id), IsNotNull(customer_segment), IsNotNull(risk_rating)","customer_id:bigint,customer_segment:string,risk_rating:string","isnotnull(customer_id#1152L), isnotnull(customer_segment#1159), isnotnull(risk_rating#1161)","",false
1,5,145,"Parquet",0,0,0,0,"InMemoryFileIndex(1 paths)[s3a://goes-se-sandbox/data/warehouse/tablespace/external/hive/demo_pauldefusco.db/merchants_skewed]","IsNotNull(merchant_id)","merchant_id:bigint","isnotnull(merchant_id#1172L)","",false
1,5,295,"Parquet",0,0,0,0,"InMemoryFileIndex(1 paths)[s3a://goes-se-sandbox/data/warehouse/tablespace/external/hive/demo_pauldefusco.db/merchants_skewed]","IsNotNull(merchant_id), IsNotNull(merchant_category)","merchant_id:bigint,merchant_category:string","isnotnull(merchant_id#1696L), isnotnull(merchant_category#1699)","",false
1,5,84,"Parquet",0,0,0,0,"InMemoryFileIndex(1 paths)[s3a://goes-se-sandbox/data/warehouse/tablespace/external/hive/demo_pauldefusco.db/merchants_skewed]","IsNotNull(merchant_id), IsNotNull(merchant_category), IsNotNull(region)","merchant_id:bigint,region:string,merchant_category:string","isnotnull(merchant_id#70L), isnotnull(merchant_category#73), isnotnull(region#72)","",false
1,5,219,"Parquet",0,0,0,0,"InMemoryFileIndex(1 paths)[s3a://goes-se-sandbox/data/warehouse/tablespace/external/hive/demo_pauldefusco.db/merchants_skewed]","IsNotNull(merchant_id), IsNotNull(merchant_category), IsNotNull(region)","merchant_id:bigint,region:string,merchant_category:string","isnotnull(merchant_id#70L), isnotnull(merchant_category#73), isnotnull(region#72)","",false
1,5,65,"Parquet",0,0,0,0,"InMemoryFileIndex(1 paths)[s3a://goes-se-sandbox/data/warehouse/tablespace/external/hive/demo_pauldefusco.db/trs_v25]","IsNotNull(customer_id), IsNotNull(account_id), IsNotNull(merchant_id), IsNotNull(branch_id), IsNotNull(transaction_date)","customer_id:bigint,account_id:bigint,merchant_id:bigint,branch_id:bigint,transaction_date:date,transaction_amount:double","isnotnull(customer_id#1L), isnotnull(account_id#2L), isnotnull(merchant_id#3L), isnotnull(branch_id#4L), isnotnull(transaction_date#5)","",false
1,5,126,"Parquet",0,0,0,0,"InMemoryFileIndex(1 paths)[s3a://goes-se-sandbox/data/warehouse/tablespace/external/hive/demo_pauldefusco.db/trs_v25]","IsNotNull(customer_id), IsNotNull(account_id), IsNotNull(merchant_id), IsNotNull(branch_id), IsNotNull(transaction_date)","customer_id:bigint,account_id:bigint,merchant_id:bigint,branch_id:bigint,transaction_date:date,transaction_amount:double,fraud_flag:int","isnotnull(customer_id#1138L), isnotnull(account_id#1139L), isnotnull(merchant_id#1140L), isnotnull(branch_id#1141L), isnotnull(transaction_date#1142)","",false
1,5,189,"Parquet",0,0,0,0,"InMemoryFileIndex(1 paths)[s3a://goes-se-sandbox/data/warehouse/tablespace/external/hive/demo_pauldefusco.db/trs_v25]","IsNotNull(customer_id), IsNotNull(account_id), IsNotNull(merchant_id), IsNotNull(branch_id), IsNotNull(transaction_date)","customer_id:bigint,account_id:bigint,merchant_id:bigint,branch_id:bigint,transaction_date:date,transaction_amount:double,fraud_flag:int","isnotnull(customer_id#1138L), isnotnull(account_id#1139L), isnotnull(merchant_id#1140L), isnotnull(branch_id#1141L), isnotnull(transaction_date#1142)","",false
1,5,249,"Parquet",0,0,0,0,"InMemoryFileIndex(1 paths)[s3a://goes-se-sandbox/data/warehouse/tablespace/external/hive/demo_pauldefusco.db/trs_v25]","IsNotNull(customer_id), IsNotNull(account_id), IsNotNull(merchant_id), IsNotNull(branch_id), IsNotNull(transaction_date)","customer_id:bigint,account_id:bigint,merchant_id:bigint,branch_id:bigint,transaction_date:date,transaction_amount:double,fraud_flag:int","isnotnull(customer_id#1138L), isnotnull(account_id#1139L), isnotnull(merchant_id#1140L), isnotnull(branch_id#1141L), isnotnull(transaction_date#1142)","",false
1,6,139,"Parquet",0,0,0,0,"InMemoryFileIndex(1 paths)[s3a://goes-se-sandbox/data/warehouse/tablespace/external/hive/demo_pauldefusco.db/accounts_skewed]","IsNotNull(account_id)","account_id:bigint","isnotnull(account_id#1163L)","",false
1,6,78,"Parquet",0,0,0,0,"InMemoryFileIndex(1 paths)[s3a://goes-se-sandbox/data/warehouse/tablespace/external/hive/demo_pauldefusco.db/accounts_skewed]","IsNotNull(account_id), IsNotNull(account_type)","account_id:bigint,account_type:string","isnotnull(account_id#51L), isnotnull(account_type#52)","",false
1,6,151,"Parquet",0,0,0,0,"InMemoryFileIndex(1 paths)[s3a://goes-se-sandbox/data/warehouse/tablespace/external/hive/demo_pauldefusco.db/branches_skewed]","IsNotNull(branch_id)","branch_id:bigint","isnotnull(branch_id#1182L)","",false
1,6,90,"Parquet",0,0,0,0,"InMemoryFileIndex(1 paths)[s3a://goes-se-sandbox/data/warehouse/tablespace/external/hive/demo_pauldefusco.db/branches_skewed]","IsNotNull(branch_id), IsNotNull(state), IsNotNull(region)","branch_id:bigint,state:string,region:string","isnotnull(branch_id#90L), isnotnull(state#92), isnotnull(region#93)","",false
1,6,157,"Parquet",0,0,0,0,"InMemoryFileIndex(1 paths)[s3a://goes-se-sandbox/data/warehouse/tablespace/external/hive/demo_pauldefusco.db/calendar]","IsNotNull(calendar_date)","calendar_date:date","isnotnull(calendar_date#1193)","",false
1,6,305,"Parquet",0,0,0,0,"InMemoryFileIndex(1 paths)[s3a://goes-se-sandbox/data/warehouse/tablespace/external/hive/demo_pauldefusco.db/calendar]","IsNotNull(calendar_date), IsNotNull(year), IsNotNull(month)","calendar_date:date,year:int,month:int","isnotnull(calendar_date#1717), isnotnull(year#1719), isnotnull(month#1721)","",false
1,6,259,"Parquet",0,0,0,0,"InMemoryFileIndex(1 paths)[s3a://goes-se-sandbox/data/warehouse/tablespace/external/hive/demo_pauldefusco.db/calendar]","IsNotNull(calendar_date), IsNotNull(year), IsNotNull(quarter)","calendar_date:date,year:int,quarter:int","isnotnull(calendar_date#1587), isnotnull(year#1589), isnotnull(quarter#1590)","",false
1,6,96,"Parquet",0,0,0,0,"InMemoryFileIndex(1 paths)[s3a://goes-se-sandbox/data/warehouse/tablespace/external/hive/demo_pauldefusco.db/calendar]","IsNotNull(calendar_date), IsNotNull(year), IsNotNull(quarter), IsNotNull(month)","calendar_date:date,year:int,quarter:int,month:int","isnotnull(calendar_date#112), isnotnull(year#114), isnotnull(quarter#115), isnotnull(month#116)","",false
1,6,365,"Parquet",0,0,0,0,"InMemoryFileIndex(1 paths)[s3a://goes-se-sandbox/data/warehouse/tablespace/external/hive/demo_pauldefusco.db/customers_skewed]","IsNotNull(customer_id)","customer_id:bigint,credit_score:int","isnotnull(customer_id#1950L)","",false
1,6,72,"Parquet",0,0,0,0,"InMemoryFileIndex(1 paths)[s3a://goes-se-sandbox/data/warehouse/tablespace/external/hive/demo_pauldefusco.db/customers_skewed]","IsNotNull(customer_id), IsNotNull(customer_segment), IsNotNull(risk_rating)","customer_id:bigint,credit_score:int,customer_segment:string,risk_rating:string","isnotnull(customer_id#30L), isnotnull(customer_segment#37), isnotnull(risk_rating#39)","",false
1,6,291,"Parquet",0,0,0,0,"InMemoryFileIndex(1 paths)[s3a://goes-se-sandbox/data/warehouse/tablespace/external/hive/demo_pauldefusco.db/customers_skewed]","IsNotNull(customer_id), IsNotNull(customer_segment)","customer_id:bigint,customer_segment:string","isnotnull(customer_id#1676L), isnotnull(customer_segment#1683)","",false
1,6,133,"Parquet",0,0,0,0,"InMemoryFileIndex(1 paths)[s3a://goes-se-sandbox/data/warehouse/tablespace/external/hive/demo_pauldefusco.db/customers_skewed]","IsNotNull(customer_id), IsNotNull(customer_segment), IsNotNull(risk_rating)","customer_id:bigint,customer_segment:string,risk_rating:string","isnotnull(customer_id#1152L), isnotnull(customer_segment#1159), isnotnull(risk_rating#1161)","",false
1,6,145,"Parquet",0,0,0,0,"InMemoryFileIndex(1 paths)[s3a://goes-se-sandbox/data/warehouse/tablespace/external/hive/demo_pauldefusco.db/merchants_skewed]","IsNotNull(merchant_id)","merchant_id:bigint","isnotnull(merchant_id#1172L)","",false
1,6,298,"Parquet",0,0,0,0,"InMemoryFileIndex(1 paths)[s3a://goes-se-sandbox/data/warehouse/tablespace/external/hive/demo_pauldefusco.db/merchants_skewed]","IsNotNull(merchant_id), IsNotNull(merchant_category)","merchant_id:bigint,merchant_category:string","isnotnull(merchant_id#1696L), isnotnull(merchant_category#1699)","",false
1,6,84,"Parquet",0,0,0,0,"InMemoryFileIndex(1 paths)[s3a://goes-se-sandbox/data/warehouse/tablespace/external/hive/demo_pauldefusco.db/merchants_skewed]","IsNotNull(merchant_id), IsNotNull(merchant_category), IsNotNull(region)","merchant_id:bigint,region:string,merchant_category:string","isnotnull(merchant_id#70L), isnotnull(merchant_category#73), isnotnull(region#72)","",false
1,6,219,"Parquet",0,0,0,0,"InMemoryFileIndex(1 paths)[s3a://goes-se-sandbox/data/warehouse/tablespace/external/hive/demo_pauldefusco.db/merchants_skewed]","IsNotNull(merchant_id), IsNotNull(merchant_category), IsNotNull(region)","merchant_id:bigint,region:string,merchant_category:string","isnotnull(merchant_id#70L), isnotnull(merchant_category#73), isnotnull(region#72)","",false
1,6,65,"Parquet",0,0,0,0,"InMemoryFileIndex(1 paths)[s3a://goes-se-sandbox/data/warehouse/tablespace/external/hive/demo_pauldefusco.db/trs_v25]","IsNotNull(customer_id), IsNotNull(account_id), IsNotNull(merchant_id), IsNotNull(branch_id), IsNotNull(transaction_date)","customer_id:bigint,account_id:bigint,merchant_id:bigint,branch_id:bigint,transaction_date:date,transaction_amount:double","isnotnull(customer_id#1L), isnotnull(account_id#2L), isnotnull(merchant_id#3L), isnotnull(branch_id#4L), isnotnull(transaction_date#5)","",false
1,6,126,"Parquet",0,0,0,0,"InMemoryFileIndex(1 paths)[s3a://goes-se-sandbox/data/warehouse/tablespace/external/hive/demo_pauldefusco.db/trs_v25]","IsNotNull(customer_id), IsNotNull(account_id), IsNotNull(merchant_id), IsNotNull(branch_id), IsNotNull(transaction_date)","customer_id:bigint,account_id:bigint,merchant_id:bigint,branch_id:bigint,transaction_date:date,transaction_amount:double,fraud_flag:int","isnotnull(customer_id#1138L), isnotnull(account_id#1139L), isnotnull(merchant_id#1140L), isnotnull(branch_id#1141L), isnotnull(transaction_date#1142)","",false
1,6,189,"Parquet",0,0,0,0,"InMemoryFileIndex(1 paths)[s3a://goes-se-sandbox/data/warehouse/tablespace/external/hive/demo_pauldefusco.db/trs_v25]","IsNotNull(customer_id), IsNotNull(account_id), IsNotNull(merchant_id), IsNotNull(branch_id), IsNotNull(transaction_date)","customer_id:bigint,account_id:bigint,merchant_id:bigint,branch_id:bigint,transaction_date:date,transaction_amount:double,fraud_flag:int","isnotnull(customer_id#1138L), isnotnull(account_id#1139L), isnotnull(merchant_id#1140L), isnotnull(branch_id#1141L), isnotnull(transaction_date#1142)","",false
1,6,249,"Parquet",0,0,0,0,"InMemoryFileIndex(1 paths)[s3a://goes-se-sandbox/data/warehouse/tablespace/external/hive/demo_pauldefusco.db/trs_v25]","IsNotNull(customer_id), IsNotNull(account_id), IsNotNull(merchant_id), IsNotNull(branch_id), IsNotNull(transaction_date)","customer_id:bigint,account_id:bigint,merchant_id:bigint,branch_id:bigint,transaction_date:date,transaction_amount:double,fraud_flag:int","isnotnull(customer_id#1138L), isnotnull(account_id#1139L), isnotnull(merchant_id#1140L), isnotnull(branch_id#1141L), isnotnull(transaction_date#1142)","",false
1,7,139,"Parquet",0,0,0,0,"InMemoryFileIndex(1 paths)[s3a://goes-se-sandbox/data/warehouse/tablespace/external/hive/demo_pauldefusco.db/accounts_skewed]","IsNotNull(account_id)","account_id:bigint","isnotnull(account_id#1163L)","",false
1,7,78,"Parquet",0,0,0,0,"InMemoryFileIndex(1 paths)[s3a://goes-se-sandbox/data/warehouse/tablespace/external/hive/demo_pauldefusco.db/accounts_skewed]","IsNotNull(account_id), IsNotNull(account_type)","account_id:bigint,account_type:string","isnotnull(account_id#51L), isnotnull(account_type#52)","",false
1,7,151,"Parquet",0,0,0,0,"InMemoryFileIndex(1 paths)[s3a://goes-se-sandbox/data/warehouse/tablespace/external/hive/demo_pauldefusco.db/branches_skewed]","IsNotNull(branch_id)","branch_id:bigint","isnotnull(branch_id#1182L)","",false
1,7,90,"Parquet",0,0,0,0,"InMemoryFileIndex(1 paths)[s3a://goes-se-sandbox/data/warehouse/tablespace/external/hive/demo_pauldefusco.db/branches_skewed]","IsNotNull(branch_id), IsNotNull(state), IsNotNull(region)","branch_id:bigint,state:string,region:string","isnotnull(branch_id#90L), isnotnull(state#92), isnotnull(region#93)","",false
1,7,157,"Parquet",0,0,0,0,"InMemoryFileIndex(1 paths)[s3a://goes-se-sandbox/data/warehouse/tablespace/external/hive/demo_pauldefusco.db/calendar]","IsNotNull(calendar_date)","calendar_date:date","isnotnull(calendar_date#1193)","",false
1,7,305,"Parquet",0,0,0,0,"InMemoryFileIndex(1 paths)[s3a://goes-se-sandbox/data/warehouse/tablespace/external/hive/demo_pauldefusco.db/calendar]","IsNotNull(calendar_date), IsNotNull(year), IsNotNull(month)","calendar_date:date,year:int,month:int","isnotnull(calendar_date#1717), isnotnull(year#1719), isnotnull(month#1721)","",false
1,7,259,"Parquet",0,0,0,0,"InMemoryFileIndex(1 paths)[s3a://goes-se-sandbox/data/warehouse/tablespace/external/hive/demo_pauldefusco.db/calendar]","IsNotNull(calendar_date), IsNotNull(year), IsNotNull(quarter)","calendar_date:date,year:int,quarter:int","isnotnull(calendar_date#1587), isnotnull(year#1589), isnotnull(quarter#1590)","",false
1,7,96,"Parquet",0,0,0,0,"InMemoryFileIndex(1 paths)[s3a://goes-se-sandbox/data/warehouse/tablespace/external/hive/demo_pauldefusco.db/calendar]","IsNotNull(calendar_date), IsNotNull(year), IsNotNull(quarter), IsNotNull(month)","calendar_date:date,year:int,quarter:int,month:int","isnotnull(calendar_date#112), isnotnull(year#114), isnotnull(quarter#115), isnotnull(month#116)","",false
1,7,368,"Parquet",0,0,0,0,"InMemoryFileIndex(1 paths)[s3a://goes-se-sandbox/data/warehouse/tablespace/external/hive/demo_pauldefusco.db/customers_skewed]","IsNotNull(customer_id)","customer_id:bigint,credit_score:int","isnotnull(customer_id#1950L)","",false
1,7,72,"Parquet",0,0,0,0,"InMemoryFileIndex(1 paths)[s3a://goes-se-sandbox/data/warehouse/tablespace/external/hive/demo_pauldefusco.db/customers_skewed]","IsNotNull(customer_id), IsNotNull(customer_segment), IsNotNull(risk_rating)","customer_id:bigint,credit_score:int,customer_segment:string,risk_rating:string","isnotnull(customer_id#30L), isnotnull(customer_segment#37), isnotnull(risk_rating#39)","",false
1,7,291,"Parquet",0,0,0,0,"InMemoryFileIndex(1 paths)[s3a://goes-se-sandbox/data/warehouse/tablespace/external/hive/demo_pauldefusco.db/customers_skewed]","IsNotNull(customer_id), IsNotNull(customer_segment)","customer_id:bigint,customer_segment:string","isnotnull(customer_id#1676L), isnotnull(customer_segment#1683)","",false
1,7,133,"Parquet",0,0,0,0,"InMemoryFileIndex(1 paths)[s3a://goes-se-sandbox/data/warehouse/tablespace/external/hive/demo_pauldefusco.db/customers_skewed]","IsNotNull(customer_id), IsNotNull(customer_segment), IsNotNull(risk_rating)","customer_id:bigint,customer_segment:string,risk_rating:string","isnotnull(customer_id#1152L), isnotnull(customer_segment#1159), isnotnull(risk_rating#1161)","",false
1,7,145,"Parquet",0,0,0,0,"InMemoryFileIndex(1 paths)[s3a://goes-se-sandbox/data/warehouse/tablespace/external/hive/demo_pauldefusco.db/merchants_skewed]","IsNotNull(merchant_id)","merchant_id:bigint","isnotnull(merchant_id#1172L)","",false
1,7,298,"Parquet",0,0,0,0,"InMemoryFileIndex(1 paths)[s3a://goes-se-sandbox/data/warehouse/tablespace/external/hive/demo_pauldefusco.db/merchants_skewed]","IsNotNull(merchant_id), IsNotNull(merchant_category)","merchant_id:bigint,merchant_category:string","isnotnull(merchant_id#1696L), isnotnull(merchant_category#1699)","",false
1,7,84,"Parquet",0,0,0,0,"InMemoryFileIndex(1 paths)[s3a://goes-se-sandbox/data/warehouse/tablespace/external/hive/demo_pauldefusco.db/merchants_skewed]","IsNotNull(merchant_id), IsNotNull(merchant_category), IsNotNull(region)","merchant_id:bigint,region:string,merchant_category:string","isnotnull(merchant_id#70L), isnotnull(merchant_category#73), isnotnull(region#72)","",false
1,7,219,"Parquet",0,0,0,0,"InMemoryFileIndex(1 paths)[s3a://goes-se-sandbox/data/warehouse/tablespace/external/hive/demo_pauldefusco.db/merchants_skewed]","IsNotNull(merchant_id), IsNotNull(merchant_category), IsNotNull(region)","merchant_id:bigint,region:string,merchant_category:string","isnotnull(merchant_id#70L), isnotnull(merchant_category#73), isnotnull(region#72)","",false
1,7,65,"Parquet",0,0,0,0,"InMemoryFileIndex(1 paths)[s3a://goes-se-sandbox/data/warehouse/tablespace/external/hive/demo_pauldefusco.db/trs_v25]","IsNotNull(customer_id), IsNotNull(account_id), IsNotNull(merchant_id), IsNotNull(branch_id), IsNotNull(transaction_date)","customer_id:bigint,account_id:bigint,merchant_id:bigint,branch_id:bigint,transaction_date:date,transaction_amount:double","isnotnull(customer_id#1L), isnotnull(account_id#2L), isnotnull(merchant_id#3L), isnotnull(branch_id#4L), isnotnull(transaction_date#5)","",false
1,7,126,"Parquet",0,0,0,0,"InMemoryFileIndex(1 paths)[s3a://goes-se-sandbox/data/warehouse/tablespace/external/hive/demo_pauldefusco.db/trs_v25]","IsNotNull(customer_id), IsNotNull(account_id), IsNotNull(merchant_id), IsNotNull(branch_id), IsNotNull(transaction_date)","customer_id:bigint,account_id:bigint,merchant_id:bigint,branch_id:bigint,transaction_date:date,transaction_amount:double,fraud_flag:int","isnotnull(customer_id#1138L), isnotnull(account_id#1139L), isnotnull(merchant_id#1140L), isnotnull(branch_id#1141L), isnotnull(transaction_date#1142)","",false
1,7,189,"Parquet",0,0,0,0,"InMemoryFileIndex(1 paths)[s3a://goes-se-sandbox/data/warehouse/tablespace/external/hive/demo_pauldefusco.db/trs_v25]","IsNotNull(customer_id), IsNotNull(account_id), IsNotNull(merchant_id), IsNotNull(branch_id), IsNotNull(transaction_date)","customer_id:bigint,account_id:bigint,merchant_id:bigint,branch_id:bigint,transaction_date:date,transaction_amount:double,fraud_flag:int","isnotnull(customer_id#1138L), isnotnull(account_id#1139L), isnotnull(merchant_id#1140L), isnotnull(branch_id#1141L), isnotnull(transaction_date#1142)","",false
1,7,249,"Parquet",0,0,0,0,"InMemoryFileIndex(1 paths)[s3a://goes-se-sandbox/data/warehouse/tablespace/external/hive/demo_pauldefusco.db/trs_v25]","IsNotNull(customer_id), IsNotNull(account_id), IsNotNull(merchant_id), IsNotNull(branch_id), IsNotNull(transaction_date)","customer_id:bigint,account_id:bigint,merchant_id:bigint,branch_id:bigint,transaction_date:date,transaction_amount:double,fraud_flag:int","isnotnull(customer_id#1138L), isnotnull(account_id#1139L), isnotnull(merchant_id#1140L), isnotnull(branch_id#1141L), isnotnull(transaction_date#1142)","",false
1,8,139,"Parquet",0,0,0,0,"InMemoryFileIndex(1 paths)[s3a://goes-se-sandbox/data/warehouse/tablespace/external/hive/demo_pauldefusco.db/accounts_skewed]","IsNotNull(account_id)","account_id:bigint","isnotnull(account_id#1163L)","",false
1,8,78,"Parquet",0,0,0,0,"InMemoryFileIndex(1 paths)[s3a://goes-se-sandbox/data/warehouse/tablespace/external/hive/demo_pauldefusco.db/accounts_skewed]","IsNotNull(account_id), IsNotNull(account_type)","account_id:bigint,account_type:string","isnotnull(account_id#51L), isnotnull(account_type#52)","",false
1,8,151,"Parquet",0,0,0,0,"InMemoryFileIndex(1 paths)[s3a://goes-se-sandbox/data/warehouse/tablespace/external/hive/demo_pauldefusco.db/branches_skewed]","IsNotNull(branch_id)","branch_id:bigint","isnotnull(branch_id#1182L)","",false
1,8,90,"Parquet",0,0,0,0,"InMemoryFileIndex(1 paths)[s3a://goes-se-sandbox/data/warehouse/tablespace/external/hive/demo_pauldefusco.db/branches_skewed]","IsNotNull(branch_id), IsNotNull(state), IsNotNull(region)","branch_id:bigint,state:string,region:string","isnotnull(branch_id#90L), isnotnull(state#92), isnotnull(region#93)","",false
1,8,157,"Parquet",0,0,0,0,"InMemoryFileIndex(1 paths)[s3a://goes-se-sandbox/data/warehouse/tablespace/external/hive/demo_pauldefusco.db/calendar]","IsNotNull(calendar_date)","calendar_date:date","isnotnull(calendar_date#1193)","",false
1,8,308,"Parquet",0,0,0,0,"InMemoryFileIndex(1 paths)[s3a://goes-se-sandbox/data/warehouse/tablespace/external/hive/demo_pauldefusco.db/calendar]","IsNotNull(calendar_date), IsNotNull(year), IsNotNull(month)","calendar_date:date,year:int,month:int","isnotnull(calendar_date#1717), isnotnull(year#1719), isnotnull(month#1721)","",false
1,8,262,"Parquet",0,0,0,0,"InMemoryFileIndex(1 paths)[s3a://goes-se-sandbox/data/warehouse/tablespace/external/hive/demo_pauldefusco.db/calendar]","IsNotNull(calendar_date), IsNotNull(year), IsNotNull(quarter)","calendar_date:date,year:int,quarter:int","isnotnull(calendar_date#1587), isnotnull(year#1589), isnotnull(quarter#1590)","",false
1,8,96,"Parquet",0,0,0,0,"InMemoryFileIndex(1 paths)[s3a://goes-se-sandbox/data/warehouse/tablespace/external/hive/demo_pauldefusco.db/calendar]","IsNotNull(calendar_date), IsNotNull(year), IsNotNull(quarter), IsNotNull(month)","calendar_date:date,year:int,quarter:int,month:int","isnotnull(calendar_date#112), isnotnull(year#114), isnotnull(quarter#115), isnotnull(month#116)","",false
1,8,371,"Parquet",0,0,0,0,"InMemoryFileIndex(1 paths)[s3a://goes-se-sandbox/data/warehouse/tablespace/external/hive/demo_pauldefusco.db/customers_skewed]","IsNotNull(customer_id)","customer_id:bigint,credit_score:int","isnotnull(customer_id#1950L)","",false
1,8,72,"Parquet",0,0,0,0,"InMemoryFileIndex(1 paths)[s3a://goes-se-sandbox/data/warehouse/tablespace/external/hive/demo_pauldefusco.db/customers_skewed]","IsNotNull(customer_id), IsNotNull(customer_segment), IsNotNull(risk_rating)","customer_id:bigint,credit_score:int,customer_segment:string,risk_rating:string","isnotnull(customer_id#30L), isnotnull(customer_segment#37), isnotnull(risk_rating#39)","",false
1,8,294,"Parquet",0,0,0,0,"InMemoryFileIndex(1 paths)[s3a://goes-se-sandbox/data/warehouse/tablespace/external/hive/demo_pauldefusco.db/customers_skewed]","IsNotNull(customer_id), IsNotNull(customer_segment)","customer_id:bigint,customer_segment:string","isnotnull(customer_id#1676L), isnotnull(customer_segment#1683)","",false
1,8,133,"Parquet",0,0,0,0,"InMemoryFileIndex(1 paths)[s3a://goes-se-sandbox/data/warehouse/tablespace/external/hive/demo_pauldefusco.db/customers_skewed]","IsNotNull(customer_id), IsNotNull(customer_segment), IsNotNull(risk_rating)","customer_id:bigint,customer_segment:string,risk_rating:string","isnotnull(customer_id#1152L), isnotnull(customer_segment#1159), isnotnull(risk_rating#1161)","",false
1,8,145,"Parquet",0,0,0,0,"InMemoryFileIndex(1 paths)[s3a://goes-se-sandbox/data/warehouse/tablespace/external/hive/demo_pauldefusco.db/merchants_skewed]","IsNotNull(merchant_id)","merchant_id:bigint","isnotnull(merchant_id#1172L)","",false
1,8,301,"Parquet",0,0,0,0,"InMemoryFileIndex(1 paths)[s3a://goes-se-sandbox/data/warehouse/tablespace/external/hive/demo_pauldefusco.db/merchants_skewed]","IsNotNull(merchant_id), IsNotNull(merchant_category)","merchant_id:bigint,merchant_category:string","isnotnull(merchant_id#1696L), isnotnull(merchant_category#1699)","",false
1,8,84,"Parquet",0,0,0,0,"InMemoryFileIndex(1 paths)[s3a://goes-se-sandbox/data/warehouse/tablespace/external/hive/demo_pauldefusco.db/merchants_skewed]","IsNotNull(merchant_id), IsNotNull(merchant_category), IsNotNull(region)","merchant_id:bigint,region:string,merchant_category:string","isnotnull(merchant_id#70L), isnotnull(merchant_category#73), isnotnull(region#72)","",false
1,8,219,"Parquet",0,0,0,0,"InMemoryFileIndex(1 paths)[s3a://goes-se-sandbox/data/warehouse/tablespace/external/hive/demo_pauldefusco.db/merchants_skewed]","IsNotNull(merchant_id), IsNotNull(merchant_category), IsNotNull(region)","merchant_id:bigint,region:string,merchant_category:string","isnotnull(merchant_id#70L), isnotnull(merchant_category#73), isnotnull(region#72)","",false
1,8,65,"Parquet",0,0,0,0,"InMemoryFileIndex(1 paths)[s3a://goes-se-sandbox/data/warehouse/tablespace/external/hive/demo_pauldefusco.db/trs_v25]","IsNotNull(customer_id), IsNotNull(account_id), IsNotNull(merchant_id), IsNotNull(branch_id), IsNotNull(transaction_date)","customer_id:bigint,account_id:bigint,merchant_id:bigint,branch_id:bigint,transaction_date:date,transaction_amount:double","isnotnull(customer_id#1L), isnotnull(account_id#2L), isnotnull(merchant_id#3L), isnotnull(branch_id#4L), isnotnull(transaction_date#5)","",false
1,8,126,"Parquet",0,0,0,0,"InMemoryFileIndex(1 paths)[s3a://goes-se-sandbox/data/warehouse/tablespace/external/hive/demo_pauldefusco.db/trs_v25]","IsNotNull(customer_id), IsNotNull(account_id), IsNotNull(merchant_id), IsNotNull(branch_id), IsNotNull(transaction_date)","customer_id:bigint,account_id:bigint,merchant_id:bigint,branch_id:bigint,transaction_date:date,transaction_amount:double,fraud_flag:int","isnotnull(customer_id#1138L), isnotnull(account_id#1139L), isnotnull(merchant_id#1140L), isnotnull(branch_id#1141L), isnotnull(transaction_date#1142)","",false
1,8,189,"Parquet",0,0,0,0,"InMemoryFileIndex(1 paths)[s3a://goes-se-sandbox/data/warehouse/tablespace/external/hive/demo_pauldefusco.db/trs_v25]","IsNotNull(customer_id), IsNotNull(account_id), IsNotNull(merchant_id), IsNotNull(branch_id), IsNotNull(transaction_date)","customer_id:bigint,account_id:bigint,merchant_id:bigint,branch_id:bigint,transaction_date:date,transaction_amount:double,fraud_flag:int","isnotnull(customer_id#1138L), isnotnull(account_id#1139L), isnotnull(merchant_id#1140L), isnotnull(branch_id#1141L), isnotnull(transaction_date#1142)","",false
1,8,251,"Parquet",0,0,0,0,"InMemoryFileIndex(1 paths)[s3a://goes-se-sandbox/data/warehouse/tablespace/external/hive/demo_pauldefusco.db/trs_v25]","IsNotNull(customer_id), IsNotNull(account_id), IsNotNull(merchant_id), IsNotNull(branch_id), IsNotNull(transaction_date)","customer_id:bigint,account_id:bigint,merchant_id:bigint,branch_id:bigint,transaction_date:date,transaction_amount:double,fraud_flag:int","isnotnull(customer_id#1138L), isnotnull(account_id#1139L), isnotnull(merchant_id#1140L), isnotnull(branch_id#1141L), isnotnull(transaction_date#1142)","",false
1,9,142,"Parquet",0,0,0,0,"InMemoryFileIndex(1 paths)[s3a://goes-se-sandbox/data/warehouse/tablespace/external/hive/demo_pauldefusco.db/accounts_skewed]","IsNotNull(account_id)","account_id:bigint","isnotnull(account_id#1163L)","",false
1,9,81,"Parquet",0,0,0,0,"InMemoryFileIndex(1 paths)[s3a://goes-se-sandbox/data/warehouse/tablespace/external/hive/demo_pauldefusco.db/accounts_skewed]","IsNotNull(account_id), IsNotNull(account_type)","account_id:bigint,account_type:string","isnotnull(account_id#51L), isnotnull(account_type#52)","",false
1,9,154,"Parquet",0,0,0,0,"InMemoryFileIndex(1 paths)[s3a://goes-se-sandbox/data/warehouse/tablespace/external/hive/demo_pauldefusco.db/branches_skewed]","IsNotNull(branch_id)","branch_id:bigint","isnotnull(branch_id#1182L)","",false
1,9,93,"Parquet",0,0,0,0,"InMemoryFileIndex(1 paths)[s3a://goes-se-sandbox/data/warehouse/tablespace/external/hive/demo_pauldefusco.db/branches_skewed]","IsNotNull(branch_id), IsNotNull(state), IsNotNull(region)","branch_id:bigint,state:string,region:string","isnotnull(branch_id#90L), isnotnull(state#92), isnotnull(region#93)","",false
1,9,160,"Parquet",0,0,0,0,"InMemoryFileIndex(1 paths)[s3a://goes-se-sandbox/data/warehouse/tablespace/external/hive/demo_pauldefusco.db/calendar]","IsNotNull(calendar_date)","calendar_date:date","isnotnull(calendar_date#1193)","",false
1,9,311,"Parquet",0,0,0,0,"InMemoryFileIndex(1 paths)[s3a://goes-se-sandbox/data/warehouse/tablespace/external/hive/demo_pauldefusco.db/calendar]","IsNotNull(calendar_date), IsNotNull(year), IsNotNull(month)","calendar_date:date,year:int,month:int","isnotnull(calendar_date#1717), isnotnull(year#1719), isnotnull(month#1721)","",false
1,9,265,"Parquet",0,0,0,0,"InMemoryFileIndex(1 paths)[s3a://goes-se-sandbox/data/warehouse/tablespace/external/hive/demo_pauldefusco.db/calendar]","IsNotNull(calendar_date), IsNotNull(year), IsNotNull(quarter)","calendar_date:date,year:int,quarter:int","isnotnull(calendar_date#1587), isnotnull(year#1589), isnotnull(quarter#1590)","",false
1,9,99,"Parquet",0,0,0,0,"InMemoryFileIndex(1 paths)[s3a://goes-se-sandbox/data/warehouse/tablespace/external/hive/demo_pauldefusco.db/calendar]","IsNotNull(calendar_date), IsNotNull(year), IsNotNull(quarter), IsNotNull(month)","calendar_date:date,year:int,quarter:int,month:int","isnotnull(calendar_date#112), isnotnull(year#114), isnotnull(quarter#115), isnotnull(month#116)","",false
1,9,374,"Parquet",0,0,0,0,"InMemoryFileIndex(1 paths)[s3a://goes-se-sandbox/data/warehouse/tablespace/external/hive/demo_pauldefusco.db/customers_skewed]","IsNotNull(customer_id)","customer_id:bigint,credit_score:int","isnotnull(customer_id#1950L)","",false
1,9,74,"Parquet",0,0,0,0,"InMemoryFileIndex(1 paths)[s3a://goes-se-sandbox/data/warehouse/tablespace/external/hive/demo_pauldefusco.db/customers_skewed]","IsNotNull(customer_id), IsNotNull(customer_segment), IsNotNull(risk_rating)","customer_id:bigint,credit_score:int,customer_segment:string,risk_rating:string","isnotnull(customer_id#30L), isnotnull(customer_segment#37), isnotnull(risk_rating#39)","",false
1,9,297,"Parquet",0,0,0,0,"InMemoryFileIndex(1 paths)[s3a://goes-se-sandbox/data/warehouse/tablespace/external/hive/demo_pauldefusco.db/customers_skewed]","IsNotNull(customer_id), IsNotNull(customer_segment)","customer_id:bigint,customer_segment:string","isnotnull(customer_id#1676L), isnotnull(customer_segment#1683)","",false
1,9,136,"Parquet",0,0,0,0,"InMemoryFileIndex(1 paths)[s3a://goes-se-sandbox/data/warehouse/tablespace/external/hive/demo_pauldefusco.db/customers_skewed]","IsNotNull(customer_id), IsNotNull(customer_segment), IsNotNull(risk_rating)","customer_id:bigint,customer_segment:string,risk_rating:string","isnotnull(customer_id#1152L), isnotnull(customer_segment#1159), isnotnull(risk_rating#1161)","",false
1,9,148,"Parquet",0,0,0,0,"InMemoryFileIndex(1 paths)[s3a://goes-se-sandbox/data/warehouse/tablespace/external/hive/demo_pauldefusco.db/merchants_skewed]","IsNotNull(merchant_id)","merchant_id:bigint","isnotnull(merchant_id#1172L)","",false
1,9,304,"Parquet",0,0,0,0,"InMemoryFileIndex(1 paths)[s3a://goes-se-sandbox/data/warehouse/tablespace/external/hive/demo_pauldefusco.db/merchants_skewed]","IsNotNull(merchant_id), IsNotNull(merchant_category)","merchant_id:bigint,merchant_category:string","isnotnull(merchant_id#1696L), isnotnull(merchant_category#1699)","",false
1,9,87,"Parquet",0,0,0,0,"InMemoryFileIndex(1 paths)[s3a://goes-se-sandbox/data/warehouse/tablespace/external/hive/demo_pauldefusco.db/merchants_skewed]","IsNotNull(merchant_id), IsNotNull(merchant_category), IsNotNull(region)","merchant_id:bigint,region:string,merchant_category:string","isnotnull(merchant_id#70L), isnotnull(merchant_category#73), isnotnull(region#72)","",false
1,9,222,"Parquet",0,0,0,0,"InMemoryFileIndex(1 paths)[s3a://goes-se-sandbox/data/warehouse/tablespace/external/hive/demo_pauldefusco.db/merchants_skewed]","IsNotNull(merchant_id), IsNotNull(merchant_category), IsNotNull(region)","merchant_id:bigint,region:string,merchant_category:string","isnotnull(merchant_id#70L), isnotnull(merchant_category#73), isnotnull(region#72)","",false
1,9,67,"Parquet",0,0,0,0,"InMemoryFileIndex(1 paths)[s3a://goes-se-sandbox/data/warehouse/tablespace/external/hive/demo_pauldefusco.db/trs_v25]","IsNotNull(customer_id), IsNotNull(account_id), IsNotNull(merchant_id), IsNotNull(branch_id), IsNotNull(transaction_date)","customer_id:bigint,account_id:bigint,merchant_id:bigint,branch_id:bigint,transaction_date:date,transaction_amount:double","isnotnull(customer_id#1L), isnotnull(account_id#2L), isnotnull(merchant_id#3L), isnotnull(branch_id#4L), isnotnull(transaction_date#5)","",false
1,9,129,"Parquet",0,0,0,0,"InMemoryFileIndex(1 paths)[s3a://goes-se-sandbox/data/warehouse/tablespace/external/hive/demo_pauldefusco.db/trs_v25]","IsNotNull(customer_id), IsNotNull(account_id), IsNotNull(merchant_id), IsNotNull(branch_id), IsNotNull(transaction_date)","customer_id:bigint,account_id:bigint,merchant_id:bigint,branch_id:bigint,transaction_date:date,transaction_amount:double,fraud_flag:int","isnotnull(customer_id#1138L), isnotnull(account_id#1139L), isnotnull(merchant_id#1140L), isnotnull(branch_id#1141L), isnotnull(transaction_date#1142)","",false
1,9,192,"Parquet",0,0,0,0,"InMemoryFileIndex(1 paths)[s3a://goes-se-sandbox/data/warehouse/tablespace/external/hive/demo_pauldefusco.db/trs_v25]","IsNotNull(customer_id), IsNotNull(account_id), IsNotNull(merchant_id), IsNotNull(branch_id), IsNotNull(transaction_date)","customer_id:bigint,account_id:bigint,merchant_id:bigint,branch_id:bigint,transaction_date:date,transaction_amount:double,fraud_flag:int","isnotnull(customer_id#1138L), isnotnull(account_id#1139L), isnotnull(merchant_id#1140L), isnotnull(branch_id#1141L), isnotnull(transaction_date#1142)","",false
1,9,254,"Parquet",0,0,0,0,"InMemoryFileIndex(1 paths)[s3a://goes-se-sandbox/data/warehouse/tablespace/external/hive/demo_pauldefusco.db/trs_v25]","IsNotNull(customer_id), IsNotNull(account_id), IsNotNull(merchant_id), IsNotNull(branch_id), IsNotNull(transaction_date)","customer_id:bigint,account_id:bigint,merchant_id:bigint,branch_id:bigint,transaction_date:date,transaction_amount:double,fraud_flag:int","isnotnull(customer_id#1138L), isnotnull(account_id#1139L), isnotnull(merchant_id#1140L), isnotnull(branch_id#1141L), isnotnull(transaction_date#1142)","",false
1,10,142,"Parquet",0,0,0,0,"InMemoryFileIndex(1 paths)[s3a://goes-se-sandbox/data/warehouse/tablespace/external/hive/demo_pauldefusco.db/accounts_skewed]","IsNotNull(account_id)","account_id:bigint","isnotnull(account_id#1163L)","",false
1,10,81,"Parquet",0,0,0,0,"InMemoryFileIndex(1 paths)[s3a://goes-se-sandbox/data/warehouse/tablespace/external/hive/demo_pauldefusco.db/accounts_skewed]","IsNotNull(account_id), IsNotNull(account_type)","account_id:bigint,account_type:string","isnotnull(account_id#51L), isnotnull(account_type#52)","",false
1,10,154,"Parquet",0,0,0,0,"InMemoryFileIndex(1 paths)[s3a://goes-se-sandbox/data/warehouse/tablespace/external/hive/demo_pauldefusco.db/branches_skewed]","IsNotNull(branch_id)","branch_id:bigint","isnotnull(branch_id#1182L)","",false
1,10,93,"Parquet",0,0,0,0,"InMemoryFileIndex(1 paths)[s3a://goes-se-sandbox/data/warehouse/tablespace/external/hive/demo_pauldefusco.db/branches_skewed]","IsNotNull(branch_id), IsNotNull(state), IsNotNull(region)","branch_id:bigint,state:string,region:string","isnotnull(branch_id#90L), isnotnull(state#92), isnotnull(region#93)","",false
1,10,160,"Parquet",0,0,0,0,"InMemoryFileIndex(1 paths)[s3a://goes-se-sandbox/data/warehouse/tablespace/external/hive/demo_pauldefusco.db/calendar]","IsNotNull(calendar_date)","calendar_date:date","isnotnull(calendar_date#1193)","",false
1,10,311,"Parquet",0,0,0,0,"InMemoryFileIndex(1 paths)[s3a://goes-se-sandbox/data/warehouse/tablespace/external/hive/demo_pauldefusco.db/calendar]","IsNotNull(calendar_date), IsNotNull(year), IsNotNull(month)","calendar_date:date,year:int,month:int","isnotnull(calendar_date#1717), isnotnull(year#1719), isnotnull(month#1721)","",false
1,10,265,"Parquet",0,0,0,0,"InMemoryFileIndex(1 paths)[s3a://goes-se-sandbox/data/warehouse/tablespace/external/hive/demo_pauldefusco.db/calendar]","IsNotNull(calendar_date), IsNotNull(year), IsNotNull(quarter)","calendar_date:date,year:int,quarter:int","isnotnull(calendar_date#1587), isnotnull(year#1589), isnotnull(quarter#1590)","",false
1,10,99,"Parquet",0,0,0,0,"InMemoryFileIndex(1 paths)[s3a://goes-se-sandbox/data/warehouse/tablespace/external/hive/demo_pauldefusco.db/calendar]","IsNotNull(calendar_date), IsNotNull(year), IsNotNull(quarter), IsNotNull(month)","calendar_date:date,year:int,quarter:int,month:int","isnotnull(calendar_date#112), isnotnull(year#114), isnotnull(quarter#115), isnotnull(month#116)","",false
1,10,374,"Parquet",0,0,0,0,"InMemoryFileIndex(1 paths)[s3a://goes-se-sandbox/data/warehouse/tablespace/external/hive/demo_pauldefusco.db/customers_skewed]","IsNotNull(customer_id)","customer_id:bigint,credit_score:int","isnotnull(customer_id#1950L)","",false
1,10,74,"Parquet",0,0,0,0,"InMemoryFileIndex(1 paths)[s3a://goes-se-sandbox/data/warehouse/tablespace/external/hive/demo_pauldefusco.db/customers_skewed]","IsNotNull(customer_id), IsNotNull(customer_segment), IsNotNull(risk_rating)","customer_id:bigint,credit_score:int,customer_segment:string,risk_rating:string","isnotnull(customer_id#30L), isnotnull(customer_segment#37), isnotnull(risk_rating#39)","",false
1,10,297,"Parquet",0,0,0,0,"InMemoryFileIndex(1 paths)[s3a://goes-se-sandbox/data/warehouse/tablespace/external/hive/demo_pauldefusco.db/customers_skewed]","IsNotNull(customer_id), IsNotNull(customer_segment)","customer_id:bigint,customer_segment:string","isnotnull(customer_id#1676L), isnotnull(customer_segment#1683)","",false
1,10,136,"Parquet",0,0,0,0,"InMemoryFileIndex(1 paths)[s3a://goes-se-sandbox/data/warehouse/tablespace/external/hive/demo_pauldefusco.db/customers_skewed]","IsNotNull(customer_id), IsNotNull(customer_segment), IsNotNull(risk_rating)","customer_id:bigint,customer_segment:string,risk_rating:string","isnotnull(customer_id#1152L), isnotnull(customer_segment#1159), isnotnull(risk_rating#1161)","",false
1,10,148,"Parquet",0,0,0,0,"InMemoryFileIndex(1 paths)[s3a://goes-se-sandbox/data/warehouse/tablespace/external/hive/demo_pauldefusco.db/merchants_skewed]","IsNotNull(merchant_id)","merchant_id:bigint","isnotnull(merchant_id#1172L)","",false
1,10,304,"Parquet",0,0,0,0,"InMemoryFileIndex(1 paths)[s3a://goes-se-sandbox/data/warehouse/tablespace/external/hive/demo_pauldefusco.db/merchants_skewed]","IsNotNull(merchant_id), IsNotNull(merchant_category)","merchant_id:bigint,merchant_category:string","isnotnull(merchant_id#1696L), isnotnull(merchant_category#1699)","",false
1,10,87,"Parquet",0,0,0,0,"InMemoryFileIndex(1 paths)[s3a://goes-se-sandbox/data/warehouse/tablespace/external/hive/demo_pauldefusco.db/merchants_skewed]","IsNotNull(merchant_id), IsNotNull(merchant_category), IsNotNull(region)","merchant_id:bigint,region:string,merchant_category:string","isnotnull(merchant_id#70L), isnotnull(merchant_category#73), isnotnull(region#72)","",false
1,10,222,"Parquet",0,0,0,0,"InMemoryFileIndex(1 paths)[s3a://goes-se-sandbox/data/warehouse/tablespace/external/hive/demo_pauldefusco.db/merchants_skewed]","IsNotNull(merchant_id), IsNotNull(merchant_category), IsNotNull(region)","merchant_id:bigint,region:string,merchant_category:string","isnotnull(merchant_id#70L), isnotnull(merchant_category#73), isnotnull(region#72)","",false
1,10,67,"Parquet",0,0,0,0,"InMemoryFileIndex(1 paths)[s3a://goes-se-sandbox/data/warehouse/tablespace/external/hive/demo_pauldefusco.db/trs_v25]","IsNotNull(customer_id), IsNotNull(account_id), IsNotNull(merchant_id), IsNotNull(branch_id), IsNotNull(transaction_date)","customer_id:bigint,account_id:bigint,merchant_id:bigint,branch_id:bigint,transaction_date:date,transaction_amount:double","isnotnull(customer_id#1L), isnotnull(account_id#2L), isnotnull(merchant_id#3L), isnotnull(branch_id#4L), isnotnull(transaction_date#5)","",false
1,10,129,"Parquet",0,0,0,0,"InMemoryFileIndex(1 paths)[s3a://goes-se-sandbox/data/warehouse/tablespace/external/hive/demo_pauldefusco.db/trs_v25]","IsNotNull(customer_id), IsNotNull(account_id), IsNotNull(merchant_id), IsNotNull(branch_id), IsNotNull(transaction_date)","customer_id:bigint,account_id:bigint,merchant_id:bigint,branch_id:bigint,transaction_date:date,transaction_amount:double,fraud_flag:int","isnotnull(customer_id#1138L), isnotnull(account_id#1139L), isnotnull(merchant_id#1140L), isnotnull(branch_id#1141L), isnotnull(transaction_date#1142)","",false
1,10,192,"Parquet",0,0,0,0,"InMemoryFileIndex(1 paths)[s3a://goes-se-sandbox/data/warehouse/tablespace/external/hive/demo_pauldefusco.db/trs_v25]","IsNotNull(customer_id), IsNotNull(account_id), IsNotNull(merchant_id), IsNotNull(branch_id), IsNotNull(transaction_date)","customer_id:bigint,account_id:bigint,merchant_id:bigint,branch_id:bigint,transaction_date:date,transaction_amount:double,fraud_flag:int","isnotnull(customer_id#1138L), isnotnull(account_id#1139L), isnotnull(merchant_id#1140L), isnotnull(branch_id#1141L), isnotnull(transaction_date#1142)","",false
1,10,254,"Parquet",0,0,0,0,"InMemoryFileIndex(1 paths)[s3a://goes-se-sandbox/data/warehouse/tablespace/external/hive/demo_pauldefusco.db/trs_v25]","IsNotNull(customer_id), IsNotNull(account_id), IsNotNull(merchant_id), IsNotNull(branch_id), IsNotNull(transaction_date)","customer_id:bigint,account_id:bigint,merchant_id:bigint,branch_id:bigint,transaction_date:date,transaction_amount:double,fraud_flag:int","isnotnull(customer_id#1138L), isnotnull(account_id#1139L), isnotnull(merchant_id#1140L), isnotnull(branch_id#1141L), isnotnull(transaction_date#1142)","",false
1,11,142,"Parquet",0,0,0,0,"InMemoryFileIndex(1 paths)[s3a://goes-se-sandbox/data/warehouse/tablespace/external/hive/demo_pauldefusco.db/accounts_skewed]","IsNotNull(account_id)","account_id:bigint","isnotnull(account_id#1163L)","",false
1,11,81,"Parquet",0,0,0,0,"InMemoryFileIndex(1 paths)[s3a://goes-se-sandbox/data/warehouse/tablespace/external/hive/demo_pauldefusco.db/accounts_skewed]","IsNotNull(account_id), IsNotNull(account_type)","account_id:bigint,account_type:string","isnotnull(account_id#51L), isnotnull(account_type#52)","",false
1,11,154,"Parquet",0,0,0,0,"InMemoryFileIndex(1 paths)[s3a://goes-se-sandbox/data/warehouse/tablespace/external/hive/demo_pauldefusco.db/branches_skewed]","IsNotNull(branch_id)","branch_id:bigint","isnotnull(branch_id#1182L)","",false
1,11,93,"Parquet",0,0,0,0,"InMemoryFileIndex(1 paths)[s3a://goes-se-sandbox/data/warehouse/tablespace/external/hive/demo_pauldefusco.db/branches_skewed]","IsNotNull(branch_id), IsNotNull(state), IsNotNull(region)","branch_id:bigint,state:string,region:string","isnotnull(branch_id#90L), isnotnull(state#92), isnotnull(region#93)","",false
1,11,160,"Parquet",0,0,0,0,"InMemoryFileIndex(1 paths)[s3a://goes-se-sandbox/data/warehouse/tablespace/external/hive/demo_pauldefusco.db/calendar]","IsNotNull(calendar_date)","calendar_date:date","isnotnull(calendar_date#1193)","",false
1,11,311,"Parquet",0,0,0,0,"InMemoryFileIndex(1 paths)[s3a://goes-se-sandbox/data/warehouse/tablespace/external/hive/demo_pauldefusco.db/calendar]","IsNotNull(calendar_date), IsNotNull(year), IsNotNull(month)","calendar_date:date,year:int,month:int","isnotnull(calendar_date#1717), isnotnull(year#1719), isnotnull(month#1721)","",false
1,11,265,"Parquet",0,0,0,0,"InMemoryFileIndex(1 paths)[s3a://goes-se-sandbox/data/warehouse/tablespace/external/hive/demo_pauldefusco.db/calendar]","IsNotNull(calendar_date), IsNotNull(year), IsNotNull(quarter)","calendar_date:date,year:int,quarter:int","isnotnull(calendar_date#1587), isnotnull(year#1589), isnotnull(quarter#1590)","",false
1,11,99,"Parquet",0,0,0,0,"InMemoryFileIndex(1 paths)[s3a://goes-se-sandbox/data/warehouse/tablespace/external/hive/demo_pauldefusco.db/calendar]","IsNotNull(calendar_date), IsNotNull(year), IsNotNull(quarter), IsNotNull(month)","calendar_date:date,year:int,quarter:int,month:int","isnotnull(calendar_date#112), isnotnull(year#114), isnotnull(quarter#115), isnotnull(month#116)","",false
1,11,377,"Parquet",0,0,0,0,"InMemoryFileIndex(1 paths)[s3a://goes-se-sandbox/data/warehouse/tablespace/external/hive/demo_pauldefusco.db/customers_skewed]","IsNotNull(customer_id)","customer_id:bigint,credit_score:int","isnotnull(customer_id#1950L)","",false
1,11,74,"Parquet",0,0,0,0,"InMemoryFileIndex(1 paths)[s3a://goes-se-sandbox/data/warehouse/tablespace/external/hive/demo_pauldefusco.db/customers_skewed]","IsNotNull(customer_id), IsNotNull(customer_segment), IsNotNull(risk_rating)","customer_id:bigint,credit_score:int,customer_segment:string,risk_rating:string","isnotnull(customer_id#30L), isnotnull(customer_segment#37), isnotnull(risk_rating#39)","",false
1,11,297,"Parquet",0,0,0,0,"InMemoryFileIndex(1 paths)[s3a://goes-se-sandbox/data/warehouse/tablespace/external/hive/demo_pauldefusco.db/customers_skewed]","IsNotNull(customer_id), IsNotNull(customer_segment)","customer_id:bigint,customer_segment:string","isnotnull(customer_id#1676L), isnotnull(customer_segment#1683)","",false
1,11,136,"Parquet",0,0,0,0,"InMemoryFileIndex(1 paths)[s3a://goes-se-sandbox/data/warehouse/tablespace/external/hive/demo_pauldefusco.db/customers_skewed]","IsNotNull(customer_id), IsNotNull(customer_segment), IsNotNull(risk_rating)","customer_id:bigint,customer_segment:string,risk_rating:string","isnotnull(customer_id#1152L), isnotnull(customer_segment#1159), isnotnull(risk_rating#1161)","",false
1,11,148,"Parquet",0,0,0,0,"InMemoryFileIndex(1 paths)[s3a://goes-se-sandbox/data/warehouse/tablespace/external/hive/demo_pauldefusco.db/merchants_skewed]","IsNotNull(merchant_id)","merchant_id:bigint","isnotnull(merchant_id#1172L)","",false
1,11,304,"Parquet",0,0,0,0,"InMemoryFileIndex(1 paths)[s3a://goes-se-sandbox/data/warehouse/tablespace/external/hive/demo_pauldefusco.db/merchants_skewed]","IsNotNull(merchant_id), IsNotNull(merchant_category)","merchant_id:bigint,merchant_category:string","isnotnull(merchant_id#1696L), isnotnull(merchant_category#1699)","",false
1,11,87,"Parquet",0,0,0,0,"InMemoryFileIndex(1 paths)[s3a://goes-se-sandbox/data/warehouse/tablespace/external/hive/demo_pauldefusco.db/merchants_skewed]","IsNotNull(merchant_id), IsNotNull(merchant_category), IsNotNull(region)","merchant_id:bigint,region:string,merchant_category:string","isnotnull(merchant_id#70L), isnotnull(merchant_category#73), isnotnull(region#72)","",false
1,11,222,"Parquet",0,0,0,0,"InMemoryFileIndex(1 paths)[s3a://goes-se-sandbox/data/warehouse/tablespace/external/hive/demo_pauldefusco.db/merchants_skewed]","IsNotNull(merchant_id), IsNotNull(merchant_category), IsNotNull(region)","merchant_id:bigint,region:string,merchant_category:string","isnotnull(merchant_id#70L), isnotnull(merchant_category#73), isnotnull(region#72)","",false
1,11,67,"Parquet",0,0,0,0,"InMemoryFileIndex(1 paths)[s3a://goes-se-sandbox/data/warehouse/tablespace/external/hive/demo_pauldefusco.db/trs_v25]","IsNotNull(customer_id), IsNotNull(account_id), IsNotNull(merchant_id), IsNotNull(branch_id), IsNotNull(transaction_date)","customer_id:bigint,account_id:bigint,merchant_id:bigint,branch_id:bigint,transaction_date:date,transaction_amount:double","isnotnull(customer_id#1L), isnotnull(account_id#2L), isnotnull(merchant_id#3L), isnotnull(branch_id#4L), isnotnull(transaction_date#5)","",false
1,11,129,"Parquet",0,0,0,0,"InMemoryFileIndex(1 paths)[s3a://goes-se-sandbox/data/warehouse/tablespace/external/hive/demo_pauldefusco.db/trs_v25]","IsNotNull(customer_id), IsNotNull(account_id), IsNotNull(merchant_id), IsNotNull(branch_id), IsNotNull(transaction_date)","customer_id:bigint,account_id:bigint,merchant_id:bigint,branch_id:bigint,transaction_date:date,transaction_amount:double,fraud_flag:int","isnotnull(customer_id#1138L), isnotnull(account_id#1139L), isnotnull(merchant_id#1140L), isnotnull(branch_id#1141L), isnotnull(transaction_date#1142)","",false
1,11,192,"Parquet",0,0,0,0,"InMemoryFileIndex(1 paths)[s3a://goes-se-sandbox/data/warehouse/tablespace/external/hive/demo_pauldefusco.db/trs_v25]","IsNotNull(customer_id), IsNotNull(account_id), IsNotNull(merchant_id), IsNotNull(branch_id), IsNotNull(transaction_date)","customer_id:bigint,account_id:bigint,merchant_id:bigint,branch_id:bigint,transaction_date:date,transaction_amount:double,fraud_flag:int","isnotnull(customer_id#1138L), isnotnull(account_id#1139L), isnotnull(merchant_id#1140L), isnotnull(branch_id#1141L), isnotnull(transaction_date#1142)","",false
1,11,254,"Parquet",0,0,0,0,"InMemoryFileIndex(1 paths)[s3a://goes-se-sandbox/data/warehouse/tablespace/external/hive/demo_pauldefusco.db/trs_v25]","IsNotNull(customer_id), IsNotNull(account_id), IsNotNull(merchant_id), IsNotNull(branch_id), IsNotNull(transaction_date)","customer_id:bigint,account_id:bigint,merchant_id:bigint,branch_id:bigint,transaction_date:date,transaction_amount:double,fraud_flag:int","isnotnull(customer_id#1138L), isnotnull(account_id#1139L), isnotnull(merchant_id#1140L), isnotnull(branch_id#1141L), isnotnull(transaction_date#1142)","",false
1,12,145,"Parquet",0,0,0,0,"InMemoryFileIndex(1 paths)[s3a://goes-se-sandbox/data/warehouse/tablespace/external/hive/demo_pauldefusco.db/accounts_skewed]","IsNotNull(account_id)","account_id:bigint","isnotnull(account_id#1163L)","",false
1,12,81,"Parquet",0,0,0,0,"InMemoryFileIndex(1 paths)[s3a://goes-se-sandbox/data/warehouse/tablespace/external/hive/demo_pauldefusco.db/accounts_skewed]","IsNotNull(account_id), IsNotNull(account_type)","account_id:bigint,account_type:string","isnotnull(account_id#51L), isnotnull(account_type#52)","",false
1,12,157,"Parquet",0,0,0,0,"InMemoryFileIndex(1 paths)[s3a://goes-se-sandbox/data/warehouse/tablespace/external/hive/demo_pauldefusco.db/branches_skewed]","IsNotNull(branch_id)","branch_id:bigint","isnotnull(branch_id#1182L)","",false
1,12,93,"Parquet",0,0,0,0,"InMemoryFileIndex(1 paths)[s3a://goes-se-sandbox/data/warehouse/tablespace/external/hive/demo_pauldefusco.db/branches_skewed]","IsNotNull(branch_id), IsNotNull(state), IsNotNull(region)","branch_id:bigint,state:string,region:string","isnotnull(branch_id#90L), isnotnull(state#92), isnotnull(region#93)","",false
1,12,163,"Parquet",0,0,0,0,"InMemoryFileIndex(1 paths)[s3a://goes-se-sandbox/data/warehouse/tablespace/external/hive/demo_pauldefusco.db/calendar]","IsNotNull(calendar_date)","calendar_date:date","isnotnull(calendar_date#1193)","",false
1,12,314,"Parquet",0,0,0,0,"InMemoryFileIndex(1 paths)[s3a://goes-se-sandbox/data/warehouse/tablespace/external/hive/demo_pauldefusco.db/calendar]","IsNotNull(calendar_date), IsNotNull(year), IsNotNull(month)","calendar_date:date,year:int,month:int","isnotnull(calendar_date#1717), isnotnull(year#1719), isnotnull(month#1721)","",false
1,12,268,"Parquet",0,0,0,0,"InMemoryFileIndex(1 paths)[s3a://goes-se-sandbox/data/warehouse/tablespace/external/hive/demo_pauldefusco.db/calendar]","IsNotNull(calendar_date), IsNotNull(year), IsNotNull(quarter)","calendar_date:date,year:int,quarter:int","isnotnull(calendar_date#1587), isnotnull(year#1589), isnotnull(quarter#1590)","",false
1,12,99,"Parquet",0,0,0,0,"InMemoryFileIndex(1 paths)[s3a://goes-se-sandbox/data/warehouse/tablespace/external/hive/demo_pauldefusco.db/calendar]","IsNotNull(calendar_date), IsNotNull(year), IsNotNull(quarter), IsNotNull(month)","calendar_date:date,year:int,quarter:int,month:int","isnotnull(calendar_date#112), isnotnull(year#114), isnotnull(quarter#115), isnotnull(month#116)","",false
1,12,380,"Parquet",0,0,0,0,"InMemoryFileIndex(1 paths)[s3a://goes-se-sandbox/data/warehouse/tablespace/external/hive/demo_pauldefusco.db/customers_skewed]","IsNotNull(customer_id)","customer_id:bigint,credit_score:int","isnotnull(customer_id#1950L)","",false
1,12,74,"Parquet",0,0,0,0,"InMemoryFileIndex(1 paths)[s3a://goes-se-sandbox/data/warehouse/tablespace/external/hive/demo_pauldefusco.db/customers_skewed]","IsNotNull(customer_id), IsNotNull(customer_segment), IsNotNull(risk_rating)","customer_id:bigint,credit_score:int,customer_segment:string,risk_rating:string","isnotnull(customer_id#30L), isnotnull(customer_segment#37), isnotnull(risk_rating#39)","",false
1,12,300,"Parquet",0,0,0,0,"InMemoryFileIndex(1 paths)[s3a://goes-se-sandbox/data/warehouse/tablespace/external/hive/demo_pauldefusco.db/customers_skewed]","IsNotNull(customer_id), IsNotNull(customer_segment)","customer_id:bigint,customer_segment:string","isnotnull(customer_id#1676L), isnotnull(customer_segment#1683)","",false
1,12,138,"Parquet",0,0,0,0,"InMemoryFileIndex(1 paths)[s3a://goes-se-sandbox/data/warehouse/tablespace/external/hive/demo_pauldefusco.db/customers_skewed]","IsNotNull(customer_id), IsNotNull(customer_segment), IsNotNull(risk_rating)","customer_id:bigint,customer_segment:string,risk_rating:string","isnotnull(customer_id#1152L), isnotnull(customer_segment#1159), isnotnull(risk_rating#1161)","",false
1,12,151,"Parquet",0,0,0,0,"InMemoryFileIndex(1 paths)[s3a://goes-se-sandbox/data/warehouse/tablespace/external/hive/demo_pauldefusco.db/merchants_skewed]","IsNotNull(merchant_id)","merchant_id:bigint","isnotnull(merchant_id#1172L)","",false
1,12,307,"Parquet",0,0,0,0,"InMemoryFileIndex(1 paths)[s3a://goes-se-sandbox/data/warehouse/tablespace/external/hive/demo_pauldefusco.db/merchants_skewed]","IsNotNull(merchant_id), IsNotNull(merchant_category)","merchant_id:bigint,merchant_category:string","isnotnull(merchant_id#1696L), isnotnull(merchant_category#1699)","",false
1,12,87,"Parquet",0,0,0,0,"InMemoryFileIndex(1 paths)[s3a://goes-se-sandbox/data/warehouse/tablespace/external/hive/demo_pauldefusco.db/merchants_skewed]","IsNotNull(merchant_id), IsNotNull(merchant_category), IsNotNull(region)","merchant_id:bigint,region:string,merchant_category:string","isnotnull(merchant_id#70L), isnotnull(merchant_category#73), isnotnull(region#72)","",false
1,12,225,"Parquet",0,0,0,0,"InMemoryFileIndex(1 paths)[s3a://goes-se-sandbox/data/warehouse/tablespace/external/hive/demo_pauldefusco.db/merchants_skewed]","IsNotNull(merchant_id), IsNotNull(merchant_category), IsNotNull(region)","merchant_id:bigint,region:string,merchant_category:string","isnotnull(merchant_id#70L), isnotnull(merchant_category#73), isnotnull(region#72)","",false
1,12,67,"Parquet",0,0,0,0,"InMemoryFileIndex(1 paths)[s3a://goes-se-sandbox/data/warehouse/tablespace/external/hive/demo_pauldefusco.db/trs_v25]","IsNotNull(customer_id), IsNotNull(account_id), IsNotNull(merchant_id), IsNotNull(branch_id), IsNotNull(transaction_date)","customer_id:bigint,account_id:bigint,merchant_id:bigint,branch_id:bigint,transaction_date:date,transaction_amount:double","isnotnull(customer_id#1L), isnotnull(account_id#2L), isnotnull(merchant_id#3L), isnotnull(branch_id#4L), isnotnull(transaction_date#5)","",false
1,12,131,"Parquet",0,0,0,0,"InMemoryFileIndex(1 paths)[s3a://goes-se-sandbox/data/warehouse/tablespace/external/hive/demo_pauldefusco.db/trs_v25]","IsNotNull(customer_id), IsNotNull(account_id), IsNotNull(merchant_id), IsNotNull(branch_id), IsNotNull(transaction_date)","customer_id:bigint,account_id:bigint,merchant_id:bigint,branch_id:bigint,transaction_date:date,transaction_amount:double,fraud_flag:int","isnotnull(customer_id#1138L), isnotnull(account_id#1139L), isnotnull(merchant_id#1140L), isnotnull(branch_id#1141L), isnotnull(transaction_date#1142)","",false
1,12,195,"Parquet",0,0,0,0,"InMemoryFileIndex(1 paths)[s3a://goes-se-sandbox/data/warehouse/tablespace/external/hive/demo_pauldefusco.db/trs_v25]","IsNotNull(customer_id), IsNotNull(account_id), IsNotNull(merchant_id), IsNotNull(branch_id), IsNotNull(transaction_date)","customer_id:bigint,account_id:bigint,merchant_id:bigint,branch_id:bigint,transaction_date:date,transaction_amount:double,fraud_flag:int","isnotnull(customer_id#1138L), isnotnull(account_id#1139L), isnotnull(merchant_id#1140L), isnotnull(branch_id#1141L), isnotnull(transaction_date#1142)","",false
1,12,257,"Parquet",0,0,0,0,"InMemoryFileIndex(1 paths)[s3a://goes-se-sandbox/data/warehouse/tablespace/external/hive/demo_pauldefusco.db/trs_v25]","IsNotNull(customer_id), IsNotNull(account_id), IsNotNull(merchant_id), IsNotNull(branch_id), IsNotNull(transaction_date)","customer_id:bigint,account_id:bigint,merchant_id:bigint,branch_id:bigint,transaction_date:date,transaction_amount:double,fraud_flag:int","isnotnull(customer_id#1138L), isnotnull(account_id#1139L), isnotnull(merchant_id#1140L), isnotnull(branch_id#1141L), isnotnull(transaction_date#1142)","",false
1,13,145,"Parquet",0,0,0,0,"InMemoryFileIndex(1 paths)[s3a://goes-se-sandbox/data/warehouse/tablespace/external/hive/demo_pauldefusco.db/accounts_skewed]","IsNotNull(account_id)","account_id:bigint","isnotnull(account_id#1163L)","",false
1,13,81,"Parquet",0,0,0,0,"InMemoryFileIndex(1 paths)[s3a://goes-se-sandbox/data/warehouse/tablespace/external/hive/demo_pauldefusco.db/accounts_skewed]","IsNotNull(account_id), IsNotNull(account_type)","account_id:bigint,account_type:string","isnotnull(account_id#51L), isnotnull(account_type#52)","",false
1,13,157,"Parquet",0,0,0,0,"InMemoryFileIndex(1 paths)[s3a://goes-se-sandbox/data/warehouse/tablespace/external/hive/demo_pauldefusco.db/branches_skewed]","IsNotNull(branch_id)","branch_id:bigint","isnotnull(branch_id#1182L)","",false
1,13,93,"Parquet",0,0,0,0,"InMemoryFileIndex(1 paths)[s3a://goes-se-sandbox/data/warehouse/tablespace/external/hive/demo_pauldefusco.db/branches_skewed]","IsNotNull(branch_id), IsNotNull(state), IsNotNull(region)","branch_id:bigint,state:string,region:string","isnotnull(branch_id#90L), isnotnull(state#92), isnotnull(region#93)","",false
1,13,163,"Parquet",0,0,0,0,"InMemoryFileIndex(1 paths)[s3a://goes-se-sandbox/data/warehouse/tablespace/external/hive/demo_pauldefusco.db/calendar]","IsNotNull(calendar_date)","calendar_date:date","isnotnull(calendar_date#1193)","",false
1,13,320,"Parquet",0,0,0,0,"InMemoryFileIndex(1 paths)[s3a://goes-se-sandbox/data/warehouse/tablespace/external/hive/demo_pauldefusco.db/calendar]","IsNotNull(calendar_date), IsNotNull(year), IsNotNull(month)","calendar_date:date,year:int,month:int","isnotnull(calendar_date#1717), isnotnull(year#1719), isnotnull(month#1721)","",false
1,13,274,"Parquet",0,0,0,0,"InMemoryFileIndex(1 paths)[s3a://goes-se-sandbox/data/warehouse/tablespace/external/hive/demo_pauldefusco.db/calendar]","IsNotNull(calendar_date), IsNotNull(year), IsNotNull(quarter)","calendar_date:date,year:int,quarter:int","isnotnull(calendar_date#1587), isnotnull(year#1589), isnotnull(quarter#1590)","",false
1,13,99,"Parquet",0,0,0,0,"InMemoryFileIndex(1 paths)[s3a://goes-se-sandbox/data/warehouse/tablespace/external/hive/demo_pauldefusco.db/calendar]","IsNotNull(calendar_date), IsNotNull(year), IsNotNull(quarter), IsNotNull(month)","calendar_date:date,year:int,quarter:int,month:int","isnotnull(calendar_date#112), isnotnull(year#114), isnotnull(quarter#115), isnotnull(month#116)","",false
1,13,386,"Parquet",0,0,0,0,"InMemoryFileIndex(1 paths)[s3a://goes-se-sandbox/data/warehouse/tablespace/external/hive/demo_pauldefusco.db/customers_skewed]","IsNotNull(customer_id)","customer_id:bigint,credit_score:int","isnotnull(customer_id#1950L)","",false
1,13,74,"Parquet",0,0,0,0,"InMemoryFileIndex(1 paths)[s3a://goes-se-sandbox/data/warehouse/tablespace/external/hive/demo_pauldefusco.db/customers_skewed]","IsNotNull(customer_id), IsNotNull(customer_segment), IsNotNull(risk_rating)","customer_id:bigint,credit_score:int,customer_segment:string,risk_rating:string","isnotnull(customer_id#30L), isnotnull(customer_segment#37), isnotnull(risk_rating#39)","",false
1,13,306,"Parquet",0,0,0,0,"InMemoryFileIndex(1 paths)[s3a://goes-se-sandbox/data/warehouse/tablespace/external/hive/demo_pauldefusco.db/customers_skewed]","IsNotNull(customer_id), IsNotNull(customer_segment)","customer_id:bigint,customer_segment:string","isnotnull(customer_id#1676L), isnotnull(customer_segment#1683)","",false
1,13,138,"Parquet",0,0,0,0,"InMemoryFileIndex(1 paths)[s3a://goes-se-sandbox/data/warehouse/tablespace/external/hive/demo_pauldefusco.db/customers_skewed]","IsNotNull(customer_id), IsNotNull(customer_segment), IsNotNull(risk_rating)","customer_id:bigint,customer_segment:string,risk_rating:string","isnotnull(customer_id#1152L), isnotnull(customer_segment#1159), isnotnull(risk_rating#1161)","",false
1,13,151,"Parquet",0,0,0,0,"InMemoryFileIndex(1 paths)[s3a://goes-se-sandbox/data/warehouse/tablespace/external/hive/demo_pauldefusco.db/merchants_skewed]","IsNotNull(merchant_id)","merchant_id:bigint","isnotnull(merchant_id#1172L)","",false
1,13,313,"Parquet",0,0,0,0,"InMemoryFileIndex(1 paths)[s3a://goes-se-sandbox/data/warehouse/tablespace/external/hive/demo_pauldefusco.db/merchants_skewed]","IsNotNull(merchant_id), IsNotNull(merchant_category)","merchant_id:bigint,merchant_category:string","isnotnull(merchant_id#1696L), isnotnull(merchant_category#1699)","",false
1,13,87,"Parquet",0,0,0,0,"InMemoryFileIndex(1 paths)[s3a://goes-se-sandbox/data/warehouse/tablespace/external/hive/demo_pauldefusco.db/merchants_skewed]","IsNotNull(merchant_id), IsNotNull(merchant_category), IsNotNull(region)","merchant_id:bigint,region:string,merchant_category:string","isnotnull(merchant_id#70L), isnotnull(merchant_category#73), isnotnull(region#72)","",false
1,13,231,"Parquet",0,0,0,0,"InMemoryFileIndex(1 paths)[s3a://goes-se-sandbox/data/warehouse/tablespace/external/hive/demo_pauldefusco.db/merchants_skewed]","IsNotNull(merchant_id), IsNotNull(merchant_category), IsNotNull(region)","merchant_id:bigint,region:string,merchant_category:string","isnotnull(merchant_id#70L), isnotnull(merchant_category#73), isnotnull(region#72)","",false
1,13,67,"Parquet",0,0,0,0,"InMemoryFileIndex(1 paths)[s3a://goes-se-sandbox/data/warehouse/tablespace/external/hive/demo_pauldefusco.db/trs_v25]","IsNotNull(customer_id), IsNotNull(account_id), IsNotNull(merchant_id), IsNotNull(branch_id), IsNotNull(transaction_date)","customer_id:bigint,account_id:bigint,merchant_id:bigint,branch_id:bigint,transaction_date:date,transaction_amount:double","isnotnull(customer_id#1L), isnotnull(account_id#2L), isnotnull(merchant_id#3L), isnotnull(branch_id#4L), isnotnull(transaction_date#5)","",false
1,13,131,"Parquet",0,0,0,0,"InMemoryFileIndex(1 paths)[s3a://goes-se-sandbox/data/warehouse/tablespace/external/hive/demo_pauldefusco.db/trs_v25]","IsNotNull(customer_id), IsNotNull(account_id), IsNotNull(merchant_id), IsNotNull(branch_id), IsNotNull(transaction_date)","customer_id:bigint,account_id:bigint,merchant_id:bigint,branch_id:bigint,transaction_date:date,transaction_amount:double,fraud_flag:int","isnotnull(customer_id#1138L), isnotnull(account_id#1139L), isnotnull(merchant_id#1140L), isnotnull(branch_id#1141L), isnotnull(transaction_date#1142)","",false
1,13,197,"Parquet",0,0,0,0,"InMemoryFileIndex(1 paths)[s3a://goes-se-sandbox/data/warehouse/tablespace/external/hive/demo_pauldefusco.db/trs_v25]","IsNotNull(customer_id), IsNotNull(account_id), IsNotNull(merchant_id), IsNotNull(branch_id), IsNotNull(transaction_date)","customer_id:bigint,account_id:bigint,merchant_id:bigint,branch_id:bigint,transaction_date:date,transaction_amount:double,fraud_flag:int","isnotnull(customer_id#1138L), isnotnull(account_id#1139L), isnotnull(merchant_id#1140L), isnotnull(branch_id#1141L), isnotnull(transaction_date#1142)","",false
1,13,263,"Parquet",0,0,0,0,"InMemoryFileIndex(1 paths)[s3a://goes-se-sandbox/data/warehouse/tablespace/external/hive/demo_pauldefusco.db/trs_v25]","IsNotNull(customer_id), IsNotNull(account_id), IsNotNull(merchant_id), IsNotNull(branch_id), IsNotNull(transaction_date)","customer_id:bigint,account_id:bigint,merchant_id:bigint,branch_id:bigint,transaction_date:date,transaction_amount:double,fraud_flag:int","isnotnull(customer_id#1138L), isnotnull(account_id#1139L), isnotnull(merchant_id#1140L), isnotnull(branch_id#1141L), isnotnull(transaction_date#1142)","",false
1,14,145,"Parquet",0,0,0,0,"InMemoryFileIndex(1 paths)[s3a://goes-se-sandbox/data/warehouse/tablespace/external/hive/demo_pauldefusco.db/accounts_skewed]","IsNotNull(account_id)","account_id:bigint","isnotnull(account_id#1163L)","",false
1,14,81,"Parquet",0,0,0,0,"InMemoryFileIndex(1 paths)[s3a://goes-se-sandbox/data/warehouse/tablespace/external/hive/demo_pauldefusco.db/accounts_skewed]","IsNotNull(account_id), IsNotNull(account_type)","account_id:bigint,account_type:string","isnotnull(account_id#51L), isnotnull(account_type#52)","",false
1,14,157,"Parquet",0,0,0,0,"InMemoryFileIndex(1 paths)[s3a://goes-se-sandbox/data/warehouse/tablespace/external/hive/demo_pauldefusco.db/branches_skewed]","IsNotNull(branch_id)","branch_id:bigint","isnotnull(branch_id#1182L)","",false
1,14,93,"Parquet",0,0,0,0,"InMemoryFileIndex(1 paths)[s3a://goes-se-sandbox/data/warehouse/tablespace/external/hive/demo_pauldefusco.db/branches_skewed]","IsNotNull(branch_id), IsNotNull(state), IsNotNull(region)","branch_id:bigint,state:string,region:string","isnotnull(branch_id#90L), isnotnull(state#92), isnotnull(region#93)","",false
1,14,163,"Parquet",0,0,0,0,"InMemoryFileIndex(1 paths)[s3a://goes-se-sandbox/data/warehouse/tablespace/external/hive/demo_pauldefusco.db/calendar]","IsNotNull(calendar_date)","calendar_date:date","isnotnull(calendar_date#1193)","",false
1,14,320,"Parquet",0,0,0,0,"InMemoryFileIndex(1 paths)[s3a://goes-se-sandbox/data/warehouse/tablespace/external/hive/demo_pauldefusco.db/calendar]","IsNotNull(calendar_date), IsNotNull(year), IsNotNull(month)","calendar_date:date,year:int,month:int","isnotnull(calendar_date#1717), isnotnull(year#1719), isnotnull(month#1721)","",false
1,14,274,"Parquet",0,0,0,0,"InMemoryFileIndex(1 paths)[s3a://goes-se-sandbox/data/warehouse/tablespace/external/hive/demo_pauldefusco.db/calendar]","IsNotNull(calendar_date), IsNotNull(year), IsNotNull(quarter)","calendar_date:date,year:int,quarter:int","isnotnull(calendar_date#1587), isnotnull(year#1589), isnotnull(quarter#1590)","",false
1,14,99,"Parquet",0,0,0,0,"InMemoryFileIndex(1 paths)[s3a://goes-se-sandbox/data/warehouse/tablespace/external/hive/demo_pauldefusco.db/calendar]","IsNotNull(calendar_date), IsNotNull(year), IsNotNull(quarter), IsNotNull(month)","calendar_date:date,year:int,quarter:int,month:int","isnotnull(calendar_date#112), isnotnull(year#114), isnotnull(quarter#115), isnotnull(month#116)","",false
1,14,386,"Parquet",0,0,0,0,"InMemoryFileIndex(1 paths)[s3a://goes-se-sandbox/data/warehouse/tablespace/external/hive/demo_pauldefusco.db/customers_skewed]","IsNotNull(customer_id)","customer_id:bigint,credit_score:int","isnotnull(customer_id#1950L)","",false
1,14,74,"Parquet",0,0,0,0,"InMemoryFileIndex(1 paths)[s3a://goes-se-sandbox/data/warehouse/tablespace/external/hive/demo_pauldefusco.db/customers_skewed]","IsNotNull(customer_id), IsNotNull(customer_segment), IsNotNull(risk_rating)","customer_id:bigint,credit_score:int,customer_segment:string,risk_rating:string","isnotnull(customer_id#30L), isnotnull(customer_segment#37), isnotnull(risk_rating#39)","",false
1,14,306,"Parquet",0,0,0,0,"InMemoryFileIndex(1 paths)[s3a://goes-se-sandbox/data/warehouse/tablespace/external/hive/demo_pauldefusco.db/customers_skewed]","IsNotNull(customer_id), IsNotNull(customer_segment)","customer_id:bigint,customer_segment:string","isnotnull(customer_id#1676L), isnotnull(customer_segment#1683)","",false
1,14,138,"Parquet",0,0,0,0,"InMemoryFileIndex(1 paths)[s3a://goes-se-sandbox/data/warehouse/tablespace/external/hive/demo_pauldefusco.db/customers_skewed]","IsNotNull(customer_id), IsNotNull(customer_segment), IsNotNull(risk_rating)","customer_id:bigint,customer_segment:string,risk_rating:string","isnotnull(customer_id#1152L), isnotnull(customer_segment#1159), isnotnull(risk_rating#1161)","",false
1,14,151,"Parquet",0,0,0,0,"InMemoryFileIndex(1 paths)[s3a://goes-se-sandbox/data/warehouse/tablespace/external/hive/demo_pauldefusco.db/merchants_skewed]","IsNotNull(merchant_id)","merchant_id:bigint","isnotnull(merchant_id#1172L)","",false
1,14,313,"Parquet",0,0,0,0,"InMemoryFileIndex(1 paths)[s3a://goes-se-sandbox/data/warehouse/tablespace/external/hive/demo_pauldefusco.db/merchants_skewed]","IsNotNull(merchant_id), IsNotNull(merchant_category)","merchant_id:bigint,merchant_category:string","isnotnull(merchant_id#1696L), isnotnull(merchant_category#1699)","",false
1,14,87,"Parquet",0,0,0,0,"InMemoryFileIndex(1 paths)[s3a://goes-se-sandbox/data/warehouse/tablespace/external/hive/demo_pauldefusco.db/merchants_skewed]","IsNotNull(merchant_id), IsNotNull(merchant_category), IsNotNull(region)","merchant_id:bigint,region:string,merchant_category:string","isnotnull(merchant_id#70L), isnotnull(merchant_category#73), isnotnull(region#72)","",false
1,14,231,"Parquet",0,0,0,0,"InMemoryFileIndex(1 paths)[s3a://goes-se-sandbox/data/warehouse/tablespace/external/hive/demo_pauldefusco.db/merchants_skewed]","IsNotNull(merchant_id), IsNotNull(merchant_category), IsNotNull(region)","merchant_id:bigint,region:string,merchant_category:string","isnotnull(merchant_id#70L), isnotnull(merchant_category#73), isnotnull(region#72)","",false
1,14,67,"Parquet",0,0,0,0,"InMemoryFileIndex(1 paths)[s3a://goes-se-sandbox/data/warehouse/tablespace/external/hive/demo_pauldefusco.db/trs_v25]","IsNotNull(customer_id), IsNotNull(account_id), IsNotNull(merchant_id), IsNotNull(branch_id), IsNotNull(transaction_date)","customer_id:bigint,account_id:bigint,merchant_id:bigint,branch_id:bigint,transaction_date:date,transaction_amount:double","isnotnull(customer_id#1L), isnotnull(account_id#2L), isnotnull(merchant_id#3L), isnotnull(branch_id#4L), isnotnull(transaction_date#5)","",false
1,14,131,"Parquet",0,0,0,0,"InMemoryFileIndex(1 paths)[s3a://goes-se-sandbox/data/warehouse/tablespace/external/hive/demo_pauldefusco.db/trs_v25]","IsNotNull(customer_id), IsNotNull(account_id), IsNotNull(merchant_id), IsNotNull(branch_id), IsNotNull(transaction_date)","customer_id:bigint,account_id:bigint,merchant_id:bigint,branch_id:bigint,transaction_date:date,transaction_amount:double,fraud_flag:int","isnotnull(customer_id#1138L), isnotnull(account_id#1139L), isnotnull(merchant_id#1140L), isnotnull(branch_id#1141L), isnotnull(transaction_date#1142)","",false
1,14,197,"Parquet",0,0,0,0,"InMemoryFileIndex(1 paths)[s3a://goes-se-sandbox/data/warehouse/tablespace/external/hive/demo_pauldefusco.db/trs_v25]","IsNotNull(customer_id), IsNotNull(account_id), IsNotNull(merchant_id), IsNotNull(branch_id), IsNotNull(transaction_date)","customer_id:bigint,account_id:bigint,merchant_id:bigint,branch_id:bigint,transaction_date:date,transaction_amount:double,fraud_flag:int","isnotnull(customer_id#1138L), isnotnull(account_id#1139L), isnotnull(merchant_id#1140L), isnotnull(branch_id#1141L), isnotnull(transaction_date#1142)","",false
1,14,263,"Parquet",0,0,0,0,"InMemoryFileIndex(1 paths)[s3a://goes-se-sandbox/data/warehouse/tablespace/external/hive/demo_pauldefusco.db/trs_v25]","IsNotNull(customer_id), IsNotNull(account_id), IsNotNull(merchant_id), IsNotNull(branch_id), IsNotNull(transaction_date)","customer_id:bigint,account_id:bigint,merchant_id:bigint,branch_id:bigint,transaction_date:date,transaction_amount:double,fraud_flag:int","isnotnull(customer_id#1138L), isnotnull(account_id#1139L), isnotnull(merchant_id#1140L), isnotnull(branch_id#1141L), isnotnull(transaction_date#1142)","",false
1,15,145,"Parquet",0,0,0,0,"InMemoryFileIndex(1 paths)[s3a://goes-se-sandbox/data/warehouse/tablespace/external/hive/demo_pauldefusco.db/accounts_skewed]","IsNotNull(account_id)","account_id:bigint","isnotnull(account_id#1163L)","",false
1,15,81,"Parquet",0,0,0,0,"InMemoryFileIndex(1 paths)[s3a://goes-se-sandbox/data/warehouse/tablespace/external/hive/demo_pauldefusco.db/accounts_skewed]","IsNotNull(account_id), IsNotNull(account_type)","account_id:bigint,account_type:string","isnotnull(account_id#51L), isnotnull(account_type#52)","",false
1,15,157,"Parquet",0,0,0,0,"InMemoryFileIndex(1 paths)[s3a://goes-se-sandbox/data/warehouse/tablespace/external/hive/demo_pauldefusco.db/branches_skewed]","IsNotNull(branch_id)","branch_id:bigint","isnotnull(branch_id#1182L)","",false
1,15,93,"Parquet",0,0,0,0,"InMemoryFileIndex(1 paths)[s3a://goes-se-sandbox/data/warehouse/tablespace/external/hive/demo_pauldefusco.db/branches_skewed]","IsNotNull(branch_id), IsNotNull(state), IsNotNull(region)","branch_id:bigint,state:string,region:string","isnotnull(branch_id#90L), isnotnull(state#92), isnotnull(region#93)","",false
1,15,163,"Parquet",0,0,0,0,"InMemoryFileIndex(1 paths)[s3a://goes-se-sandbox/data/warehouse/tablespace/external/hive/demo_pauldefusco.db/calendar]","IsNotNull(calendar_date)","calendar_date:date","isnotnull(calendar_date#1193)","",false
1,15,323,"Parquet",0,0,0,0,"InMemoryFileIndex(1 paths)[s3a://goes-se-sandbox/data/warehouse/tablespace/external/hive/demo_pauldefusco.db/calendar]","IsNotNull(calendar_date), IsNotNull(year), IsNotNull(month)","calendar_date:date,year:int,month:int","isnotnull(calendar_date#1717), isnotnull(year#1719), isnotnull(month#1721)","",false
1,15,274,"Parquet",0,0,0,0,"InMemoryFileIndex(1 paths)[s3a://goes-se-sandbox/data/warehouse/tablespace/external/hive/demo_pauldefusco.db/calendar]","IsNotNull(calendar_date), IsNotNull(year), IsNotNull(quarter)","calendar_date:date,year:int,quarter:int","isnotnull(calendar_date#1587), isnotnull(year#1589), isnotnull(quarter#1590)","",false
1,15,99,"Parquet",0,0,0,0,"InMemoryFileIndex(1 paths)[s3a://goes-se-sandbox/data/warehouse/tablespace/external/hive/demo_pauldefusco.db/calendar]","IsNotNull(calendar_date), IsNotNull(year), IsNotNull(quarter), IsNotNull(month)","calendar_date:date,year:int,quarter:int,month:int","isnotnull(calendar_date#112), isnotnull(year#114), isnotnull(quarter#115), isnotnull(month#116)","",false
1,15,389,"Parquet",0,0,0,0,"InMemoryFileIndex(1 paths)[s3a://goes-se-sandbox/data/warehouse/tablespace/external/hive/demo_pauldefusco.db/customers_skewed]","IsNotNull(customer_id)","customer_id:bigint,credit_score:int","isnotnull(customer_id#1950L)","",false
1,15,74,"Parquet",0,0,0,0,"InMemoryFileIndex(1 paths)[s3a://goes-se-sandbox/data/warehouse/tablespace/external/hive/demo_pauldefusco.db/customers_skewed]","IsNotNull(customer_id), IsNotNull(customer_segment), IsNotNull(risk_rating)","customer_id:bigint,credit_score:int,customer_segment:string,risk_rating:string","isnotnull(customer_id#30L), isnotnull(customer_segment#37), isnotnull(risk_rating#39)","",false
1,15,308,"Parquet",0,0,0,0,"InMemoryFileIndex(1 paths)[s3a://goes-se-sandbox/data/warehouse/tablespace/external/hive/demo_pauldefusco.db/customers_skewed]","IsNotNull(customer_id), IsNotNull(customer_segment)","customer_id:bigint,customer_segment:string","isnotnull(customer_id#1676L), isnotnull(customer_segment#1683)","",false
1,15,138,"Parquet",0,0,0,0,"InMemoryFileIndex(1 paths)[s3a://goes-se-sandbox/data/warehouse/tablespace/external/hive/demo_pauldefusco.db/customers_skewed]","IsNotNull(customer_id), IsNotNull(customer_segment), IsNotNull(risk_rating)","customer_id:bigint,customer_segment:string,risk_rating:string","isnotnull(customer_id#1152L), isnotnull(customer_segment#1159), isnotnull(risk_rating#1161)","",false
1,15,151,"Parquet",0,0,0,0,"InMemoryFileIndex(1 paths)[s3a://goes-se-sandbox/data/warehouse/tablespace/external/hive/demo_pauldefusco.db/merchants_skewed]","IsNotNull(merchant_id)","merchant_id:bigint","isnotnull(merchant_id#1172L)","",false
1,15,316,"Parquet",0,0,0,0,"InMemoryFileIndex(1 paths)[s3a://goes-se-sandbox/data/warehouse/tablespace/external/hive/demo_pauldefusco.db/merchants_skewed]","IsNotNull(merchant_id), IsNotNull(merchant_category)","merchant_id:bigint,merchant_category:string","isnotnull(merchant_id#1696L), isnotnull(merchant_category#1699)","",false
1,15,87,"Parquet",0,0,0,0,"InMemoryFileIndex(1 paths)[s3a://goes-se-sandbox/data/warehouse/tablespace/external/hive/demo_pauldefusco.db/merchants_skewed]","IsNotNull(merchant_id), IsNotNull(merchant_category), IsNotNull(region)","merchant_id:bigint,region:string,merchant_category:string","isnotnull(merchant_id#70L), isnotnull(merchant_category#73), isnotnull(region#72)","",false
1,15,231,"Parquet",0,0,0,0,"InMemoryFileIndex(1 paths)[s3a://goes-se-sandbox/data/warehouse/tablespace/external/hive/demo_pauldefusco.db/merchants_skewed]","IsNotNull(merchant_id), IsNotNull(merchant_category), IsNotNull(region)","merchant_id:bigint,region:string,merchant_category:string","isnotnull(merchant_id#70L), isnotnull(merchant_category#73), isnotnull(region#72)","",false
1,15,67,"Parquet",0,0,0,0,"InMemoryFileIndex(1 paths)[s3a://goes-se-sandbox/data/warehouse/tablespace/external/hive/demo_pauldefusco.db/trs_v25]","IsNotNull(customer_id), IsNotNull(account_id), IsNotNull(merchant_id), IsNotNull(branch_id), IsNotNull(transaction_date)","customer_id:bigint,account_id:bigint,merchant_id:bigint,branch_id:bigint,transaction_date:date,transaction_amount:double","isnotnull(customer_id#1L), isnotnull(account_id#2L), isnotnull(merchant_id#3L), isnotnull(branch_id#4L), isnotnull(transaction_date#5)","",false
1,15,131,"Parquet",0,0,0,0,"InMemoryFileIndex(1 paths)[s3a://goes-se-sandbox/data/warehouse/tablespace/external/hive/demo_pauldefusco.db/trs_v25]","IsNotNull(customer_id), IsNotNull(account_id), IsNotNull(merchant_id), IsNotNull(branch_id), IsNotNull(transaction_date)","customer_id:bigint,account_id:bigint,merchant_id:bigint,branch_id:bigint,transaction_date:date,transaction_amount:double,fraud_flag:int","isnotnull(customer_id#1138L), isnotnull(account_id#1139L), isnotnull(merchant_id#1140L), isnotnull(branch_id#1141L), isnotnull(transaction_date#1142)","",false
1,15,197,"Parquet",0,0,0,0,"InMemoryFileIndex(1 paths)[s3a://goes-se-sandbox/data/warehouse/tablespace/external/hive/demo_pauldefusco.db/trs_v25]","IsNotNull(customer_id), IsNotNull(account_id), IsNotNull(merchant_id), IsNotNull(branch_id), IsNotNull(transaction_date)","customer_id:bigint,account_id:bigint,merchant_id:bigint,branch_id:bigint,transaction_date:date,transaction_amount:double,fraud_flag:int","isnotnull(customer_id#1138L), isnotnull(account_id#1139L), isnotnull(merchant_id#1140L), isnotnull(branch_id#1141L), isnotnull(transaction_date#1142)","",false
1,15,263,"Parquet",0,0,0,0,"InMemoryFileIndex(1 paths)[s3a://goes-se-sandbox/data/warehouse/tablespace/external/hive/demo_pauldefusco.db/trs_v25]","IsNotNull(customer_id), IsNotNull(account_id), IsNotNull(merchant_id), IsNotNull(branch_id), IsNotNull(transaction_date)","customer_id:bigint,account_id:bigint,merchant_id:bigint,branch_id:bigint,transaction_date:date,transaction_amount:double,fraud_flag:int","isnotnull(customer_id#1138L), isnotnull(account_id#1139L), isnotnull(merchant_id#1140L), isnotnull(branch_id#1141L), isnotnull(transaction_date#1142)","",false
1,16,145,"Parquet",0,0,0,0,"InMemoryFileIndex(1 paths)[s3a://goes-se-sandbox/data/warehouse/tablespace/external/hive/demo_pauldefusco.db/accounts_skewed]","IsNotNull(account_id)","account_id:bigint","isnotnull(account_id#1163L)","",false
1,16,81,"Parquet",0,0,0,0,"InMemoryFileIndex(1 paths)[s3a://goes-se-sandbox/data/warehouse/tablespace/external/hive/demo_pauldefusco.db/accounts_skewed]","IsNotNull(account_id), IsNotNull(account_type)","account_id:bigint,account_type:string","isnotnull(account_id#51L), isnotnull(account_type#52)","",false
1,16,157,"Parquet",0,0,0,0,"InMemoryFileIndex(1 paths)[s3a://goes-se-sandbox/data/warehouse/tablespace/external/hive/demo_pauldefusco.db/branches_skewed]","IsNotNull(branch_id)","branch_id:bigint","isnotnull(branch_id#1182L)","",false
1,16,93,"Parquet",0,0,0,0,"InMemoryFileIndex(1 paths)[s3a://goes-se-sandbox/data/warehouse/tablespace/external/hive/demo_pauldefusco.db/branches_skewed]","IsNotNull(branch_id), IsNotNull(state), IsNotNull(region)","branch_id:bigint,state:string,region:string","isnotnull(branch_id#90L), isnotnull(state#92), isnotnull(region#93)","",false
1,16,163,"Parquet",0,0,0,0,"InMemoryFileIndex(1 paths)[s3a://goes-se-sandbox/data/warehouse/tablespace/external/hive/demo_pauldefusco.db/calendar]","IsNotNull(calendar_date)","calendar_date:date","isnotnull(calendar_date#1193)","",false
1,16,323,"Parquet",0,0,0,0,"InMemoryFileIndex(1 paths)[s3a://goes-se-sandbox/data/warehouse/tablespace/external/hive/demo_pauldefusco.db/calendar]","IsNotNull(calendar_date), IsNotNull(year), IsNotNull(month)","calendar_date:date,year:int,month:int","isnotnull(calendar_date#1717), isnotnull(year#1719), isnotnull(month#1721)","",false
1,16,274,"Parquet",0,0,0,0,"InMemoryFileIndex(1 paths)[s3a://goes-se-sandbox/data/warehouse/tablespace/external/hive/demo_pauldefusco.db/calendar]","IsNotNull(calendar_date), IsNotNull(year), IsNotNull(quarter)","calendar_date:date,year:int,quarter:int","isnotnull(calendar_date#1587), isnotnull(year#1589), isnotnull(quarter#1590)","",false
1,16,99,"Parquet",0,0,0,0,"InMemoryFileIndex(1 paths)[s3a://goes-se-sandbox/data/warehouse/tablespace/external/hive/demo_pauldefusco.db/calendar]","IsNotNull(calendar_date), IsNotNull(year), IsNotNull(quarter), IsNotNull(month)","calendar_date:date,year:int,quarter:int,month:int","isnotnull(calendar_date#112), isnotnull(year#114), isnotnull(quarter#115), isnotnull(month#116)","",false
1,16,391,"Parquet",0,0,0,0,"InMemoryFileIndex(1 paths)[s3a://goes-se-sandbox/data/warehouse/tablespace/external/hive/demo_pauldefusco.db/customers_skewed]","IsNotNull(customer_id)","customer_id:bigint,credit_score:int","isnotnull(customer_id#1950L)","",false
1,16,74,"Parquet",0,0,0,0,"InMemoryFileIndex(1 paths)[s3a://goes-se-sandbox/data/warehouse/tablespace/external/hive/demo_pauldefusco.db/customers_skewed]","IsNotNull(customer_id), IsNotNull(customer_segment), IsNotNull(risk_rating)","customer_id:bigint,credit_score:int,customer_segment:string,risk_rating:string","isnotnull(customer_id#30L), isnotnull(customer_segment#37), isnotnull(risk_rating#39)","",false
1,16,308,"Parquet",0,0,0,0,"InMemoryFileIndex(1 paths)[s3a://goes-se-sandbox/data/warehouse/tablespace/external/hive/demo_pauldefusco.db/customers_skewed]","IsNotNull(customer_id), IsNotNull(customer_segment)","customer_id:bigint,customer_segment:string","isnotnull(customer_id#1676L), isnotnull(customer_segment#1683)","",false
1,16,138,"Parquet",0,0,0,0,"InMemoryFileIndex(1 paths)[s3a://goes-se-sandbox/data/warehouse/tablespace/external/hive/demo_pauldefusco.db/customers_skewed]","IsNotNull(customer_id), IsNotNull(customer_segment), IsNotNull(risk_rating)","customer_id:bigint,customer_segment:string,risk_rating:string","isnotnull(customer_id#1152L), isnotnull(customer_segment#1159), isnotnull(risk_rating#1161)","",false
1,16,151,"Parquet",0,0,0,0,"InMemoryFileIndex(1 paths)[s3a://goes-se-sandbox/data/warehouse/tablespace/external/hive/demo_pauldefusco.db/merchants_skewed]","IsNotNull(merchant_id)","merchant_id:bigint","isnotnull(merchant_id#1172L)","",false
1,16,316,"Parquet",0,0,0,0,"InMemoryFileIndex(1 paths)[s3a://goes-se-sandbox/data/warehouse/tablespace/external/hive/demo_pauldefusco.db/merchants_skewed]","IsNotNull(merchant_id), IsNotNull(merchant_category)","merchant_id:bigint,merchant_category:string","isnotnull(merchant_id#1696L), isnotnull(merchant_category#1699)","",false
1,16,87,"Parquet",0,0,0,0,"InMemoryFileIndex(1 paths)[s3a://goes-se-sandbox/data/warehouse/tablespace/external/hive/demo_pauldefusco.db/merchants_skewed]","IsNotNull(merchant_id), IsNotNull(merchant_category), IsNotNull(region)","merchant_id:bigint,region:string,merchant_category:string","isnotnull(merchant_id#70L), isnotnull(merchant_category#73), isnotnull(region#72)","",false
1,16,231,"Parquet",0,0,0,0,"InMemoryFileIndex(1 paths)[s3a://goes-se-sandbox/data/warehouse/tablespace/external/hive/demo_pauldefusco.db/merchants_skewed]","IsNotNull(merchant_id), IsNotNull(merchant_category), IsNotNull(region)","merchant_id:bigint,region:string,merchant_category:string","isnotnull(merchant_id#70L), isnotnull(merchant_category#73), isnotnull(region#72)","",false
1,16,67,"Parquet",0,0,0,0,"InMemoryFileIndex(1 paths)[s3a://goes-se-sandbox/data/warehouse/tablespace/external/hive/demo_pauldefusco.db/trs_v25]","IsNotNull(customer_id), IsNotNull(account_id), IsNotNull(merchant_id), IsNotNull(branch_id), IsNotNull(transaction_date)","customer_id:bigint,account_id:bigint,merchant_id:bigint,branch_id:bigint,transaction_date:date,transaction_amount:double","isnotnull(customer_id#1L), isnotnull(account_id#2L), isnotnull(merchant_id#3L), isnotnull(branch_id#4L), isnotnull(transaction_date#5)","",false
1,16,131,"Parquet",0,0,0,0,"InMemoryFileIndex(1 paths)[s3a://goes-se-sandbox/data/warehouse/tablespace/external/hive/demo_pauldefusco.db/trs_v25]","IsNotNull(customer_id), IsNotNull(account_id), IsNotNull(merchant_id), IsNotNull(branch_id), IsNotNull(transaction_date)","customer_id:bigint,account_id:bigint,merchant_id:bigint,branch_id:bigint,transaction_date:date,transaction_amount:double,fraud_flag:int","isnotnull(customer_id#1138L), isnotnull(account_id#1139L), isnotnull(merchant_id#1140L), isnotnull(branch_id#1141L), isnotnull(transaction_date#1142)","",false
1,16,197,"Parquet",0,0,0,0,"InMemoryFileIndex(1 paths)[s3a://goes-se-sandbox/data/warehouse/tablespace/external/hive/demo_pauldefusco.db/trs_v25]","IsNotNull(customer_id), IsNotNull(account_id), IsNotNull(merchant_id), IsNotNull(branch_id), IsNotNull(transaction_date)","customer_id:bigint,account_id:bigint,merchant_id:bigint,branch_id:bigint,transaction_date:date,transaction_amount:double,fraud_flag:int","isnotnull(customer_id#1138L), isnotnull(account_id#1139L), isnotnull(merchant_id#1140L), isnotnull(branch_id#1141L), isnotnull(transaction_date#1142)","",false
1,16,263,"Parquet",0,0,0,0,"InMemoryFileIndex(1 paths)[s3a://goes-se-sandbox/data/warehouse/tablespace/external/hive/demo_pauldefusco.db/trs_v25]","IsNotNull(customer_id), IsNotNull(account_id), IsNotNull(merchant_id), IsNotNull(branch_id), IsNotNull(transaction_date)","customer_id:bigint,account_id:bigint,merchant_id:bigint,branch_id:bigint,transaction_date:date,transaction_amount:double,fraud_flag:int","isnotnull(customer_id#1138L), isnotnull(account_id#1139L), isnotnull(merchant_id#1140L), isnotnull(branch_id#1141L), isnotnull(transaction_date#1142)","",false
1,17,145,"Parquet",0,0,0,0,"InMemoryFileIndex(1 paths)[s3a://goes-se-sandbox/data/warehouse/tablespace/external/hive/demo_pauldefusco.db/accounts_skewed]","IsNotNull(account_id)","account_id:bigint","isnotnull(account_id#1163L)","",false
1,17,81,"Parquet",0,0,0,0,"InMemoryFileIndex(1 paths)[s3a://goes-se-sandbox/data/warehouse/tablespace/external/hive/demo_pauldefusco.db/accounts_skewed]","IsNotNull(account_id), IsNotNull(account_type)","account_id:bigint,account_type:string","isnotnull(account_id#51L), isnotnull(account_type#52)","",false
1,17,157,"Parquet",0,0,0,0,"InMemoryFileIndex(1 paths)[s3a://goes-se-sandbox/data/warehouse/tablespace/external/hive/demo_pauldefusco.db/branches_skewed]","IsNotNull(branch_id)","branch_id:bigint","isnotnull(branch_id#1182L)","",false
1,17,93,"Parquet",0,0,0,0,"InMemoryFileIndex(1 paths)[s3a://goes-se-sandbox/data/warehouse/tablespace/external/hive/demo_pauldefusco.db/branches_skewed]","IsNotNull(branch_id), IsNotNull(state), IsNotNull(region)","branch_id:bigint,state:string,region:string","isnotnull(branch_id#90L), isnotnull(state#92), isnotnull(region#93)","",false
1,17,163,"Parquet",0,0,0,0,"InMemoryFileIndex(1 paths)[s3a://goes-se-sandbox/data/warehouse/tablespace/external/hive/demo_pauldefusco.db/calendar]","IsNotNull(calendar_date)","calendar_date:date","isnotnull(calendar_date#1193)","",false
1,17,326,"Parquet",0,0,0,0,"InMemoryFileIndex(1 paths)[s3a://goes-se-sandbox/data/warehouse/tablespace/external/hive/demo_pauldefusco.db/calendar]","IsNotNull(calendar_date), IsNotNull(year), IsNotNull(month)","calendar_date:date,year:int,month:int","isnotnull(calendar_date#1717), isnotnull(year#1719), isnotnull(month#1721)","",false
1,17,277,"Parquet",0,0,0,0,"InMemoryFileIndex(1 paths)[s3a://goes-se-sandbox/data/warehouse/tablespace/external/hive/demo_pauldefusco.db/calendar]","IsNotNull(calendar_date), IsNotNull(year), IsNotNull(quarter)","calendar_date:date,year:int,quarter:int","isnotnull(calendar_date#1587), isnotnull(year#1589), isnotnull(quarter#1590)","",false
1,17,99,"Parquet",0,0,0,0,"InMemoryFileIndex(1 paths)[s3a://goes-se-sandbox/data/warehouse/tablespace/external/hive/demo_pauldefusco.db/calendar]","IsNotNull(calendar_date), IsNotNull(year), IsNotNull(quarter), IsNotNull(month)","calendar_date:date,year:int,quarter:int,month:int","isnotnull(calendar_date#112), isnotnull(year#114), isnotnull(quarter#115), isnotnull(month#116)","",false
1,17,394,"Parquet",0,0,0,0,"InMemoryFileIndex(1 paths)[s3a://goes-se-sandbox/data/warehouse/tablespace/external/hive/demo_pauldefusco.db/customers_skewed]","IsNotNull(customer_id)","customer_id:bigint,credit_score:int","isnotnull(customer_id#1950L)","",false
1,17,74,"Parquet",0,0,0,0,"InMemoryFileIndex(1 paths)[s3a://goes-se-sandbox/data/warehouse/tablespace/external/hive/demo_pauldefusco.db/customers_skewed]","IsNotNull(customer_id), IsNotNull(customer_segment), IsNotNull(risk_rating)","customer_id:bigint,credit_score:int,customer_segment:string,risk_rating:string","isnotnull(customer_id#30L), isnotnull(customer_segment#37), isnotnull(risk_rating#39)","",false
1,17,311,"Parquet",0,0,0,0,"InMemoryFileIndex(1 paths)[s3a://goes-se-sandbox/data/warehouse/tablespace/external/hive/demo_pauldefusco.db/customers_skewed]","IsNotNull(customer_id), IsNotNull(customer_segment)","customer_id:bigint,customer_segment:string","isnotnull(customer_id#1676L), isnotnull(customer_segment#1683)","",false
1,17,138,"Parquet",0,0,0,0,"InMemoryFileIndex(1 paths)[s3a://goes-se-sandbox/data/warehouse/tablespace/external/hive/demo_pauldefusco.db/customers_skewed]","IsNotNull(customer_id), IsNotNull(customer_segment), IsNotNull(risk_rating)","customer_id:bigint,customer_segment:string,risk_rating:string","isnotnull(customer_id#1152L), isnotnull(customer_segment#1159), isnotnull(risk_rating#1161)","",false
1,17,151,"Parquet",0,0,0,0,"InMemoryFileIndex(1 paths)[s3a://goes-se-sandbox/data/warehouse/tablespace/external/hive/demo_pauldefusco.db/merchants_skewed]","IsNotNull(merchant_id)","merchant_id:bigint","isnotnull(merchant_id#1172L)","",false
1,17,319,"Parquet",0,0,0,0,"InMemoryFileIndex(1 paths)[s3a://goes-se-sandbox/data/warehouse/tablespace/external/hive/demo_pauldefusco.db/merchants_skewed]","IsNotNull(merchant_id), IsNotNull(merchant_category)","merchant_id:bigint,merchant_category:string","isnotnull(merchant_id#1696L), isnotnull(merchant_category#1699)","",false
1,17,87,"Parquet",0,0,0,0,"InMemoryFileIndex(1 paths)[s3a://goes-se-sandbox/data/warehouse/tablespace/external/hive/demo_pauldefusco.db/merchants_skewed]","IsNotNull(merchant_id), IsNotNull(merchant_category), IsNotNull(region)","merchant_id:bigint,region:string,merchant_category:string","isnotnull(merchant_id#70L), isnotnull(merchant_category#73), isnotnull(region#72)","",false
1,17,231,"Parquet",0,0,0,0,"InMemoryFileIndex(1 paths)[s3a://goes-se-sandbox/data/warehouse/tablespace/external/hive/demo_pauldefusco.db/merchants_skewed]","IsNotNull(merchant_id), IsNotNull(merchant_category), IsNotNull(region)","merchant_id:bigint,region:string,merchant_category:string","isnotnull(merchant_id#70L), isnotnull(merchant_category#73), isnotnull(region#72)","",false
1,17,67,"Parquet",0,0,0,0,"InMemoryFileIndex(1 paths)[s3a://goes-se-sandbox/data/warehouse/tablespace/external/hive/demo_pauldefusco.db/trs_v25]","IsNotNull(customer_id), IsNotNull(account_id), IsNotNull(merchant_id), IsNotNull(branch_id), IsNotNull(transaction_date)","customer_id:bigint,account_id:bigint,merchant_id:bigint,branch_id:bigint,transaction_date:date,transaction_amount:double","isnotnull(customer_id#1L), isnotnull(account_id#2L), isnotnull(merchant_id#3L), isnotnull(branch_id#4L), isnotnull(transaction_date#5)","",false
1,17,131,"Parquet",0,0,0,0,"InMemoryFileIndex(1 paths)[s3a://goes-se-sandbox/data/warehouse/tablespace/external/hive/demo_pauldefusco.db/trs_v25]","IsNotNull(customer_id), IsNotNull(account_id), IsNotNull(merchant_id), IsNotNull(branch_id), IsNotNull(transaction_date)","customer_id:bigint,account_id:bigint,merchant_id:bigint,branch_id:bigint,transaction_date:date,transaction_amount:double,fraud_flag:int","isnotnull(customer_id#1138L), isnotnull(account_id#1139L), isnotnull(merchant_id#1140L), isnotnull(branch_id#1141L), isnotnull(transaction_date#1142)","",false
1,17,197,"Parquet",0,0,0,0,"InMemoryFileIndex(1 paths)[s3a://goes-se-sandbox/data/warehouse/tablespace/external/hive/demo_pauldefusco.db/trs_v25]","IsNotNull(customer_id), IsNotNull(account_id), IsNotNull(merchant_id), IsNotNull(branch_id), IsNotNull(transaction_date)","customer_id:bigint,account_id:bigint,merchant_id:bigint,branch_id:bigint,transaction_date:date,transaction_amount:double,fraud_flag:int","isnotnull(customer_id#1138L), isnotnull(account_id#1139L), isnotnull(merchant_id#1140L), isnotnull(branch_id#1141L), isnotnull(transaction_date#1142)","",false
1,17,265,"Parquet",0,0,0,0,"InMemoryFileIndex(1 paths)[s3a://goes-se-sandbox/data/warehouse/tablespace/external/hive/demo_pauldefusco.db/trs_v25]","IsNotNull(customer_id), IsNotNull(account_id), IsNotNull(merchant_id), IsNotNull(branch_id), IsNotNull(transaction_date)","customer_id:bigint,account_id:bigint,merchant_id:bigint,branch_id:bigint,transaction_date:date,transaction_amount:double,fraud_flag:int","isnotnull(customer_id#1138L), isnotnull(account_id#1139L), isnotnull(merchant_id#1140L), isnotnull(branch_id#1141L), isnotnull(transaction_date#1142)","",false
1,18,145,"Parquet",0,0,0,0,"InMemoryFileIndex(1 paths)[s3a://goes-se-sandbox/data/warehouse/tablespace/external/hive/demo_pauldefusco.db/accounts_skewed]","IsNotNull(account_id)","account_id:bigint","isnotnull(account_id#1163L)","",false
1,18,81,"Parquet",0,0,0,0,"InMemoryFileIndex(1 paths)[s3a://goes-se-sandbox/data/warehouse/tablespace/external/hive/demo_pauldefusco.db/accounts_skewed]","IsNotNull(account_id), IsNotNull(account_type)","account_id:bigint,account_type:string","isnotnull(account_id#51L), isnotnull(account_type#52)","",false
1,18,157,"Parquet",0,0,0,0,"InMemoryFileIndex(1 paths)[s3a://goes-se-sandbox/data/warehouse/tablespace/external/hive/demo_pauldefusco.db/branches_skewed]","IsNotNull(branch_id)","branch_id:bigint","isnotnull(branch_id#1182L)","",false
1,18,93,"Parquet",0,0,0,0,"InMemoryFileIndex(1 paths)[s3a://goes-se-sandbox/data/warehouse/tablespace/external/hive/demo_pauldefusco.db/branches_skewed]","IsNotNull(branch_id), IsNotNull(state), IsNotNull(region)","branch_id:bigint,state:string,region:string","isnotnull(branch_id#90L), isnotnull(state#92), isnotnull(region#93)","",false
1,18,163,"Parquet",0,0,0,0,"InMemoryFileIndex(1 paths)[s3a://goes-se-sandbox/data/warehouse/tablespace/external/hive/demo_pauldefusco.db/calendar]","IsNotNull(calendar_date)","calendar_date:date","isnotnull(calendar_date#1193)","",false
1,18,326,"Parquet",0,0,0,0,"InMemoryFileIndex(1 paths)[s3a://goes-se-sandbox/data/warehouse/tablespace/external/hive/demo_pauldefusco.db/calendar]","IsNotNull(calendar_date), IsNotNull(year), IsNotNull(month)","calendar_date:date,year:int,month:int","isnotnull(calendar_date#1717), isnotnull(year#1719), isnotnull(month#1721)","",false
1,18,277,"Parquet",0,0,0,0,"InMemoryFileIndex(1 paths)[s3a://goes-se-sandbox/data/warehouse/tablespace/external/hive/demo_pauldefusco.db/calendar]","IsNotNull(calendar_date), IsNotNull(year), IsNotNull(quarter)","calendar_date:date,year:int,quarter:int","isnotnull(calendar_date#1587), isnotnull(year#1589), isnotnull(quarter#1590)","",false
1,18,99,"Parquet",0,0,0,0,"InMemoryFileIndex(1 paths)[s3a://goes-se-sandbox/data/warehouse/tablespace/external/hive/demo_pauldefusco.db/calendar]","IsNotNull(calendar_date), IsNotNull(year), IsNotNull(quarter), IsNotNull(month)","calendar_date:date,year:int,quarter:int,month:int","isnotnull(calendar_date#112), isnotnull(year#114), isnotnull(quarter#115), isnotnull(month#116)","",false
1,18,394,"Parquet",0,0,0,0,"InMemoryFileIndex(1 paths)[s3a://goes-se-sandbox/data/warehouse/tablespace/external/hive/demo_pauldefusco.db/customers_skewed]","IsNotNull(customer_id)","customer_id:bigint,credit_score:int","isnotnull(customer_id#1950L)","",false
1,18,74,"Parquet",0,0,0,0,"InMemoryFileIndex(1 paths)[s3a://goes-se-sandbox/data/warehouse/tablespace/external/hive/demo_pauldefusco.db/customers_skewed]","IsNotNull(customer_id), IsNotNull(customer_segment), IsNotNull(risk_rating)","customer_id:bigint,credit_score:int,customer_segment:string,risk_rating:string","isnotnull(customer_id#30L), isnotnull(customer_segment#37), isnotnull(risk_rating#39)","",false
1,18,311,"Parquet",0,0,0,0,"InMemoryFileIndex(1 paths)[s3a://goes-se-sandbox/data/warehouse/tablespace/external/hive/demo_pauldefusco.db/customers_skewed]","IsNotNull(customer_id), IsNotNull(customer_segment)","customer_id:bigint,customer_segment:string","isnotnull(customer_id#1676L), isnotnull(customer_segment#1683)","",false
1,18,138,"Parquet",0,0,0,0,"InMemoryFileIndex(1 paths)[s3a://goes-se-sandbox/data/warehouse/tablespace/external/hive/demo_pauldefusco.db/customers_skewed]","IsNotNull(customer_id), IsNotNull(customer_segment), IsNotNull(risk_rating)","customer_id:bigint,customer_segment:string,risk_rating:string","isnotnull(customer_id#1152L), isnotnull(customer_segment#1159), isnotnull(risk_rating#1161)","",false
1,18,151,"Parquet",0,0,0,0,"InMemoryFileIndex(1 paths)[s3a://goes-se-sandbox/data/warehouse/tablespace/external/hive/demo_pauldefusco.db/merchants_skewed]","IsNotNull(merchant_id)","merchant_id:bigint","isnotnull(merchant_id#1172L)","",false
1,18,319,"Parquet",0,0,0,0,"InMemoryFileIndex(1 paths)[s3a://goes-se-sandbox/data/warehouse/tablespace/external/hive/demo_pauldefusco.db/merchants_skewed]","IsNotNull(merchant_id), IsNotNull(merchant_category)","merchant_id:bigint,merchant_category:string","isnotnull(merchant_id#1696L), isnotnull(merchant_category#1699)","",false
1,18,87,"Parquet",0,0,0,0,"InMemoryFileIndex(1 paths)[s3a://goes-se-sandbox/data/warehouse/tablespace/external/hive/demo_pauldefusco.db/merchants_skewed]","IsNotNull(merchant_id), IsNotNull(merchant_category), IsNotNull(region)","merchant_id:bigint,region:string,merchant_category:string","isnotnull(merchant_id#70L), isnotnull(merchant_category#73), isnotnull(region#72)","",false
1,18,231,"Parquet",0,0,0,0,"InMemoryFileIndex(1 paths)[s3a://goes-se-sandbox/data/warehouse/tablespace/external/hive/demo_pauldefusco.db/merchants_skewed]","IsNotNull(merchant_id), IsNotNull(merchant_category), IsNotNull(region)","merchant_id:bigint,region:string,merchant_category:string","isnotnull(merchant_id#70L), isnotnull(merchant_category#73), isnotnull(region#72)","",false
1,18,67,"Parquet",0,0,0,0,"InMemoryFileIndex(1 paths)[s3a://goes-se-sandbox/data/warehouse/tablespace/external/hive/demo_pauldefusco.db/trs_v25]","IsNotNull(customer_id), IsNotNull(account_id), IsNotNull(merchant_id), IsNotNull(branch_id), IsNotNull(transaction_date)","customer_id:bigint,account_id:bigint,merchant_id:bigint,branch_id:bigint,transaction_date:date,transaction_amount:double","isnotnull(customer_id#1L), isnotnull(account_id#2L), isnotnull(merchant_id#3L), isnotnull(branch_id#4L), isnotnull(transaction_date#5)","",false
1,18,131,"Parquet",0,0,0,0,"InMemoryFileIndex(1 paths)[s3a://goes-se-sandbox/data/warehouse/tablespace/external/hive/demo_pauldefusco.db/trs_v25]","IsNotNull(customer_id), IsNotNull(account_id), IsNotNull(merchant_id), IsNotNull(branch_id), IsNotNull(transaction_date)","customer_id:bigint,account_id:bigint,merchant_id:bigint,branch_id:bigint,transaction_date:date,transaction_amount:double,fraud_flag:int","isnotnull(customer_id#1138L), isnotnull(account_id#1139L), isnotnull(merchant_id#1140L), isnotnull(branch_id#1141L), isnotnull(transaction_date#1142)","",false
1,18,197,"Parquet",0,0,0,0,"InMemoryFileIndex(1 paths)[s3a://goes-se-sandbox/data/warehouse/tablespace/external/hive/demo_pauldefusco.db/trs_v25]","IsNotNull(customer_id), IsNotNull(account_id), IsNotNull(merchant_id), IsNotNull(branch_id), IsNotNull(transaction_date)","customer_id:bigint,account_id:bigint,merchant_id:bigint,branch_id:bigint,transaction_date:date,transaction_amount:double,fraud_flag:int","isnotnull(customer_id#1138L), isnotnull(account_id#1139L), isnotnull(merchant_id#1140L), isnotnull(branch_id#1141L), isnotnull(transaction_date#1142)","",false
1,18,265,"Parquet",0,0,0,0,"InMemoryFileIndex(1 paths)[s3a://goes-se-sandbox/data/warehouse/tablespace/external/hive/demo_pauldefusco.db/trs_v25]","IsNotNull(customer_id), IsNotNull(account_id), IsNotNull(merchant_id), IsNotNull(branch_id), IsNotNull(transaction_date)","customer_id:bigint,account_id:bigint,merchant_id:bigint,branch_id:bigint,transaction_date:date,transaction_amount:double,fraud_flag:int","isnotnull(customer_id#1138L), isnotnull(account_id#1139L), isnotnull(merchant_id#1140L), isnotnull(branch_id#1141L), isnotnull(transaction_date#1142)","",false
1,19,150,"Parquet",0,0,0,0,"InMemoryFileIndex(1 paths)[s3a://goes-se-sandbox/data/warehouse/tablespace/external/hive/demo_pauldefusco.db/accounts_skewed]","IsNotNull(account_id)","account_id:bigint","isnotnull(account_id#1163L)","",false
1,19,84,"Parquet",0,0,0,0,"InMemoryFileIndex(1 paths)[s3a://goes-se-sandbox/data/warehouse/tablespace/external/hive/demo_pauldefusco.db/accounts_skewed]","IsNotNull(account_id), IsNotNull(account_type)","account_id:bigint,account_type:string","isnotnull(account_id#51L), isnotnull(account_type#52)","",false
1,19,162,"Parquet",0,0,0,0,"InMemoryFileIndex(1 paths)[s3a://goes-se-sandbox/data/warehouse/tablespace/external/hive/demo_pauldefusco.db/branches_skewed]","IsNotNull(branch_id)","branch_id:bigint","isnotnull(branch_id#1182L)","",false
1,19,98,"Parquet",0,0,0,0,"InMemoryFileIndex(1 paths)[s3a://goes-se-sandbox/data/warehouse/tablespace/external/hive/demo_pauldefusco.db/branches_skewed]","IsNotNull(branch_id), IsNotNull(state), IsNotNull(region)","branch_id:bigint,state:string,region:string","isnotnull(branch_id#90L), isnotnull(state#92), isnotnull(region#93)","",false
1,19,168,"Parquet",0,0,0,0,"InMemoryFileIndex(1 paths)[s3a://goes-se-sandbox/data/warehouse/tablespace/external/hive/demo_pauldefusco.db/calendar]","IsNotNull(calendar_date)","calendar_date:date","isnotnull(calendar_date#1193)","",false
1,19,331,"Parquet",0,0,0,0,"InMemoryFileIndex(1 paths)[s3a://goes-se-sandbox/data/warehouse/tablespace/external/hive/demo_pauldefusco.db/calendar]","IsNotNull(calendar_date), IsNotNull(year), IsNotNull(month)","calendar_date:date,year:int,month:int","isnotnull(calendar_date#1717), isnotnull(year#1719), isnotnull(month#1721)","",false
1,19,282,"Parquet",0,0,0,0,"InMemoryFileIndex(1 paths)[s3a://goes-se-sandbox/data/warehouse/tablespace/external/hive/demo_pauldefusco.db/calendar]","IsNotNull(calendar_date), IsNotNull(year), IsNotNull(quarter)","calendar_date:date,year:int,quarter:int","isnotnull(calendar_date#1587), isnotnull(year#1589), isnotnull(quarter#1590)","",false
1,19,104,"Parquet",0,0,0,0,"InMemoryFileIndex(1 paths)[s3a://goes-se-sandbox/data/warehouse/tablespace/external/hive/demo_pauldefusco.db/calendar]","IsNotNull(calendar_date), IsNotNull(year), IsNotNull(quarter), IsNotNull(month)","calendar_date:date,year:int,quarter:int,month:int","isnotnull(calendar_date#112), isnotnull(year#114), isnotnull(quarter#115), isnotnull(month#116)","",false
1,19,399,"Parquet",0,0,0,0,"InMemoryFileIndex(1 paths)[s3a://goes-se-sandbox/data/warehouse/tablespace/external/hive/demo_pauldefusco.db/customers_skewed]","IsNotNull(customer_id)","customer_id:bigint,credit_score:int","isnotnull(customer_id#1950L)","",false
1,19,77,"Parquet",0,0,0,0,"InMemoryFileIndex(1 paths)[s3a://goes-se-sandbox/data/warehouse/tablespace/external/hive/demo_pauldefusco.db/customers_skewed]","IsNotNull(customer_id), IsNotNull(customer_segment), IsNotNull(risk_rating)","customer_id:bigint,credit_score:int,customer_segment:string,risk_rating:string","isnotnull(customer_id#30L), isnotnull(customer_segment#37), isnotnull(risk_rating#39)","",false
1,19,316,"Parquet",0,0,0,0,"InMemoryFileIndex(1 paths)[s3a://goes-se-sandbox/data/warehouse/tablespace/external/hive/demo_pauldefusco.db/customers_skewed]","IsNotNull(customer_id), IsNotNull(customer_segment)","customer_id:bigint,customer_segment:string","isnotnull(customer_id#1676L), isnotnull(customer_segment#1683)","",false
1,19,143,"Parquet",0,0,0,0,"InMemoryFileIndex(1 paths)[s3a://goes-se-sandbox/data/warehouse/tablespace/external/hive/demo_pauldefusco.db/customers_skewed]","IsNotNull(customer_id), IsNotNull(customer_segment), IsNotNull(risk_rating)","customer_id:bigint,customer_segment:string,risk_rating:string","isnotnull(customer_id#1152L), isnotnull(customer_segment#1159), isnotnull(risk_rating#1161)","",false
1,19,156,"Parquet",0,0,0,0,"InMemoryFileIndex(1 paths)[s3a://goes-se-sandbox/data/warehouse/tablespace/external/hive/demo_pauldefusco.db/merchants_skewed]","IsNotNull(merchant_id)","merchant_id:bigint","isnotnull(merchant_id#1172L)","",false
1,19,324,"Parquet",0,0,0,0,"InMemoryFileIndex(1 paths)[s3a://goes-se-sandbox/data/warehouse/tablespace/external/hive/demo_pauldefusco.db/merchants_skewed]","IsNotNull(merchant_id), IsNotNull(merchant_category)","merchant_id:bigint,merchant_category:string","isnotnull(merchant_id#1696L), isnotnull(merchant_category#1699)","",false
1,19,92,"Parquet",0,0,0,0,"InMemoryFileIndex(1 paths)[s3a://goes-se-sandbox/data/warehouse/tablespace/external/hive/demo_pauldefusco.db/merchants_skewed]","IsNotNull(merchant_id), IsNotNull(merchant_category), IsNotNull(region)","merchant_id:bigint,region:string,merchant_category:string","isnotnull(merchant_id#70L), isnotnull(merchant_category#73), isnotnull(region#72)","",false
1,19,236,"Parquet",0,0,0,0,"InMemoryFileIndex(1 paths)[s3a://goes-se-sandbox/data/warehouse/tablespace/external/hive/demo_pauldefusco.db/merchants_skewed]","IsNotNull(merchant_id), IsNotNull(merchant_category), IsNotNull(region)","merchant_id:bigint,region:string,merchant_category:string","isnotnull(merchant_id#70L), isnotnull(merchant_category#73), isnotnull(region#72)","",false
1,19,70,"Parquet",0,0,0,0,"InMemoryFileIndex(1 paths)[s3a://goes-se-sandbox/data/warehouse/tablespace/external/hive/demo_pauldefusco.db/trs_v25]","IsNotNull(customer_id), IsNotNull(account_id), IsNotNull(merchant_id), IsNotNull(branch_id), IsNotNull(transaction_date)","customer_id:bigint,account_id:bigint,merchant_id:bigint,branch_id:bigint,transaction_date:date,transaction_amount:double","isnotnull(customer_id#1L), isnotnull(account_id#2L), isnotnull(merchant_id#3L), isnotnull(branch_id#4L), isnotnull(transaction_date#5)","",false
1,19,136,"Parquet",0,0,0,0,"InMemoryFileIndex(1 paths)[s3a://goes-se-sandbox/data/warehouse/tablespace/external/hive/demo_pauldefusco.db/trs_v25]","IsNotNull(customer_id), IsNotNull(account_id), IsNotNull(merchant_id), IsNotNull(branch_id), IsNotNull(transaction_date)","customer_id:bigint,account_id:bigint,merchant_id:bigint,branch_id:bigint,transaction_date:date,transaction_amount:double,fraud_flag:int","isnotnull(customer_id#1138L), isnotnull(account_id#1139L), isnotnull(merchant_id#1140L), isnotnull(branch_id#1141L), isnotnull(transaction_date#1142)","",false
1,19,202,"Parquet",0,0,0,0,"InMemoryFileIndex(1 paths)[s3a://goes-se-sandbox/data/warehouse/tablespace/external/hive/demo_pauldefusco.db/trs_v25]","IsNotNull(customer_id), IsNotNull(account_id), IsNotNull(merchant_id), IsNotNull(branch_id), IsNotNull(transaction_date)","customer_id:bigint,account_id:bigint,merchant_id:bigint,branch_id:bigint,transaction_date:date,transaction_amount:double,fraud_flag:int","isnotnull(customer_id#1138L), isnotnull(account_id#1139L), isnotnull(merchant_id#1140L), isnotnull(branch_id#1141L), isnotnull(transaction_date#1142)","",false
1,19,270,"Parquet",0,0,0,0,"InMemoryFileIndex(1 paths)[s3a://goes-se-sandbox/data/warehouse/tablespace/external/hive/demo_pauldefusco.db/trs_v25]","IsNotNull(customer_id), IsNotNull(account_id), IsNotNull(merchant_id), IsNotNull(branch_id), IsNotNull(transaction_date)","customer_id:bigint,account_id:bigint,merchant_id:bigint,branch_id:bigint,transaction_date:date,transaction_amount:double,fraud_flag:int","isnotnull(customer_id#1138L), isnotnull(account_id#1139L), isnotnull(merchant_id#1140L), isnotnull(branch_id#1141L), isnotnull(transaction_date#1142)","",false
1,20,150,"Parquet",0,0,0,0,"InMemoryFileIndex(1 paths)[s3a://goes-se-sandbox/data/warehouse/tablespace/external/hive/demo_pauldefusco.db/accounts_skewed]","IsNotNull(account_id)","account_id:bigint","isnotnull(account_id#1163L)","",false
1,20,84,"Parquet",0,0,0,0,"InMemoryFileIndex(1 paths)[s3a://goes-se-sandbox/data/warehouse/tablespace/external/hive/demo_pauldefusco.db/accounts_skewed]","IsNotNull(account_id), IsNotNull(account_type)","account_id:bigint,account_type:string","isnotnull(account_id#51L), isnotnull(account_type#52)","",false
1,20,162,"Parquet",0,0,0,0,"InMemoryFileIndex(1 paths)[s3a://goes-se-sandbox/data/warehouse/tablespace/external/hive/demo_pauldefusco.db/branches_skewed]","IsNotNull(branch_id)","branch_id:bigint","isnotnull(branch_id#1182L)","",false
1,20,98,"Parquet",0,0,0,0,"InMemoryFileIndex(1 paths)[s3a://goes-se-sandbox/data/warehouse/tablespace/external/hive/demo_pauldefusco.db/branches_skewed]","IsNotNull(branch_id), IsNotNull(state), IsNotNull(region)","branch_id:bigint,state:string,region:string","isnotnull(branch_id#90L), isnotnull(state#92), isnotnull(region#93)","",false
1,20,168,"Parquet",0,0,0,0,"InMemoryFileIndex(1 paths)[s3a://goes-se-sandbox/data/warehouse/tablespace/external/hive/demo_pauldefusco.db/calendar]","IsNotNull(calendar_date)","calendar_date:date","isnotnull(calendar_date#1193)","",false
1,20,331,"Parquet",0,0,0,0,"InMemoryFileIndex(1 paths)[s3a://goes-se-sandbox/data/warehouse/tablespace/external/hive/demo_pauldefusco.db/calendar]","IsNotNull(calendar_date), IsNotNull(year), IsNotNull(month)","calendar_date:date,year:int,month:int","isnotnull(calendar_date#1717), isnotnull(year#1719), isnotnull(month#1721)","",false
1,20,282,"Parquet",0,0,0,0,"InMemoryFileIndex(1 paths)[s3a://goes-se-sandbox/data/warehouse/tablespace/external/hive/demo_pauldefusco.db/calendar]","IsNotNull(calendar_date), IsNotNull(year), IsNotNull(quarter)","calendar_date:date,year:int,quarter:int","isnotnull(calendar_date#1587), isnotnull(year#1589), isnotnull(quarter#1590)","",false
1,20,104,"Parquet",0,0,0,0,"InMemoryFileIndex(1 paths)[s3a://goes-se-sandbox/data/warehouse/tablespace/external/hive/demo_pauldefusco.db/calendar]","IsNotNull(calendar_date), IsNotNull(year), IsNotNull(quarter), IsNotNull(month)","calendar_date:date,year:int,quarter:int,month:int","isnotnull(calendar_date#112), isnotnull(year#114), isnotnull(quarter#115), isnotnull(month#116)","",false
1,20,399,"Parquet",0,0,0,0,"InMemoryFileIndex(1 paths)[s3a://goes-se-sandbox/data/warehouse/tablespace/external/hive/demo_pauldefusco.db/customers_skewed]","IsNotNull(customer_id)","customer_id:bigint,credit_score:int","isnotnull(customer_id#1950L)","",false
1,20,77,"Parquet",0,0,0,0,"InMemoryFileIndex(1 paths)[s3a://goes-se-sandbox/data/warehouse/tablespace/external/hive/demo_pauldefusco.db/customers_skewed]","IsNotNull(customer_id), IsNotNull(customer_segment), IsNotNull(risk_rating)","customer_id:bigint,credit_score:int,customer_segment:string,risk_rating:string","isnotnull(customer_id#30L), isnotnull(customer_segment#37), isnotnull(risk_rating#39)","",false
1,20,316,"Parquet",0,0,0,0,"InMemoryFileIndex(1 paths)[s3a://goes-se-sandbox/data/warehouse/tablespace/external/hive/demo_pauldefusco.db/customers_skewed]","IsNotNull(customer_id), IsNotNull(customer_segment)","customer_id:bigint,customer_segment:string","isnotnull(customer_id#1676L), isnotnull(customer_segment#1683)","",false
1,20,143,"Parquet",0,0,0,0,"InMemoryFileIndex(1 paths)[s3a://goes-se-sandbox/data/warehouse/tablespace/external/hive/demo_pauldefusco.db/customers_skewed]","IsNotNull(customer_id), IsNotNull(customer_segment), IsNotNull(risk_rating)","customer_id:bigint,customer_segment:string,risk_rating:string","isnotnull(customer_id#1152L), isnotnull(customer_segment#1159), isnotnull(risk_rating#1161)","",false
1,20,156,"Parquet",0,0,0,0,"InMemoryFileIndex(1 paths)[s3a://goes-se-sandbox/data/warehouse/tablespace/external/hive/demo_pauldefusco.db/merchants_skewed]","IsNotNull(merchant_id)","merchant_id:bigint","isnotnull(merchant_id#1172L)","",false
1,20,324,"Parquet",0,0,0,0,"InMemoryFileIndex(1 paths)[s3a://goes-se-sandbox/data/warehouse/tablespace/external/hive/demo_pauldefusco.db/merchants_skewed]","IsNotNull(merchant_id), IsNotNull(merchant_category)","merchant_id:bigint,merchant_category:string","isnotnull(merchant_id#1696L), isnotnull(merchant_category#1699)","",false
1,20,92,"Parquet",0,0,0,0,"InMemoryFileIndex(1 paths)[s3a://goes-se-sandbox/data/warehouse/tablespace/external/hive/demo_pauldefusco.db/merchants_skewed]","IsNotNull(merchant_id), IsNotNull(merchant_category), IsNotNull(region)","merchant_id:bigint,region:string,merchant_category:string","isnotnull(merchant_id#70L), isnotnull(merchant_category#73), isnotnull(region#72)","",false
1,20,236,"Parquet",0,0,0,0,"InMemoryFileIndex(1 paths)[s3a://goes-se-sandbox/data/warehouse/tablespace/external/hive/demo_pauldefusco.db/merchants_skewed]","IsNotNull(merchant_id), IsNotNull(merchant_category), IsNotNull(region)","merchant_id:bigint,region:string,merchant_category:string","isnotnull(merchant_id#70L), isnotnull(merchant_category#73), isnotnull(region#72)","",false
1,20,70,"Parquet",0,0,0,0,"InMemoryFileIndex(1 paths)[s3a://goes-se-sandbox/data/warehouse/tablespace/external/hive/demo_pauldefusco.db/trs_v25]","IsNotNull(customer_id), IsNotNull(account_id), IsNotNull(merchant_id), IsNotNull(branch_id), IsNotNull(transaction_date)","customer_id:bigint,account_id:bigint,merchant_id:bigint,branch_id:bigint,transaction_date:date,transaction_amount:double","isnotnull(customer_id#1L), isnotnull(account_id#2L), isnotnull(merchant_id#3L), isnotnull(branch_id#4L), isnotnull(transaction_date#5)","",false
1,20,136,"Parquet",0,0,0,0,"InMemoryFileIndex(1 paths)[s3a://goes-se-sandbox/data/warehouse/tablespace/external/hive/demo_pauldefusco.db/trs_v25]","IsNotNull(customer_id), IsNotNull(account_id), IsNotNull(merchant_id), IsNotNull(branch_id), IsNotNull(transaction_date)","customer_id:bigint,account_id:bigint,merchant_id:bigint,branch_id:bigint,transaction_date:date,transaction_amount:double,fraud_flag:int","isnotnull(customer_id#1138L), isnotnull(account_id#1139L), isnotnull(merchant_id#1140L), isnotnull(branch_id#1141L), isnotnull(transaction_date#1142)","",false
1,20,202,"Parquet",0,0,0,0,"InMemoryFileIndex(1 paths)[s3a://goes-se-sandbox/data/warehouse/tablespace/external/hive/demo_pauldefusco.db/trs_v25]","IsNotNull(customer_id), IsNotNull(account_id), IsNotNull(merchant_id), IsNotNull(branch_id), IsNotNull(transaction_date)","customer_id:bigint,account_id:bigint,merchant_id:bigint,branch_id:bigint,transaction_date:date,transaction_amount:double,fraud_flag:int","isnotnull(customer_id#1138L), isnotnull(account_id#1139L), isnotnull(merchant_id#1140L), isnotnull(branch_id#1141L), isnotnull(transaction_date#1142)","",false
1,20,270,"Parquet",0,0,0,0,"InMemoryFileIndex(1 paths)[s3a://goes-se-sandbox/data/warehouse/tablespace/external/hive/demo_pauldefusco.db/trs_v25]","IsNotNull(customer_id), IsNotNull(account_id), IsNotNull(merchant_id), IsNotNull(branch_id), IsNotNull(transaction_date)","customer_id:bigint,account_id:bigint,merchant_id:bigint,branch_id:bigint,transaction_date:date,transaction_amount:double,fraud_flag:int","isnotnull(customer_id#1138L), isnotnull(account_id#1139L), isnotnull(merchant_id#1140L), isnotnull(branch_id#1141L), isnotnull(transaction_date#1142)","",false
1,21,150,"Parquet",0,0,0,0,"InMemoryFileIndex(1 paths)[s3a://goes-se-sandbox/data/warehouse/tablespace/external/hive/demo_pauldefusco.db/accounts_skewed]","IsNotNull(account_id)","account_id:bigint","isnotnull(account_id#1163L)","",false
1,21,84,"Parquet",0,0,0,0,"InMemoryFileIndex(1 paths)[s3a://goes-se-sandbox/data/warehouse/tablespace/external/hive/demo_pauldefusco.db/accounts_skewed]","IsNotNull(account_id), IsNotNull(account_type)","account_id:bigint,account_type:string","isnotnull(account_id#51L), isnotnull(account_type#52)","",false
1,21,162,"Parquet",0,0,0,0,"InMemoryFileIndex(1 paths)[s3a://goes-se-sandbox/data/warehouse/tablespace/external/hive/demo_pauldefusco.db/branches_skewed]","IsNotNull(branch_id)","branch_id:bigint","isnotnull(branch_id#1182L)","",false
1,21,98,"Parquet",0,0,0,0,"InMemoryFileIndex(1 paths)[s3a://goes-se-sandbox/data/warehouse/tablespace/external/hive/demo_pauldefusco.db/branches_skewed]","IsNotNull(branch_id), IsNotNull(state), IsNotNull(region)","branch_id:bigint,state:string,region:string","isnotnull(branch_id#90L), isnotnull(state#92), isnotnull(region#93)","",false
1,21,168,"Parquet",0,0,0,0,"InMemoryFileIndex(1 paths)[s3a://goes-se-sandbox/data/warehouse/tablespace/external/hive/demo_pauldefusco.db/calendar]","IsNotNull(calendar_date)","calendar_date:date","isnotnull(calendar_date#1193)","",false
1,21,331,"Parquet",0,0,0,0,"InMemoryFileIndex(1 paths)[s3a://goes-se-sandbox/data/warehouse/tablespace/external/hive/demo_pauldefusco.db/calendar]","IsNotNull(calendar_date), IsNotNull(year), IsNotNull(month)","calendar_date:date,year:int,month:int","isnotnull(calendar_date#1717), isnotnull(year#1719), isnotnull(month#1721)","",false
1,21,282,"Parquet",0,0,0,0,"InMemoryFileIndex(1 paths)[s3a://goes-se-sandbox/data/warehouse/tablespace/external/hive/demo_pauldefusco.db/calendar]","IsNotNull(calendar_date), IsNotNull(year), IsNotNull(quarter)","calendar_date:date,year:int,quarter:int","isnotnull(calendar_date#1587), isnotnull(year#1589), isnotnull(quarter#1590)","",false
1,21,104,"Parquet",0,0,0,0,"InMemoryFileIndex(1 paths)[s3a://goes-se-sandbox/data/warehouse/tablespace/external/hive/demo_pauldefusco.db/calendar]","IsNotNull(calendar_date), IsNotNull(year), IsNotNull(quarter), IsNotNull(month)","calendar_date:date,year:int,quarter:int,month:int","isnotnull(calendar_date#112), isnotnull(year#114), isnotnull(quarter#115), isnotnull(month#116)","",false
1,21,404,"Parquet",0,0,0,0,"InMemoryFileIndex(1 paths)[s3a://goes-se-sandbox/data/warehouse/tablespace/external/hive/demo_pauldefusco.db/customers_skewed]","IsNotNull(customer_id)","customer_id:bigint,credit_score:int","isnotnull(customer_id#1950L)","",false
1,21,77,"Parquet",0,0,0,0,"InMemoryFileIndex(1 paths)[s3a://goes-se-sandbox/data/warehouse/tablespace/external/hive/demo_pauldefusco.db/customers_skewed]","IsNotNull(customer_id), IsNotNull(customer_segment), IsNotNull(risk_rating)","customer_id:bigint,credit_score:int,customer_segment:string,risk_rating:string","isnotnull(customer_id#30L), isnotnull(customer_segment#37), isnotnull(risk_rating#39)","",false
1,21,316,"Parquet",0,0,0,0,"InMemoryFileIndex(1 paths)[s3a://goes-se-sandbox/data/warehouse/tablespace/external/hive/demo_pauldefusco.db/customers_skewed]","IsNotNull(customer_id), IsNotNull(customer_segment)","customer_id:bigint,customer_segment:string","isnotnull(customer_id#1676L), isnotnull(customer_segment#1683)","",false
1,21,143,"Parquet",0,0,0,0,"InMemoryFileIndex(1 paths)[s3a://goes-se-sandbox/data/warehouse/tablespace/external/hive/demo_pauldefusco.db/customers_skewed]","IsNotNull(customer_id), IsNotNull(customer_segment), IsNotNull(risk_rating)","customer_id:bigint,customer_segment:string,risk_rating:string","isnotnull(customer_id#1152L), isnotnull(customer_segment#1159), isnotnull(risk_rating#1161)","",false
1,21,156,"Parquet",0,0,0,0,"InMemoryFileIndex(1 paths)[s3a://goes-se-sandbox/data/warehouse/tablespace/external/hive/demo_pauldefusco.db/merchants_skewed]","IsNotNull(merchant_id)","merchant_id:bigint","isnotnull(merchant_id#1172L)","",false
1,21,324,"Parquet",0,0,0,0,"InMemoryFileIndex(1 paths)[s3a://goes-se-sandbox/data/warehouse/tablespace/external/hive/demo_pauldefusco.db/merchants_skewed]","IsNotNull(merchant_id), IsNotNull(merchant_category)","merchant_id:bigint,merchant_category:string","isnotnull(merchant_id#1696L), isnotnull(merchant_category#1699)","",false
1,21,92,"Parquet",0,0,0,0,"InMemoryFileIndex(1 paths)[s3a://goes-se-sandbox/data/warehouse/tablespace/external/hive/demo_pauldefusco.db/merchants_skewed]","IsNotNull(merchant_id), IsNotNull(merchant_category), IsNotNull(region)","merchant_id:bigint,region:string,merchant_category:string","isnotnull(merchant_id#70L), isnotnull(merchant_category#73), isnotnull(region#72)","",false
1,21,236,"Parquet",0,0,0,0,"InMemoryFileIndex(1 paths)[s3a://goes-se-sandbox/data/warehouse/tablespace/external/hive/demo_pauldefusco.db/merchants_skewed]","IsNotNull(merchant_id), IsNotNull(merchant_category), IsNotNull(region)","merchant_id:bigint,region:string,merchant_category:string","isnotnull(merchant_id#70L), isnotnull(merchant_category#73), isnotnull(region#72)","",false
1,21,70,"Parquet",0,0,0,0,"InMemoryFileIndex(1 paths)[s3a://goes-se-sandbox/data/warehouse/tablespace/external/hive/demo_pauldefusco.db/trs_v25]","IsNotNull(customer_id), IsNotNull(account_id), IsNotNull(merchant_id), IsNotNull(branch_id), IsNotNull(transaction_date)","customer_id:bigint,account_id:bigint,merchant_id:bigint,branch_id:bigint,transaction_date:date,transaction_amount:double","isnotnull(customer_id#1L), isnotnull(account_id#2L), isnotnull(merchant_id#3L), isnotnull(branch_id#4L), isnotnull(transaction_date#5)","",false
1,21,136,"Parquet",0,0,0,0,"InMemoryFileIndex(1 paths)[s3a://goes-se-sandbox/data/warehouse/tablespace/external/hive/demo_pauldefusco.db/trs_v25]","IsNotNull(customer_id), IsNotNull(account_id), IsNotNull(merchant_id), IsNotNull(branch_id), IsNotNull(transaction_date)","customer_id:bigint,account_id:bigint,merchant_id:bigint,branch_id:bigint,transaction_date:date,transaction_amount:double,fraud_flag:int","isnotnull(customer_id#1138L), isnotnull(account_id#1139L), isnotnull(merchant_id#1140L), isnotnull(branch_id#1141L), isnotnull(transaction_date#1142)","",false
1,21,202,"Parquet",0,0,0,0,"InMemoryFileIndex(1 paths)[s3a://goes-se-sandbox/data/warehouse/tablespace/external/hive/demo_pauldefusco.db/trs_v25]","IsNotNull(customer_id), IsNotNull(account_id), IsNotNull(merchant_id), IsNotNull(branch_id), IsNotNull(transaction_date)","customer_id:bigint,account_id:bigint,merchant_id:bigint,branch_id:bigint,transaction_date:date,transaction_amount:double,fraud_flag:int","isnotnull(customer_id#1138L), isnotnull(account_id#1139L), isnotnull(merchant_id#1140L), isnotnull(branch_id#1141L), isnotnull(transaction_date#1142)","",false
1,21,270,"Parquet",0,0,0,0,"InMemoryFileIndex(1 paths)[s3a://goes-se-sandbox/data/warehouse/tablespace/external/hive/demo_pauldefusco.db/trs_v25]","IsNotNull(customer_id), IsNotNull(account_id), IsNotNull(merchant_id), IsNotNull(branch_id), IsNotNull(transaction_date)","customer_id:bigint,account_id:bigint,merchant_id:bigint,branch_id:bigint,transaction_date:date,transaction_amount:double,fraud_flag:int","isnotnull(customer_id#1138L), isnotnull(account_id#1139L), isnotnull(merchant_id#1140L), isnotnull(branch_id#1141L), isnotnull(transaction_date#1142)","",false
1,22,153,"Parquet",0,0,0,0,"InMemoryFileIndex(1 paths)[s3a://goes-se-sandbox/data/warehouse/tablespace/external/hive/demo_pauldefusco.db/accounts_skewed]","IsNotNull(account_id)","account_id:bigint","isnotnull(account_id#1163L)","",false
1,22,84,"Parquet",0,0,0,0,"InMemoryFileIndex(1 paths)[s3a://goes-se-sandbox/data/warehouse/tablespace/external/hive/demo_pauldefusco.db/accounts_skewed]","IsNotNull(account_id), IsNotNull(account_type)","account_id:bigint,account_type:string","isnotnull(account_id#51L), isnotnull(account_type#52)","",false
1,22,167,"Parquet",0,0,0,0,"InMemoryFileIndex(1 paths)[s3a://goes-se-sandbox/data/warehouse/tablespace/external/hive/demo_pauldefusco.db/branches_skewed]","IsNotNull(branch_id)","branch_id:bigint","isnotnull(branch_id#1182L)","",false
1,22,98,"Parquet",0,0,0,0,"InMemoryFileIndex(1 paths)[s3a://goes-se-sandbox/data/warehouse/tablespace/external/hive/demo_pauldefusco.db/branches_skewed]","IsNotNull(branch_id), IsNotNull(state), IsNotNull(region)","branch_id:bigint,state:string,region:string","isnotnull(branch_id#90L), isnotnull(state#92), isnotnull(region#93)","",false
1,22,173,"Parquet",0,0,0,0,"InMemoryFileIndex(1 paths)[s3a://goes-se-sandbox/data/warehouse/tablespace/external/hive/demo_pauldefusco.db/calendar]","IsNotNull(calendar_date)","calendar_date:date","isnotnull(calendar_date#1193)","",false
1,22,336,"Parquet",0,0,0,0,"InMemoryFileIndex(1 paths)[s3a://goes-se-sandbox/data/warehouse/tablespace/external/hive/demo_pauldefusco.db/calendar]","IsNotNull(calendar_date), IsNotNull(year), IsNotNull(month)","calendar_date:date,year:int,month:int","isnotnull(calendar_date#1717), isnotnull(year#1719), isnotnull(month#1721)","",false
1,22,287,"Parquet",0,0,0,0,"InMemoryFileIndex(1 paths)[s3a://goes-se-sandbox/data/warehouse/tablespace/external/hive/demo_pauldefusco.db/calendar]","IsNotNull(calendar_date), IsNotNull(year), IsNotNull(quarter)","calendar_date:date,year:int,quarter:int","isnotnull(calendar_date#1587), isnotnull(year#1589), isnotnull(quarter#1590)","",false
1,22,104,"Parquet",0,0,0,0,"InMemoryFileIndex(1 paths)[s3a://goes-se-sandbox/data/warehouse/tablespace/external/hive/demo_pauldefusco.db/calendar]","IsNotNull(calendar_date), IsNotNull(year), IsNotNull(quarter), IsNotNull(month)","calendar_date:date,year:int,quarter:int,month:int","isnotnull(calendar_date#112), isnotnull(year#114), isnotnull(quarter#115), isnotnull(month#116)","",false
1,22,409,"Parquet",0,0,0,0,"InMemoryFileIndex(1 paths)[s3a://goes-se-sandbox/data/warehouse/tablespace/external/hive/demo_pauldefusco.db/customers_skewed]","IsNotNull(customer_id)","customer_id:bigint,credit_score:int","isnotnull(customer_id#1950L)","",false
1,22,77,"Parquet",0,0,0,0,"InMemoryFileIndex(1 paths)[s3a://goes-se-sandbox/data/warehouse/tablespace/external/hive/demo_pauldefusco.db/customers_skewed]","IsNotNull(customer_id), IsNotNull(customer_segment), IsNotNull(risk_rating)","customer_id:bigint,credit_score:int,customer_segment:string,risk_rating:string","isnotnull(customer_id#30L), isnotnull(customer_segment#37), isnotnull(risk_rating#39)","",false
1,22,321,"Parquet",0,0,0,0,"InMemoryFileIndex(1 paths)[s3a://goes-se-sandbox/data/warehouse/tablespace/external/hive/demo_pauldefusco.db/customers_skewed]","IsNotNull(customer_id), IsNotNull(customer_segment)","customer_id:bigint,customer_segment:string","isnotnull(customer_id#1676L), isnotnull(customer_segment#1683)","",false
1,22,146,"Parquet",0,0,0,0,"InMemoryFileIndex(1 paths)[s3a://goes-se-sandbox/data/warehouse/tablespace/external/hive/demo_pauldefusco.db/customers_skewed]","IsNotNull(customer_id), IsNotNull(customer_segment), IsNotNull(risk_rating)","customer_id:bigint,customer_segment:string,risk_rating:string","isnotnull(customer_id#1152L), isnotnull(customer_segment#1159), isnotnull(risk_rating#1161)","",false
1,22,161,"Parquet",0,0,0,0,"InMemoryFileIndex(1 paths)[s3a://goes-se-sandbox/data/warehouse/tablespace/external/hive/demo_pauldefusco.db/merchants_skewed]","IsNotNull(merchant_id)","merchant_id:bigint","isnotnull(merchant_id#1172L)","",false
1,22,329,"Parquet",0,0,0,0,"InMemoryFileIndex(1 paths)[s3a://goes-se-sandbox/data/warehouse/tablespace/external/hive/demo_pauldefusco.db/merchants_skewed]","IsNotNull(merchant_id), IsNotNull(merchant_category)","merchant_id:bigint,merchant_category:string","isnotnull(merchant_id#1696L), isnotnull(merchant_category#1699)","",false
1,22,92,"Parquet",0,0,0,0,"InMemoryFileIndex(1 paths)[s3a://goes-se-sandbox/data/warehouse/tablespace/external/hive/demo_pauldefusco.db/merchants_skewed]","IsNotNull(merchant_id), IsNotNull(merchant_category), IsNotNull(region)","merchant_id:bigint,region:string,merchant_category:string","isnotnull(merchant_id#70L), isnotnull(merchant_category#73), isnotnull(region#72)","",false
1,22,241,"Parquet",0,0,0,0,"InMemoryFileIndex(1 paths)[s3a://goes-se-sandbox/data/warehouse/tablespace/external/hive/demo_pauldefusco.db/merchants_skewed]","IsNotNull(merchant_id), IsNotNull(merchant_category), IsNotNull(region)","merchant_id:bigint,region:string,merchant_category:string","isnotnull(merchant_id#70L), isnotnull(merchant_category#73), isnotnull(region#72)","",false
1,22,70,"Parquet",0,0,0,0,"InMemoryFileIndex(1 paths)[s3a://goes-se-sandbox/data/warehouse/tablespace/external/hive/demo_pauldefusco.db/trs_v25]","IsNotNull(customer_id), IsNotNull(account_id), IsNotNull(merchant_id), IsNotNull(branch_id), IsNotNull(transaction_date)","customer_id:bigint,account_id:bigint,merchant_id:bigint,branch_id:bigint,transaction_date:date,transaction_amount:double","isnotnull(customer_id#1L), isnotnull(account_id#2L), isnotnull(merchant_id#3L), isnotnull(branch_id#4L), isnotnull(transaction_date#5)","",false
1,22,139,"Parquet",0,0,0,0,"InMemoryFileIndex(1 paths)[s3a://goes-se-sandbox/data/warehouse/tablespace/external/hive/demo_pauldefusco.db/trs_v25]","IsNotNull(customer_id), IsNotNull(account_id), IsNotNull(merchant_id), IsNotNull(branch_id), IsNotNull(transaction_date)","customer_id:bigint,account_id:bigint,merchant_id:bigint,branch_id:bigint,transaction_date:date,transaction_amount:double,fraud_flag:int","isnotnull(customer_id#1138L), isnotnull(account_id#1139L), isnotnull(merchant_id#1140L), isnotnull(branch_id#1141L), isnotnull(transaction_date#1142)","",false
1,22,207,"Parquet",0,0,0,0,"InMemoryFileIndex(1 paths)[s3a://goes-se-sandbox/data/warehouse/tablespace/external/hive/demo_pauldefusco.db/trs_v25]","IsNotNull(customer_id), IsNotNull(account_id), IsNotNull(merchant_id), IsNotNull(branch_id), IsNotNull(transaction_date)","customer_id:bigint,account_id:bigint,merchant_id:bigint,branch_id:bigint,transaction_date:date,transaction_amount:double,fraud_flag:int","isnotnull(customer_id#1138L), isnotnull(account_id#1139L), isnotnull(merchant_id#1140L), isnotnull(branch_id#1141L), isnotnull(transaction_date#1142)","",false
1,22,275,"Parquet",0,0,0,0,"InMemoryFileIndex(1 paths)[s3a://goes-se-sandbox/data/warehouse/tablespace/external/hive/demo_pauldefusco.db/trs_v25]","IsNotNull(customer_id), IsNotNull(account_id), IsNotNull(merchant_id), IsNotNull(branch_id), IsNotNull(transaction_date)","customer_id:bigint,account_id:bigint,merchant_id:bigint,branch_id:bigint,transaction_date:date,transaction_amount:double,fraud_flag:int","isnotnull(customer_id#1138L), isnotnull(account_id#1139L), isnotnull(merchant_id#1140L), isnotnull(branch_id#1141L), isnotnull(transaction_date#1142)","",false
1,23,153,"Parquet",0,0,0,0,"InMemoryFileIndex(1 paths)[s3a://goes-se-sandbox/data/warehouse/tablespace/external/hive/demo_pauldefusco.db/accounts_skewed]","IsNotNull(account_id)","account_id:bigint","isnotnull(account_id#1163L)","",false
1,23,84,"Parquet",0,0,0,0,"InMemoryFileIndex(1 paths)[s3a://goes-se-sandbox/data/warehouse/tablespace/external/hive/demo_pauldefusco.db/accounts_skewed]","IsNotNull(account_id), IsNotNull(account_type)","account_id:bigint,account_type:string","isnotnull(account_id#51L), isnotnull(account_type#52)","",false
1,23,167,"Parquet",0,0,0,0,"InMemoryFileIndex(1 paths)[s3a://goes-se-sandbox/data/warehouse/tablespace/external/hive/demo_pauldefusco.db/branches_skewed]","IsNotNull(branch_id)","branch_id:bigint","isnotnull(branch_id#1182L)","",false
1,23,98,"Parquet",0,0,0,0,"InMemoryFileIndex(1 paths)[s3a://goes-se-sandbox/data/warehouse/tablespace/external/hive/demo_pauldefusco.db/branches_skewed]","IsNotNull(branch_id), IsNotNull(state), IsNotNull(region)","branch_id:bigint,state:string,region:string","isnotnull(branch_id#90L), isnotnull(state#92), isnotnull(region#93)","",false
1,23,173,"Parquet",0,0,0,0,"InMemoryFileIndex(1 paths)[s3a://goes-se-sandbox/data/warehouse/tablespace/external/hive/demo_pauldefusco.db/calendar]","IsNotNull(calendar_date)","calendar_date:date","isnotnull(calendar_date#1193)","",false
1,23,341,"Parquet",0,0,0,0,"InMemoryFileIndex(1 paths)[s3a://goes-se-sandbox/data/warehouse/tablespace/external/hive/demo_pauldefusco.db/calendar]","IsNotNull(calendar_date), IsNotNull(year), IsNotNull(month)","calendar_date:date,year:int,month:int","isnotnull(calendar_date#1717), isnotnull(year#1719), isnotnull(month#1721)","",false
1,23,292,"Parquet",0,0,0,0,"InMemoryFileIndex(1 paths)[s3a://goes-se-sandbox/data/warehouse/tablespace/external/hive/demo_pauldefusco.db/calendar]","IsNotNull(calendar_date), IsNotNull(year), IsNotNull(quarter)","calendar_date:date,year:int,quarter:int","isnotnull(calendar_date#1587), isnotnull(year#1589), isnotnull(quarter#1590)","",false
1,23,104,"Parquet",0,0,0,0,"InMemoryFileIndex(1 paths)[s3a://goes-se-sandbox/data/warehouse/tablespace/external/hive/demo_pauldefusco.db/calendar]","IsNotNull(calendar_date), IsNotNull(year), IsNotNull(quarter), IsNotNull(month)","calendar_date:date,year:int,quarter:int,month:int","isnotnull(calendar_date#112), isnotnull(year#114), isnotnull(quarter#115), isnotnull(month#116)","",false
1,23,414,"Parquet",0,0,0,0,"InMemoryFileIndex(1 paths)[s3a://goes-se-sandbox/data/warehouse/tablespace/external/hive/demo_pauldefusco.db/customers_skewed]","IsNotNull(customer_id)","customer_id:bigint,credit_score:int","isnotnull(customer_id#1950L)","",false
1,23,77,"Parquet",0,0,0,0,"InMemoryFileIndex(1 paths)[s3a://goes-se-sandbox/data/warehouse/tablespace/external/hive/demo_pauldefusco.db/customers_skewed]","IsNotNull(customer_id), IsNotNull(customer_segment), IsNotNull(risk_rating)","customer_id:bigint,credit_score:int,customer_segment:string,risk_rating:string","isnotnull(customer_id#30L), isnotnull(customer_segment#37), isnotnull(risk_rating#39)","",false
1,23,326,"Parquet",0,0,0,0,"InMemoryFileIndex(1 paths)[s3a://goes-se-sandbox/data/warehouse/tablespace/external/hive/demo_pauldefusco.db/customers_skewed]","IsNotNull(customer_id), IsNotNull(customer_segment)","customer_id:bigint,customer_segment:string","isnotnull(customer_id#1676L), isnotnull(customer_segment#1683)","",false
1,23,146,"Parquet",0,0,0,0,"InMemoryFileIndex(1 paths)[s3a://goes-se-sandbox/data/warehouse/tablespace/external/hive/demo_pauldefusco.db/customers_skewed]","IsNotNull(customer_id), IsNotNull(customer_segment), IsNotNull(risk_rating)","customer_id:bigint,customer_segment:string,risk_rating:string","isnotnull(customer_id#1152L), isnotnull(customer_segment#1159), isnotnull(risk_rating#1161)","",false
1,23,161,"Parquet",0,0,0,0,"InMemoryFileIndex(1 paths)[s3a://goes-se-sandbox/data/warehouse/tablespace/external/hive/demo_pauldefusco.db/merchants_skewed]","IsNotNull(merchant_id)","merchant_id:bigint","isnotnull(merchant_id#1172L)","",false
1,23,334,"Parquet",0,0,0,0,"InMemoryFileIndex(1 paths)[s3a://goes-se-sandbox/data/warehouse/tablespace/external/hive/demo_pauldefusco.db/merchants_skewed]","IsNotNull(merchant_id), IsNotNull(merchant_category)","merchant_id:bigint,merchant_category:string","isnotnull(merchant_id#1696L), isnotnull(merchant_category#1699)","",false
1,23,92,"Parquet",0,0,0,0,"InMemoryFileIndex(1 paths)[s3a://goes-se-sandbox/data/warehouse/tablespace/external/hive/demo_pauldefusco.db/merchants_skewed]","IsNotNull(merchant_id), IsNotNull(merchant_category), IsNotNull(region)","merchant_id:bigint,region:string,merchant_category:string","isnotnull(merchant_id#70L), isnotnull(merchant_category#73), isnotnull(region#72)","",false
1,23,246,"Parquet",0,0,0,0,"InMemoryFileIndex(1 paths)[s3a://goes-se-sandbox/data/warehouse/tablespace/external/hive/demo_pauldefusco.db/merchants_skewed]","IsNotNull(merchant_id), IsNotNull(merchant_category), IsNotNull(region)","merchant_id:bigint,region:string,merchant_category:string","isnotnull(merchant_id#70L), isnotnull(merchant_category#73), isnotnull(region#72)","",false
1,23,70,"Parquet",0,0,0,0,"InMemoryFileIndex(1 paths)[s3a://goes-se-sandbox/data/warehouse/tablespace/external/hive/demo_pauldefusco.db/trs_v25]","IsNotNull(customer_id), IsNotNull(account_id), IsNotNull(merchant_id), IsNotNull(branch_id), IsNotNull(transaction_date)","customer_id:bigint,account_id:bigint,merchant_id:bigint,branch_id:bigint,transaction_date:date,transaction_amount:double","isnotnull(customer_id#1L), isnotnull(account_id#2L), isnotnull(merchant_id#3L), isnotnull(branch_id#4L), isnotnull(transaction_date#5)","",false
1,23,139,"Parquet",0,0,0,0,"InMemoryFileIndex(1 paths)[s3a://goes-se-sandbox/data/warehouse/tablespace/external/hive/demo_pauldefusco.db/trs_v25]","IsNotNull(customer_id), IsNotNull(account_id), IsNotNull(merchant_id), IsNotNull(branch_id), IsNotNull(transaction_date)","customer_id:bigint,account_id:bigint,merchant_id:bigint,branch_id:bigint,transaction_date:date,transaction_amount:double,fraud_flag:int","isnotnull(customer_id#1138L), isnotnull(account_id#1139L), isnotnull(merchant_id#1140L), isnotnull(branch_id#1141L), isnotnull(transaction_date#1142)","",false
1,23,210,"Parquet",0,0,0,0,"InMemoryFileIndex(1 paths)[s3a://goes-se-sandbox/data/warehouse/tablespace/external/hive/demo_pauldefusco.db/trs_v25]","IsNotNull(customer_id), IsNotNull(account_id), IsNotNull(merchant_id), IsNotNull(branch_id), IsNotNull(transaction_date)","customer_id:bigint,account_id:bigint,merchant_id:bigint,branch_id:bigint,transaction_date:date,transaction_amount:double,fraud_flag:int","isnotnull(customer_id#1138L), isnotnull(account_id#1139L), isnotnull(merchant_id#1140L), isnotnull(branch_id#1141L), isnotnull(transaction_date#1142)","",false
1,23,280,"Parquet",0,0,0,0,"InMemoryFileIndex(1 paths)[s3a://goes-se-sandbox/data/warehouse/tablespace/external/hive/demo_pauldefusco.db/trs_v25]","IsNotNull(customer_id), IsNotNull(account_id), IsNotNull(merchant_id), IsNotNull(branch_id), IsNotNull(transaction_date)","customer_id:bigint,account_id:bigint,merchant_id:bigint,branch_id:bigint,transaction_date:date,transaction_amount:double,fraud_flag:int","isnotnull(customer_id#1138L), isnotnull(account_id#1139L), isnotnull(merchant_id#1140L), isnotnull(branch_id#1141L), isnotnull(transaction_date#1142)","",false
1,24,153,"Parquet",0,0,0,0,"InMemoryFileIndex(1 paths)[s3a://goes-se-sandbox/data/warehouse/tablespace/external/hive/demo_pauldefusco.db/accounts_skewed]","IsNotNull(account_id)","account_id:bigint","isnotnull(account_id#1163L)","",false
1,24,84,"Parquet",0,0,0,0,"InMemoryFileIndex(1 paths)[s3a://goes-se-sandbox/data/warehouse/tablespace/external/hive/demo_pauldefusco.db/accounts_skewed]","IsNotNull(account_id), IsNotNull(account_type)","account_id:bigint,account_type:string","isnotnull(account_id#51L), isnotnull(account_type#52)","",false
1,24,167,"Parquet",0,0,0,0,"InMemoryFileIndex(1 paths)[s3a://goes-se-sandbox/data/warehouse/tablespace/external/hive/demo_pauldefusco.db/branches_skewed]","IsNotNull(branch_id)","branch_id:bigint","isnotnull(branch_id#1182L)","",false
1,24,98,"Parquet",0,0,0,0,"InMemoryFileIndex(1 paths)[s3a://goes-se-sandbox/data/warehouse/tablespace/external/hive/demo_pauldefusco.db/branches_skewed]","IsNotNull(branch_id), IsNotNull(state), IsNotNull(region)","branch_id:bigint,state:string,region:string","isnotnull(branch_id#90L), isnotnull(state#92), isnotnull(region#93)","",false
1,24,173,"Parquet",0,0,0,0,"InMemoryFileIndex(1 paths)[s3a://goes-se-sandbox/data/warehouse/tablespace/external/hive/demo_pauldefusco.db/calendar]","IsNotNull(calendar_date)","calendar_date:date","isnotnull(calendar_date#1193)","",false
1,24,346,"Parquet",0,0,0,0,"InMemoryFileIndex(1 paths)[s3a://goes-se-sandbox/data/warehouse/tablespace/external/hive/demo_pauldefusco.db/calendar]","IsNotNull(calendar_date), IsNotNull(year), IsNotNull(month)","calendar_date:date,year:int,month:int","isnotnull(calendar_date#1717), isnotnull(year#1719), isnotnull(month#1721)","",false
1,24,297,"Parquet",0,0,0,0,"InMemoryFileIndex(1 paths)[s3a://goes-se-sandbox/data/warehouse/tablespace/external/hive/demo_pauldefusco.db/calendar]","IsNotNull(calendar_date), IsNotNull(year), IsNotNull(quarter)","calendar_date:date,year:int,quarter:int","isnotnull(calendar_date#1587), isnotnull(year#1589), isnotnull(quarter#1590)","",false
1,24,104,"Parquet",0,0,0,0,"InMemoryFileIndex(1 paths)[s3a://goes-se-sandbox/data/warehouse/tablespace/external/hive/demo_pauldefusco.db/calendar]","IsNotNull(calendar_date), IsNotNull(year), IsNotNull(quarter), IsNotNull(month)","calendar_date:date,year:int,quarter:int,month:int","isnotnull(calendar_date#112), isnotnull(year#114), isnotnull(quarter#115), isnotnull(month#116)","",false
1,24,419,"Parquet",0,0,0,0,"InMemoryFileIndex(1 paths)[s3a://goes-se-sandbox/data/warehouse/tablespace/external/hive/demo_pauldefusco.db/customers_skewed]","IsNotNull(customer_id)","customer_id:bigint,credit_score:int","isnotnull(customer_id#1950L)","",false
1,24,77,"Parquet",0,0,0,0,"InMemoryFileIndex(1 paths)[s3a://goes-se-sandbox/data/warehouse/tablespace/external/hive/demo_pauldefusco.db/customers_skewed]","IsNotNull(customer_id), IsNotNull(customer_segment), IsNotNull(risk_rating)","customer_id:bigint,credit_score:int,customer_segment:string,risk_rating:string","isnotnull(customer_id#30L), isnotnull(customer_segment#37), isnotnull(risk_rating#39)","",false
1,24,331,"Parquet",0,0,0,0,"InMemoryFileIndex(1 paths)[s3a://goes-se-sandbox/data/warehouse/tablespace/external/hive/demo_pauldefusco.db/customers_skewed]","IsNotNull(customer_id), IsNotNull(customer_segment)","customer_id:bigint,customer_segment:string","isnotnull(customer_id#1676L), isnotnull(customer_segment#1683)","",false
1,24,146,"Parquet",0,0,0,0,"InMemoryFileIndex(1 paths)[s3a://goes-se-sandbox/data/warehouse/tablespace/external/hive/demo_pauldefusco.db/customers_skewed]","IsNotNull(customer_id), IsNotNull(customer_segment), IsNotNull(risk_rating)","customer_id:bigint,customer_segment:string,risk_rating:string","isnotnull(customer_id#1152L), isnotnull(customer_segment#1159), isnotnull(risk_rating#1161)","",false
1,24,161,"Parquet",0,0,0,0,"InMemoryFileIndex(1 paths)[s3a://goes-se-sandbox/data/warehouse/tablespace/external/hive/demo_pauldefusco.db/merchants_skewed]","IsNotNull(merchant_id)","merchant_id:bigint","isnotnull(merchant_id#1172L)","",false
1,24,339,"Parquet",0,0,0,0,"InMemoryFileIndex(1 paths)[s3a://goes-se-sandbox/data/warehouse/tablespace/external/hive/demo_pauldefusco.db/merchants_skewed]","IsNotNull(merchant_id), IsNotNull(merchant_category)","merchant_id:bigint,merchant_category:string","isnotnull(merchant_id#1696L), isnotnull(merchant_category#1699)","",false
1,24,92,"Parquet",0,0,0,0,"InMemoryFileIndex(1 paths)[s3a://goes-se-sandbox/data/warehouse/tablespace/external/hive/demo_pauldefusco.db/merchants_skewed]","IsNotNull(merchant_id), IsNotNull(merchant_category), IsNotNull(region)","merchant_id:bigint,region:string,merchant_category:string","isnotnull(merchant_id#70L), isnotnull(merchant_category#73), isnotnull(region#72)","",false
1,24,251,"Parquet",0,0,0,0,"InMemoryFileIndex(1 paths)[s3a://goes-se-sandbox/data/warehouse/tablespace/external/hive/demo_pauldefusco.db/merchants_skewed]","IsNotNull(merchant_id), IsNotNull(merchant_category), IsNotNull(region)","merchant_id:bigint,region:string,merchant_category:string","isnotnull(merchant_id#70L), isnotnull(merchant_category#73), isnotnull(region#72)","",false
1,24,70,"Parquet",0,0,0,0,"InMemoryFileIndex(1 paths)[s3a://goes-se-sandbox/data/warehouse/tablespace/external/hive/demo_pauldefusco.db/trs_v25]","IsNotNull(customer_id), IsNotNull(account_id), IsNotNull(merchant_id), IsNotNull(branch_id), IsNotNull(transaction_date)","customer_id:bigint,account_id:bigint,merchant_id:bigint,branch_id:bigint,transaction_date:date,transaction_amount:double","isnotnull(customer_id#1L), isnotnull(account_id#2L), isnotnull(merchant_id#3L), isnotnull(branch_id#4L), isnotnull(transaction_date#5)","",false
1,24,139,"Parquet",0,0,0,0,"InMemoryFileIndex(1 paths)[s3a://goes-se-sandbox/data/warehouse/tablespace/external/hive/demo_pauldefusco.db/trs_v25]","IsNotNull(customer_id), IsNotNull(account_id), IsNotNull(merchant_id), IsNotNull(branch_id), IsNotNull(transaction_date)","customer_id:bigint,account_id:bigint,merchant_id:bigint,branch_id:bigint,transaction_date:date,transaction_amount:double,fraud_flag:int","isnotnull(customer_id#1138L), isnotnull(account_id#1139L), isnotnull(merchant_id#1140L), isnotnull(branch_id#1141L), isnotnull(transaction_date#1142)","",false
1,24,210,"Parquet",0,0,0,0,"InMemoryFileIndex(1 paths)[s3a://goes-se-sandbox/data/warehouse/tablespace/external/hive/demo_pauldefusco.db/trs_v25]","IsNotNull(customer_id), IsNotNull(account_id), IsNotNull(merchant_id), IsNotNull(branch_id), IsNotNull(transaction_date)","customer_id:bigint,account_id:bigint,merchant_id:bigint,branch_id:bigint,transaction_date:date,transaction_amount:double,fraud_flag:int","isnotnull(customer_id#1138L), isnotnull(account_id#1139L), isnotnull(merchant_id#1140L), isnotnull(branch_id#1141L), isnotnull(transaction_date#1142)","",false
1,24,285,"Parquet",0,0,0,0,"InMemoryFileIndex(1 paths)[s3a://goes-se-sandbox/data/warehouse/tablespace/external/hive/demo_pauldefusco.db/trs_v25]","IsNotNull(customer_id), IsNotNull(account_id), IsNotNull(merchant_id), IsNotNull(branch_id), IsNotNull(transaction_date)","customer_id:bigint,account_id:bigint,merchant_id:bigint,branch_id:bigint,transaction_date:date,transaction_amount:double,fraud_flag:int","isnotnull(customer_id#1138L), isnotnull(account_id#1139L), isnotnull(merchant_id#1140L), isnotnull(branch_id#1141L), isnotnull(transaction_date#1142)","",false
1,25,153,"Parquet",0,0,0,0,"InMemoryFileIndex(1 paths)[s3a://goes-se-sandbox/data/warehouse/tablespace/external/hive/demo_pauldefusco.db/accounts_skewed]","IsNotNull(account_id)","account_id:bigint","isnotnull(account_id#1163L)","",false
1,25,84,"Parquet",0,0,0,0,"InMemoryFileIndex(1 paths)[s3a://goes-se-sandbox/data/warehouse/tablespace/external/hive/demo_pauldefusco.db/accounts_skewed]","IsNotNull(account_id), IsNotNull(account_type)","account_id:bigint,account_type:string","isnotnull(account_id#51L), isnotnull(account_type#52)","",false
1,25,167,"Parquet",0,0,0,0,"InMemoryFileIndex(1 paths)[s3a://goes-se-sandbox/data/warehouse/tablespace/external/hive/demo_pauldefusco.db/branches_skewed]","IsNotNull(branch_id)","branch_id:bigint","isnotnull(branch_id#1182L)","",false
1,25,98,"Parquet",0,0,0,0,"InMemoryFileIndex(1 paths)[s3a://goes-se-sandbox/data/warehouse/tablespace/external/hive/demo_pauldefusco.db/branches_skewed]","IsNotNull(branch_id), IsNotNull(state), IsNotNull(region)","branch_id:bigint,state:string,region:string","isnotnull(branch_id#90L), isnotnull(state#92), isnotnull(region#93)","",false
1,25,173,"Parquet",0,0,0,0,"InMemoryFileIndex(1 paths)[s3a://goes-se-sandbox/data/warehouse/tablespace/external/hive/demo_pauldefusco.db/calendar]","IsNotNull(calendar_date)","calendar_date:date","isnotnull(calendar_date#1193)","",false
1,25,346,"Parquet",0,0,0,0,"InMemoryFileIndex(1 paths)[s3a://goes-se-sandbox/data/warehouse/tablespace/external/hive/demo_pauldefusco.db/calendar]","IsNotNull(calendar_date), IsNotNull(year), IsNotNull(month)","calendar_date:date,year:int,month:int","isnotnull(calendar_date#1717), isnotnull(year#1719), isnotnull(month#1721)","",false
1,25,297,"Parquet",0,0,0,0,"InMemoryFileIndex(1 paths)[s3a://goes-se-sandbox/data/warehouse/tablespace/external/hive/demo_pauldefusco.db/calendar]","IsNotNull(calendar_date), IsNotNull(year), IsNotNull(quarter)","calendar_date:date,year:int,quarter:int","isnotnull(calendar_date#1587), isnotnull(year#1589), isnotnull(quarter#1590)","",false
1,25,104,"Parquet",0,0,0,0,"InMemoryFileIndex(1 paths)[s3a://goes-se-sandbox/data/warehouse/tablespace/external/hive/demo_pauldefusco.db/calendar]","IsNotNull(calendar_date), IsNotNull(year), IsNotNull(quarter), IsNotNull(month)","calendar_date:date,year:int,quarter:int,month:int","isnotnull(calendar_date#112), isnotnull(year#114), isnotnull(quarter#115), isnotnull(month#116)","",false
1,25,419,"Parquet",0,0,0,0,"InMemoryFileIndex(1 paths)[s3a://goes-se-sandbox/data/warehouse/tablespace/external/hive/demo_pauldefusco.db/customers_skewed]","IsNotNull(customer_id)","customer_id:bigint,credit_score:int","isnotnull(customer_id#1950L)","",false
1,25,77,"Parquet",0,0,0,0,"InMemoryFileIndex(1 paths)[s3a://goes-se-sandbox/data/warehouse/tablespace/external/hive/demo_pauldefusco.db/customers_skewed]","IsNotNull(customer_id), IsNotNull(customer_segment), IsNotNull(risk_rating)","customer_id:bigint,credit_score:int,customer_segment:string,risk_rating:string","isnotnull(customer_id#30L), isnotnull(customer_segment#37), isnotnull(risk_rating#39)","",false
1,25,331,"Parquet",0,0,0,0,"InMemoryFileIndex(1 paths)[s3a://goes-se-sandbox/data/warehouse/tablespace/external/hive/demo_pauldefusco.db/customers_skewed]","IsNotNull(customer_id), IsNotNull(customer_segment)","customer_id:bigint,customer_segment:string","isnotnull(customer_id#1676L), isnotnull(customer_segment#1683)","",false
1,25,146,"Parquet",0,0,0,0,"InMemoryFileIndex(1 paths)[s3a://goes-se-sandbox/data/warehouse/tablespace/external/hive/demo_pauldefusco.db/customers_skewed]","IsNotNull(customer_id), IsNotNull(customer_segment), IsNotNull(risk_rating)","customer_id:bigint,customer_segment:string,risk_rating:string","isnotnull(customer_id#1152L), isnotnull(customer_segment#1159), isnotnull(risk_rating#1161)","",false
1,25,161,"Parquet",0,0,0,0,"InMemoryFileIndex(1 paths)[s3a://goes-se-sandbox/data/warehouse/tablespace/external/hive/demo_pauldefusco.db/merchants_skewed]","IsNotNull(merchant_id)","merchant_id:bigint","isnotnull(merchant_id#1172L)","",false
1,25,339,"Parquet",0,0,0,0,"InMemoryFileIndex(1 paths)[s3a://goes-se-sandbox/data/warehouse/tablespace/external/hive/demo_pauldefusco.db/merchants_skewed]","IsNotNull(merchant_id), IsNotNull(merchant_category)","merchant_id:bigint,merchant_category:string","isnotnull(merchant_id#1696L), isnotnull(merchant_category#1699)","",false
1,25,92,"Parquet",0,0,0,0,"InMemoryFileIndex(1 paths)[s3a://goes-se-sandbox/data/warehouse/tablespace/external/hive/demo_pauldefusco.db/merchants_skewed]","IsNotNull(merchant_id), IsNotNull(merchant_category), IsNotNull(region)","merchant_id:bigint,region:string,merchant_category:string","isnotnull(merchant_id#70L), isnotnull(merchant_category#73), isnotnull(region#72)","",false
1,25,251,"Parquet",0,0,0,0,"InMemoryFileIndex(1 paths)[s3a://goes-se-sandbox/data/warehouse/tablespace/external/hive/demo_pauldefusco.db/merchants_skewed]","IsNotNull(merchant_id), IsNotNull(merchant_category), IsNotNull(region)","merchant_id:bigint,region:string,merchant_category:string","isnotnull(merchant_id#70L), isnotnull(merchant_category#73), isnotnull(region#72)","",false
1,25,70,"Parquet",0,0,0,0,"InMemoryFileIndex(1 paths)[s3a://goes-se-sandbox/data/warehouse/tablespace/external/hive/demo_pauldefusco.db/trs_v25]","IsNotNull(customer_id), IsNotNull(account_id), IsNotNull(merchant_id), IsNotNull(branch_id), IsNotNull(transaction_date)","customer_id:bigint,account_id:bigint,merchant_id:bigint,branch_id:bigint,transaction_date:date,transaction_amount:double","isnotnull(customer_id#1L), isnotnull(account_id#2L), isnotnull(merchant_id#3L), isnotnull(branch_id#4L), isnotnull(transaction_date#5)","",false
1,25,139,"Parquet",0,0,0,0,"InMemoryFileIndex(1 paths)[s3a://goes-se-sandbox/data/warehouse/tablespace/external/hive/demo_pauldefusco.db/trs_v25]","IsNotNull(customer_id), IsNotNull(account_id), IsNotNull(merchant_id), IsNotNull(branch_id), IsNotNull(transaction_date)","customer_id:bigint,account_id:bigint,merchant_id:bigint,branch_id:bigint,transaction_date:date,transaction_amount:double,fraud_flag:int","isnotnull(customer_id#1138L), isnotnull(account_id#1139L), isnotnull(merchant_id#1140L), isnotnull(branch_id#1141L), isnotnull(transaction_date#1142)","",false
1,25,210,"Parquet",0,0,0,0,"InMemoryFileIndex(1 paths)[s3a://goes-se-sandbox/data/warehouse/tablespace/external/hive/demo_pauldefusco.db/trs_v25]","IsNotNull(customer_id), IsNotNull(account_id), IsNotNull(merchant_id), IsNotNull(branch_id), IsNotNull(transaction_date)","customer_id:bigint,account_id:bigint,merchant_id:bigint,branch_id:bigint,transaction_date:date,transaction_amount:double,fraud_flag:int","isnotnull(customer_id#1138L), isnotnull(account_id#1139L), isnotnull(merchant_id#1140L), isnotnull(branch_id#1141L), isnotnull(transaction_date#1142)","",false
1,25,285,"Parquet",0,0,0,0,"InMemoryFileIndex(1 paths)[s3a://goes-se-sandbox/data/warehouse/tablespace/external/hive/demo_pauldefusco.db/trs_v25]","IsNotNull(customer_id), IsNotNull(account_id), IsNotNull(merchant_id), IsNotNull(branch_id), IsNotNull(transaction_date)","customer_id:bigint,account_id:bigint,merchant_id:bigint,branch_id:bigint,transaction_date:date,transaction_amount:double,fraud_flag:int","isnotnull(customer_id#1138L), isnotnull(account_id#1139L), isnotnull(merchant_id#1140L), isnotnull(branch_id#1141L), isnotnull(transaction_date#1142)","",false
1,26,153,"Parquet",0,0,0,0,"InMemoryFileIndex(1 paths)[s3a://goes-se-sandbox/data/warehouse/tablespace/external/hive/demo_pauldefusco.db/accounts_skewed]","IsNotNull(account_id)","account_id:bigint","isnotnull(account_id#1163L)","",false
1,26,84,"Parquet",0,0,0,0,"InMemoryFileIndex(1 paths)[s3a://goes-se-sandbox/data/warehouse/tablespace/external/hive/demo_pauldefusco.db/accounts_skewed]","IsNotNull(account_id), IsNotNull(account_type)","account_id:bigint,account_type:string","isnotnull(account_id#51L), isnotnull(account_type#52)","",false
1,26,167,"Parquet",0,0,0,0,"InMemoryFileIndex(1 paths)[s3a://goes-se-sandbox/data/warehouse/tablespace/external/hive/demo_pauldefusco.db/branches_skewed]","IsNotNull(branch_id)","branch_id:bigint","isnotnull(branch_id#1182L)","",false
1,26,98,"Parquet",0,0,0,0,"InMemoryFileIndex(1 paths)[s3a://goes-se-sandbox/data/warehouse/tablespace/external/hive/demo_pauldefusco.db/branches_skewed]","IsNotNull(branch_id), IsNotNull(state), IsNotNull(region)","branch_id:bigint,state:string,region:string","isnotnull(branch_id#90L), isnotnull(state#92), isnotnull(region#93)","",false
1,26,173,"Parquet",0,0,0,0,"InMemoryFileIndex(1 paths)[s3a://goes-se-sandbox/data/warehouse/tablespace/external/hive/demo_pauldefusco.db/calendar]","IsNotNull(calendar_date)","calendar_date:date","isnotnull(calendar_date#1193)","",false
1,26,349,"Parquet",0,0,0,0,"InMemoryFileIndex(1 paths)[s3a://goes-se-sandbox/data/warehouse/tablespace/external/hive/demo_pauldefusco.db/calendar]","IsNotNull(calendar_date), IsNotNull(year), IsNotNull(month)","calendar_date:date,year:int,month:int","isnotnull(calendar_date#1717), isnotnull(year#1719), isnotnull(month#1721)","",false
1,26,300,"Parquet",0,0,0,0,"InMemoryFileIndex(1 paths)[s3a://goes-se-sandbox/data/warehouse/tablespace/external/hive/demo_pauldefusco.db/calendar]","IsNotNull(calendar_date), IsNotNull(year), IsNotNull(quarter)","calendar_date:date,year:int,quarter:int","isnotnull(calendar_date#1587), isnotnull(year#1589), isnotnull(quarter#1590)","",false
1,26,104,"Parquet",0,0,0,0,"InMemoryFileIndex(1 paths)[s3a://goes-se-sandbox/data/warehouse/tablespace/external/hive/demo_pauldefusco.db/calendar]","IsNotNull(calendar_date), IsNotNull(year), IsNotNull(quarter), IsNotNull(month)","calendar_date:date,year:int,quarter:int,month:int","isnotnull(calendar_date#112), isnotnull(year#114), isnotnull(quarter#115), isnotnull(month#116)","",false
1,26,422,"Parquet",0,0,0,0,"InMemoryFileIndex(1 paths)[s3a://goes-se-sandbox/data/warehouse/tablespace/external/hive/demo_pauldefusco.db/customers_skewed]","IsNotNull(customer_id)","customer_id:bigint,credit_score:int","isnotnull(customer_id#1950L)","",false
1,26,77,"Parquet",0,0,0,0,"InMemoryFileIndex(1 paths)[s3a://goes-se-sandbox/data/warehouse/tablespace/external/hive/demo_pauldefusco.db/customers_skewed]","IsNotNull(customer_id), IsNotNull(customer_segment), IsNotNull(risk_rating)","customer_id:bigint,credit_score:int,customer_segment:string,risk_rating:string","isnotnull(customer_id#30L), isnotnull(customer_segment#37), isnotnull(risk_rating#39)","",false
1,26,334,"Parquet",0,0,0,0,"InMemoryFileIndex(1 paths)[s3a://goes-se-sandbox/data/warehouse/tablespace/external/hive/demo_pauldefusco.db/customers_skewed]","IsNotNull(customer_id), IsNotNull(customer_segment)","customer_id:bigint,customer_segment:string","isnotnull(customer_id#1676L), isnotnull(customer_segment#1683)","",false
1,26,146,"Parquet",0,0,0,0,"InMemoryFileIndex(1 paths)[s3a://goes-se-sandbox/data/warehouse/tablespace/external/hive/demo_pauldefusco.db/customers_skewed]","IsNotNull(customer_id), IsNotNull(customer_segment), IsNotNull(risk_rating)","customer_id:bigint,customer_segment:string,risk_rating:string","isnotnull(customer_id#1152L), isnotnull(customer_segment#1159), isnotnull(risk_rating#1161)","",false
1,26,161,"Parquet",0,0,0,0,"InMemoryFileIndex(1 paths)[s3a://goes-se-sandbox/data/warehouse/tablespace/external/hive/demo_pauldefusco.db/merchants_skewed]","IsNotNull(merchant_id)","merchant_id:bigint","isnotnull(merchant_id#1172L)","",false
1,26,342,"Parquet",0,0,0,0,"InMemoryFileIndex(1 paths)[s3a://goes-se-sandbox/data/warehouse/tablespace/external/hive/demo_pauldefusco.db/merchants_skewed]","IsNotNull(merchant_id), IsNotNull(merchant_category)","merchant_id:bigint,merchant_category:string","isnotnull(merchant_id#1696L), isnotnull(merchant_category#1699)","",false
1,26,92,"Parquet",0,0,0,0,"InMemoryFileIndex(1 paths)[s3a://goes-se-sandbox/data/warehouse/tablespace/external/hive/demo_pauldefusco.db/merchants_skewed]","IsNotNull(merchant_id), IsNotNull(merchant_category), IsNotNull(region)","merchant_id:bigint,region:string,merchant_category:string","isnotnull(merchant_id#70L), isnotnull(merchant_category#73), isnotnull(region#72)","",false
1,26,251,"Parquet",0,0,0,0,"InMemoryFileIndex(1 paths)[s3a://goes-se-sandbox/data/warehouse/tablespace/external/hive/demo_pauldefusco.db/merchants_skewed]","IsNotNull(merchant_id), IsNotNull(merchant_category), IsNotNull(region)","merchant_id:bigint,region:string,merchant_category:string","isnotnull(merchant_id#70L), isnotnull(merchant_category#73), isnotnull(region#72)","",false
1,26,70,"Parquet",0,0,0,0,"InMemoryFileIndex(1 paths)[s3a://goes-se-sandbox/data/warehouse/tablespace/external/hive/demo_pauldefusco.db/trs_v25]","IsNotNull(customer_id), IsNotNull(account_id), IsNotNull(merchant_id), IsNotNull(branch_id), IsNotNull(transaction_date)","customer_id:bigint,account_id:bigint,merchant_id:bigint,branch_id:bigint,transaction_date:date,transaction_amount:double","isnotnull(customer_id#1L), isnotnull(account_id#2L), isnotnull(merchant_id#3L), isnotnull(branch_id#4L), isnotnull(transaction_date#5)","",false
1,26,139,"Parquet",0,0,0,0,"InMemoryFileIndex(1 paths)[s3a://goes-se-sandbox/data/warehouse/tablespace/external/hive/demo_pauldefusco.db/trs_v25]","IsNotNull(customer_id), IsNotNull(account_id), IsNotNull(merchant_id), IsNotNull(branch_id), IsNotNull(transaction_date)","customer_id:bigint,account_id:bigint,merchant_id:bigint,branch_id:bigint,transaction_date:date,transaction_amount:double,fraud_flag:int","isnotnull(customer_id#1138L), isnotnull(account_id#1139L), isnotnull(merchant_id#1140L), isnotnull(branch_id#1141L), isnotnull(transaction_date#1142)","",false
1,26,210,"Parquet",0,0,0,0,"InMemoryFileIndex(1 paths)[s3a://goes-se-sandbox/data/warehouse/tablespace/external/hive/demo_pauldefusco.db/trs_v25]","IsNotNull(customer_id), IsNotNull(account_id), IsNotNull(merchant_id), IsNotNull(branch_id), IsNotNull(transaction_date)","customer_id:bigint,account_id:bigint,merchant_id:bigint,branch_id:bigint,transaction_date:date,transaction_amount:double,fraud_flag:int","isnotnull(customer_id#1138L), isnotnull(account_id#1139L), isnotnull(merchant_id#1140L), isnotnull(branch_id#1141L), isnotnull(transaction_date#1142)","",false
1,26,287,"Parquet",0,0,0,0,"InMemoryFileIndex(1 paths)[s3a://goes-se-sandbox/data/warehouse/tablespace/external/hive/demo_pauldefusco.db/trs_v25]","IsNotNull(customer_id), IsNotNull(account_id), IsNotNull(merchant_id), IsNotNull(branch_id), IsNotNull(transaction_date)","customer_id:bigint,account_id:bigint,merchant_id:bigint,branch_id:bigint,transaction_date:date,transaction_amount:double,fraud_flag:int","isnotnull(customer_id#1138L), isnotnull(account_id#1139L), isnotnull(merchant_id#1140L), isnotnull(branch_id#1141L), isnotnull(transaction_date#1142)","",false
1,27,153,"Parquet",0,0,0,0,"InMemoryFileIndex(1 paths)[s3a://goes-se-sandbox/data/warehouse/tablespace/external/hive/demo_pauldefusco.db/accounts_skewed]","IsNotNull(account_id)","account_id:bigint","isnotnull(account_id#1163L)","",false
1,27,84,"Parquet",0,0,0,0,"InMemoryFileIndex(1 paths)[s3a://goes-se-sandbox/data/warehouse/tablespace/external/hive/demo_pauldefusco.db/accounts_skewed]","IsNotNull(account_id), IsNotNull(account_type)","account_id:bigint,account_type:string","isnotnull(account_id#51L), isnotnull(account_type#52)","",false
1,27,167,"Parquet",0,0,0,0,"InMemoryFileIndex(1 paths)[s3a://goes-se-sandbox/data/warehouse/tablespace/external/hive/demo_pauldefusco.db/branches_skewed]","IsNotNull(branch_id)","branch_id:bigint","isnotnull(branch_id#1182L)","",false
1,27,98,"Parquet",0,0,0,0,"InMemoryFileIndex(1 paths)[s3a://goes-se-sandbox/data/warehouse/tablespace/external/hive/demo_pauldefusco.db/branches_skewed]","IsNotNull(branch_id), IsNotNull(state), IsNotNull(region)","branch_id:bigint,state:string,region:string","isnotnull(branch_id#90L), isnotnull(state#92), isnotnull(region#93)","",false
1,27,173,"Parquet",0,0,0,0,"InMemoryFileIndex(1 paths)[s3a://goes-se-sandbox/data/warehouse/tablespace/external/hive/demo_pauldefusco.db/calendar]","IsNotNull(calendar_date)","calendar_date:date","isnotnull(calendar_date#1193)","",false
1,27,354,"Parquet",0,0,0,0,"InMemoryFileIndex(1 paths)[s3a://goes-se-sandbox/data/warehouse/tablespace/external/hive/demo_pauldefusco.db/calendar]","IsNotNull(calendar_date), IsNotNull(year), IsNotNull(month)","calendar_date:date,year:int,month:int","isnotnull(calendar_date#1717), isnotnull(year#1719), isnotnull(month#1721)","",false
1,27,300,"Parquet",0,0,0,0,"InMemoryFileIndex(1 paths)[s3a://goes-se-sandbox/data/warehouse/tablespace/external/hive/demo_pauldefusco.db/calendar]","IsNotNull(calendar_date), IsNotNull(year), IsNotNull(quarter)","calendar_date:date,year:int,quarter:int","isnotnull(calendar_date#1587), isnotnull(year#1589), isnotnull(quarter#1590)","",false
1,27,104,"Parquet",0,0,0,0,"InMemoryFileIndex(1 paths)[s3a://goes-se-sandbox/data/warehouse/tablespace/external/hive/demo_pauldefusco.db/calendar]","IsNotNull(calendar_date), IsNotNull(year), IsNotNull(quarter), IsNotNull(month)","calendar_date:date,year:int,quarter:int,month:int","isnotnull(calendar_date#112), isnotnull(year#114), isnotnull(quarter#115), isnotnull(month#116)","",false
1,27,427,"Parquet",0,0,0,0,"InMemoryFileIndex(1 paths)[s3a://goes-se-sandbox/data/warehouse/tablespace/external/hive/demo_pauldefusco.db/customers_skewed]","IsNotNull(customer_id)","customer_id:bigint,credit_score:int","isnotnull(customer_id#1950L)","",false
1,27,77,"Parquet",0,0,0,0,"InMemoryFileIndex(1 paths)[s3a://goes-se-sandbox/data/warehouse/tablespace/external/hive/demo_pauldefusco.db/customers_skewed]","IsNotNull(customer_id), IsNotNull(customer_segment), IsNotNull(risk_rating)","customer_id:bigint,credit_score:int,customer_segment:string,risk_rating:string","isnotnull(customer_id#30L), isnotnull(customer_segment#37), isnotnull(risk_rating#39)","",false
1,27,337,"Parquet",0,0,0,0,"InMemoryFileIndex(1 paths)[s3a://goes-se-sandbox/data/warehouse/tablespace/external/hive/demo_pauldefusco.db/customers_skewed]","IsNotNull(customer_id), IsNotNull(customer_segment)","customer_id:bigint,customer_segment:string","isnotnull(customer_id#1676L), isnotnull(customer_segment#1683)","",false
1,27,146,"Parquet",0,0,0,0,"InMemoryFileIndex(1 paths)[s3a://goes-se-sandbox/data/warehouse/tablespace/external/hive/demo_pauldefusco.db/customers_skewed]","IsNotNull(customer_id), IsNotNull(customer_segment), IsNotNull(risk_rating)","customer_id:bigint,customer_segment:string,risk_rating:string","isnotnull(customer_id#1152L), isnotnull(customer_segment#1159), isnotnull(risk_rating#1161)","",false
1,27,161,"Parquet",0,0,0,0,"InMemoryFileIndex(1 paths)[s3a://goes-se-sandbox/data/warehouse/tablespace/external/hive/demo_pauldefusco.db/merchants_skewed]","IsNotNull(merchant_id)","merchant_id:bigint","isnotnull(merchant_id#1172L)","",false
1,27,347,"Parquet",0,0,0,0,"InMemoryFileIndex(1 paths)[s3a://goes-se-sandbox/data/warehouse/tablespace/external/hive/demo_pauldefusco.db/merchants_skewed]","IsNotNull(merchant_id), IsNotNull(merchant_category)","merchant_id:bigint,merchant_category:string","isnotnull(merchant_id#1696L), isnotnull(merchant_category#1699)","",false
1,27,92,"Parquet",0,0,0,0,"InMemoryFileIndex(1 paths)[s3a://goes-se-sandbox/data/warehouse/tablespace/external/hive/demo_pauldefusco.db/merchants_skewed]","IsNotNull(merchant_id), IsNotNull(merchant_category), IsNotNull(region)","merchant_id:bigint,region:string,merchant_category:string","isnotnull(merchant_id#70L), isnotnull(merchant_category#73), isnotnull(region#72)","",false
1,27,251,"Parquet",0,0,0,0,"InMemoryFileIndex(1 paths)[s3a://goes-se-sandbox/data/warehouse/tablespace/external/hive/demo_pauldefusco.db/merchants_skewed]","IsNotNull(merchant_id), IsNotNull(merchant_category), IsNotNull(region)","merchant_id:bigint,region:string,merchant_category:string","isnotnull(merchant_id#70L), isnotnull(merchant_category#73), isnotnull(region#72)","",false
1,27,70,"Parquet",0,0,0,0,"InMemoryFileIndex(1 paths)[s3a://goes-se-sandbox/data/warehouse/tablespace/external/hive/demo_pauldefusco.db/trs_v25]","IsNotNull(customer_id), IsNotNull(account_id), IsNotNull(merchant_id), IsNotNull(branch_id), IsNotNull(transaction_date)","customer_id:bigint,account_id:bigint,merchant_id:bigint,branch_id:bigint,transaction_date:date,transaction_amount:double","isnotnull(customer_id#1L), isnotnull(account_id#2L), isnotnull(merchant_id#3L), isnotnull(branch_id#4L), isnotnull(transaction_date#5)","",false
1,27,139,"Parquet",0,0,0,0,"InMemoryFileIndex(1 paths)[s3a://goes-se-sandbox/data/warehouse/tablespace/external/hive/demo_pauldefusco.db/trs_v25]","IsNotNull(customer_id), IsNotNull(account_id), IsNotNull(merchant_id), IsNotNull(branch_id), IsNotNull(transaction_date)","customer_id:bigint,account_id:bigint,merchant_id:bigint,branch_id:bigint,transaction_date:date,transaction_amount:double,fraud_flag:int","isnotnull(customer_id#1138L), isnotnull(account_id#1139L), isnotnull(merchant_id#1140L), isnotnull(branch_id#1141L), isnotnull(transaction_date#1142)","",false
1,27,210,"Parquet",0,0,0,0,"InMemoryFileIndex(1 paths)[s3a://goes-se-sandbox/data/warehouse/tablespace/external/hive/demo_pauldefusco.db/trs_v25]","IsNotNull(customer_id), IsNotNull(account_id), IsNotNull(merchant_id), IsNotNull(branch_id), IsNotNull(transaction_date)","customer_id:bigint,account_id:bigint,merchant_id:bigint,branch_id:bigint,transaction_date:date,transaction_amount:double,fraud_flag:int","isnotnull(customer_id#1138L), isnotnull(account_id#1139L), isnotnull(merchant_id#1140L), isnotnull(branch_id#1141L), isnotnull(transaction_date#1142)","",false
1,27,287,"Parquet",0,0,0,0,"InMemoryFileIndex(1 paths)[s3a://goes-se-sandbox/data/warehouse/tablespace/external/hive/demo_pauldefusco.db/trs_v25]","IsNotNull(customer_id), IsNotNull(account_id), IsNotNull(merchant_id), IsNotNull(branch_id), IsNotNull(transaction_date)","customer_id:bigint,account_id:bigint,merchant_id:bigint,branch_id:bigint,transaction_date:date,transaction_amount:double,fraud_flag:int","isnotnull(customer_id#1138L), isnotnull(account_id#1139L), isnotnull(merchant_id#1140L), isnotnull(branch_id#1141L), isnotnull(transaction_date#1142)","",false
1,28,153,"Parquet",0,0,0,0,"InMemoryFileIndex(1 paths)[s3a://goes-se-sandbox/data/warehouse/tablespace/external/hive/demo_pauldefusco.db/accounts_skewed]","IsNotNull(account_id)","account_id:bigint","isnotnull(account_id#1163L)","",false
1,28,84,"Parquet",0,0,0,0,"InMemoryFileIndex(1 paths)[s3a://goes-se-sandbox/data/warehouse/tablespace/external/hive/demo_pauldefusco.db/accounts_skewed]","IsNotNull(account_id), IsNotNull(account_type)","account_id:bigint,account_type:string","isnotnull(account_id#51L), isnotnull(account_type#52)","",false
1,28,167,"Parquet",0,0,0,0,"InMemoryFileIndex(1 paths)[s3a://goes-se-sandbox/data/warehouse/tablespace/external/hive/demo_pauldefusco.db/branches_skewed]","IsNotNull(branch_id)","branch_id:bigint","isnotnull(branch_id#1182L)","",false
1,28,98,"Parquet",0,0,0,0,"InMemoryFileIndex(1 paths)[s3a://goes-se-sandbox/data/warehouse/tablespace/external/hive/demo_pauldefusco.db/branches_skewed]","IsNotNull(branch_id), IsNotNull(state), IsNotNull(region)","branch_id:bigint,state:string,region:string","isnotnull(branch_id#90L), isnotnull(state#92), isnotnull(region#93)","",false
1,28,173,"Parquet",0,0,0,0,"InMemoryFileIndex(1 paths)[s3a://goes-se-sandbox/data/warehouse/tablespace/external/hive/demo_pauldefusco.db/calendar]","IsNotNull(calendar_date)","calendar_date:date","isnotnull(calendar_date#1193)","",false
1,28,354,"Parquet",0,0,0,0,"InMemoryFileIndex(1 paths)[s3a://goes-se-sandbox/data/warehouse/tablespace/external/hive/demo_pauldefusco.db/calendar]","IsNotNull(calendar_date), IsNotNull(year), IsNotNull(month)","calendar_date:date,year:int,month:int","isnotnull(calendar_date#1717), isnotnull(year#1719), isnotnull(month#1721)","",false
1,28,300,"Parquet",0,0,0,0,"InMemoryFileIndex(1 paths)[s3a://goes-se-sandbox/data/warehouse/tablespace/external/hive/demo_pauldefusco.db/calendar]","IsNotNull(calendar_date), IsNotNull(year), IsNotNull(quarter)","calendar_date:date,year:int,quarter:int","isnotnull(calendar_date#1587), isnotnull(year#1589), isnotnull(quarter#1590)","",false
1,28,104,"Parquet",0,0,0,0,"InMemoryFileIndex(1 paths)[s3a://goes-se-sandbox/data/warehouse/tablespace/external/hive/demo_pauldefusco.db/calendar]","IsNotNull(calendar_date), IsNotNull(year), IsNotNull(quarter), IsNotNull(month)","calendar_date:date,year:int,quarter:int,month:int","isnotnull(calendar_date#112), isnotnull(year#114), isnotnull(quarter#115), isnotnull(month#116)","",false
1,28,430,"Parquet",0,0,0,0,"InMemoryFileIndex(1 paths)[s3a://goes-se-sandbox/data/warehouse/tablespace/external/hive/demo_pauldefusco.db/customers_skewed]","IsNotNull(customer_id)","customer_id:bigint,credit_score:int","isnotnull(customer_id#1950L)","",false
1,28,77,"Parquet",0,0,0,0,"InMemoryFileIndex(1 paths)[s3a://goes-se-sandbox/data/warehouse/tablespace/external/hive/demo_pauldefusco.db/customers_skewed]","IsNotNull(customer_id), IsNotNull(customer_segment), IsNotNull(risk_rating)","customer_id:bigint,credit_score:int,customer_segment:string,risk_rating:string","isnotnull(customer_id#30L), isnotnull(customer_segment#37), isnotnull(risk_rating#39)","",false
1,28,337,"Parquet",0,0,0,0,"InMemoryFileIndex(1 paths)[s3a://goes-se-sandbox/data/warehouse/tablespace/external/hive/demo_pauldefusco.db/customers_skewed]","IsNotNull(customer_id), IsNotNull(customer_segment)","customer_id:bigint,customer_segment:string","isnotnull(customer_id#1676L), isnotnull(customer_segment#1683)","",false
1,28,146,"Parquet",0,0,0,0,"InMemoryFileIndex(1 paths)[s3a://goes-se-sandbox/data/warehouse/tablespace/external/hive/demo_pauldefusco.db/customers_skewed]","IsNotNull(customer_id), IsNotNull(customer_segment), IsNotNull(risk_rating)","customer_id:bigint,customer_segment:string,risk_rating:string","isnotnull(customer_id#1152L), isnotnull(customer_segment#1159), isnotnull(risk_rating#1161)","",false
1,28,161,"Parquet",0,0,0,0,"InMemoryFileIndex(1 paths)[s3a://goes-se-sandbox/data/warehouse/tablespace/external/hive/demo_pauldefusco.db/merchants_skewed]","IsNotNull(merchant_id)","merchant_id:bigint","isnotnull(merchant_id#1172L)","",false
1,28,347,"Parquet",0,0,0,0,"InMemoryFileIndex(1 paths)[s3a://goes-se-sandbox/data/warehouse/tablespace/external/hive/demo_pauldefusco.db/merchants_skewed]","IsNotNull(merchant_id), IsNotNull(merchant_category)","merchant_id:bigint,merchant_category:string","isnotnull(merchant_id#1696L), isnotnull(merchant_category#1699)","",false
1,28,92,"Parquet",0,0,0,0,"InMemoryFileIndex(1 paths)[s3a://goes-se-sandbox/data/warehouse/tablespace/external/hive/demo_pauldefusco.db/merchants_skewed]","IsNotNull(merchant_id), IsNotNull(merchant_category), IsNotNull(region)","merchant_id:bigint,region:string,merchant_category:string","isnotnull(merchant_id#70L), isnotnull(merchant_category#73), isnotnull(region#72)","",false
1,28,251,"Parquet",0,0,0,0,"InMemoryFileIndex(1 paths)[s3a://goes-se-sandbox/data/warehouse/tablespace/external/hive/demo_pauldefusco.db/merchants_skewed]","IsNotNull(merchant_id), IsNotNull(merchant_category), IsNotNull(region)","merchant_id:bigint,region:string,merchant_category:string","isnotnull(merchant_id#70L), isnotnull(merchant_category#73), isnotnull(region#72)","",false
1,28,70,"Parquet",0,0,0,0,"InMemoryFileIndex(1 paths)[s3a://goes-se-sandbox/data/warehouse/tablespace/external/hive/demo_pauldefusco.db/trs_v25]","IsNotNull(customer_id), IsNotNull(account_id), IsNotNull(merchant_id), IsNotNull(branch_id), IsNotNull(transaction_date)","customer_id:bigint,account_id:bigint,merchant_id:bigint,branch_id:bigint,transaction_date:date,transaction_amount:double","isnotnull(customer_id#1L), isnotnull(account_id#2L), isnotnull(merchant_id#3L), isnotnull(branch_id#4L), isnotnull(transaction_date#5)","",false
1,28,139,"Parquet",0,0,0,0,"InMemoryFileIndex(1 paths)[s3a://goes-se-sandbox/data/warehouse/tablespace/external/hive/demo_pauldefusco.db/trs_v25]","IsNotNull(customer_id), IsNotNull(account_id), IsNotNull(merchant_id), IsNotNull(branch_id), IsNotNull(transaction_date)","customer_id:bigint,account_id:bigint,merchant_id:bigint,branch_id:bigint,transaction_date:date,transaction_amount:double,fraud_flag:int","isnotnull(customer_id#1138L), isnotnull(account_id#1139L), isnotnull(merchant_id#1140L), isnotnull(branch_id#1141L), isnotnull(transaction_date#1142)","",false
1,28,210,"Parquet",0,0,0,0,"InMemoryFileIndex(1 paths)[s3a://goes-se-sandbox/data/warehouse/tablespace/external/hive/demo_pauldefusco.db/trs_v25]","IsNotNull(customer_id), IsNotNull(account_id), IsNotNull(merchant_id), IsNotNull(branch_id), IsNotNull(transaction_date)","customer_id:bigint,account_id:bigint,merchant_id:bigint,branch_id:bigint,transaction_date:date,transaction_amount:double,fraud_flag:int","isnotnull(customer_id#1138L), isnotnull(account_id#1139L), isnotnull(merchant_id#1140L), isnotnull(branch_id#1141L), isnotnull(transaction_date#1142)","",false
1,28,287,"Parquet",0,0,0,0,"InMemoryFileIndex(1 paths)[s3a://goes-se-sandbox/data/warehouse/tablespace/external/hive/demo_pauldefusco.db/trs_v25]","IsNotNull(customer_id), IsNotNull(account_id), IsNotNull(merchant_id), IsNotNull(branch_id), IsNotNull(transaction_date)","customer_id:bigint,account_id:bigint,merchant_id:bigint,branch_id:bigint,transaction_date:date,transaction_amount:double,fraud_flag:int","isnotnull(customer_id#1138L), isnotnull(account_id#1139L), isnotnull(merchant_id#1140L), isnotnull(branch_id#1141L), isnotnull(transaction_date#1142)","",false
1,29,153,"Parquet",0,0,0,0,"InMemoryFileIndex(1 paths)[s3a://goes-se-sandbox/data/warehouse/tablespace/external/hive/demo_pauldefusco.db/accounts_skewed]","IsNotNull(account_id)","account_id:bigint","isnotnull(account_id#1163L)","",false
1,29,84,"Parquet",0,0,0,0,"InMemoryFileIndex(1 paths)[s3a://goes-se-sandbox/data/warehouse/tablespace/external/hive/demo_pauldefusco.db/accounts_skewed]","IsNotNull(account_id), IsNotNull(account_type)","account_id:bigint,account_type:string","isnotnull(account_id#51L), isnotnull(account_type#52)","",false
1,29,167,"Parquet",0,0,0,0,"InMemoryFileIndex(1 paths)[s3a://goes-se-sandbox/data/warehouse/tablespace/external/hive/demo_pauldefusco.db/branches_skewed]","IsNotNull(branch_id)","branch_id:bigint","isnotnull(branch_id#1182L)","",false
1,29,98,"Parquet",0,0,0,0,"InMemoryFileIndex(1 paths)[s3a://goes-se-sandbox/data/warehouse/tablespace/external/hive/demo_pauldefusco.db/branches_skewed]","IsNotNull(branch_id), IsNotNull(state), IsNotNull(region)","branch_id:bigint,state:string,region:string","isnotnull(branch_id#90L), isnotnull(state#92), isnotnull(region#93)","",false
1,29,173,"Parquet",0,0,0,0,"InMemoryFileIndex(1 paths)[s3a://goes-se-sandbox/data/warehouse/tablespace/external/hive/demo_pauldefusco.db/calendar]","IsNotNull(calendar_date)","calendar_date:date","isnotnull(calendar_date#1193)","",false
1,29,354,"Parquet",0,0,0,0,"InMemoryFileIndex(1 paths)[s3a://goes-se-sandbox/data/warehouse/tablespace/external/hive/demo_pauldefusco.db/calendar]","IsNotNull(calendar_date), IsNotNull(year), IsNotNull(month)","calendar_date:date,year:int,month:int","isnotnull(calendar_date#1717), isnotnull(year#1719), isnotnull(month#1721)","",false
1,29,300,"Parquet",0,0,0,0,"InMemoryFileIndex(1 paths)[s3a://goes-se-sandbox/data/warehouse/tablespace/external/hive/demo_pauldefusco.db/calendar]","IsNotNull(calendar_date), IsNotNull(year), IsNotNull(quarter)","calendar_date:date,year:int,quarter:int","isnotnull(calendar_date#1587), isnotnull(year#1589), isnotnull(quarter#1590)","",false
1,29,104,"Parquet",0,0,0,0,"InMemoryFileIndex(1 paths)[s3a://goes-se-sandbox/data/warehouse/tablespace/external/hive/demo_pauldefusco.db/calendar]","IsNotNull(calendar_date), IsNotNull(year), IsNotNull(quarter), IsNotNull(month)","calendar_date:date,year:int,quarter:int,month:int","isnotnull(calendar_date#112), isnotnull(year#114), isnotnull(quarter#115), isnotnull(month#116)","",false
1,29,430,"Parquet",0,0,0,0,"InMemoryFileIndex(1 paths)[s3a://goes-se-sandbox/data/warehouse/tablespace/external/hive/demo_pauldefusco.db/customers_skewed]","IsNotNull(customer_id)","customer_id:bigint,credit_score:int","isnotnull(customer_id#1950L)","",false
1,29,77,"Parquet",0,0,0,0,"InMemoryFileIndex(1 paths)[s3a://goes-se-sandbox/data/warehouse/tablespace/external/hive/demo_pauldefusco.db/customers_skewed]","IsNotNull(customer_id), IsNotNull(customer_segment), IsNotNull(risk_rating)","customer_id:bigint,credit_score:int,customer_segment:string,risk_rating:string","isnotnull(customer_id#30L), isnotnull(customer_segment#37), isnotnull(risk_rating#39)","",false
1,29,337,"Parquet",0,0,0,0,"InMemoryFileIndex(1 paths)[s3a://goes-se-sandbox/data/warehouse/tablespace/external/hive/demo_pauldefusco.db/customers_skewed]","IsNotNull(customer_id), IsNotNull(customer_segment)","customer_id:bigint,customer_segment:string","isnotnull(customer_id#1676L), isnotnull(customer_segment#1683)","",false
1,29,146,"Parquet",0,0,0,0,"InMemoryFileIndex(1 paths)[s3a://goes-se-sandbox/data/warehouse/tablespace/external/hive/demo_pauldefusco.db/customers_skewed]","IsNotNull(customer_id), IsNotNull(customer_segment), IsNotNull(risk_rating)","customer_id:bigint,customer_segment:string,risk_rating:string","isnotnull(customer_id#1152L), isnotnull(customer_segment#1159), isnotnull(risk_rating#1161)","",false
1,29,161,"Parquet",0,0,0,0,"InMemoryFileIndex(1 paths)[s3a://goes-se-sandbox/data/warehouse/tablespace/external/hive/demo_pauldefusco.db/merchants_skewed]","IsNotNull(merchant_id)","merchant_id:bigint","isnotnull(merchant_id#1172L)","",false
1,29,347,"Parquet",0,0,0,0,"InMemoryFileIndex(1 paths)[s3a://goes-se-sandbox/data/warehouse/tablespace/external/hive/demo_pauldefusco.db/merchants_skewed]","IsNotNull(merchant_id), IsNotNull(merchant_category)","merchant_id:bigint,merchant_category:string","isnotnull(merchant_id#1696L), isnotnull(merchant_category#1699)","",false
1,29,92,"Parquet",0,0,0,0,"InMemoryFileIndex(1 paths)[s3a://goes-se-sandbox/data/warehouse/tablespace/external/hive/demo_pauldefusco.db/merchants_skewed]","IsNotNull(merchant_id), IsNotNull(merchant_category), IsNotNull(region)","merchant_id:bigint,region:string,merchant_category:string","isnotnull(merchant_id#70L), isnotnull(merchant_category#73), isnotnull(region#72)","",false
1,29,251,"Parquet",0,0,0,0,"InMemoryFileIndex(1 paths)[s3a://goes-se-sandbox/data/warehouse/tablespace/external/hive/demo_pauldefusco.db/merchants_skewed]","IsNotNull(merchant_id), IsNotNull(merchant_category), IsNotNull(region)","merchant_id:bigint,region:string,merchant_category:string","isnotnull(merchant_id#70L), isnotnull(merchant_category#73), isnotnull(region#72)","",false
1,29,70,"Parquet",0,0,0,0,"InMemoryFileIndex(1 paths)[s3a://goes-se-sandbox/data/warehouse/tablespace/external/hive/demo_pauldefusco.db/trs_v25]","IsNotNull(customer_id), IsNotNull(account_id), IsNotNull(merchant_id), IsNotNull(branch_id), IsNotNull(transaction_date)","customer_id:bigint,account_id:bigint,merchant_id:bigint,branch_id:bigint,transaction_date:date,transaction_amount:double","isnotnull(customer_id#1L), isnotnull(account_id#2L), isnotnull(merchant_id#3L), isnotnull(branch_id#4L), isnotnull(transaction_date#5)","",false
1,29,139,"Parquet",0,0,0,0,"InMemoryFileIndex(1 paths)[s3a://goes-se-sandbox/data/warehouse/tablespace/external/hive/demo_pauldefusco.db/trs_v25]","IsNotNull(customer_id), IsNotNull(account_id), IsNotNull(merchant_id), IsNotNull(branch_id), IsNotNull(transaction_date)","customer_id:bigint,account_id:bigint,merchant_id:bigint,branch_id:bigint,transaction_date:date,transaction_amount:double,fraud_flag:int","isnotnull(customer_id#1138L), isnotnull(account_id#1139L), isnotnull(merchant_id#1140L), isnotnull(branch_id#1141L), isnotnull(transaction_date#1142)","",false
1,29,210,"Parquet",0,0,0,0,"InMemoryFileIndex(1 paths)[s3a://goes-se-sandbox/data/warehouse/tablespace/external/hive/demo_pauldefusco.db/trs_v25]","IsNotNull(customer_id), IsNotNull(account_id), IsNotNull(merchant_id), IsNotNull(branch_id), IsNotNull(transaction_date)","customer_id:bigint,account_id:bigint,merchant_id:bigint,branch_id:bigint,transaction_date:date,transaction_amount:double,fraud_flag:int","isnotnull(customer_id#1138L), isnotnull(account_id#1139L), isnotnull(merchant_id#1140L), isnotnull(branch_id#1141L), isnotnull(transaction_date#1142)","",false
1,29,287,"Parquet",0,0,0,0,"InMemoryFileIndex(1 paths)[s3a://goes-se-sandbox/data/warehouse/tablespace/external/hive/demo_pauldefusco.db/trs_v25]","IsNotNull(customer_id), IsNotNull(account_id), IsNotNull(merchant_id), IsNotNull(branch_id), IsNotNull(transaction_date)","customer_id:bigint,account_id:bigint,merchant_id:bigint,branch_id:bigint,transaction_date:date,transaction_amount:double,fraud_flag:int","isnotnull(customer_id#1138L), isnotnull(account_id#1139L), isnotnull(merchant_id#1140L), isnotnull(branch_id#1141L), isnotnull(transaction_date#1142)","",false
1,30,153,"Parquet",0,0,0,0,"InMemoryFileIndex(1 paths)[s3a://goes-se-sandbox/data/warehouse/tablespace/external/hive/demo_pauldefusco.db/accounts_skewed]","IsNotNull(account_id)","account_id:bigint","isnotnull(account_id#1163L)","",false
1,30,84,"Parquet",0,0,0,0,"InMemoryFileIndex(1 paths)[s3a://goes-se-sandbox/data/warehouse/tablespace/external/hive/demo_pauldefusco.db/accounts_skewed]","IsNotNull(account_id), IsNotNull(account_type)","account_id:bigint,account_type:string","isnotnull(account_id#51L), isnotnull(account_type#52)","",false
1,30,167,"Parquet",0,0,0,0,"InMemoryFileIndex(1 paths)[s3a://goes-se-sandbox/data/warehouse/tablespace/external/hive/demo_pauldefusco.db/branches_skewed]","IsNotNull(branch_id)","branch_id:bigint","isnotnull(branch_id#1182L)","",false
1,30,98,"Parquet",0,0,0,0,"InMemoryFileIndex(1 paths)[s3a://goes-se-sandbox/data/warehouse/tablespace/external/hive/demo_pauldefusco.db/branches_skewed]","IsNotNull(branch_id), IsNotNull(state), IsNotNull(region)","branch_id:bigint,state:string,region:string","isnotnull(branch_id#90L), isnotnull(state#92), isnotnull(region#93)","",false
1,30,173,"Parquet",0,0,0,0,"InMemoryFileIndex(1 paths)[s3a://goes-se-sandbox/data/warehouse/tablespace/external/hive/demo_pauldefusco.db/calendar]","IsNotNull(calendar_date)","calendar_date:date","isnotnull(calendar_date#1193)","",false
1,30,354,"Parquet",0,0,0,0,"InMemoryFileIndex(1 paths)[s3a://goes-se-sandbox/data/warehouse/tablespace/external/hive/demo_pauldefusco.db/calendar]","IsNotNull(calendar_date), IsNotNull(year), IsNotNull(month)","calendar_date:date,year:int,month:int","isnotnull(calendar_date#1717), isnotnull(year#1719), isnotnull(month#1721)","",false
1,30,300,"Parquet",0,0,0,0,"InMemoryFileIndex(1 paths)[s3a://goes-se-sandbox/data/warehouse/tablespace/external/hive/demo_pauldefusco.db/calendar]","IsNotNull(calendar_date), IsNotNull(year), IsNotNull(quarter)","calendar_date:date,year:int,quarter:int","isnotnull(calendar_date#1587), isnotnull(year#1589), isnotnull(quarter#1590)","",false
1,30,104,"Parquet",0,0,0,0,"InMemoryFileIndex(1 paths)[s3a://goes-se-sandbox/data/warehouse/tablespace/external/hive/demo_pauldefusco.db/calendar]","IsNotNull(calendar_date), IsNotNull(year), IsNotNull(quarter), IsNotNull(month)","calendar_date:date,year:int,quarter:int,month:int","isnotnull(calendar_date#112), isnotnull(year#114), isnotnull(quarter#115), isnotnull(month#116)","",false
1,30,435,"Parquet",0,0,0,0,"InMemoryFileIndex(1 paths)[s3a://goes-se-sandbox/data/warehouse/tablespace/external/hive/demo_pauldefusco.db/customers_skewed]","IsNotNull(customer_id)","customer_id:bigint,credit_score:int","isnotnull(customer_id#1950L)","",false
1,30,77,"Parquet",0,0,0,0,"InMemoryFileIndex(1 paths)[s3a://goes-se-sandbox/data/warehouse/tablespace/external/hive/demo_pauldefusco.db/customers_skewed]","IsNotNull(customer_id), IsNotNull(customer_segment), IsNotNull(risk_rating)","customer_id:bigint,credit_score:int,customer_segment:string,risk_rating:string","isnotnull(customer_id#30L), isnotnull(customer_segment#37), isnotnull(risk_rating#39)","",false
1,30,337,"Parquet",0,0,0,0,"InMemoryFileIndex(1 paths)[s3a://goes-se-sandbox/data/warehouse/tablespace/external/hive/demo_pauldefusco.db/customers_skewed]","IsNotNull(customer_id), IsNotNull(customer_segment)","customer_id:bigint,customer_segment:string","isnotnull(customer_id#1676L), isnotnull(customer_segment#1683)","",false
1,30,146,"Parquet",0,0,0,0,"InMemoryFileIndex(1 paths)[s3a://goes-se-sandbox/data/warehouse/tablespace/external/hive/demo_pauldefusco.db/customers_skewed]","IsNotNull(customer_id), IsNotNull(customer_segment), IsNotNull(risk_rating)","customer_id:bigint,customer_segment:string,risk_rating:string","isnotnull(customer_id#1152L), isnotnull(customer_segment#1159), isnotnull(risk_rating#1161)","",false
1,30,161,"Parquet",0,0,0,0,"InMemoryFileIndex(1 paths)[s3a://goes-se-sandbox/data/warehouse/tablespace/external/hive/demo_pauldefusco.db/merchants_skewed]","IsNotNull(merchant_id)","merchant_id:bigint","isnotnull(merchant_id#1172L)","",false
1,30,347,"Parquet",0,0,0,0,"InMemoryFileIndex(1 paths)[s3a://goes-se-sandbox/data/warehouse/tablespace/external/hive/demo_pauldefusco.db/merchants_skewed]","IsNotNull(merchant_id), IsNotNull(merchant_category)","merchant_id:bigint,merchant_category:string","isnotnull(merchant_id#1696L), isnotnull(merchant_category#1699)","",false
1,30,92,"Parquet",0,0,0,0,"InMemoryFileIndex(1 paths)[s3a://goes-se-sandbox/data/warehouse/tablespace/external/hive/demo_pauldefusco.db/merchants_skewed]","IsNotNull(merchant_id), IsNotNull(merchant_category), IsNotNull(region)","merchant_id:bigint,region:string,merchant_category:string","isnotnull(merchant_id#70L), isnotnull(merchant_category#73), isnotnull(region#72)","",false
1,30,251,"Parquet",0,0,0,0,"InMemoryFileIndex(1 paths)[s3a://goes-se-sandbox/data/warehouse/tablespace/external/hive/demo_pauldefusco.db/merchants_skewed]","IsNotNull(merchant_id), IsNotNull(merchant_category), IsNotNull(region)","merchant_id:bigint,region:string,merchant_category:string","isnotnull(merchant_id#70L), isnotnull(merchant_category#73), isnotnull(region#72)","",false
1,30,70,"Parquet",0,0,0,0,"InMemoryFileIndex(1 paths)[s3a://goes-se-sandbox/data/warehouse/tablespace/external/hive/demo_pauldefusco.db/trs_v25]","IsNotNull(customer_id), IsNotNull(account_id), IsNotNull(merchant_id), IsNotNull(branch_id), IsNotNull(transaction_date)","customer_id:bigint,account_id:bigint,merchant_id:bigint,branch_id:bigint,transaction_date:date,transaction_amount:double","isnotnull(customer_id#1L), isnotnull(account_id#2L), isnotnull(merchant_id#3L), isnotnull(branch_id#4L), isnotnull(transaction_date#5)","",false
1,30,139,"Parquet",0,0,0,0,"InMemoryFileIndex(1 paths)[s3a://goes-se-sandbox/data/warehouse/tablespace/external/hive/demo_pauldefusco.db/trs_v25]","IsNotNull(customer_id), IsNotNull(account_id), IsNotNull(merchant_id), IsNotNull(branch_id), IsNotNull(transaction_date)","customer_id:bigint,account_id:bigint,merchant_id:bigint,branch_id:bigint,transaction_date:date,transaction_amount:double,fraud_flag:int","isnotnull(customer_id#1138L), isnotnull(account_id#1139L), isnotnull(merchant_id#1140L), isnotnull(branch_id#1141L), isnotnull(transaction_date#1142)","",false
1,30,210,"Parquet",0,0,0,0,"InMemoryFileIndex(1 paths)[s3a://goes-se-sandbox/data/warehouse/tablespace/external/hive/demo_pauldefusco.db/trs_v25]","IsNotNull(customer_id), IsNotNull(account_id), IsNotNull(merchant_id), IsNotNull(branch_id), IsNotNull(transaction_date)","customer_id:bigint,account_id:bigint,merchant_id:bigint,branch_id:bigint,transaction_date:date,transaction_amount:double,fraud_flag:int","isnotnull(customer_id#1138L), isnotnull(account_id#1139L), isnotnull(merchant_id#1140L), isnotnull(branch_id#1141L), isnotnull(transaction_date#1142)","",false
1,30,287,"Parquet",0,0,0,0,"InMemoryFileIndex(1 paths)[s3a://goes-se-sandbox/data/warehouse/tablespace/external/hive/demo_pauldefusco.db/trs_v25]","IsNotNull(customer_id), IsNotNull(account_id), IsNotNull(merchant_id), IsNotNull(branch_id), IsNotNull(transaction_date)","customer_id:bigint,account_id:bigint,merchant_id:bigint,branch_id:bigint,transaction_date:date,transaction_amount:double,fraud_flag:int","isnotnull(customer_id#1138L), isnotnull(account_id#1139L), isnotnull(merchant_id#1140L), isnotnull(branch_id#1141L), isnotnull(transaction_date#1142)","",false
1,31,156,"Parquet",0,0,0,0,"InMemoryFileIndex(1 paths)[s3a://goes-se-sandbox/data/warehouse/tablespace/external/hive/demo_pauldefusco.db/accounts_skewed]","IsNotNull(account_id)","account_id:bigint","isnotnull(account_id#1163L)","",false
1,31,84,"Parquet",0,0,0,0,"InMemoryFileIndex(1 paths)[s3a://goes-se-sandbox/data/warehouse/tablespace/external/hive/demo_pauldefusco.db/accounts_skewed]","IsNotNull(account_id), IsNotNull(account_type)","account_id:bigint,account_type:string","isnotnull(account_id#51L), isnotnull(account_type#52)","",false
1,31,172,"Parquet",0,0,0,0,"InMemoryFileIndex(1 paths)[s3a://goes-se-sandbox/data/warehouse/tablespace/external/hive/demo_pauldefusco.db/branches_skewed]","IsNotNull(branch_id)","branch_id:bigint","isnotnull(branch_id#1182L)","",false
1,31,98,"Parquet",0,0,0,0,"InMemoryFileIndex(1 paths)[s3a://goes-se-sandbox/data/warehouse/tablespace/external/hive/demo_pauldefusco.db/branches_skewed]","IsNotNull(branch_id), IsNotNull(state), IsNotNull(region)","branch_id:bigint,state:string,region:string","isnotnull(branch_id#90L), isnotnull(state#92), isnotnull(region#93)","",false
1,31,178,"Parquet",0,0,0,0,"InMemoryFileIndex(1 paths)[s3a://goes-se-sandbox/data/warehouse/tablespace/external/hive/demo_pauldefusco.db/calendar]","IsNotNull(calendar_date)","calendar_date:date","isnotnull(calendar_date#1193)","",false
1,31,359,"Parquet",0,0,0,0,"InMemoryFileIndex(1 paths)[s3a://goes-se-sandbox/data/warehouse/tablespace/external/hive/demo_pauldefusco.db/calendar]","IsNotNull(calendar_date), IsNotNull(year), IsNotNull(month)","calendar_date:date,year:int,month:int","isnotnull(calendar_date#1717), isnotnull(year#1719), isnotnull(month#1721)","",false
1,31,305,"Parquet",0,0,0,0,"InMemoryFileIndex(1 paths)[s3a://goes-se-sandbox/data/warehouse/tablespace/external/hive/demo_pauldefusco.db/calendar]","IsNotNull(calendar_date), IsNotNull(year), IsNotNull(quarter)","calendar_date:date,year:int,quarter:int","isnotnull(calendar_date#1587), isnotnull(year#1589), isnotnull(quarter#1590)","",false
1,31,104,"Parquet",0,0,0,0,"InMemoryFileIndex(1 paths)[s3a://goes-se-sandbox/data/warehouse/tablespace/external/hive/demo_pauldefusco.db/calendar]","IsNotNull(calendar_date), IsNotNull(year), IsNotNull(quarter), IsNotNull(month)","calendar_date:date,year:int,quarter:int,month:int","isnotnull(calendar_date#112), isnotnull(year#114), isnotnull(quarter#115), isnotnull(month#116)","",false
1,31,440,"Parquet",0,0,0,0,"InMemoryFileIndex(1 paths)[s3a://goes-se-sandbox/data/warehouse/tablespace/external/hive/demo_pauldefusco.db/customers_skewed]","IsNotNull(customer_id)","customer_id:bigint,credit_score:int","isnotnull(customer_id#1950L)","",false
1,31,77,"Parquet",0,0,0,0,"InMemoryFileIndex(1 paths)[s3a://goes-se-sandbox/data/warehouse/tablespace/external/hive/demo_pauldefusco.db/customers_skewed]","IsNotNull(customer_id), IsNotNull(customer_segment), IsNotNull(risk_rating)","customer_id:bigint,credit_score:int,customer_segment:string,risk_rating:string","isnotnull(customer_id#30L), isnotnull(customer_segment#37), isnotnull(risk_rating#39)","",false
1,31,342,"Parquet",0,0,0,0,"InMemoryFileIndex(1 paths)[s3a://goes-se-sandbox/data/warehouse/tablespace/external/hive/demo_pauldefusco.db/customers_skewed]","IsNotNull(customer_id), IsNotNull(customer_segment)","customer_id:bigint,customer_segment:string","isnotnull(customer_id#1676L), isnotnull(customer_segment#1683)","",false
1,31,149,"Parquet",0,0,0,0,"InMemoryFileIndex(1 paths)[s3a://goes-se-sandbox/data/warehouse/tablespace/external/hive/demo_pauldefusco.db/customers_skewed]","IsNotNull(customer_id), IsNotNull(customer_segment), IsNotNull(risk_rating)","customer_id:bigint,customer_segment:string,risk_rating:string","isnotnull(customer_id#1152L), isnotnull(customer_segment#1159), isnotnull(risk_rating#1161)","",false
1,31,164,"Parquet",0,0,0,0,"InMemoryFileIndex(1 paths)[s3a://goes-se-sandbox/data/warehouse/tablespace/external/hive/demo_pauldefusco.db/merchants_skewed]","IsNotNull(merchant_id)","merchant_id:bigint","isnotnull(merchant_id#1172L)","",false
1,31,352,"Parquet",0,0,0,0,"InMemoryFileIndex(1 paths)[s3a://goes-se-sandbox/data/warehouse/tablespace/external/hive/demo_pauldefusco.db/merchants_skewed]","IsNotNull(merchant_id), IsNotNull(merchant_category)","merchant_id:bigint,merchant_category:string","isnotnull(merchant_id#1696L), isnotnull(merchant_category#1699)","",false
1,31,92,"Parquet",0,0,0,0,"InMemoryFileIndex(1 paths)[s3a://goes-se-sandbox/data/warehouse/tablespace/external/hive/demo_pauldefusco.db/merchants_skewed]","IsNotNull(merchant_id), IsNotNull(merchant_category), IsNotNull(region)","merchant_id:bigint,region:string,merchant_category:string","isnotnull(merchant_id#70L), isnotnull(merchant_category#73), isnotnull(region#72)","",false
1,31,256,"Parquet",0,0,0,0,"InMemoryFileIndex(1 paths)[s3a://goes-se-sandbox/data/warehouse/tablespace/external/hive/demo_pauldefusco.db/merchants_skewed]","IsNotNull(merchant_id), IsNotNull(merchant_category), IsNotNull(region)","merchant_id:bigint,region:string,merchant_category:string","isnotnull(merchant_id#70L), isnotnull(merchant_category#73), isnotnull(region#72)","",false
1,31,70,"Parquet",0,0,0,0,"InMemoryFileIndex(1 paths)[s3a://goes-se-sandbox/data/warehouse/tablespace/external/hive/demo_pauldefusco.db/trs_v25]","IsNotNull(customer_id), IsNotNull(account_id), IsNotNull(merchant_id), IsNotNull(branch_id), IsNotNull(transaction_date)","customer_id:bigint,account_id:bigint,merchant_id:bigint,branch_id:bigint,transaction_date:date,transaction_amount:double","isnotnull(customer_id#1L), isnotnull(account_id#2L), isnotnull(merchant_id#3L), isnotnull(branch_id#4L), isnotnull(transaction_date#5)","",false
1,31,142,"Parquet",0,0,0,0,"InMemoryFileIndex(1 paths)[s3a://goes-se-sandbox/data/warehouse/tablespace/external/hive/demo_pauldefusco.db/trs_v25]","IsNotNull(customer_id), IsNotNull(account_id), IsNotNull(merchant_id), IsNotNull(branch_id), IsNotNull(transaction_date)","customer_id:bigint,account_id:bigint,merchant_id:bigint,branch_id:bigint,transaction_date:date,transaction_amount:double,fraud_flag:int","isnotnull(customer_id#1138L), isnotnull(account_id#1139L), isnotnull(merchant_id#1140L), isnotnull(branch_id#1141L), isnotnull(transaction_date#1142)","",false
1,31,215,"Parquet",0,0,0,0,"InMemoryFileIndex(1 paths)[s3a://goes-se-sandbox/data/warehouse/tablespace/external/hive/demo_pauldefusco.db/trs_v25]","IsNotNull(customer_id), IsNotNull(account_id), IsNotNull(merchant_id), IsNotNull(branch_id), IsNotNull(transaction_date)","customer_id:bigint,account_id:bigint,merchant_id:bigint,branch_id:bigint,transaction_date:date,transaction_amount:double,fraud_flag:int","isnotnull(customer_id#1138L), isnotnull(account_id#1139L), isnotnull(merchant_id#1140L), isnotnull(branch_id#1141L), isnotnull(transaction_date#1142)","",false
1,31,292,"Parquet",0,0,0,0,"InMemoryFileIndex(1 paths)[s3a://goes-se-sandbox/data/warehouse/tablespace/external/hive/demo_pauldefusco.db/trs_v25]","IsNotNull(customer_id), IsNotNull(account_id), IsNotNull(merchant_id), IsNotNull(branch_id), IsNotNull(transaction_date)","customer_id:bigint,account_id:bigint,merchant_id:bigint,branch_id:bigint,transaction_date:date,transaction_amount:double,fraud_flag:int","isnotnull(customer_id#1138L), isnotnull(account_id#1139L), isnotnull(merchant_id#1140L), isnotnull(branch_id#1141L), isnotnull(transaction_date#1142)","",false
1,32,161,"Parquet",0,0,0,0,"InMemoryFileIndex(1 paths)[s3a://goes-se-sandbox/data/warehouse/tablespace/external/hive/demo_pauldefusco.db/accounts_skewed]","IsNotNull(account_id)","account_id:bigint","isnotnull(account_id#1163L)","",false
1,32,87,"Parquet",0,0,0,0,"InMemoryFileIndex(1 paths)[s3a://goes-se-sandbox/data/warehouse/tablespace/external/hive/demo_pauldefusco.db/accounts_skewed]","IsNotNull(account_id), IsNotNull(account_type)","account_id:bigint,account_type:string","isnotnull(account_id#51L), isnotnull(account_type#52)","",false
1,32,177,"Parquet",0,0,0,0,"InMemoryFileIndex(1 paths)[s3a://goes-se-sandbox/data/warehouse/tablespace/external/hive/demo_pauldefusco.db/branches_skewed]","IsNotNull(branch_id)","branch_id:bigint","isnotnull(branch_id#1182L)","",false
1,32,103,"Parquet",0,0,0,0,"InMemoryFileIndex(1 paths)[s3a://goes-se-sandbox/data/warehouse/tablespace/external/hive/demo_pauldefusco.db/branches_skewed]","IsNotNull(branch_id), IsNotNull(state), IsNotNull(region)","branch_id:bigint,state:string,region:string","isnotnull(branch_id#90L), isnotnull(state#92), isnotnull(region#93)","",false
1,32,183,"Parquet",0,0,0,0,"InMemoryFileIndex(1 paths)[s3a://goes-se-sandbox/data/warehouse/tablespace/external/hive/demo_pauldefusco.db/calendar]","IsNotNull(calendar_date)","calendar_date:date","isnotnull(calendar_date#1193)","",false
1,32,364,"Parquet",0,0,0,0,"InMemoryFileIndex(1 paths)[s3a://goes-se-sandbox/data/warehouse/tablespace/external/hive/demo_pauldefusco.db/calendar]","IsNotNull(calendar_date), IsNotNull(year), IsNotNull(month)","calendar_date:date,year:int,month:int","isnotnull(calendar_date#1717), isnotnull(year#1719), isnotnull(month#1721)","",false
1,32,310,"Parquet",0,0,0,0,"InMemoryFileIndex(1 paths)[s3a://goes-se-sandbox/data/warehouse/tablespace/external/hive/demo_pauldefusco.db/calendar]","IsNotNull(calendar_date), IsNotNull(year), IsNotNull(quarter)","calendar_date:date,year:int,quarter:int","isnotnull(calendar_date#1587), isnotnull(year#1589), isnotnull(quarter#1590)","",false
1,32,109,"Parquet",0,0,0,0,"InMemoryFileIndex(1 paths)[s3a://goes-se-sandbox/data/warehouse/tablespace/external/hive/demo_pauldefusco.db/calendar]","IsNotNull(calendar_date), IsNotNull(year), IsNotNull(quarter), IsNotNull(month)","calendar_date:date,year:int,quarter:int,month:int","isnotnull(calendar_date#112), isnotnull(year#114), isnotnull(quarter#115), isnotnull(month#116)","",false
1,32,445,"Parquet",0,0,0,0,"InMemoryFileIndex(1 paths)[s3a://goes-se-sandbox/data/warehouse/tablespace/external/hive/demo_pauldefusco.db/customers_skewed]","IsNotNull(customer_id)","customer_id:bigint,credit_score:int","isnotnull(customer_id#1950L)","",false
1,32,80,"Parquet",0,0,0,0,"InMemoryFileIndex(1 paths)[s3a://goes-se-sandbox/data/warehouse/tablespace/external/hive/demo_pauldefusco.db/customers_skewed]","IsNotNull(customer_id), IsNotNull(customer_segment), IsNotNull(risk_rating)","customer_id:bigint,credit_score:int,customer_segment:string,risk_rating:string","isnotnull(customer_id#30L), isnotnull(customer_segment#37), isnotnull(risk_rating#39)","",false
1,32,347,"Parquet",0,0,0,0,"InMemoryFileIndex(1 paths)[s3a://goes-se-sandbox/data/warehouse/tablespace/external/hive/demo_pauldefusco.db/customers_skewed]","IsNotNull(customer_id), IsNotNull(customer_segment)","customer_id:bigint,customer_segment:string","isnotnull(customer_id#1676L), isnotnull(customer_segment#1683)","",false
1,32,154,"Parquet",0,0,0,0,"InMemoryFileIndex(1 paths)[s3a://goes-se-sandbox/data/warehouse/tablespace/external/hive/demo_pauldefusco.db/customers_skewed]","IsNotNull(customer_id), IsNotNull(customer_segment), IsNotNull(risk_rating)","customer_id:bigint,customer_segment:string,risk_rating:string","isnotnull(customer_id#1152L), isnotnull(customer_segment#1159), isnotnull(risk_rating#1161)","",false
1,32,169,"Parquet",0,0,0,0,"InMemoryFileIndex(1 paths)[s3a://goes-se-sandbox/data/warehouse/tablespace/external/hive/demo_pauldefusco.db/merchants_skewed]","IsNotNull(merchant_id)","merchant_id:bigint","isnotnull(merchant_id#1172L)","",false
1,32,357,"Parquet",0,0,0,0,"InMemoryFileIndex(1 paths)[s3a://goes-se-sandbox/data/warehouse/tablespace/external/hive/demo_pauldefusco.db/merchants_skewed]","IsNotNull(merchant_id), IsNotNull(merchant_category)","merchant_id:bigint,merchant_category:string","isnotnull(merchant_id#1696L), isnotnull(merchant_category#1699)","",false
1,32,95,"Parquet",0,0,0,0,"InMemoryFileIndex(1 paths)[s3a://goes-se-sandbox/data/warehouse/tablespace/external/hive/demo_pauldefusco.db/merchants_skewed]","IsNotNull(merchant_id), IsNotNull(merchant_category), IsNotNull(region)","merchant_id:bigint,region:string,merchant_category:string","isnotnull(merchant_id#70L), isnotnull(merchant_category#73), isnotnull(region#72)","",false
1,32,261,"Parquet",0,0,0,0,"InMemoryFileIndex(1 paths)[s3a://goes-se-sandbox/data/warehouse/tablespace/external/hive/demo_pauldefusco.db/merchants_skewed]","IsNotNull(merchant_id), IsNotNull(merchant_category), IsNotNull(region)","merchant_id:bigint,region:string,merchant_category:string","isnotnull(merchant_id#70L), isnotnull(merchant_category#73), isnotnull(region#72)","",false
1,32,73,"Parquet",0,0,0,0,"InMemoryFileIndex(1 paths)[s3a://goes-se-sandbox/data/warehouse/tablespace/external/hive/demo_pauldefusco.db/trs_v25]","IsNotNull(customer_id), IsNotNull(account_id), IsNotNull(merchant_id), IsNotNull(branch_id), IsNotNull(transaction_date)","customer_id:bigint,account_id:bigint,merchant_id:bigint,branch_id:bigint,transaction_date:date,transaction_amount:double","isnotnull(customer_id#1L), isnotnull(account_id#2L), isnotnull(merchant_id#3L), isnotnull(branch_id#4L), isnotnull(transaction_date#5)","",false
1,32,147,"Parquet",0,0,0,0,"InMemoryFileIndex(1 paths)[s3a://goes-se-sandbox/data/warehouse/tablespace/external/hive/demo_pauldefusco.db/trs_v25]","IsNotNull(customer_id), IsNotNull(account_id), IsNotNull(merchant_id), IsNotNull(branch_id), IsNotNull(transaction_date)","customer_id:bigint,account_id:bigint,merchant_id:bigint,branch_id:bigint,transaction_date:date,transaction_amount:double,fraud_flag:int","isnotnull(customer_id#1138L), isnotnull(account_id#1139L), isnotnull(merchant_id#1140L), isnotnull(branch_id#1141L), isnotnull(transaction_date#1142)","",false
1,32,220,"Parquet",0,0,0,0,"InMemoryFileIndex(1 paths)[s3a://goes-se-sandbox/data/warehouse/tablespace/external/hive/demo_pauldefusco.db/trs_v25]","IsNotNull(customer_id), IsNotNull(account_id), IsNotNull(merchant_id), IsNotNull(branch_id), IsNotNull(transaction_date)","customer_id:bigint,account_id:bigint,merchant_id:bigint,branch_id:bigint,transaction_date:date,transaction_amount:double,fraud_flag:int","isnotnull(customer_id#1138L), isnotnull(account_id#1139L), isnotnull(merchant_id#1140L), isnotnull(branch_id#1141L), isnotnull(transaction_date#1142)","",false
1,32,297,"Parquet",0,0,0,0,"InMemoryFileIndex(1 paths)[s3a://goes-se-sandbox/data/warehouse/tablespace/external/hive/demo_pauldefusco.db/trs_v25]","IsNotNull(customer_id), IsNotNull(account_id), IsNotNull(merchant_id), IsNotNull(branch_id), IsNotNull(transaction_date)","customer_id:bigint,account_id:bigint,merchant_id:bigint,branch_id:bigint,transaction_date:date,transaction_amount:double,fraud_flag:int","isnotnull(customer_id#1138L), isnotnull(account_id#1139L), isnotnull(merchant_id#1140L), isnotnull(branch_id#1141L), isnotnull(transaction_date#1142)","",false
1,33,161,"Parquet",0,0,0,0,"InMemoryFileIndex(1 paths)[s3a://goes-se-sandbox/data/warehouse/tablespace/external/hive/demo_pauldefusco.db/accounts_skewed]","IsNotNull(account_id)","account_id:bigint","isnotnull(account_id#1163L)","",false
1,33,87,"Parquet",0,0,0,0,"InMemoryFileIndex(1 paths)[s3a://goes-se-sandbox/data/warehouse/tablespace/external/hive/demo_pauldefusco.db/accounts_skewed]","IsNotNull(account_id), IsNotNull(account_type)","account_id:bigint,account_type:string","isnotnull(account_id#51L), isnotnull(account_type#52)","",false
1,33,177,"Parquet",0,0,0,0,"InMemoryFileIndex(1 paths)[s3a://goes-se-sandbox/data/warehouse/tablespace/external/hive/demo_pauldefusco.db/branches_skewed]","IsNotNull(branch_id)","branch_id:bigint","isnotnull(branch_id#1182L)","",false
1,33,103,"Parquet",0,0,0,0,"InMemoryFileIndex(1 paths)[s3a://goes-se-sandbox/data/warehouse/tablespace/external/hive/demo_pauldefusco.db/branches_skewed]","IsNotNull(branch_id), IsNotNull(state), IsNotNull(region)","branch_id:bigint,state:string,region:string","isnotnull(branch_id#90L), isnotnull(state#92), isnotnull(region#93)","",false
1,33,183,"Parquet",0,0,0,0,"InMemoryFileIndex(1 paths)[s3a://goes-se-sandbox/data/warehouse/tablespace/external/hive/demo_pauldefusco.db/calendar]","IsNotNull(calendar_date)","calendar_date:date","isnotnull(calendar_date#1193)","",false
1,33,364,"Parquet",0,0,0,0,"InMemoryFileIndex(1 paths)[s3a://goes-se-sandbox/data/warehouse/tablespace/external/hive/demo_pauldefusco.db/calendar]","IsNotNull(calendar_date), IsNotNull(year), IsNotNull(month)","calendar_date:date,year:int,month:int","isnotnull(calendar_date#1717), isnotnull(year#1719), isnotnull(month#1721)","",false
1,33,310,"Parquet",0,0,0,0,"InMemoryFileIndex(1 paths)[s3a://goes-se-sandbox/data/warehouse/tablespace/external/hive/demo_pauldefusco.db/calendar]","IsNotNull(calendar_date), IsNotNull(year), IsNotNull(quarter)","calendar_date:date,year:int,quarter:int","isnotnull(calendar_date#1587), isnotnull(year#1589), isnotnull(quarter#1590)","",false
1,33,109,"Parquet",0,0,0,0,"InMemoryFileIndex(1 paths)[s3a://goes-se-sandbox/data/warehouse/tablespace/external/hive/demo_pauldefusco.db/calendar]","IsNotNull(calendar_date), IsNotNull(year), IsNotNull(quarter), IsNotNull(month)","calendar_date:date,year:int,quarter:int,month:int","isnotnull(calendar_date#112), isnotnull(year#114), isnotnull(quarter#115), isnotnull(month#116)","",false
1,33,445,"Parquet",0,0,0,0,"InMemoryFileIndex(1 paths)[s3a://goes-se-sandbox/data/warehouse/tablespace/external/hive/demo_pauldefusco.db/customers_skewed]","IsNotNull(customer_id)","customer_id:bigint,credit_score:int","isnotnull(customer_id#1950L)","",false
1,33,80,"Parquet",0,0,0,0,"InMemoryFileIndex(1 paths)[s3a://goes-se-sandbox/data/warehouse/tablespace/external/hive/demo_pauldefusco.db/customers_skewed]","IsNotNull(customer_id), IsNotNull(customer_segment), IsNotNull(risk_rating)","customer_id:bigint,credit_score:int,customer_segment:string,risk_rating:string","isnotnull(customer_id#30L), isnotnull(customer_segment#37), isnotnull(risk_rating#39)","",false
1,33,347,"Parquet",0,0,0,0,"InMemoryFileIndex(1 paths)[s3a://goes-se-sandbox/data/warehouse/tablespace/external/hive/demo_pauldefusco.db/customers_skewed]","IsNotNull(customer_id), IsNotNull(customer_segment)","customer_id:bigint,customer_segment:string","isnotnull(customer_id#1676L), isnotnull(customer_segment#1683)","",false
1,33,154,"Parquet",0,0,0,0,"InMemoryFileIndex(1 paths)[s3a://goes-se-sandbox/data/warehouse/tablespace/external/hive/demo_pauldefusco.db/customers_skewed]","IsNotNull(customer_id), IsNotNull(customer_segment), IsNotNull(risk_rating)","customer_id:bigint,customer_segment:string,risk_rating:string","isnotnull(customer_id#1152L), isnotnull(customer_segment#1159), isnotnull(risk_rating#1161)","",false
1,33,169,"Parquet",0,0,0,0,"InMemoryFileIndex(1 paths)[s3a://goes-se-sandbox/data/warehouse/tablespace/external/hive/demo_pauldefusco.db/merchants_skewed]","IsNotNull(merchant_id)","merchant_id:bigint","isnotnull(merchant_id#1172L)","",false
1,33,357,"Parquet",0,0,0,0,"InMemoryFileIndex(1 paths)[s3a://goes-se-sandbox/data/warehouse/tablespace/external/hive/demo_pauldefusco.db/merchants_skewed]","IsNotNull(merchant_id), IsNotNull(merchant_category)","merchant_id:bigint,merchant_category:string","isnotnull(merchant_id#1696L), isnotnull(merchant_category#1699)","",false
1,33,95,"Parquet",0,0,0,0,"InMemoryFileIndex(1 paths)[s3a://goes-se-sandbox/data/warehouse/tablespace/external/hive/demo_pauldefusco.db/merchants_skewed]","IsNotNull(merchant_id), IsNotNull(merchant_category), IsNotNull(region)","merchant_id:bigint,region:string,merchant_category:string","isnotnull(merchant_id#70L), isnotnull(merchant_category#73), isnotnull(region#72)","",false
1,33,261,"Parquet",0,0,0,0,"InMemoryFileIndex(1 paths)[s3a://goes-se-sandbox/data/warehouse/tablespace/external/hive/demo_pauldefusco.db/merchants_skewed]","IsNotNull(merchant_id), IsNotNull(merchant_category), IsNotNull(region)","merchant_id:bigint,region:string,merchant_category:string","isnotnull(merchant_id#70L), isnotnull(merchant_category#73), isnotnull(region#72)","",false
1,33,73,"Parquet",0,0,0,0,"InMemoryFileIndex(1 paths)[s3a://goes-se-sandbox/data/warehouse/tablespace/external/hive/demo_pauldefusco.db/trs_v25]","IsNotNull(customer_id), IsNotNull(account_id), IsNotNull(merchant_id), IsNotNull(branch_id), IsNotNull(transaction_date)","customer_id:bigint,account_id:bigint,merchant_id:bigint,branch_id:bigint,transaction_date:date,transaction_amount:double","isnotnull(customer_id#1L), isnotnull(account_id#2L), isnotnull(merchant_id#3L), isnotnull(branch_id#4L), isnotnull(transaction_date#5)","",false
1,33,147,"Parquet",0,0,0,0,"InMemoryFileIndex(1 paths)[s3a://goes-se-sandbox/data/warehouse/tablespace/external/hive/demo_pauldefusco.db/trs_v25]","IsNotNull(customer_id), IsNotNull(account_id), IsNotNull(merchant_id), IsNotNull(branch_id), IsNotNull(transaction_date)","customer_id:bigint,account_id:bigint,merchant_id:bigint,branch_id:bigint,transaction_date:date,transaction_amount:double,fraud_flag:int","isnotnull(customer_id#1138L), isnotnull(account_id#1139L), isnotnull(merchant_id#1140L), isnotnull(branch_id#1141L), isnotnull(transaction_date#1142)","",false
1,33,220,"Parquet",0,0,0,0,"InMemoryFileIndex(1 paths)[s3a://goes-se-sandbox/data/warehouse/tablespace/external/hive/demo_pauldefusco.db/trs_v25]","IsNotNull(customer_id), IsNotNull(account_id), IsNotNull(merchant_id), IsNotNull(branch_id), IsNotNull(transaction_date)","customer_id:bigint,account_id:bigint,merchant_id:bigint,branch_id:bigint,transaction_date:date,transaction_amount:double,fraud_flag:int","isnotnull(customer_id#1138L), isnotnull(account_id#1139L), isnotnull(merchant_id#1140L), isnotnull(branch_id#1141L), isnotnull(transaction_date#1142)","",false
1,33,297,"Parquet",0,0,0,0,"InMemoryFileIndex(1 paths)[s3a://goes-se-sandbox/data/warehouse/tablespace/external/hive/demo_pauldefusco.db/trs_v25]","IsNotNull(customer_id), IsNotNull(account_id), IsNotNull(merchant_id), IsNotNull(branch_id), IsNotNull(transaction_date)","customer_id:bigint,account_id:bigint,merchant_id:bigint,branch_id:bigint,transaction_date:date,transaction_amount:double,fraud_flag:int","isnotnull(customer_id#1138L), isnotnull(account_id#1139L), isnotnull(merchant_id#1140L), isnotnull(branch_id#1141L), isnotnull(transaction_date#1142)","",false
1,34,161,"Parquet",0,0,0,0,"InMemoryFileIndex(1 paths)[s3a://goes-se-sandbox/data/warehouse/tablespace/external/hive/demo_pauldefusco.db/accounts_skewed]","IsNotNull(account_id)","account_id:bigint","isnotnull(account_id#1163L)","",false
1,34,87,"Parquet",0,0,0,0,"InMemoryFileIndex(1 paths)[s3a://goes-se-sandbox/data/warehouse/tablespace/external/hive/demo_pauldefusco.db/accounts_skewed]","IsNotNull(account_id), IsNotNull(account_type)","account_id:bigint,account_type:string","isnotnull(account_id#51L), isnotnull(account_type#52)","",false
1,34,177,"Parquet",0,0,0,0,"InMemoryFileIndex(1 paths)[s3a://goes-se-sandbox/data/warehouse/tablespace/external/hive/demo_pauldefusco.db/branches_skewed]","IsNotNull(branch_id)","branch_id:bigint","isnotnull(branch_id#1182L)","",false
1,34,103,"Parquet",0,0,0,0,"InMemoryFileIndex(1 paths)[s3a://goes-se-sandbox/data/warehouse/tablespace/external/hive/demo_pauldefusco.db/branches_skewed]","IsNotNull(branch_id), IsNotNull(state), IsNotNull(region)","branch_id:bigint,state:string,region:string","isnotnull(branch_id#90L), isnotnull(state#92), isnotnull(region#93)","",false
1,34,183,"Parquet",0,0,0,0,"InMemoryFileIndex(1 paths)[s3a://goes-se-sandbox/data/warehouse/tablespace/external/hive/demo_pauldefusco.db/calendar]","IsNotNull(calendar_date)","calendar_date:date","isnotnull(calendar_date#1193)","",false
1,34,369,"Parquet",0,0,0,0,"InMemoryFileIndex(1 paths)[s3a://goes-se-sandbox/data/warehouse/tablespace/external/hive/demo_pauldefusco.db/calendar]","IsNotNull(calendar_date), IsNotNull(year), IsNotNull(month)","calendar_date:date,year:int,month:int","isnotnull(calendar_date#1717), isnotnull(year#1719), isnotnull(month#1721)","",false
1,34,315,"Parquet",0,0,0,0,"InMemoryFileIndex(1 paths)[s3a://goes-se-sandbox/data/warehouse/tablespace/external/hive/demo_pauldefusco.db/calendar]","IsNotNull(calendar_date), IsNotNull(year), IsNotNull(quarter)","calendar_date:date,year:int,quarter:int","isnotnull(calendar_date#1587), isnotnull(year#1589), isnotnull(quarter#1590)","",false
1,34,109,"Parquet",0,0,0,0,"InMemoryFileIndex(1 paths)[s3a://goes-se-sandbox/data/warehouse/tablespace/external/hive/demo_pauldefusco.db/calendar]","IsNotNull(calendar_date), IsNotNull(year), IsNotNull(quarter), IsNotNull(month)","calendar_date:date,year:int,quarter:int,month:int","isnotnull(calendar_date#112), isnotnull(year#114), isnotnull(quarter#115), isnotnull(month#116)","",false
1,34,450,"Parquet",0,0,0,0,"InMemoryFileIndex(1 paths)[s3a://goes-se-sandbox/data/warehouse/tablespace/external/hive/demo_pauldefusco.db/customers_skewed]","IsNotNull(customer_id)","customer_id:bigint,credit_score:int","isnotnull(customer_id#1950L)","",false
1,34,80,"Parquet",0,0,0,0,"InMemoryFileIndex(1 paths)[s3a://goes-se-sandbox/data/warehouse/tablespace/external/hive/demo_pauldefusco.db/customers_skewed]","IsNotNull(customer_id), IsNotNull(customer_segment), IsNotNull(risk_rating)","customer_id:bigint,credit_score:int,customer_segment:string,risk_rating:string","isnotnull(customer_id#30L), isnotnull(customer_segment#37), isnotnull(risk_rating#39)","",false
1,34,352,"Parquet",0,0,0,0,"InMemoryFileIndex(1 paths)[s3a://goes-se-sandbox/data/warehouse/tablespace/external/hive/demo_pauldefusco.db/customers_skewed]","IsNotNull(customer_id), IsNotNull(customer_segment)","customer_id:bigint,customer_segment:string","isnotnull(customer_id#1676L), isnotnull(customer_segment#1683)","",false
1,34,154,"Parquet",0,0,0,0,"InMemoryFileIndex(1 paths)[s3a://goes-se-sandbox/data/warehouse/tablespace/external/hive/demo_pauldefusco.db/customers_skewed]","IsNotNull(customer_id), IsNotNull(customer_segment), IsNotNull(risk_rating)","customer_id:bigint,customer_segment:string,risk_rating:string","isnotnull(customer_id#1152L), isnotnull(customer_segment#1159), isnotnull(risk_rating#1161)","",false
1,34,169,"Parquet",0,0,0,0,"InMemoryFileIndex(1 paths)[s3a://goes-se-sandbox/data/warehouse/tablespace/external/hive/demo_pauldefusco.db/merchants_skewed]","IsNotNull(merchant_id)","merchant_id:bigint","isnotnull(merchant_id#1172L)","",false
1,34,362,"Parquet",0,0,0,0,"InMemoryFileIndex(1 paths)[s3a://goes-se-sandbox/data/warehouse/tablespace/external/hive/demo_pauldefusco.db/merchants_skewed]","IsNotNull(merchant_id), IsNotNull(merchant_category)","merchant_id:bigint,merchant_category:string","isnotnull(merchant_id#1696L), isnotnull(merchant_category#1699)","",false
1,34,95,"Parquet",0,0,0,0,"InMemoryFileIndex(1 paths)[s3a://goes-se-sandbox/data/warehouse/tablespace/external/hive/demo_pauldefusco.db/merchants_skewed]","IsNotNull(merchant_id), IsNotNull(merchant_category), IsNotNull(region)","merchant_id:bigint,region:string,merchant_category:string","isnotnull(merchant_id#70L), isnotnull(merchant_category#73), isnotnull(region#72)","",false
1,34,266,"Parquet",0,0,0,0,"InMemoryFileIndex(1 paths)[s3a://goes-se-sandbox/data/warehouse/tablespace/external/hive/demo_pauldefusco.db/merchants_skewed]","IsNotNull(merchant_id), IsNotNull(merchant_category), IsNotNull(region)","merchant_id:bigint,region:string,merchant_category:string","isnotnull(merchant_id#70L), isnotnull(merchant_category#73), isnotnull(region#72)","",false
1,34,73,"Parquet",0,0,0,0,"InMemoryFileIndex(1 paths)[s3a://goes-se-sandbox/data/warehouse/tablespace/external/hive/demo_pauldefusco.db/trs_v25]","IsNotNull(customer_id), IsNotNull(account_id), IsNotNull(merchant_id), IsNotNull(branch_id), IsNotNull(transaction_date)","customer_id:bigint,account_id:bigint,merchant_id:bigint,branch_id:bigint,transaction_date:date,transaction_amount:double","isnotnull(customer_id#1L), isnotnull(account_id#2L), isnotnull(merchant_id#3L), isnotnull(branch_id#4L), isnotnull(transaction_date#5)","",false
1,34,147,"Parquet",0,0,0,0,"InMemoryFileIndex(1 paths)[s3a://goes-se-sandbox/data/warehouse/tablespace/external/hive/demo_pauldefusco.db/trs_v25]","IsNotNull(customer_id), IsNotNull(account_id), IsNotNull(merchant_id), IsNotNull(branch_id), IsNotNull(transaction_date)","customer_id:bigint,account_id:bigint,merchant_id:bigint,branch_id:bigint,transaction_date:date,transaction_amount:double,fraud_flag:int","isnotnull(customer_id#1138L), isnotnull(account_id#1139L), isnotnull(merchant_id#1140L), isnotnull(branch_id#1141L), isnotnull(transaction_date#1142)","",false
1,34,223,"Parquet",0,0,0,0,"InMemoryFileIndex(1 paths)[s3a://goes-se-sandbox/data/warehouse/tablespace/external/hive/demo_pauldefusco.db/trs_v25]","IsNotNull(customer_id), IsNotNull(account_id), IsNotNull(merchant_id), IsNotNull(branch_id), IsNotNull(transaction_date)","customer_id:bigint,account_id:bigint,merchant_id:bigint,branch_id:bigint,transaction_date:date,transaction_amount:double,fraud_flag:int","isnotnull(customer_id#1138L), isnotnull(account_id#1139L), isnotnull(merchant_id#1140L), isnotnull(branch_id#1141L), isnotnull(transaction_date#1142)","",false
1,34,302,"Parquet",0,0,0,0,"InMemoryFileIndex(1 paths)[s3a://goes-se-sandbox/data/warehouse/tablespace/external/hive/demo_pauldefusco.db/trs_v25]","IsNotNull(customer_id), IsNotNull(account_id), IsNotNull(merchant_id), IsNotNull(branch_id), IsNotNull(transaction_date)","customer_id:bigint,account_id:bigint,merchant_id:bigint,branch_id:bigint,transaction_date:date,transaction_amount:double,fraud_flag:int","isnotnull(customer_id#1138L), isnotnull(account_id#1139L), isnotnull(merchant_id#1140L), isnotnull(branch_id#1141L), isnotnull(transaction_date#1142)","",false
1,35,161,"Parquet",0,0,0,0,"InMemoryFileIndex(1 paths)[s3a://goes-se-sandbox/data/warehouse/tablespace/external/hive/demo_pauldefusco.db/accounts_skewed]","IsNotNull(account_id)","account_id:bigint","isnotnull(account_id#1163L)","",false
1,35,87,"Parquet",0,0,0,0,"InMemoryFileIndex(1 paths)[s3a://goes-se-sandbox/data/warehouse/tablespace/external/hive/demo_pauldefusco.db/accounts_skewed]","IsNotNull(account_id), IsNotNull(account_type)","account_id:bigint,account_type:string","isnotnull(account_id#51L), isnotnull(account_type#52)","",false
1,35,177,"Parquet",0,0,0,0,"InMemoryFileIndex(1 paths)[s3a://goes-se-sandbox/data/warehouse/tablespace/external/hive/demo_pauldefusco.db/branches_skewed]","IsNotNull(branch_id)","branch_id:bigint","isnotnull(branch_id#1182L)","",false
1,35,103,"Parquet",0,0,0,0,"InMemoryFileIndex(1 paths)[s3a://goes-se-sandbox/data/warehouse/tablespace/external/hive/demo_pauldefusco.db/branches_skewed]","IsNotNull(branch_id), IsNotNull(state), IsNotNull(region)","branch_id:bigint,state:string,region:string","isnotnull(branch_id#90L), isnotnull(state#92), isnotnull(region#93)","",false
1,35,183,"Parquet",0,0,0,0,"InMemoryFileIndex(1 paths)[s3a://goes-se-sandbox/data/warehouse/tablespace/external/hive/demo_pauldefusco.db/calendar]","IsNotNull(calendar_date)","calendar_date:date","isnotnull(calendar_date#1193)","",false
1,35,369,"Parquet",0,0,0,0,"InMemoryFileIndex(1 paths)[s3a://goes-se-sandbox/data/warehouse/tablespace/external/hive/demo_pauldefusco.db/calendar]","IsNotNull(calendar_date), IsNotNull(year), IsNotNull(month)","calendar_date:date,year:int,month:int","isnotnull(calendar_date#1717), isnotnull(year#1719), isnotnull(month#1721)","",false
1,35,315,"Parquet",0,0,0,0,"InMemoryFileIndex(1 paths)[s3a://goes-se-sandbox/data/warehouse/tablespace/external/hive/demo_pauldefusco.db/calendar]","IsNotNull(calendar_date), IsNotNull(year), IsNotNull(quarter)","calendar_date:date,year:int,quarter:int","isnotnull(calendar_date#1587), isnotnull(year#1589), isnotnull(quarter#1590)","",false
1,35,109,"Parquet",0,0,0,0,"InMemoryFileIndex(1 paths)[s3a://goes-se-sandbox/data/warehouse/tablespace/external/hive/demo_pauldefusco.db/calendar]","IsNotNull(calendar_date), IsNotNull(year), IsNotNull(quarter), IsNotNull(month)","calendar_date:date,year:int,quarter:int,month:int","isnotnull(calendar_date#112), isnotnull(year#114), isnotnull(quarter#115), isnotnull(month#116)","",false
1,35,450,"Parquet",0,0,0,0,"InMemoryFileIndex(1 paths)[s3a://goes-se-sandbox/data/warehouse/tablespace/external/hive/demo_pauldefusco.db/customers_skewed]","IsNotNull(customer_id)","customer_id:bigint,credit_score:int","isnotnull(customer_id#1950L)","",false
1,35,80,"Parquet",0,0,0,0,"InMemoryFileIndex(1 paths)[s3a://goes-se-sandbox/data/warehouse/tablespace/external/hive/demo_pauldefusco.db/customers_skewed]","IsNotNull(customer_id), IsNotNull(customer_segment), IsNotNull(risk_rating)","customer_id:bigint,credit_score:int,customer_segment:string,risk_rating:string","isnotnull(customer_id#30L), isnotnull(customer_segment#37), isnotnull(risk_rating#39)","",false
1,35,352,"Parquet",0,0,0,0,"InMemoryFileIndex(1 paths)[s3a://goes-se-sandbox/data/warehouse/tablespace/external/hive/demo_pauldefusco.db/customers_skewed]","IsNotNull(customer_id), IsNotNull(customer_segment)","customer_id:bigint,customer_segment:string","isnotnull(customer_id#1676L), isnotnull(customer_segment#1683)","",false
1,35,154,"Parquet",0,0,0,0,"InMemoryFileIndex(1 paths)[s3a://goes-se-sandbox/data/warehouse/tablespace/external/hive/demo_pauldefusco.db/customers_skewed]","IsNotNull(customer_id), IsNotNull(customer_segment), IsNotNull(risk_rating)","customer_id:bigint,customer_segment:string,risk_rating:string","isnotnull(customer_id#1152L), isnotnull(customer_segment#1159), isnotnull(risk_rating#1161)","",false
1,35,169,"Parquet",0,0,0,0,"InMemoryFileIndex(1 paths)[s3a://goes-se-sandbox/data/warehouse/tablespace/external/hive/demo_pauldefusco.db/merchants_skewed]","IsNotNull(merchant_id)","merchant_id:bigint","isnotnull(merchant_id#1172L)","",false
1,35,362,"Parquet",0,0,0,0,"InMemoryFileIndex(1 paths)[s3a://goes-se-sandbox/data/warehouse/tablespace/external/hive/demo_pauldefusco.db/merchants_skewed]","IsNotNull(merchant_id), IsNotNull(merchant_category)","merchant_id:bigint,merchant_category:string","isnotnull(merchant_id#1696L), isnotnull(merchant_category#1699)","",false
1,35,95,"Parquet",0,0,0,0,"InMemoryFileIndex(1 paths)[s3a://goes-se-sandbox/data/warehouse/tablespace/external/hive/demo_pauldefusco.db/merchants_skewed]","IsNotNull(merchant_id), IsNotNull(merchant_category), IsNotNull(region)","merchant_id:bigint,region:string,merchant_category:string","isnotnull(merchant_id#70L), isnotnull(merchant_category#73), isnotnull(region#72)","",false
1,35,266,"Parquet",0,0,0,0,"InMemoryFileIndex(1 paths)[s3a://goes-se-sandbox/data/warehouse/tablespace/external/hive/demo_pauldefusco.db/merchants_skewed]","IsNotNull(merchant_id), IsNotNull(merchant_category), IsNotNull(region)","merchant_id:bigint,region:string,merchant_category:string","isnotnull(merchant_id#70L), isnotnull(merchant_category#73), isnotnull(region#72)","",false
1,35,73,"Parquet",0,0,0,0,"InMemoryFileIndex(1 paths)[s3a://goes-se-sandbox/data/warehouse/tablespace/external/hive/demo_pauldefusco.db/trs_v25]","IsNotNull(customer_id), IsNotNull(account_id), IsNotNull(merchant_id), IsNotNull(branch_id), IsNotNull(transaction_date)","customer_id:bigint,account_id:bigint,merchant_id:bigint,branch_id:bigint,transaction_date:date,transaction_amount:double","isnotnull(customer_id#1L), isnotnull(account_id#2L), isnotnull(merchant_id#3L), isnotnull(branch_id#4L), isnotnull(transaction_date#5)","",false
1,35,147,"Parquet",0,0,0,0,"InMemoryFileIndex(1 paths)[s3a://goes-se-sandbox/data/warehouse/tablespace/external/hive/demo_pauldefusco.db/trs_v25]","IsNotNull(customer_id), IsNotNull(account_id), IsNotNull(merchant_id), IsNotNull(branch_id), IsNotNull(transaction_date)","customer_id:bigint,account_id:bigint,merchant_id:bigint,branch_id:bigint,transaction_date:date,transaction_amount:double,fraud_flag:int","isnotnull(customer_id#1138L), isnotnull(account_id#1139L), isnotnull(merchant_id#1140L), isnotnull(branch_id#1141L), isnotnull(transaction_date#1142)","",false
1,35,223,"Parquet",0,0,0,0,"InMemoryFileIndex(1 paths)[s3a://goes-se-sandbox/data/warehouse/tablespace/external/hive/demo_pauldefusco.db/trs_v25]","IsNotNull(customer_id), IsNotNull(account_id), IsNotNull(merchant_id), IsNotNull(branch_id), IsNotNull(transaction_date)","customer_id:bigint,account_id:bigint,merchant_id:bigint,branch_id:bigint,transaction_date:date,transaction_amount:double,fraud_flag:int","isnotnull(customer_id#1138L), isnotnull(account_id#1139L), isnotnull(merchant_id#1140L), isnotnull(branch_id#1141L), isnotnull(transaction_date#1142)","",false
1,35,302,"Parquet",0,0,0,0,"InMemoryFileIndex(1 paths)[s3a://goes-se-sandbox/data/warehouse/tablespace/external/hive/demo_pauldefusco.db/trs_v25]","IsNotNull(customer_id), IsNotNull(account_id), IsNotNull(merchant_id), IsNotNull(branch_id), IsNotNull(transaction_date)","customer_id:bigint,account_id:bigint,merchant_id:bigint,branch_id:bigint,transaction_date:date,transaction_amount:double,fraud_flag:int","isnotnull(customer_id#1138L), isnotnull(account_id#1139L), isnotnull(merchant_id#1140L), isnotnull(branch_id#1141L), isnotnull(transaction_date#1142)","",false
1,36,161,"Parquet",0,0,0,0,"InMemoryFileIndex(1 paths)[s3a://goes-se-sandbox/data/warehouse/tablespace/external/hive/demo_pauldefusco.db/accounts_skewed]","IsNotNull(account_id)","account_id:bigint","isnotnull(account_id#1163L)","",false
1,36,87,"Parquet",0,0,0,0,"InMemoryFileIndex(1 paths)[s3a://goes-se-sandbox/data/warehouse/tablespace/external/hive/demo_pauldefusco.db/accounts_skewed]","IsNotNull(account_id), IsNotNull(account_type)","account_id:bigint,account_type:string","isnotnull(account_id#51L), isnotnull(account_type#52)","",false
1,36,177,"Parquet",0,0,0,0,"InMemoryFileIndex(1 paths)[s3a://goes-se-sandbox/data/warehouse/tablespace/external/hive/demo_pauldefusco.db/branches_skewed]","IsNotNull(branch_id)","branch_id:bigint","isnotnull(branch_id#1182L)","",false
1,36,103,"Parquet",0,0,0,0,"InMemoryFileIndex(1 paths)[s3a://goes-se-sandbox/data/warehouse/tablespace/external/hive/demo_pauldefusco.db/branches_skewed]","IsNotNull(branch_id), IsNotNull(state), IsNotNull(region)","branch_id:bigint,state:string,region:string","isnotnull(branch_id#90L), isnotnull(state#92), isnotnull(region#93)","",false
1,36,183,"Parquet",0,0,0,0,"InMemoryFileIndex(1 paths)[s3a://goes-se-sandbox/data/warehouse/tablespace/external/hive/demo_pauldefusco.db/calendar]","IsNotNull(calendar_date)","calendar_date:date","isnotnull(calendar_date#1193)","",false
1,36,374,"Parquet",0,0,0,0,"InMemoryFileIndex(1 paths)[s3a://goes-se-sandbox/data/warehouse/tablespace/external/hive/demo_pauldefusco.db/calendar]","IsNotNull(calendar_date), IsNotNull(year), IsNotNull(month)","calendar_date:date,year:int,month:int","isnotnull(calendar_date#1717), isnotnull(year#1719), isnotnull(month#1721)","",false
1,36,320,"Parquet",0,0,0,0,"InMemoryFileIndex(1 paths)[s3a://goes-se-sandbox/data/warehouse/tablespace/external/hive/demo_pauldefusco.db/calendar]","IsNotNull(calendar_date), IsNotNull(year), IsNotNull(quarter)","calendar_date:date,year:int,quarter:int","isnotnull(calendar_date#1587), isnotnull(year#1589), isnotnull(quarter#1590)","",false
1,36,109,"Parquet",0,0,0,0,"InMemoryFileIndex(1 paths)[s3a://goes-se-sandbox/data/warehouse/tablespace/external/hive/demo_pauldefusco.db/calendar]","IsNotNull(calendar_date), IsNotNull(year), IsNotNull(quarter), IsNotNull(month)","calendar_date:date,year:int,quarter:int,month:int","isnotnull(calendar_date#112), isnotnull(year#114), isnotnull(quarter#115), isnotnull(month#116)","",false
1,36,455,"Parquet",0,0,0,0,"InMemoryFileIndex(1 paths)[s3a://goes-se-sandbox/data/warehouse/tablespace/external/hive/demo_pauldefusco.db/customers_skewed]","IsNotNull(customer_id)","customer_id:bigint,credit_score:int","isnotnull(customer_id#1950L)","",false
1,36,80,"Parquet",0,0,0,0,"InMemoryFileIndex(1 paths)[s3a://goes-se-sandbox/data/warehouse/tablespace/external/hive/demo_pauldefusco.db/customers_skewed]","IsNotNull(customer_id), IsNotNull(customer_segment), IsNotNull(risk_rating)","customer_id:bigint,credit_score:int,customer_segment:string,risk_rating:string","isnotnull(customer_id#30L), isnotnull(customer_segment#37), isnotnull(risk_rating#39)","",false
1,36,357,"Parquet",0,0,0,0,"InMemoryFileIndex(1 paths)[s3a://goes-se-sandbox/data/warehouse/tablespace/external/hive/demo_pauldefusco.db/customers_skewed]","IsNotNull(customer_id), IsNotNull(customer_segment)","customer_id:bigint,customer_segment:string","isnotnull(customer_id#1676L), isnotnull(customer_segment#1683)","",false
1,36,154,"Parquet",0,0,0,0,"InMemoryFileIndex(1 paths)[s3a://goes-se-sandbox/data/warehouse/tablespace/external/hive/demo_pauldefusco.db/customers_skewed]","IsNotNull(customer_id), IsNotNull(customer_segment), IsNotNull(risk_rating)","customer_id:bigint,customer_segment:string,risk_rating:string","isnotnull(customer_id#1152L), isnotnull(customer_segment#1159), isnotnull(risk_rating#1161)","",false
1,36,169,"Parquet",0,0,0,0,"InMemoryFileIndex(1 paths)[s3a://goes-se-sandbox/data/warehouse/tablespace/external/hive/demo_pauldefusco.db/merchants_skewed]","IsNotNull(merchant_id)","merchant_id:bigint","isnotnull(merchant_id#1172L)","",false
1,36,367,"Parquet",0,0,0,0,"InMemoryFileIndex(1 paths)[s3a://goes-se-sandbox/data/warehouse/tablespace/external/hive/demo_pauldefusco.db/merchants_skewed]","IsNotNull(merchant_id), IsNotNull(merchant_category)","merchant_id:bigint,merchant_category:string","isnotnull(merchant_id#1696L), isnotnull(merchant_category#1699)","",false
1,36,95,"Parquet",0,0,0,0,"InMemoryFileIndex(1 paths)[s3a://goes-se-sandbox/data/warehouse/tablespace/external/hive/demo_pauldefusco.db/merchants_skewed]","IsNotNull(merchant_id), IsNotNull(merchant_category), IsNotNull(region)","merchant_id:bigint,region:string,merchant_category:string","isnotnull(merchant_id#70L), isnotnull(merchant_category#73), isnotnull(region#72)","",false
1,36,269,"Parquet",0,0,0,0,"InMemoryFileIndex(1 paths)[s3a://goes-se-sandbox/data/warehouse/tablespace/external/hive/demo_pauldefusco.db/merchants_skewed]","IsNotNull(merchant_id), IsNotNull(merchant_category), IsNotNull(region)","merchant_id:bigint,region:string,merchant_category:string","isnotnull(merchant_id#70L), isnotnull(merchant_category#73), isnotnull(region#72)","",false
1,36,73,"Parquet",0,0,0,0,"InMemoryFileIndex(1 paths)[s3a://goes-se-sandbox/data/warehouse/tablespace/external/hive/demo_pauldefusco.db/trs_v25]","IsNotNull(customer_id), IsNotNull(account_id), IsNotNull(merchant_id), IsNotNull(branch_id), IsNotNull(transaction_date)","customer_id:bigint,account_id:bigint,merchant_id:bigint,branch_id:bigint,transaction_date:date,transaction_amount:double","isnotnull(customer_id#1L), isnotnull(account_id#2L), isnotnull(merchant_id#3L), isnotnull(branch_id#4L), isnotnull(transaction_date#5)","",false
1,36,147,"Parquet",0,0,0,0,"InMemoryFileIndex(1 paths)[s3a://goes-se-sandbox/data/warehouse/tablespace/external/hive/demo_pauldefusco.db/trs_v25]","IsNotNull(customer_id), IsNotNull(account_id), IsNotNull(merchant_id), IsNotNull(branch_id), IsNotNull(transaction_date)","customer_id:bigint,account_id:bigint,merchant_id:bigint,branch_id:bigint,transaction_date:date,transaction_amount:double,fraud_flag:int","isnotnull(customer_id#1138L), isnotnull(account_id#1139L), isnotnull(merchant_id#1140L), isnotnull(branch_id#1141L), isnotnull(transaction_date#1142)","",false
1,36,223,"Parquet",0,0,0,0,"InMemoryFileIndex(1 paths)[s3a://goes-se-sandbox/data/warehouse/tablespace/external/hive/demo_pauldefusco.db/trs_v25]","IsNotNull(customer_id), IsNotNull(account_id), IsNotNull(merchant_id), IsNotNull(branch_id), IsNotNull(transaction_date)","customer_id:bigint,account_id:bigint,merchant_id:bigint,branch_id:bigint,transaction_date:date,transaction_amount:double,fraud_flag:int","isnotnull(customer_id#1138L), isnotnull(account_id#1139L), isnotnull(merchant_id#1140L), isnotnull(branch_id#1141L), isnotnull(transaction_date#1142)","",false
1,36,307,"Parquet",0,0,0,0,"InMemoryFileIndex(1 paths)[s3a://goes-se-sandbox/data/warehouse/tablespace/external/hive/demo_pauldefusco.db/trs_v25]","IsNotNull(customer_id), IsNotNull(account_id), IsNotNull(merchant_id), IsNotNull(branch_id), IsNotNull(transaction_date)","customer_id:bigint,account_id:bigint,merchant_id:bigint,branch_id:bigint,transaction_date:date,transaction_amount:double,fraud_flag:int","isnotnull(customer_id#1138L), isnotnull(account_id#1139L), isnotnull(merchant_id#1140L), isnotnull(branch_id#1141L), isnotnull(transaction_date#1142)","",false
1,37,161,"Parquet",0,0,0,0,"InMemoryFileIndex(1 paths)[s3a://goes-se-sandbox/data/warehouse/tablespace/external/hive/demo_pauldefusco.db/accounts_skewed]","IsNotNull(account_id)","account_id:bigint","isnotnull(account_id#1163L)","",false
1,37,87,"Parquet",0,0,0,0,"InMemoryFileIndex(1 paths)[s3a://goes-se-sandbox/data/warehouse/tablespace/external/hive/demo_pauldefusco.db/accounts_skewed]","IsNotNull(account_id), IsNotNull(account_type)","account_id:bigint,account_type:string","isnotnull(account_id#51L), isnotnull(account_type#52)","",false
1,37,177,"Parquet",0,0,0,0,"InMemoryFileIndex(1 paths)[s3a://goes-se-sandbox/data/warehouse/tablespace/external/hive/demo_pauldefusco.db/branches_skewed]","IsNotNull(branch_id)","branch_id:bigint","isnotnull(branch_id#1182L)","",false
1,37,103,"Parquet",0,0,0,0,"InMemoryFileIndex(1 paths)[s3a://goes-se-sandbox/data/warehouse/tablespace/external/hive/demo_pauldefusco.db/branches_skewed]","IsNotNull(branch_id), IsNotNull(state), IsNotNull(region)","branch_id:bigint,state:string,region:string","isnotnull(branch_id#90L), isnotnull(state#92), isnotnull(region#93)","",false
1,37,183,"Parquet",0,0,0,0,"InMemoryFileIndex(1 paths)[s3a://goes-se-sandbox/data/warehouse/tablespace/external/hive/demo_pauldefusco.db/calendar]","IsNotNull(calendar_date)","calendar_date:date","isnotnull(calendar_date#1193)","",false
1,37,379,"Parquet",0,0,0,0,"InMemoryFileIndex(1 paths)[s3a://goes-se-sandbox/data/warehouse/tablespace/external/hive/demo_pauldefusco.db/calendar]","IsNotNull(calendar_date), IsNotNull(year), IsNotNull(month)","calendar_date:date,year:int,month:int","isnotnull(calendar_date#1717), isnotnull(year#1719), isnotnull(month#1721)","",false
1,37,325,"Parquet",0,0,0,0,"InMemoryFileIndex(1 paths)[s3a://goes-se-sandbox/data/warehouse/tablespace/external/hive/demo_pauldefusco.db/calendar]","IsNotNull(calendar_date), IsNotNull(year), IsNotNull(quarter)","calendar_date:date,year:int,quarter:int","isnotnull(calendar_date#1587), isnotnull(year#1589), isnotnull(quarter#1590)","",false
1,37,109,"Parquet",0,0,0,0,"InMemoryFileIndex(1 paths)[s3a://goes-se-sandbox/data/warehouse/tablespace/external/hive/demo_pauldefusco.db/calendar]","IsNotNull(calendar_date), IsNotNull(year), IsNotNull(quarter), IsNotNull(month)","calendar_date:date,year:int,quarter:int,month:int","isnotnull(calendar_date#112), isnotnull(year#114), isnotnull(quarter#115), isnotnull(month#116)","",false
1,37,460,"Parquet",0,0,0,0,"InMemoryFileIndex(1 paths)[s3a://goes-se-sandbox/data/warehouse/tablespace/external/hive/demo_pauldefusco.db/customers_skewed]","IsNotNull(customer_id)","customer_id:bigint,credit_score:int","isnotnull(customer_id#1950L)","",false
1,37,80,"Parquet",0,0,0,0,"InMemoryFileIndex(1 paths)[s3a://goes-se-sandbox/data/warehouse/tablespace/external/hive/demo_pauldefusco.db/customers_skewed]","IsNotNull(customer_id), IsNotNull(customer_segment), IsNotNull(risk_rating)","customer_id:bigint,credit_score:int,customer_segment:string,risk_rating:string","isnotnull(customer_id#30L), isnotnull(customer_segment#37), isnotnull(risk_rating#39)","",false
1,37,362,"Parquet",0,0,0,0,"InMemoryFileIndex(1 paths)[s3a://goes-se-sandbox/data/warehouse/tablespace/external/hive/demo_pauldefusco.db/customers_skewed]","IsNotNull(customer_id), IsNotNull(customer_segment)","customer_id:bigint,customer_segment:string","isnotnull(customer_id#1676L), isnotnull(customer_segment#1683)","",false
1,37,154,"Parquet",0,0,0,0,"InMemoryFileIndex(1 paths)[s3a://goes-se-sandbox/data/warehouse/tablespace/external/hive/demo_pauldefusco.db/customers_skewed]","IsNotNull(customer_id), IsNotNull(customer_segment), IsNotNull(risk_rating)","customer_id:bigint,customer_segment:string,risk_rating:string","isnotnull(customer_id#1152L), isnotnull(customer_segment#1159), isnotnull(risk_rating#1161)","",false
1,37,169,"Parquet",0,0,0,0,"InMemoryFileIndex(1 paths)[s3a://goes-se-sandbox/data/warehouse/tablespace/external/hive/demo_pauldefusco.db/merchants_skewed]","IsNotNull(merchant_id)","merchant_id:bigint","isnotnull(merchant_id#1172L)","",false
1,37,372,"Parquet",0,0,0,0,"InMemoryFileIndex(1 paths)[s3a://goes-se-sandbox/data/warehouse/tablespace/external/hive/demo_pauldefusco.db/merchants_skewed]","IsNotNull(merchant_id), IsNotNull(merchant_category)","merchant_id:bigint,merchant_category:string","isnotnull(merchant_id#1696L), isnotnull(merchant_category#1699)","",false
1,37,95,"Parquet",0,0,0,0,"InMemoryFileIndex(1 paths)[s3a://goes-se-sandbox/data/warehouse/tablespace/external/hive/demo_pauldefusco.db/merchants_skewed]","IsNotNull(merchant_id), IsNotNull(merchant_category), IsNotNull(region)","merchant_id:bigint,region:string,merchant_category:string","isnotnull(merchant_id#70L), isnotnull(merchant_category#73), isnotnull(region#72)","",false
1,37,269,"Parquet",0,0,0,0,"InMemoryFileIndex(1 paths)[s3a://goes-se-sandbox/data/warehouse/tablespace/external/hive/demo_pauldefusco.db/merchants_skewed]","IsNotNull(merchant_id), IsNotNull(merchant_category), IsNotNull(region)","merchant_id:bigint,region:string,merchant_category:string","isnotnull(merchant_id#70L), isnotnull(merchant_category#73), isnotnull(region#72)","",false
1,37,73,"Parquet",0,0,0,0,"InMemoryFileIndex(1 paths)[s3a://goes-se-sandbox/data/warehouse/tablespace/external/hive/demo_pauldefusco.db/trs_v25]","IsNotNull(customer_id), IsNotNull(account_id), IsNotNull(merchant_id), IsNotNull(branch_id), IsNotNull(transaction_date)","customer_id:bigint,account_id:bigint,merchant_id:bigint,branch_id:bigint,transaction_date:date,transaction_amount:double","isnotnull(customer_id#1L), isnotnull(account_id#2L), isnotnull(merchant_id#3L), isnotnull(branch_id#4L), isnotnull(transaction_date#5)","",false
1,37,147,"Parquet",0,0,0,0,"InMemoryFileIndex(1 paths)[s3a://goes-se-sandbox/data/warehouse/tablespace/external/hive/demo_pauldefusco.db/trs_v25]","IsNotNull(customer_id), IsNotNull(account_id), IsNotNull(merchant_id), IsNotNull(branch_id), IsNotNull(transaction_date)","customer_id:bigint,account_id:bigint,merchant_id:bigint,branch_id:bigint,transaction_date:date,transaction_amount:double,fraud_flag:int","isnotnull(customer_id#1138L), isnotnull(account_id#1139L), isnotnull(merchant_id#1140L), isnotnull(branch_id#1141L), isnotnull(transaction_date#1142)","",false
1,37,223,"Parquet",0,0,0,0,"InMemoryFileIndex(1 paths)[s3a://goes-se-sandbox/data/warehouse/tablespace/external/hive/demo_pauldefusco.db/trs_v25]","IsNotNull(customer_id), IsNotNull(account_id), IsNotNull(merchant_id), IsNotNull(branch_id), IsNotNull(transaction_date)","customer_id:bigint,account_id:bigint,merchant_id:bigint,branch_id:bigint,transaction_date:date,transaction_amount:double,fraud_flag:int","isnotnull(customer_id#1138L), isnotnull(account_id#1139L), isnotnull(merchant_id#1140L), isnotnull(branch_id#1141L), isnotnull(transaction_date#1142)","",false
1,37,310,"Parquet",0,0,0,0,"InMemoryFileIndex(1 paths)[s3a://goes-se-sandbox/data/warehouse/tablespace/external/hive/demo_pauldefusco.db/trs_v25]","IsNotNull(customer_id), IsNotNull(account_id), IsNotNull(merchant_id), IsNotNull(branch_id), IsNotNull(transaction_date)","customer_id:bigint,account_id:bigint,merchant_id:bigint,branch_id:bigint,transaction_date:date,transaction_amount:double,fraud_flag:int","isnotnull(customer_id#1138L), isnotnull(account_id#1139L), isnotnull(merchant_id#1140L), isnotnull(branch_id#1141L), isnotnull(transaction_date#1142)","",false
1,38,161,"Parquet",0,0,0,0,"InMemoryFileIndex(1 paths)[s3a://goes-se-sandbox/data/warehouse/tablespace/external/hive/demo_pauldefusco.db/accounts_skewed]","IsNotNull(account_id)","account_id:bigint","isnotnull(account_id#1163L)","",false
1,38,87,"Parquet",0,0,0,0,"InMemoryFileIndex(1 paths)[s3a://goes-se-sandbox/data/warehouse/tablespace/external/hive/demo_pauldefusco.db/accounts_skewed]","IsNotNull(account_id), IsNotNull(account_type)","account_id:bigint,account_type:string","isnotnull(account_id#51L), isnotnull(account_type#52)","",false
1,38,177,"Parquet",0,0,0,0,"InMemoryFileIndex(1 paths)[s3a://goes-se-sandbox/data/warehouse/tablespace/external/hive/demo_pauldefusco.db/branches_skewed]","IsNotNull(branch_id)","branch_id:bigint","isnotnull(branch_id#1182L)","",false
1,38,103,"Parquet",0,0,0,0,"InMemoryFileIndex(1 paths)[s3a://goes-se-sandbox/data/warehouse/tablespace/external/hive/demo_pauldefusco.db/branches_skewed]","IsNotNull(branch_id), IsNotNull(state), IsNotNull(region)","branch_id:bigint,state:string,region:string","isnotnull(branch_id#90L), isnotnull(state#92), isnotnull(region#93)","",false
1,38,183,"Parquet",0,0,0,0,"InMemoryFileIndex(1 paths)[s3a://goes-se-sandbox/data/warehouse/tablespace/external/hive/demo_pauldefusco.db/calendar]","IsNotNull(calendar_date)","calendar_date:date","isnotnull(calendar_date#1193)","",false
1,38,384,"Parquet",0,0,0,0,"InMemoryFileIndex(1 paths)[s3a://goes-se-sandbox/data/warehouse/tablespace/external/hive/demo_pauldefusco.db/calendar]","IsNotNull(calendar_date), IsNotNull(year), IsNotNull(month)","calendar_date:date,year:int,month:int","isnotnull(calendar_date#1717), isnotnull(year#1719), isnotnull(month#1721)","",false
1,38,325,"Parquet",0,0,0,0,"InMemoryFileIndex(1 paths)[s3a://goes-se-sandbox/data/warehouse/tablespace/external/hive/demo_pauldefusco.db/calendar]","IsNotNull(calendar_date), IsNotNull(year), IsNotNull(quarter)","calendar_date:date,year:int,quarter:int","isnotnull(calendar_date#1587), isnotnull(year#1589), isnotnull(quarter#1590)","",false
1,38,109,"Parquet",0,0,0,0,"InMemoryFileIndex(1 paths)[s3a://goes-se-sandbox/data/warehouse/tablespace/external/hive/demo_pauldefusco.db/calendar]","IsNotNull(calendar_date), IsNotNull(year), IsNotNull(quarter), IsNotNull(month)","calendar_date:date,year:int,quarter:int,month:int","isnotnull(calendar_date#112), isnotnull(year#114), isnotnull(quarter#115), isnotnull(month#116)","",false
1,38,465,"Parquet",0,0,0,0,"InMemoryFileIndex(1 paths)[s3a://goes-se-sandbox/data/warehouse/tablespace/external/hive/demo_pauldefusco.db/customers_skewed]","IsNotNull(customer_id)","customer_id:bigint,credit_score:int","isnotnull(customer_id#1950L)","",false
1,38,80,"Parquet",0,0,0,0,"InMemoryFileIndex(1 paths)[s3a://goes-se-sandbox/data/warehouse/tablespace/external/hive/demo_pauldefusco.db/customers_skewed]","IsNotNull(customer_id), IsNotNull(customer_segment), IsNotNull(risk_rating)","customer_id:bigint,credit_score:int,customer_segment:string,risk_rating:string","isnotnull(customer_id#30L), isnotnull(customer_segment#37), isnotnull(risk_rating#39)","",false
1,38,365,"Parquet",0,0,0,0,"InMemoryFileIndex(1 paths)[s3a://goes-se-sandbox/data/warehouse/tablespace/external/hive/demo_pauldefusco.db/customers_skewed]","IsNotNull(customer_id), IsNotNull(customer_segment)","customer_id:bigint,customer_segment:string","isnotnull(customer_id#1676L), isnotnull(customer_segment#1683)","",false
1,38,154,"Parquet",0,0,0,0,"InMemoryFileIndex(1 paths)[s3a://goes-se-sandbox/data/warehouse/tablespace/external/hive/demo_pauldefusco.db/customers_skewed]","IsNotNull(customer_id), IsNotNull(customer_segment), IsNotNull(risk_rating)","customer_id:bigint,customer_segment:string,risk_rating:string","isnotnull(customer_id#1152L), isnotnull(customer_segment#1159), isnotnull(risk_rating#1161)","",false
1,38,169,"Parquet",0,0,0,0,"InMemoryFileIndex(1 paths)[s3a://goes-se-sandbox/data/warehouse/tablespace/external/hive/demo_pauldefusco.db/merchants_skewed]","IsNotNull(merchant_id)","merchant_id:bigint","isnotnull(merchant_id#1172L)","",false
1,38,375,"Parquet",0,0,0,0,"InMemoryFileIndex(1 paths)[s3a://goes-se-sandbox/data/warehouse/tablespace/external/hive/demo_pauldefusco.db/merchants_skewed]","IsNotNull(merchant_id), IsNotNull(merchant_category)","merchant_id:bigint,merchant_category:string","isnotnull(merchant_id#1696L), isnotnull(merchant_category#1699)","",false
1,38,95,"Parquet",0,0,0,0,"InMemoryFileIndex(1 paths)[s3a://goes-se-sandbox/data/warehouse/tablespace/external/hive/demo_pauldefusco.db/merchants_skewed]","IsNotNull(merchant_id), IsNotNull(merchant_category), IsNotNull(region)","merchant_id:bigint,region:string,merchant_category:string","isnotnull(merchant_id#70L), isnotnull(merchant_category#73), isnotnull(region#72)","",false
1,38,269,"Parquet",0,0,0,0,"InMemoryFileIndex(1 paths)[s3a://goes-se-sandbox/data/warehouse/tablespace/external/hive/demo_pauldefusco.db/merchants_skewed]","IsNotNull(merchant_id), IsNotNull(merchant_category), IsNotNull(region)","merchant_id:bigint,region:string,merchant_category:string","isnotnull(merchant_id#70L), isnotnull(merchant_category#73), isnotnull(region#72)","",false
1,38,73,"Parquet",0,0,0,0,"InMemoryFileIndex(1 paths)[s3a://goes-se-sandbox/data/warehouse/tablespace/external/hive/demo_pauldefusco.db/trs_v25]","IsNotNull(customer_id), IsNotNull(account_id), IsNotNull(merchant_id), IsNotNull(branch_id), IsNotNull(transaction_date)","customer_id:bigint,account_id:bigint,merchant_id:bigint,branch_id:bigint,transaction_date:date,transaction_amount:double","isnotnull(customer_id#1L), isnotnull(account_id#2L), isnotnull(merchant_id#3L), isnotnull(branch_id#4L), isnotnull(transaction_date#5)","",false
1,38,147,"Parquet",0,0,0,0,"InMemoryFileIndex(1 paths)[s3a://goes-se-sandbox/data/warehouse/tablespace/external/hive/demo_pauldefusco.db/trs_v25]","IsNotNull(customer_id), IsNotNull(account_id), IsNotNull(merchant_id), IsNotNull(branch_id), IsNotNull(transaction_date)","customer_id:bigint,account_id:bigint,merchant_id:bigint,branch_id:bigint,transaction_date:date,transaction_amount:double,fraud_flag:int","isnotnull(customer_id#1138L), isnotnull(account_id#1139L), isnotnull(merchant_id#1140L), isnotnull(branch_id#1141L), isnotnull(transaction_date#1142)","",false
1,38,223,"Parquet",0,0,0,0,"InMemoryFileIndex(1 paths)[s3a://goes-se-sandbox/data/warehouse/tablespace/external/hive/demo_pauldefusco.db/trs_v25]","IsNotNull(customer_id), IsNotNull(account_id), IsNotNull(merchant_id), IsNotNull(branch_id), IsNotNull(transaction_date)","customer_id:bigint,account_id:bigint,merchant_id:bigint,branch_id:bigint,transaction_date:date,transaction_amount:double,fraud_flag:int","isnotnull(customer_id#1138L), isnotnull(account_id#1139L), isnotnull(merchant_id#1140L), isnotnull(branch_id#1141L), isnotnull(transaction_date#1142)","",false
1,38,310,"Parquet",0,0,0,0,"InMemoryFileIndex(1 paths)[s3a://goes-se-sandbox/data/warehouse/tablespace/external/hive/demo_pauldefusco.db/trs_v25]","IsNotNull(customer_id), IsNotNull(account_id), IsNotNull(merchant_id), IsNotNull(branch_id), IsNotNull(transaction_date)","customer_id:bigint,account_id:bigint,merchant_id:bigint,branch_id:bigint,transaction_date:date,transaction_amount:double,fraud_flag:int","isnotnull(customer_id#1138L), isnotnull(account_id#1139L), isnotnull(merchant_id#1140L), isnotnull(branch_id#1141L), isnotnull(transaction_date#1142)","",false
1,39,161,"Parquet",0,0,0,0,"InMemoryFileIndex(1 paths)[s3a://goes-se-sandbox/data/warehouse/tablespace/external/hive/demo_pauldefusco.db/accounts_skewed]","IsNotNull(account_id)","account_id:bigint","isnotnull(account_id#1163L)","",false
1,39,87,"Parquet",0,0,0,0,"InMemoryFileIndex(1 paths)[s3a://goes-se-sandbox/data/warehouse/tablespace/external/hive/demo_pauldefusco.db/accounts_skewed]","IsNotNull(account_id), IsNotNull(account_type)","account_id:bigint,account_type:string","isnotnull(account_id#51L), isnotnull(account_type#52)","",false
1,39,177,"Parquet",0,0,0,0,"InMemoryFileIndex(1 paths)[s3a://goes-se-sandbox/data/warehouse/tablespace/external/hive/demo_pauldefusco.db/branches_skewed]","IsNotNull(branch_id)","branch_id:bigint","isnotnull(branch_id#1182L)","",false
1,39,103,"Parquet",0,0,0,0,"InMemoryFileIndex(1 paths)[s3a://goes-se-sandbox/data/warehouse/tablespace/external/hive/demo_pauldefusco.db/branches_skewed]","IsNotNull(branch_id), IsNotNull(state), IsNotNull(region)","branch_id:bigint,state:string,region:string","isnotnull(branch_id#90L), isnotnull(state#92), isnotnull(region#93)","",false
1,39,183,"Parquet",0,0,0,0,"InMemoryFileIndex(1 paths)[s3a://goes-se-sandbox/data/warehouse/tablespace/external/hive/demo_pauldefusco.db/calendar]","IsNotNull(calendar_date)","calendar_date:date","isnotnull(calendar_date#1193)","",false
1,39,384,"Parquet",0,0,0,0,"InMemoryFileIndex(1 paths)[s3a://goes-se-sandbox/data/warehouse/tablespace/external/hive/demo_pauldefusco.db/calendar]","IsNotNull(calendar_date), IsNotNull(year), IsNotNull(month)","calendar_date:date,year:int,month:int","isnotnull(calendar_date#1717), isnotnull(year#1719), isnotnull(month#1721)","",false
1,39,325,"Parquet",0,0,0,0,"InMemoryFileIndex(1 paths)[s3a://goes-se-sandbox/data/warehouse/tablespace/external/hive/demo_pauldefusco.db/calendar]","IsNotNull(calendar_date), IsNotNull(year), IsNotNull(quarter)","calendar_date:date,year:int,quarter:int","isnotnull(calendar_date#1587), isnotnull(year#1589), isnotnull(quarter#1590)","",false
1,39,109,"Parquet",0,0,0,0,"InMemoryFileIndex(1 paths)[s3a://goes-se-sandbox/data/warehouse/tablespace/external/hive/demo_pauldefusco.db/calendar]","IsNotNull(calendar_date), IsNotNull(year), IsNotNull(quarter), IsNotNull(month)","calendar_date:date,year:int,quarter:int,month:int","isnotnull(calendar_date#112), isnotnull(year#114), isnotnull(quarter#115), isnotnull(month#116)","",false
1,39,468,"Parquet",0,0,0,0,"InMemoryFileIndex(1 paths)[s3a://goes-se-sandbox/data/warehouse/tablespace/external/hive/demo_pauldefusco.db/customers_skewed]","IsNotNull(customer_id)","customer_id:bigint,credit_score:int","isnotnull(customer_id#1950L)","",false
1,39,80,"Parquet",0,0,0,0,"InMemoryFileIndex(1 paths)[s3a://goes-se-sandbox/data/warehouse/tablespace/external/hive/demo_pauldefusco.db/customers_skewed]","IsNotNull(customer_id), IsNotNull(customer_segment), IsNotNull(risk_rating)","customer_id:bigint,credit_score:int,customer_segment:string,risk_rating:string","isnotnull(customer_id#30L), isnotnull(customer_segment#37), isnotnull(risk_rating#39)","",false
1,39,365,"Parquet",0,0,0,0,"InMemoryFileIndex(1 paths)[s3a://goes-se-sandbox/data/warehouse/tablespace/external/hive/demo_pauldefusco.db/customers_skewed]","IsNotNull(customer_id), IsNotNull(customer_segment)","customer_id:bigint,customer_segment:string","isnotnull(customer_id#1676L), isnotnull(customer_segment#1683)","",false
1,39,154,"Parquet",0,0,0,0,"InMemoryFileIndex(1 paths)[s3a://goes-se-sandbox/data/warehouse/tablespace/external/hive/demo_pauldefusco.db/customers_skewed]","IsNotNull(customer_id), IsNotNull(customer_segment), IsNotNull(risk_rating)","customer_id:bigint,customer_segment:string,risk_rating:string","isnotnull(customer_id#1152L), isnotnull(customer_segment#1159), isnotnull(risk_rating#1161)","",false
1,39,169,"Parquet",0,0,0,0,"InMemoryFileIndex(1 paths)[s3a://goes-se-sandbox/data/warehouse/tablespace/external/hive/demo_pauldefusco.db/merchants_skewed]","IsNotNull(merchant_id)","merchant_id:bigint","isnotnull(merchant_id#1172L)","",false
1,39,375,"Parquet",0,0,0,0,"InMemoryFileIndex(1 paths)[s3a://goes-se-sandbox/data/warehouse/tablespace/external/hive/demo_pauldefusco.db/merchants_skewed]","IsNotNull(merchant_id), IsNotNull(merchant_category)","merchant_id:bigint,merchant_category:string","isnotnull(merchant_id#1696L), isnotnull(merchant_category#1699)","",false
1,39,95,"Parquet",0,0,0,0,"InMemoryFileIndex(1 paths)[s3a://goes-se-sandbox/data/warehouse/tablespace/external/hive/demo_pauldefusco.db/merchants_skewed]","IsNotNull(merchant_id), IsNotNull(merchant_category), IsNotNull(region)","merchant_id:bigint,region:string,merchant_category:string","isnotnull(merchant_id#70L), isnotnull(merchant_category#73), isnotnull(region#72)","",false
1,39,269,"Parquet",0,0,0,0,"InMemoryFileIndex(1 paths)[s3a://goes-se-sandbox/data/warehouse/tablespace/external/hive/demo_pauldefusco.db/merchants_skewed]","IsNotNull(merchant_id), IsNotNull(merchant_category), IsNotNull(region)","merchant_id:bigint,region:string,merchant_category:string","isnotnull(merchant_id#70L), isnotnull(merchant_category#73), isnotnull(region#72)","",false
1,39,73,"Parquet",0,0,0,0,"InMemoryFileIndex(1 paths)[s3a://goes-se-sandbox/data/warehouse/tablespace/external/hive/demo_pauldefusco.db/trs_v25]","IsNotNull(customer_id), IsNotNull(account_id), IsNotNull(merchant_id), IsNotNull(branch_id), IsNotNull(transaction_date)","customer_id:bigint,account_id:bigint,merchant_id:bigint,branch_id:bigint,transaction_date:date,transaction_amount:double","isnotnull(customer_id#1L), isnotnull(account_id#2L), isnotnull(merchant_id#3L), isnotnull(branch_id#4L), isnotnull(transaction_date#5)","",false
1,39,147,"Parquet",0,0,0,0,"InMemoryFileIndex(1 paths)[s3a://goes-se-sandbox/data/warehouse/tablespace/external/hive/demo_pauldefusco.db/trs_v25]","IsNotNull(customer_id), IsNotNull(account_id), IsNotNull(merchant_id), IsNotNull(branch_id), IsNotNull(transaction_date)","customer_id:bigint,account_id:bigint,merchant_id:bigint,branch_id:bigint,transaction_date:date,transaction_amount:double,fraud_flag:int","isnotnull(customer_id#1138L), isnotnull(account_id#1139L), isnotnull(merchant_id#1140L), isnotnull(branch_id#1141L), isnotnull(transaction_date#1142)","",false
1,39,223,"Parquet",0,0,0,0,"InMemoryFileIndex(1 paths)[s3a://goes-se-sandbox/data/warehouse/tablespace/external/hive/demo_pauldefusco.db/trs_v25]","IsNotNull(customer_id), IsNotNull(account_id), IsNotNull(merchant_id), IsNotNull(branch_id), IsNotNull(transaction_date)","customer_id:bigint,account_id:bigint,merchant_id:bigint,branch_id:bigint,transaction_date:date,transaction_amount:double,fraud_flag:int","isnotnull(customer_id#1138L), isnotnull(account_id#1139L), isnotnull(merchant_id#1140L), isnotnull(branch_id#1141L), isnotnull(transaction_date#1142)","",false
1,39,310,"Parquet",0,0,0,0,"InMemoryFileIndex(1 paths)[s3a://goes-se-sandbox/data/warehouse/tablespace/external/hive/demo_pauldefusco.db/trs_v25]","IsNotNull(customer_id), IsNotNull(account_id), IsNotNull(merchant_id), IsNotNull(branch_id), IsNotNull(transaction_date)","customer_id:bigint,account_id:bigint,merchant_id:bigint,branch_id:bigint,transaction_date:date,transaction_amount:double,fraud_flag:int","isnotnull(customer_id#1138L), isnotnull(account_id#1139L), isnotnull(merchant_id#1140L), isnotnull(branch_id#1141L), isnotnull(transaction_date#1142)","",false
1,40,161,"Parquet",0,0,0,0,"InMemoryFileIndex(1 paths)[s3a://goes-se-sandbox/data/warehouse/tablespace/external/hive/demo_pauldefusco.db/accounts_skewed]","IsNotNull(account_id)","account_id:bigint","isnotnull(account_id#1163L)","",false
1,40,87,"Parquet",0,0,0,0,"InMemoryFileIndex(1 paths)[s3a://goes-se-sandbox/data/warehouse/tablespace/external/hive/demo_pauldefusco.db/accounts_skewed]","IsNotNull(account_id), IsNotNull(account_type)","account_id:bigint,account_type:string","isnotnull(account_id#51L), isnotnull(account_type#52)","",false
1,40,177,"Parquet",0,0,0,0,"InMemoryFileIndex(1 paths)[s3a://goes-se-sandbox/data/warehouse/tablespace/external/hive/demo_pauldefusco.db/branches_skewed]","IsNotNull(branch_id)","branch_id:bigint","isnotnull(branch_id#1182L)","",false
1,40,103,"Parquet",0,0,0,0,"InMemoryFileIndex(1 paths)[s3a://goes-se-sandbox/data/warehouse/tablespace/external/hive/demo_pauldefusco.db/branches_skewed]","IsNotNull(branch_id), IsNotNull(state), IsNotNull(region)","branch_id:bigint,state:string,region:string","isnotnull(branch_id#90L), isnotnull(state#92), isnotnull(region#93)","",false
1,40,183,"Parquet",0,0,0,0,"InMemoryFileIndex(1 paths)[s3a://goes-se-sandbox/data/warehouse/tablespace/external/hive/demo_pauldefusco.db/calendar]","IsNotNull(calendar_date)","calendar_date:date","isnotnull(calendar_date#1193)","",false
1,40,384,"Parquet",0,0,0,0,"InMemoryFileIndex(1 paths)[s3a://goes-se-sandbox/data/warehouse/tablespace/external/hive/demo_pauldefusco.db/calendar]","IsNotNull(calendar_date), IsNotNull(year), IsNotNull(month)","calendar_date:date,year:int,month:int","isnotnull(calendar_date#1717), isnotnull(year#1719), isnotnull(month#1721)","",false
1,40,325,"Parquet",0,0,0,0,"InMemoryFileIndex(1 paths)[s3a://goes-se-sandbox/data/warehouse/tablespace/external/hive/demo_pauldefusco.db/calendar]","IsNotNull(calendar_date), IsNotNull(year), IsNotNull(quarter)","calendar_date:date,year:int,quarter:int","isnotnull(calendar_date#1587), isnotnull(year#1589), isnotnull(quarter#1590)","",false
1,40,109,"Parquet",0,0,0,0,"InMemoryFileIndex(1 paths)[s3a://goes-se-sandbox/data/warehouse/tablespace/external/hive/demo_pauldefusco.db/calendar]","IsNotNull(calendar_date), IsNotNull(year), IsNotNull(quarter), IsNotNull(month)","calendar_date:date,year:int,quarter:int,month:int","isnotnull(calendar_date#112), isnotnull(year#114), isnotnull(quarter#115), isnotnull(month#116)","",false
1,40,468,"Parquet",0,0,0,0,"InMemoryFileIndex(1 paths)[s3a://goes-se-sandbox/data/warehouse/tablespace/external/hive/demo_pauldefusco.db/customers_skewed]","IsNotNull(customer_id)","customer_id:bigint,credit_score:int","isnotnull(customer_id#1950L)","",false
1,40,80,"Parquet",0,0,0,0,"InMemoryFileIndex(1 paths)[s3a://goes-se-sandbox/data/warehouse/tablespace/external/hive/demo_pauldefusco.db/customers_skewed]","IsNotNull(customer_id), IsNotNull(customer_segment), IsNotNull(risk_rating)","customer_id:bigint,credit_score:int,customer_segment:string,risk_rating:string","isnotnull(customer_id#30L), isnotnull(customer_segment#37), isnotnull(risk_rating#39)","",false
1,40,365,"Parquet",0,0,0,0,"InMemoryFileIndex(1 paths)[s3a://goes-se-sandbox/data/warehouse/tablespace/external/hive/demo_pauldefusco.db/customers_skewed]","IsNotNull(customer_id), IsNotNull(customer_segment)","customer_id:bigint,customer_segment:string","isnotnull(customer_id#1676L), isnotnull(customer_segment#1683)","",false
1,40,154,"Parquet",0,0,0,0,"InMemoryFileIndex(1 paths)[s3a://goes-se-sandbox/data/warehouse/tablespace/external/hive/demo_pauldefusco.db/customers_skewed]","IsNotNull(customer_id), IsNotNull(customer_segment), IsNotNull(risk_rating)","customer_id:bigint,customer_segment:string,risk_rating:string","isnotnull(customer_id#1152L), isnotnull(customer_segment#1159), isnotnull(risk_rating#1161)","",false
1,40,169,"Parquet",0,0,0,0,"InMemoryFileIndex(1 paths)[s3a://goes-se-sandbox/data/warehouse/tablespace/external/hive/demo_pauldefusco.db/merchants_skewed]","IsNotNull(merchant_id)","merchant_id:bigint","isnotnull(merchant_id#1172L)","",false
1,40,375,"Parquet",0,0,0,0,"InMemoryFileIndex(1 paths)[s3a://goes-se-sandbox/data/warehouse/tablespace/external/hive/demo_pauldefusco.db/merchants_skewed]","IsNotNull(merchant_id), IsNotNull(merchant_category)","merchant_id:bigint,merchant_category:string","isnotnull(merchant_id#1696L), isnotnull(merchant_category#1699)","",false
1,40,95,"Parquet",0,0,0,0,"InMemoryFileIndex(1 paths)[s3a://goes-se-sandbox/data/warehouse/tablespace/external/hive/demo_pauldefusco.db/merchants_skewed]","IsNotNull(merchant_id), IsNotNull(merchant_category), IsNotNull(region)","merchant_id:bigint,region:string,merchant_category:string","isnotnull(merchant_id#70L), isnotnull(merchant_category#73), isnotnull(region#72)","",false
1,40,269,"Parquet",0,0,0,0,"InMemoryFileIndex(1 paths)[s3a://goes-se-sandbox/data/warehouse/tablespace/external/hive/demo_pauldefusco.db/merchants_skewed]","IsNotNull(merchant_id), IsNotNull(merchant_category), IsNotNull(region)","merchant_id:bigint,region:string,merchant_category:string","isnotnull(merchant_id#70L), isnotnull(merchant_category#73), isnotnull(region#72)","",false
1,40,73,"Parquet",0,0,0,0,"InMemoryFileIndex(1 paths)[s3a://goes-se-sandbox/data/warehouse/tablespace/external/hive/demo_pauldefusco.db/trs_v25]","IsNotNull(customer_id), IsNotNull(account_id), IsNotNull(merchant_id), IsNotNull(branch_id), IsNotNull(transaction_date)","customer_id:bigint,account_id:bigint,merchant_id:bigint,branch_id:bigint,transaction_date:date,transaction_amount:double","isnotnull(customer_id#1L), isnotnull(account_id#2L), isnotnull(merchant_id#3L), isnotnull(branch_id#4L), isnotnull(transaction_date#5)","",false
1,40,147,"Parquet",0,0,0,0,"InMemoryFileIndex(1 paths)[s3a://goes-se-sandbox/data/warehouse/tablespace/external/hive/demo_pauldefusco.db/trs_v25]","IsNotNull(customer_id), IsNotNull(account_id), IsNotNull(merchant_id), IsNotNull(branch_id), IsNotNull(transaction_date)","customer_id:bigint,account_id:bigint,merchant_id:bigint,branch_id:bigint,transaction_date:date,transaction_amount:double,fraud_flag:int","isnotnull(customer_id#1138L), isnotnull(account_id#1139L), isnotnull(merchant_id#1140L), isnotnull(branch_id#1141L), isnotnull(transaction_date#1142)","",false
1,40,223,"Parquet",0,0,0,0,"InMemoryFileIndex(1 paths)[s3a://goes-se-sandbox/data/warehouse/tablespace/external/hive/demo_pauldefusco.db/trs_v25]","IsNotNull(customer_id), IsNotNull(account_id), IsNotNull(merchant_id), IsNotNull(branch_id), IsNotNull(transaction_date)","customer_id:bigint,account_id:bigint,merchant_id:bigint,branch_id:bigint,transaction_date:date,transaction_amount:double,fraud_flag:int","isnotnull(customer_id#1138L), isnotnull(account_id#1139L), isnotnull(merchant_id#1140L), isnotnull(branch_id#1141L), isnotnull(transaction_date#1142)","",false
1,40,310,"Parquet",0,0,0,0,"InMemoryFileIndex(1 paths)[s3a://goes-se-sandbox/data/warehouse/tablespace/external/hive/demo_pauldefusco.db/trs_v25]","IsNotNull(customer_id), IsNotNull(account_id), IsNotNull(merchant_id), IsNotNull(branch_id), IsNotNull(transaction_date)","customer_id:bigint,account_id:bigint,merchant_id:bigint,branch_id:bigint,transaction_date:date,transaction_amount:double,fraud_flag:int","isnotnull(customer_id#1138L), isnotnull(account_id#1139L), isnotnull(merchant_id#1140L), isnotnull(branch_id#1141L), isnotnull(transaction_date#1142)","",false
1,41,164,"Parquet",0,0,0,0,"InMemoryFileIndex(1 paths)[s3a://goes-se-sandbox/data/warehouse/tablespace/external/hive/demo_pauldefusco.db/accounts_skewed]","IsNotNull(account_id)","account_id:bigint","isnotnull(account_id#1163L)","",false
1,41,87,"Parquet",0,0,0,0,"InMemoryFileIndex(1 paths)[s3a://goes-se-sandbox/data/warehouse/tablespace/external/hive/demo_pauldefusco.db/accounts_skewed]","IsNotNull(account_id), IsNotNull(account_type)","account_id:bigint,account_type:string","isnotnull(account_id#51L), isnotnull(account_type#52)","",false
1,41,180,"Parquet",0,0,0,0,"InMemoryFileIndex(1 paths)[s3a://goes-se-sandbox/data/warehouse/tablespace/external/hive/demo_pauldefusco.db/branches_skewed]","IsNotNull(branch_id)","branch_id:bigint","isnotnull(branch_id#1182L)","",false
1,41,103,"Parquet",0,0,0,0,"InMemoryFileIndex(1 paths)[s3a://goes-se-sandbox/data/warehouse/tablespace/external/hive/demo_pauldefusco.db/branches_skewed]","IsNotNull(branch_id), IsNotNull(state), IsNotNull(region)","branch_id:bigint,state:string,region:string","isnotnull(branch_id#90L), isnotnull(state#92), isnotnull(region#93)","",false
1,41,188,"Parquet",0,0,0,0,"InMemoryFileIndex(1 paths)[s3a://goes-se-sandbox/data/warehouse/tablespace/external/hive/demo_pauldefusco.db/calendar]","IsNotNull(calendar_date)","calendar_date:date","isnotnull(calendar_date#1193)","",false
1,41,389,"Parquet",0,0,0,0,"InMemoryFileIndex(1 paths)[s3a://goes-se-sandbox/data/warehouse/tablespace/external/hive/demo_pauldefusco.db/calendar]","IsNotNull(calendar_date), IsNotNull(year), IsNotNull(month)","calendar_date:date,year:int,month:int","isnotnull(calendar_date#1717), isnotnull(year#1719), isnotnull(month#1721)","",false
1,41,330,"Parquet",0,0,0,0,"InMemoryFileIndex(1 paths)[s3a://goes-se-sandbox/data/warehouse/tablespace/external/hive/demo_pauldefusco.db/calendar]","IsNotNull(calendar_date), IsNotNull(year), IsNotNull(quarter)","calendar_date:date,year:int,quarter:int","isnotnull(calendar_date#1587), isnotnull(year#1589), isnotnull(quarter#1590)","",false
1,41,109,"Parquet",0,0,0,0,"InMemoryFileIndex(1 paths)[s3a://goes-se-sandbox/data/warehouse/tablespace/external/hive/demo_pauldefusco.db/calendar]","IsNotNull(calendar_date), IsNotNull(year), IsNotNull(quarter), IsNotNull(month)","calendar_date:date,year:int,quarter:int,month:int","isnotnull(calendar_date#112), isnotnull(year#114), isnotnull(quarter#115), isnotnull(month#116)","",false
1,41,473,"Parquet",0,0,0,0,"InMemoryFileIndex(1 paths)[s3a://goes-se-sandbox/data/warehouse/tablespace/external/hive/demo_pauldefusco.db/customers_skewed]","IsNotNull(customer_id)","customer_id:bigint,credit_score:int","isnotnull(customer_id#1950L)","",false
1,41,80,"Parquet",0,0,0,0,"InMemoryFileIndex(1 paths)[s3a://goes-se-sandbox/data/warehouse/tablespace/external/hive/demo_pauldefusco.db/customers_skewed]","IsNotNull(customer_id), IsNotNull(customer_segment), IsNotNull(risk_rating)","customer_id:bigint,credit_score:int,customer_segment:string,risk_rating:string","isnotnull(customer_id#30L), isnotnull(customer_segment#37), isnotnull(risk_rating#39)","",false
1,41,370,"Parquet",0,0,0,0,"InMemoryFileIndex(1 paths)[s3a://goes-se-sandbox/data/warehouse/tablespace/external/hive/demo_pauldefusco.db/customers_skewed]","IsNotNull(customer_id), IsNotNull(customer_segment)","customer_id:bigint,customer_segment:string","isnotnull(customer_id#1676L), isnotnull(customer_segment#1683)","",false
1,41,157,"Parquet",0,0,0,0,"InMemoryFileIndex(1 paths)[s3a://goes-se-sandbox/data/warehouse/tablespace/external/hive/demo_pauldefusco.db/customers_skewed]","IsNotNull(customer_id), IsNotNull(customer_segment), IsNotNull(risk_rating)","customer_id:bigint,customer_segment:string,risk_rating:string","isnotnull(customer_id#1152L), isnotnull(customer_segment#1159), isnotnull(risk_rating#1161)","",false
1,41,172,"Parquet",0,0,0,0,"InMemoryFileIndex(1 paths)[s3a://goes-se-sandbox/data/warehouse/tablespace/external/hive/demo_pauldefusco.db/merchants_skewed]","IsNotNull(merchant_id)","merchant_id:bigint","isnotnull(merchant_id#1172L)","",false
1,41,380,"Parquet",0,0,0,0,"InMemoryFileIndex(1 paths)[s3a://goes-se-sandbox/data/warehouse/tablespace/external/hive/demo_pauldefusco.db/merchants_skewed]","IsNotNull(merchant_id), IsNotNull(merchant_category)","merchant_id:bigint,merchant_category:string","isnotnull(merchant_id#1696L), isnotnull(merchant_category#1699)","",false
1,41,95,"Parquet",0,0,0,0,"InMemoryFileIndex(1 paths)[s3a://goes-se-sandbox/data/warehouse/tablespace/external/hive/demo_pauldefusco.db/merchants_skewed]","IsNotNull(merchant_id), IsNotNull(merchant_category), IsNotNull(region)","merchant_id:bigint,region:string,merchant_category:string","isnotnull(merchant_id#70L), isnotnull(merchant_category#73), isnotnull(region#72)","",false
1,41,274,"Parquet",0,0,0,0,"InMemoryFileIndex(1 paths)[s3a://goes-se-sandbox/data/warehouse/tablespace/external/hive/demo_pauldefusco.db/merchants_skewed]","IsNotNull(merchant_id), IsNotNull(merchant_category), IsNotNull(region)","merchant_id:bigint,region:string,merchant_category:string","isnotnull(merchant_id#70L), isnotnull(merchant_category#73), isnotnull(region#72)","",false
1,41,73,"Parquet",0,0,0,0,"InMemoryFileIndex(1 paths)[s3a://goes-se-sandbox/data/warehouse/tablespace/external/hive/demo_pauldefusco.db/trs_v25]","IsNotNull(customer_id), IsNotNull(account_id), IsNotNull(merchant_id), IsNotNull(branch_id), IsNotNull(transaction_date)","customer_id:bigint,account_id:bigint,merchant_id:bigint,branch_id:bigint,transaction_date:date,transaction_amount:double","isnotnull(customer_id#1L), isnotnull(account_id#2L), isnotnull(merchant_id#3L), isnotnull(branch_id#4L), isnotnull(transaction_date#5)","",false
1,41,150,"Parquet",0,0,0,0,"InMemoryFileIndex(1 paths)[s3a://goes-se-sandbox/data/warehouse/tablespace/external/hive/demo_pauldefusco.db/trs_v25]","IsNotNull(customer_id), IsNotNull(account_id), IsNotNull(merchant_id), IsNotNull(branch_id), IsNotNull(transaction_date)","customer_id:bigint,account_id:bigint,merchant_id:bigint,branch_id:bigint,transaction_date:date,transaction_amount:double,fraud_flag:int","isnotnull(customer_id#1138L), isnotnull(account_id#1139L), isnotnull(merchant_id#1140L), isnotnull(branch_id#1141L), isnotnull(transaction_date#1142)","",false
1,41,228,"Parquet",0,0,0,0,"InMemoryFileIndex(1 paths)[s3a://goes-se-sandbox/data/warehouse/tablespace/external/hive/demo_pauldefusco.db/trs_v25]","IsNotNull(customer_id), IsNotNull(account_id), IsNotNull(merchant_id), IsNotNull(branch_id), IsNotNull(transaction_date)","customer_id:bigint,account_id:bigint,merchant_id:bigint,branch_id:bigint,transaction_date:date,transaction_amount:double,fraud_flag:int","isnotnull(customer_id#1138L), isnotnull(account_id#1139L), isnotnull(merchant_id#1140L), isnotnull(branch_id#1141L), isnotnull(transaction_date#1142)","",false
1,41,315,"Parquet",0,0,0,0,"InMemoryFileIndex(1 paths)[s3a://goes-se-sandbox/data/warehouse/tablespace/external/hive/demo_pauldefusco.db/trs_v25]","IsNotNull(customer_id), IsNotNull(account_id), IsNotNull(merchant_id), IsNotNull(branch_id), IsNotNull(transaction_date)","customer_id:bigint,account_id:bigint,merchant_id:bigint,branch_id:bigint,transaction_date:date,transaction_amount:double,fraud_flag:int","isnotnull(customer_id#1138L), isnotnull(account_id#1139L), isnotnull(merchant_id#1140L), isnotnull(branch_id#1141L), isnotnull(transaction_date#1142)","",false
1,42,164,"Parquet",0,0,0,0,"InMemoryFileIndex(1 paths)[s3a://goes-se-sandbox/data/warehouse/tablespace/external/hive/demo_pauldefusco.db/accounts_skewed]","IsNotNull(account_id)","account_id:bigint","isnotnull(account_id#1163L)","",false
1,42,87,"Parquet",0,0,0,0,"InMemoryFileIndex(1 paths)[s3a://goes-se-sandbox/data/warehouse/tablespace/external/hive/demo_pauldefusco.db/accounts_skewed]","IsNotNull(account_id), IsNotNull(account_type)","account_id:bigint,account_type:string","isnotnull(account_id#51L), isnotnull(account_type#52)","",false
1,42,180,"Parquet",0,0,0,0,"InMemoryFileIndex(1 paths)[s3a://goes-se-sandbox/data/warehouse/tablespace/external/hive/demo_pauldefusco.db/branches_skewed]","IsNotNull(branch_id)","branch_id:bigint","isnotnull(branch_id#1182L)","",false
1,42,103,"Parquet",0,0,0,0,"InMemoryFileIndex(1 paths)[s3a://goes-se-sandbox/data/warehouse/tablespace/external/hive/demo_pauldefusco.db/branches_skewed]","IsNotNull(branch_id), IsNotNull(state), IsNotNull(region)","branch_id:bigint,state:string,region:string","isnotnull(branch_id#90L), isnotnull(state#92), isnotnull(region#93)","",false
1,42,188,"Parquet",0,0,0,0,"InMemoryFileIndex(1 paths)[s3a://goes-se-sandbox/data/warehouse/tablespace/external/hive/demo_pauldefusco.db/calendar]","IsNotNull(calendar_date)","calendar_date:date","isnotnull(calendar_date#1193)","",false
1,42,389,"Parquet",0,0,0,0,"InMemoryFileIndex(1 paths)[s3a://goes-se-sandbox/data/warehouse/tablespace/external/hive/demo_pauldefusco.db/calendar]","IsNotNull(calendar_date), IsNotNull(year), IsNotNull(month)","calendar_date:date,year:int,month:int","isnotnull(calendar_date#1717), isnotnull(year#1719), isnotnull(month#1721)","",false
1,42,330,"Parquet",0,0,0,0,"InMemoryFileIndex(1 paths)[s3a://goes-se-sandbox/data/warehouse/tablespace/external/hive/demo_pauldefusco.db/calendar]","IsNotNull(calendar_date), IsNotNull(year), IsNotNull(quarter)","calendar_date:date,year:int,quarter:int","isnotnull(calendar_date#1587), isnotnull(year#1589), isnotnull(quarter#1590)","",false
1,42,109,"Parquet",0,0,0,0,"InMemoryFileIndex(1 paths)[s3a://goes-se-sandbox/data/warehouse/tablespace/external/hive/demo_pauldefusco.db/calendar]","IsNotNull(calendar_date), IsNotNull(year), IsNotNull(quarter), IsNotNull(month)","calendar_date:date,year:int,quarter:int,month:int","isnotnull(calendar_date#112), isnotnull(year#114), isnotnull(quarter#115), isnotnull(month#116)","",false
1,42,478,"Parquet",0,0,0,0,"InMemoryFileIndex(1 paths)[s3a://goes-se-sandbox/data/warehouse/tablespace/external/hive/demo_pauldefusco.db/customers_skewed]","IsNotNull(customer_id)","customer_id:bigint,credit_score:int","isnotnull(customer_id#1950L)","",false
1,42,80,"Parquet",0,0,0,0,"InMemoryFileIndex(1 paths)[s3a://goes-se-sandbox/data/warehouse/tablespace/external/hive/demo_pauldefusco.db/customers_skewed]","IsNotNull(customer_id), IsNotNull(customer_segment), IsNotNull(risk_rating)","customer_id:bigint,credit_score:int,customer_segment:string,risk_rating:string","isnotnull(customer_id#30L), isnotnull(customer_segment#37), isnotnull(risk_rating#39)","",false
1,42,370,"Parquet",0,0,0,0,"InMemoryFileIndex(1 paths)[s3a://goes-se-sandbox/data/warehouse/tablespace/external/hive/demo_pauldefusco.db/customers_skewed]","IsNotNull(customer_id), IsNotNull(customer_segment)","customer_id:bigint,customer_segment:string","isnotnull(customer_id#1676L), isnotnull(customer_segment#1683)","",false
1,42,157,"Parquet",0,0,0,0,"InMemoryFileIndex(1 paths)[s3a://goes-se-sandbox/data/warehouse/tablespace/external/hive/demo_pauldefusco.db/customers_skewed]","IsNotNull(customer_id), IsNotNull(customer_segment), IsNotNull(risk_rating)","customer_id:bigint,customer_segment:string,risk_rating:string","isnotnull(customer_id#1152L), isnotnull(customer_segment#1159), isnotnull(risk_rating#1161)","",false
1,42,172,"Parquet",0,0,0,0,"InMemoryFileIndex(1 paths)[s3a://goes-se-sandbox/data/warehouse/tablespace/external/hive/demo_pauldefusco.db/merchants_skewed]","IsNotNull(merchant_id)","merchant_id:bigint","isnotnull(merchant_id#1172L)","",false
1,42,380,"Parquet",0,0,0,0,"InMemoryFileIndex(1 paths)[s3a://goes-se-sandbox/data/warehouse/tablespace/external/hive/demo_pauldefusco.db/merchants_skewed]","IsNotNull(merchant_id), IsNotNull(merchant_category)","merchant_id:bigint,merchant_category:string","isnotnull(merchant_id#1696L), isnotnull(merchant_category#1699)","",false
1,42,95,"Parquet",0,0,0,0,"InMemoryFileIndex(1 paths)[s3a://goes-se-sandbox/data/warehouse/tablespace/external/hive/demo_pauldefusco.db/merchants_skewed]","IsNotNull(merchant_id), IsNotNull(merchant_category), IsNotNull(region)","merchant_id:bigint,region:string,merchant_category:string","isnotnull(merchant_id#70L), isnotnull(merchant_category#73), isnotnull(region#72)","",false
1,42,274,"Parquet",0,0,0,0,"InMemoryFileIndex(1 paths)[s3a://goes-se-sandbox/data/warehouse/tablespace/external/hive/demo_pauldefusco.db/merchants_skewed]","IsNotNull(merchant_id), IsNotNull(merchant_category), IsNotNull(region)","merchant_id:bigint,region:string,merchant_category:string","isnotnull(merchant_id#70L), isnotnull(merchant_category#73), isnotnull(region#72)","",false
1,42,73,"Parquet",0,0,0,0,"InMemoryFileIndex(1 paths)[s3a://goes-se-sandbox/data/warehouse/tablespace/external/hive/demo_pauldefusco.db/trs_v25]","IsNotNull(customer_id), IsNotNull(account_id), IsNotNull(merchant_id), IsNotNull(branch_id), IsNotNull(transaction_date)","customer_id:bigint,account_id:bigint,merchant_id:bigint,branch_id:bigint,transaction_date:date,transaction_amount:double","isnotnull(customer_id#1L), isnotnull(account_id#2L), isnotnull(merchant_id#3L), isnotnull(branch_id#4L), isnotnull(transaction_date#5)","",false
1,42,150,"Parquet",0,0,0,0,"InMemoryFileIndex(1 paths)[s3a://goes-se-sandbox/data/warehouse/tablespace/external/hive/demo_pauldefusco.db/trs_v25]","IsNotNull(customer_id), IsNotNull(account_id), IsNotNull(merchant_id), IsNotNull(branch_id), IsNotNull(transaction_date)","customer_id:bigint,account_id:bigint,merchant_id:bigint,branch_id:bigint,transaction_date:date,transaction_amount:double,fraud_flag:int","isnotnull(customer_id#1138L), isnotnull(account_id#1139L), isnotnull(merchant_id#1140L), isnotnull(branch_id#1141L), isnotnull(transaction_date#1142)","",false
1,42,228,"Parquet",0,0,0,0,"InMemoryFileIndex(1 paths)[s3a://goes-se-sandbox/data/warehouse/tablespace/external/hive/demo_pauldefusco.db/trs_v25]","IsNotNull(customer_id), IsNotNull(account_id), IsNotNull(merchant_id), IsNotNull(branch_id), IsNotNull(transaction_date)","customer_id:bigint,account_id:bigint,merchant_id:bigint,branch_id:bigint,transaction_date:date,transaction_amount:double,fraud_flag:int","isnotnull(customer_id#1138L), isnotnull(account_id#1139L), isnotnull(merchant_id#1140L), isnotnull(branch_id#1141L), isnotnull(transaction_date#1142)","",false
1,42,315,"Parquet",0,0,0,0,"InMemoryFileIndex(1 paths)[s3a://goes-se-sandbox/data/warehouse/tablespace/external/hive/demo_pauldefusco.db/trs_v25]","IsNotNull(customer_id), IsNotNull(account_id), IsNotNull(merchant_id), IsNotNull(branch_id), IsNotNull(transaction_date)","customer_id:bigint,account_id:bigint,merchant_id:bigint,branch_id:bigint,transaction_date:date,transaction_amount:double,fraud_flag:int","isnotnull(customer_id#1138L), isnotnull(account_id#1139L), isnotnull(merchant_id#1140L), isnotnull(branch_id#1141L), isnotnull(transaction_date#1142)","",false
1,43,164,"Parquet",0,0,0,0,"InMemoryFileIndex(1 paths)[s3a://goes-se-sandbox/data/warehouse/tablespace/external/hive/demo_pauldefusco.db/accounts_skewed]","IsNotNull(account_id)","account_id:bigint","isnotnull(account_id#1163L)","",false
1,43,87,"Parquet",0,0,0,0,"InMemoryFileIndex(1 paths)[s3a://goes-se-sandbox/data/warehouse/tablespace/external/hive/demo_pauldefusco.db/accounts_skewed]","IsNotNull(account_id), IsNotNull(account_type)","account_id:bigint,account_type:string","isnotnull(account_id#51L), isnotnull(account_type#52)","",false
1,43,180,"Parquet",0,0,0,0,"InMemoryFileIndex(1 paths)[s3a://goes-se-sandbox/data/warehouse/tablespace/external/hive/demo_pauldefusco.db/branches_skewed]","IsNotNull(branch_id)","branch_id:bigint","isnotnull(branch_id#1182L)","",false
1,43,103,"Parquet",0,0,0,0,"InMemoryFileIndex(1 paths)[s3a://goes-se-sandbox/data/warehouse/tablespace/external/hive/demo_pauldefusco.db/branches_skewed]","IsNotNull(branch_id), IsNotNull(state), IsNotNull(region)","branch_id:bigint,state:string,region:string","isnotnull(branch_id#90L), isnotnull(state#92), isnotnull(region#93)","",false
1,43,188,"Parquet",0,0,0,0,"InMemoryFileIndex(1 paths)[s3a://goes-se-sandbox/data/warehouse/tablespace/external/hive/demo_pauldefusco.db/calendar]","IsNotNull(calendar_date)","calendar_date:date","isnotnull(calendar_date#1193)","",false
1,43,389,"Parquet",0,0,0,0,"InMemoryFileIndex(1 paths)[s3a://goes-se-sandbox/data/warehouse/tablespace/external/hive/demo_pauldefusco.db/calendar]","IsNotNull(calendar_date), IsNotNull(year), IsNotNull(month)","calendar_date:date,year:int,month:int","isnotnull(calendar_date#1717), isnotnull(year#1719), isnotnull(month#1721)","",false
1,43,330,"Parquet",0,0,0,0,"InMemoryFileIndex(1 paths)[s3a://goes-se-sandbox/data/warehouse/tablespace/external/hive/demo_pauldefusco.db/calendar]","IsNotNull(calendar_date), IsNotNull(year), IsNotNull(quarter)","calendar_date:date,year:int,quarter:int","isnotnull(calendar_date#1587), isnotnull(year#1589), isnotnull(quarter#1590)","",false
1,43,109,"Parquet",0,0,0,0,"InMemoryFileIndex(1 paths)[s3a://goes-se-sandbox/data/warehouse/tablespace/external/hive/demo_pauldefusco.db/calendar]","IsNotNull(calendar_date), IsNotNull(year), IsNotNull(quarter), IsNotNull(month)","calendar_date:date,year:int,quarter:int,month:int","isnotnull(calendar_date#112), isnotnull(year#114), isnotnull(quarter#115), isnotnull(month#116)","",false
1,43,478,"Parquet",0,0,0,0,"InMemoryFileIndex(1 paths)[s3a://goes-se-sandbox/data/warehouse/tablespace/external/hive/demo_pauldefusco.db/customers_skewed]","IsNotNull(customer_id)","customer_id:bigint,credit_score:int","isnotnull(customer_id#1950L)","",false
1,43,80,"Parquet",0,0,0,0,"InMemoryFileIndex(1 paths)[s3a://goes-se-sandbox/data/warehouse/tablespace/external/hive/demo_pauldefusco.db/customers_skewed]","IsNotNull(customer_id), IsNotNull(customer_segment), IsNotNull(risk_rating)","customer_id:bigint,credit_score:int,customer_segment:string,risk_rating:string","isnotnull(customer_id#30L), isnotnull(customer_segment#37), isnotnull(risk_rating#39)","",false
1,43,370,"Parquet",0,0,0,0,"InMemoryFileIndex(1 paths)[s3a://goes-se-sandbox/data/warehouse/tablespace/external/hive/demo_pauldefusco.db/customers_skewed]","IsNotNull(customer_id), IsNotNull(customer_segment)","customer_id:bigint,customer_segment:string","isnotnull(customer_id#1676L), isnotnull(customer_segment#1683)","",false
1,43,157,"Parquet",0,0,0,0,"InMemoryFileIndex(1 paths)[s3a://goes-se-sandbox/data/warehouse/tablespace/external/hive/demo_pauldefusco.db/customers_skewed]","IsNotNull(customer_id), IsNotNull(customer_segment), IsNotNull(risk_rating)","customer_id:bigint,customer_segment:string,risk_rating:string","isnotnull(customer_id#1152L), isnotnull(customer_segment#1159), isnotnull(risk_rating#1161)","",false
1,43,172,"Parquet",0,0,0,0,"InMemoryFileIndex(1 paths)[s3a://goes-se-sandbox/data/warehouse/tablespace/external/hive/demo_pauldefusco.db/merchants_skewed]","IsNotNull(merchant_id)","merchant_id:bigint","isnotnull(merchant_id#1172L)","",false
1,43,380,"Parquet",0,0,0,0,"InMemoryFileIndex(1 paths)[s3a://goes-se-sandbox/data/warehouse/tablespace/external/hive/demo_pauldefusco.db/merchants_skewed]","IsNotNull(merchant_id), IsNotNull(merchant_category)","merchant_id:bigint,merchant_category:string","isnotnull(merchant_id#1696L), isnotnull(merchant_category#1699)","",false
1,43,95,"Parquet",0,0,0,0,"InMemoryFileIndex(1 paths)[s3a://goes-se-sandbox/data/warehouse/tablespace/external/hive/demo_pauldefusco.db/merchants_skewed]","IsNotNull(merchant_id), IsNotNull(merchant_category), IsNotNull(region)","merchant_id:bigint,region:string,merchant_category:string","isnotnull(merchant_id#70L), isnotnull(merchant_category#73), isnotnull(region#72)","",false
1,43,274,"Parquet",0,0,0,0,"InMemoryFileIndex(1 paths)[s3a://goes-se-sandbox/data/warehouse/tablespace/external/hive/demo_pauldefusco.db/merchants_skewed]","IsNotNull(merchant_id), IsNotNull(merchant_category), IsNotNull(region)","merchant_id:bigint,region:string,merchant_category:string","isnotnull(merchant_id#70L), isnotnull(merchant_category#73), isnotnull(region#72)","",false
1,43,73,"Parquet",0,0,0,0,"InMemoryFileIndex(1 paths)[s3a://goes-se-sandbox/data/warehouse/tablespace/external/hive/demo_pauldefusco.db/trs_v25]","IsNotNull(customer_id), IsNotNull(account_id), IsNotNull(merchant_id), IsNotNull(branch_id), IsNotNull(transaction_date)","customer_id:bigint,account_id:bigint,merchant_id:bigint,branch_id:bigint,transaction_date:date,transaction_amount:double","isnotnull(customer_id#1L), isnotnull(account_id#2L), isnotnull(merchant_id#3L), isnotnull(branch_id#4L), isnotnull(transaction_date#5)","",false
1,43,150,"Parquet",0,0,0,0,"InMemoryFileIndex(1 paths)[s3a://goes-se-sandbox/data/warehouse/tablespace/external/hive/demo_pauldefusco.db/trs_v25]","IsNotNull(customer_id), IsNotNull(account_id), IsNotNull(merchant_id), IsNotNull(branch_id), IsNotNull(transaction_date)","customer_id:bigint,account_id:bigint,merchant_id:bigint,branch_id:bigint,transaction_date:date,transaction_amount:double,fraud_flag:int","isnotnull(customer_id#1138L), isnotnull(account_id#1139L), isnotnull(merchant_id#1140L), isnotnull(branch_id#1141L), isnotnull(transaction_date#1142)","",false
1,43,228,"Parquet",0,0,0,0,"InMemoryFileIndex(1 paths)[s3a://goes-se-sandbox/data/warehouse/tablespace/external/hive/demo_pauldefusco.db/trs_v25]","IsNotNull(customer_id), IsNotNull(account_id), IsNotNull(merchant_id), IsNotNull(branch_id), IsNotNull(transaction_date)","customer_id:bigint,account_id:bigint,merchant_id:bigint,branch_id:bigint,transaction_date:date,transaction_amount:double,fraud_flag:int","isnotnull(customer_id#1138L), isnotnull(account_id#1139L), isnotnull(merchant_id#1140L), isnotnull(branch_id#1141L), isnotnull(transaction_date#1142)","",false
1,43,315,"Parquet",0,0,0,0,"InMemoryFileIndex(1 paths)[s3a://goes-se-sandbox/data/warehouse/tablespace/external/hive/demo_pauldefusco.db/trs_v25]","IsNotNull(customer_id), IsNotNull(account_id), IsNotNull(merchant_id), IsNotNull(branch_id), IsNotNull(transaction_date)","customer_id:bigint,account_id:bigint,merchant_id:bigint,branch_id:bigint,transaction_date:date,transaction_amount:double,fraud_flag:int","isnotnull(customer_id#1138L), isnotnull(account_id#1139L), isnotnull(merchant_id#1140L), isnotnull(branch_id#1141L), isnotnull(transaction_date#1142)","",false
1,44,164,"Parquet",0,0,0,0,"InMemoryFileIndex(1 paths)[s3a://goes-se-sandbox/data/warehouse/tablespace/external/hive/demo_pauldefusco.db/accounts_skewed]","IsNotNull(account_id)","account_id:bigint","isnotnull(account_id#1163L)","",false
1,44,87,"Parquet",0,0,0,0,"InMemoryFileIndex(1 paths)[s3a://goes-se-sandbox/data/warehouse/tablespace/external/hive/demo_pauldefusco.db/accounts_skewed]","IsNotNull(account_id), IsNotNull(account_type)","account_id:bigint,account_type:string","isnotnull(account_id#51L), isnotnull(account_type#52)","",false
1,44,180,"Parquet",0,0,0,0,"InMemoryFileIndex(1 paths)[s3a://goes-se-sandbox/data/warehouse/tablespace/external/hive/demo_pauldefusco.db/branches_skewed]","IsNotNull(branch_id)","branch_id:bigint","isnotnull(branch_id#1182L)","",false
1,44,103,"Parquet",0,0,0,0,"InMemoryFileIndex(1 paths)[s3a://goes-se-sandbox/data/warehouse/tablespace/external/hive/demo_pauldefusco.db/branches_skewed]","IsNotNull(branch_id), IsNotNull(state), IsNotNull(region)","branch_id:bigint,state:string,region:string","isnotnull(branch_id#90L), isnotnull(state#92), isnotnull(region#93)","",false
1,44,188,"Parquet",0,0,0,0,"InMemoryFileIndex(1 paths)[s3a://goes-se-sandbox/data/warehouse/tablespace/external/hive/demo_pauldefusco.db/calendar]","IsNotNull(calendar_date)","calendar_date:date","isnotnull(calendar_date#1193)","",false
1,44,389,"Parquet",0,0,0,0,"InMemoryFileIndex(1 paths)[s3a://goes-se-sandbox/data/warehouse/tablespace/external/hive/demo_pauldefusco.db/calendar]","IsNotNull(calendar_date), IsNotNull(year), IsNotNull(month)","calendar_date:date,year:int,month:int","isnotnull(calendar_date#1717), isnotnull(year#1719), isnotnull(month#1721)","",false
1,44,330,"Parquet",0,0,0,0,"InMemoryFileIndex(1 paths)[s3a://goes-se-sandbox/data/warehouse/tablespace/external/hive/demo_pauldefusco.db/calendar]","IsNotNull(calendar_date), IsNotNull(year), IsNotNull(quarter)","calendar_date:date,year:int,quarter:int","isnotnull(calendar_date#1587), isnotnull(year#1589), isnotnull(quarter#1590)","",false
1,44,109,"Parquet",0,0,0,0,"InMemoryFileIndex(1 paths)[s3a://goes-se-sandbox/data/warehouse/tablespace/external/hive/demo_pauldefusco.db/calendar]","IsNotNull(calendar_date), IsNotNull(year), IsNotNull(quarter), IsNotNull(month)","calendar_date:date,year:int,quarter:int,month:int","isnotnull(calendar_date#112), isnotnull(year#114), isnotnull(quarter#115), isnotnull(month#116)","",false
1,44,478,"Parquet",0,0,0,0,"InMemoryFileIndex(1 paths)[s3a://goes-se-sandbox/data/warehouse/tablespace/external/hive/demo_pauldefusco.db/customers_skewed]","IsNotNull(customer_id)","customer_id:bigint,credit_score:int","isnotnull(customer_id#1950L)","",false
1,44,80,"Parquet",0,0,0,0,"InMemoryFileIndex(1 paths)[s3a://goes-se-sandbox/data/warehouse/tablespace/external/hive/demo_pauldefusco.db/customers_skewed]","IsNotNull(customer_id), IsNotNull(customer_segment), IsNotNull(risk_rating)","customer_id:bigint,credit_score:int,customer_segment:string,risk_rating:string","isnotnull(customer_id#30L), isnotnull(customer_segment#37), isnotnull(risk_rating#39)","",false
1,44,370,"Parquet",0,0,0,0,"InMemoryFileIndex(1 paths)[s3a://goes-se-sandbox/data/warehouse/tablespace/external/hive/demo_pauldefusco.db/customers_skewed]","IsNotNull(customer_id), IsNotNull(customer_segment)","customer_id:bigint,customer_segment:string","isnotnull(customer_id#1676L), isnotnull(customer_segment#1683)","",false
1,44,157,"Parquet",0,0,0,0,"InMemoryFileIndex(1 paths)[s3a://goes-se-sandbox/data/warehouse/tablespace/external/hive/demo_pauldefusco.db/customers_skewed]","IsNotNull(customer_id), IsNotNull(customer_segment), IsNotNull(risk_rating)","customer_id:bigint,customer_segment:string,risk_rating:string","isnotnull(customer_id#1152L), isnotnull(customer_segment#1159), isnotnull(risk_rating#1161)","",false
1,44,172,"Parquet",0,0,0,0,"InMemoryFileIndex(1 paths)[s3a://goes-se-sandbox/data/warehouse/tablespace/external/hive/demo_pauldefusco.db/merchants_skewed]","IsNotNull(merchant_id)","merchant_id:bigint","isnotnull(merchant_id#1172L)","",false
1,44,380,"Parquet",0,0,0,0,"InMemoryFileIndex(1 paths)[s3a://goes-se-sandbox/data/warehouse/tablespace/external/hive/demo_pauldefusco.db/merchants_skewed]","IsNotNull(merchant_id), IsNotNull(merchant_category)","merchant_id:bigint,merchant_category:string","isnotnull(merchant_id#1696L), isnotnull(merchant_category#1699)","",false
1,44,95,"Parquet",0,0,0,0,"InMemoryFileIndex(1 paths)[s3a://goes-se-sandbox/data/warehouse/tablespace/external/hive/demo_pauldefusco.db/merchants_skewed]","IsNotNull(merchant_id), IsNotNull(merchant_category), IsNotNull(region)","merchant_id:bigint,region:string,merchant_category:string","isnotnull(merchant_id#70L), isnotnull(merchant_category#73), isnotnull(region#72)","",false
1,44,274,"Parquet",0,0,0,0,"InMemoryFileIndex(1 paths)[s3a://goes-se-sandbox/data/warehouse/tablespace/external/hive/demo_pauldefusco.db/merchants_skewed]","IsNotNull(merchant_id), IsNotNull(merchant_category), IsNotNull(region)","merchant_id:bigint,region:string,merchant_category:string","isnotnull(merchant_id#70L), isnotnull(merchant_category#73), isnotnull(region#72)","",false
1,44,73,"Parquet",0,0,0,0,"InMemoryFileIndex(1 paths)[s3a://goes-se-sandbox/data/warehouse/tablespace/external/hive/demo_pauldefusco.db/trs_v25]","IsNotNull(customer_id), IsNotNull(account_id), IsNotNull(merchant_id), IsNotNull(branch_id), IsNotNull(transaction_date)","customer_id:bigint,account_id:bigint,merchant_id:bigint,branch_id:bigint,transaction_date:date,transaction_amount:double","isnotnull(customer_id#1L), isnotnull(account_id#2L), isnotnull(merchant_id#3L), isnotnull(branch_id#4L), isnotnull(transaction_date#5)","",false
1,44,150,"Parquet",0,0,0,0,"InMemoryFileIndex(1 paths)[s3a://goes-se-sandbox/data/warehouse/tablespace/external/hive/demo_pauldefusco.db/trs_v25]","IsNotNull(customer_id), IsNotNull(account_id), IsNotNull(merchant_id), IsNotNull(branch_id), IsNotNull(transaction_date)","customer_id:bigint,account_id:bigint,merchant_id:bigint,branch_id:bigint,transaction_date:date,transaction_amount:double,fraud_flag:int","isnotnull(customer_id#1138L), isnotnull(account_id#1139L), isnotnull(merchant_id#1140L), isnotnull(branch_id#1141L), isnotnull(transaction_date#1142)","",false
1,44,228,"Parquet",0,0,0,0,"InMemoryFileIndex(1 paths)[s3a://goes-se-sandbox/data/warehouse/tablespace/external/hive/demo_pauldefusco.db/trs_v25]","IsNotNull(customer_id), IsNotNull(account_id), IsNotNull(merchant_id), IsNotNull(branch_id), IsNotNull(transaction_date)","customer_id:bigint,account_id:bigint,merchant_id:bigint,branch_id:bigint,transaction_date:date,transaction_amount:double,fraud_flag:int","isnotnull(customer_id#1138L), isnotnull(account_id#1139L), isnotnull(merchant_id#1140L), isnotnull(branch_id#1141L), isnotnull(transaction_date#1142)","",false
1,44,315,"Parquet",0,0,0,0,"InMemoryFileIndex(1 paths)[s3a://goes-se-sandbox/data/warehouse/tablespace/external/hive/demo_pauldefusco.db/trs_v25]","IsNotNull(customer_id), IsNotNull(account_id), IsNotNull(merchant_id), IsNotNull(branch_id), IsNotNull(transaction_date)","customer_id:bigint,account_id:bigint,merchant_id:bigint,branch_id:bigint,transaction_date:date,transaction_amount:double,fraud_flag:int","isnotnull(customer_id#1138L), isnotnull(account_id#1139L), isnotnull(merchant_id#1140L), isnotnull(branch_id#1141L), isnotnull(transaction_date#1142)","",false
1,45,169,"Parquet",0,0,0,0,"InMemoryFileIndex(1 paths)[s3a://goes-se-sandbox/data/warehouse/tablespace/external/hive/demo_pauldefusco.db/accounts_skewed]","IsNotNull(account_id)","account_id:bigint","isnotnull(account_id#1163L)","",false
1,45,90,"Parquet",0,0,0,0,"InMemoryFileIndex(1 paths)[s3a://goes-se-sandbox/data/warehouse/tablespace/external/hive/demo_pauldefusco.db/accounts_skewed]","IsNotNull(account_id), IsNotNull(account_type)","account_id:bigint,account_type:string","isnotnull(account_id#51L), isnotnull(account_type#52)","",false
1,45,185,"Parquet",0,0,0,0,"InMemoryFileIndex(1 paths)[s3a://goes-se-sandbox/data/warehouse/tablespace/external/hive/demo_pauldefusco.db/branches_skewed]","IsNotNull(branch_id)","branch_id:bigint","isnotnull(branch_id#1182L)","",false
1,45,106,"Parquet",0,0,0,0,"InMemoryFileIndex(1 paths)[s3a://goes-se-sandbox/data/warehouse/tablespace/external/hive/demo_pauldefusco.db/branches_skewed]","IsNotNull(branch_id), IsNotNull(state), IsNotNull(region)","branch_id:bigint,state:string,region:string","isnotnull(branch_id#90L), isnotnull(state#92), isnotnull(region#93)","",false
1,45,193,"Parquet",0,0,0,0,"InMemoryFileIndex(1 paths)[s3a://goes-se-sandbox/data/warehouse/tablespace/external/hive/demo_pauldefusco.db/calendar]","IsNotNull(calendar_date)","calendar_date:date","isnotnull(calendar_date#1193)","",false
1,45,394,"Parquet",0,0,0,0,"InMemoryFileIndex(1 paths)[s3a://goes-se-sandbox/data/warehouse/tablespace/external/hive/demo_pauldefusco.db/calendar]","IsNotNull(calendar_date), IsNotNull(year), IsNotNull(month)","calendar_date:date,year:int,month:int","isnotnull(calendar_date#1717), isnotnull(year#1719), isnotnull(month#1721)","",false
1,45,335,"Parquet",0,0,0,0,"InMemoryFileIndex(1 paths)[s3a://goes-se-sandbox/data/warehouse/tablespace/external/hive/demo_pauldefusco.db/calendar]","IsNotNull(calendar_date), IsNotNull(year), IsNotNull(quarter)","calendar_date:date,year:int,quarter:int","isnotnull(calendar_date#1587), isnotnull(year#1589), isnotnull(quarter#1590)","",false
1,45,114,"Parquet",0,0,0,0,"InMemoryFileIndex(1 paths)[s3a://goes-se-sandbox/data/warehouse/tablespace/external/hive/demo_pauldefusco.db/calendar]","IsNotNull(calendar_date), IsNotNull(year), IsNotNull(quarter), IsNotNull(month)","calendar_date:date,year:int,quarter:int,month:int","isnotnull(calendar_date#112), isnotnull(year#114), isnotnull(quarter#115), isnotnull(month#116)","",false
1,45,483,"Parquet",0,0,0,0,"InMemoryFileIndex(1 paths)[s3a://goes-se-sandbox/data/warehouse/tablespace/external/hive/demo_pauldefusco.db/customers_skewed]","IsNotNull(customer_id)","customer_id:bigint,credit_score:int","isnotnull(customer_id#1950L)","",false
1,45,83,"Parquet",0,0,0,0,"InMemoryFileIndex(1 paths)[s3a://goes-se-sandbox/data/warehouse/tablespace/external/hive/demo_pauldefusco.db/customers_skewed]","IsNotNull(customer_id), IsNotNull(customer_segment), IsNotNull(risk_rating)","customer_id:bigint,credit_score:int,customer_segment:string,risk_rating:string","isnotnull(customer_id#30L), isnotnull(customer_segment#37), isnotnull(risk_rating#39)","",false
1,45,375,"Parquet",0,0,0,0,"InMemoryFileIndex(1 paths)[s3a://goes-se-sandbox/data/warehouse/tablespace/external/hive/demo_pauldefusco.db/customers_skewed]","IsNotNull(customer_id), IsNotNull(customer_segment)","customer_id:bigint,customer_segment:string","isnotnull(customer_id#1676L), isnotnull(customer_segment#1683)","",false
1,45,162,"Parquet",0,0,0,0,"InMemoryFileIndex(1 paths)[s3a://goes-se-sandbox/data/warehouse/tablespace/external/hive/demo_pauldefusco.db/customers_skewed]","IsNotNull(customer_id), IsNotNull(customer_segment), IsNotNull(risk_rating)","customer_id:bigint,customer_segment:string,risk_rating:string","isnotnull(customer_id#1152L), isnotnull(customer_segment#1159), isnotnull(risk_rating#1161)","",false
1,45,177,"Parquet",0,0,0,0,"InMemoryFileIndex(1 paths)[s3a://goes-se-sandbox/data/warehouse/tablespace/external/hive/demo_pauldefusco.db/merchants_skewed]","IsNotNull(merchant_id)","merchant_id:bigint","isnotnull(merchant_id#1172L)","",false
1,45,385,"Parquet",0,0,0,0,"InMemoryFileIndex(1 paths)[s3a://goes-se-sandbox/data/warehouse/tablespace/external/hive/demo_pauldefusco.db/merchants_skewed]","IsNotNull(merchant_id), IsNotNull(merchant_category)","merchant_id:bigint,merchant_category:string","isnotnull(merchant_id#1696L), isnotnull(merchant_category#1699)","",false
1,45,98,"Parquet",0,0,0,0,"InMemoryFileIndex(1 paths)[s3a://goes-se-sandbox/data/warehouse/tablespace/external/hive/demo_pauldefusco.db/merchants_skewed]","IsNotNull(merchant_id), IsNotNull(merchant_category), IsNotNull(region)","merchant_id:bigint,region:string,merchant_category:string","isnotnull(merchant_id#70L), isnotnull(merchant_category#73), isnotnull(region#72)","",false
1,45,279,"Parquet",0,0,0,0,"InMemoryFileIndex(1 paths)[s3a://goes-se-sandbox/data/warehouse/tablespace/external/hive/demo_pauldefusco.db/merchants_skewed]","IsNotNull(merchant_id), IsNotNull(merchant_category), IsNotNull(region)","merchant_id:bigint,region:string,merchant_category:string","isnotnull(merchant_id#70L), isnotnull(merchant_category#73), isnotnull(region#72)","",false
1,45,76,"Parquet",0,0,0,0,"InMemoryFileIndex(1 paths)[s3a://goes-se-sandbox/data/warehouse/tablespace/external/hive/demo_pauldefusco.db/trs_v25]","IsNotNull(customer_id), IsNotNull(account_id), IsNotNull(merchant_id), IsNotNull(branch_id), IsNotNull(transaction_date)","customer_id:bigint,account_id:bigint,merchant_id:bigint,branch_id:bigint,transaction_date:date,transaction_amount:double","isnotnull(customer_id#1L), isnotnull(account_id#2L), isnotnull(merchant_id#3L), isnotnull(branch_id#4L), isnotnull(transaction_date#5)","",false
1,45,155,"Parquet",0,0,0,0,"InMemoryFileIndex(1 paths)[s3a://goes-se-sandbox/data/warehouse/tablespace/external/hive/demo_pauldefusco.db/trs_v25]","IsNotNull(customer_id), IsNotNull(account_id), IsNotNull(merchant_id), IsNotNull(branch_id), IsNotNull(transaction_date)","customer_id:bigint,account_id:bigint,merchant_id:bigint,branch_id:bigint,transaction_date:date,transaction_amount:double,fraud_flag:int","isnotnull(customer_id#1138L), isnotnull(account_id#1139L), isnotnull(merchant_id#1140L), isnotnull(branch_id#1141L), isnotnull(transaction_date#1142)","",false
1,45,233,"Parquet",0,0,0,0,"InMemoryFileIndex(1 paths)[s3a://goes-se-sandbox/data/warehouse/tablespace/external/hive/demo_pauldefusco.db/trs_v25]","IsNotNull(customer_id), IsNotNull(account_id), IsNotNull(merchant_id), IsNotNull(branch_id), IsNotNull(transaction_date)","customer_id:bigint,account_id:bigint,merchant_id:bigint,branch_id:bigint,transaction_date:date,transaction_amount:double,fraud_flag:int","isnotnull(customer_id#1138L), isnotnull(account_id#1139L), isnotnull(merchant_id#1140L), isnotnull(branch_id#1141L), isnotnull(transaction_date#1142)","",false
1,45,320,"Parquet",0,0,0,0,"InMemoryFileIndex(1 paths)[s3a://goes-se-sandbox/data/warehouse/tablespace/external/hive/demo_pauldefusco.db/trs_v25]","IsNotNull(customer_id), IsNotNull(account_id), IsNotNull(merchant_id), IsNotNull(branch_id), IsNotNull(transaction_date)","customer_id:bigint,account_id:bigint,merchant_id:bigint,branch_id:bigint,transaction_date:date,transaction_amount:double,fraud_flag:int","isnotnull(customer_id#1138L), isnotnull(account_id#1139L), isnotnull(merchant_id#1140L), isnotnull(branch_id#1141L), isnotnull(transaction_date#1142)","",false
1,46,169,"Parquet",0,0,0,0,"InMemoryFileIndex(1 paths)[s3a://goes-se-sandbox/data/warehouse/tablespace/external/hive/demo_pauldefusco.db/accounts_skewed]","IsNotNull(account_id)","account_id:bigint","isnotnull(account_id#1163L)","",false
1,46,90,"Parquet",0,0,0,0,"InMemoryFileIndex(1 paths)[s3a://goes-se-sandbox/data/warehouse/tablespace/external/hive/demo_pauldefusco.db/accounts_skewed]","IsNotNull(account_id), IsNotNull(account_type)","account_id:bigint,account_type:string","isnotnull(account_id#51L), isnotnull(account_type#52)","",false
1,46,185,"Parquet",0,0,0,0,"InMemoryFileIndex(1 paths)[s3a://goes-se-sandbox/data/warehouse/tablespace/external/hive/demo_pauldefusco.db/branches_skewed]","IsNotNull(branch_id)","branch_id:bigint","isnotnull(branch_id#1182L)","",false
1,46,106,"Parquet",0,0,0,0,"InMemoryFileIndex(1 paths)[s3a://goes-se-sandbox/data/warehouse/tablespace/external/hive/demo_pauldefusco.db/branches_skewed]","IsNotNull(branch_id), IsNotNull(state), IsNotNull(region)","branch_id:bigint,state:string,region:string","isnotnull(branch_id#90L), isnotnull(state#92), isnotnull(region#93)","",false
1,46,193,"Parquet",0,0,0,0,"InMemoryFileIndex(1 paths)[s3a://goes-se-sandbox/data/warehouse/tablespace/external/hive/demo_pauldefusco.db/calendar]","IsNotNull(calendar_date)","calendar_date:date","isnotnull(calendar_date#1193)","",false
1,46,399,"Parquet",0,0,0,0,"InMemoryFileIndex(1 paths)[s3a://goes-se-sandbox/data/warehouse/tablespace/external/hive/demo_pauldefusco.db/calendar]","IsNotNull(calendar_date), IsNotNull(year), IsNotNull(month)","calendar_date:date,year:int,month:int","isnotnull(calendar_date#1717), isnotnull(year#1719), isnotnull(month#1721)","",false
1,46,340,"Parquet",0,0,0,0,"InMemoryFileIndex(1 paths)[s3a://goes-se-sandbox/data/warehouse/tablespace/external/hive/demo_pauldefusco.db/calendar]","IsNotNull(calendar_date), IsNotNull(year), IsNotNull(quarter)","calendar_date:date,year:int,quarter:int","isnotnull(calendar_date#1587), isnotnull(year#1589), isnotnull(quarter#1590)","",false
1,46,114,"Parquet",0,0,0,0,"InMemoryFileIndex(1 paths)[s3a://goes-se-sandbox/data/warehouse/tablespace/external/hive/demo_pauldefusco.db/calendar]","IsNotNull(calendar_date), IsNotNull(year), IsNotNull(quarter), IsNotNull(month)","calendar_date:date,year:int,quarter:int,month:int","isnotnull(calendar_date#112), isnotnull(year#114), isnotnull(quarter#115), isnotnull(month#116)","",false
1,46,488,"Parquet",0,0,0,0,"InMemoryFileIndex(1 paths)[s3a://goes-se-sandbox/data/warehouse/tablespace/external/hive/demo_pauldefusco.db/customers_skewed]","IsNotNull(customer_id)","customer_id:bigint,credit_score:int","isnotnull(customer_id#1950L)","",false
1,46,83,"Parquet",0,0,0,0,"InMemoryFileIndex(1 paths)[s3a://goes-se-sandbox/data/warehouse/tablespace/external/hive/demo_pauldefusco.db/customers_skewed]","IsNotNull(customer_id), IsNotNull(customer_segment), IsNotNull(risk_rating)","customer_id:bigint,credit_score:int,customer_segment:string,risk_rating:string","isnotnull(customer_id#30L), isnotnull(customer_segment#37), isnotnull(risk_rating#39)","",false
1,46,380,"Parquet",0,0,0,0,"InMemoryFileIndex(1 paths)[s3a://goes-se-sandbox/data/warehouse/tablespace/external/hive/demo_pauldefusco.db/customers_skewed]","IsNotNull(customer_id), IsNotNull(customer_segment)","customer_id:bigint,customer_segment:string","isnotnull(customer_id#1676L), isnotnull(customer_segment#1683)","",false
1,46,162,"Parquet",0,0,0,0,"InMemoryFileIndex(1 paths)[s3a://goes-se-sandbox/data/warehouse/tablespace/external/hive/demo_pauldefusco.db/customers_skewed]","IsNotNull(customer_id), IsNotNull(customer_segment), IsNotNull(risk_rating)","customer_id:bigint,customer_segment:string,risk_rating:string","isnotnull(customer_id#1152L), isnotnull(customer_segment#1159), isnotnull(risk_rating#1161)","",false
1,46,177,"Parquet",0,0,0,0,"InMemoryFileIndex(1 paths)[s3a://goes-se-sandbox/data/warehouse/tablespace/external/hive/demo_pauldefusco.db/merchants_skewed]","IsNotNull(merchant_id)","merchant_id:bigint","isnotnull(merchant_id#1172L)","",false
1,46,390,"Parquet",0,0,0,0,"InMemoryFileIndex(1 paths)[s3a://goes-se-sandbox/data/warehouse/tablespace/external/hive/demo_pauldefusco.db/merchants_skewed]","IsNotNull(merchant_id), IsNotNull(merchant_category)","merchant_id:bigint,merchant_category:string","isnotnull(merchant_id#1696L), isnotnull(merchant_category#1699)","",false
1,46,98,"Parquet",0,0,0,0,"InMemoryFileIndex(1 paths)[s3a://goes-se-sandbox/data/warehouse/tablespace/external/hive/demo_pauldefusco.db/merchants_skewed]","IsNotNull(merchant_id), IsNotNull(merchant_category), IsNotNull(region)","merchant_id:bigint,region:string,merchant_category:string","isnotnull(merchant_id#70L), isnotnull(merchant_category#73), isnotnull(region#72)","",false
1,46,282,"Parquet",0,0,0,0,"InMemoryFileIndex(1 paths)[s3a://goes-se-sandbox/data/warehouse/tablespace/external/hive/demo_pauldefusco.db/merchants_skewed]","IsNotNull(merchant_id), IsNotNull(merchant_category), IsNotNull(region)","merchant_id:bigint,region:string,merchant_category:string","isnotnull(merchant_id#70L), isnotnull(merchant_category#73), isnotnull(region#72)","",false
1,46,76,"Parquet",0,0,0,0,"InMemoryFileIndex(1 paths)[s3a://goes-se-sandbox/data/warehouse/tablespace/external/hive/demo_pauldefusco.db/trs_v25]","IsNotNull(customer_id), IsNotNull(account_id), IsNotNull(merchant_id), IsNotNull(branch_id), IsNotNull(transaction_date)","customer_id:bigint,account_id:bigint,merchant_id:bigint,branch_id:bigint,transaction_date:date,transaction_amount:double","isnotnull(customer_id#1L), isnotnull(account_id#2L), isnotnull(merchant_id#3L), isnotnull(branch_id#4L), isnotnull(transaction_date#5)","",false
1,46,155,"Parquet",0,0,0,0,"InMemoryFileIndex(1 paths)[s3a://goes-se-sandbox/data/warehouse/tablespace/external/hive/demo_pauldefusco.db/trs_v25]","IsNotNull(customer_id), IsNotNull(account_id), IsNotNull(merchant_id), IsNotNull(branch_id), IsNotNull(transaction_date)","customer_id:bigint,account_id:bigint,merchant_id:bigint,branch_id:bigint,transaction_date:date,transaction_amount:double,fraud_flag:int","isnotnull(customer_id#1138L), isnotnull(account_id#1139L), isnotnull(merchant_id#1140L), isnotnull(branch_id#1141L), isnotnull(transaction_date#1142)","",false
1,46,233,"Parquet",0,0,0,0,"InMemoryFileIndex(1 paths)[s3a://goes-se-sandbox/data/warehouse/tablespace/external/hive/demo_pauldefusco.db/trs_v25]","IsNotNull(customer_id), IsNotNull(account_id), IsNotNull(merchant_id), IsNotNull(branch_id), IsNotNull(transaction_date)","customer_id:bigint,account_id:bigint,merchant_id:bigint,branch_id:bigint,transaction_date:date,transaction_amount:double,fraud_flag:int","isnotnull(customer_id#1138L), isnotnull(account_id#1139L), isnotnull(merchant_id#1140L), isnotnull(branch_id#1141L), isnotnull(transaction_date#1142)","",false
1,46,325,"Parquet",0,0,0,0,"InMemoryFileIndex(1 paths)[s3a://goes-se-sandbox/data/warehouse/tablespace/external/hive/demo_pauldefusco.db/trs_v25]","IsNotNull(customer_id), IsNotNull(account_id), IsNotNull(merchant_id), IsNotNull(branch_id), IsNotNull(transaction_date)","customer_id:bigint,account_id:bigint,merchant_id:bigint,branch_id:bigint,transaction_date:date,transaction_amount:double,fraud_flag:int","isnotnull(customer_id#1138L), isnotnull(account_id#1139L), isnotnull(merchant_id#1140L), isnotnull(branch_id#1141L), isnotnull(transaction_date#1142)","",false
1,47,169,"Parquet",0,0,0,0,"InMemoryFileIndex(1 paths)[s3a://goes-se-sandbox/data/warehouse/tablespace/external/hive/demo_pauldefusco.db/accounts_skewed]","IsNotNull(account_id)","account_id:bigint","isnotnull(account_id#1163L)","",false
1,47,90,"Parquet",0,0,0,0,"InMemoryFileIndex(1 paths)[s3a://goes-se-sandbox/data/warehouse/tablespace/external/hive/demo_pauldefusco.db/accounts_skewed]","IsNotNull(account_id), IsNotNull(account_type)","account_id:bigint,account_type:string","isnotnull(account_id#51L), isnotnull(account_type#52)","",false
1,47,185,"Parquet",0,0,0,0,"InMemoryFileIndex(1 paths)[s3a://goes-se-sandbox/data/warehouse/tablespace/external/hive/demo_pauldefusco.db/branches_skewed]","IsNotNull(branch_id)","branch_id:bigint","isnotnull(branch_id#1182L)","",false
1,47,106,"Parquet",0,0,0,0,"InMemoryFileIndex(1 paths)[s3a://goes-se-sandbox/data/warehouse/tablespace/external/hive/demo_pauldefusco.db/branches_skewed]","IsNotNull(branch_id), IsNotNull(state), IsNotNull(region)","branch_id:bigint,state:string,region:string","isnotnull(branch_id#90L), isnotnull(state#92), isnotnull(region#93)","",false
1,47,193,"Parquet",0,0,0,0,"InMemoryFileIndex(1 paths)[s3a://goes-se-sandbox/data/warehouse/tablespace/external/hive/demo_pauldefusco.db/calendar]","IsNotNull(calendar_date)","calendar_date:date","isnotnull(calendar_date#1193)","",false
1,47,404,"Parquet",0,0,0,0,"InMemoryFileIndex(1 paths)[s3a://goes-se-sandbox/data/warehouse/tablespace/external/hive/demo_pauldefusco.db/calendar]","IsNotNull(calendar_date), IsNotNull(year), IsNotNull(month)","calendar_date:date,year:int,month:int","isnotnull(calendar_date#1717), isnotnull(year#1719), isnotnull(month#1721)","",false
1,47,345,"Parquet",0,0,0,0,"InMemoryFileIndex(1 paths)[s3a://goes-se-sandbox/data/warehouse/tablespace/external/hive/demo_pauldefusco.db/calendar]","IsNotNull(calendar_date), IsNotNull(year), IsNotNull(quarter)","calendar_date:date,year:int,quarter:int","isnotnull(calendar_date#1587), isnotnull(year#1589), isnotnull(quarter#1590)","",false
1,47,114,"Parquet",0,0,0,0,"InMemoryFileIndex(1 paths)[s3a://goes-se-sandbox/data/warehouse/tablespace/external/hive/demo_pauldefusco.db/calendar]","IsNotNull(calendar_date), IsNotNull(year), IsNotNull(quarter), IsNotNull(month)","calendar_date:date,year:int,quarter:int,month:int","isnotnull(calendar_date#112), isnotnull(year#114), isnotnull(quarter#115), isnotnull(month#116)","",false
1,47,493,"Parquet",0,0,0,0,"InMemoryFileIndex(1 paths)[s3a://goes-se-sandbox/data/warehouse/tablespace/external/hive/demo_pauldefusco.db/customers_skewed]","IsNotNull(customer_id)","customer_id:bigint,credit_score:int","isnotnull(customer_id#1950L)","",false
1,47,83,"Parquet",0,0,0,0,"InMemoryFileIndex(1 paths)[s3a://goes-se-sandbox/data/warehouse/tablespace/external/hive/demo_pauldefusco.db/customers_skewed]","IsNotNull(customer_id), IsNotNull(customer_segment), IsNotNull(risk_rating)","customer_id:bigint,credit_score:int,customer_segment:string,risk_rating:string","isnotnull(customer_id#30L), isnotnull(customer_segment#37), isnotnull(risk_rating#39)","",false
1,47,385,"Parquet",0,0,0,0,"InMemoryFileIndex(1 paths)[s3a://goes-se-sandbox/data/warehouse/tablespace/external/hive/demo_pauldefusco.db/customers_skewed]","IsNotNull(customer_id), IsNotNull(customer_segment)","customer_id:bigint,customer_segment:string","isnotnull(customer_id#1676L), isnotnull(customer_segment#1683)","",false
1,47,162,"Parquet",0,0,0,0,"InMemoryFileIndex(1 paths)[s3a://goes-se-sandbox/data/warehouse/tablespace/external/hive/demo_pauldefusco.db/customers_skewed]","IsNotNull(customer_id), IsNotNull(customer_segment), IsNotNull(risk_rating)","customer_id:bigint,customer_segment:string,risk_rating:string","isnotnull(customer_id#1152L), isnotnull(customer_segment#1159), isnotnull(risk_rating#1161)","",false
1,47,177,"Parquet",0,0,0,0,"InMemoryFileIndex(1 paths)[s3a://goes-se-sandbox/data/warehouse/tablespace/external/hive/demo_pauldefusco.db/merchants_skewed]","IsNotNull(merchant_id)","merchant_id:bigint","isnotnull(merchant_id#1172L)","",false
1,47,395,"Parquet",0,0,0,0,"InMemoryFileIndex(1 paths)[s3a://goes-se-sandbox/data/warehouse/tablespace/external/hive/demo_pauldefusco.db/merchants_skewed]","IsNotNull(merchant_id), IsNotNull(merchant_category)","merchant_id:bigint,merchant_category:string","isnotnull(merchant_id#1696L), isnotnull(merchant_category#1699)","",false
1,47,98,"Parquet",0,0,0,0,"InMemoryFileIndex(1 paths)[s3a://goes-se-sandbox/data/warehouse/tablespace/external/hive/demo_pauldefusco.db/merchants_skewed]","IsNotNull(merchant_id), IsNotNull(merchant_category), IsNotNull(region)","merchant_id:bigint,region:string,merchant_category:string","isnotnull(merchant_id#70L), isnotnull(merchant_category#73), isnotnull(region#72)","",false
1,47,287,"Parquet",0,0,0,0,"InMemoryFileIndex(1 paths)[s3a://goes-se-sandbox/data/warehouse/tablespace/external/hive/demo_pauldefusco.db/merchants_skewed]","IsNotNull(merchant_id), IsNotNull(merchant_category), IsNotNull(region)","merchant_id:bigint,region:string,merchant_category:string","isnotnull(merchant_id#70L), isnotnull(merchant_category#73), isnotnull(region#72)","",false
1,47,76,"Parquet",0,0,0,0,"InMemoryFileIndex(1 paths)[s3a://goes-se-sandbox/data/warehouse/tablespace/external/hive/demo_pauldefusco.db/trs_v25]","IsNotNull(customer_id), IsNotNull(account_id), IsNotNull(merchant_id), IsNotNull(branch_id), IsNotNull(transaction_date)","customer_id:bigint,account_id:bigint,merchant_id:bigint,branch_id:bigint,transaction_date:date,transaction_amount:double","isnotnull(customer_id#1L), isnotnull(account_id#2L), isnotnull(merchant_id#3L), isnotnull(branch_id#4L), isnotnull(transaction_date#5)","",false
1,47,155,"Parquet",0,0,0,0,"InMemoryFileIndex(1 paths)[s3a://goes-se-sandbox/data/warehouse/tablespace/external/hive/demo_pauldefusco.db/trs_v25]","IsNotNull(customer_id), IsNotNull(account_id), IsNotNull(merchant_id), IsNotNull(branch_id), IsNotNull(transaction_date)","customer_id:bigint,account_id:bigint,merchant_id:bigint,branch_id:bigint,transaction_date:date,transaction_amount:double,fraud_flag:int","isnotnull(customer_id#1138L), isnotnull(account_id#1139L), isnotnull(merchant_id#1140L), isnotnull(branch_id#1141L), isnotnull(transaction_date#1142)","",false
1,47,236,"Parquet",0,0,0,0,"InMemoryFileIndex(1 paths)[s3a://goes-se-sandbox/data/warehouse/tablespace/external/hive/demo_pauldefusco.db/trs_v25]","IsNotNull(customer_id), IsNotNull(account_id), IsNotNull(merchant_id), IsNotNull(branch_id), IsNotNull(transaction_date)","customer_id:bigint,account_id:bigint,merchant_id:bigint,branch_id:bigint,transaction_date:date,transaction_amount:double,fraud_flag:int","isnotnull(customer_id#1138L), isnotnull(account_id#1139L), isnotnull(merchant_id#1140L), isnotnull(branch_id#1141L), isnotnull(transaction_date#1142)","",false
1,47,330,"Parquet",0,0,0,0,"InMemoryFileIndex(1 paths)[s3a://goes-se-sandbox/data/warehouse/tablespace/external/hive/demo_pauldefusco.db/trs_v25]","IsNotNull(customer_id), IsNotNull(account_id), IsNotNull(merchant_id), IsNotNull(branch_id), IsNotNull(transaction_date)","customer_id:bigint,account_id:bigint,merchant_id:bigint,branch_id:bigint,transaction_date:date,transaction_amount:double,fraud_flag:int","isnotnull(customer_id#1138L), isnotnull(account_id#1139L), isnotnull(merchant_id#1140L), isnotnull(branch_id#1141L), isnotnull(transaction_date#1142)","",false
1,48,169,"Parquet",0,0,0,0,"InMemoryFileIndex(1 paths)[s3a://goes-se-sandbox/data/warehouse/tablespace/external/hive/demo_pauldefusco.db/accounts_skewed]","IsNotNull(account_id)","account_id:bigint","isnotnull(account_id#1163L)","",false
1,48,90,"Parquet",0,0,0,0,"InMemoryFileIndex(1 paths)[s3a://goes-se-sandbox/data/warehouse/tablespace/external/hive/demo_pauldefusco.db/accounts_skewed]","IsNotNull(account_id), IsNotNull(account_type)","account_id:bigint,account_type:string","isnotnull(account_id#51L), isnotnull(account_type#52)","",false
1,48,185,"Parquet",0,0,0,0,"InMemoryFileIndex(1 paths)[s3a://goes-se-sandbox/data/warehouse/tablespace/external/hive/demo_pauldefusco.db/branches_skewed]","IsNotNull(branch_id)","branch_id:bigint","isnotnull(branch_id#1182L)","",false
1,48,106,"Parquet",0,0,0,0,"InMemoryFileIndex(1 paths)[s3a://goes-se-sandbox/data/warehouse/tablespace/external/hive/demo_pauldefusco.db/branches_skewed]","IsNotNull(branch_id), IsNotNull(state), IsNotNull(region)","branch_id:bigint,state:string,region:string","isnotnull(branch_id#90L), isnotnull(state#92), isnotnull(region#93)","",false
1,48,193,"Parquet",0,0,0,0,"InMemoryFileIndex(1 paths)[s3a://goes-se-sandbox/data/warehouse/tablespace/external/hive/demo_pauldefusco.db/calendar]","IsNotNull(calendar_date)","calendar_date:date","isnotnull(calendar_date#1193)","",false
1,48,409,"Parquet",0,0,0,0,"InMemoryFileIndex(1 paths)[s3a://goes-se-sandbox/data/warehouse/tablespace/external/hive/demo_pauldefusco.db/calendar]","IsNotNull(calendar_date), IsNotNull(year), IsNotNull(month)","calendar_date:date,year:int,month:int","isnotnull(calendar_date#1717), isnotnull(year#1719), isnotnull(month#1721)","",false
1,48,345,"Parquet",0,0,0,0,"InMemoryFileIndex(1 paths)[s3a://goes-se-sandbox/data/warehouse/tablespace/external/hive/demo_pauldefusco.db/calendar]","IsNotNull(calendar_date), IsNotNull(year), IsNotNull(quarter)","calendar_date:date,year:int,quarter:int","isnotnull(calendar_date#1587), isnotnull(year#1589), isnotnull(quarter#1590)","",false
1,48,114,"Parquet",0,0,0,0,"InMemoryFileIndex(1 paths)[s3a://goes-se-sandbox/data/warehouse/tablespace/external/hive/demo_pauldefusco.db/calendar]","IsNotNull(calendar_date), IsNotNull(year), IsNotNull(quarter), IsNotNull(month)","calendar_date:date,year:int,quarter:int,month:int","isnotnull(calendar_date#112), isnotnull(year#114), isnotnull(quarter#115), isnotnull(month#116)","",false
1,48,498,"Parquet",0,0,0,0,"InMemoryFileIndex(1 paths)[s3a://goes-se-sandbox/data/warehouse/tablespace/external/hive/demo_pauldefusco.db/customers_skewed]","IsNotNull(customer_id)","customer_id:bigint,credit_score:int","isnotnull(customer_id#1950L)","",false
1,48,83,"Parquet",0,0,0,0,"InMemoryFileIndex(1 paths)[s3a://goes-se-sandbox/data/warehouse/tablespace/external/hive/demo_pauldefusco.db/customers_skewed]","IsNotNull(customer_id), IsNotNull(customer_segment), IsNotNull(risk_rating)","customer_id:bigint,credit_score:int,customer_segment:string,risk_rating:string","isnotnull(customer_id#30L), isnotnull(customer_segment#37), isnotnull(risk_rating#39)","",false
1,48,388,"Parquet",0,0,0,0,"InMemoryFileIndex(1 paths)[s3a://goes-se-sandbox/data/warehouse/tablespace/external/hive/demo_pauldefusco.db/customers_skewed]","IsNotNull(customer_id), IsNotNull(customer_segment)","customer_id:bigint,customer_segment:string","isnotnull(customer_id#1676L), isnotnull(customer_segment#1683)","",false
1,48,162,"Parquet",0,0,0,0,"InMemoryFileIndex(1 paths)[s3a://goes-se-sandbox/data/warehouse/tablespace/external/hive/demo_pauldefusco.db/customers_skewed]","IsNotNull(customer_id), IsNotNull(customer_segment), IsNotNull(risk_rating)","customer_id:bigint,customer_segment:string,risk_rating:string","isnotnull(customer_id#1152L), isnotnull(customer_segment#1159), isnotnull(risk_rating#1161)","",false
1,48,177,"Parquet",0,0,0,0,"InMemoryFileIndex(1 paths)[s3a://goes-se-sandbox/data/warehouse/tablespace/external/hive/demo_pauldefusco.db/merchants_skewed]","IsNotNull(merchant_id)","merchant_id:bigint","isnotnull(merchant_id#1172L)","",false
1,48,398,"Parquet",0,0,0,0,"InMemoryFileIndex(1 paths)[s3a://goes-se-sandbox/data/warehouse/tablespace/external/hive/demo_pauldefusco.db/merchants_skewed]","IsNotNull(merchant_id), IsNotNull(merchant_category)","merchant_id:bigint,merchant_category:string","isnotnull(merchant_id#1696L), isnotnull(merchant_category#1699)","",false
1,48,98,"Parquet",0,0,0,0,"InMemoryFileIndex(1 paths)[s3a://goes-se-sandbox/data/warehouse/tablespace/external/hive/demo_pauldefusco.db/merchants_skewed]","IsNotNull(merchant_id), IsNotNull(merchant_category), IsNotNull(region)","merchant_id:bigint,region:string,merchant_category:string","isnotnull(merchant_id#70L), isnotnull(merchant_category#73), isnotnull(region#72)","",false
1,48,287,"Parquet",0,0,0,0,"InMemoryFileIndex(1 paths)[s3a://goes-se-sandbox/data/warehouse/tablespace/external/hive/demo_pauldefusco.db/merchants_skewed]","IsNotNull(merchant_id), IsNotNull(merchant_category), IsNotNull(region)","merchant_id:bigint,region:string,merchant_category:string","isnotnull(merchant_id#70L), isnotnull(merchant_category#73), isnotnull(region#72)","",false
1,48,76,"Parquet",0,0,0,0,"InMemoryFileIndex(1 paths)[s3a://goes-se-sandbox/data/warehouse/tablespace/external/hive/demo_pauldefusco.db/trs_v25]","IsNotNull(customer_id), IsNotNull(account_id), IsNotNull(merchant_id), IsNotNull(branch_id), IsNotNull(transaction_date)","customer_id:bigint,account_id:bigint,merchant_id:bigint,branch_id:bigint,transaction_date:date,transaction_amount:double","isnotnull(customer_id#1L), isnotnull(account_id#2L), isnotnull(merchant_id#3L), isnotnull(branch_id#4L), isnotnull(transaction_date#5)","",false
1,48,155,"Parquet",0,0,0,0,"InMemoryFileIndex(1 paths)[s3a://goes-se-sandbox/data/warehouse/tablespace/external/hive/demo_pauldefusco.db/trs_v25]","IsNotNull(customer_id), IsNotNull(account_id), IsNotNull(merchant_id), IsNotNull(branch_id), IsNotNull(transaction_date)","customer_id:bigint,account_id:bigint,merchant_id:bigint,branch_id:bigint,transaction_date:date,transaction_amount:double,fraud_flag:int","isnotnull(customer_id#1138L), isnotnull(account_id#1139L), isnotnull(merchant_id#1140L), isnotnull(branch_id#1141L), isnotnull(transaction_date#1142)","",false
1,48,236,"Parquet",0,0,0,0,"InMemoryFileIndex(1 paths)[s3a://goes-se-sandbox/data/warehouse/tablespace/external/hive/demo_pauldefusco.db/trs_v25]","IsNotNull(customer_id), IsNotNull(account_id), IsNotNull(merchant_id), IsNotNull(branch_id), IsNotNull(transaction_date)","customer_id:bigint,account_id:bigint,merchant_id:bigint,branch_id:bigint,transaction_date:date,transaction_amount:double,fraud_flag:int","isnotnull(customer_id#1138L), isnotnull(account_id#1139L), isnotnull(merchant_id#1140L), isnotnull(branch_id#1141L), isnotnull(transaction_date#1142)","",false
1,48,330,"Parquet",0,0,0,0,"InMemoryFileIndex(1 paths)[s3a://goes-se-sandbox/data/warehouse/tablespace/external/hive/demo_pauldefusco.db/trs_v25]","IsNotNull(customer_id), IsNotNull(account_id), IsNotNull(merchant_id), IsNotNull(branch_id), IsNotNull(transaction_date)","customer_id:bigint,account_id:bigint,merchant_id:bigint,branch_id:bigint,transaction_date:date,transaction_amount:double,fraud_flag:int","isnotnull(customer_id#1138L), isnotnull(account_id#1139L), isnotnull(merchant_id#1140L), isnotnull(branch_id#1141L), isnotnull(transaction_date#1142)","",false
1,49,169,"Parquet",0,0,0,0,"InMemoryFileIndex(1 paths)[s3a://goes-se-sandbox/data/warehouse/tablespace/external/hive/demo_pauldefusco.db/accounts_skewed]","IsNotNull(account_id)","account_id:bigint","isnotnull(account_id#1163L)","",false
1,49,90,"Parquet",0,0,0,0,"InMemoryFileIndex(1 paths)[s3a://goes-se-sandbox/data/warehouse/tablespace/external/hive/demo_pauldefusco.db/accounts_skewed]","IsNotNull(account_id), IsNotNull(account_type)","account_id:bigint,account_type:string","isnotnull(account_id#51L), isnotnull(account_type#52)","",false
1,49,185,"Parquet",0,0,0,0,"InMemoryFileIndex(1 paths)[s3a://goes-se-sandbox/data/warehouse/tablespace/external/hive/demo_pauldefusco.db/branches_skewed]","IsNotNull(branch_id)","branch_id:bigint","isnotnull(branch_id#1182L)","",false
1,49,106,"Parquet",0,0,0,0,"InMemoryFileIndex(1 paths)[s3a://goes-se-sandbox/data/warehouse/tablespace/external/hive/demo_pauldefusco.db/branches_skewed]","IsNotNull(branch_id), IsNotNull(state), IsNotNull(region)","branch_id:bigint,state:string,region:string","isnotnull(branch_id#90L), isnotnull(state#92), isnotnull(region#93)","",false
1,49,193,"Parquet",0,0,0,0,"InMemoryFileIndex(1 paths)[s3a://goes-se-sandbox/data/warehouse/tablespace/external/hive/demo_pauldefusco.db/calendar]","IsNotNull(calendar_date)","calendar_date:date","isnotnull(calendar_date#1193)","",false
1,49,414,"Parquet",0,0,0,0,"InMemoryFileIndex(1 paths)[s3a://goes-se-sandbox/data/warehouse/tablespace/external/hive/demo_pauldefusco.db/calendar]","IsNotNull(calendar_date), IsNotNull(year), IsNotNull(month)","calendar_date:date,year:int,month:int","isnotnull(calendar_date#1717), isnotnull(year#1719), isnotnull(month#1721)","",false
1,49,350,"Parquet",0,0,0,0,"InMemoryFileIndex(1 paths)[s3a://goes-se-sandbox/data/warehouse/tablespace/external/hive/demo_pauldefusco.db/calendar]","IsNotNull(calendar_date), IsNotNull(year), IsNotNull(quarter)","calendar_date:date,year:int,quarter:int","isnotnull(calendar_date#1587), isnotnull(year#1589), isnotnull(quarter#1590)","",false
1,49,114,"Parquet",0,0,0,0,"InMemoryFileIndex(1 paths)[s3a://goes-se-sandbox/data/warehouse/tablespace/external/hive/demo_pauldefusco.db/calendar]","IsNotNull(calendar_date), IsNotNull(year), IsNotNull(quarter), IsNotNull(month)","calendar_date:date,year:int,quarter:int,month:int","isnotnull(calendar_date#112), isnotnull(year#114), isnotnull(quarter#115), isnotnull(month#116)","",false
1,49,503,"Parquet",0,0,0,0,"InMemoryFileIndex(1 paths)[s3a://goes-se-sandbox/data/warehouse/tablespace/external/hive/demo_pauldefusco.db/customers_skewed]","IsNotNull(customer_id)","customer_id:bigint,credit_score:int","isnotnull(customer_id#1950L)","",false
1,49,83,"Parquet",0,0,0,0,"InMemoryFileIndex(1 paths)[s3a://goes-se-sandbox/data/warehouse/tablespace/external/hive/demo_pauldefusco.db/customers_skewed]","IsNotNull(customer_id), IsNotNull(customer_segment), IsNotNull(risk_rating)","customer_id:bigint,credit_score:int,customer_segment:string,risk_rating:string","isnotnull(customer_id#30L), isnotnull(customer_segment#37), isnotnull(risk_rating#39)","",false
1,49,393,"Parquet",0,0,0,0,"InMemoryFileIndex(1 paths)[s3a://goes-se-sandbox/data/warehouse/tablespace/external/hive/demo_pauldefusco.db/customers_skewed]","IsNotNull(customer_id), IsNotNull(customer_segment)","customer_id:bigint,customer_segment:string","isnotnull(customer_id#1676L), isnotnull(customer_segment#1683)","",false
1,49,162,"Parquet",0,0,0,0,"InMemoryFileIndex(1 paths)[s3a://goes-se-sandbox/data/warehouse/tablespace/external/hive/demo_pauldefusco.db/customers_skewed]","IsNotNull(customer_id), IsNotNull(customer_segment), IsNotNull(risk_rating)","customer_id:bigint,customer_segment:string,risk_rating:string","isnotnull(customer_id#1152L), isnotnull(customer_segment#1159), isnotnull(risk_rating#1161)","",false
1,49,177,"Parquet",0,0,0,0,"InMemoryFileIndex(1 paths)[s3a://goes-se-sandbox/data/warehouse/tablespace/external/hive/demo_pauldefusco.db/merchants_skewed]","IsNotNull(merchant_id)","merchant_id:bigint","isnotnull(merchant_id#1172L)","",false
1,49,403,"Parquet",0,0,0,0,"InMemoryFileIndex(1 paths)[s3a://goes-se-sandbox/data/warehouse/tablespace/external/hive/demo_pauldefusco.db/merchants_skewed]","IsNotNull(merchant_id), IsNotNull(merchant_category)","merchant_id:bigint,merchant_category:string","isnotnull(merchant_id#1696L), isnotnull(merchant_category#1699)","",false
1,49,98,"Parquet",0,0,0,0,"InMemoryFileIndex(1 paths)[s3a://goes-se-sandbox/data/warehouse/tablespace/external/hive/demo_pauldefusco.db/merchants_skewed]","IsNotNull(merchant_id), IsNotNull(merchant_category), IsNotNull(region)","merchant_id:bigint,region:string,merchant_category:string","isnotnull(merchant_id#70L), isnotnull(merchant_category#73), isnotnull(region#72)","",false
1,49,287,"Parquet",0,0,0,0,"InMemoryFileIndex(1 paths)[s3a://goes-se-sandbox/data/warehouse/tablespace/external/hive/demo_pauldefusco.db/merchants_skewed]","IsNotNull(merchant_id), IsNotNull(merchant_category), IsNotNull(region)","merchant_id:bigint,region:string,merchant_category:string","isnotnull(merchant_id#70L), isnotnull(merchant_category#73), isnotnull(region#72)","",false
1,49,76,"Parquet",0,0,0,0,"InMemoryFileIndex(1 paths)[s3a://goes-se-sandbox/data/warehouse/tablespace/external/hive/demo_pauldefusco.db/trs_v25]","IsNotNull(customer_id), IsNotNull(account_id), IsNotNull(merchant_id), IsNotNull(branch_id), IsNotNull(transaction_date)","customer_id:bigint,account_id:bigint,merchant_id:bigint,branch_id:bigint,transaction_date:date,transaction_amount:double","isnotnull(customer_id#1L), isnotnull(account_id#2L), isnotnull(merchant_id#3L), isnotnull(branch_id#4L), isnotnull(transaction_date#5)","",false
1,49,155,"Parquet",0,0,0,0,"InMemoryFileIndex(1 paths)[s3a://goes-se-sandbox/data/warehouse/tablespace/external/hive/demo_pauldefusco.db/trs_v25]","IsNotNull(customer_id), IsNotNull(account_id), IsNotNull(merchant_id), IsNotNull(branch_id), IsNotNull(transaction_date)","customer_id:bigint,account_id:bigint,merchant_id:bigint,branch_id:bigint,transaction_date:date,transaction_amount:double,fraud_flag:int","isnotnull(customer_id#1138L), isnotnull(account_id#1139L), isnotnull(merchant_id#1140L), isnotnull(branch_id#1141L), isnotnull(transaction_date#1142)","",false
1,49,236,"Parquet",0,0,0,0,"InMemoryFileIndex(1 paths)[s3a://goes-se-sandbox/data/warehouse/tablespace/external/hive/demo_pauldefusco.db/trs_v25]","IsNotNull(customer_id), IsNotNull(account_id), IsNotNull(merchant_id), IsNotNull(branch_id), IsNotNull(transaction_date)","customer_id:bigint,account_id:bigint,merchant_id:bigint,branch_id:bigint,transaction_date:date,transaction_amount:double,fraud_flag:int","isnotnull(customer_id#1138L), isnotnull(account_id#1139L), isnotnull(merchant_id#1140L), isnotnull(branch_id#1141L), isnotnull(transaction_date#1142)","",false
1,49,333,"Parquet",0,0,0,0,"InMemoryFileIndex(1 paths)[s3a://goes-se-sandbox/data/warehouse/tablespace/external/hive/demo_pauldefusco.db/trs_v25]","IsNotNull(customer_id), IsNotNull(account_id), IsNotNull(merchant_id), IsNotNull(branch_id), IsNotNull(transaction_date)","customer_id:bigint,account_id:bigint,merchant_id:bigint,branch_id:bigint,transaction_date:date,transaction_amount:double,fraud_flag:int","isnotnull(customer_id#1138L), isnotnull(account_id#1139L), isnotnull(merchant_id#1140L), isnotnull(branch_id#1141L), isnotnull(transaction_date#1142)","",false
1,50,169,"Parquet",0,0,0,0,"InMemoryFileIndex(1 paths)[s3a://goes-se-sandbox/data/warehouse/tablespace/external/hive/demo_pauldefusco.db/accounts_skewed]","IsNotNull(account_id)","account_id:bigint","isnotnull(account_id#1163L)","",false
1,50,90,"Parquet",0,0,0,0,"InMemoryFileIndex(1 paths)[s3a://goes-se-sandbox/data/warehouse/tablespace/external/hive/demo_pauldefusco.db/accounts_skewed]","IsNotNull(account_id), IsNotNull(account_type)","account_id:bigint,account_type:string","isnotnull(account_id#51L), isnotnull(account_type#52)","",false
1,50,185,"Parquet",0,0,0,0,"InMemoryFileIndex(1 paths)[s3a://goes-se-sandbox/data/warehouse/tablespace/external/hive/demo_pauldefusco.db/branches_skewed]","IsNotNull(branch_id)","branch_id:bigint","isnotnull(branch_id#1182L)","",false
1,50,106,"Parquet",0,0,0,0,"InMemoryFileIndex(1 paths)[s3a://goes-se-sandbox/data/warehouse/tablespace/external/hive/demo_pauldefusco.db/branches_skewed]","IsNotNull(branch_id), IsNotNull(state), IsNotNull(region)","branch_id:bigint,state:string,region:string","isnotnull(branch_id#90L), isnotnull(state#92), isnotnull(region#93)","",false
1,50,193,"Parquet",0,0,0,0,"InMemoryFileIndex(1 paths)[s3a://goes-se-sandbox/data/warehouse/tablespace/external/hive/demo_pauldefusco.db/calendar]","IsNotNull(calendar_date)","calendar_date:date","isnotnull(calendar_date#1193)","",false
1,50,414,"Parquet",0,0,0,0,"InMemoryFileIndex(1 paths)[s3a://goes-se-sandbox/data/warehouse/tablespace/external/hive/demo_pauldefusco.db/calendar]","IsNotNull(calendar_date), IsNotNull(year), IsNotNull(month)","calendar_date:date,year:int,month:int","isnotnull(calendar_date#1717), isnotnull(year#1719), isnotnull(month#1721)","",false
1,50,350,"Parquet",0,0,0,0,"InMemoryFileIndex(1 paths)[s3a://goes-se-sandbox/data/warehouse/tablespace/external/hive/demo_pauldefusco.db/calendar]","IsNotNull(calendar_date), IsNotNull(year), IsNotNull(quarter)","calendar_date:date,year:int,quarter:int","isnotnull(calendar_date#1587), isnotnull(year#1589), isnotnull(quarter#1590)","",false
1,50,114,"Parquet",0,0,0,0,"InMemoryFileIndex(1 paths)[s3a://goes-se-sandbox/data/warehouse/tablespace/external/hive/demo_pauldefusco.db/calendar]","IsNotNull(calendar_date), IsNotNull(year), IsNotNull(quarter), IsNotNull(month)","calendar_date:date,year:int,quarter:int,month:int","isnotnull(calendar_date#112), isnotnull(year#114), isnotnull(quarter#115), isnotnull(month#116)","",false
1,50,506,"Parquet",0,0,0,0,"InMemoryFileIndex(1 paths)[s3a://goes-se-sandbox/data/warehouse/tablespace/external/hive/demo_pauldefusco.db/customers_skewed]","IsNotNull(customer_id)","customer_id:bigint,credit_score:int","isnotnull(customer_id#1950L)","",false
1,50,83,"Parquet",0,0,0,0,"InMemoryFileIndex(1 paths)[s3a://goes-se-sandbox/data/warehouse/tablespace/external/hive/demo_pauldefusco.db/customers_skewed]","IsNotNull(customer_id), IsNotNull(customer_segment), IsNotNull(risk_rating)","customer_id:bigint,credit_score:int,customer_segment:string,risk_rating:string","isnotnull(customer_id#30L), isnotnull(customer_segment#37), isnotnull(risk_rating#39)","",false
1,50,393,"Parquet",0,0,0,0,"InMemoryFileIndex(1 paths)[s3a://goes-se-sandbox/data/warehouse/tablespace/external/hive/demo_pauldefusco.db/customers_skewed]","IsNotNull(customer_id), IsNotNull(customer_segment)","customer_id:bigint,customer_segment:string","isnotnull(customer_id#1676L), isnotnull(customer_segment#1683)","",false
1,50,162,"Parquet",0,0,0,0,"InMemoryFileIndex(1 paths)[s3a://goes-se-sandbox/data/warehouse/tablespace/external/hive/demo_pauldefusco.db/customers_skewed]","IsNotNull(customer_id), IsNotNull(customer_segment), IsNotNull(risk_rating)","customer_id:bigint,customer_segment:string,risk_rating:string","isnotnull(customer_id#1152L), isnotnull(customer_segment#1159), isnotnull(risk_rating#1161)","",false
1,50,177,"Parquet",0,0,0,0,"InMemoryFileIndex(1 paths)[s3a://goes-se-sandbox/data/warehouse/tablespace/external/hive/demo_pauldefusco.db/merchants_skewed]","IsNotNull(merchant_id)","merchant_id:bigint","isnotnull(merchant_id#1172L)","",false
1,50,403,"Parquet",0,0,0,0,"InMemoryFileIndex(1 paths)[s3a://goes-se-sandbox/data/warehouse/tablespace/external/hive/demo_pauldefusco.db/merchants_skewed]","IsNotNull(merchant_id), IsNotNull(merchant_category)","merchant_id:bigint,merchant_category:string","isnotnull(merchant_id#1696L), isnotnull(merchant_category#1699)","",false
1,50,98,"Parquet",0,0,0,0,"InMemoryFileIndex(1 paths)[s3a://goes-se-sandbox/data/warehouse/tablespace/external/hive/demo_pauldefusco.db/merchants_skewed]","IsNotNull(merchant_id), IsNotNull(merchant_category), IsNotNull(region)","merchant_id:bigint,region:string,merchant_category:string","isnotnull(merchant_id#70L), isnotnull(merchant_category#73), isnotnull(region#72)","",false
1,50,287,"Parquet",0,0,0,0,"InMemoryFileIndex(1 paths)[s3a://goes-se-sandbox/data/warehouse/tablespace/external/hive/demo_pauldefusco.db/merchants_skewed]","IsNotNull(merchant_id), IsNotNull(merchant_category), IsNotNull(region)","merchant_id:bigint,region:string,merchant_category:string","isnotnull(merchant_id#70L), isnotnull(merchant_category#73), isnotnull(region#72)","",false
1,50,76,"Parquet",0,0,0,0,"InMemoryFileIndex(1 paths)[s3a://goes-se-sandbox/data/warehouse/tablespace/external/hive/demo_pauldefusco.db/trs_v25]","IsNotNull(customer_id), IsNotNull(account_id), IsNotNull(merchant_id), IsNotNull(branch_id), IsNotNull(transaction_date)","customer_id:bigint,account_id:bigint,merchant_id:bigint,branch_id:bigint,transaction_date:date,transaction_amount:double","isnotnull(customer_id#1L), isnotnull(account_id#2L), isnotnull(merchant_id#3L), isnotnull(branch_id#4L), isnotnull(transaction_date#5)","",false
1,50,155,"Parquet",0,0,0,0,"InMemoryFileIndex(1 paths)[s3a://goes-se-sandbox/data/warehouse/tablespace/external/hive/demo_pauldefusco.db/trs_v25]","IsNotNull(customer_id), IsNotNull(account_id), IsNotNull(merchant_id), IsNotNull(branch_id), IsNotNull(transaction_date)","customer_id:bigint,account_id:bigint,merchant_id:bigint,branch_id:bigint,transaction_date:date,transaction_amount:double,fraud_flag:int","isnotnull(customer_id#1138L), isnotnull(account_id#1139L), isnotnull(merchant_id#1140L), isnotnull(branch_id#1141L), isnotnull(transaction_date#1142)","",false
1,50,236,"Parquet",0,0,0,0,"InMemoryFileIndex(1 paths)[s3a://goes-se-sandbox/data/warehouse/tablespace/external/hive/demo_pauldefusco.db/trs_v25]","IsNotNull(customer_id), IsNotNull(account_id), IsNotNull(merchant_id), IsNotNull(branch_id), IsNotNull(transaction_date)","customer_id:bigint,account_id:bigint,merchant_id:bigint,branch_id:bigint,transaction_date:date,transaction_amount:double,fraud_flag:int","isnotnull(customer_id#1138L), isnotnull(account_id#1139L), isnotnull(merchant_id#1140L), isnotnull(branch_id#1141L), isnotnull(transaction_date#1142)","",false
1,50,333,"Parquet",0,0,0,0,"InMemoryFileIndex(1 paths)[s3a://goes-se-sandbox/data/warehouse/tablespace/external/hive/demo_pauldefusco.db/trs_v25]","IsNotNull(customer_id), IsNotNull(account_id), IsNotNull(merchant_id), IsNotNull(branch_id), IsNotNull(transaction_date)","customer_id:bigint,account_id:bigint,merchant_id:bigint,branch_id:bigint,transaction_date:date,transaction_amount:double,fraud_flag:int","isnotnull(customer_id#1138L), isnotnull(account_id#1139L), isnotnull(merchant_id#1140L), isnotnull(branch_id#1141L), isnotnull(transaction_date#1142)","",false
1,51,169,"Parquet",0,0,0,0,"InMemoryFileIndex(1 paths)[s3a://goes-se-sandbox/data/warehouse/tablespace/external/hive/demo_pauldefusco.db/accounts_skewed]","IsNotNull(account_id)","account_id:bigint","isnotnull(account_id#1163L)","",false
1,51,90,"Parquet",0,0,0,0,"InMemoryFileIndex(1 paths)[s3a://goes-se-sandbox/data/warehouse/tablespace/external/hive/demo_pauldefusco.db/accounts_skewed]","IsNotNull(account_id), IsNotNull(account_type)","account_id:bigint,account_type:string","isnotnull(account_id#51L), isnotnull(account_type#52)","",false
1,51,185,"Parquet",0,0,0,0,"InMemoryFileIndex(1 paths)[s3a://goes-se-sandbox/data/warehouse/tablespace/external/hive/demo_pauldefusco.db/branches_skewed]","IsNotNull(branch_id)","branch_id:bigint","isnotnull(branch_id#1182L)","",false
1,51,106,"Parquet",0,0,0,0,"InMemoryFileIndex(1 paths)[s3a://goes-se-sandbox/data/warehouse/tablespace/external/hive/demo_pauldefusco.db/branches_skewed]","IsNotNull(branch_id), IsNotNull(state), IsNotNull(region)","branch_id:bigint,state:string,region:string","isnotnull(branch_id#90L), isnotnull(state#92), isnotnull(region#93)","",false
1,51,193,"Parquet",0,0,0,0,"InMemoryFileIndex(1 paths)[s3a://goes-se-sandbox/data/warehouse/tablespace/external/hive/demo_pauldefusco.db/calendar]","IsNotNull(calendar_date)","calendar_date:date","isnotnull(calendar_date#1193)","",false
1,51,414,"Parquet",0,0,0,0,"InMemoryFileIndex(1 paths)[s3a://goes-se-sandbox/data/warehouse/tablespace/external/hive/demo_pauldefusco.db/calendar]","IsNotNull(calendar_date), IsNotNull(year), IsNotNull(month)","calendar_date:date,year:int,month:int","isnotnull(calendar_date#1717), isnotnull(year#1719), isnotnull(month#1721)","",false
1,51,350,"Parquet",0,0,0,0,"InMemoryFileIndex(1 paths)[s3a://goes-se-sandbox/data/warehouse/tablespace/external/hive/demo_pauldefusco.db/calendar]","IsNotNull(calendar_date), IsNotNull(year), IsNotNull(quarter)","calendar_date:date,year:int,quarter:int","isnotnull(calendar_date#1587), isnotnull(year#1589), isnotnull(quarter#1590)","",false
1,51,114,"Parquet",0,0,0,0,"InMemoryFileIndex(1 paths)[s3a://goes-se-sandbox/data/warehouse/tablespace/external/hive/demo_pauldefusco.db/calendar]","IsNotNull(calendar_date), IsNotNull(year), IsNotNull(quarter), IsNotNull(month)","calendar_date:date,year:int,quarter:int,month:int","isnotnull(calendar_date#112), isnotnull(year#114), isnotnull(quarter#115), isnotnull(month#116)","",false
1,51,506,"Parquet",0,0,0,0,"InMemoryFileIndex(1 paths)[s3a://goes-se-sandbox/data/warehouse/tablespace/external/hive/demo_pauldefusco.db/customers_skewed]","IsNotNull(customer_id)","customer_id:bigint,credit_score:int","isnotnull(customer_id#1950L)","",false
1,51,83,"Parquet",0,0,0,0,"InMemoryFileIndex(1 paths)[s3a://goes-se-sandbox/data/warehouse/tablespace/external/hive/demo_pauldefusco.db/customers_skewed]","IsNotNull(customer_id), IsNotNull(customer_segment), IsNotNull(risk_rating)","customer_id:bigint,credit_score:int,customer_segment:string,risk_rating:string","isnotnull(customer_id#30L), isnotnull(customer_segment#37), isnotnull(risk_rating#39)","",false
1,51,393,"Parquet",0,0,0,0,"InMemoryFileIndex(1 paths)[s3a://goes-se-sandbox/data/warehouse/tablespace/external/hive/demo_pauldefusco.db/customers_skewed]","IsNotNull(customer_id), IsNotNull(customer_segment)","customer_id:bigint,customer_segment:string","isnotnull(customer_id#1676L), isnotnull(customer_segment#1683)","",false
1,51,162,"Parquet",0,0,0,0,"InMemoryFileIndex(1 paths)[s3a://goes-se-sandbox/data/warehouse/tablespace/external/hive/demo_pauldefusco.db/customers_skewed]","IsNotNull(customer_id), IsNotNull(customer_segment), IsNotNull(risk_rating)","customer_id:bigint,customer_segment:string,risk_rating:string","isnotnull(customer_id#1152L), isnotnull(customer_segment#1159), isnotnull(risk_rating#1161)","",false
1,51,177,"Parquet",0,0,0,0,"InMemoryFileIndex(1 paths)[s3a://goes-se-sandbox/data/warehouse/tablespace/external/hive/demo_pauldefusco.db/merchants_skewed]","IsNotNull(merchant_id)","merchant_id:bigint","isnotnull(merchant_id#1172L)","",false
1,51,403,"Parquet",0,0,0,0,"InMemoryFileIndex(1 paths)[s3a://goes-se-sandbox/data/warehouse/tablespace/external/hive/demo_pauldefusco.db/merchants_skewed]","IsNotNull(merchant_id), IsNotNull(merchant_category)","merchant_id:bigint,merchant_category:string","isnotnull(merchant_id#1696L), isnotnull(merchant_category#1699)","",false
1,51,98,"Parquet",0,0,0,0,"InMemoryFileIndex(1 paths)[s3a://goes-se-sandbox/data/warehouse/tablespace/external/hive/demo_pauldefusco.db/merchants_skewed]","IsNotNull(merchant_id), IsNotNull(merchant_category), IsNotNull(region)","merchant_id:bigint,region:string,merchant_category:string","isnotnull(merchant_id#70L), isnotnull(merchant_category#73), isnotnull(region#72)","",false
1,51,287,"Parquet",0,0,0,0,"InMemoryFileIndex(1 paths)[s3a://goes-se-sandbox/data/warehouse/tablespace/external/hive/demo_pauldefusco.db/merchants_skewed]","IsNotNull(merchant_id), IsNotNull(merchant_category), IsNotNull(region)","merchant_id:bigint,region:string,merchant_category:string","isnotnull(merchant_id#70L), isnotnull(merchant_category#73), isnotnull(region#72)","",false
1,51,76,"Parquet",0,0,0,0,"InMemoryFileIndex(1 paths)[s3a://goes-se-sandbox/data/warehouse/tablespace/external/hive/demo_pauldefusco.db/trs_v25]","IsNotNull(customer_id), IsNotNull(account_id), IsNotNull(merchant_id), IsNotNull(branch_id), IsNotNull(transaction_date)","customer_id:bigint,account_id:bigint,merchant_id:bigint,branch_id:bigint,transaction_date:date,transaction_amount:double","isnotnull(customer_id#1L), isnotnull(account_id#2L), isnotnull(merchant_id#3L), isnotnull(branch_id#4L), isnotnull(transaction_date#5)","",false
1,51,155,"Parquet",0,0,0,0,"InMemoryFileIndex(1 paths)[s3a://goes-se-sandbox/data/warehouse/tablespace/external/hive/demo_pauldefusco.db/trs_v25]","IsNotNull(customer_id), IsNotNull(account_id), IsNotNull(merchant_id), IsNotNull(branch_id), IsNotNull(transaction_date)","customer_id:bigint,account_id:bigint,merchant_id:bigint,branch_id:bigint,transaction_date:date,transaction_amount:double,fraud_flag:int","isnotnull(customer_id#1138L), isnotnull(account_id#1139L), isnotnull(merchant_id#1140L), isnotnull(branch_id#1141L), isnotnull(transaction_date#1142)","",false
1,51,236,"Parquet",0,0,0,0,"InMemoryFileIndex(1 paths)[s3a://goes-se-sandbox/data/warehouse/tablespace/external/hive/demo_pauldefusco.db/trs_v25]","IsNotNull(customer_id), IsNotNull(account_id), IsNotNull(merchant_id), IsNotNull(branch_id), IsNotNull(transaction_date)","customer_id:bigint,account_id:bigint,merchant_id:bigint,branch_id:bigint,transaction_date:date,transaction_amount:double,fraud_flag:int","isnotnull(customer_id#1138L), isnotnull(account_id#1139L), isnotnull(merchant_id#1140L), isnotnull(branch_id#1141L), isnotnull(transaction_date#1142)","",false
1,51,333,"Parquet",0,0,0,0,"InMemoryFileIndex(1 paths)[s3a://goes-se-sandbox/data/warehouse/tablespace/external/hive/demo_pauldefusco.db/trs_v25]","IsNotNull(customer_id), IsNotNull(account_id), IsNotNull(merchant_id), IsNotNull(branch_id), IsNotNull(transaction_date)","customer_id:bigint,account_id:bigint,merchant_id:bigint,branch_id:bigint,transaction_date:date,transaction_amount:double,fraud_flag:int","isnotnull(customer_id#1138L), isnotnull(account_id#1139L), isnotnull(merchant_id#1140L), isnotnull(branch_id#1141L), isnotnull(transaction_date#1142)","",false
1,52,172,"Parquet",0,0,0,0,"InMemoryFileIndex(1 paths)[s3a://goes-se-sandbox/data/warehouse/tablespace/external/hive/demo_pauldefusco.db/accounts_skewed]","IsNotNull(account_id)","account_id:bigint","isnotnull(account_id#1163L)","",false
1,52,92,"Parquet",0,0,0,0,"InMemoryFileIndex(1 paths)[s3a://goes-se-sandbox/data/warehouse/tablespace/external/hive/demo_pauldefusco.db/accounts_skewed]","IsNotNull(account_id), IsNotNull(account_type)","account_id:bigint,account_type:string","isnotnull(account_id#51L), isnotnull(account_type#52)","",false
1,52,188,"Parquet",0,0,0,0,"InMemoryFileIndex(1 paths)[s3a://goes-se-sandbox/data/warehouse/tablespace/external/hive/demo_pauldefusco.db/branches_skewed]","IsNotNull(branch_id)","branch_id:bigint","isnotnull(branch_id#1182L)","",false
1,52,108,"Parquet",0,0,0,0,"InMemoryFileIndex(1 paths)[s3a://goes-se-sandbox/data/warehouse/tablespace/external/hive/demo_pauldefusco.db/branches_skewed]","IsNotNull(branch_id), IsNotNull(state), IsNotNull(region)","branch_id:bigint,state:string,region:string","isnotnull(branch_id#90L), isnotnull(state#92), isnotnull(region#93)","",false
1,52,196,"Parquet",0,0,0,0,"InMemoryFileIndex(1 paths)[s3a://goes-se-sandbox/data/warehouse/tablespace/external/hive/demo_pauldefusco.db/calendar]","IsNotNull(calendar_date)","calendar_date:date","isnotnull(calendar_date#1193)","",false
1,52,417,"Parquet",0,0,0,0,"InMemoryFileIndex(1 paths)[s3a://goes-se-sandbox/data/warehouse/tablespace/external/hive/demo_pauldefusco.db/calendar]","IsNotNull(calendar_date), IsNotNull(year), IsNotNull(month)","calendar_date:date,year:int,month:int","isnotnull(calendar_date#1717), isnotnull(year#1719), isnotnull(month#1721)","",false
1,52,353,"Parquet",0,0,0,0,"InMemoryFileIndex(1 paths)[s3a://goes-se-sandbox/data/warehouse/tablespace/external/hive/demo_pauldefusco.db/calendar]","IsNotNull(calendar_date), IsNotNull(year), IsNotNull(quarter)","calendar_date:date,year:int,quarter:int","isnotnull(calendar_date#1587), isnotnull(year#1589), isnotnull(quarter#1590)","",false
1,52,116,"Parquet",0,0,0,0,"InMemoryFileIndex(1 paths)[s3a://goes-se-sandbox/data/warehouse/tablespace/external/hive/demo_pauldefusco.db/calendar]","IsNotNull(calendar_date), IsNotNull(year), IsNotNull(quarter), IsNotNull(month)","calendar_date:date,year:int,quarter:int,month:int","isnotnull(calendar_date#112), isnotnull(year#114), isnotnull(quarter#115), isnotnull(month#116)","",false
1,52,509,"Parquet",0,0,0,0,"InMemoryFileIndex(1 paths)[s3a://goes-se-sandbox/data/warehouse/tablespace/external/hive/demo_pauldefusco.db/customers_skewed]","IsNotNull(customer_id)","customer_id:bigint,credit_score:int","isnotnull(customer_id#1950L)","",false
1,52,85,"Parquet",0,0,0,0,"InMemoryFileIndex(1 paths)[s3a://goes-se-sandbox/data/warehouse/tablespace/external/hive/demo_pauldefusco.db/customers_skewed]","IsNotNull(customer_id), IsNotNull(customer_segment), IsNotNull(risk_rating)","customer_id:bigint,credit_score:int,customer_segment:string,risk_rating:string","isnotnull(customer_id#30L), isnotnull(customer_segment#37), isnotnull(risk_rating#39)","",false
1,52,396,"Parquet",0,0,0,0,"InMemoryFileIndex(1 paths)[s3a://goes-se-sandbox/data/warehouse/tablespace/external/hive/demo_pauldefusco.db/customers_skewed]","IsNotNull(customer_id), IsNotNull(customer_segment)","customer_id:bigint,customer_segment:string","isnotnull(customer_id#1676L), isnotnull(customer_segment#1683)","",false
1,52,165,"Parquet",0,0,0,0,"InMemoryFileIndex(1 paths)[s3a://goes-se-sandbox/data/warehouse/tablespace/external/hive/demo_pauldefusco.db/customers_skewed]","IsNotNull(customer_id), IsNotNull(customer_segment), IsNotNull(risk_rating)","customer_id:bigint,customer_segment:string,risk_rating:string","isnotnull(customer_id#1152L), isnotnull(customer_segment#1159), isnotnull(risk_rating#1161)","",false
1,52,180,"Parquet",0,0,0,0,"InMemoryFileIndex(1 paths)[s3a://goes-se-sandbox/data/warehouse/tablespace/external/hive/demo_pauldefusco.db/merchants_skewed]","IsNotNull(merchant_id)","merchant_id:bigint","isnotnull(merchant_id#1172L)","",false
1,52,406,"Parquet",0,0,0,0,"InMemoryFileIndex(1 paths)[s3a://goes-se-sandbox/data/warehouse/tablespace/external/hive/demo_pauldefusco.db/merchants_skewed]","IsNotNull(merchant_id), IsNotNull(merchant_category)","merchant_id:bigint,merchant_category:string","isnotnull(merchant_id#1696L), isnotnull(merchant_category#1699)","",false
1,52,100,"Parquet",0,0,0,0,"InMemoryFileIndex(1 paths)[s3a://goes-se-sandbox/data/warehouse/tablespace/external/hive/demo_pauldefusco.db/merchants_skewed]","IsNotNull(merchant_id), IsNotNull(merchant_category), IsNotNull(region)","merchant_id:bigint,region:string,merchant_category:string","isnotnull(merchant_id#70L), isnotnull(merchant_category#73), isnotnull(region#72)","",false
1,52,290,"Parquet",0,0,0,0,"InMemoryFileIndex(1 paths)[s3a://goes-se-sandbox/data/warehouse/tablespace/external/hive/demo_pauldefusco.db/merchants_skewed]","IsNotNull(merchant_id), IsNotNull(merchant_category), IsNotNull(region)","merchant_id:bigint,region:string,merchant_category:string","isnotnull(merchant_id#70L), isnotnull(merchant_category#73), isnotnull(region#72)","",false
1,52,78,"Parquet",0,0,0,0,"InMemoryFileIndex(1 paths)[s3a://goes-se-sandbox/data/warehouse/tablespace/external/hive/demo_pauldefusco.db/trs_v25]","IsNotNull(customer_id), IsNotNull(account_id), IsNotNull(merchant_id), IsNotNull(branch_id), IsNotNull(transaction_date)","customer_id:bigint,account_id:bigint,merchant_id:bigint,branch_id:bigint,transaction_date:date,transaction_amount:double","isnotnull(customer_id#1L), isnotnull(account_id#2L), isnotnull(merchant_id#3L), isnotnull(branch_id#4L), isnotnull(transaction_date#5)","",false
1,52,158,"Parquet",0,0,0,0,"InMemoryFileIndex(1 paths)[s3a://goes-se-sandbox/data/warehouse/tablespace/external/hive/demo_pauldefusco.db/trs_v25]","IsNotNull(customer_id), IsNotNull(account_id), IsNotNull(merchant_id), IsNotNull(branch_id), IsNotNull(transaction_date)","customer_id:bigint,account_id:bigint,merchant_id:bigint,branch_id:bigint,transaction_date:date,transaction_amount:double,fraud_flag:int","isnotnull(customer_id#1138L), isnotnull(account_id#1139L), isnotnull(merchant_id#1140L), isnotnull(branch_id#1141L), isnotnull(transaction_date#1142)","",false
1,52,239,"Parquet",0,0,0,0,"InMemoryFileIndex(1 paths)[s3a://goes-se-sandbox/data/warehouse/tablespace/external/hive/demo_pauldefusco.db/trs_v25]","IsNotNull(customer_id), IsNotNull(account_id), IsNotNull(merchant_id), IsNotNull(branch_id), IsNotNull(transaction_date)","customer_id:bigint,account_id:bigint,merchant_id:bigint,branch_id:bigint,transaction_date:date,transaction_amount:double,fraud_flag:int","isnotnull(customer_id#1138L), isnotnull(account_id#1139L), isnotnull(merchant_id#1140L), isnotnull(branch_id#1141L), isnotnull(transaction_date#1142)","",false
1,52,336,"Parquet",0,0,0,0,"InMemoryFileIndex(1 paths)[s3a://goes-se-sandbox/data/warehouse/tablespace/external/hive/demo_pauldefusco.db/trs_v25]","IsNotNull(customer_id), IsNotNull(account_id), IsNotNull(merchant_id), IsNotNull(branch_id), IsNotNull(transaction_date)","customer_id:bigint,account_id:bigint,merchant_id:bigint,branch_id:bigint,transaction_date:date,transaction_amount:double,fraud_flag:int","isnotnull(customer_id#1138L), isnotnull(account_id#1139L), isnotnull(merchant_id#1140L), isnotnull(branch_id#1141L), isnotnull(transaction_date#1142)","",false
1,53,172,"Parquet",0,0,0,0,"InMemoryFileIndex(1 paths)[s3a://goes-se-sandbox/data/warehouse/tablespace/external/hive/demo_pauldefusco.db/accounts_skewed]","IsNotNull(account_id)","account_id:bigint","isnotnull(account_id#1163L)","",false
1,53,92,"Parquet",0,0,0,0,"InMemoryFileIndex(1 paths)[s3a://goes-se-sandbox/data/warehouse/tablespace/external/hive/demo_pauldefusco.db/accounts_skewed]","IsNotNull(account_id), IsNotNull(account_type)","account_id:bigint,account_type:string","isnotnull(account_id#51L), isnotnull(account_type#52)","",false
1,53,188,"Parquet",0,0,0,0,"InMemoryFileIndex(1 paths)[s3a://goes-se-sandbox/data/warehouse/tablespace/external/hive/demo_pauldefusco.db/branches_skewed]","IsNotNull(branch_id)","branch_id:bigint","isnotnull(branch_id#1182L)","",false
1,53,108,"Parquet",0,0,0,0,"InMemoryFileIndex(1 paths)[s3a://goes-se-sandbox/data/warehouse/tablespace/external/hive/demo_pauldefusco.db/branches_skewed]","IsNotNull(branch_id), IsNotNull(state), IsNotNull(region)","branch_id:bigint,state:string,region:string","isnotnull(branch_id#90L), isnotnull(state#92), isnotnull(region#93)","",false
1,53,196,"Parquet",0,0,0,0,"InMemoryFileIndex(1 paths)[s3a://goes-se-sandbox/data/warehouse/tablespace/external/hive/demo_pauldefusco.db/calendar]","IsNotNull(calendar_date)","calendar_date:date","isnotnull(calendar_date#1193)","",false
1,53,417,"Parquet",0,0,0,0,"InMemoryFileIndex(1 paths)[s3a://goes-se-sandbox/data/warehouse/tablespace/external/hive/demo_pauldefusco.db/calendar]","IsNotNull(calendar_date), IsNotNull(year), IsNotNull(month)","calendar_date:date,year:int,month:int","isnotnull(calendar_date#1717), isnotnull(year#1719), isnotnull(month#1721)","",false
1,53,353,"Parquet",0,0,0,0,"InMemoryFileIndex(1 paths)[s3a://goes-se-sandbox/data/warehouse/tablespace/external/hive/demo_pauldefusco.db/calendar]","IsNotNull(calendar_date), IsNotNull(year), IsNotNull(quarter)","calendar_date:date,year:int,quarter:int","isnotnull(calendar_date#1587), isnotnull(year#1589), isnotnull(quarter#1590)","",false
1,53,116,"Parquet",0,0,0,0,"InMemoryFileIndex(1 paths)[s3a://goes-se-sandbox/data/warehouse/tablespace/external/hive/demo_pauldefusco.db/calendar]","IsNotNull(calendar_date), IsNotNull(year), IsNotNull(quarter), IsNotNull(month)","calendar_date:date,year:int,quarter:int,month:int","isnotnull(calendar_date#112), isnotnull(year#114), isnotnull(quarter#115), isnotnull(month#116)","",false
1,53,509,"Parquet",0,0,0,0,"InMemoryFileIndex(1 paths)[s3a://goes-se-sandbox/data/warehouse/tablespace/external/hive/demo_pauldefusco.db/customers_skewed]","IsNotNull(customer_id)","customer_id:bigint,credit_score:int","isnotnull(customer_id#1950L)","",false
1,53,85,"Parquet",0,0,0,0,"InMemoryFileIndex(1 paths)[s3a://goes-se-sandbox/data/warehouse/tablespace/external/hive/demo_pauldefusco.db/customers_skewed]","IsNotNull(customer_id), IsNotNull(customer_segment), IsNotNull(risk_rating)","customer_id:bigint,credit_score:int,customer_segment:string,risk_rating:string","isnotnull(customer_id#30L), isnotnull(customer_segment#37), isnotnull(risk_rating#39)","",false
1,53,396,"Parquet",0,0,0,0,"InMemoryFileIndex(1 paths)[s3a://goes-se-sandbox/data/warehouse/tablespace/external/hive/demo_pauldefusco.db/customers_skewed]","IsNotNull(customer_id), IsNotNull(customer_segment)","customer_id:bigint,customer_segment:string","isnotnull(customer_id#1676L), isnotnull(customer_segment#1683)","",false
1,53,165,"Parquet",0,0,0,0,"InMemoryFileIndex(1 paths)[s3a://goes-se-sandbox/data/warehouse/tablespace/external/hive/demo_pauldefusco.db/customers_skewed]","IsNotNull(customer_id), IsNotNull(customer_segment), IsNotNull(risk_rating)","customer_id:bigint,customer_segment:string,risk_rating:string","isnotnull(customer_id#1152L), isnotnull(customer_segment#1159), isnotnull(risk_rating#1161)","",false
1,53,180,"Parquet",0,0,0,0,"InMemoryFileIndex(1 paths)[s3a://goes-se-sandbox/data/warehouse/tablespace/external/hive/demo_pauldefusco.db/merchants_skewed]","IsNotNull(merchant_id)","merchant_id:bigint","isnotnull(merchant_id#1172L)","",false
1,53,406,"Parquet",0,0,0,0,"InMemoryFileIndex(1 paths)[s3a://goes-se-sandbox/data/warehouse/tablespace/external/hive/demo_pauldefusco.db/merchants_skewed]","IsNotNull(merchant_id), IsNotNull(merchant_category)","merchant_id:bigint,merchant_category:string","isnotnull(merchant_id#1696L), isnotnull(merchant_category#1699)","",false
1,53,100,"Parquet",0,0,0,0,"InMemoryFileIndex(1 paths)[s3a://goes-se-sandbox/data/warehouse/tablespace/external/hive/demo_pauldefusco.db/merchants_skewed]","IsNotNull(merchant_id), IsNotNull(merchant_category), IsNotNull(region)","merchant_id:bigint,region:string,merchant_category:string","isnotnull(merchant_id#70L), isnotnull(merchant_category#73), isnotnull(region#72)","",false
1,53,290,"Parquet",0,0,0,0,"InMemoryFileIndex(1 paths)[s3a://goes-se-sandbox/data/warehouse/tablespace/external/hive/demo_pauldefusco.db/merchants_skewed]","IsNotNull(merchant_id), IsNotNull(merchant_category), IsNotNull(region)","merchant_id:bigint,region:string,merchant_category:string","isnotnull(merchant_id#70L), isnotnull(merchant_category#73), isnotnull(region#72)","",false
1,53,78,"Parquet",0,0,0,0,"InMemoryFileIndex(1 paths)[s3a://goes-se-sandbox/data/warehouse/tablespace/external/hive/demo_pauldefusco.db/trs_v25]","IsNotNull(customer_id), IsNotNull(account_id), IsNotNull(merchant_id), IsNotNull(branch_id), IsNotNull(transaction_date)","customer_id:bigint,account_id:bigint,merchant_id:bigint,branch_id:bigint,transaction_date:date,transaction_amount:double","isnotnull(customer_id#1L), isnotnull(account_id#2L), isnotnull(merchant_id#3L), isnotnull(branch_id#4L), isnotnull(transaction_date#5)","",false
1,53,158,"Parquet",0,0,0,0,"InMemoryFileIndex(1 paths)[s3a://goes-se-sandbox/data/warehouse/tablespace/external/hive/demo_pauldefusco.db/trs_v25]","IsNotNull(customer_id), IsNotNull(account_id), IsNotNull(merchant_id), IsNotNull(branch_id), IsNotNull(transaction_date)","customer_id:bigint,account_id:bigint,merchant_id:bigint,branch_id:bigint,transaction_date:date,transaction_amount:double,fraud_flag:int","isnotnull(customer_id#1138L), isnotnull(account_id#1139L), isnotnull(merchant_id#1140L), isnotnull(branch_id#1141L), isnotnull(transaction_date#1142)","",false
1,53,239,"Parquet",0,0,0,0,"InMemoryFileIndex(1 paths)[s3a://goes-se-sandbox/data/warehouse/tablespace/external/hive/demo_pauldefusco.db/trs_v25]","IsNotNull(customer_id), IsNotNull(account_id), IsNotNull(merchant_id), IsNotNull(branch_id), IsNotNull(transaction_date)","customer_id:bigint,account_id:bigint,merchant_id:bigint,branch_id:bigint,transaction_date:date,transaction_amount:double,fraud_flag:int","isnotnull(customer_id#1138L), isnotnull(account_id#1139L), isnotnull(merchant_id#1140L), isnotnull(branch_id#1141L), isnotnull(transaction_date#1142)","",false
1,53,336,"Parquet",0,0,0,0,"InMemoryFileIndex(1 paths)[s3a://goes-se-sandbox/data/warehouse/tablespace/external/hive/demo_pauldefusco.db/trs_v25]","IsNotNull(customer_id), IsNotNull(account_id), IsNotNull(merchant_id), IsNotNull(branch_id), IsNotNull(transaction_date)","customer_id:bigint,account_id:bigint,merchant_id:bigint,branch_id:bigint,transaction_date:date,transaction_amount:double,fraud_flag:int","isnotnull(customer_id#1138L), isnotnull(account_id#1139L), isnotnull(merchant_id#1140L), isnotnull(branch_id#1141L), isnotnull(transaction_date#1142)","",false
1,54,174,"Parquet",0,0,0,0,"InMemoryFileIndex(1 paths)[s3a://goes-se-sandbox/data/warehouse/tablespace/external/hive/demo_pauldefusco.db/accounts_skewed]","IsNotNull(account_id)","account_id:bigint","isnotnull(account_id#1163L)","",false
1,54,94,"Parquet",0,0,0,0,"InMemoryFileIndex(1 paths)[s3a://goes-se-sandbox/data/warehouse/tablespace/external/hive/demo_pauldefusco.db/accounts_skewed]","IsNotNull(account_id), IsNotNull(account_type)","account_id:bigint,account_type:string","isnotnull(account_id#51L), isnotnull(account_type#52)","",false
1,54,190,"Parquet",0,0,0,0,"InMemoryFileIndex(1 paths)[s3a://goes-se-sandbox/data/warehouse/tablespace/external/hive/demo_pauldefusco.db/branches_skewed]","IsNotNull(branch_id)","branch_id:bigint","isnotnull(branch_id#1182L)","",false
1,54,110,"Parquet",0,0,0,0,"InMemoryFileIndex(1 paths)[s3a://goes-se-sandbox/data/warehouse/tablespace/external/hive/demo_pauldefusco.db/branches_skewed]","IsNotNull(branch_id), IsNotNull(state), IsNotNull(region)","branch_id:bigint,state:string,region:string","isnotnull(branch_id#90L), isnotnull(state#92), isnotnull(region#93)","",false
1,54,198,"Parquet",0,0,0,0,"InMemoryFileIndex(1 paths)[s3a://goes-se-sandbox/data/warehouse/tablespace/external/hive/demo_pauldefusco.db/calendar]","IsNotNull(calendar_date)","calendar_date:date","isnotnull(calendar_date#1193)","",false
1,54,420,"Parquet",0,0,0,0,"InMemoryFileIndex(1 paths)[s3a://goes-se-sandbox/data/warehouse/tablespace/external/hive/demo_pauldefusco.db/calendar]","IsNotNull(calendar_date), IsNotNull(year), IsNotNull(month)","calendar_date:date,year:int,month:int","isnotnull(calendar_date#1717), isnotnull(year#1719), isnotnull(month#1721)","",false
1,54,356,"Parquet",0,0,0,0,"InMemoryFileIndex(1 paths)[s3a://goes-se-sandbox/data/warehouse/tablespace/external/hive/demo_pauldefusco.db/calendar]","IsNotNull(calendar_date), IsNotNull(year), IsNotNull(quarter)","calendar_date:date,year:int,quarter:int","isnotnull(calendar_date#1587), isnotnull(year#1589), isnotnull(quarter#1590)","",false
1,54,118,"Parquet",0,0,0,0,"InMemoryFileIndex(1 paths)[s3a://goes-se-sandbox/data/warehouse/tablespace/external/hive/demo_pauldefusco.db/calendar]","IsNotNull(calendar_date), IsNotNull(year), IsNotNull(quarter), IsNotNull(month)","calendar_date:date,year:int,quarter:int,month:int","isnotnull(calendar_date#112), isnotnull(year#114), isnotnull(quarter#115), isnotnull(month#116)","",false
1,54,512,"Parquet",0,0,0,0,"InMemoryFileIndex(1 paths)[s3a://goes-se-sandbox/data/warehouse/tablespace/external/hive/demo_pauldefusco.db/customers_skewed]","IsNotNull(customer_id)","customer_id:bigint,credit_score:int","isnotnull(customer_id#1950L)","",false
1,54,87,"Parquet",0,0,0,0,"InMemoryFileIndex(1 paths)[s3a://goes-se-sandbox/data/warehouse/tablespace/external/hive/demo_pauldefusco.db/customers_skewed]","IsNotNull(customer_id), IsNotNull(customer_segment), IsNotNull(risk_rating)","customer_id:bigint,credit_score:int,customer_segment:string,risk_rating:string","isnotnull(customer_id#30L), isnotnull(customer_segment#37), isnotnull(risk_rating#39)","",false
1,54,399,"Parquet",0,0,0,0,"InMemoryFileIndex(1 paths)[s3a://goes-se-sandbox/data/warehouse/tablespace/external/hive/demo_pauldefusco.db/customers_skewed]","IsNotNull(customer_id), IsNotNull(customer_segment)","customer_id:bigint,customer_segment:string","isnotnull(customer_id#1676L), isnotnull(customer_segment#1683)","",false
1,54,167,"Parquet",0,0,0,0,"InMemoryFileIndex(1 paths)[s3a://goes-se-sandbox/data/warehouse/tablespace/external/hive/demo_pauldefusco.db/customers_skewed]","IsNotNull(customer_id), IsNotNull(customer_segment), IsNotNull(risk_rating)","customer_id:bigint,customer_segment:string,risk_rating:string","isnotnull(customer_id#1152L), isnotnull(customer_segment#1159), isnotnull(risk_rating#1161)","",false
1,54,182,"Parquet",0,0,0,0,"InMemoryFileIndex(1 paths)[s3a://goes-se-sandbox/data/warehouse/tablespace/external/hive/demo_pauldefusco.db/merchants_skewed]","IsNotNull(merchant_id)","merchant_id:bigint","isnotnull(merchant_id#1172L)","",false
1,54,409,"Parquet",0,0,0,0,"InMemoryFileIndex(1 paths)[s3a://goes-se-sandbox/data/warehouse/tablespace/external/hive/demo_pauldefusco.db/merchants_skewed]","IsNotNull(merchant_id), IsNotNull(merchant_category)","merchant_id:bigint,merchant_category:string","isnotnull(merchant_id#1696L), isnotnull(merchant_category#1699)","",false
1,54,102,"Parquet",0,0,0,0,"InMemoryFileIndex(1 paths)[s3a://goes-se-sandbox/data/warehouse/tablespace/external/hive/demo_pauldefusco.db/merchants_skewed]","IsNotNull(merchant_id), IsNotNull(merchant_category), IsNotNull(region)","merchant_id:bigint,region:string,merchant_category:string","isnotnull(merchant_id#70L), isnotnull(merchant_category#73), isnotnull(region#72)","",false
1,54,293,"Parquet",0,0,0,0,"InMemoryFileIndex(1 paths)[s3a://goes-se-sandbox/data/warehouse/tablespace/external/hive/demo_pauldefusco.db/merchants_skewed]","IsNotNull(merchant_id), IsNotNull(merchant_category), IsNotNull(region)","merchant_id:bigint,region:string,merchant_category:string","isnotnull(merchant_id#70L), isnotnull(merchant_category#73), isnotnull(region#72)","",false
1,54,80,"Parquet",0,0,0,0,"InMemoryFileIndex(1 paths)[s3a://goes-se-sandbox/data/warehouse/tablespace/external/hive/demo_pauldefusco.db/trs_v25]","IsNotNull(customer_id), IsNotNull(account_id), IsNotNull(merchant_id), IsNotNull(branch_id), IsNotNull(transaction_date)","customer_id:bigint,account_id:bigint,merchant_id:bigint,branch_id:bigint,transaction_date:date,transaction_amount:double","isnotnull(customer_id#1L), isnotnull(account_id#2L), isnotnull(merchant_id#3L), isnotnull(branch_id#4L), isnotnull(transaction_date#5)","",false
1,54,160,"Parquet",0,0,0,0,"InMemoryFileIndex(1 paths)[s3a://goes-se-sandbox/data/warehouse/tablespace/external/hive/demo_pauldefusco.db/trs_v25]","IsNotNull(customer_id), IsNotNull(account_id), IsNotNull(merchant_id), IsNotNull(branch_id), IsNotNull(transaction_date)","customer_id:bigint,account_id:bigint,merchant_id:bigint,branch_id:bigint,transaction_date:date,transaction_amount:double,fraud_flag:int","isnotnull(customer_id#1138L), isnotnull(account_id#1139L), isnotnull(merchant_id#1140L), isnotnull(branch_id#1141L), isnotnull(transaction_date#1142)","",false
1,54,242,"Parquet",0,0,0,0,"InMemoryFileIndex(1 paths)[s3a://goes-se-sandbox/data/warehouse/tablespace/external/hive/demo_pauldefusco.db/trs_v25]","IsNotNull(customer_id), IsNotNull(account_id), IsNotNull(merchant_id), IsNotNull(branch_id), IsNotNull(transaction_date)","customer_id:bigint,account_id:bigint,merchant_id:bigint,branch_id:bigint,transaction_date:date,transaction_amount:double,fraud_flag:int","isnotnull(customer_id#1138L), isnotnull(account_id#1139L), isnotnull(merchant_id#1140L), isnotnull(branch_id#1141L), isnotnull(transaction_date#1142)","",false
1,54,339,"Parquet",0,0,0,0,"InMemoryFileIndex(1 paths)[s3a://goes-se-sandbox/data/warehouse/tablespace/external/hive/demo_pauldefusco.db/trs_v25]","IsNotNull(customer_id), IsNotNull(account_id), IsNotNull(merchant_id), IsNotNull(branch_id), IsNotNull(transaction_date)","customer_id:bigint,account_id:bigint,merchant_id:bigint,branch_id:bigint,transaction_date:date,transaction_amount:double,fraud_flag:int","isnotnull(customer_id#1138L), isnotnull(account_id#1139L), isnotnull(merchant_id#1140L), isnotnull(branch_id#1141L), isnotnull(transaction_date#1142)","",false
1,55,174,"Parquet",0,0,0,0,"InMemoryFileIndex(1 paths)[s3a://goes-se-sandbox/data/warehouse/tablespace/external/hive/demo_pauldefusco.db/accounts_skewed]","IsNotNull(account_id)","account_id:bigint","isnotnull(account_id#1163L)","",false
1,55,94,"Parquet",0,0,0,0,"InMemoryFileIndex(1 paths)[s3a://goes-se-sandbox/data/warehouse/tablespace/external/hive/demo_pauldefusco.db/accounts_skewed]","IsNotNull(account_id), IsNotNull(account_type)","account_id:bigint,account_type:string","isnotnull(account_id#51L), isnotnull(account_type#52)","",false
1,55,190,"Parquet",0,0,0,0,"InMemoryFileIndex(1 paths)[s3a://goes-se-sandbox/data/warehouse/tablespace/external/hive/demo_pauldefusco.db/branches_skewed]","IsNotNull(branch_id)","branch_id:bigint","isnotnull(branch_id#1182L)","",false
1,55,110,"Parquet",0,0,0,0,"InMemoryFileIndex(1 paths)[s3a://goes-se-sandbox/data/warehouse/tablespace/external/hive/demo_pauldefusco.db/branches_skewed]","IsNotNull(branch_id), IsNotNull(state), IsNotNull(region)","branch_id:bigint,state:string,region:string","isnotnull(branch_id#90L), isnotnull(state#92), isnotnull(region#93)","",false
1,55,198,"Parquet",0,0,0,0,"InMemoryFileIndex(1 paths)[s3a://goes-se-sandbox/data/warehouse/tablespace/external/hive/demo_pauldefusco.db/calendar]","IsNotNull(calendar_date)","calendar_date:date","isnotnull(calendar_date#1193)","",false
1,55,420,"Parquet",0,0,0,0,"InMemoryFileIndex(1 paths)[s3a://goes-se-sandbox/data/warehouse/tablespace/external/hive/demo_pauldefusco.db/calendar]","IsNotNull(calendar_date), IsNotNull(year), IsNotNull(month)","calendar_date:date,year:int,month:int","isnotnull(calendar_date#1717), isnotnull(year#1719), isnotnull(month#1721)","",false
1,55,356,"Parquet",0,0,0,0,"InMemoryFileIndex(1 paths)[s3a://goes-se-sandbox/data/warehouse/tablespace/external/hive/demo_pauldefusco.db/calendar]","IsNotNull(calendar_date), IsNotNull(year), IsNotNull(quarter)","calendar_date:date,year:int,quarter:int","isnotnull(calendar_date#1587), isnotnull(year#1589), isnotnull(quarter#1590)","",false
1,55,118,"Parquet",0,0,0,0,"InMemoryFileIndex(1 paths)[s3a://goes-se-sandbox/data/warehouse/tablespace/external/hive/demo_pauldefusco.db/calendar]","IsNotNull(calendar_date), IsNotNull(year), IsNotNull(quarter), IsNotNull(month)","calendar_date:date,year:int,quarter:int,month:int","isnotnull(calendar_date#112), isnotnull(year#114), isnotnull(quarter#115), isnotnull(month#116)","",false
1,55,512,"Parquet",0,0,0,0,"InMemoryFileIndex(1 paths)[s3a://goes-se-sandbox/data/warehouse/tablespace/external/hive/demo_pauldefusco.db/customers_skewed]","IsNotNull(customer_id)","customer_id:bigint,credit_score:int","isnotnull(customer_id#1950L)","",false
1,55,87,"Parquet",0,0,0,0,"InMemoryFileIndex(1 paths)[s3a://goes-se-sandbox/data/warehouse/tablespace/external/hive/demo_pauldefusco.db/customers_skewed]","IsNotNull(customer_id), IsNotNull(customer_segment), IsNotNull(risk_rating)","customer_id:bigint,credit_score:int,customer_segment:string,risk_rating:string","isnotnull(customer_id#30L), isnotnull(customer_segment#37), isnotnull(risk_rating#39)","",false
1,55,399,"Parquet",0,0,0,0,"InMemoryFileIndex(1 paths)[s3a://goes-se-sandbox/data/warehouse/tablespace/external/hive/demo_pauldefusco.db/customers_skewed]","IsNotNull(customer_id), IsNotNull(customer_segment)","customer_id:bigint,customer_segment:string","isnotnull(customer_id#1676L), isnotnull(customer_segment#1683)","",false
1,55,167,"Parquet",0,0,0,0,"InMemoryFileIndex(1 paths)[s3a://goes-se-sandbox/data/warehouse/tablespace/external/hive/demo_pauldefusco.db/customers_skewed]","IsNotNull(customer_id), IsNotNull(customer_segment), IsNotNull(risk_rating)","customer_id:bigint,customer_segment:string,risk_rating:string","isnotnull(customer_id#1152L), isnotnull(customer_segment#1159), isnotnull(risk_rating#1161)","",false
1,55,182,"Parquet",0,0,0,0,"InMemoryFileIndex(1 paths)[s3a://goes-se-sandbox/data/warehouse/tablespace/external/hive/demo_pauldefusco.db/merchants_skewed]","IsNotNull(merchant_id)","merchant_id:bigint","isnotnull(merchant_id#1172L)","",false
1,55,409,"Parquet",0,0,0,0,"InMemoryFileIndex(1 paths)[s3a://goes-se-sandbox/data/warehouse/tablespace/external/hive/demo_pauldefusco.db/merchants_skewed]","IsNotNull(merchant_id), IsNotNull(merchant_category)","merchant_id:bigint,merchant_category:string","isnotnull(merchant_id#1696L), isnotnull(merchant_category#1699)","",false
1,55,102,"Parquet",0,0,0,0,"InMemoryFileIndex(1 paths)[s3a://goes-se-sandbox/data/warehouse/tablespace/external/hive/demo_pauldefusco.db/merchants_skewed]","IsNotNull(merchant_id), IsNotNull(merchant_category), IsNotNull(region)","merchant_id:bigint,region:string,merchant_category:string","isnotnull(merchant_id#70L), isnotnull(merchant_category#73), isnotnull(region#72)","",false
1,55,293,"Parquet",0,0,0,0,"InMemoryFileIndex(1 paths)[s3a://goes-se-sandbox/data/warehouse/tablespace/external/hive/demo_pauldefusco.db/merchants_skewed]","IsNotNull(merchant_id), IsNotNull(merchant_category), IsNotNull(region)","merchant_id:bigint,region:string,merchant_category:string","isnotnull(merchant_id#70L), isnotnull(merchant_category#73), isnotnull(region#72)","",false
1,55,80,"Parquet",0,0,0,0,"InMemoryFileIndex(1 paths)[s3a://goes-se-sandbox/data/warehouse/tablespace/external/hive/demo_pauldefusco.db/trs_v25]","IsNotNull(customer_id), IsNotNull(account_id), IsNotNull(merchant_id), IsNotNull(branch_id), IsNotNull(transaction_date)","customer_id:bigint,account_id:bigint,merchant_id:bigint,branch_id:bigint,transaction_date:date,transaction_amount:double","isnotnull(customer_id#1L), isnotnull(account_id#2L), isnotnull(merchant_id#3L), isnotnull(branch_id#4L), isnotnull(transaction_date#5)","",false
1,55,160,"Parquet",0,0,0,0,"InMemoryFileIndex(1 paths)[s3a://goes-se-sandbox/data/warehouse/tablespace/external/hive/demo_pauldefusco.db/trs_v25]","IsNotNull(customer_id), IsNotNull(account_id), IsNotNull(merchant_id), IsNotNull(branch_id), IsNotNull(transaction_date)","customer_id:bigint,account_id:bigint,merchant_id:bigint,branch_id:bigint,transaction_date:date,transaction_amount:double,fraud_flag:int","isnotnull(customer_id#1138L), isnotnull(account_id#1139L), isnotnull(merchant_id#1140L), isnotnull(branch_id#1141L), isnotnull(transaction_date#1142)","",false
1,55,242,"Parquet",0,0,0,0,"InMemoryFileIndex(1 paths)[s3a://goes-se-sandbox/data/warehouse/tablespace/external/hive/demo_pauldefusco.db/trs_v25]","IsNotNull(customer_id), IsNotNull(account_id), IsNotNull(merchant_id), IsNotNull(branch_id), IsNotNull(transaction_date)","customer_id:bigint,account_id:bigint,merchant_id:bigint,branch_id:bigint,transaction_date:date,transaction_amount:double,fraud_flag:int","isnotnull(customer_id#1138L), isnotnull(account_id#1139L), isnotnull(merchant_id#1140L), isnotnull(branch_id#1141L), isnotnull(transaction_date#1142)","",false
1,55,339,"Parquet",0,0,0,0,"InMemoryFileIndex(1 paths)[s3a://goes-se-sandbox/data/warehouse/tablespace/external/hive/demo_pauldefusco.db/trs_v25]","IsNotNull(customer_id), IsNotNull(account_id), IsNotNull(merchant_id), IsNotNull(branch_id), IsNotNull(transaction_date)","customer_id:bigint,account_id:bigint,merchant_id:bigint,branch_id:bigint,transaction_date:date,transaction_amount:double,fraud_flag:int","isnotnull(customer_id#1138L), isnotnull(account_id#1139L), isnotnull(merchant_id#1140L), isnotnull(branch_id#1141L), isnotnull(transaction_date#1142)","",false
1,56,176,"Parquet",0,0,0,0,"InMemoryFileIndex(1 paths)[s3a://goes-se-sandbox/data/warehouse/tablespace/external/hive/demo_pauldefusco.db/accounts_skewed]","IsNotNull(account_id)","account_id:bigint","isnotnull(account_id#1163L)","",false
1,56,96,"Parquet",0,0,0,0,"InMemoryFileIndex(1 paths)[s3a://goes-se-sandbox/data/warehouse/tablespace/external/hive/demo_pauldefusco.db/accounts_skewed]","IsNotNull(account_id), IsNotNull(account_type)","account_id:bigint,account_type:string","isnotnull(account_id#51L), isnotnull(account_type#52)","",false
1,56,192,"Parquet",0,0,0,0,"InMemoryFileIndex(1 paths)[s3a://goes-se-sandbox/data/warehouse/tablespace/external/hive/demo_pauldefusco.db/branches_skewed]","IsNotNull(branch_id)","branch_id:bigint","isnotnull(branch_id#1182L)","",false
1,56,112,"Parquet",0,0,0,0,"InMemoryFileIndex(1 paths)[s3a://goes-se-sandbox/data/warehouse/tablespace/external/hive/demo_pauldefusco.db/branches_skewed]","IsNotNull(branch_id), IsNotNull(state), IsNotNull(region)","branch_id:bigint,state:string,region:string","isnotnull(branch_id#90L), isnotnull(state#92), isnotnull(region#93)","",false
1,56,200,"Parquet",0,0,0,0,"InMemoryFileIndex(1 paths)[s3a://goes-se-sandbox/data/warehouse/tablespace/external/hive/demo_pauldefusco.db/calendar]","IsNotNull(calendar_date)","calendar_date:date","isnotnull(calendar_date#1193)","",false
1,56,423,"Parquet",0,0,0,0,"InMemoryFileIndex(1 paths)[s3a://goes-se-sandbox/data/warehouse/tablespace/external/hive/demo_pauldefusco.db/calendar]","IsNotNull(calendar_date), IsNotNull(year), IsNotNull(month)","calendar_date:date,year:int,month:int","isnotnull(calendar_date#1717), isnotnull(year#1719), isnotnull(month#1721)","",false
1,56,359,"Parquet",0,0,0,0,"InMemoryFileIndex(1 paths)[s3a://goes-se-sandbox/data/warehouse/tablespace/external/hive/demo_pauldefusco.db/calendar]","IsNotNull(calendar_date), IsNotNull(year), IsNotNull(quarter)","calendar_date:date,year:int,quarter:int","isnotnull(calendar_date#1587), isnotnull(year#1589), isnotnull(quarter#1590)","",false
1,56,120,"Parquet",0,0,0,0,"InMemoryFileIndex(1 paths)[s3a://goes-se-sandbox/data/warehouse/tablespace/external/hive/demo_pauldefusco.db/calendar]","IsNotNull(calendar_date), IsNotNull(year), IsNotNull(quarter), IsNotNull(month)","calendar_date:date,year:int,quarter:int,month:int","isnotnull(calendar_date#112), isnotnull(year#114), isnotnull(quarter#115), isnotnull(month#116)","",false
1,56,515,"Parquet",0,0,0,0,"InMemoryFileIndex(1 paths)[s3a://goes-se-sandbox/data/warehouse/tablespace/external/hive/demo_pauldefusco.db/customers_skewed]","IsNotNull(customer_id)","customer_id:bigint,credit_score:int","isnotnull(customer_id#1950L)","",false
1,56,89,"Parquet",0,0,0,0,"InMemoryFileIndex(1 paths)[s3a://goes-se-sandbox/data/warehouse/tablespace/external/hive/demo_pauldefusco.db/customers_skewed]","IsNotNull(customer_id), IsNotNull(customer_segment), IsNotNull(risk_rating)","customer_id:bigint,credit_score:int,customer_segment:string,risk_rating:string","isnotnull(customer_id#30L), isnotnull(customer_segment#37), isnotnull(risk_rating#39)","",false
1,56,402,"Parquet",0,0,0,0,"InMemoryFileIndex(1 paths)[s3a://goes-se-sandbox/data/warehouse/tablespace/external/hive/demo_pauldefusco.db/customers_skewed]","IsNotNull(customer_id), IsNotNull(customer_segment)","customer_id:bigint,customer_segment:string","isnotnull(customer_id#1676L), isnotnull(customer_segment#1683)","",false
1,56,169,"Parquet",0,0,0,0,"InMemoryFileIndex(1 paths)[s3a://goes-se-sandbox/data/warehouse/tablespace/external/hive/demo_pauldefusco.db/customers_skewed]","IsNotNull(customer_id), IsNotNull(customer_segment), IsNotNull(risk_rating)","customer_id:bigint,customer_segment:string,risk_rating:string","isnotnull(customer_id#1152L), isnotnull(customer_segment#1159), isnotnull(risk_rating#1161)","",false
1,56,184,"Parquet",0,0,0,0,"InMemoryFileIndex(1 paths)[s3a://goes-se-sandbox/data/warehouse/tablespace/external/hive/demo_pauldefusco.db/merchants_skewed]","IsNotNull(merchant_id)","merchant_id:bigint","isnotnull(merchant_id#1172L)","",false
1,56,412,"Parquet",0,0,0,0,"InMemoryFileIndex(1 paths)[s3a://goes-se-sandbox/data/warehouse/tablespace/external/hive/demo_pauldefusco.db/merchants_skewed]","IsNotNull(merchant_id), IsNotNull(merchant_category)","merchant_id:bigint,merchant_category:string","isnotnull(merchant_id#1696L), isnotnull(merchant_category#1699)","",false
1,56,104,"Parquet",0,0,0,0,"InMemoryFileIndex(1 paths)[s3a://goes-se-sandbox/data/warehouse/tablespace/external/hive/demo_pauldefusco.db/merchants_skewed]","IsNotNull(merchant_id), IsNotNull(merchant_category), IsNotNull(region)","merchant_id:bigint,region:string,merchant_category:string","isnotnull(merchant_id#70L), isnotnull(merchant_category#73), isnotnull(region#72)","",false
1,56,296,"Parquet",0,0,0,0,"InMemoryFileIndex(1 paths)[s3a://goes-se-sandbox/data/warehouse/tablespace/external/hive/demo_pauldefusco.db/merchants_skewed]","IsNotNull(merchant_id), IsNotNull(merchant_category), IsNotNull(region)","merchant_id:bigint,region:string,merchant_category:string","isnotnull(merchant_id#70L), isnotnull(merchant_category#73), isnotnull(region#72)","",false
1,56,82,"Parquet",0,0,0,0,"InMemoryFileIndex(1 paths)[s3a://goes-se-sandbox/data/warehouse/tablespace/external/hive/demo_pauldefusco.db/trs_v25]","IsNotNull(customer_id), IsNotNull(account_id), IsNotNull(merchant_id), IsNotNull(branch_id), IsNotNull(transaction_date)","customer_id:bigint,account_id:bigint,merchant_id:bigint,branch_id:bigint,transaction_date:date,transaction_amount:double","isnotnull(customer_id#1L), isnotnull(account_id#2L), isnotnull(merchant_id#3L), isnotnull(branch_id#4L), isnotnull(transaction_date#5)","",false
1,56,162,"Parquet",0,0,0,0,"InMemoryFileIndex(1 paths)[s3a://goes-se-sandbox/data/warehouse/tablespace/external/hive/demo_pauldefusco.db/trs_v25]","IsNotNull(customer_id), IsNotNull(account_id), IsNotNull(merchant_id), IsNotNull(branch_id), IsNotNull(transaction_date)","customer_id:bigint,account_id:bigint,merchant_id:bigint,branch_id:bigint,transaction_date:date,transaction_amount:double,fraud_flag:int","isnotnull(customer_id#1138L), isnotnull(account_id#1139L), isnotnull(merchant_id#1140L), isnotnull(branch_id#1141L), isnotnull(transaction_date#1142)","",false
1,56,244,"Parquet",0,0,0,0,"InMemoryFileIndex(1 paths)[s3a://goes-se-sandbox/data/warehouse/tablespace/external/hive/demo_pauldefusco.db/trs_v25]","IsNotNull(customer_id), IsNotNull(account_id), IsNotNull(merchant_id), IsNotNull(branch_id), IsNotNull(transaction_date)","customer_id:bigint,account_id:bigint,merchant_id:bigint,branch_id:bigint,transaction_date:date,transaction_amount:double,fraud_flag:int","isnotnull(customer_id#1138L), isnotnull(account_id#1139L), isnotnull(merchant_id#1140L), isnotnull(branch_id#1141L), isnotnull(transaction_date#1142)","",false
1,56,342,"Parquet",0,0,0,0,"InMemoryFileIndex(1 paths)[s3a://goes-se-sandbox/data/warehouse/tablespace/external/hive/demo_pauldefusco.db/trs_v25]","IsNotNull(customer_id), IsNotNull(account_id), IsNotNull(merchant_id), IsNotNull(branch_id), IsNotNull(transaction_date)","customer_id:bigint,account_id:bigint,merchant_id:bigint,branch_id:bigint,transaction_date:date,transaction_amount:double,fraud_flag:int","isnotnull(customer_id#1138L), isnotnull(account_id#1139L), isnotnull(merchant_id#1140L), isnotnull(branch_id#1141L), isnotnull(transaction_date#1142)","",false
1,57,176,"Parquet",0,0,0,0,"InMemoryFileIndex(1 paths)[s3a://goes-se-sandbox/data/warehouse/tablespace/external/hive/demo_pauldefusco.db/accounts_skewed]","IsNotNull(account_id)","account_id:bigint","isnotnull(account_id#1163L)","",false
1,57,96,"Parquet",0,0,0,0,"InMemoryFileIndex(1 paths)[s3a://goes-se-sandbox/data/warehouse/tablespace/external/hive/demo_pauldefusco.db/accounts_skewed]","IsNotNull(account_id), IsNotNull(account_type)","account_id:bigint,account_type:string","isnotnull(account_id#51L), isnotnull(account_type#52)","",false
1,57,192,"Parquet",0,0,0,0,"InMemoryFileIndex(1 paths)[s3a://goes-se-sandbox/data/warehouse/tablespace/external/hive/demo_pauldefusco.db/branches_skewed]","IsNotNull(branch_id)","branch_id:bigint","isnotnull(branch_id#1182L)","",false
1,57,112,"Parquet",0,0,0,0,"InMemoryFileIndex(1 paths)[s3a://goes-se-sandbox/data/warehouse/tablespace/external/hive/demo_pauldefusco.db/branches_skewed]","IsNotNull(branch_id), IsNotNull(state), IsNotNull(region)","branch_id:bigint,state:string,region:string","isnotnull(branch_id#90L), isnotnull(state#92), isnotnull(region#93)","",false
1,57,200,"Parquet",0,0,0,0,"InMemoryFileIndex(1 paths)[s3a://goes-se-sandbox/data/warehouse/tablespace/external/hive/demo_pauldefusco.db/calendar]","IsNotNull(calendar_date)","calendar_date:date","isnotnull(calendar_date#1193)","",false
1,57,423,"Parquet",0,0,0,0,"InMemoryFileIndex(1 paths)[s3a://goes-se-sandbox/data/warehouse/tablespace/external/hive/demo_pauldefusco.db/calendar]","IsNotNull(calendar_date), IsNotNull(year), IsNotNull(month)","calendar_date:date,year:int,month:int","isnotnull(calendar_date#1717), isnotnull(year#1719), isnotnull(month#1721)","",false
1,57,359,"Parquet",0,0,0,0,"InMemoryFileIndex(1 paths)[s3a://goes-se-sandbox/data/warehouse/tablespace/external/hive/demo_pauldefusco.db/calendar]","IsNotNull(calendar_date), IsNotNull(year), IsNotNull(quarter)","calendar_date:date,year:int,quarter:int","isnotnull(calendar_date#1587), isnotnull(year#1589), isnotnull(quarter#1590)","",false
1,57,120,"Parquet",0,0,0,0,"InMemoryFileIndex(1 paths)[s3a://goes-se-sandbox/data/warehouse/tablespace/external/hive/demo_pauldefusco.db/calendar]","IsNotNull(calendar_date), IsNotNull(year), IsNotNull(quarter), IsNotNull(month)","calendar_date:date,year:int,quarter:int,month:int","isnotnull(calendar_date#112), isnotnull(year#114), isnotnull(quarter#115), isnotnull(month#116)","",false
1,57,515,"Parquet",0,0,0,0,"InMemoryFileIndex(1 paths)[s3a://goes-se-sandbox/data/warehouse/tablespace/external/hive/demo_pauldefusco.db/customers_skewed]","IsNotNull(customer_id)","customer_id:bigint,credit_score:int","isnotnull(customer_id#1950L)","",false
1,57,89,"Parquet",0,0,0,0,"InMemoryFileIndex(1 paths)[s3a://goes-se-sandbox/data/warehouse/tablespace/external/hive/demo_pauldefusco.db/customers_skewed]","IsNotNull(customer_id), IsNotNull(customer_segment), IsNotNull(risk_rating)","customer_id:bigint,credit_score:int,customer_segment:string,risk_rating:string","isnotnull(customer_id#30L), isnotnull(customer_segment#37), isnotnull(risk_rating#39)","",false
1,57,402,"Parquet",0,0,0,0,"InMemoryFileIndex(1 paths)[s3a://goes-se-sandbox/data/warehouse/tablespace/external/hive/demo_pauldefusco.db/customers_skewed]","IsNotNull(customer_id), IsNotNull(customer_segment)","customer_id:bigint,customer_segment:string","isnotnull(customer_id#1676L), isnotnull(customer_segment#1683)","",false
1,57,169,"Parquet",0,0,0,0,"InMemoryFileIndex(1 paths)[s3a://goes-se-sandbox/data/warehouse/tablespace/external/hive/demo_pauldefusco.db/customers_skewed]","IsNotNull(customer_id), IsNotNull(customer_segment), IsNotNull(risk_rating)","customer_id:bigint,customer_segment:string,risk_rating:string","isnotnull(customer_id#1152L), isnotnull(customer_segment#1159), isnotnull(risk_rating#1161)","",false
1,57,184,"Parquet",0,0,0,0,"InMemoryFileIndex(1 paths)[s3a://goes-se-sandbox/data/warehouse/tablespace/external/hive/demo_pauldefusco.db/merchants_skewed]","IsNotNull(merchant_id)","merchant_id:bigint","isnotnull(merchant_id#1172L)","",false
1,57,412,"Parquet",0,0,0,0,"InMemoryFileIndex(1 paths)[s3a://goes-se-sandbox/data/warehouse/tablespace/external/hive/demo_pauldefusco.db/merchants_skewed]","IsNotNull(merchant_id), IsNotNull(merchant_category)","merchant_id:bigint,merchant_category:string","isnotnull(merchant_id#1696L), isnotnull(merchant_category#1699)","",false
1,57,104,"Parquet",0,0,0,0,"InMemoryFileIndex(1 paths)[s3a://goes-se-sandbox/data/warehouse/tablespace/external/hive/demo_pauldefusco.db/merchants_skewed]","IsNotNull(merchant_id), IsNotNull(merchant_category), IsNotNull(region)","merchant_id:bigint,region:string,merchant_category:string","isnotnull(merchant_id#70L), isnotnull(merchant_category#73), isnotnull(region#72)","",false
1,57,296,"Parquet",0,0,0,0,"InMemoryFileIndex(1 paths)[s3a://goes-se-sandbox/data/warehouse/tablespace/external/hive/demo_pauldefusco.db/merchants_skewed]","IsNotNull(merchant_id), IsNotNull(merchant_category), IsNotNull(region)","merchant_id:bigint,region:string,merchant_category:string","isnotnull(merchant_id#70L), isnotnull(merchant_category#73), isnotnull(region#72)","",false
1,57,82,"Parquet",0,0,0,0,"InMemoryFileIndex(1 paths)[s3a://goes-se-sandbox/data/warehouse/tablespace/external/hive/demo_pauldefusco.db/trs_v25]","IsNotNull(customer_id), IsNotNull(account_id), IsNotNull(merchant_id), IsNotNull(branch_id), IsNotNull(transaction_date)","customer_id:bigint,account_id:bigint,merchant_id:bigint,branch_id:bigint,transaction_date:date,transaction_amount:double","isnotnull(customer_id#1L), isnotnull(account_id#2L), isnotnull(merchant_id#3L), isnotnull(branch_id#4L), isnotnull(transaction_date#5)","",false
1,57,162,"Parquet",0,0,0,0,"InMemoryFileIndex(1 paths)[s3a://goes-se-sandbox/data/warehouse/tablespace/external/hive/demo_pauldefusco.db/trs_v25]","IsNotNull(customer_id), IsNotNull(account_id), IsNotNull(merchant_id), IsNotNull(branch_id), IsNotNull(transaction_date)","customer_id:bigint,account_id:bigint,merchant_id:bigint,branch_id:bigint,transaction_date:date,transaction_amount:double,fraud_flag:int","isnotnull(customer_id#1138L), isnotnull(account_id#1139L), isnotnull(merchant_id#1140L), isnotnull(branch_id#1141L), isnotnull(transaction_date#1142)","",false
1,57,244,"Parquet",0,0,0,0,"InMemoryFileIndex(1 paths)[s3a://goes-se-sandbox/data/warehouse/tablespace/external/hive/demo_pauldefusco.db/trs_v25]","IsNotNull(customer_id), IsNotNull(account_id), IsNotNull(merchant_id), IsNotNull(branch_id), IsNotNull(transaction_date)","customer_id:bigint,account_id:bigint,merchant_id:bigint,branch_id:bigint,transaction_date:date,transaction_amount:double,fraud_flag:int","isnotnull(customer_id#1138L), isnotnull(account_id#1139L), isnotnull(merchant_id#1140L), isnotnull(branch_id#1141L), isnotnull(transaction_date#1142)","",false
1,57,342,"Parquet",0,0,0,0,"InMemoryFileIndex(1 paths)[s3a://goes-se-sandbox/data/warehouse/tablespace/external/hive/demo_pauldefusco.db/trs_v25]","IsNotNull(customer_id), IsNotNull(account_id), IsNotNull(merchant_id), IsNotNull(branch_id), IsNotNull(transaction_date)","customer_id:bigint,account_id:bigint,merchant_id:bigint,branch_id:bigint,transaction_date:date,transaction_amount:double,fraud_flag:int","isnotnull(customer_id#1138L), isnotnull(account_id#1139L), isnotnull(merchant_id#1140L), isnotnull(branch_id#1141L), isnotnull(transaction_date#1142)","",false
1,58,179,"Parquet",0,0,0,0,"InMemoryFileIndex(1 paths)[s3a://goes-se-sandbox/data/warehouse/tablespace/external/hive/demo_pauldefusco.db/accounts_skewed]","IsNotNull(account_id)","account_id:bigint","isnotnull(account_id#1163L)","",false
1,58,99,"Parquet",0,0,0,0,"InMemoryFileIndex(1 paths)[s3a://goes-se-sandbox/data/warehouse/tablespace/external/hive/demo_pauldefusco.db/accounts_skewed]","IsNotNull(account_id), IsNotNull(account_type)","account_id:bigint,account_type:string","isnotnull(account_id#51L), isnotnull(account_type#52)","",false
1,58,195,"Parquet",0,0,0,0,"InMemoryFileIndex(1 paths)[s3a://goes-se-sandbox/data/warehouse/tablespace/external/hive/demo_pauldefusco.db/branches_skewed]","IsNotNull(branch_id)","branch_id:bigint","isnotnull(branch_id#1182L)","",false
1,58,115,"Parquet",0,0,0,0,"InMemoryFileIndex(1 paths)[s3a://goes-se-sandbox/data/warehouse/tablespace/external/hive/demo_pauldefusco.db/branches_skewed]","IsNotNull(branch_id), IsNotNull(state), IsNotNull(region)","branch_id:bigint,state:string,region:string","isnotnull(branch_id#90L), isnotnull(state#92), isnotnull(region#93)","",false
1,58,203,"Parquet",0,0,0,0,"InMemoryFileIndex(1 paths)[s3a://goes-se-sandbox/data/warehouse/tablespace/external/hive/demo_pauldefusco.db/calendar]","IsNotNull(calendar_date)","calendar_date:date","isnotnull(calendar_date#1193)","",false
1,58,428,"Parquet",0,0,0,0,"InMemoryFileIndex(1 paths)[s3a://goes-se-sandbox/data/warehouse/tablespace/external/hive/demo_pauldefusco.db/calendar]","IsNotNull(calendar_date), IsNotNull(year), IsNotNull(month)","calendar_date:date,year:int,month:int","isnotnull(calendar_date#1717), isnotnull(year#1719), isnotnull(month#1721)","",false
1,58,364,"Parquet",0,0,0,0,"InMemoryFileIndex(1 paths)[s3a://goes-se-sandbox/data/warehouse/tablespace/external/hive/demo_pauldefusco.db/calendar]","IsNotNull(calendar_date), IsNotNull(year), IsNotNull(quarter)","calendar_date:date,year:int,quarter:int","isnotnull(calendar_date#1587), isnotnull(year#1589), isnotnull(quarter#1590)","",false
1,58,123,"Parquet",0,0,0,0,"InMemoryFileIndex(1 paths)[s3a://goes-se-sandbox/data/warehouse/tablespace/external/hive/demo_pauldefusco.db/calendar]","IsNotNull(calendar_date), IsNotNull(year), IsNotNull(quarter), IsNotNull(month)","calendar_date:date,year:int,quarter:int,month:int","isnotnull(calendar_date#112), isnotnull(year#114), isnotnull(quarter#115), isnotnull(month#116)","",false
1,58,520,"Parquet",0,0,0,0,"InMemoryFileIndex(1 paths)[s3a://goes-se-sandbox/data/warehouse/tablespace/external/hive/demo_pauldefusco.db/customers_skewed]","IsNotNull(customer_id)","customer_id:bigint,credit_score:int","isnotnull(customer_id#1950L)","",false
1,58,92,"Parquet",0,0,0,0,"InMemoryFileIndex(1 paths)[s3a://goes-se-sandbox/data/warehouse/tablespace/external/hive/demo_pauldefusco.db/customers_skewed]","IsNotNull(customer_id), IsNotNull(customer_segment), IsNotNull(risk_rating)","customer_id:bigint,credit_score:int,customer_segment:string,risk_rating:string","isnotnull(customer_id#30L), isnotnull(customer_segment#37), isnotnull(risk_rating#39)","",false
1,58,407,"Parquet",0,0,0,0,"InMemoryFileIndex(1 paths)[s3a://goes-se-sandbox/data/warehouse/tablespace/external/hive/demo_pauldefusco.db/customers_skewed]","IsNotNull(customer_id), IsNotNull(customer_segment)","customer_id:bigint,customer_segment:string","isnotnull(customer_id#1676L), isnotnull(customer_segment#1683)","",false
1,58,172,"Parquet",0,0,0,0,"InMemoryFileIndex(1 paths)[s3a://goes-se-sandbox/data/warehouse/tablespace/external/hive/demo_pauldefusco.db/customers_skewed]","IsNotNull(customer_id), IsNotNull(customer_segment), IsNotNull(risk_rating)","customer_id:bigint,customer_segment:string,risk_rating:string","isnotnull(customer_id#1152L), isnotnull(customer_segment#1159), isnotnull(risk_rating#1161)","",false
1,58,187,"Parquet",0,0,0,0,"InMemoryFileIndex(1 paths)[s3a://goes-se-sandbox/data/warehouse/tablespace/external/hive/demo_pauldefusco.db/merchants_skewed]","IsNotNull(merchant_id)","merchant_id:bigint","isnotnull(merchant_id#1172L)","",false
1,58,417,"Parquet",0,0,0,0,"InMemoryFileIndex(1 paths)[s3a://goes-se-sandbox/data/warehouse/tablespace/external/hive/demo_pauldefusco.db/merchants_skewed]","IsNotNull(merchant_id), IsNotNull(merchant_category)","merchant_id:bigint,merchant_category:string","isnotnull(merchant_id#1696L), isnotnull(merchant_category#1699)","",false
1,58,107,"Parquet",0,0,0,0,"InMemoryFileIndex(1 paths)[s3a://goes-se-sandbox/data/warehouse/tablespace/external/hive/demo_pauldefusco.db/merchants_skewed]","IsNotNull(merchant_id), IsNotNull(merchant_category), IsNotNull(region)","merchant_id:bigint,region:string,merchant_category:string","isnotnull(merchant_id#70L), isnotnull(merchant_category#73), isnotnull(region#72)","",false
1,58,299,"Parquet",0,0,0,0,"InMemoryFileIndex(1 paths)[s3a://goes-se-sandbox/data/warehouse/tablespace/external/hive/demo_pauldefusco.db/merchants_skewed]","IsNotNull(merchant_id), IsNotNull(merchant_category), IsNotNull(region)","merchant_id:bigint,region:string,merchant_category:string","isnotnull(merchant_id#70L), isnotnull(merchant_category#73), isnotnull(region#72)","",false
1,58,85,"Parquet",0,0,0,0,"InMemoryFileIndex(1 paths)[s3a://goes-se-sandbox/data/warehouse/tablespace/external/hive/demo_pauldefusco.db/trs_v25]","IsNotNull(customer_id), IsNotNull(account_id), IsNotNull(merchant_id), IsNotNull(branch_id), IsNotNull(transaction_date)","customer_id:bigint,account_id:bigint,merchant_id:bigint,branch_id:bigint,transaction_date:date,transaction_amount:double","isnotnull(customer_id#1L), isnotnull(account_id#2L), isnotnull(merchant_id#3L), isnotnull(branch_id#4L), isnotnull(transaction_date#5)","",false
1,58,165,"Parquet",0,0,0,0,"InMemoryFileIndex(1 paths)[s3a://goes-se-sandbox/data/warehouse/tablespace/external/hive/demo_pauldefusco.db/trs_v25]","IsNotNull(customer_id), IsNotNull(account_id), IsNotNull(merchant_id), IsNotNull(branch_id), IsNotNull(transaction_date)","customer_id:bigint,account_id:bigint,merchant_id:bigint,branch_id:bigint,transaction_date:date,transaction_amount:double,fraud_flag:int","isnotnull(customer_id#1138L), isnotnull(account_id#1139L), isnotnull(merchant_id#1140L), isnotnull(branch_id#1141L), isnotnull(transaction_date#1142)","",false
1,58,247,"Parquet",0,0,0,0,"InMemoryFileIndex(1 paths)[s3a://goes-se-sandbox/data/warehouse/tablespace/external/hive/demo_pauldefusco.db/trs_v25]","IsNotNull(customer_id), IsNotNull(account_id), IsNotNull(merchant_id), IsNotNull(branch_id), IsNotNull(transaction_date)","customer_id:bigint,account_id:bigint,merchant_id:bigint,branch_id:bigint,transaction_date:date,transaction_amount:double,fraud_flag:int","isnotnull(customer_id#1138L), isnotnull(account_id#1139L), isnotnull(merchant_id#1140L), isnotnull(branch_id#1141L), isnotnull(transaction_date#1142)","",false
1,58,347,"Parquet",0,0,0,0,"InMemoryFileIndex(1 paths)[s3a://goes-se-sandbox/data/warehouse/tablespace/external/hive/demo_pauldefusco.db/trs_v25]","IsNotNull(customer_id), IsNotNull(account_id), IsNotNull(merchant_id), IsNotNull(branch_id), IsNotNull(transaction_date)","customer_id:bigint,account_id:bigint,merchant_id:bigint,branch_id:bigint,transaction_date:date,transaction_amount:double,fraud_flag:int","isnotnull(customer_id#1138L), isnotnull(account_id#1139L), isnotnull(merchant_id#1140L), isnotnull(branch_id#1141L), isnotnull(transaction_date#1142)","",false
1,59,179,"Parquet",0,0,0,0,"InMemoryFileIndex(1 paths)[s3a://goes-se-sandbox/data/warehouse/tablespace/external/hive/demo_pauldefusco.db/accounts_skewed]","IsNotNull(account_id)","account_id:bigint","isnotnull(account_id#1163L)","",false
1,59,99,"Parquet",0,0,0,0,"InMemoryFileIndex(1 paths)[s3a://goes-se-sandbox/data/warehouse/tablespace/external/hive/demo_pauldefusco.db/accounts_skewed]","IsNotNull(account_id), IsNotNull(account_type)","account_id:bigint,account_type:string","isnotnull(account_id#51L), isnotnull(account_type#52)","",false
1,59,195,"Parquet",0,0,0,0,"InMemoryFileIndex(1 paths)[s3a://goes-se-sandbox/data/warehouse/tablespace/external/hive/demo_pauldefusco.db/branches_skewed]","IsNotNull(branch_id)","branch_id:bigint","isnotnull(branch_id#1182L)","",false
1,59,115,"Parquet",0,0,0,0,"InMemoryFileIndex(1 paths)[s3a://goes-se-sandbox/data/warehouse/tablespace/external/hive/demo_pauldefusco.db/branches_skewed]","IsNotNull(branch_id), IsNotNull(state), IsNotNull(region)","branch_id:bigint,state:string,region:string","isnotnull(branch_id#90L), isnotnull(state#92), isnotnull(region#93)","",false
1,59,203,"Parquet",0,0,0,0,"InMemoryFileIndex(1 paths)[s3a://goes-se-sandbox/data/warehouse/tablespace/external/hive/demo_pauldefusco.db/calendar]","IsNotNull(calendar_date)","calendar_date:date","isnotnull(calendar_date#1193)","",false
1,59,428,"Parquet",0,0,0,0,"InMemoryFileIndex(1 paths)[s3a://goes-se-sandbox/data/warehouse/tablespace/external/hive/demo_pauldefusco.db/calendar]","IsNotNull(calendar_date), IsNotNull(year), IsNotNull(month)","calendar_date:date,year:int,month:int","isnotnull(calendar_date#1717), isnotnull(year#1719), isnotnull(month#1721)","",false
1,59,364,"Parquet",0,0,0,0,"InMemoryFileIndex(1 paths)[s3a://goes-se-sandbox/data/warehouse/tablespace/external/hive/demo_pauldefusco.db/calendar]","IsNotNull(calendar_date), IsNotNull(year), IsNotNull(quarter)","calendar_date:date,year:int,quarter:int","isnotnull(calendar_date#1587), isnotnull(year#1589), isnotnull(quarter#1590)","",false
1,59,123,"Parquet",0,0,0,0,"InMemoryFileIndex(1 paths)[s3a://goes-se-sandbox/data/warehouse/tablespace/external/hive/demo_pauldefusco.db/calendar]","IsNotNull(calendar_date), IsNotNull(year), IsNotNull(quarter), IsNotNull(month)","calendar_date:date,year:int,quarter:int,month:int","isnotnull(calendar_date#112), isnotnull(year#114), isnotnull(quarter#115), isnotnull(month#116)","",false
1,59,520,"Parquet",0,0,0,0,"InMemoryFileIndex(1 paths)[s3a://goes-se-sandbox/data/warehouse/tablespace/external/hive/demo_pauldefusco.db/customers_skewed]","IsNotNull(customer_id)","customer_id:bigint,credit_score:int","isnotnull(customer_id#1950L)","",false
1,59,92,"Parquet",0,0,0,0,"InMemoryFileIndex(1 paths)[s3a://goes-se-sandbox/data/warehouse/tablespace/external/hive/demo_pauldefusco.db/customers_skewed]","IsNotNull(customer_id), IsNotNull(customer_segment), IsNotNull(risk_rating)","customer_id:bigint,credit_score:int,customer_segment:string,risk_rating:string","isnotnull(customer_id#30L), isnotnull(customer_segment#37), isnotnull(risk_rating#39)","",false
1,59,407,"Parquet",0,0,0,0,"InMemoryFileIndex(1 paths)[s3a://goes-se-sandbox/data/warehouse/tablespace/external/hive/demo_pauldefusco.db/customers_skewed]","IsNotNull(customer_id), IsNotNull(customer_segment)","customer_id:bigint,customer_segment:string","isnotnull(customer_id#1676L), isnotnull(customer_segment#1683)","",false
1,59,172,"Parquet",0,0,0,0,"InMemoryFileIndex(1 paths)[s3a://goes-se-sandbox/data/warehouse/tablespace/external/hive/demo_pauldefusco.db/customers_skewed]","IsNotNull(customer_id), IsNotNull(customer_segment), IsNotNull(risk_rating)","customer_id:bigint,customer_segment:string,risk_rating:string","isnotnull(customer_id#1152L), isnotnull(customer_segment#1159), isnotnull(risk_rating#1161)","",false
1,59,187,"Parquet",0,0,0,0,"InMemoryFileIndex(1 paths)[s3a://goes-se-sandbox/data/warehouse/tablespace/external/hive/demo_pauldefusco.db/merchants_skewed]","IsNotNull(merchant_id)","merchant_id:bigint","isnotnull(merchant_id#1172L)","",false
1,59,417,"Parquet",0,0,0,0,"InMemoryFileIndex(1 paths)[s3a://goes-se-sandbox/data/warehouse/tablespace/external/hive/demo_pauldefusco.db/merchants_skewed]","IsNotNull(merchant_id), IsNotNull(merchant_category)","merchant_id:bigint,merchant_category:string","isnotnull(merchant_id#1696L), isnotnull(merchant_category#1699)","",false
1,59,107,"Parquet",0,0,0,0,"InMemoryFileIndex(1 paths)[s3a://goes-se-sandbox/data/warehouse/tablespace/external/hive/demo_pauldefusco.db/merchants_skewed]","IsNotNull(merchant_id), IsNotNull(merchant_category), IsNotNull(region)","merchant_id:bigint,region:string,merchant_category:string","isnotnull(merchant_id#70L), isnotnull(merchant_category#73), isnotnull(region#72)","",false
1,59,299,"Parquet",0,0,0,0,"InMemoryFileIndex(1 paths)[s3a://goes-se-sandbox/data/warehouse/tablespace/external/hive/demo_pauldefusco.db/merchants_skewed]","IsNotNull(merchant_id), IsNotNull(merchant_category), IsNotNull(region)","merchant_id:bigint,region:string,merchant_category:string","isnotnull(merchant_id#70L), isnotnull(merchant_category#73), isnotnull(region#72)","",false
1,59,85,"Parquet",0,0,0,0,"InMemoryFileIndex(1 paths)[s3a://goes-se-sandbox/data/warehouse/tablespace/external/hive/demo_pauldefusco.db/trs_v25]","IsNotNull(customer_id), IsNotNull(account_id), IsNotNull(merchant_id), IsNotNull(branch_id), IsNotNull(transaction_date)","customer_id:bigint,account_id:bigint,merchant_id:bigint,branch_id:bigint,transaction_date:date,transaction_amount:double","isnotnull(customer_id#1L), isnotnull(account_id#2L), isnotnull(merchant_id#3L), isnotnull(branch_id#4L), isnotnull(transaction_date#5)","",false
1,59,165,"Parquet",0,0,0,0,"InMemoryFileIndex(1 paths)[s3a://goes-se-sandbox/data/warehouse/tablespace/external/hive/demo_pauldefusco.db/trs_v25]","IsNotNull(customer_id), IsNotNull(account_id), IsNotNull(merchant_id), IsNotNull(branch_id), IsNotNull(transaction_date)","customer_id:bigint,account_id:bigint,merchant_id:bigint,branch_id:bigint,transaction_date:date,transaction_amount:double,fraud_flag:int","isnotnull(customer_id#1138L), isnotnull(account_id#1139L), isnotnull(merchant_id#1140L), isnotnull(branch_id#1141L), isnotnull(transaction_date#1142)","",false
1,59,247,"Parquet",0,0,0,0,"InMemoryFileIndex(1 paths)[s3a://goes-se-sandbox/data/warehouse/tablespace/external/hive/demo_pauldefusco.db/trs_v25]","IsNotNull(customer_id), IsNotNull(account_id), IsNotNull(merchant_id), IsNotNull(branch_id), IsNotNull(transaction_date)","customer_id:bigint,account_id:bigint,merchant_id:bigint,branch_id:bigint,transaction_date:date,transaction_amount:double,fraud_flag:int","isnotnull(customer_id#1138L), isnotnull(account_id#1139L), isnotnull(merchant_id#1140L), isnotnull(branch_id#1141L), isnotnull(transaction_date#1142)","",false
1,59,347,"Parquet",0,0,0,0,"InMemoryFileIndex(1 paths)[s3a://goes-se-sandbox/data/warehouse/tablespace/external/hive/demo_pauldefusco.db/trs_v25]","IsNotNull(customer_id), IsNotNull(account_id), IsNotNull(merchant_id), IsNotNull(branch_id), IsNotNull(transaction_date)","customer_id:bigint,account_id:bigint,merchant_id:bigint,branch_id:bigint,transaction_date:date,transaction_amount:double,fraud_flag:int","isnotnull(customer_id#1138L), isnotnull(account_id#1139L), isnotnull(merchant_id#1140L), isnotnull(branch_id#1141L), isnotnull(transaction_date#1142)","",false
1,60,179,"Parquet",0,0,0,0,"InMemoryFileIndex(1 paths)[s3a://goes-se-sandbox/data/warehouse/tablespace/external/hive/demo_pauldefusco.db/accounts_skewed]","IsNotNull(account_id)","account_id:bigint","isnotnull(account_id#1163L)","",false
1,60,99,"Parquet",0,0,0,0,"InMemoryFileIndex(1 paths)[s3a://goes-se-sandbox/data/warehouse/tablespace/external/hive/demo_pauldefusco.db/accounts_skewed]","IsNotNull(account_id), IsNotNull(account_type)","account_id:bigint,account_type:string","isnotnull(account_id#51L), isnotnull(account_type#52)","",false
1,60,195,"Parquet",0,0,0,0,"InMemoryFileIndex(1 paths)[s3a://goes-se-sandbox/data/warehouse/tablespace/external/hive/demo_pauldefusco.db/branches_skewed]","IsNotNull(branch_id)","branch_id:bigint","isnotnull(branch_id#1182L)","",false
1,60,115,"Parquet",0,0,0,0,"InMemoryFileIndex(1 paths)[s3a://goes-se-sandbox/data/warehouse/tablespace/external/hive/demo_pauldefusco.db/branches_skewed]","IsNotNull(branch_id), IsNotNull(state), IsNotNull(region)","branch_id:bigint,state:string,region:string","isnotnull(branch_id#90L), isnotnull(state#92), isnotnull(region#93)","",false
1,60,203,"Parquet",0,0,0,0,"InMemoryFileIndex(1 paths)[s3a://goes-se-sandbox/data/warehouse/tablespace/external/hive/demo_pauldefusco.db/calendar]","IsNotNull(calendar_date)","calendar_date:date","isnotnull(calendar_date#1193)","",false
1,60,428,"Parquet",0,0,0,0,"InMemoryFileIndex(1 paths)[s3a://goes-se-sandbox/data/warehouse/tablespace/external/hive/demo_pauldefusco.db/calendar]","IsNotNull(calendar_date), IsNotNull(year), IsNotNull(month)","calendar_date:date,year:int,month:int","isnotnull(calendar_date#1717), isnotnull(year#1719), isnotnull(month#1721)","",false
1,60,364,"Parquet",0,0,0,0,"InMemoryFileIndex(1 paths)[s3a://goes-se-sandbox/data/warehouse/tablespace/external/hive/demo_pauldefusco.db/calendar]","IsNotNull(calendar_date), IsNotNull(year), IsNotNull(quarter)","calendar_date:date,year:int,quarter:int","isnotnull(calendar_date#1587), isnotnull(year#1589), isnotnull(quarter#1590)","",false
1,60,123,"Parquet",0,0,0,0,"InMemoryFileIndex(1 paths)[s3a://goes-se-sandbox/data/warehouse/tablespace/external/hive/demo_pauldefusco.db/calendar]","IsNotNull(calendar_date), IsNotNull(year), IsNotNull(quarter), IsNotNull(month)","calendar_date:date,year:int,quarter:int,month:int","isnotnull(calendar_date#112), isnotnull(year#114), isnotnull(quarter#115), isnotnull(month#116)","",false
1,60,520,"Parquet",0,0,0,0,"InMemoryFileIndex(1 paths)[s3a://goes-se-sandbox/data/warehouse/tablespace/external/hive/demo_pauldefusco.db/customers_skewed]","IsNotNull(customer_id)","customer_id:bigint,credit_score:int","isnotnull(customer_id#1950L)","",false
1,60,92,"Parquet",0,0,0,0,"InMemoryFileIndex(1 paths)[s3a://goes-se-sandbox/data/warehouse/tablespace/external/hive/demo_pauldefusco.db/customers_skewed]","IsNotNull(customer_id), IsNotNull(customer_segment), IsNotNull(risk_rating)","customer_id:bigint,credit_score:int,customer_segment:string,risk_rating:string","isnotnull(customer_id#30L), isnotnull(customer_segment#37), isnotnull(risk_rating#39)","",false
1,60,407,"Parquet",0,0,0,0,"InMemoryFileIndex(1 paths)[s3a://goes-se-sandbox/data/warehouse/tablespace/external/hive/demo_pauldefusco.db/customers_skewed]","IsNotNull(customer_id), IsNotNull(customer_segment)","customer_id:bigint,customer_segment:string","isnotnull(customer_id#1676L), isnotnull(customer_segment#1683)","",false
1,60,172,"Parquet",0,0,0,0,"InMemoryFileIndex(1 paths)[s3a://goes-se-sandbox/data/warehouse/tablespace/external/hive/demo_pauldefusco.db/customers_skewed]","IsNotNull(customer_id), IsNotNull(customer_segment), IsNotNull(risk_rating)","customer_id:bigint,customer_segment:string,risk_rating:string","isnotnull(customer_id#1152L), isnotnull(customer_segment#1159), isnotnull(risk_rating#1161)","",false
1,60,187,"Parquet",0,0,0,0,"InMemoryFileIndex(1 paths)[s3a://goes-se-sandbox/data/warehouse/tablespace/external/hive/demo_pauldefusco.db/merchants_skewed]","IsNotNull(merchant_id)","merchant_id:bigint","isnotnull(merchant_id#1172L)","",false
1,60,417,"Parquet",0,0,0,0,"InMemoryFileIndex(1 paths)[s3a://goes-se-sandbox/data/warehouse/tablespace/external/hive/demo_pauldefusco.db/merchants_skewed]","IsNotNull(merchant_id), IsNotNull(merchant_category)","merchant_id:bigint,merchant_category:string","isnotnull(merchant_id#1696L), isnotnull(merchant_category#1699)","",false
1,60,107,"Parquet",0,0,0,0,"InMemoryFileIndex(1 paths)[s3a://goes-se-sandbox/data/warehouse/tablespace/external/hive/demo_pauldefusco.db/merchants_skewed]","IsNotNull(merchant_id), IsNotNull(merchant_category), IsNotNull(region)","merchant_id:bigint,region:string,merchant_category:string","isnotnull(merchant_id#70L), isnotnull(merchant_category#73), isnotnull(region#72)","",false
1,60,299,"Parquet",0,0,0,0,"InMemoryFileIndex(1 paths)[s3a://goes-se-sandbox/data/warehouse/tablespace/external/hive/demo_pauldefusco.db/merchants_skewed]","IsNotNull(merchant_id), IsNotNull(merchant_category), IsNotNull(region)","merchant_id:bigint,region:string,merchant_category:string","isnotnull(merchant_id#70L), isnotnull(merchant_category#73), isnotnull(region#72)","",false
1,60,85,"Parquet",0,0,0,0,"InMemoryFileIndex(1 paths)[s3a://goes-se-sandbox/data/warehouse/tablespace/external/hive/demo_pauldefusco.db/trs_v25]","IsNotNull(customer_id), IsNotNull(account_id), IsNotNull(merchant_id), IsNotNull(branch_id), IsNotNull(transaction_date)","customer_id:bigint,account_id:bigint,merchant_id:bigint,branch_id:bigint,transaction_date:date,transaction_amount:double","isnotnull(customer_id#1L), isnotnull(account_id#2L), isnotnull(merchant_id#3L), isnotnull(branch_id#4L), isnotnull(transaction_date#5)","",false
1,60,165,"Parquet",0,0,0,0,"InMemoryFileIndex(1 paths)[s3a://goes-se-sandbox/data/warehouse/tablespace/external/hive/demo_pauldefusco.db/trs_v25]","IsNotNull(customer_id), IsNotNull(account_id), IsNotNull(merchant_id), IsNotNull(branch_id), IsNotNull(transaction_date)","customer_id:bigint,account_id:bigint,merchant_id:bigint,branch_id:bigint,transaction_date:date,transaction_amount:double,fraud_flag:int","isnotnull(customer_id#1138L), isnotnull(account_id#1139L), isnotnull(merchant_id#1140L), isnotnull(branch_id#1141L), isnotnull(transaction_date#1142)","",false
1,60,247,"Parquet",0,0,0,0,"InMemoryFileIndex(1 paths)[s3a://goes-se-sandbox/data/warehouse/tablespace/external/hive/demo_pauldefusco.db/trs_v25]","IsNotNull(customer_id), IsNotNull(account_id), IsNotNull(merchant_id), IsNotNull(branch_id), IsNotNull(transaction_date)","customer_id:bigint,account_id:bigint,merchant_id:bigint,branch_id:bigint,transaction_date:date,transaction_amount:double,fraud_flag:int","isnotnull(customer_id#1138L), isnotnull(account_id#1139L), isnotnull(merchant_id#1140L), isnotnull(branch_id#1141L), isnotnull(transaction_date#1142)","",false
1,60,347,"Parquet",0,0,0,0,"InMemoryFileIndex(1 paths)[s3a://goes-se-sandbox/data/warehouse/tablespace/external/hive/demo_pauldefusco.db/trs_v25]","IsNotNull(customer_id), IsNotNull(account_id), IsNotNull(merchant_id), IsNotNull(branch_id), IsNotNull(transaction_date)","customer_id:bigint,account_id:bigint,merchant_id:bigint,branch_id:bigint,transaction_date:date,transaction_amount:double,fraud_flag:int","isnotnull(customer_id#1138L), isnotnull(account_id#1139L), isnotnull(merchant_id#1140L), isnotnull(branch_id#1141L), isnotnull(transaction_date#1142)","",false
1,61,182,"Parquet",0,0,0,0,"InMemoryFileIndex(1 paths)[s3a://goes-se-sandbox/data/warehouse/tablespace/external/hive/demo_pauldefusco.db/accounts_skewed]","IsNotNull(account_id)","account_id:bigint","isnotnull(account_id#1163L)","",false
1,61,102,"Parquet",0,0,0,0,"InMemoryFileIndex(1 paths)[s3a://goes-se-sandbox/data/warehouse/tablespace/external/hive/demo_pauldefusco.db/accounts_skewed]","IsNotNull(account_id), IsNotNull(account_type)","account_id:bigint,account_type:string","isnotnull(account_id#51L), isnotnull(account_type#52)","",false
1,61,198,"Parquet",0,0,0,0,"InMemoryFileIndex(1 paths)[s3a://goes-se-sandbox/data/warehouse/tablespace/external/hive/demo_pauldefusco.db/branches_skewed]","IsNotNull(branch_id)","branch_id:bigint","isnotnull(branch_id#1182L)","",false
1,61,118,"Parquet",0,0,0,0,"InMemoryFileIndex(1 paths)[s3a://goes-se-sandbox/data/warehouse/tablespace/external/hive/demo_pauldefusco.db/branches_skewed]","IsNotNull(branch_id), IsNotNull(state), IsNotNull(region)","branch_id:bigint,state:string,region:string","isnotnull(branch_id#90L), isnotnull(state#92), isnotnull(region#93)","",false
1,61,206,"Parquet",0,0,0,0,"InMemoryFileIndex(1 paths)[s3a://goes-se-sandbox/data/warehouse/tablespace/external/hive/demo_pauldefusco.db/calendar]","IsNotNull(calendar_date)","calendar_date:date","isnotnull(calendar_date#1193)","",false
1,61,433,"Parquet",0,0,0,0,"InMemoryFileIndex(1 paths)[s3a://goes-se-sandbox/data/warehouse/tablespace/external/hive/demo_pauldefusco.db/calendar]","IsNotNull(calendar_date), IsNotNull(year), IsNotNull(month)","calendar_date:date,year:int,month:int","isnotnull(calendar_date#1717), isnotnull(year#1719), isnotnull(month#1721)","",false
1,61,367,"Parquet",0,0,0,0,"InMemoryFileIndex(1 paths)[s3a://goes-se-sandbox/data/warehouse/tablespace/external/hive/demo_pauldefusco.db/calendar]","IsNotNull(calendar_date), IsNotNull(year), IsNotNull(quarter)","calendar_date:date,year:int,quarter:int","isnotnull(calendar_date#1587), isnotnull(year#1589), isnotnull(quarter#1590)","",false
1,61,126,"Parquet",0,0,0,0,"InMemoryFileIndex(1 paths)[s3a://goes-se-sandbox/data/warehouse/tablespace/external/hive/demo_pauldefusco.db/calendar]","IsNotNull(calendar_date), IsNotNull(year), IsNotNull(quarter), IsNotNull(month)","calendar_date:date,year:int,quarter:int,month:int","isnotnull(calendar_date#112), isnotnull(year#114), isnotnull(quarter#115), isnotnull(month#116)","",false
1,61,525,"Parquet",0,0,0,0,"InMemoryFileIndex(1 paths)[s3a://goes-se-sandbox/data/warehouse/tablespace/external/hive/demo_pauldefusco.db/customers_skewed]","IsNotNull(customer_id)","customer_id:bigint,credit_score:int","isnotnull(customer_id#1950L)","",false
1,61,95,"Parquet",0,0,0,0,"InMemoryFileIndex(1 paths)[s3a://goes-se-sandbox/data/warehouse/tablespace/external/hive/demo_pauldefusco.db/customers_skewed]","IsNotNull(customer_id), IsNotNull(customer_segment), IsNotNull(risk_rating)","customer_id:bigint,credit_score:int,customer_segment:string,risk_rating:string","isnotnull(customer_id#30L), isnotnull(customer_segment#37), isnotnull(risk_rating#39)","",false
1,61,412,"Parquet",0,0,0,0,"InMemoryFileIndex(1 paths)[s3a://goes-se-sandbox/data/warehouse/tablespace/external/hive/demo_pauldefusco.db/customers_skewed]","IsNotNull(customer_id), IsNotNull(customer_segment)","customer_id:bigint,customer_segment:string","isnotnull(customer_id#1676L), isnotnull(customer_segment#1683)","",false
1,61,175,"Parquet",0,0,0,0,"InMemoryFileIndex(1 paths)[s3a://goes-se-sandbox/data/warehouse/tablespace/external/hive/demo_pauldefusco.db/customers_skewed]","IsNotNull(customer_id), IsNotNull(customer_segment), IsNotNull(risk_rating)","customer_id:bigint,customer_segment:string,risk_rating:string","isnotnull(customer_id#1152L), isnotnull(customer_segment#1159), isnotnull(risk_rating#1161)","",false
1,61,190,"Parquet",0,0,0,0,"InMemoryFileIndex(1 paths)[s3a://goes-se-sandbox/data/warehouse/tablespace/external/hive/demo_pauldefusco.db/merchants_skewed]","IsNotNull(merchant_id)","merchant_id:bigint","isnotnull(merchant_id#1172L)","",false
1,61,422,"Parquet",0,0,0,0,"InMemoryFileIndex(1 paths)[s3a://goes-se-sandbox/data/warehouse/tablespace/external/hive/demo_pauldefusco.db/merchants_skewed]","IsNotNull(merchant_id), IsNotNull(merchant_category)","merchant_id:bigint,merchant_category:string","isnotnull(merchant_id#1696L), isnotnull(merchant_category#1699)","",false
1,61,110,"Parquet",0,0,0,0,"InMemoryFileIndex(1 paths)[s3a://goes-se-sandbox/data/warehouse/tablespace/external/hive/demo_pauldefusco.db/merchants_skewed]","IsNotNull(merchant_id), IsNotNull(merchant_category), IsNotNull(region)","merchant_id:bigint,region:string,merchant_category:string","isnotnull(merchant_id#70L), isnotnull(merchant_category#73), isnotnull(region#72)","",false
1,61,302,"Parquet",0,0,0,0,"InMemoryFileIndex(1 paths)[s3a://goes-se-sandbox/data/warehouse/tablespace/external/hive/demo_pauldefusco.db/merchants_skewed]","IsNotNull(merchant_id), IsNotNull(merchant_category), IsNotNull(region)","merchant_id:bigint,region:string,merchant_category:string","isnotnull(merchant_id#70L), isnotnull(merchant_category#73), isnotnull(region#72)","",false
1,61,88,"Parquet",0,0,0,0,"InMemoryFileIndex(1 paths)[s3a://goes-se-sandbox/data/warehouse/tablespace/external/hive/demo_pauldefusco.db/trs_v25]","IsNotNull(customer_id), IsNotNull(account_id), IsNotNull(merchant_id), IsNotNull(branch_id), IsNotNull(transaction_date)","customer_id:bigint,account_id:bigint,merchant_id:bigint,branch_id:bigint,transaction_date:date,transaction_amount:double","isnotnull(customer_id#1L), isnotnull(account_id#2L), isnotnull(merchant_id#3L), isnotnull(branch_id#4L), isnotnull(transaction_date#5)","",false
1,61,168,"Parquet",0,0,0,0,"InMemoryFileIndex(1 paths)[s3a://goes-se-sandbox/data/warehouse/tablespace/external/hive/demo_pauldefusco.db/trs_v25]","IsNotNull(customer_id), IsNotNull(account_id), IsNotNull(merchant_id), IsNotNull(branch_id), IsNotNull(transaction_date)","customer_id:bigint,account_id:bigint,merchant_id:bigint,branch_id:bigint,transaction_date:date,transaction_amount:double,fraud_flag:int","isnotnull(customer_id#1138L), isnotnull(account_id#1139L), isnotnull(merchant_id#1140L), isnotnull(branch_id#1141L), isnotnull(transaction_date#1142)","",false
1,61,250,"Parquet",0,0,0,0,"InMemoryFileIndex(1 paths)[s3a://goes-se-sandbox/data/warehouse/tablespace/external/hive/demo_pauldefusco.db/trs_v25]","IsNotNull(customer_id), IsNotNull(account_id), IsNotNull(merchant_id), IsNotNull(branch_id), IsNotNull(transaction_date)","customer_id:bigint,account_id:bigint,merchant_id:bigint,branch_id:bigint,transaction_date:date,transaction_amount:double,fraud_flag:int","isnotnull(customer_id#1138L), isnotnull(account_id#1139L), isnotnull(merchant_id#1140L), isnotnull(branch_id#1141L), isnotnull(transaction_date#1142)","",false
1,61,350,"Parquet",0,0,0,0,"InMemoryFileIndex(1 paths)[s3a://goes-se-sandbox/data/warehouse/tablespace/external/hive/demo_pauldefusco.db/trs_v25]","IsNotNull(customer_id), IsNotNull(account_id), IsNotNull(merchant_id), IsNotNull(branch_id), IsNotNull(transaction_date)","customer_id:bigint,account_id:bigint,merchant_id:bigint,branch_id:bigint,transaction_date:date,transaction_amount:double,fraud_flag:int","isnotnull(customer_id#1138L), isnotnull(account_id#1139L), isnotnull(merchant_id#1140L), isnotnull(branch_id#1141L), isnotnull(transaction_date#1142)","",false
1,62,182,"Parquet",0,0,0,0,"InMemoryFileIndex(1 paths)[s3a://goes-se-sandbox/data/warehouse/tablespace/external/hive/demo_pauldefusco.db/accounts_skewed]","IsNotNull(account_id)","account_id:bigint","isnotnull(account_id#1163L)","",false
1,62,102,"Parquet",0,0,0,0,"InMemoryFileIndex(1 paths)[s3a://goes-se-sandbox/data/warehouse/tablespace/external/hive/demo_pauldefusco.db/accounts_skewed]","IsNotNull(account_id), IsNotNull(account_type)","account_id:bigint,account_type:string","isnotnull(account_id#51L), isnotnull(account_type#52)","",false
1,62,198,"Parquet",0,0,0,0,"InMemoryFileIndex(1 paths)[s3a://goes-se-sandbox/data/warehouse/tablespace/external/hive/demo_pauldefusco.db/branches_skewed]","IsNotNull(branch_id)","branch_id:bigint","isnotnull(branch_id#1182L)","",false
1,62,118,"Parquet",0,0,0,0,"InMemoryFileIndex(1 paths)[s3a://goes-se-sandbox/data/warehouse/tablespace/external/hive/demo_pauldefusco.db/branches_skewed]","IsNotNull(branch_id), IsNotNull(state), IsNotNull(region)","branch_id:bigint,state:string,region:string","isnotnull(branch_id#90L), isnotnull(state#92), isnotnull(region#93)","",false
1,62,206,"Parquet",0,0,0,0,"InMemoryFileIndex(1 paths)[s3a://goes-se-sandbox/data/warehouse/tablespace/external/hive/demo_pauldefusco.db/calendar]","IsNotNull(calendar_date)","calendar_date:date","isnotnull(calendar_date#1193)","",false
1,62,433,"Parquet",0,0,0,0,"InMemoryFileIndex(1 paths)[s3a://goes-se-sandbox/data/warehouse/tablespace/external/hive/demo_pauldefusco.db/calendar]","IsNotNull(calendar_date), IsNotNull(year), IsNotNull(month)","calendar_date:date,year:int,month:int","isnotnull(calendar_date#1717), isnotnull(year#1719), isnotnull(month#1721)","",false
1,62,367,"Parquet",0,0,0,0,"InMemoryFileIndex(1 paths)[s3a://goes-se-sandbox/data/warehouse/tablespace/external/hive/demo_pauldefusco.db/calendar]","IsNotNull(calendar_date), IsNotNull(year), IsNotNull(quarter)","calendar_date:date,year:int,quarter:int","isnotnull(calendar_date#1587), isnotnull(year#1589), isnotnull(quarter#1590)","",false
1,62,126,"Parquet",0,0,0,0,"InMemoryFileIndex(1 paths)[s3a://goes-se-sandbox/data/warehouse/tablespace/external/hive/demo_pauldefusco.db/calendar]","IsNotNull(calendar_date), IsNotNull(year), IsNotNull(quarter), IsNotNull(month)","calendar_date:date,year:int,quarter:int,month:int","isnotnull(calendar_date#112), isnotnull(year#114), isnotnull(quarter#115), isnotnull(month#116)","",false
1,62,525,"Parquet",0,0,0,0,"InMemoryFileIndex(1 paths)[s3a://goes-se-sandbox/data/warehouse/tablespace/external/hive/demo_pauldefusco.db/customers_skewed]","IsNotNull(customer_id)","customer_id:bigint,credit_score:int","isnotnull(customer_id#1950L)","",false
1,62,95,"Parquet",0,0,0,0,"InMemoryFileIndex(1 paths)[s3a://goes-se-sandbox/data/warehouse/tablespace/external/hive/demo_pauldefusco.db/customers_skewed]","IsNotNull(customer_id), IsNotNull(customer_segment), IsNotNull(risk_rating)","customer_id:bigint,credit_score:int,customer_segment:string,risk_rating:string","isnotnull(customer_id#30L), isnotnull(customer_segment#37), isnotnull(risk_rating#39)","",false
1,62,412,"Parquet",0,0,0,0,"InMemoryFileIndex(1 paths)[s3a://goes-se-sandbox/data/warehouse/tablespace/external/hive/demo_pauldefusco.db/customers_skewed]","IsNotNull(customer_id), IsNotNull(customer_segment)","customer_id:bigint,customer_segment:string","isnotnull(customer_id#1676L), isnotnull(customer_segment#1683)","",false
1,62,175,"Parquet",0,0,0,0,"InMemoryFileIndex(1 paths)[s3a://goes-se-sandbox/data/warehouse/tablespace/external/hive/demo_pauldefusco.db/customers_skewed]","IsNotNull(customer_id), IsNotNull(customer_segment), IsNotNull(risk_rating)","customer_id:bigint,customer_segment:string,risk_rating:string","isnotnull(customer_id#1152L), isnotnull(customer_segment#1159), isnotnull(risk_rating#1161)","",false
1,62,190,"Parquet",0,0,0,0,"InMemoryFileIndex(1 paths)[s3a://goes-se-sandbox/data/warehouse/tablespace/external/hive/demo_pauldefusco.db/merchants_skewed]","IsNotNull(merchant_id)","merchant_id:bigint","isnotnull(merchant_id#1172L)","",false
1,62,422,"Parquet",0,0,0,0,"InMemoryFileIndex(1 paths)[s3a://goes-se-sandbox/data/warehouse/tablespace/external/hive/demo_pauldefusco.db/merchants_skewed]","IsNotNull(merchant_id), IsNotNull(merchant_category)","merchant_id:bigint,merchant_category:string","isnotnull(merchant_id#1696L), isnotnull(merchant_category#1699)","",false
1,62,110,"Parquet",0,0,0,0,"InMemoryFileIndex(1 paths)[s3a://goes-se-sandbox/data/warehouse/tablespace/external/hive/demo_pauldefusco.db/merchants_skewed]","IsNotNull(merchant_id), IsNotNull(merchant_category), IsNotNull(region)","merchant_id:bigint,region:string,merchant_category:string","isnotnull(merchant_id#70L), isnotnull(merchant_category#73), isnotnull(region#72)","",false
1,62,302,"Parquet",0,0,0,0,"InMemoryFileIndex(1 paths)[s3a://goes-se-sandbox/data/warehouse/tablespace/external/hive/demo_pauldefusco.db/merchants_skewed]","IsNotNull(merchant_id), IsNotNull(merchant_category), IsNotNull(region)","merchant_id:bigint,region:string,merchant_category:string","isnotnull(merchant_id#70L), isnotnull(merchant_category#73), isnotnull(region#72)","",false
1,62,88,"Parquet",0,0,0,0,"InMemoryFileIndex(1 paths)[s3a://goes-se-sandbox/data/warehouse/tablespace/external/hive/demo_pauldefusco.db/trs_v25]","IsNotNull(customer_id), IsNotNull(account_id), IsNotNull(merchant_id), IsNotNull(branch_id), IsNotNull(transaction_date)","customer_id:bigint,account_id:bigint,merchant_id:bigint,branch_id:bigint,transaction_date:date,transaction_amount:double","isnotnull(customer_id#1L), isnotnull(account_id#2L), isnotnull(merchant_id#3L), isnotnull(branch_id#4L), isnotnull(transaction_date#5)","",false
1,62,168,"Parquet",0,0,0,0,"InMemoryFileIndex(1 paths)[s3a://goes-se-sandbox/data/warehouse/tablespace/external/hive/demo_pauldefusco.db/trs_v25]","IsNotNull(customer_id), IsNotNull(account_id), IsNotNull(merchant_id), IsNotNull(branch_id), IsNotNull(transaction_date)","customer_id:bigint,account_id:bigint,merchant_id:bigint,branch_id:bigint,transaction_date:date,transaction_amount:double,fraud_flag:int","isnotnull(customer_id#1138L), isnotnull(account_id#1139L), isnotnull(merchant_id#1140L), isnotnull(branch_id#1141L), isnotnull(transaction_date#1142)","",false
1,62,250,"Parquet",0,0,0,0,"InMemoryFileIndex(1 paths)[s3a://goes-se-sandbox/data/warehouse/tablespace/external/hive/demo_pauldefusco.db/trs_v25]","IsNotNull(customer_id), IsNotNull(account_id), IsNotNull(merchant_id), IsNotNull(branch_id), IsNotNull(transaction_date)","customer_id:bigint,account_id:bigint,merchant_id:bigint,branch_id:bigint,transaction_date:date,transaction_amount:double,fraud_flag:int","isnotnull(customer_id#1138L), isnotnull(account_id#1139L), isnotnull(merchant_id#1140L), isnotnull(branch_id#1141L), isnotnull(transaction_date#1142)","",false
1,62,350,"Parquet",0,0,0,0,"InMemoryFileIndex(1 paths)[s3a://goes-se-sandbox/data/warehouse/tablespace/external/hive/demo_pauldefusco.db/trs_v25]","IsNotNull(customer_id), IsNotNull(account_id), IsNotNull(merchant_id), IsNotNull(branch_id), IsNotNull(transaction_date)","customer_id:bigint,account_id:bigint,merchant_id:bigint,branch_id:bigint,transaction_date:date,transaction_amount:double,fraud_flag:int","isnotnull(customer_id#1138L), isnotnull(account_id#1139L), isnotnull(merchant_id#1140L), isnotnull(branch_id#1141L), isnotnull(transaction_date#1142)","",false
1,63,182,"Parquet",0,0,0,0,"InMemoryFileIndex(1 paths)[s3a://goes-se-sandbox/data/warehouse/tablespace/external/hive/demo_pauldefusco.db/accounts_skewed]","IsNotNull(account_id)","account_id:bigint","isnotnull(account_id#1163L)","",false
1,63,102,"Parquet",0,0,0,0,"InMemoryFileIndex(1 paths)[s3a://goes-se-sandbox/data/warehouse/tablespace/external/hive/demo_pauldefusco.db/accounts_skewed]","IsNotNull(account_id), IsNotNull(account_type)","account_id:bigint,account_type:string","isnotnull(account_id#51L), isnotnull(account_type#52)","",false
1,63,198,"Parquet",0,0,0,0,"InMemoryFileIndex(1 paths)[s3a://goes-se-sandbox/data/warehouse/tablespace/external/hive/demo_pauldefusco.db/branches_skewed]","IsNotNull(branch_id)","branch_id:bigint","isnotnull(branch_id#1182L)","",false
1,63,118,"Parquet",0,0,0,0,"InMemoryFileIndex(1 paths)[s3a://goes-se-sandbox/data/warehouse/tablespace/external/hive/demo_pauldefusco.db/branches_skewed]","IsNotNull(branch_id), IsNotNull(state), IsNotNull(region)","branch_id:bigint,state:string,region:string","isnotnull(branch_id#90L), isnotnull(state#92), isnotnull(region#93)","",false
1,63,206,"Parquet",0,0,0,0,"InMemoryFileIndex(1 paths)[s3a://goes-se-sandbox/data/warehouse/tablespace/external/hive/demo_pauldefusco.db/calendar]","IsNotNull(calendar_date)","calendar_date:date","isnotnull(calendar_date#1193)","",false
1,63,433,"Parquet",0,0,0,0,"InMemoryFileIndex(1 paths)[s3a://goes-se-sandbox/data/warehouse/tablespace/external/hive/demo_pauldefusco.db/calendar]","IsNotNull(calendar_date), IsNotNull(year), IsNotNull(month)","calendar_date:date,year:int,month:int","isnotnull(calendar_date#1717), isnotnull(year#1719), isnotnull(month#1721)","",false
1,63,367,"Parquet",0,0,0,0,"InMemoryFileIndex(1 paths)[s3a://goes-se-sandbox/data/warehouse/tablespace/external/hive/demo_pauldefusco.db/calendar]","IsNotNull(calendar_date), IsNotNull(year), IsNotNull(quarter)","calendar_date:date,year:int,quarter:int","isnotnull(calendar_date#1587), isnotnull(year#1589), isnotnull(quarter#1590)","",false
1,63,126,"Parquet",0,0,0,0,"InMemoryFileIndex(1 paths)[s3a://goes-se-sandbox/data/warehouse/tablespace/external/hive/demo_pauldefusco.db/calendar]","IsNotNull(calendar_date), IsNotNull(year), IsNotNull(quarter), IsNotNull(month)","calendar_date:date,year:int,quarter:int,month:int","isnotnull(calendar_date#112), isnotnull(year#114), isnotnull(quarter#115), isnotnull(month#116)","",false
1,63,525,"Parquet",0,0,0,0,"InMemoryFileIndex(1 paths)[s3a://goes-se-sandbox/data/warehouse/tablespace/external/hive/demo_pauldefusco.db/customers_skewed]","IsNotNull(customer_id)","customer_id:bigint,credit_score:int","isnotnull(customer_id#1950L)","",false
1,63,95,"Parquet",0,0,0,0,"InMemoryFileIndex(1 paths)[s3a://goes-se-sandbox/data/warehouse/tablespace/external/hive/demo_pauldefusco.db/customers_skewed]","IsNotNull(customer_id), IsNotNull(customer_segment), IsNotNull(risk_rating)","customer_id:bigint,credit_score:int,customer_segment:string,risk_rating:string","isnotnull(customer_id#30L), isnotnull(customer_segment#37), isnotnull(risk_rating#39)","",false
1,63,412,"Parquet",0,0,0,0,"InMemoryFileIndex(1 paths)[s3a://goes-se-sandbox/data/warehouse/tablespace/external/hive/demo_pauldefusco.db/customers_skewed]","IsNotNull(customer_id), IsNotNull(customer_segment)","customer_id:bigint,customer_segment:string","isnotnull(customer_id#1676L), isnotnull(customer_segment#1683)","",false
1,63,175,"Parquet",0,0,0,0,"InMemoryFileIndex(1 paths)[s3a://goes-se-sandbox/data/warehouse/tablespace/external/hive/demo_pauldefusco.db/customers_skewed]","IsNotNull(customer_id), IsNotNull(customer_segment), IsNotNull(risk_rating)","customer_id:bigint,customer_segment:string,risk_rating:string","isnotnull(customer_id#1152L), isnotnull(customer_segment#1159), isnotnull(risk_rating#1161)","",false
1,63,190,"Parquet",0,0,0,0,"InMemoryFileIndex(1 paths)[s3a://goes-se-sandbox/data/warehouse/tablespace/external/hive/demo_pauldefusco.db/merchants_skewed]","IsNotNull(merchant_id)","merchant_id:bigint","isnotnull(merchant_id#1172L)","",false
1,63,422,"Parquet",0,0,0,0,"InMemoryFileIndex(1 paths)[s3a://goes-se-sandbox/data/warehouse/tablespace/external/hive/demo_pauldefusco.db/merchants_skewed]","IsNotNull(merchant_id), IsNotNull(merchant_category)","merchant_id:bigint,merchant_category:string","isnotnull(merchant_id#1696L), isnotnull(merchant_category#1699)","",false
1,63,110,"Parquet",0,0,0,0,"InMemoryFileIndex(1 paths)[s3a://goes-se-sandbox/data/warehouse/tablespace/external/hive/demo_pauldefusco.db/merchants_skewed]","IsNotNull(merchant_id), IsNotNull(merchant_category), IsNotNull(region)","merchant_id:bigint,region:string,merchant_category:string","isnotnull(merchant_id#70L), isnotnull(merchant_category#73), isnotnull(region#72)","",false
1,63,302,"Parquet",0,0,0,0,"InMemoryFileIndex(1 paths)[s3a://goes-se-sandbox/data/warehouse/tablespace/external/hive/demo_pauldefusco.db/merchants_skewed]","IsNotNull(merchant_id), IsNotNull(merchant_category), IsNotNull(region)","merchant_id:bigint,region:string,merchant_category:string","isnotnull(merchant_id#70L), isnotnull(merchant_category#73), isnotnull(region#72)","",false
1,63,88,"Parquet",0,0,0,0,"InMemoryFileIndex(1 paths)[s3a://goes-se-sandbox/data/warehouse/tablespace/external/hive/demo_pauldefusco.db/trs_v25]","IsNotNull(customer_id), IsNotNull(account_id), IsNotNull(merchant_id), IsNotNull(branch_id), IsNotNull(transaction_date)","customer_id:bigint,account_id:bigint,merchant_id:bigint,branch_id:bigint,transaction_date:date,transaction_amount:double","isnotnull(customer_id#1L), isnotnull(account_id#2L), isnotnull(merchant_id#3L), isnotnull(branch_id#4L), isnotnull(transaction_date#5)","",false
1,63,168,"Parquet",0,0,0,0,"InMemoryFileIndex(1 paths)[s3a://goes-se-sandbox/data/warehouse/tablespace/external/hive/demo_pauldefusco.db/trs_v25]","IsNotNull(customer_id), IsNotNull(account_id), IsNotNull(merchant_id), IsNotNull(branch_id), IsNotNull(transaction_date)","customer_id:bigint,account_id:bigint,merchant_id:bigint,branch_id:bigint,transaction_date:date,transaction_amount:double,fraud_flag:int","isnotnull(customer_id#1138L), isnotnull(account_id#1139L), isnotnull(merchant_id#1140L), isnotnull(branch_id#1141L), isnotnull(transaction_date#1142)","",false
1,63,250,"Parquet",0,0,0,0,"InMemoryFileIndex(1 paths)[s3a://goes-se-sandbox/data/warehouse/tablespace/external/hive/demo_pauldefusco.db/trs_v25]","IsNotNull(customer_id), IsNotNull(account_id), IsNotNull(merchant_id), IsNotNull(branch_id), IsNotNull(transaction_date)","customer_id:bigint,account_id:bigint,merchant_id:bigint,branch_id:bigint,transaction_date:date,transaction_amount:double,fraud_flag:int","isnotnull(customer_id#1138L), isnotnull(account_id#1139L), isnotnull(merchant_id#1140L), isnotnull(branch_id#1141L), isnotnull(transaction_date#1142)","",false
1,63,350,"Parquet",0,0,0,0,"InMemoryFileIndex(1 paths)[s3a://goes-se-sandbox/data/warehouse/tablespace/external/hive/demo_pauldefusco.db/trs_v25]","IsNotNull(customer_id), IsNotNull(account_id), IsNotNull(merchant_id), IsNotNull(branch_id), IsNotNull(transaction_date)","customer_id:bigint,account_id:bigint,merchant_id:bigint,branch_id:bigint,transaction_date:date,transaction_amount:double,fraud_flag:int","isnotnull(customer_id#1138L), isnotnull(account_id#1139L), isnotnull(merchant_id#1140L), isnotnull(branch_id#1141L), isnotnull(transaction_date#1142)","",false
1,64,184,"Parquet",0,0,0,0,"InMemoryFileIndex(1 paths)[s3a://goes-se-sandbox/data/warehouse/tablespace/external/hive/demo_pauldefusco.db/accounts_skewed]","IsNotNull(account_id)","account_id:bigint","isnotnull(account_id#1163L)","",false
1,64,104,"Parquet",0,0,0,0,"InMemoryFileIndex(1 paths)[s3a://goes-se-sandbox/data/warehouse/tablespace/external/hive/demo_pauldefusco.db/accounts_skewed]","IsNotNull(account_id), IsNotNull(account_type)","account_id:bigint,account_type:string","isnotnull(account_id#51L), isnotnull(account_type#52)","",false
1,64,200,"Parquet",0,0,0,0,"InMemoryFileIndex(1 paths)[s3a://goes-se-sandbox/data/warehouse/tablespace/external/hive/demo_pauldefusco.db/branches_skewed]","IsNotNull(branch_id)","branch_id:bigint","isnotnull(branch_id#1182L)","",false
1,64,120,"Parquet",0,0,0,0,"InMemoryFileIndex(1 paths)[s3a://goes-se-sandbox/data/warehouse/tablespace/external/hive/demo_pauldefusco.db/branches_skewed]","IsNotNull(branch_id), IsNotNull(state), IsNotNull(region)","branch_id:bigint,state:string,region:string","isnotnull(branch_id#90L), isnotnull(state#92), isnotnull(region#93)","",false
1,64,208,"Parquet",0,0,0,0,"InMemoryFileIndex(1 paths)[s3a://goes-se-sandbox/data/warehouse/tablespace/external/hive/demo_pauldefusco.db/calendar]","IsNotNull(calendar_date)","calendar_date:date","isnotnull(calendar_date#1193)","",false
1,64,435,"Parquet",0,0,0,0,"InMemoryFileIndex(1 paths)[s3a://goes-se-sandbox/data/warehouse/tablespace/external/hive/demo_pauldefusco.db/calendar]","IsNotNull(calendar_date), IsNotNull(year), IsNotNull(month)","calendar_date:date,year:int,month:int","isnotnull(calendar_date#1717), isnotnull(year#1719), isnotnull(month#1721)","",false
1,64,369,"Parquet",0,0,0,0,"InMemoryFileIndex(1 paths)[s3a://goes-se-sandbox/data/warehouse/tablespace/external/hive/demo_pauldefusco.db/calendar]","IsNotNull(calendar_date), IsNotNull(year), IsNotNull(quarter)","calendar_date:date,year:int,quarter:int","isnotnull(calendar_date#1587), isnotnull(year#1589), isnotnull(quarter#1590)","",false
1,64,128,"Parquet",0,0,0,0,"InMemoryFileIndex(1 paths)[s3a://goes-se-sandbox/data/warehouse/tablespace/external/hive/demo_pauldefusco.db/calendar]","IsNotNull(calendar_date), IsNotNull(year), IsNotNull(quarter), IsNotNull(month)","calendar_date:date,year:int,quarter:int,month:int","isnotnull(calendar_date#112), isnotnull(year#114), isnotnull(quarter#115), isnotnull(month#116)","",false
1,64,528,"Parquet",0,0,0,0,"InMemoryFileIndex(1 paths)[s3a://goes-se-sandbox/data/warehouse/tablespace/external/hive/demo_pauldefusco.db/customers_skewed]","IsNotNull(customer_id)","customer_id:bigint,credit_score:int","isnotnull(customer_id#1950L)","",false
1,64,97,"Parquet",0,0,0,0,"InMemoryFileIndex(1 paths)[s3a://goes-se-sandbox/data/warehouse/tablespace/external/hive/demo_pauldefusco.db/customers_skewed]","IsNotNull(customer_id), IsNotNull(customer_segment), IsNotNull(risk_rating)","customer_id:bigint,credit_score:int,customer_segment:string,risk_rating:string","isnotnull(customer_id#30L), isnotnull(customer_segment#37), isnotnull(risk_rating#39)","",false
1,64,414,"Parquet",0,0,0,0,"InMemoryFileIndex(1 paths)[s3a://goes-se-sandbox/data/warehouse/tablespace/external/hive/demo_pauldefusco.db/customers_skewed]","IsNotNull(customer_id), IsNotNull(customer_segment)","customer_id:bigint,customer_segment:string","isnotnull(customer_id#1676L), isnotnull(customer_segment#1683)","",false
1,64,177,"Parquet",0,0,0,0,"InMemoryFileIndex(1 paths)[s3a://goes-se-sandbox/data/warehouse/tablespace/external/hive/demo_pauldefusco.db/customers_skewed]","IsNotNull(customer_id), IsNotNull(customer_segment), IsNotNull(risk_rating)","customer_id:bigint,customer_segment:string,risk_rating:string","isnotnull(customer_id#1152L), isnotnull(customer_segment#1159), isnotnull(risk_rating#1161)","",false
1,64,192,"Parquet",0,0,0,0,"InMemoryFileIndex(1 paths)[s3a://goes-se-sandbox/data/warehouse/tablespace/external/hive/demo_pauldefusco.db/merchants_skewed]","IsNotNull(merchant_id)","merchant_id:bigint","isnotnull(merchant_id#1172L)","",false
1,64,424,"Parquet",0,0,0,0,"InMemoryFileIndex(1 paths)[s3a://goes-se-sandbox/data/warehouse/tablespace/external/hive/demo_pauldefusco.db/merchants_skewed]","IsNotNull(merchant_id), IsNotNull(merchant_category)","merchant_id:bigint,merchant_category:string","isnotnull(merchant_id#1696L), isnotnull(merchant_category#1699)","",false
1,64,112,"Parquet",0,0,0,0,"InMemoryFileIndex(1 paths)[s3a://goes-se-sandbox/data/warehouse/tablespace/external/hive/demo_pauldefusco.db/merchants_skewed]","IsNotNull(merchant_id), IsNotNull(merchant_category), IsNotNull(region)","merchant_id:bigint,region:string,merchant_category:string","isnotnull(merchant_id#70L), isnotnull(merchant_category#73), isnotnull(region#72)","",false
1,64,304,"Parquet",0,0,0,0,"InMemoryFileIndex(1 paths)[s3a://goes-se-sandbox/data/warehouse/tablespace/external/hive/demo_pauldefusco.db/merchants_skewed]","IsNotNull(merchant_id), IsNotNull(merchant_category), IsNotNull(region)","merchant_id:bigint,region:string,merchant_category:string","isnotnull(merchant_id#70L), isnotnull(merchant_category#73), isnotnull(region#72)","",false
1,64,90,"Parquet",0,0,0,0,"InMemoryFileIndex(1 paths)[s3a://goes-se-sandbox/data/warehouse/tablespace/external/hive/demo_pauldefusco.db/trs_v25]","IsNotNull(customer_id), IsNotNull(account_id), IsNotNull(merchant_id), IsNotNull(branch_id), IsNotNull(transaction_date)","customer_id:bigint,account_id:bigint,merchant_id:bigint,branch_id:bigint,transaction_date:date,transaction_amount:double","isnotnull(customer_id#1L), isnotnull(account_id#2L), isnotnull(merchant_id#3L), isnotnull(branch_id#4L), isnotnull(transaction_date#5)","",false
1,64,170,"Parquet",0,0,0,0,"InMemoryFileIndex(1 paths)[s3a://goes-se-sandbox/data/warehouse/tablespace/external/hive/demo_pauldefusco.db/trs_v25]","IsNotNull(customer_id), IsNotNull(account_id), IsNotNull(merchant_id), IsNotNull(branch_id), IsNotNull(transaction_date)","customer_id:bigint,account_id:bigint,merchant_id:bigint,branch_id:bigint,transaction_date:date,transaction_amount:double,fraud_flag:int","isnotnull(customer_id#1138L), isnotnull(account_id#1139L), isnotnull(merchant_id#1140L), isnotnull(branch_id#1141L), isnotnull(transaction_date#1142)","",false
1,64,252,"Parquet",0,0,0,0,"InMemoryFileIndex(1 paths)[s3a://goes-se-sandbox/data/warehouse/tablespace/external/hive/demo_pauldefusco.db/trs_v25]","IsNotNull(customer_id), IsNotNull(account_id), IsNotNull(merchant_id), IsNotNull(branch_id), IsNotNull(transaction_date)","customer_id:bigint,account_id:bigint,merchant_id:bigint,branch_id:bigint,transaction_date:date,transaction_amount:double,fraud_flag:int","isnotnull(customer_id#1138L), isnotnull(account_id#1139L), isnotnull(merchant_id#1140L), isnotnull(branch_id#1141L), isnotnull(transaction_date#1142)","",false
1,64,352,"Parquet",0,0,0,0,"InMemoryFileIndex(1 paths)[s3a://goes-se-sandbox/data/warehouse/tablespace/external/hive/demo_pauldefusco.db/trs_v25]","IsNotNull(customer_id), IsNotNull(account_id), IsNotNull(merchant_id), IsNotNull(branch_id), IsNotNull(transaction_date)","customer_id:bigint,account_id:bigint,merchant_id:bigint,branch_id:bigint,transaction_date:date,transaction_amount:double,fraud_flag:int","isnotnull(customer_id#1138L), isnotnull(account_id#1139L), isnotnull(merchant_id#1140L), isnotnull(branch_id#1141L), isnotnull(transaction_date#1142)","",false
1,65,186,"Parquet",0,0,0,0,"InMemoryFileIndex(1 paths)[s3a://goes-se-sandbox/data/warehouse/tablespace/external/hive/demo_pauldefusco.db/accounts_skewed]","IsNotNull(account_id)","account_id:bigint","isnotnull(account_id#1163L)","",false
1,65,106,"Parquet",0,0,0,0,"InMemoryFileIndex(1 paths)[s3a://goes-se-sandbox/data/warehouse/tablespace/external/hive/demo_pauldefusco.db/accounts_skewed]","IsNotNull(account_id), IsNotNull(account_type)","account_id:bigint,account_type:string","isnotnull(account_id#51L), isnotnull(account_type#52)","",false
1,65,202,"Parquet",0,0,0,0,"InMemoryFileIndex(1 paths)[s3a://goes-se-sandbox/data/warehouse/tablespace/external/hive/demo_pauldefusco.db/branches_skewed]","IsNotNull(branch_id)","branch_id:bigint","isnotnull(branch_id#1182L)","",false
1,65,122,"Parquet",0,0,0,0,"InMemoryFileIndex(1 paths)[s3a://goes-se-sandbox/data/warehouse/tablespace/external/hive/demo_pauldefusco.db/branches_skewed]","IsNotNull(branch_id), IsNotNull(state), IsNotNull(region)","branch_id:bigint,state:string,region:string","isnotnull(branch_id#90L), isnotnull(state#92), isnotnull(region#93)","",false
1,65,210,"Parquet",0,0,0,0,"InMemoryFileIndex(1 paths)[s3a://goes-se-sandbox/data/warehouse/tablespace/external/hive/demo_pauldefusco.db/calendar]","IsNotNull(calendar_date)","calendar_date:date","isnotnull(calendar_date#1193)","",false
1,65,437,"Parquet",0,0,0,0,"InMemoryFileIndex(1 paths)[s3a://goes-se-sandbox/data/warehouse/tablespace/external/hive/demo_pauldefusco.db/calendar]","IsNotNull(calendar_date), IsNotNull(year), IsNotNull(month)","calendar_date:date,year:int,month:int","isnotnull(calendar_date#1717), isnotnull(year#1719), isnotnull(month#1721)","",false
1,65,371,"Parquet",0,0,0,0,"InMemoryFileIndex(1 paths)[s3a://goes-se-sandbox/data/warehouse/tablespace/external/hive/demo_pauldefusco.db/calendar]","IsNotNull(calendar_date), IsNotNull(year), IsNotNull(quarter)","calendar_date:date,year:int,quarter:int","isnotnull(calendar_date#1587), isnotnull(year#1589), isnotnull(quarter#1590)","",false
1,65,130,"Parquet",0,0,0,0,"InMemoryFileIndex(1 paths)[s3a://goes-se-sandbox/data/warehouse/tablespace/external/hive/demo_pauldefusco.db/calendar]","IsNotNull(calendar_date), IsNotNull(year), IsNotNull(quarter), IsNotNull(month)","calendar_date:date,year:int,quarter:int,month:int","isnotnull(calendar_date#112), isnotnull(year#114), isnotnull(quarter#115), isnotnull(month#116)","",false
1,65,531,"Parquet",0,0,0,0,"InMemoryFileIndex(1 paths)[s3a://goes-se-sandbox/data/warehouse/tablespace/external/hive/demo_pauldefusco.db/customers_skewed]","IsNotNull(customer_id)","customer_id:bigint,credit_score:int","isnotnull(customer_id#1950L)","",false
1,65,99,"Parquet",0,0,0,0,"InMemoryFileIndex(1 paths)[s3a://goes-se-sandbox/data/warehouse/tablespace/external/hive/demo_pauldefusco.db/customers_skewed]","IsNotNull(customer_id), IsNotNull(customer_segment), IsNotNull(risk_rating)","customer_id:bigint,credit_score:int,customer_segment:string,risk_rating:string","isnotnull(customer_id#30L), isnotnull(customer_segment#37), isnotnull(risk_rating#39)","",false
1,65,416,"Parquet",0,0,0,0,"InMemoryFileIndex(1 paths)[s3a://goes-se-sandbox/data/warehouse/tablespace/external/hive/demo_pauldefusco.db/customers_skewed]","IsNotNull(customer_id), IsNotNull(customer_segment)","customer_id:bigint,customer_segment:string","isnotnull(customer_id#1676L), isnotnull(customer_segment#1683)","",false
1,65,179,"Parquet",0,0,0,0,"InMemoryFileIndex(1 paths)[s3a://goes-se-sandbox/data/warehouse/tablespace/external/hive/demo_pauldefusco.db/customers_skewed]","IsNotNull(customer_id), IsNotNull(customer_segment), IsNotNull(risk_rating)","customer_id:bigint,customer_segment:string,risk_rating:string","isnotnull(customer_id#1152L), isnotnull(customer_segment#1159), isnotnull(risk_rating#1161)","",false
1,65,194,"Parquet",0,0,0,0,"InMemoryFileIndex(1 paths)[s3a://goes-se-sandbox/data/warehouse/tablespace/external/hive/demo_pauldefusco.db/merchants_skewed]","IsNotNull(merchant_id)","merchant_id:bigint","isnotnull(merchant_id#1172L)","",false
1,65,426,"Parquet",0,0,0,0,"InMemoryFileIndex(1 paths)[s3a://goes-se-sandbox/data/warehouse/tablespace/external/hive/demo_pauldefusco.db/merchants_skewed]","IsNotNull(merchant_id), IsNotNull(merchant_category)","merchant_id:bigint,merchant_category:string","isnotnull(merchant_id#1696L), isnotnull(merchant_category#1699)","",false
1,65,114,"Parquet",0,0,0,0,"InMemoryFileIndex(1 paths)[s3a://goes-se-sandbox/data/warehouse/tablespace/external/hive/demo_pauldefusco.db/merchants_skewed]","IsNotNull(merchant_id), IsNotNull(merchant_category), IsNotNull(region)","merchant_id:bigint,region:string,merchant_category:string","isnotnull(merchant_id#70L), isnotnull(merchant_category#73), isnotnull(region#72)","",false
1,65,306,"Parquet",0,0,0,0,"InMemoryFileIndex(1 paths)[s3a://goes-se-sandbox/data/warehouse/tablespace/external/hive/demo_pauldefusco.db/merchants_skewed]","IsNotNull(merchant_id), IsNotNull(merchant_category), IsNotNull(region)","merchant_id:bigint,region:string,merchant_category:string","isnotnull(merchant_id#70L), isnotnull(merchant_category#73), isnotnull(region#72)","",false
1,65,92,"Parquet",0,0,0,0,"InMemoryFileIndex(1 paths)[s3a://goes-se-sandbox/data/warehouse/tablespace/external/hive/demo_pauldefusco.db/trs_v25]","IsNotNull(customer_id), IsNotNull(account_id), IsNotNull(merchant_id), IsNotNull(branch_id), IsNotNull(transaction_date)","customer_id:bigint,account_id:bigint,merchant_id:bigint,branch_id:bigint,transaction_date:date,transaction_amount:double","isnotnull(customer_id#1L), isnotnull(account_id#2L), isnotnull(merchant_id#3L), isnotnull(branch_id#4L), isnotnull(transaction_date#5)","",false
1,65,172,"Parquet",0,0,0,0,"InMemoryFileIndex(1 paths)[s3a://goes-se-sandbox/data/warehouse/tablespace/external/hive/demo_pauldefusco.db/trs_v25]","IsNotNull(customer_id), IsNotNull(account_id), IsNotNull(merchant_id), IsNotNull(branch_id), IsNotNull(transaction_date)","customer_id:bigint,account_id:bigint,merchant_id:bigint,branch_id:bigint,transaction_date:date,transaction_amount:double,fraud_flag:int","isnotnull(customer_id#1138L), isnotnull(account_id#1139L), isnotnull(merchant_id#1140L), isnotnull(branch_id#1141L), isnotnull(transaction_date#1142)","",false
1,65,254,"Parquet",0,0,0,0,"InMemoryFileIndex(1 paths)[s3a://goes-se-sandbox/data/warehouse/tablespace/external/hive/demo_pauldefusco.db/trs_v25]","IsNotNull(customer_id), IsNotNull(account_id), IsNotNull(merchant_id), IsNotNull(branch_id), IsNotNull(transaction_date)","customer_id:bigint,account_id:bigint,merchant_id:bigint,branch_id:bigint,transaction_date:date,transaction_amount:double,fraud_flag:int","isnotnull(customer_id#1138L), isnotnull(account_id#1139L), isnotnull(merchant_id#1140L), isnotnull(branch_id#1141L), isnotnull(transaction_date#1142)","",false
1,65,354,"Parquet",0,0,0,0,"InMemoryFileIndex(1 paths)[s3a://goes-se-sandbox/data/warehouse/tablespace/external/hive/demo_pauldefusco.db/trs_v25]","IsNotNull(customer_id), IsNotNull(account_id), IsNotNull(merchant_id), IsNotNull(branch_id), IsNotNull(transaction_date)","customer_id:bigint,account_id:bigint,merchant_id:bigint,branch_id:bigint,transaction_date:date,transaction_amount:double,fraud_flag:int","isnotnull(customer_id#1138L), isnotnull(account_id#1139L), isnotnull(merchant_id#1140L), isnotnull(branch_id#1141L), isnotnull(transaction_date#1142)","",false
1,66,187,"Parquet",0,0,0,0,"InMemoryFileIndex(1 paths)[s3a://goes-se-sandbox/data/warehouse/tablespace/external/hive/demo_pauldefusco.db/accounts_skewed]","IsNotNull(account_id)","account_id:bigint","isnotnull(account_id#1163L)","",false
1,66,107,"Parquet",0,0,0,0,"InMemoryFileIndex(1 paths)[s3a://goes-se-sandbox/data/warehouse/tablespace/external/hive/demo_pauldefusco.db/accounts_skewed]","IsNotNull(account_id), IsNotNull(account_type)","account_id:bigint,account_type:string","isnotnull(account_id#51L), isnotnull(account_type#52)","",false
1,66,203,"Parquet",0,0,0,0,"InMemoryFileIndex(1 paths)[s3a://goes-se-sandbox/data/warehouse/tablespace/external/hive/demo_pauldefusco.db/branches_skewed]","IsNotNull(branch_id)","branch_id:bigint","isnotnull(branch_id#1182L)","",false
1,66,123,"Parquet",0,0,0,0,"InMemoryFileIndex(1 paths)[s3a://goes-se-sandbox/data/warehouse/tablespace/external/hive/demo_pauldefusco.db/branches_skewed]","IsNotNull(branch_id), IsNotNull(state), IsNotNull(region)","branch_id:bigint,state:string,region:string","isnotnull(branch_id#90L), isnotnull(state#92), isnotnull(region#93)","",false
1,66,211,"Parquet",0,0,0,0,"InMemoryFileIndex(1 paths)[s3a://goes-se-sandbox/data/warehouse/tablespace/external/hive/demo_pauldefusco.db/calendar]","IsNotNull(calendar_date)","calendar_date:date","isnotnull(calendar_date#1193)","",false
1,66,438,"Parquet",0,0,0,0,"InMemoryFileIndex(1 paths)[s3a://goes-se-sandbox/data/warehouse/tablespace/external/hive/demo_pauldefusco.db/calendar]","IsNotNull(calendar_date), IsNotNull(year), IsNotNull(month)","calendar_date:date,year:int,month:int","isnotnull(calendar_date#1717), isnotnull(year#1719), isnotnull(month#1721)","",false
1,66,372,"Parquet",0,0,0,0,"InMemoryFileIndex(1 paths)[s3a://goes-se-sandbox/data/warehouse/tablespace/external/hive/demo_pauldefusco.db/calendar]","IsNotNull(calendar_date), IsNotNull(year), IsNotNull(quarter)","calendar_date:date,year:int,quarter:int","isnotnull(calendar_date#1587), isnotnull(year#1589), isnotnull(quarter#1590)","",false
1,66,131,"Parquet",0,0,0,0,"InMemoryFileIndex(1 paths)[s3a://goes-se-sandbox/data/warehouse/tablespace/external/hive/demo_pauldefusco.db/calendar]","IsNotNull(calendar_date), IsNotNull(year), IsNotNull(quarter), IsNotNull(month)","calendar_date:date,year:int,quarter:int,month:int","isnotnull(calendar_date#112), isnotnull(year#114), isnotnull(quarter#115), isnotnull(month#116)","",false
1,66,532,"Parquet",0,0,0,0,"InMemoryFileIndex(1 paths)[s3a://goes-se-sandbox/data/warehouse/tablespace/external/hive/demo_pauldefusco.db/customers_skewed]","IsNotNull(customer_id)","customer_id:bigint,credit_score:int","isnotnull(customer_id#1950L)","",false
1,66,100,"Parquet",0,0,0,0,"InMemoryFileIndex(1 paths)[s3a://goes-se-sandbox/data/warehouse/tablespace/external/hive/demo_pauldefusco.db/customers_skewed]","IsNotNull(customer_id), IsNotNull(customer_segment), IsNotNull(risk_rating)","customer_id:bigint,credit_score:int,customer_segment:string,risk_rating:string","isnotnull(customer_id#30L), isnotnull(customer_segment#37), isnotnull(risk_rating#39)","",false
1,66,417,"Parquet",0,0,0,0,"InMemoryFileIndex(1 paths)[s3a://goes-se-sandbox/data/warehouse/tablespace/external/hive/demo_pauldefusco.db/customers_skewed]","IsNotNull(customer_id), IsNotNull(customer_segment)","customer_id:bigint,customer_segment:string","isnotnull(customer_id#1676L), isnotnull(customer_segment#1683)","",false
1,66,180,"Parquet",0,0,0,0,"InMemoryFileIndex(1 paths)[s3a://goes-se-sandbox/data/warehouse/tablespace/external/hive/demo_pauldefusco.db/customers_skewed]","IsNotNull(customer_id), IsNotNull(customer_segment), IsNotNull(risk_rating)","customer_id:bigint,customer_segment:string,risk_rating:string","isnotnull(customer_id#1152L), isnotnull(customer_segment#1159), isnotnull(risk_rating#1161)","",false
1,66,195,"Parquet",0,0,0,0,"InMemoryFileIndex(1 paths)[s3a://goes-se-sandbox/data/warehouse/tablespace/external/hive/demo_pauldefusco.db/merchants_skewed]","IsNotNull(merchant_id)","merchant_id:bigint","isnotnull(merchant_id#1172L)","",false
1,66,427,"Parquet",0,0,0,0,"InMemoryFileIndex(1 paths)[s3a://goes-se-sandbox/data/warehouse/tablespace/external/hive/demo_pauldefusco.db/merchants_skewed]","IsNotNull(merchant_id), IsNotNull(merchant_category)","merchant_id:bigint,merchant_category:string","isnotnull(merchant_id#1696L), isnotnull(merchant_category#1699)","",false
1,66,115,"Parquet",0,0,0,0,"InMemoryFileIndex(1 paths)[s3a://goes-se-sandbox/data/warehouse/tablespace/external/hive/demo_pauldefusco.db/merchants_skewed]","IsNotNull(merchant_id), IsNotNull(merchant_category), IsNotNull(region)","merchant_id:bigint,region:string,merchant_category:string","isnotnull(merchant_id#70L), isnotnull(merchant_category#73), isnotnull(region#72)","",false
1,66,307,"Parquet",0,0,0,0,"InMemoryFileIndex(1 paths)[s3a://goes-se-sandbox/data/warehouse/tablespace/external/hive/demo_pauldefusco.db/merchants_skewed]","IsNotNull(merchant_id), IsNotNull(merchant_category), IsNotNull(region)","merchant_id:bigint,region:string,merchant_category:string","isnotnull(merchant_id#70L), isnotnull(merchant_category#73), isnotnull(region#72)","",false
1,66,93,"Parquet",0,0,0,0,"InMemoryFileIndex(1 paths)[s3a://goes-se-sandbox/data/warehouse/tablespace/external/hive/demo_pauldefusco.db/trs_v25]","IsNotNull(customer_id), IsNotNull(account_id), IsNotNull(merchant_id), IsNotNull(branch_id), IsNotNull(transaction_date)","customer_id:bigint,account_id:bigint,merchant_id:bigint,branch_id:bigint,transaction_date:date,transaction_amount:double","isnotnull(customer_id#1L), isnotnull(account_id#2L), isnotnull(merchant_id#3L), isnotnull(branch_id#4L), isnotnull(transaction_date#5)","",false
1,66,173,"Parquet",0,0,0,0,"InMemoryFileIndex(1 paths)[s3a://goes-se-sandbox/data/warehouse/tablespace/external/hive/demo_pauldefusco.db/trs_v25]","IsNotNull(customer_id), IsNotNull(account_id), IsNotNull(merchant_id), IsNotNull(branch_id), IsNotNull(transaction_date)","customer_id:bigint,account_id:bigint,merchant_id:bigint,branch_id:bigint,transaction_date:date,transaction_amount:double,fraud_flag:int","isnotnull(customer_id#1138L), isnotnull(account_id#1139L), isnotnull(merchant_id#1140L), isnotnull(branch_id#1141L), isnotnull(transaction_date#1142)","",false
1,66,255,"Parquet",0,0,0,0,"InMemoryFileIndex(1 paths)[s3a://goes-se-sandbox/data/warehouse/tablespace/external/hive/demo_pauldefusco.db/trs_v25]","IsNotNull(customer_id), IsNotNull(account_id), IsNotNull(merchant_id), IsNotNull(branch_id), IsNotNull(transaction_date)","customer_id:bigint,account_id:bigint,merchant_id:bigint,branch_id:bigint,transaction_date:date,transaction_amount:double,fraud_flag:int","isnotnull(customer_id#1138L), isnotnull(account_id#1139L), isnotnull(merchant_id#1140L), isnotnull(branch_id#1141L), isnotnull(transaction_date#1142)","",false
1,66,355,"Parquet",0,0,0,0,"InMemoryFileIndex(1 paths)[s3a://goes-se-sandbox/data/warehouse/tablespace/external/hive/demo_pauldefusco.db/trs_v25]","IsNotNull(customer_id), IsNotNull(account_id), IsNotNull(merchant_id), IsNotNull(branch_id), IsNotNull(transaction_date)","customer_id:bigint,account_id:bigint,merchant_id:bigint,branch_id:bigint,transaction_date:date,transaction_amount:double,fraud_flag:int","isnotnull(customer_id#1138L), isnotnull(account_id#1139L), isnotnull(merchant_id#1140L), isnotnull(branch_id#1141L), isnotnull(transaction_date#1142)","",false
1,67,190,"Parquet",0,0,0,0,"InMemoryFileIndex(1 paths)[s3a://goes-se-sandbox/data/warehouse/tablespace/external/hive/demo_pauldefusco.db/accounts_skewed]","IsNotNull(account_id)","account_id:bigint","isnotnull(account_id#1163L)","",false
1,67,110,"Parquet",0,0,0,0,"InMemoryFileIndex(1 paths)[s3a://goes-se-sandbox/data/warehouse/tablespace/external/hive/demo_pauldefusco.db/accounts_skewed]","IsNotNull(account_id), IsNotNull(account_type)","account_id:bigint,account_type:string","isnotnull(account_id#51L), isnotnull(account_type#52)","",false
1,67,206,"Parquet",0,0,0,0,"InMemoryFileIndex(1 paths)[s3a://goes-se-sandbox/data/warehouse/tablespace/external/hive/demo_pauldefusco.db/branches_skewed]","IsNotNull(branch_id)","branch_id:bigint","isnotnull(branch_id#1182L)","",false
1,67,126,"Parquet",0,0,0,0,"InMemoryFileIndex(1 paths)[s3a://goes-se-sandbox/data/warehouse/tablespace/external/hive/demo_pauldefusco.db/branches_skewed]","IsNotNull(branch_id), IsNotNull(state), IsNotNull(region)","branch_id:bigint,state:string,region:string","isnotnull(branch_id#90L), isnotnull(state#92), isnotnull(region#93)","",false
1,67,214,"Parquet",0,0,0,0,"InMemoryFileIndex(1 paths)[s3a://goes-se-sandbox/data/warehouse/tablespace/external/hive/demo_pauldefusco.db/calendar]","IsNotNull(calendar_date)","calendar_date:date","isnotnull(calendar_date#1193)","",false
1,67,441,"Parquet",0,0,0,0,"InMemoryFileIndex(1 paths)[s3a://goes-se-sandbox/data/warehouse/tablespace/external/hive/demo_pauldefusco.db/calendar]","IsNotNull(calendar_date), IsNotNull(year), IsNotNull(month)","calendar_date:date,year:int,month:int","isnotnull(calendar_date#1717), isnotnull(year#1719), isnotnull(month#1721)","",false
1,67,375,"Parquet",0,0,0,0,"InMemoryFileIndex(1 paths)[s3a://goes-se-sandbox/data/warehouse/tablespace/external/hive/demo_pauldefusco.db/calendar]","IsNotNull(calendar_date), IsNotNull(year), IsNotNull(quarter)","calendar_date:date,year:int,quarter:int","isnotnull(calendar_date#1587), isnotnull(year#1589), isnotnull(quarter#1590)","",false
1,67,134,"Parquet",0,0,0,0,"InMemoryFileIndex(1 paths)[s3a://goes-se-sandbox/data/warehouse/tablespace/external/hive/demo_pauldefusco.db/calendar]","IsNotNull(calendar_date), IsNotNull(year), IsNotNull(quarter), IsNotNull(month)","calendar_date:date,year:int,quarter:int,month:int","isnotnull(calendar_date#112), isnotnull(year#114), isnotnull(quarter#115), isnotnull(month#116)","",false
1,67,535,"Parquet",0,0,0,0,"InMemoryFileIndex(1 paths)[s3a://goes-se-sandbox/data/warehouse/tablespace/external/hive/demo_pauldefusco.db/customers_skewed]","IsNotNull(customer_id)","customer_id:bigint,credit_score:int","isnotnull(customer_id#1950L)","",false
1,67,103,"Parquet",0,0,0,0,"InMemoryFileIndex(1 paths)[s3a://goes-se-sandbox/data/warehouse/tablespace/external/hive/demo_pauldefusco.db/customers_skewed]","IsNotNull(customer_id), IsNotNull(customer_segment), IsNotNull(risk_rating)","customer_id:bigint,credit_score:int,customer_segment:string,risk_rating:string","isnotnull(customer_id#30L), isnotnull(customer_segment#37), isnotnull(risk_rating#39)","",false
1,67,420,"Parquet",0,0,0,0,"InMemoryFileIndex(1 paths)[s3a://goes-se-sandbox/data/warehouse/tablespace/external/hive/demo_pauldefusco.db/customers_skewed]","IsNotNull(customer_id), IsNotNull(customer_segment)","customer_id:bigint,customer_segment:string","isnotnull(customer_id#1676L), isnotnull(customer_segment#1683)","",false
1,67,183,"Parquet",0,0,0,0,"InMemoryFileIndex(1 paths)[s3a://goes-se-sandbox/data/warehouse/tablespace/external/hive/demo_pauldefusco.db/customers_skewed]","IsNotNull(customer_id), IsNotNull(customer_segment), IsNotNull(risk_rating)","customer_id:bigint,customer_segment:string,risk_rating:string","isnotnull(customer_id#1152L), isnotnull(customer_segment#1159), isnotnull(risk_rating#1161)","",false
1,67,198,"Parquet",0,0,0,0,"InMemoryFileIndex(1 paths)[s3a://goes-se-sandbox/data/warehouse/tablespace/external/hive/demo_pauldefusco.db/merchants_skewed]","IsNotNull(merchant_id)","merchant_id:bigint","isnotnull(merchant_id#1172L)","",false
1,67,430,"Parquet",0,0,0,0,"InMemoryFileIndex(1 paths)[s3a://goes-se-sandbox/data/warehouse/tablespace/external/hive/demo_pauldefusco.db/merchants_skewed]","IsNotNull(merchant_id), IsNotNull(merchant_category)","merchant_id:bigint,merchant_category:string","isnotnull(merchant_id#1696L), isnotnull(merchant_category#1699)","",false
1,67,118,"Parquet",0,0,0,0,"InMemoryFileIndex(1 paths)[s3a://goes-se-sandbox/data/warehouse/tablespace/external/hive/demo_pauldefusco.db/merchants_skewed]","IsNotNull(merchant_id), IsNotNull(merchant_category), IsNotNull(region)","merchant_id:bigint,region:string,merchant_category:string","isnotnull(merchant_id#70L), isnotnull(merchant_category#73), isnotnull(region#72)","",false
1,67,310,"Parquet",0,0,0,0,"InMemoryFileIndex(1 paths)[s3a://goes-se-sandbox/data/warehouse/tablespace/external/hive/demo_pauldefusco.db/merchants_skewed]","IsNotNull(merchant_id), IsNotNull(merchant_category), IsNotNull(region)","merchant_id:bigint,region:string,merchant_category:string","isnotnull(merchant_id#70L), isnotnull(merchant_category#73), isnotnull(region#72)","",false
1,67,96,"Parquet",0,0,0,0,"InMemoryFileIndex(1 paths)[s3a://goes-se-sandbox/data/warehouse/tablespace/external/hive/demo_pauldefusco.db/trs_v25]","IsNotNull(customer_id), IsNotNull(account_id), IsNotNull(merchant_id), IsNotNull(branch_id), IsNotNull(transaction_date)","customer_id:bigint,account_id:bigint,merchant_id:bigint,branch_id:bigint,transaction_date:date,transaction_amount:double","isnotnull(customer_id#1L), isnotnull(account_id#2L), isnotnull(merchant_id#3L), isnotnull(branch_id#4L), isnotnull(transaction_date#5)","",false
1,67,176,"Parquet",0,0,0,0,"InMemoryFileIndex(1 paths)[s3a://goes-se-sandbox/data/warehouse/tablespace/external/hive/demo_pauldefusco.db/trs_v25]","IsNotNull(customer_id), IsNotNull(account_id), IsNotNull(merchant_id), IsNotNull(branch_id), IsNotNull(transaction_date)","customer_id:bigint,account_id:bigint,merchant_id:bigint,branch_id:bigint,transaction_date:date,transaction_amount:double,fraud_flag:int","isnotnull(customer_id#1138L), isnotnull(account_id#1139L), isnotnull(merchant_id#1140L), isnotnull(branch_id#1141L), isnotnull(transaction_date#1142)","",false
1,67,258,"Parquet",0,0,0,0,"InMemoryFileIndex(1 paths)[s3a://goes-se-sandbox/data/warehouse/tablespace/external/hive/demo_pauldefusco.db/trs_v25]","IsNotNull(customer_id), IsNotNull(account_id), IsNotNull(merchant_id), IsNotNull(branch_id), IsNotNull(transaction_date)","customer_id:bigint,account_id:bigint,merchant_id:bigint,branch_id:bigint,transaction_date:date,transaction_amount:double,fraud_flag:int","isnotnull(customer_id#1138L), isnotnull(account_id#1139L), isnotnull(merchant_id#1140L), isnotnull(branch_id#1141L), isnotnull(transaction_date#1142)","",false
1,67,358,"Parquet",0,0,0,0,"InMemoryFileIndex(1 paths)[s3a://goes-se-sandbox/data/warehouse/tablespace/external/hive/demo_pauldefusco.db/trs_v25]","IsNotNull(customer_id), IsNotNull(account_id), IsNotNull(merchant_id), IsNotNull(branch_id), IsNotNull(transaction_date)","customer_id:bigint,account_id:bigint,merchant_id:bigint,branch_id:bigint,transaction_date:date,transaction_amount:double,fraud_flag:int","isnotnull(customer_id#1138L), isnotnull(account_id#1139L), isnotnull(merchant_id#1140L), isnotnull(branch_id#1141L), isnotnull(transaction_date#1142)","",false
1,68,192,"Parquet",0,291233,83622504,0,"InMemoryFileIndex(1 paths)[s3a://goes-se-sandbox/data/warehouse/tablespace/external/hive/demo_pauldefusco.db/accounts_skewed]","IsNotNull(account_id)","account_id:bigint","isnotnull(account_id#1163L)","",true
1,68,112,"Parquet",0,313676,83622504,0,"InMemoryFileIndex(1 paths)[s3a://goes-se-sandbox/data/warehouse/tablespace/external/hive/demo_pauldefusco.db/accounts_skewed]","IsNotNull(account_id), IsNotNull(account_type)","account_id:bigint,account_type:string","isnotnull(account_id#51L), isnotnull(account_type#52)","",true
1,68,208,"Parquet",0,9415,360683,0,"InMemoryFileIndex(1 paths)[s3a://goes-se-sandbox/data/warehouse/tablespace/external/hive/demo_pauldefusco.db/branches_skewed]","IsNotNull(branch_id)","branch_id:bigint","isnotnull(branch_id#1182L)","",true
1,68,128,"Parquet",0,10364,360683,0,"InMemoryFileIndex(1 paths)[s3a://goes-se-sandbox/data/warehouse/tablespace/external/hive/demo_pauldefusco.db/branches_skewed]","IsNotNull(branch_id), IsNotNull(state), IsNotNull(region)","branch_id:bigint,state:string,region:string","isnotnull(branch_id#90L), isnotnull(state#92), isnotnull(region#93)","",true
1,68,216,"Parquet",0,213,10508,0,"InMemoryFileIndex(1 paths)[s3a://goes-se-sandbox/data/warehouse/tablespace/external/hive/demo_pauldefusco.db/calendar]","IsNotNull(calendar_date)","calendar_date:date","isnotnull(calendar_date#1193)","",true
1,68,443,"Parquet",0,198,10508,0,"InMemoryFileIndex(1 paths)[s3a://goes-se-sandbox/data/warehouse/tablespace/external/hive/demo_pauldefusco.db/calendar]","IsNotNull(calendar_date), IsNotNull(year), IsNotNull(month)","calendar_date:date,year:int,month:int","isnotnull(calendar_date#1717), isnotnull(year#1719), isnotnull(month#1721)","",true
1,68,377,"Parquet",0,234,10508,0,"InMemoryFileIndex(1 paths)[s3a://goes-se-sandbox/data/warehouse/tablespace/external/hive/demo_pauldefusco.db/calendar]","IsNotNull(calendar_date), IsNotNull(year), IsNotNull(quarter)","calendar_date:date,year:int,quarter:int","isnotnull(calendar_date#1587), isnotnull(year#1589), isnotnull(quarter#1590)","",true
1,68,136,"Parquet",0,243,10508,0,"InMemoryFileIndex(1 paths)[s3a://goes-se-sandbox/data/warehouse/tablespace/external/hive/demo_pauldefusco.db/calendar]","IsNotNull(calendar_date), IsNotNull(year), IsNotNull(quarter), IsNotNull(month)","calendar_date:date,year:int,quarter:int,month:int","isnotnull(calendar_date#112), isnotnull(year#114), isnotnull(quarter#115), isnotnull(month#116)","",true
1,68,537,"Parquet",0,154410,42431919,0,"InMemoryFileIndex(1 paths)[s3a://goes-se-sandbox/data/warehouse/tablespace/external/hive/demo_pauldefusco.db/customers_skewed]","IsNotNull(customer_id)","customer_id:bigint,credit_score:int","isnotnull(customer_id#1950L)","",true
1,68,105,"Parquet",0,318856,42431919,0,"InMemoryFileIndex(1 paths)[s3a://goes-se-sandbox/data/warehouse/tablespace/external/hive/demo_pauldefusco.db/customers_skewed]","IsNotNull(customer_id), IsNotNull(customer_segment), IsNotNull(risk_rating)","customer_id:bigint,credit_score:int,customer_segment:string,risk_rating:string","isnotnull(customer_id#30L), isnotnull(customer_segment#37), isnotnull(risk_rating#39)","",true
1,68,422,"Parquet",0,325057,42431919,0,"InMemoryFileIndex(1 paths)[s3a://goes-se-sandbox/data/warehouse/tablespace/external/hive/demo_pauldefusco.db/customers_skewed]","IsNotNull(customer_id), IsNotNull(customer_segment)","customer_id:bigint,customer_segment:string","isnotnull(customer_id#1676L), isnotnull(customer_segment#1683)","",true
1,68,185,"Parquet",0,311351,42431919,0,"InMemoryFileIndex(1 paths)[s3a://goes-se-sandbox/data/warehouse/tablespace/external/hive/demo_pauldefusco.db/customers_skewed]","IsNotNull(customer_id), IsNotNull(customer_segment), IsNotNull(risk_rating)","customer_id:bigint,customer_segment:string,risk_rating:string","isnotnull(customer_id#1152L), isnotnull(customer_segment#1159), isnotnull(risk_rating#1161)","",true
1,68,200,"Parquet",0,146816,13585953,0,"InMemoryFileIndex(1 paths)[s3a://goes-se-sandbox/data/warehouse/tablespace/external/hive/demo_pauldefusco.db/merchants_skewed]","IsNotNull(merchant_id)","merchant_id:bigint","isnotnull(merchant_id#1172L)","",true
1,68,432,"Parquet",0,452582,13585953,0,"InMemoryFileIndex(1 paths)[s3a://goes-se-sandbox/data/warehouse/tablespace/external/hive/demo_pauldefusco.db/merchants_skewed]","IsNotNull(merchant_id), IsNotNull(merchant_category)","merchant_id:bigint,merchant_category:string","isnotnull(merchant_id#1696L), isnotnull(merchant_category#1699)","",true
1,68,120,"Parquet",0,366184,13585953,0,"InMemoryFileIndex(1 paths)[s3a://goes-se-sandbox/data/warehouse/tablespace/external/hive/demo_pauldefusco.db/merchants_skewed]","IsNotNull(merchant_id), IsNotNull(merchant_category), IsNotNull(region)","merchant_id:bigint,region:string,merchant_category:string","isnotnull(merchant_id#70L), isnotnull(merchant_category#73), isnotnull(region#72)","",true
1,68,312,"Parquet",0,299603,13585953,0,"InMemoryFileIndex(1 paths)[s3a://goes-se-sandbox/data/warehouse/tablespace/external/hive/demo_pauldefusco.db/merchants_skewed]","IsNotNull(merchant_id), IsNotNull(merchant_category), IsNotNull(region)","merchant_id:bigint,region:string,merchant_category:string","isnotnull(merchant_id#70L), isnotnull(merchant_category#73), isnotnull(region#72)","",true
1,68,98,"Parquet",0,6530857,139988262866,0,"InMemoryFileIndex(1 paths)[s3a://goes-se-sandbox/data/warehouse/tablespace/external/hive/demo_pauldefusco.db/trs_v25]","IsNotNull(customer_id), IsNotNull(account_id), IsNotNull(merchant_id), IsNotNull(branch_id), IsNotNull(transaction_date)","customer_id:bigint,account_id:bigint,merchant_id:bigint,branch_id:bigint,transaction_date:date,transaction_amount:double","isnotnull(customer_id#1L), isnotnull(account_id#2L), isnotnull(merchant_id#3L), isnotnull(branch_id#4L), isnotnull(transaction_date#5)","",true
1,68,178,"Parquet",0,3681721,139988262866,0,"InMemoryFileIndex(1 paths)[s3a://goes-se-sandbox/data/warehouse/tablespace/external/hive/demo_pauldefusco.db/trs_v25]","IsNotNull(customer_id), IsNotNull(account_id), IsNotNull(merchant_id), IsNotNull(branch_id), IsNotNull(transaction_date)","customer_id:bigint,account_id:bigint,merchant_id:bigint,branch_id:bigint,transaction_date:date,transaction_amount:double,fraud_flag:int","isnotnull(customer_id#1138L), isnotnull(account_id#1139L), isnotnull(merchant_id#1140L), isnotnull(branch_id#1141L), isnotnull(transaction_date#1142)","",true
1,68,260,"Parquet",0,311071,42431919,0,"InMemoryFileIndex(1 paths)[s3a://goes-se-sandbox/data/warehouse/tablespace/external/hive/demo_pauldefusco.db/trs_v25]","IsNotNull(customer_id), IsNotNull(account_id), IsNotNull(merchant_id), IsNotNull(branch_id), IsNotNull(transaction_date)","customer_id:bigint,account_id:bigint,merchant_id:bigint,branch_id:bigint,transaction_date:date,transaction_amount:double,fraud_flag:int","isnotnull(customer_id#1138L), isnotnull(account_id#1139L), isnotnull(merchant_id#1140L), isnotnull(branch_id#1141L), isnotnull(transaction_date#1142)","",true
1,68,360,"Parquet",0,4336320,139988262866,0,"InMemoryFileIndex(1 paths)[s3a://goes-se-sandbox/data/warehouse/tablespace/external/hive/demo_pauldefusco.db/trs_v25]","IsNotNull(customer_id), IsNotNull(account_id), IsNotNull(merchant_id), IsNotNull(branch_id), IsNotNull(transaction_date)","customer_id:bigint,account_id:bigint,merchant_id:bigint,branch_id:bigint,transaction_date:date,transaction_amount:double,fraud_flag:int","isnotnull(customer_id#1138L), isnotnull(account_id#1139L), isnotnull(merchant_id#1140L), isnotnull(branch_id#1141L), isnotnull(transaction_date#1142)","",true
2,0,114,"Parquet",0,0,0,0,"InMemoryFileIndex(1 paths)[s3a://goes-se-sandbox/data/warehouse/tablespace/external/hive/demo_pauldefusco.db/accounts_skewed]","IsNotNull(account_id)","account_id:bigint","isnotnull(account_id#1163L)","",false
2,0,160,"Parquet",0,0,0,0,"InMemoryFileIndex(1 paths)[s3a://goes-se-sandbox/data/warehouse/tablespace/external/hive/demo_pauldefusco.db/accounts_skewed]","IsNotNull(account_id)","account_id:bigint","isnotnull(account_id#1285L)","",false
2,0,252,"Parquet",0,0,0,0,"InMemoryFileIndex(1 paths)[s3a://goes-se-sandbox/data/warehouse/tablespace/external/hive/demo_pauldefusco.db/accounts_skewed]","IsNotNull(account_id)","account_id:bigint","isnotnull(account_id#1557L)","",false
2,0,298,"Parquet",0,0,0,0,"InMemoryFileIndex(1 paths)[s3a://goes-se-sandbox/data/warehouse/tablespace/external/hive/demo_pauldefusco.db/accounts_skewed]","IsNotNull(account_id)","account_id:bigint","isnotnull(account_id#1687L)","",false
2,0,344,"Parquet",0,0,0,0,"InMemoryFileIndex(1 paths)[s3a://goes-se-sandbox/data/warehouse/tablespace/external/hive/demo_pauldefusco.db/accounts_skewed]","IsNotNull(account_id)","account_id:bigint","isnotnull(account_id#1821L)","",false
2,0,390,"Parquet",0,0,0,0,"InMemoryFileIndex(1 paths)[s3a://goes-se-sandbox/data/warehouse/tablespace/external/hive/demo_pauldefusco.db/accounts_skewed]","IsNotNull(account_id)","account_id:bigint","isnotnull(account_id#1961L)","",false
2,0,510,"Parquet",0,0,0,0,"InMemoryFileIndex(1 paths)[s3a://goes-se-sandbox/data/warehouse/tablespace/external/hive/demo_pauldefusco.db/accounts_skewed]","IsNotNull(account_id)","account_id:bigint","isnotnull(account_id#2404L)","",false
2,0,556,"Parquet",0,0,0,0,"InMemoryFileIndex(1 paths)[s3a://goes-se-sandbox/data/warehouse/tablespace/external/hive/demo_pauldefusco.db/accounts_skewed]","IsNotNull(account_id)","account_id:bigint","isnotnull(account_id#2480L)","",false
2,0,648,"Parquet",0,0,0,0,"InMemoryFileIndex(1 paths)[s3a://goes-se-sandbox/data/warehouse/tablespace/external/hive/demo_pauldefusco.db/accounts_skewed]","IsNotNull(account_id)","account_id:bigint","isnotnull(account_id#2632L)","",false
2,0,694,"Parquet",0,0,0,0,"InMemoryFileIndex(1 paths)[s3a://goes-se-sandbox/data/warehouse/tablespace/external/hive/demo_pauldefusco.db/accounts_skewed]","IsNotNull(account_id)","account_id:bigint","isnotnull(account_id#2700L)","",false
2,0,740,"Parquet",0,0,0,0,"InMemoryFileIndex(1 paths)[s3a://goes-se-sandbox/data/warehouse/tablespace/external/hive/demo_pauldefusco.db/accounts_skewed]","IsNotNull(account_id)","account_id:bigint","isnotnull(account_id#2768L)","",false
2,0,786,"Parquet",0,0,0,0,"InMemoryFileIndex(1 paths)[s3a://goes-se-sandbox/data/warehouse/tablespace/external/hive/demo_pauldefusco.db/accounts_skewed]","IsNotNull(account_id)","account_id:bigint","isnotnull(account_id#2836L)","",false
2,0,68,"Parquet",0,0,0,0,"InMemoryFileIndex(1 paths)[s3a://goes-se-sandbox/data/warehouse/tablespace/external/hive/demo_pauldefusco.db/accounts_skewed]","IsNotNull(account_id), IsNotNull(account_type)","account_id:bigint,account_type:string","isnotnull(account_id#51L), isnotnull(account_type#52)","",false
2,0,206,"Parquet",0,0,0,0,"InMemoryFileIndex(1 paths)[s3a://goes-se-sandbox/data/warehouse/tablespace/external/hive/demo_pauldefusco.db/accounts_skewed]","IsNotNull(account_id), IsNotNull(account_type)","account_id:bigint,account_type:string","isnotnull(account_id#1417L), isnotnull(account_type#1418)","",false
2,0,464,"Parquet",0,0,0,0,"InMemoryFileIndex(1 paths)[s3a://goes-se-sandbox/data/warehouse/tablespace/external/hive/demo_pauldefusco.db/accounts_skewed]","IsNotNull(account_id), IsNotNull(account_type)","account_id:bigint,account_type:string","isnotnull(account_id#2336L), isnotnull(account_type#2337)","",false
2,0,602,"Parquet",0,0,0,0,"InMemoryFileIndex(1 paths)[s3a://goes-se-sandbox/data/warehouse/tablespace/external/hive/demo_pauldefusco.db/accounts_skewed]","IsNotNull(account_id), IsNotNull(account_type)","account_id:bigint,account_type:string","isnotnull(account_id#2556L), isnotnull(account_type#2557)","",false
2,0,122,"Parquet",0,0,0,0,"InMemoryFileIndex(1 paths)[s3a://goes-se-sandbox/data/warehouse/tablespace/external/hive/demo_pauldefusco.db/branches_skewed]","IsNotNull(branch_id)","branch_id:bigint","isnotnull(branch_id#1182L)","",false
2,0,168,"Parquet",0,0,0,0,"InMemoryFileIndex(1 paths)[s3a://goes-se-sandbox/data/warehouse/tablespace/external/hive/demo_pauldefusco.db/branches_skewed]","IsNotNull(branch_id)","branch_id:bigint","isnotnull(branch_id#1304L)","",false
2,0,214,"Parquet",0,0,0,0,"InMemoryFileIndex(1 paths)[s3a://goes-se-sandbox/data/warehouse/tablespace/external/hive/demo_pauldefusco.db/branches_skewed]","IsNotNull(branch_id)","branch_id:bigint","isnotnull(branch_id#1436L)","",false
2,0,306,"Parquet",0,0,0,0,"InMemoryFileIndex(1 paths)[s3a://goes-se-sandbox/data/warehouse/tablespace/external/hive/demo_pauldefusco.db/branches_skewed]","IsNotNull(branch_id)","branch_id:bigint","isnotnull(branch_id#1706L)","",false
2,0,352,"Parquet",0,0,0,0,"InMemoryFileIndex(1 paths)[s3a://goes-se-sandbox/data/warehouse/tablespace/external/hive/demo_pauldefusco.db/branches_skewed]","IsNotNull(branch_id)","branch_id:bigint","isnotnull(branch_id#1840L)","",false
2,0,398,"Parquet",0,0,0,0,"InMemoryFileIndex(1 paths)[s3a://goes-se-sandbox/data/warehouse/tablespace/external/hive/demo_pauldefusco.db/branches_skewed]","IsNotNull(branch_id)","branch_id:bigint","isnotnull(branch_id#1980L)","",false
2,0,518,"Parquet",0,0,0,0,"InMemoryFileIndex(1 paths)[s3a://goes-se-sandbox/data/warehouse/tablespace/external/hive/demo_pauldefusco.db/branches_skewed]","IsNotNull(branch_id)","branch_id:bigint","isnotnull(branch_id#2423L)","",false
2,0,564,"Parquet",0,0,0,0,"InMemoryFileIndex(1 paths)[s3a://goes-se-sandbox/data/warehouse/tablespace/external/hive/demo_pauldefusco.db/branches_skewed]","IsNotNull(branch_id)","branch_id:bigint","isnotnull(branch_id#2499L)","",false
2,0,610,"Parquet",0,0,0,0,"InMemoryFileIndex(1 paths)[s3a://goes-se-sandbox/data/warehouse/tablespace/external/hive/demo_pauldefusco.db/branches_skewed]","IsNotNull(branch_id)","branch_id:bigint","isnotnull(branch_id#2575L)","",false
2,0,702,"Parquet",0,0,0,0,"InMemoryFileIndex(1 paths)[s3a://goes-se-sandbox/data/warehouse/tablespace/external/hive/demo_pauldefusco.db/branches_skewed]","IsNotNull(branch_id)","branch_id:bigint","isnotnull(branch_id#2719L)","",false
2,0,748,"Parquet",0,0,0,0,"InMemoryFileIndex(1 paths)[s3a://goes-se-sandbox/data/warehouse/tablespace/external/hive/demo_pauldefusco.db/branches_skewed]","IsNotNull(branch_id)","branch_id:bigint","isnotnull(branch_id#2787L)","",false
2,0,794,"Parquet",0,0,0,0,"InMemoryFileIndex(1 paths)[s3a://goes-se-sandbox/data/warehouse/tablespace/external/hive/demo_pauldefusco.db/branches_skewed]","IsNotNull(branch_id)","branch_id:bigint","isnotnull(branch_id#2855L)","",false
2,0,76,"Parquet",0,0,0,0,"InMemoryFileIndex(1 paths)[s3a://goes-se-sandbox/data/warehouse/tablespace/external/hive/demo_pauldefusco.db/branches_skewed]","IsNotNull(branch_id), IsNotNull(state), IsNotNull(region)","branch_id:bigint,state:string,region:string","isnotnull(branch_id#90L), isnotnull(state#92), isnotnull(region#93)","",false
2,0,260,"Parquet",0,0,0,0,"InMemoryFileIndex(1 paths)[s3a://goes-se-sandbox/data/warehouse/tablespace/external/hive/demo_pauldefusco.db/branches_skewed]","IsNotNull(branch_id), IsNotNull(state), IsNotNull(region)","branch_id:bigint,state:string,region:string","isnotnull(branch_id#1576L), isnotnull(state#1578), isnotnull(region#1579)","",false
2,0,472,"Parquet",0,0,0,0,"InMemoryFileIndex(1 paths)[s3a://goes-se-sandbox/data/warehouse/tablespace/external/hive/demo_pauldefusco.db/branches_skewed]","IsNotNull(branch_id), IsNotNull(state), IsNotNull(region)","branch_id:bigint,state:string,region:string","isnotnull(branch_id#2355L), isnotnull(state#2357), isnotnull(region#2358)","",false
2,0,656,"Parquet",0,0,0,0,"InMemoryFileIndex(1 paths)[s3a://goes-se-sandbox/data/warehouse/tablespace/external/hive/demo_pauldefusco.db/branches_skewed]","IsNotNull(branch_id), IsNotNull(state), IsNotNull(region)","branch_id:bigint,state:string,region:string","isnotnull(branch_id#2651L), isnotnull(state#2653), isnotnull(region#2654)","",false
2,0,126,"Parquet",0,0,0,0,"InMemoryFileIndex(1 paths)[s3a://goes-se-sandbox/data/warehouse/tablespace/external/hive/demo_pauldefusco.db/calendar]","IsNotNull(calendar_date)","calendar_date:date","isnotnull(calendar_date#1193)","",false
2,0,172,"Parquet",0,0,0,0,"InMemoryFileIndex(1 paths)[s3a://goes-se-sandbox/data/warehouse/tablespace/external/hive/demo_pauldefusco.db/calendar]","IsNotNull(calendar_date)","calendar_date:date","isnotnull(calendar_date#1315)","",false
2,0,218,"Parquet",0,0,0,0,"InMemoryFileIndex(1 paths)[s3a://goes-se-sandbox/data/warehouse/tablespace/external/hive/demo_pauldefusco.db/calendar]","IsNotNull(calendar_date)","calendar_date:date","isnotnull(calendar_date#1447)","",false
2,0,356,"Parquet",0,0,0,0,"InMemoryFileIndex(1 paths)[s3a://goes-se-sandbox/data/warehouse/tablespace/external/hive/demo_pauldefusco.db/calendar]","IsNotNull(calendar_date)","calendar_date:date","isnotnull(calendar_date#1851)","",false
2,0,522,"Parquet",0,0,0,0,"InMemoryFileIndex(1 paths)[s3a://goes-se-sandbox/data/warehouse/tablespace/external/hive/demo_pauldefusco.db/calendar]","IsNotNull(calendar_date)","calendar_date:date","isnotnull(calendar_date#2434)","",false
2,0,568,"Parquet",0,0,0,0,"InMemoryFileIndex(1 paths)[s3a://goes-se-sandbox/data/warehouse/tablespace/external/hive/demo_pauldefusco.db/calendar]","IsNotNull(calendar_date)","calendar_date:date","isnotnull(calendar_date#2510)","",false
2,0,614,"Parquet",0,0,0,0,"InMemoryFileIndex(1 paths)[s3a://goes-se-sandbox/data/warehouse/tablespace/external/hive/demo_pauldefusco.db/calendar]","IsNotNull(calendar_date)","calendar_date:date","isnotnull(calendar_date#2586)","",false
2,0,752,"Parquet",0,0,0,0,"InMemoryFileIndex(1 paths)[s3a://goes-se-sandbox/data/warehouse/tablespace/external/hive/demo_pauldefusco.db/calendar]","IsNotNull(calendar_date)","calendar_date:date","isnotnull(calendar_date#2798)","",false
2,0,310,"Parquet",0,0,0,0,"InMemoryFileIndex(1 paths)[s3a://goes-se-sandbox/data/warehouse/tablespace/external/hive/demo_pauldefusco.db/calendar]","IsNotNull(calendar_date), IsNotNull(year), IsNotNull(month)","calendar_date:date,year:int,month:int","isnotnull(calendar_date#1717), isnotnull(year#1719), isnotnull(month#1721)","",false
2,0,402,"Parquet",0,0,0,0,"InMemoryFileIndex(1 paths)[s3a://goes-se-sandbox/data/warehouse/tablespace/external/hive/demo_pauldefusco.db/calendar]","IsNotNull(calendar_date), IsNotNull(year), IsNotNull(month)","calendar_date:date,year:int,month:int","isnotnull(calendar_date#1991), isnotnull(year#1993), isnotnull(month#1995)","",false
2,0,706,"Parquet",0,0,0,0,"InMemoryFileIndex(1 paths)[s3a://goes-se-sandbox/data/warehouse/tablespace/external/hive/demo_pauldefusco.db/calendar]","IsNotNull(calendar_date), IsNotNull(year), IsNotNull(month)","calendar_date:date,year:int,month:int","isnotnull(calendar_date#2730), isnotnull(year#2732), isnotnull(month#2734)","",false
2,0,798,"Parquet",0,0,0,0,"InMemoryFileIndex(1 paths)[s3a://goes-se-sandbox/data/warehouse/tablespace/external/hive/demo_pauldefusco.db/calendar]","IsNotNull(calendar_date), IsNotNull(year), IsNotNull(month)","calendar_date:date,year:int,month:int","isnotnull(calendar_date#2866), isnotnull(year#2868), isnotnull(month#2870)","",false
2,0,264,"Parquet",0,0,0,0,"InMemoryFileIndex(1 paths)[s3a://goes-se-sandbox/data/warehouse/tablespace/external/hive/demo_pauldefusco.db/calendar]","IsNotNull(calendar_date), IsNotNull(year), IsNotNull(quarter)","calendar_date:date,year:int,quarter:int","isnotnull(calendar_date#1587), isnotnull(year#1589), isnotnull(quarter#1590)","",false
2,0,660,"Parquet",0,0,0,0,"InMemoryFileIndex(1 paths)[s3a://goes-se-sandbox/data/warehouse/tablespace/external/hive/demo_pauldefusco.db/calendar]","IsNotNull(calendar_date), IsNotNull(year), IsNotNull(quarter)","calendar_date:date,year:int,quarter:int","isnotnull(calendar_date#2662), isnotnull(year#2664), isnotnull(quarter#2665)","",false
2,0,80,"Parquet",0,0,0,0,"InMemoryFileIndex(1 paths)[s3a://goes-se-sandbox/data/warehouse/tablespace/external/hive/demo_pauldefusco.db/calendar]","IsNotNull(calendar_date), IsNotNull(year), IsNotNull(quarter), IsNotNull(month)","calendar_date:date,year:int,quarter:int,month:int","isnotnull(calendar_date#112), isnotnull(year#114), isnotnull(quarter#115), isnotnull(month#116)","",false
2,0,476,"Parquet",0,0,0,0,"InMemoryFileIndex(1 paths)[s3a://goes-se-sandbox/data/warehouse/tablespace/external/hive/demo_pauldefusco.db/calendar]","IsNotNull(calendar_date), IsNotNull(year), IsNotNull(quarter), IsNotNull(month)","calendar_date:date,year:int,quarter:int,month:int","isnotnull(calendar_date#2366), isnotnull(year#2368), isnotnull(quarter#2369), isnotnull(month#2370)","",false
2,0,156,"Parquet",0,0,0,0,"InMemoryFileIndex(1 paths)[s3a://goes-se-sandbox/data/warehouse/tablespace/external/hive/demo_pauldefusco.db/customers_skewed]","IsNotNull(customer_id)","customer_id:bigint","isnotnull(customer_id#1274L)","",false
2,0,202,"Parquet",0,0,0,0,"InMemoryFileIndex(1 paths)[s3a://goes-se-sandbox/data/warehouse/tablespace/external/hive/demo_pauldefusco.db/customers_skewed]","IsNotNull(customer_id)","customer_id:bigint","isnotnull(customer_id#1406L)","",false
2,0,248,"Parquet",0,0,0,0,"InMemoryFileIndex(1 paths)[s3a://goes-se-sandbox/data/warehouse/tablespace/external/hive/demo_pauldefusco.db/customers_skewed]","IsNotNull(customer_id)","customer_id:bigint","isnotnull(customer_id#1546L)","",false
2,0,340,"Parquet",0,0,0,0,"InMemoryFileIndex(1 paths)[s3a://goes-se-sandbox/data/warehouse/tablespace/external/hive/demo_pauldefusco.db/customers_skewed]","IsNotNull(customer_id)","customer_id:bigint","isnotnull(customer_id#1810L)","",false
2,0,386,"Parquet",0,0,0,0,"InMemoryFileIndex(1 paths)[s3a://goes-se-sandbox/data/warehouse/tablespace/external/hive/demo_pauldefusco.db/customers_skewed]","IsNotNull(customer_id)","customer_id:bigint","isnotnull(customer_id#1950L)","",false
2,0,552,"Parquet",0,0,0,0,"InMemoryFileIndex(1 paths)[s3a://goes-se-sandbox/data/warehouse/tablespace/external/hive/demo_pauldefusco.db/customers_skewed]","IsNotNull(customer_id)","customer_id:bigint","isnotnull(customer_id#2469L)","",false
2,0,598,"Parquet",0,0,0,0,"InMemoryFileIndex(1 paths)[s3a://goes-se-sandbox/data/warehouse/tablespace/external/hive/demo_pauldefusco.db/customers_skewed]","IsNotNull(customer_id)","customer_id:bigint","isnotnull(customer_id#2545L)","",false
2,0,644,"Parquet",0,0,0,0,"InMemoryFileIndex(1 paths)[s3a://goes-se-sandbox/data/warehouse/tablespace/external/hive/demo_pauldefusco.db/customers_skewed]","IsNotNull(customer_id)","customer_id:bigint","isnotnull(customer_id#2621L)","",false
2,0,736,"Parquet",0,0,0,0,"InMemoryFileIndex(1 paths)[s3a://goes-se-sandbox/data/warehouse/tablespace/external/hive/demo_pauldefusco.db/customers_skewed]","IsNotNull(customer_id)","customer_id:bigint","isnotnull(customer_id#2757L)","",false
2,0,782,"Parquet",0,0,0,0,"InMemoryFileIndex(1 paths)[s3a://goes-se-sandbox/data/warehouse/tablespace/external/hive/demo_pauldefusco.db/customers_skewed]","IsNotNull(customer_id)","customer_id:bigint","isnotnull(customer_id#2825L)","",false
2,0,294,"Parquet",0,0,0,0,"InMemoryFileIndex(1 paths)[s3a://goes-se-sandbox/data/warehouse/tablespace/external/hive/demo_pauldefusco.db/customers_skewed]","IsNotNull(customer_id), IsNotNull(customer_segment)","customer_id:bigint,customer_segment:string","isnotnull(customer_id#1676L), isnotnull(customer_segment#1683)","",false
2,0,690,"Parquet",0,0,0,0,"InMemoryFileIndex(1 paths)[s3a://goes-se-sandbox/data/warehouse/tablespace/external/hive/demo_pauldefusco.db/customers_skewed]","IsNotNull(customer_id), IsNotNull(customer_segment)","customer_id:bigint,customer_segment:string","isnotnull(customer_id#2689L), isnotnull(customer_segment#2696)","",false
2,0,64,"Parquet",0,0,0,0,"InMemoryFileIndex(1 paths)[s3a://goes-se-sandbox/data/warehouse/tablespace/external/hive/demo_pauldefusco.db/customers_skewed]","IsNotNull(customer_id), IsNotNull(customer_segment), IsNotNull(risk_rating)","customer_id:bigint,customer_segment:string,risk_rating:string","isnotnull(customer_id#30L), isnotnull(customer_segment#37), isnotnull(risk_rating#39)","",false
2,0,110,"Parquet",0,0,0,0,"InMemoryFileIndex(1 paths)[s3a://goes-se-sandbox/data/warehouse/tablespace/external/hive/demo_pauldefusco.db/customers_skewed]","IsNotNull(customer_id), IsNotNull(customer_segment), IsNotNull(risk_rating)","customer_id:bigint,customer_segment:string,risk_rating:string","isnotnull(customer_id#1152L), isnotnull(customer_segment#1159), isnotnull(risk_rating#1161)","",false
2,0,460,"Parquet",0,0,0,0,"InMemoryFileIndex(1 paths)[s3a://goes-se-sandbox/data/warehouse/tablespace/external/hive/demo_pauldefusco.db/customers_skewed]","IsNotNull(customer_id), IsNotNull(customer_segment), IsNotNull(risk_rating)","customer_id:bigint,customer_segment:string,risk_rating:string","isnotnull(customer_id#2325L), isnotnull(customer_segment#2332), isnotnull(risk_rating#2334)","",false
2,0,506,"Parquet",0,0,0,0,"InMemoryFileIndex(1 paths)[s3a://goes-se-sandbox/data/warehouse/tablespace/external/hive/demo_pauldefusco.db/customers_skewed]","IsNotNull(customer_id), IsNotNull(customer_segment), IsNotNull(risk_rating)","customer_id:bigint,customer_segment:string,risk_rating:string","isnotnull(customer_id#2393L), isnotnull(customer_segment#2400), isnotnull(risk_rating#2402)","",false
2,0,118,"Parquet",0,0,0,0,"InMemoryFileIndex(1 paths)[s3a://goes-se-sandbox/data/warehouse/tablespace/external/hive/demo_pauldefusco.db/merchants_skewed]","IsNotNull(merchant_id)","merchant_id:bigint","isnotnull(merchant_id#1172L)","",false
2,0,256,"Parquet",0,0,0,0,"InMemoryFileIndex(1 paths)[s3a://goes-se-sandbox/data/warehouse/tablespace/external/hive/demo_pauldefusco.db/merchants_skewed]","IsNotNull(merchant_id)","merchant_id:bigint","isnotnull(merchant_id#1566L)","",false
2,0,348,"Parquet",0,0,0,0,"InMemoryFileIndex(1 paths)[s3a://goes-se-sandbox/data/warehouse/tablespace/external/hive/demo_pauldefusco.db/merchants_skewed]","IsNotNull(merchant_id)","merchant_id:bigint","isnotnull(merchant_id#1830L)","",false
2,0,514,"Parquet",0,0,0,0,"InMemoryFileIndex(1 paths)[s3a://goes-se-sandbox/data/warehouse/tablespace/external/hive/demo_pauldefusco.db/merchants_skewed]","IsNotNull(merchant_id)","merchant_id:bigint","isnotnull(merchant_id#2413L)","",false
2,0,652,"Parquet",0,0,0,0,"InMemoryFileIndex(1 paths)[s3a://goes-se-sandbox/data/warehouse/tablespace/external/hive/demo_pauldefusco.db/merchants_skewed]","IsNotNull(merchant_id)","merchant_id:bigint","isnotnull(merchant_id#2641L)","",false
2,0,744,"Parquet",0,0,0,0,"InMemoryFileIndex(1 paths)[s3a://goes-se-sandbox/data/warehouse/tablespace/external/hive/demo_pauldefusco.db/merchants_skewed]","IsNotNull(merchant_id)","merchant_id:bigint","isnotnull(merchant_id#2777L)","",false
2,0,302,"Parquet",0,0,0,0,"InMemoryFileIndex(1 paths)[s3a://goes-se-sandbox/data/warehouse/tablespace/external/hive/demo_pauldefusco.db/merchants_skewed]","IsNotNull(merchant_id), IsNotNull(merchant_category)","merchant_id:bigint,merchant_category:string","isnotnull(merchant_id#1696L), isnotnull(merchant_category#1699)","",false
2,0,698,"Parquet",0,0,0,0,"InMemoryFileIndex(1 paths)[s3a://goes-se-sandbox/data/warehouse/tablespace/external/hive/demo_pauldefusco.db/merchants_skewed]","IsNotNull(merchant_id), IsNotNull(merchant_category)","merchant_id:bigint,merchant_category:string","isnotnull(merchant_id#2709L), isnotnull(merchant_category#2712)","",false
2,0,210,"Parquet",0,0,0,0,"InMemoryFileIndex(1 paths)[s3a://goes-se-sandbox/data/warehouse/tablespace/external/hive/demo_pauldefusco.db/merchants_skewed]","IsNotNull(merchant_id), IsNotNull(region)","merchant_id:bigint,region:string","isnotnull(merchant_id#1426L), isnotnull(region#1428)","",false
2,0,606,"Parquet",0,0,0,0,"InMemoryFileIndex(1 paths)[s3a://goes-se-sandbox/data/warehouse/tablespace/external/hive/demo_pauldefusco.db/merchants_skewed]","IsNotNull(merchant_id), IsNotNull(region)","merchant_id:bigint,region:string","isnotnull(merchant_id#2565L), isnotnull(region#2567)","",false
2,0,72,"Parquet",0,0,0,0,"InMemoryFileIndex(1 paths)[s3a://goes-se-sandbox/data/warehouse/tablespace/external/hive/demo_pauldefusco.db/merchants_skewed]","IsNotNull(merchant_id), IsNotNull(merchant_category), IsNotNull(region)","merchant_id:bigint,region:string,merchant_category:string","isnotnull(merchant_id#70L), isnotnull(merchant_category#73), isnotnull(region#72)","",false
2,0,164,"Parquet",0,0,0,0,"InMemoryFileIndex(1 paths)[s3a://goes-se-sandbox/data/warehouse/tablespace/external/hive/demo_pauldefusco.db/merchants_skewed]","IsNotNull(merchant_id), IsNotNull(merchant_category), IsNotNull(region)","merchant_id:bigint,region:string,merchant_category:string","isnotnull(merchant_id#1294L), isnotnull(merchant_category#1297), isnotnull(region#1296)","",false
2,0,394,"Parquet",0,0,0,0,"InMemoryFileIndex(1 paths)[s3a://goes-se-sandbox/data/warehouse/tablespace/external/hive/demo_pauldefusco.db/merchants_skewed]","IsNotNull(merchant_id), IsNotNull(merchant_category), IsNotNull(region)","merchant_id:bigint,region:string,merchant_category:string","isnotnull(merchant_id#1970L), isnotnull(merchant_category#1973), isnotnull(region#1972)","",false
2,0,468,"Parquet",0,0,0,0,"InMemoryFileIndex(1 paths)[s3a://goes-se-sandbox/data/warehouse/tablespace/external/hive/demo_pauldefusco.db/merchants_skewed]","IsNotNull(merchant_id), IsNotNull(merchant_category), IsNotNull(region)","merchant_id:bigint,region:string,merchant_category:string","isnotnull(merchant_id#2345L), isnotnull(merchant_category#2348), isnotnull(region#2347)","",false
2,0,560,"Parquet",0,0,0,0,"InMemoryFileIndex(1 paths)[s3a://goes-se-sandbox/data/warehouse/tablespace/external/hive/demo_pauldefusco.db/merchants_skewed]","IsNotNull(merchant_id), IsNotNull(merchant_category), IsNotNull(region)","merchant_id:bigint,region:string,merchant_category:string","isnotnull(merchant_id#2489L), isnotnull(merchant_category#2492), isnotnull(region#2491)","",false
2,0,790,"Parquet",0,0,0,0,"InMemoryFileIndex(1 paths)[s3a://goes-se-sandbox/data/warehouse/tablespace/external/hive/demo_pauldefusco.db/merchants_skewed]","IsNotNull(merchant_id), IsNotNull(merchant_category), IsNotNull(region)","merchant_id:bigint,region:string,merchant_category:string","isnotnull(merchant_id#2845L), isnotnull(merchant_category#2848), isnotnull(region#2847)","",false
2,0,106,"Parquet",0,0,0,0,"InMemoryFileIndex(1 paths)[s3a://goes-se-sandbox/data/warehouse/tablespace/external/hive/demo_pauldefusco.db/trs_v25]","IsNotNull(customer_id), IsNotNull(account_id), IsNotNull(merchant_id), IsNotNull(branch_id), IsNotNull(transaction_date)","customer_id:bigint,account_id:bigint,merchant_id:bigint,branch_id:bigint,transaction_date:date","isnotnull(customer_id#1138L), isnotnull(account_id#1139L), isnotnull(merchant_id#1140L), isnotnull(branch_id#1141L), isnotnull(transaction_date#1142)","",false
2,0,152,"Parquet",0,0,0,0,"InMemoryFileIndex(1 paths)[s3a://goes-se-sandbox/data/warehouse/tablespace/external/hive/demo_pauldefusco.db/trs_v25]","IsNotNull(customer_id), IsNotNull(account_id), IsNotNull(merchant_id), IsNotNull(branch_id), IsNotNull(transaction_date)","customer_id:bigint,account_id:bigint,merchant_id:bigint,branch_id:bigint,transaction_date:date","isnotnull(customer_id#1260L), isnotnull(account_id#1261L), isnotnull(merchant_id#1262L), isnotnull(branch_id#1263L), isnotnull(transaction_date#1264)","",false
2,0,198,"Parquet",0,0,0,0,"InMemoryFileIndex(1 paths)[s3a://goes-se-sandbox/data/warehouse/tablespace/external/hive/demo_pauldefusco.db/trs_v25]","IsNotNull(customer_id), IsNotNull(account_id), IsNotNull(merchant_id), IsNotNull(branch_id), IsNotNull(transaction_date)","customer_id:bigint,account_id:bigint,merchant_id:bigint,branch_id:bigint,transaction_date:date","isnotnull(customer_id#1392L), isnotnull(account_id#1393L), isnotnull(merchant_id#1394L), isnotnull(branch_id#1395L), isnotnull(transaction_date#1396)","",false
2,0,244,"Parquet",0,0,0,0,"InMemoryFileIndex(1 paths)[s3a://goes-se-sandbox/data/warehouse/tablespace/external/hive/demo_pauldefusco.db/trs_v25]","IsNotNull(customer_id), IsNotNull(account_id), IsNotNull(merchant_id), IsNotNull(branch_id), IsNotNull(transaction_date)","customer_id:bigint,account_id:bigint,merchant_id:bigint,branch_id:bigint,transaction_date:date","isnotnull(customer_id#1532L), isnotnull(account_id#1533L), isnotnull(merchant_id#1534L), isnotnull(branch_id#1535L), isnotnull(transaction_date#1536)","",false
2,0,290,"Parquet",0,0,0,0,"InMemoryFileIndex(1 paths)[s3a://goes-se-sandbox/data/warehouse/tablespace/external/hive/demo_pauldefusco.db/trs_v25]","IsNotNull(customer_id), IsNotNull(account_id), IsNotNull(merchant_id), IsNotNull(branch_id), IsNotNull(transaction_date)","customer_id:bigint,account_id:bigint,merchant_id:bigint,branch_id:bigint,transaction_date:date","isnotnull(customer_id#1662L), isnotnull(account_id#1663L), isnotnull(merchant_id#1664L), isnotnull(branch_id#1665L), isnotnull(transaction_date#1666)","",false
2,0,336,"Parquet",0,0,0,0,"InMemoryFileIndex(1 paths)[s3a://goes-se-sandbox/data/warehouse/tablespace/external/hive/demo_pauldefusco.db/trs_v25]","IsNotNull(customer_id), IsNotNull(account_id), IsNotNull(merchant_id), IsNotNull(branch_id), IsNotNull(transaction_date)","customer_id:bigint,account_id:bigint,merchant_id:bigint,branch_id:bigint,transaction_date:date","isnotnull(customer_id#1796L), isnotnull(account_id#1797L), isnotnull(merchant_id#1798L), isnotnull(branch_id#1799L), isnotnull(transaction_date#1800)","",false
2,0,382,"Parquet",0,0,0,0,"InMemoryFileIndex(1 paths)[s3a://goes-se-sandbox/data/warehouse/tablespace/external/hive/demo_pauldefusco.db/trs_v25]","IsNotNull(customer_id), IsNotNull(account_id), IsNotNull(merchant_id), IsNotNull(branch_id), IsNotNull(transaction_date)","customer_id:bigint,account_id:bigint,merchant_id:bigint,branch_id:bigint,transaction_date:date","isnotnull(customer_id#1936L), isnotnull(account_id#1937L), isnotnull(merchant_id#1938L), isnotnull(branch_id#1939L), isnotnull(transaction_date#1940)","",false
2,0,456,"Parquet",0,0,0,0,"InMemoryFileIndex(1 paths)[s3a://goes-se-sandbox/data/warehouse/tablespace/external/hive/demo_pauldefusco.db/trs_v25]","IsNotNull(customer_id), IsNotNull(account_id), IsNotNull(merchant_id), IsNotNull(branch_id), IsNotNull(transaction_date)","customer_id:bigint,account_id:bigint,merchant_id:bigint,branch_id:bigint,transaction_date:date","isnotnull(customer_id#2311L), isnotnull(account_id#2312L), isnotnull(merchant_id#2313L), isnotnull(branch_id#2314L), isnotnull(transaction_date#2315)","",false
2,0,502,"Parquet",0,0,0,0,"InMemoryFileIndex(1 paths)[s3a://goes-se-sandbox/data/warehouse/tablespace/external/hive/demo_pauldefusco.db/trs_v25]","IsNotNull(customer_id), IsNotNull(account_id), IsNotNull(merchant_id), IsNotNull(branch_id), IsNotNull(transaction_date)","customer_id:bigint,account_id:bigint,merchant_id:bigint,branch_id:bigint,transaction_date:date","isnotnull(customer_id#2379L), isnotnull(account_id#2380L), isnotnull(merchant_id#2381L), isnotnull(branch_id#2382L), isnotnull(transaction_date#2383)","",false
2,0,548,"Parquet",0,0,0,0,"InMemoryFileIndex(1 paths)[s3a://goes-se-sandbox/data/warehouse/tablespace/external/hive/demo_pauldefusco.db/trs_v25]","IsNotNull(customer_id), IsNotNull(account_id), IsNotNull(merchant_id), IsNotNull(branch_id), IsNotNull(transaction_date)","customer_id:bigint,account_id:bigint,merchant_id:bigint,branch_id:bigint,transaction_date:date","isnotnull(customer_id#2455L), isnotnull(account_id#2456L), isnotnull(merchant_id#2457L), isnotnull(branch_id#2458L), isnotnull(transaction_date#2459)","",false
2,0,594,"Parquet",0,0,0,0,"InMemoryFileIndex(1 paths)[s3a://goes-se-sandbox/data/warehouse/tablespace/external/hive/demo_pauldefusco.db/trs_v25]","IsNotNull(customer_id), IsNotNull(account_id), IsNotNull(merchant_id), IsNotNull(branch_id), IsNotNull(transaction_date)","customer_id:bigint,account_id:bigint,merchant_id:bigint,branch_id:bigint,transaction_date:date","isnotnull(customer_id#2531L), isnotnull(account_id#2532L), isnotnull(merchant_id#2533L), isnotnull(branch_id#2534L), isnotnull(transaction_date#2535)","",false
2,0,640,"Parquet",0,0,0,0,"InMemoryFileIndex(1 paths)[s3a://goes-se-sandbox/data/warehouse/tablespace/external/hive/demo_pauldefusco.db/trs_v25]","IsNotNull(customer_id), IsNotNull(account_id), IsNotNull(merchant_id), IsNotNull(branch_id), IsNotNull(transaction_date)","customer_id:bigint,account_id:bigint,merchant_id:bigint,branch_id:bigint,transaction_date:date","isnotnull(customer_id#2607L), isnotnull(account_id#2608L), isnotnull(merchant_id#2609L), isnotnull(branch_id#2610L), isnotnull(transaction_date#2611)","",false
2,0,686,"Parquet",0,0,0,0,"InMemoryFileIndex(1 paths)[s3a://goes-se-sandbox/data/warehouse/tablespace/external/hive/demo_pauldefusco.db/trs_v25]","IsNotNull(customer_id), IsNotNull(account_id), IsNotNull(merchant_id), IsNotNull(branch_id), IsNotNull(transaction_date)","customer_id:bigint,account_id:bigint,merchant_id:bigint,branch_id:bigint,transaction_date:date","isnotnull(customer_id#2675L), isnotnull(account_id#2676L), isnotnull(merchant_id#2677L), isnotnull(branch_id#2678L), isnotnull(transaction_date#2679)","",false
2,0,732,"Parquet",0,0,0,0,"InMemoryFileIndex(1 paths)[s3a://goes-se-sandbox/data/warehouse/tablespace/external/hive/demo_pauldefusco.db/trs_v25]","IsNotNull(customer_id), IsNotNull(account_id), IsNotNull(merchant_id), IsNotNull(branch_id), IsNotNull(transaction_date)","customer_id:bigint,account_id:bigint,merchant_id:bigint,branch_id:bigint,transaction_date:date","isnotnull(customer_id#2743L), isnotnull(account_id#2744L), isnotnull(merchant_id#2745L), isnotnull(branch_id#2746L), isnotnull(transaction_date#2747)","",false
2,0,778,"Parquet",0,0,0,0,"InMemoryFileIndex(1 paths)[s3a://goes-se-sandbox/data/warehouse/tablespace/external/hive/demo_pauldefusco.db/trs_v25]","IsNotNull(customer_id), IsNotNull(account_id), IsNotNull(merchant_id), IsNotNull(branch_id), IsNotNull(transaction_date)","customer_id:bigint,account_id:bigint,merchant_id:bigint,branch_id:bigint,transaction_date:date","isnotnull(customer_id#2811L), isnotnull(account_id#2812L), isnotnull(merchant_id#2813L), isnotnull(branch_id#2814L), isnotnull(transaction_date#2815)","",false
2,0,60,"Parquet",0,0,0,0,"InMemoryFileIndex(1 paths)[s3a://goes-se-sandbox/data/warehouse/tablespace/external/hive/demo_pauldefusco.db/trs_v25]","IsNotNull(customer_id), IsNotNull(account_id), IsNotNull(merchant_id), IsNotNull(branch_id), IsNotNull(transaction_date)","customer_id:bigint,account_id:bigint,merchant_id:bigint,branch_id:bigint,transaction_date:date,transaction_amount:double","isnotnull(customer_id#1L), isnotnull(account_id#2L), isnotnull(merchant_id#3L), isnotnull(branch_id#4L), isnotnull(transaction_date#5)","",false
2,1,127,"Parquet",0,0,0,0,"InMemoryFileIndex(1 paths)[s3a://goes-se-sandbox/data/warehouse/tablespace/external/hive/demo_pauldefusco.db/accounts_skewed]","IsNotNull(account_id)","account_id:bigint","isnotnull(account_id#1163L)","",false
2,1,74,"Parquet",0,0,0,0,"InMemoryFileIndex(1 paths)[s3a://goes-se-sandbox/data/warehouse/tablespace/external/hive/demo_pauldefusco.db/accounts_skewed]","IsNotNull(account_id), IsNotNull(account_type)","account_id:bigint,account_type:string","isnotnull(account_id#51L), isnotnull(account_type#52)","",false
2,1,139,"Parquet",0,0,0,0,"InMemoryFileIndex(1 paths)[s3a://goes-se-sandbox/data/warehouse/tablespace/external/hive/demo_pauldefusco.db/branches_skewed]","IsNotNull(branch_id)","branch_id:bigint","isnotnull(branch_id#1182L)","",false
2,1,86,"Parquet",0,0,0,0,"InMemoryFileIndex(1 paths)[s3a://goes-se-sandbox/data/warehouse/tablespace/external/hive/demo_pauldefusco.db/branches_skewed]","IsNotNull(branch_id), IsNotNull(state), IsNotNull(region)","branch_id:bigint,state:string,region:string","isnotnull(branch_id#90L), isnotnull(state#92), isnotnull(region#93)","",false
2,1,145,"Parquet",0,0,0,0,"InMemoryFileIndex(1 paths)[s3a://goes-se-sandbox/data/warehouse/tablespace/external/hive/demo_pauldefusco.db/calendar]","IsNotNull(calendar_date)","calendar_date:date","isnotnull(calendar_date#1193)","",false
2,1,287,"Parquet",0,0,0,0,"InMemoryFileIndex(1 paths)[s3a://goes-se-sandbox/data/warehouse/tablespace/external/hive/demo_pauldefusco.db/calendar]","IsNotNull(calendar_date), IsNotNull(year), IsNotNull(month)","calendar_date:date,year:int,month:int","isnotnull(calendar_date#1717), isnotnull(year#1719), isnotnull(month#1721)","",false
2,1,244,"Parquet",0,0,0,0,"InMemoryFileIndex(1 paths)[s3a://goes-se-sandbox/data/warehouse/tablespace/external/hive/demo_pauldefusco.db/calendar]","IsNotNull(calendar_date), IsNotNull(year), IsNotNull(quarter)","calendar_date:date,year:int,quarter:int","isnotnull(calendar_date#1587), isnotnull(year#1589), isnotnull(quarter#1590)","",false
2,1,92,"Parquet",0,0,0,0,"InMemoryFileIndex(1 paths)[s3a://goes-se-sandbox/data/warehouse/tablespace/external/hive/demo_pauldefusco.db/calendar]","IsNotNull(calendar_date), IsNotNull(year), IsNotNull(quarter), IsNotNull(month)","calendar_date:date,year:int,quarter:int,month:int","isnotnull(calendar_date#112), isnotnull(year#114), isnotnull(quarter#115), isnotnull(month#116)","",false
2,1,273,"Parquet",0,0,0,0,"InMemoryFileIndex(1 paths)[s3a://goes-se-sandbox/data/warehouse/tablespace/external/hive/demo_pauldefusco.db/customers_skewed]","IsNotNull(customer_id), IsNotNull(customer_segment)","customer_id:bigint,customer_segment:string","isnotnull(customer_id#1676L), isnotnull(customer_segment#1683)","",false
2,1,68,"Parquet",0,0,0,0,"InMemoryFileIndex(1 paths)[s3a://goes-se-sandbox/data/warehouse/tablespace/external/hive/demo_pauldefusco.db/customers_skewed]","IsNotNull(customer_id), IsNotNull(customer_segment), IsNotNull(risk_rating)","customer_id:bigint,customer_segment:string,risk_rating:string","isnotnull(customer_id#30L), isnotnull(customer_segment#37), isnotnull(risk_rating#39)","",false
2,1,174,"Parquet",0,0,0,0,"InMemoryFileIndex(1 paths)[s3a://goes-se-sandbox/data/warehouse/tablespace/external/hive/demo_pauldefusco.db/customers_skewed]","IsNotNull(customer_id), IsNotNull(customer_segment), IsNotNull(risk_rating)","customer_id:bigint,customer_segment:string,risk_rating:string","isnotnull(customer_id#30L), isnotnull(customer_segment#37), isnotnull(risk_rating#39)","",false
2,1,133,"Parquet",0,0,0,0,"InMemoryFileIndex(1 paths)[s3a://goes-se-sandbox/data/warehouse/tablespace/external/hive/demo_pauldefusco.db/merchants_skewed]","IsNotNull(merchant_id)","merchant_id:bigint","isnotnull(merchant_id#1172L)","",false
2,1,280,"Parquet",0,0,0,0,"InMemoryFileIndex(1 paths)[s3a://goes-se-sandbox/data/warehouse/tablespace/external/hive/demo_pauldefusco.db/merchants_skewed]","IsNotNull(merchant_id), IsNotNull(merchant_category)","merchant_id:bigint,merchant_category:string","isnotnull(merchant_id#1696L), isnotnull(merchant_category#1699)","",false
2,1,80,"Parquet",0,0,0,0,"InMemoryFileIndex(1 paths)[s3a://goes-se-sandbox/data/warehouse/tablespace/external/hive/demo_pauldefusco.db/merchants_skewed]","IsNotNull(merchant_id), IsNotNull(merchant_category), IsNotNull(region)","merchant_id:bigint,region:string,merchant_category:string","isnotnull(merchant_id#70L), isnotnull(merchant_category#73), isnotnull(region#72)","",false
2,1,209,"Parquet",0,0,0,0,"InMemoryFileIndex(1 paths)[s3a://goes-se-sandbox/data/warehouse/tablespace/external/hive/demo_pauldefusco.db/merchants_skewed]","IsNotNull(merchant_id), IsNotNull(merchant_category), IsNotNull(region)","merchant_id:bigint,region:string,merchant_category:string","isnotnull(merchant_id#70L), isnotnull(merchant_category#73), isnotnull(region#72)","",false
2,1,120,"Parquet",0,0,0,0,"InMemoryFileIndex(1 paths)[s3a://goes-se-sandbox/data/warehouse/tablespace/external/hive/demo_pauldefusco.db/trs_v25]","IsNotNull(customer_id), IsNotNull(account_id), IsNotNull(merchant_id), IsNotNull(branch_id), IsNotNull(transaction_date)","customer_id:bigint,account_id:bigint,merchant_id:bigint,branch_id:bigint,transaction_date:date","isnotnull(customer_id#1138L), isnotnull(account_id#1139L), isnotnull(merchant_id#1140L), isnotnull(branch_id#1141L), isnotnull(transaction_date#1142)","",false
2,1,62,"Parquet",0,0,0,0,"InMemoryFileIndex(1 paths)[s3a://goes-se-sandbox/data/warehouse/tablespace/external/hive/demo_pauldefusco.db/trs_v25]","IsNotNull(customer_id), IsNotNull(account_id), IsNotNull(merchant_id), IsNotNull(branch_id), IsNotNull(transaction_date)","customer_id:bigint,account_id:bigint,merchant_id:bigint,branch_id:bigint,transaction_date:date,transaction_amount:double","isnotnull(customer_id#1L), isnotnull(account_id#2L), isnotnull(merchant_id#3L), isnotnull(branch_id#4L), isnotnull(transaction_date#5)","",false
2,2,130,"Parquet",0,0,0,0,"InMemoryFileIndex(1 paths)[s3a://goes-se-sandbox/data/warehouse/tablespace/external/hive/demo_pauldefusco.db/accounts_skewed]","IsNotNull(account_id)","account_id:bigint","isnotnull(account_id#1163L)","",false
2,2,77,"Parquet",0,0,0,0,"InMemoryFileIndex(1 paths)[s3a://goes-se-sandbox/data/warehouse/tablespace/external/hive/demo_pauldefusco.db/accounts_skewed]","IsNotNull(account_id), IsNotNull(account_type)","account_id:bigint,account_type:string","isnotnull(account_id#51L), isnotnull(account_type#52)","",false
2,2,142,"Parquet",0,0,0,0,"InMemoryFileIndex(1 paths)[s3a://goes-se-sandbox/data/warehouse/tablespace/external/hive/demo_pauldefusco.db/branches_skewed]","IsNotNull(branch_id)","branch_id:bigint","isnotnull(branch_id#1182L)","",false
2,2,89,"Parquet",0,0,0,0,"InMemoryFileIndex(1 paths)[s3a://goes-se-sandbox/data/warehouse/tablespace/external/hive/demo_pauldefusco.db/branches_skewed]","IsNotNull(branch_id), IsNotNull(state), IsNotNull(region)","branch_id:bigint,state:string,region:string","isnotnull(branch_id#90L), isnotnull(state#92), isnotnull(region#93)","",false
2,2,148,"Parquet",0,0,0,0,"InMemoryFileIndex(1 paths)[s3a://goes-se-sandbox/data/warehouse/tablespace/external/hive/demo_pauldefusco.db/calendar]","IsNotNull(calendar_date)","calendar_date:date","isnotnull(calendar_date#1193)","",false
2,2,290,"Parquet",0,0,0,0,"InMemoryFileIndex(1 paths)[s3a://goes-se-sandbox/data/warehouse/tablespace/external/hive/demo_pauldefusco.db/calendar]","IsNotNull(calendar_date), IsNotNull(year), IsNotNull(month)","calendar_date:date,year:int,month:int","isnotnull(calendar_date#1717), isnotnull(year#1719), isnotnull(month#1721)","",false
2,2,247,"Parquet",0,0,0,0,"InMemoryFileIndex(1 paths)[s3a://goes-se-sandbox/data/warehouse/tablespace/external/hive/demo_pauldefusco.db/calendar]","IsNotNull(calendar_date), IsNotNull(year), IsNotNull(quarter)","calendar_date:date,year:int,quarter:int","isnotnull(calendar_date#1587), isnotnull(year#1589), isnotnull(quarter#1590)","",false
2,2,95,"Parquet",0,0,0,0,"InMemoryFileIndex(1 paths)[s3a://goes-se-sandbox/data/warehouse/tablespace/external/hive/demo_pauldefusco.db/calendar]","IsNotNull(calendar_date), IsNotNull(year), IsNotNull(quarter), IsNotNull(month)","calendar_date:date,year:int,quarter:int,month:int","isnotnull(calendar_date#112), isnotnull(year#114), isnotnull(quarter#115), isnotnull(month#116)","",false
2,2,276,"Parquet",0,0,0,0,"InMemoryFileIndex(1 paths)[s3a://goes-se-sandbox/data/warehouse/tablespace/external/hive/demo_pauldefusco.db/customers_skewed]","IsNotNull(customer_id), IsNotNull(customer_segment)","customer_id:bigint,customer_segment:string","isnotnull(customer_id#1676L), isnotnull(customer_segment#1683)","",false
2,2,71,"Parquet",0,0,0,0,"InMemoryFileIndex(1 paths)[s3a://goes-se-sandbox/data/warehouse/tablespace/external/hive/demo_pauldefusco.db/customers_skewed]","IsNotNull(customer_id), IsNotNull(customer_segment), IsNotNull(risk_rating)","customer_id:bigint,customer_segment:string,risk_rating:string","isnotnull(customer_id#30L), isnotnull(customer_segment#37), isnotnull(risk_rating#39)","",false
2,2,177,"Parquet",0,0,0,0,"InMemoryFileIndex(1 paths)[s3a://goes-se-sandbox/data/warehouse/tablespace/external/hive/demo_pauldefusco.db/customers_skewed]","IsNotNull(customer_id), IsNotNull(customer_segment), IsNotNull(risk_rating)","customer_id:bigint,customer_segment:string,risk_rating:string","isnotnull(customer_id#30L), isnotnull(customer_segment#37), isnotnull(risk_rating#39)","",false
2,2,136,"Parquet",0,0,0,0,"InMemoryFileIndex(1 paths)[s3a://goes-se-sandbox/data/warehouse/tablespace/external/hive/demo_pauldefusco.db/merchants_skewed]","IsNotNull(merchant_id)","merchant_id:bigint","isnotnull(merchant_id#1172L)","",false
2,2,283,"Parquet",0,0,0,0,"InMemoryFileIndex(1 paths)[s3a://goes-se-sandbox/data/warehouse/tablespace/external/hive/demo_pauldefusco.db/merchants_skewed]","IsNotNull(merchant_id), IsNotNull(merchant_category)","merchant_id:bigint,merchant_category:string","isnotnull(merchant_id#1696L), isnotnull(merchant_category#1699)","",false
2,2,83,"Parquet",0,0,0,0,"InMemoryFileIndex(1 paths)[s3a://goes-se-sandbox/data/warehouse/tablespace/external/hive/demo_pauldefusco.db/merchants_skewed]","IsNotNull(merchant_id), IsNotNull(merchant_category), IsNotNull(region)","merchant_id:bigint,region:string,merchant_category:string","isnotnull(merchant_id#70L), isnotnull(merchant_category#73), isnotnull(region#72)","",false
2,2,212,"Parquet",0,0,0,0,"InMemoryFileIndex(1 paths)[s3a://goes-se-sandbox/data/warehouse/tablespace/external/hive/demo_pauldefusco.db/merchants_skewed]","IsNotNull(merchant_id), IsNotNull(merchant_category), IsNotNull(region)","merchant_id:bigint,region:string,merchant_category:string","isnotnull(merchant_id#70L), isnotnull(merchant_category#73), isnotnull(region#72)","",false
2,2,123,"Parquet",0,0,0,0,"InMemoryFileIndex(1 paths)[s3a://goes-se-sandbox/data/warehouse/tablespace/external/hive/demo_pauldefusco.db/trs_v25]","IsNotNull(customer_id), IsNotNull(account_id), IsNotNull(merchant_id), IsNotNull(branch_id), IsNotNull(transaction_date)","customer_id:bigint,account_id:bigint,merchant_id:bigint,branch_id:bigint,transaction_date:date","isnotnull(customer_id#1138L), isnotnull(account_id#1139L), isnotnull(merchant_id#1140L), isnotnull(branch_id#1141L), isnotnull(transaction_date#1142)","",false
2,2,64,"Parquet",0,0,0,0,"InMemoryFileIndex(1 paths)[s3a://goes-se-sandbox/data/warehouse/tablespace/external/hive/demo_pauldefusco.db/trs_v25]","IsNotNull(customer_id), IsNotNull(account_id), IsNotNull(merchant_id), IsNotNull(branch_id), IsNotNull(transaction_date)","customer_id:bigint,account_id:bigint,merchant_id:bigint,branch_id:bigint,transaction_date:date,transaction_amount:double","isnotnull(customer_id#1L), isnotnull(account_id#2L), isnotnull(merchant_id#3L), isnotnull(branch_id#4L), isnotnull(transaction_date#5)","",false
2,3,133,"Parquet",0,0,0,0,"InMemoryFileIndex(1 paths)[s3a://goes-se-sandbox/data/warehouse/tablespace/external/hive/demo_pauldefusco.db/accounts_skewed]","IsNotNull(account_id)","account_id:bigint","isnotnull(account_id#1163L)","",false
2,3,77,"Parquet",0,0,0,0,"InMemoryFileIndex(1 paths)[s3a://goes-se-sandbox/data/warehouse/tablespace/external/hive/demo_pauldefusco.db/accounts_skewed]","IsNotNull(account_id), IsNotNull(account_type)","account_id:bigint,account_type:string","isnotnull(account_id#51L), isnotnull(account_type#52)","",false
2,3,145,"Parquet",0,0,0,0,"InMemoryFileIndex(1 paths)[s3a://goes-se-sandbox/data/warehouse/tablespace/external/hive/demo_pauldefusco.db/branches_skewed]","IsNotNull(branch_id)","branch_id:bigint","isnotnull(branch_id#1182L)","",false
2,3,89,"Parquet",0,0,0,0,"InMemoryFileIndex(1 paths)[s3a://goes-se-sandbox/data/warehouse/tablespace/external/hive/demo_pauldefusco.db/branches_skewed]","IsNotNull(branch_id), IsNotNull(state), IsNotNull(region)","branch_id:bigint,state:string,region:string","isnotnull(branch_id#90L), isnotnull(state#92), isnotnull(region#93)","",false
2,3,151,"Parquet",0,0,0,0,"InMemoryFileIndex(1 paths)[s3a://goes-se-sandbox/data/warehouse/tablespace/external/hive/demo_pauldefusco.db/calendar]","IsNotNull(calendar_date)","calendar_date:date","isnotnull(calendar_date#1193)","",false
2,3,289,"Parquet",0,0,0,0,"InMemoryFileIndex(1 paths)[s3a://goes-se-sandbox/data/warehouse/tablespace/external/hive/demo_pauldefusco.db/calendar]","IsNotNull(calendar_date), IsNotNull(year), IsNotNull(month)","calendar_date:date,year:int,month:int","isnotnull(calendar_date#1717), isnotnull(year#1719), isnotnull(month#1721)","",false
2,3,243,"Parquet",0,0,0,0,"InMemoryFileIndex(1 paths)[s3a://goes-se-sandbox/data/warehouse/tablespace/external/hive/demo_pauldefusco.db/calendar]","IsNotNull(calendar_date), IsNotNull(year), IsNotNull(quarter)","calendar_date:date,year:int,quarter:int","isnotnull(calendar_date#1587), isnotnull(year#1589), isnotnull(quarter#1590)","",false
2,3,95,"Parquet",0,0,0,0,"InMemoryFileIndex(1 paths)[s3a://goes-se-sandbox/data/warehouse/tablespace/external/hive/demo_pauldefusco.db/calendar]","IsNotNull(calendar_date), IsNotNull(year), IsNotNull(quarter), IsNotNull(month)","calendar_date:date,year:int,quarter:int,month:int","isnotnull(calendar_date#112), isnotnull(year#114), isnotnull(quarter#115), isnotnull(month#116)","",false
2,3,275,"Parquet",0,0,0,0,"InMemoryFileIndex(1 paths)[s3a://goes-se-sandbox/data/warehouse/tablespace/external/hive/demo_pauldefusco.db/customers_skewed]","IsNotNull(customer_id), IsNotNull(customer_segment)","customer_id:bigint,customer_segment:string","isnotnull(customer_id#1676L), isnotnull(customer_segment#1683)","",false
2,3,71,"Parquet",0,0,0,0,"InMemoryFileIndex(1 paths)[s3a://goes-se-sandbox/data/warehouse/tablespace/external/hive/demo_pauldefusco.db/customers_skewed]","IsNotNull(customer_id), IsNotNull(customer_segment), IsNotNull(risk_rating)","customer_id:bigint,customer_segment:string,risk_rating:string","isnotnull(customer_id#30L), isnotnull(customer_segment#37), isnotnull(risk_rating#39)","",false
2,3,183,"Parquet",0,0,0,0,"InMemoryFileIndex(1 paths)[s3a://goes-se-sandbox/data/warehouse/tablespace/external/hive/demo_pauldefusco.db/customers_skewed]","IsNotNull(customer_id), IsNotNull(customer_segment), IsNotNull(risk_rating)","customer_id:bigint,customer_segment:string,risk_rating:string","isnotnull(customer_id#30L), isnotnull(customer_segment#37), isnotnull(risk_rating#39)","",false
2,3,139,"Parquet",0,0,0,0,"InMemoryFileIndex(1 paths)[s3a://goes-se-sandbox/data/warehouse/tablespace/external/hive/demo_pauldefusco.db/merchants_skewed]","IsNotNull(merchant_id)","merchant_id:bigint","isnotnull(merchant_id#1172L)","",false
2,3,282,"Parquet",0,0,0,0,"InMemoryFileIndex(1 paths)[s3a://goes-se-sandbox/data/warehouse/tablespace/external/hive/demo_pauldefusco.db/merchants_skewed]","IsNotNull(merchant_id), IsNotNull(merchant_category)","merchant_id:bigint,merchant_category:string","isnotnull(merchant_id#1696L), isnotnull(merchant_category#1699)","",false
2,3,83,"Parquet",0,0,0,0,"InMemoryFileIndex(1 paths)[s3a://goes-se-sandbox/data/warehouse/tablespace/external/hive/demo_pauldefusco.db/merchants_skewed]","IsNotNull(merchant_id), IsNotNull(merchant_category), IsNotNull(region)","merchant_id:bigint,region:string,merchant_category:string","isnotnull(merchant_id#70L), isnotnull(merchant_category#73), isnotnull(region#72)","",false
2,3,213,"Parquet",0,0,0,0,"InMemoryFileIndex(1 paths)[s3a://goes-se-sandbox/data/warehouse/tablespace/external/hive/demo_pauldefusco.db/merchants_skewed]","IsNotNull(merchant_id), IsNotNull(merchant_category), IsNotNull(region)","merchant_id:bigint,region:string,merchant_category:string","isnotnull(merchant_id#70L), isnotnull(merchant_category#73), isnotnull(region#72)","",false
2,3,125,"Parquet",0,0,0,0,"InMemoryFileIndex(1 paths)[s3a://goes-se-sandbox/data/warehouse/tablespace/external/hive/demo_pauldefusco.db/trs_v25]","IsNotNull(customer_id), IsNotNull(account_id), IsNotNull(merchant_id), IsNotNull(branch_id), IsNotNull(transaction_date)","customer_id:bigint,account_id:bigint,merchant_id:bigint,branch_id:bigint,transaction_date:date","isnotnull(customer_id#1138L), isnotnull(account_id#1139L), isnotnull(merchant_id#1140L), isnotnull(branch_id#1141L), isnotnull(transaction_date#1142)","",false
2,3,64,"Parquet",0,0,0,0,"InMemoryFileIndex(1 paths)[s3a://goes-se-sandbox/data/warehouse/tablespace/external/hive/demo_pauldefusco.db/trs_v25]","IsNotNull(customer_id), IsNotNull(account_id), IsNotNull(merchant_id), IsNotNull(branch_id), IsNotNull(transaction_date)","customer_id:bigint,account_id:bigint,merchant_id:bigint,branch_id:bigint,transaction_date:date,transaction_amount:double","isnotnull(customer_id#1L), isnotnull(account_id#2L), isnotnull(merchant_id#3L), isnotnull(branch_id#4L), isnotnull(transaction_date#5)","",false
2,4,136,"Parquet",0,0,0,0,"InMemoryFileIndex(1 paths)[s3a://goes-se-sandbox/data/warehouse/tablespace/external/hive/demo_pauldefusco.db/accounts_skewed]","IsNotNull(account_id)","account_id:bigint","isnotnull(account_id#1163L)","",false
2,4,80,"Parquet",0,0,0,0,"InMemoryFileIndex(1 paths)[s3a://goes-se-sandbox/data/warehouse/tablespace/external/hive/demo_pauldefusco.db/accounts_skewed]","IsNotNull(account_id), IsNotNull(account_type)","account_id:bigint,account_type:string","isnotnull(account_id#51L), isnotnull(account_type#52)","",false
2,4,148,"Parquet",0,0,0,0,"InMemoryFileIndex(1 paths)[s3a://goes-se-sandbox/data/warehouse/tablespace/external/hive/demo_pauldefusco.db/branches_skewed]","IsNotNull(branch_id)","branch_id:bigint","isnotnull(branch_id#1182L)","",false
2,4,92,"Parquet",0,0,0,0,"InMemoryFileIndex(1 paths)[s3a://goes-se-sandbox/data/warehouse/tablespace/external/hive/demo_pauldefusco.db/branches_skewed]","IsNotNull(branch_id), IsNotNull(state), IsNotNull(region)","branch_id:bigint,state:string,region:string","isnotnull(branch_id#90L), isnotnull(state#92), isnotnull(region#93)","",false
2,4,154,"Parquet",0,0,0,0,"InMemoryFileIndex(1 paths)[s3a://goes-se-sandbox/data/warehouse/tablespace/external/hive/demo_pauldefusco.db/calendar]","IsNotNull(calendar_date)","calendar_date:date","isnotnull(calendar_date#1193)","",false
2,4,292,"Parquet",0,0,0,0,"InMemoryFileIndex(1 paths)[s3a://goes-se-sandbox/data/warehouse/tablespace/external/hive/demo_pauldefusco.db/calendar]","IsNotNull(calendar_date), IsNotNull(year), IsNotNull(month)","calendar_date:date,year:int,month:int","isnotnull(calendar_date#1717), isnotnull(year#1719), isnotnull(month#1721)","",false
2,4,246,"Parquet",0,0,0,0,"InMemoryFileIndex(1 paths)[s3a://goes-se-sandbox/data/warehouse/tablespace/external/hive/demo_pauldefusco.db/calendar]","IsNotNull(calendar_date), IsNotNull(year), IsNotNull(quarter)","calendar_date:date,year:int,quarter:int","isnotnull(calendar_date#1587), isnotnull(year#1589), isnotnull(quarter#1590)","",false
2,4,98,"Parquet",0,0,0,0,"InMemoryFileIndex(1 paths)[s3a://goes-se-sandbox/data/warehouse/tablespace/external/hive/demo_pauldefusco.db/calendar]","IsNotNull(calendar_date), IsNotNull(year), IsNotNull(quarter), IsNotNull(month)","calendar_date:date,year:int,quarter:int,month:int","isnotnull(calendar_date#112), isnotnull(year#114), isnotnull(quarter#115), isnotnull(month#116)","",false
2,4,278,"Parquet",0,0,0,0,"InMemoryFileIndex(1 paths)[s3a://goes-se-sandbox/data/warehouse/tablespace/external/hive/demo_pauldefusco.db/customers_skewed]","IsNotNull(customer_id), IsNotNull(customer_segment)","customer_id:bigint,customer_segment:string","isnotnull(customer_id#1676L), isnotnull(customer_segment#1683)","",false
2,4,73,"Parquet",0,0,0,0,"InMemoryFileIndex(1 paths)[s3a://goes-se-sandbox/data/warehouse/tablespace/external/hive/demo_pauldefusco.db/customers_skewed]","IsNotNull(customer_id), IsNotNull(customer_segment), IsNotNull(risk_rating)","customer_id:bigint,customer_segment:string,risk_rating:string","isnotnull(customer_id#30L), isnotnull(customer_segment#37), isnotnull(risk_rating#39)","",false
2,4,186,"Parquet",0,0,0,0,"InMemoryFileIndex(1 paths)[s3a://goes-se-sandbox/data/warehouse/tablespace/external/hive/demo_pauldefusco.db/customers_skewed]","IsNotNull(customer_id), IsNotNull(customer_segment), IsNotNull(risk_rating)","customer_id:bigint,customer_segment:string,risk_rating:string","isnotnull(customer_id#30L), isnotnull(customer_segment#37), isnotnull(risk_rating#39)","",false
2,4,142,"Parquet",0,0,0,0,"InMemoryFileIndex(1 paths)[s3a://goes-se-sandbox/data/warehouse/tablespace/external/hive/demo_pauldefusco.db/merchants_skewed]","IsNotNull(merchant_id)","merchant_id:bigint","isnotnull(merchant_id#1172L)","",false
2,4,285,"Parquet",0,0,0,0,"InMemoryFileIndex(1 paths)[s3a://goes-se-sandbox/data/warehouse/tablespace/external/hive/demo_pauldefusco.db/merchants_skewed]","IsNotNull(merchant_id), IsNotNull(merchant_category)","merchant_id:bigint,merchant_category:string","isnotnull(merchant_id#1696L), isnotnull(merchant_category#1699)","",false
2,4,86,"Parquet",0,0,0,0,"InMemoryFileIndex(1 paths)[s3a://goes-se-sandbox/data/warehouse/tablespace/external/hive/demo_pauldefusco.db/merchants_skewed]","IsNotNull(merchant_id), IsNotNull(merchant_category), IsNotNull(region)","merchant_id:bigint,region:string,merchant_category:string","isnotnull(merchant_id#70L), isnotnull(merchant_category#73), isnotnull(region#72)","",false
2,4,216,"Parquet",0,0,0,0,"InMemoryFileIndex(1 paths)[s3a://goes-se-sandbox/data/warehouse/tablespace/external/hive/demo_pauldefusco.db/merchants_skewed]","IsNotNull(merchant_id), IsNotNull(merchant_category), IsNotNull(region)","merchant_id:bigint,region:string,merchant_category:string","isnotnull(merchant_id#70L), isnotnull(merchant_category#73), isnotnull(region#72)","",false
2,4,128,"Parquet",0,0,0,0,"InMemoryFileIndex(1 paths)[s3a://goes-se-sandbox/data/warehouse/tablespace/external/hive/demo_pauldefusco.db/trs_v25]","IsNotNull(customer_id), IsNotNull(account_id), IsNotNull(merchant_id), IsNotNull(branch_id), IsNotNull(transaction_date)","customer_id:bigint,account_id:bigint,merchant_id:bigint,branch_id:bigint,transaction_date:date","isnotnull(customer_id#1138L), isnotnull(account_id#1139L), isnotnull(merchant_id#1140L), isnotnull(branch_id#1141L), isnotnull(transaction_date#1142)","",false
2,4,66,"Parquet",0,0,0,0,"InMemoryFileIndex(1 paths)[s3a://goes-se-sandbox/data/warehouse/tablespace/external/hive/demo_pauldefusco.db/trs_v25]","IsNotNull(customer_id), IsNotNull(account_id), IsNotNull(merchant_id), IsNotNull(branch_id), IsNotNull(transaction_date)","customer_id:bigint,account_id:bigint,merchant_id:bigint,branch_id:bigint,transaction_date:date,transaction_amount:double","isnotnull(customer_id#1L), isnotnull(account_id#2L), isnotnull(merchant_id#3L), isnotnull(branch_id#4L), isnotnull(transaction_date#5)","",false
2,5,139,"Parquet",0,0,0,0,"InMemoryFileIndex(1 paths)[s3a://goes-se-sandbox/data/warehouse/tablespace/external/hive/demo_pauldefusco.db/accounts_skewed]","IsNotNull(account_id)","account_id:bigint","isnotnull(account_id#1163L)","",false
2,5,80,"Parquet",0,0,0,0,"InMemoryFileIndex(1 paths)[s3a://goes-se-sandbox/data/warehouse/tablespace/external/hive/demo_pauldefusco.db/accounts_skewed]","IsNotNull(account_id), IsNotNull(account_type)","account_id:bigint,account_type:string","isnotnull(account_id#51L), isnotnull(account_type#52)","",false
2,5,151,"Parquet",0,0,0,0,"InMemoryFileIndex(1 paths)[s3a://goes-se-sandbox/data/warehouse/tablespace/external/hive/demo_pauldefusco.db/branches_skewed]","IsNotNull(branch_id)","branch_id:bigint","isnotnull(branch_id#1182L)","",false
2,5,92,"Parquet",0,0,0,0,"InMemoryFileIndex(1 paths)[s3a://goes-se-sandbox/data/warehouse/tablespace/external/hive/demo_pauldefusco.db/branches_skewed]","IsNotNull(branch_id), IsNotNull(state), IsNotNull(region)","branch_id:bigint,state:string,region:string","isnotnull(branch_id#90L), isnotnull(state#92), isnotnull(region#93)","",false
2,5,157,"Parquet",0,0,0,0,"InMemoryFileIndex(1 paths)[s3a://goes-se-sandbox/data/warehouse/tablespace/external/hive/demo_pauldefusco.db/calendar]","IsNotNull(calendar_date)","calendar_date:date","isnotnull(calendar_date#1193)","",false
2,5,295,"Parquet",0,0,0,0,"InMemoryFileIndex(1 paths)[s3a://goes-se-sandbox/data/warehouse/tablespace/external/hive/demo_pauldefusco.db/calendar]","IsNotNull(calendar_date), IsNotNull(year), IsNotNull(month)","calendar_date:date,year:int,month:int","isnotnull(calendar_date#1717), isnotnull(year#1719), isnotnull(month#1721)","",false
2,5,249,"Parquet",0,0,0,0,"InMemoryFileIndex(1 paths)[s3a://goes-se-sandbox/data/warehouse/tablespace/external/hive/demo_pauldefusco.db/calendar]","IsNotNull(calendar_date), IsNotNull(year), IsNotNull(quarter)","calendar_date:date,year:int,quarter:int","isnotnull(calendar_date#1587), isnotnull(year#1589), isnotnull(quarter#1590)","",false
2,5,98,"Parquet",0,0,0,0,"InMemoryFileIndex(1 paths)[s3a://goes-se-sandbox/data/warehouse/tablespace/external/hive/demo_pauldefusco.db/calendar]","IsNotNull(calendar_date), IsNotNull(year), IsNotNull(quarter), IsNotNull(month)","calendar_date:date,year:int,quarter:int,month:int","isnotnull(calendar_date#112), isnotnull(year#114), isnotnull(quarter#115), isnotnull(month#116)","",false
2,5,281,"Parquet",0,0,0,0,"InMemoryFileIndex(1 paths)[s3a://goes-se-sandbox/data/warehouse/tablespace/external/hive/demo_pauldefusco.db/customers_skewed]","IsNotNull(customer_id), IsNotNull(customer_segment)","customer_id:bigint,customer_segment:string","isnotnull(customer_id#1676L), isnotnull(customer_segment#1683)","",false
2,5,73,"Parquet",0,0,0,0,"InMemoryFileIndex(1 paths)[s3a://goes-se-sandbox/data/warehouse/tablespace/external/hive/demo_pauldefusco.db/customers_skewed]","IsNotNull(customer_id), IsNotNull(customer_segment), IsNotNull(risk_rating)","customer_id:bigint,customer_segment:string,risk_rating:string","isnotnull(customer_id#30L), isnotnull(customer_segment#37), isnotnull(risk_rating#39)","",false
2,5,189,"Parquet",0,0,0,0,"InMemoryFileIndex(1 paths)[s3a://goes-se-sandbox/data/warehouse/tablespace/external/hive/demo_pauldefusco.db/customers_skewed]","IsNotNull(customer_id), IsNotNull(customer_segment), IsNotNull(risk_rating)","customer_id:bigint,customer_segment:string,risk_rating:string","isnotnull(customer_id#30L), isnotnull(customer_segment#37), isnotnull(risk_rating#39)","",false
2,5,145,"Parquet",0,0,0,0,"InMemoryFileIndex(1 paths)[s3a://goes-se-sandbox/data/warehouse/tablespace/external/hive/demo_pauldefusco.db/merchants_skewed]","IsNotNull(merchant_id)","merchant_id:bigint","isnotnull(merchant_id#1172L)","",false
2,5,288,"Parquet",0,0,0,0,"InMemoryFileIndex(1 paths)[s3a://goes-se-sandbox/data/warehouse/tablespace/external/hive/demo_pauldefusco.db/merchants_skewed]","IsNotNull(merchant_id), IsNotNull(merchant_category)","merchant_id:bigint,merchant_category:string","isnotnull(merchant_id#1696L), isnotnull(merchant_category#1699)","",false
2,5,86,"Parquet",0,0,0,0,"InMemoryFileIndex(1 paths)[s3a://goes-se-sandbox/data/warehouse/tablespace/external/hive/demo_pauldefusco.db/merchants_skewed]","IsNotNull(merchant_id), IsNotNull(merchant_category), IsNotNull(region)","merchant_id:bigint,region:string,merchant_category:string","isnotnull(merchant_id#70L), isnotnull(merchant_category#73), isnotnull(region#72)","",false
2,5,219,"Parquet",0,0,0,0,"InMemoryFileIndex(1 paths)[s3a://goes-se-sandbox/data/warehouse/tablespace/external/hive/demo_pauldefusco.db/merchants_skewed]","IsNotNull(merchant_id), IsNotNull(merchant_category), IsNotNull(region)","merchant_id:bigint,region:string,merchant_category:string","isnotnull(merchant_id#70L), isnotnull(merchant_category#73), isnotnull(region#72)","",false
2,5,130,"Parquet",0,0,0,0,"InMemoryFileIndex(1 paths)[s3a://goes-se-sandbox/data/warehouse/tablespace/external/hive/demo_pauldefusco.db/trs_v25]","IsNotNull(customer_id), IsNotNull(account_id), IsNotNull(merchant_id), IsNotNull(branch_id), IsNotNull(transaction_date)","customer_id:bigint,account_id:bigint,merchant_id:bigint,branch_id:bigint,transaction_date:date","isnotnull(customer_id#1138L), isnotnull(account_id#1139L), isnotnull(merchant_id#1140L), isnotnull(branch_id#1141L), isnotnull(transaction_date#1142)","",false
2,5,66,"Parquet",0,0,0,0,"InMemoryFileIndex(1 paths)[s3a://goes-se-sandbox/data/warehouse/tablespace/external/hive/demo_pauldefusco.db/trs_v25]","IsNotNull(customer_id), IsNotNull(account_id), IsNotNull(merchant_id), IsNotNull(branch_id), IsNotNull(transaction_date)","customer_id:bigint,account_id:bigint,merchant_id:bigint,branch_id:bigint,transaction_date:date,transaction_amount:double","isnotnull(customer_id#1L), isnotnull(account_id#2L), isnotnull(merchant_id#3L), isnotnull(branch_id#4L), isnotnull(transaction_date#5)","",false
2,6,139,"Parquet",0,0,0,0,"InMemoryFileIndex(1 paths)[s3a://goes-se-sandbox/data/warehouse/tablespace/external/hive/demo_pauldefusco.db/accounts_skewed]","IsNotNull(account_id)","account_id:bigint","isnotnull(account_id#1163L)","",false
2,6,80,"Parquet",0,0,0,0,"InMemoryFileIndex(1 paths)[s3a://goes-se-sandbox/data/warehouse/tablespace/external/hive/demo_pauldefusco.db/accounts_skewed]","IsNotNull(account_id), IsNotNull(account_type)","account_id:bigint,account_type:string","isnotnull(account_id#51L), isnotnull(account_type#52)","",false
2,6,151,"Parquet",0,0,0,0,"InMemoryFileIndex(1 paths)[s3a://goes-se-sandbox/data/warehouse/tablespace/external/hive/demo_pauldefusco.db/branches_skewed]","IsNotNull(branch_id)","branch_id:bigint","isnotnull(branch_id#1182L)","",false
2,6,92,"Parquet",0,0,0,0,"InMemoryFileIndex(1 paths)[s3a://goes-se-sandbox/data/warehouse/tablespace/external/hive/demo_pauldefusco.db/branches_skewed]","IsNotNull(branch_id), IsNotNull(state), IsNotNull(region)","branch_id:bigint,state:string,region:string","isnotnull(branch_id#90L), isnotnull(state#92), isnotnull(region#93)","",false
2,6,157,"Parquet",0,0,0,0,"InMemoryFileIndex(1 paths)[s3a://goes-se-sandbox/data/warehouse/tablespace/external/hive/demo_pauldefusco.db/calendar]","IsNotNull(calendar_date)","calendar_date:date","isnotnull(calendar_date#1193)","",false
2,6,296,"Parquet",0,0,0,0,"InMemoryFileIndex(1 paths)[s3a://goes-se-sandbox/data/warehouse/tablespace/external/hive/demo_pauldefusco.db/calendar]","IsNotNull(calendar_date), IsNotNull(year), IsNotNull(month)","calendar_date:date,year:int,month:int","isnotnull(calendar_date#1717), isnotnull(year#1719), isnotnull(month#1721)","",false
2,6,250,"Parquet",0,0,0,0,"InMemoryFileIndex(1 paths)[s3a://goes-se-sandbox/data/warehouse/tablespace/external/hive/demo_pauldefusco.db/calendar]","IsNotNull(calendar_date), IsNotNull(year), IsNotNull(quarter)","calendar_date:date,year:int,quarter:int","isnotnull(calendar_date#1587), isnotnull(year#1589), isnotnull(quarter#1590)","",false
2,6,98,"Parquet",0,0,0,0,"InMemoryFileIndex(1 paths)[s3a://goes-se-sandbox/data/warehouse/tablespace/external/hive/demo_pauldefusco.db/calendar]","IsNotNull(calendar_date), IsNotNull(year), IsNotNull(quarter), IsNotNull(month)","calendar_date:date,year:int,quarter:int,month:int","isnotnull(calendar_date#112), isnotnull(year#114), isnotnull(quarter#115), isnotnull(month#116)","",false
2,6,282,"Parquet",0,0,0,0,"InMemoryFileIndex(1 paths)[s3a://goes-se-sandbox/data/warehouse/tablespace/external/hive/demo_pauldefusco.db/customers_skewed]","IsNotNull(customer_id), IsNotNull(customer_segment)","customer_id:bigint,customer_segment:string","isnotnull(customer_id#1676L), isnotnull(customer_segment#1683)","",false
2,6,73,"Parquet",0,0,0,0,"InMemoryFileIndex(1 paths)[s3a://goes-se-sandbox/data/warehouse/tablespace/external/hive/demo_pauldefusco.db/customers_skewed]","IsNotNull(customer_id), IsNotNull(customer_segment), IsNotNull(risk_rating)","customer_id:bigint,customer_segment:string,risk_rating:string","isnotnull(customer_id#30L), isnotnull(customer_segment#37), isnotnull(risk_rating#39)","",false
2,6,191,"Parquet",0,0,0,0,"InMemoryFileIndex(1 paths)[s3a://goes-se-sandbox/data/warehouse/tablespace/external/hive/demo_pauldefusco.db/customers_skewed]","IsNotNull(customer_id), IsNotNull(customer_segment), IsNotNull(risk_rating)","customer_id:bigint,customer_segment:string,risk_rating:string","isnotnull(customer_id#30L), isnotnull(customer_segment#37), isnotnull(risk_rating#39)","",false
2,6,145,"Parquet",0,0,0,0,"InMemoryFileIndex(1 paths)[s3a://goes-se-sandbox/data/warehouse/tablespace/external/hive/demo_pauldefusco.db/merchants_skewed]","IsNotNull(merchant_id)","merchant_id:bigint","isnotnull(merchant_id#1172L)","",false
2,6,289,"Parquet",0,0,0,0,"InMemoryFileIndex(1 paths)[s3a://goes-se-sandbox/data/warehouse/tablespace/external/hive/demo_pauldefusco.db/merchants_skewed]","IsNotNull(merchant_id), IsNotNull(merchant_category)","merchant_id:bigint,merchant_category:string","isnotnull(merchant_id#1696L), isnotnull(merchant_category#1699)","",false
2,6,86,"Parquet",0,0,0,0,"InMemoryFileIndex(1 paths)[s3a://goes-se-sandbox/data/warehouse/tablespace/external/hive/demo_pauldefusco.db/merchants_skewed]","IsNotNull(merchant_id), IsNotNull(merchant_category), IsNotNull(region)","merchant_id:bigint,region:string,merchant_category:string","isnotnull(merchant_id#70L), isnotnull(merchant_category#73), isnotnull(region#72)","",false
2,6,225,"Parquet",0,0,0,0,"InMemoryFileIndex(1 paths)[s3a://goes-se-sandbox/data/warehouse/tablespace/external/hive/demo_pauldefusco.db/merchants_skewed]","IsNotNull(merchant_id), IsNotNull(merchant_category), IsNotNull(region)","merchant_id:bigint,region:string,merchant_category:string","isnotnull(merchant_id#70L), isnotnull(merchant_category#73), isnotnull(region#72)","",false
2,6,130,"Parquet",0,0,0,0,"InMemoryFileIndex(1 paths)[s3a://goes-se-sandbox/data/warehouse/tablespace/external/hive/demo_pauldefusco.db/trs_v25]","IsNotNull(customer_id), IsNotNull(account_id), IsNotNull(merchant_id), IsNotNull(branch_id), IsNotNull(transaction_date)","customer_id:bigint,account_id:bigint,merchant_id:bigint,branch_id:bigint,transaction_date:date","isnotnull(customer_id#1138L), isnotnull(account_id#1139L), isnotnull(merchant_id#1140L), isnotnull(branch_id#1141L), isnotnull(transaction_date#1142)","",false
2,6,66,"Parquet",0,0,0,0,"InMemoryFileIndex(1 paths)[s3a://goes-se-sandbox/data/warehouse/tablespace/external/hive/demo_pauldefusco.db/trs_v25]","IsNotNull(customer_id), IsNotNull(account_id), IsNotNull(merchant_id), IsNotNull(branch_id), IsNotNull(transaction_date)","customer_id:bigint,account_id:bigint,merchant_id:bigint,branch_id:bigint,transaction_date:date,transaction_amount:double","isnotnull(customer_id#1L), isnotnull(account_id#2L), isnotnull(merchant_id#3L), isnotnull(branch_id#4L), isnotnull(transaction_date#5)","",false
2,7,139,"Parquet",0,0,0,0,"InMemoryFileIndex(1 paths)[s3a://goes-se-sandbox/data/warehouse/tablespace/external/hive/demo_pauldefusco.db/accounts_skewed]","IsNotNull(account_id)","account_id:bigint","isnotnull(account_id#1163L)","",false
2,7,80,"Parquet",0,0,0,0,"InMemoryFileIndex(1 paths)[s3a://goes-se-sandbox/data/warehouse/tablespace/external/hive/demo_pauldefusco.db/accounts_skewed]","IsNotNull(account_id), IsNotNull(account_type)","account_id:bigint,account_type:string","isnotnull(account_id#51L), isnotnull(account_type#52)","",false
2,7,151,"Parquet",0,0,0,0,"InMemoryFileIndex(1 paths)[s3a://goes-se-sandbox/data/warehouse/tablespace/external/hive/demo_pauldefusco.db/branches_skewed]","IsNotNull(branch_id)","branch_id:bigint","isnotnull(branch_id#1182L)","",false
2,7,92,"Parquet",0,0,0,0,"InMemoryFileIndex(1 paths)[s3a://goes-se-sandbox/data/warehouse/tablespace/external/hive/demo_pauldefusco.db/branches_skewed]","IsNotNull(branch_id), IsNotNull(state), IsNotNull(region)","branch_id:bigint,state:string,region:string","isnotnull(branch_id#90L), isnotnull(state#92), isnotnull(region#93)","",false
2,7,157,"Parquet",0,0,0,0,"InMemoryFileIndex(1 paths)[s3a://goes-se-sandbox/data/warehouse/tablespace/external/hive/demo_pauldefusco.db/calendar]","IsNotNull(calendar_date)","calendar_date:date","isnotnull(calendar_date#1193)","",false
2,7,299,"Parquet",0,0,0,0,"InMemoryFileIndex(1 paths)[s3a://goes-se-sandbox/data/warehouse/tablespace/external/hive/demo_pauldefusco.db/calendar]","IsNotNull(calendar_date), IsNotNull(year), IsNotNull(month)","calendar_date:date,year:int,month:int","isnotnull(calendar_date#1717), isnotnull(year#1719), isnotnull(month#1721)","",false
2,7,250,"Parquet",0,0,0,0,"InMemoryFileIndex(1 paths)[s3a://goes-se-sandbox/data/warehouse/tablespace/external/hive/demo_pauldefusco.db/calendar]","IsNotNull(calendar_date), IsNotNull(year), IsNotNull(quarter)","calendar_date:date,year:int,quarter:int","isnotnull(calendar_date#1587), isnotnull(year#1589), isnotnull(quarter#1590)","",false
2,7,98,"Parquet",0,0,0,0,"InMemoryFileIndex(1 paths)[s3a://goes-se-sandbox/data/warehouse/tablespace/external/hive/demo_pauldefusco.db/calendar]","IsNotNull(calendar_date), IsNotNull(year), IsNotNull(quarter), IsNotNull(month)","calendar_date:date,year:int,quarter:int,month:int","isnotnull(calendar_date#112), isnotnull(year#114), isnotnull(quarter#115), isnotnull(month#116)","",false
2,7,284,"Parquet",0,0,0,0,"InMemoryFileIndex(1 paths)[s3a://goes-se-sandbox/data/warehouse/tablespace/external/hive/demo_pauldefusco.db/customers_skewed]","IsNotNull(customer_id), IsNotNull(customer_segment)","customer_id:bigint,customer_segment:string","isnotnull(customer_id#1676L), isnotnull(customer_segment#1683)","",false
2,7,73,"Parquet",0,0,0,0,"InMemoryFileIndex(1 paths)[s3a://goes-se-sandbox/data/warehouse/tablespace/external/hive/demo_pauldefusco.db/customers_skewed]","IsNotNull(customer_id), IsNotNull(customer_segment), IsNotNull(risk_rating)","customer_id:bigint,customer_segment:string,risk_rating:string","isnotnull(customer_id#30L), isnotnull(customer_segment#37), isnotnull(risk_rating#39)","",false
2,7,191,"Parquet",0,0,0,0,"InMemoryFileIndex(1 paths)[s3a://goes-se-sandbox/data/warehouse/tablespace/external/hive/demo_pauldefusco.db/customers_skewed]","IsNotNull(customer_id), IsNotNull(customer_segment), IsNotNull(risk_rating)","customer_id:bigint,customer_segment:string,risk_rating:string","isnotnull(customer_id#30L), isnotnull(customer_segment#37), isnotnull(risk_rating#39)","",false
2,7,145,"Parquet",0,0,0,0,"InMemoryFileIndex(1 paths)[s3a://goes-se-sandbox/data/warehouse/tablespace/external/hive/demo_pauldefusco.db/merchants_skewed]","IsNotNull(merchant_id)","merchant_id:bigint","isnotnull(merchant_id#1172L)","",false
2,7,292,"Parquet",0,0,0,0,"InMemoryFileIndex(1 paths)[s3a://goes-se-sandbox/data/warehouse/tablespace/external/hive/demo_pauldefusco.db/merchants_skewed]","IsNotNull(merchant_id), IsNotNull(merchant_category)","merchant_id:bigint,merchant_category:string","isnotnull(merchant_id#1696L), isnotnull(merchant_category#1699)","",false
2,7,86,"Parquet",0,0,0,0,"InMemoryFileIndex(1 paths)[s3a://goes-se-sandbox/data/warehouse/tablespace/external/hive/demo_pauldefusco.db/merchants_skewed]","IsNotNull(merchant_id), IsNotNull(merchant_category), IsNotNull(region)","merchant_id:bigint,region:string,merchant_category:string","isnotnull(merchant_id#70L), isnotnull(merchant_category#73), isnotnull(region#72)","",false
2,7,225,"Parquet",0,0,0,0,"InMemoryFileIndex(1 paths)[s3a://goes-se-sandbox/data/warehouse/tablespace/external/hive/demo_pauldefusco.db/merchants_skewed]","IsNotNull(merchant_id), IsNotNull(merchant_category), IsNotNull(region)","merchant_id:bigint,region:string,merchant_category:string","isnotnull(merchant_id#70L), isnotnull(merchant_category#73), isnotnull(region#72)","",false
2,7,130,"Parquet",0,0,0,0,"InMemoryFileIndex(1 paths)[s3a://goes-se-sandbox/data/warehouse/tablespace/external/hive/demo_pauldefusco.db/trs_v25]","IsNotNull(customer_id), IsNotNull(account_id), IsNotNull(merchant_id), IsNotNull(branch_id), IsNotNull(transaction_date)","customer_id:bigint,account_id:bigint,merchant_id:bigint,branch_id:bigint,transaction_date:date","isnotnull(customer_id#1138L), isnotnull(account_id#1139L), isnotnull(merchant_id#1140L), isnotnull(branch_id#1141L), isnotnull(transaction_date#1142)","",false
2,7,66,"Parquet",0,0,0,0,"InMemoryFileIndex(1 paths)[s3a://goes-se-sandbox/data/warehouse/tablespace/external/hive/demo_pauldefusco.db/trs_v25]","IsNotNull(customer_id), IsNotNull(account_id), IsNotNull(merchant_id), IsNotNull(branch_id), IsNotNull(transaction_date)","customer_id:bigint,account_id:bigint,merchant_id:bigint,branch_id:bigint,transaction_date:date,transaction_amount:double","isnotnull(customer_id#1L), isnotnull(account_id#2L), isnotnull(merchant_id#3L), isnotnull(branch_id#4L), isnotnull(transaction_date#5)","",false
2,8,139,"Parquet",0,0,0,0,"InMemoryFileIndex(1 paths)[s3a://goes-se-sandbox/data/warehouse/tablespace/external/hive/demo_pauldefusco.db/accounts_skewed]","IsNotNull(account_id)","account_id:bigint","isnotnull(account_id#1163L)","",false
2,8,80,"Parquet",0,0,0,0,"InMemoryFileIndex(1 paths)[s3a://goes-se-sandbox/data/warehouse/tablespace/external/hive/demo_pauldefusco.db/accounts_skewed]","IsNotNull(account_id), IsNotNull(account_type)","account_id:bigint,account_type:string","isnotnull(account_id#51L), isnotnull(account_type#52)","",false
2,8,151,"Parquet",0,0,0,0,"InMemoryFileIndex(1 paths)[s3a://goes-se-sandbox/data/warehouse/tablespace/external/hive/demo_pauldefusco.db/branches_skewed]","IsNotNull(branch_id)","branch_id:bigint","isnotnull(branch_id#1182L)","",false
2,8,92,"Parquet",0,0,0,0,"InMemoryFileIndex(1 paths)[s3a://goes-se-sandbox/data/warehouse/tablespace/external/hive/demo_pauldefusco.db/branches_skewed]","IsNotNull(branch_id), IsNotNull(state), IsNotNull(region)","branch_id:bigint,state:string,region:string","isnotnull(branch_id#90L), isnotnull(state#92), isnotnull(region#93)","",false
2,8,157,"Parquet",0,0,0,0,"InMemoryFileIndex(1 paths)[s3a://goes-se-sandbox/data/warehouse/tablespace/external/hive/demo_pauldefusco.db/calendar]","IsNotNull(calendar_date)","calendar_date:date","isnotnull(calendar_date#1193)","",false
2,8,299,"Parquet",0,0,0,0,"InMemoryFileIndex(1 paths)[s3a://goes-se-sandbox/data/warehouse/tablespace/external/hive/demo_pauldefusco.db/calendar]","IsNotNull(calendar_date), IsNotNull(year), IsNotNull(month)","calendar_date:date,year:int,month:int","isnotnull(calendar_date#1717), isnotnull(year#1719), isnotnull(month#1721)","",false
2,8,250,"Parquet",0,0,0,0,"InMemoryFileIndex(1 paths)[s3a://goes-se-sandbox/data/warehouse/tablespace/external/hive/demo_pauldefusco.db/calendar]","IsNotNull(calendar_date), IsNotNull(year), IsNotNull(quarter)","calendar_date:date,year:int,quarter:int","isnotnull(calendar_date#1587), isnotnull(year#1589), isnotnull(quarter#1590)","",false
2,8,98,"Parquet",0,0,0,0,"InMemoryFileIndex(1 paths)[s3a://goes-se-sandbox/data/warehouse/tablespace/external/hive/demo_pauldefusco.db/calendar]","IsNotNull(calendar_date), IsNotNull(year), IsNotNull(quarter), IsNotNull(month)","calendar_date:date,year:int,quarter:int,month:int","isnotnull(calendar_date#112), isnotnull(year#114), isnotnull(quarter#115), isnotnull(month#116)","",false
2,8,284,"Parquet",0,0,0,0,"InMemoryFileIndex(1 paths)[s3a://goes-se-sandbox/data/warehouse/tablespace/external/hive/demo_pauldefusco.db/customers_skewed]","IsNotNull(customer_id), IsNotNull(customer_segment)","customer_id:bigint,customer_segment:string","isnotnull(customer_id#1676L), isnotnull(customer_segment#1683)","",false
2,8,73,"Parquet",0,0,0,0,"InMemoryFileIndex(1 paths)[s3a://goes-se-sandbox/data/warehouse/tablespace/external/hive/demo_pauldefusco.db/customers_skewed]","IsNotNull(customer_id), IsNotNull(customer_segment), IsNotNull(risk_rating)","customer_id:bigint,customer_segment:string,risk_rating:string","isnotnull(customer_id#30L), isnotnull(customer_segment#37), isnotnull(risk_rating#39)","",false
2,8,191,"Parquet",0,0,0,0,"InMemoryFileIndex(1 paths)[s3a://goes-se-sandbox/data/warehouse/tablespace/external/hive/demo_pauldefusco.db/customers_skewed]","IsNotNull(customer_id), IsNotNull(customer_segment), IsNotNull(risk_rating)","customer_id:bigint,customer_segment:string,risk_rating:string","isnotnull(customer_id#30L), isnotnull(customer_segment#37), isnotnull(risk_rating#39)","",false
2,8,145,"Parquet",0,0,0,0,"InMemoryFileIndex(1 paths)[s3a://goes-se-sandbox/data/warehouse/tablespace/external/hive/demo_pauldefusco.db/merchants_skewed]","IsNotNull(merchant_id)","merchant_id:bigint","isnotnull(merchant_id#1172L)","",false
2,8,292,"Parquet",0,0,0,0,"InMemoryFileIndex(1 paths)[s3a://goes-se-sandbox/data/warehouse/tablespace/external/hive/demo_pauldefusco.db/merchants_skewed]","IsNotNull(merchant_id), IsNotNull(merchant_category)","merchant_id:bigint,merchant_category:string","isnotnull(merchant_id#1696L), isnotnull(merchant_category#1699)","",false
2,8,86,"Parquet",0,0,0,0,"InMemoryFileIndex(1 paths)[s3a://goes-se-sandbox/data/warehouse/tablespace/external/hive/demo_pauldefusco.db/merchants_skewed]","IsNotNull(merchant_id), IsNotNull(merchant_category), IsNotNull(region)","merchant_id:bigint,region:string,merchant_category:string","isnotnull(merchant_id#70L), isnotnull(merchant_category#73), isnotnull(region#72)","",false
2,8,225,"Parquet",0,0,0,0,"InMemoryFileIndex(1 paths)[s3a://goes-se-sandbox/data/warehouse/tablespace/external/hive/demo_pauldefusco.db/merchants_skewed]","IsNotNull(merchant_id), IsNotNull(merchant_category), IsNotNull(region)","merchant_id:bigint,region:string,merchant_category:string","isnotnull(merchant_id#70L), isnotnull(merchant_category#73), isnotnull(region#72)","",false
2,8,130,"Parquet",0,0,0,0,"InMemoryFileIndex(1 paths)[s3a://goes-se-sandbox/data/warehouse/tablespace/external/hive/demo_pauldefusco.db/trs_v25]","IsNotNull(customer_id), IsNotNull(account_id), IsNotNull(merchant_id), IsNotNull(branch_id), IsNotNull(transaction_date)","customer_id:bigint,account_id:bigint,merchant_id:bigint,branch_id:bigint,transaction_date:date","isnotnull(customer_id#1138L), isnotnull(account_id#1139L), isnotnull(merchant_id#1140L), isnotnull(branch_id#1141L), isnotnull(transaction_date#1142)","",false
2,8,66,"Parquet",0,0,0,0,"InMemoryFileIndex(1 paths)[s3a://goes-se-sandbox/data/warehouse/tablespace/external/hive/demo_pauldefusco.db/trs_v25]","IsNotNull(customer_id), IsNotNull(account_id), IsNotNull(merchant_id), IsNotNull(branch_id), IsNotNull(transaction_date)","customer_id:bigint,account_id:bigint,merchant_id:bigint,branch_id:bigint,transaction_date:date,transaction_amount:double","isnotnull(customer_id#1L), isnotnull(account_id#2L), isnotnull(merchant_id#3L), isnotnull(branch_id#4L), isnotnull(transaction_date#5)","",false
2,9,144,"Parquet",0,0,0,0,"InMemoryFileIndex(1 paths)[s3a://goes-se-sandbox/data/warehouse/tablespace/external/hive/demo_pauldefusco.db/accounts_skewed]","IsNotNull(account_id)","account_id:bigint","isnotnull(account_id#1163L)","",false
2,9,83,"Parquet",0,0,0,0,"InMemoryFileIndex(1 paths)[s3a://goes-se-sandbox/data/warehouse/tablespace/external/hive/demo_pauldefusco.db/accounts_skewed]","IsNotNull(account_id), IsNotNull(account_type)","account_id:bigint,account_type:string","isnotnull(account_id#51L), isnotnull(account_type#52)","",false
2,9,156,"Parquet",0,0,0,0,"InMemoryFileIndex(1 paths)[s3a://goes-se-sandbox/data/warehouse/tablespace/external/hive/demo_pauldefusco.db/branches_skewed]","IsNotNull(branch_id)","branch_id:bigint","isnotnull(branch_id#1182L)","",false
2,9,97,"Parquet",0,0,0,0,"InMemoryFileIndex(1 paths)[s3a://goes-se-sandbox/data/warehouse/tablespace/external/hive/demo_pauldefusco.db/branches_skewed]","IsNotNull(branch_id), IsNotNull(state), IsNotNull(region)","branch_id:bigint,state:string,region:string","isnotnull(branch_id#90L), isnotnull(state#92), isnotnull(region#93)","",false
2,9,162,"Parquet",0,0,0,0,"InMemoryFileIndex(1 paths)[s3a://goes-se-sandbox/data/warehouse/tablespace/external/hive/demo_pauldefusco.db/calendar]","IsNotNull(calendar_date)","calendar_date:date","isnotnull(calendar_date#1193)","",false
2,9,304,"Parquet",0,0,0,0,"InMemoryFileIndex(1 paths)[s3a://goes-se-sandbox/data/warehouse/tablespace/external/hive/demo_pauldefusco.db/calendar]","IsNotNull(calendar_date), IsNotNull(year), IsNotNull(month)","calendar_date:date,year:int,month:int","isnotnull(calendar_date#1717), isnotnull(year#1719), isnotnull(month#1721)","",false
2,9,255,"Parquet",0,0,0,0,"InMemoryFileIndex(1 paths)[s3a://goes-se-sandbox/data/warehouse/tablespace/external/hive/demo_pauldefusco.db/calendar]","IsNotNull(calendar_date), IsNotNull(year), IsNotNull(quarter)","calendar_date:date,year:int,quarter:int","isnotnull(calendar_date#1587), isnotnull(year#1589), isnotnull(quarter#1590)","",false
2,9,103,"Parquet",0,0,0,0,"InMemoryFileIndex(1 paths)[s3a://goes-se-sandbox/data/warehouse/tablespace/external/hive/demo_pauldefusco.db/calendar]","IsNotNull(calendar_date), IsNotNull(year), IsNotNull(quarter), IsNotNull(month)","calendar_date:date,year:int,quarter:int,month:int","isnotnull(calendar_date#112), isnotnull(year#114), isnotnull(quarter#115), isnotnull(month#116)","",false
2,9,289,"Parquet",0,0,0,0,"InMemoryFileIndex(1 paths)[s3a://goes-se-sandbox/data/warehouse/tablespace/external/hive/demo_pauldefusco.db/customers_skewed]","IsNotNull(customer_id), IsNotNull(customer_segment)","customer_id:bigint,customer_segment:string","isnotnull(customer_id#1676L), isnotnull(customer_segment#1683)","",false
2,9,76,"Parquet",0,0,0,0,"InMemoryFileIndex(1 paths)[s3a://goes-se-sandbox/data/warehouse/tablespace/external/hive/demo_pauldefusco.db/customers_skewed]","IsNotNull(customer_id), IsNotNull(customer_segment), IsNotNull(risk_rating)","customer_id:bigint,customer_segment:string,risk_rating:string","isnotnull(customer_id#30L), isnotnull(customer_segment#37), isnotnull(risk_rating#39)","",false
2,9,196,"Parquet",0,0,0,0,"InMemoryFileIndex(1 paths)[s3a://goes-se-sandbox/data/warehouse/tablespace/external/hive/demo_pauldefusco.db/customers_skewed]","IsNotNull(customer_id), IsNotNull(customer_segment), IsNotNull(risk_rating)","customer_id:bigint,customer_segment:string,risk_rating:string","isnotnull(customer_id#30L), isnotnull(customer_segment#37), isnotnull(risk_rating#39)","",false
2,9,150,"Parquet",0,0,0,0,"InMemoryFileIndex(1 paths)[s3a://goes-se-sandbox/data/warehouse/tablespace/external/hive/demo_pauldefusco.db/merchants_skewed]","IsNotNull(merchant_id)","merchant_id:bigint","isnotnull(merchant_id#1172L)","",false
2,9,297,"Parquet",0,0,0,0,"InMemoryFileIndex(1 paths)[s3a://goes-se-sandbox/data/warehouse/tablespace/external/hive/demo_pauldefusco.db/merchants_skewed]","IsNotNull(merchant_id), IsNotNull(merchant_category)","merchant_id:bigint,merchant_category:string","isnotnull(merchant_id#1696L), isnotnull(merchant_category#1699)","",false
2,9,91,"Parquet",0,0,0,0,"InMemoryFileIndex(1 paths)[s3a://goes-se-sandbox/data/warehouse/tablespace/external/hive/demo_pauldefusco.db/merchants_skewed]","IsNotNull(merchant_id), IsNotNull(merchant_category), IsNotNull(region)","merchant_id:bigint,region:string,merchant_category:string","isnotnull(merchant_id#70L), isnotnull(merchant_category#73), isnotnull(region#72)","",false
2,9,230,"Parquet",0,0,0,0,"InMemoryFileIndex(1 paths)[s3a://goes-se-sandbox/data/warehouse/tablespace/external/hive/demo_pauldefusco.db/merchants_skewed]","IsNotNull(merchant_id), IsNotNull(merchant_category), IsNotNull(region)","merchant_id:bigint,region:string,merchant_category:string","isnotnull(merchant_id#70L), isnotnull(merchant_category#73), isnotnull(region#72)","",false
2,9,135,"Parquet",0,0,0,0,"InMemoryFileIndex(1 paths)[s3a://goes-se-sandbox/data/warehouse/tablespace/external/hive/demo_pauldefusco.db/trs_v25]","IsNotNull(customer_id), IsNotNull(account_id), IsNotNull(merchant_id), IsNotNull(branch_id), IsNotNull(transaction_date)","customer_id:bigint,account_id:bigint,merchant_id:bigint,branch_id:bigint,transaction_date:date","isnotnull(customer_id#1138L), isnotnull(account_id#1139L), isnotnull(merchant_id#1140L), isnotnull(branch_id#1141L), isnotnull(transaction_date#1142)","",false
2,9,69,"Parquet",0,0,0,0,"InMemoryFileIndex(1 paths)[s3a://goes-se-sandbox/data/warehouse/tablespace/external/hive/demo_pauldefusco.db/trs_v25]","IsNotNull(customer_id), IsNotNull(account_id), IsNotNull(merchant_id), IsNotNull(branch_id), IsNotNull(transaction_date)","customer_id:bigint,account_id:bigint,merchant_id:bigint,branch_id:bigint,transaction_date:date,transaction_amount:double","isnotnull(customer_id#1L), isnotnull(account_id#2L), isnotnull(merchant_id#3L), isnotnull(branch_id#4L), isnotnull(transaction_date#5)","",false
2,10,147,"Parquet",0,0,0,0,"InMemoryFileIndex(1 paths)[s3a://goes-se-sandbox/data/warehouse/tablespace/external/hive/demo_pauldefusco.db/accounts_skewed]","IsNotNull(account_id)","account_id:bigint","isnotnull(account_id#1163L)","",false
2,10,83,"Parquet",0,0,0,0,"InMemoryFileIndex(1 paths)[s3a://goes-se-sandbox/data/warehouse/tablespace/external/hive/demo_pauldefusco.db/accounts_skewed]","IsNotNull(account_id), IsNotNull(account_type)","account_id:bigint,account_type:string","isnotnull(account_id#51L), isnotnull(account_type#52)","",false
2,10,161,"Parquet",0,0,0,0,"InMemoryFileIndex(1 paths)[s3a://goes-se-sandbox/data/warehouse/tablespace/external/hive/demo_pauldefusco.db/branches_skewed]","IsNotNull(branch_id)","branch_id:bigint","isnotnull(branch_id#1182L)","",false
2,10,97,"Parquet",0,0,0,0,"InMemoryFileIndex(1 paths)[s3a://goes-se-sandbox/data/warehouse/tablespace/external/hive/demo_pauldefusco.db/branches_skewed]","IsNotNull(branch_id), IsNotNull(state), IsNotNull(region)","branch_id:bigint,state:string,region:string","isnotnull(branch_id#90L), isnotnull(state#92), isnotnull(region#93)","",false
2,10,167,"Parquet",0,0,0,0,"InMemoryFileIndex(1 paths)[s3a://goes-se-sandbox/data/warehouse/tablespace/external/hive/demo_pauldefusco.db/calendar]","IsNotNull(calendar_date)","calendar_date:date","isnotnull(calendar_date#1193)","",false
2,10,309,"Parquet",0,0,0,0,"InMemoryFileIndex(1 paths)[s3a://goes-se-sandbox/data/warehouse/tablespace/external/hive/demo_pauldefusco.db/calendar]","IsNotNull(calendar_date), IsNotNull(year), IsNotNull(month)","calendar_date:date,year:int,month:int","isnotnull(calendar_date#1717), isnotnull(year#1719), isnotnull(month#1721)","",false
2,10,260,"Parquet",0,0,0,0,"InMemoryFileIndex(1 paths)[s3a://goes-se-sandbox/data/warehouse/tablespace/external/hive/demo_pauldefusco.db/calendar]","IsNotNull(calendar_date), IsNotNull(year), IsNotNull(quarter)","calendar_date:date,year:int,quarter:int","isnotnull(calendar_date#1587), isnotnull(year#1589), isnotnull(quarter#1590)","",false
2,10,103,"Parquet",0,0,0,0,"InMemoryFileIndex(1 paths)[s3a://goes-se-sandbox/data/warehouse/tablespace/external/hive/demo_pauldefusco.db/calendar]","IsNotNull(calendar_date), IsNotNull(year), IsNotNull(quarter), IsNotNull(month)","calendar_date:date,year:int,quarter:int,month:int","isnotnull(calendar_date#112), isnotnull(year#114), isnotnull(quarter#115), isnotnull(month#116)","",false
2,10,294,"Parquet",0,0,0,0,"InMemoryFileIndex(1 paths)[s3a://goes-se-sandbox/data/warehouse/tablespace/external/hive/demo_pauldefusco.db/customers_skewed]","IsNotNull(customer_id), IsNotNull(customer_segment)","customer_id:bigint,customer_segment:string","isnotnull(customer_id#1676L), isnotnull(customer_segment#1683)","",false
2,10,76,"Parquet",0,0,0,0,"InMemoryFileIndex(1 paths)[s3a://goes-se-sandbox/data/warehouse/tablespace/external/hive/demo_pauldefusco.db/customers_skewed]","IsNotNull(customer_id), IsNotNull(customer_segment), IsNotNull(risk_rating)","customer_id:bigint,customer_segment:string,risk_rating:string","isnotnull(customer_id#30L), isnotnull(customer_segment#37), isnotnull(risk_rating#39)","",false
2,10,201,"Parquet",0,0,0,0,"InMemoryFileIndex(1 paths)[s3a://goes-se-sandbox/data/warehouse/tablespace/external/hive/demo_pauldefusco.db/customers_skewed]","IsNotNull(customer_id), IsNotNull(customer_segment), IsNotNull(risk_rating)","customer_id:bigint,customer_segment:string,risk_rating:string","isnotnull(customer_id#30L), isnotnull(customer_segment#37), isnotnull(risk_rating#39)","",false
2,10,155,"Parquet",0,0,0,0,"InMemoryFileIndex(1 paths)[s3a://goes-se-sandbox/data/warehouse/tablespace/external/hive/demo_pauldefusco.db/merchants_skewed]","IsNotNull(merchant_id)","merchant_id:bigint","isnotnull(merchant_id#1172L)","",false
2,10,302,"Parquet",0,0,0,0,"InMemoryFileIndex(1 paths)[s3a://goes-se-sandbox/data/warehouse/tablespace/external/hive/demo_pauldefusco.db/merchants_skewed]","IsNotNull(merchant_id), IsNotNull(merchant_category)","merchant_id:bigint,merchant_category:string","isnotnull(merchant_id#1696L), isnotnull(merchant_category#1699)","",false
2,10,91,"Parquet",0,0,0,0,"InMemoryFileIndex(1 paths)[s3a://goes-se-sandbox/data/warehouse/tablespace/external/hive/demo_pauldefusco.db/merchants_skewed]","IsNotNull(merchant_id), IsNotNull(merchant_category), IsNotNull(region)","merchant_id:bigint,region:string,merchant_category:string","isnotnull(merchant_id#70L), isnotnull(merchant_category#73), isnotnull(region#72)","",false
2,10,235,"Parquet",0,0,0,0,"InMemoryFileIndex(1 paths)[s3a://goes-se-sandbox/data/warehouse/tablespace/external/hive/demo_pauldefusco.db/merchants_skewed]","IsNotNull(merchant_id), IsNotNull(merchant_category), IsNotNull(region)","merchant_id:bigint,region:string,merchant_category:string","isnotnull(merchant_id#70L), isnotnull(merchant_category#73), isnotnull(region#72)","",false
2,10,138,"Parquet",0,0,0,0,"InMemoryFileIndex(1 paths)[s3a://goes-se-sandbox/data/warehouse/tablespace/external/hive/demo_pauldefusco.db/trs_v25]","IsNotNull(customer_id), IsNotNull(account_id), IsNotNull(merchant_id), IsNotNull(branch_id), IsNotNull(transaction_date)","customer_id:bigint,account_id:bigint,merchant_id:bigint,branch_id:bigint,transaction_date:date","isnotnull(customer_id#1138L), isnotnull(account_id#1139L), isnotnull(merchant_id#1140L), isnotnull(branch_id#1141L), isnotnull(transaction_date#1142)","",false
2,10,69,"Parquet",0,0,0,0,"InMemoryFileIndex(1 paths)[s3a://goes-se-sandbox/data/warehouse/tablespace/external/hive/demo_pauldefusco.db/trs_v25]","IsNotNull(customer_id), IsNotNull(account_id), IsNotNull(merchant_id), IsNotNull(branch_id), IsNotNull(transaction_date)","customer_id:bigint,account_id:bigint,merchant_id:bigint,branch_id:bigint,transaction_date:date,transaction_amount:double","isnotnull(customer_id#1L), isnotnull(account_id#2L), isnotnull(merchant_id#3L), isnotnull(branch_id#4L), isnotnull(transaction_date#5)","",false
2,11,147,"Parquet",0,0,0,0,"InMemoryFileIndex(1 paths)[s3a://goes-se-sandbox/data/warehouse/tablespace/external/hive/demo_pauldefusco.db/accounts_skewed]","IsNotNull(account_id)","account_id:bigint","isnotnull(account_id#1163L)","",false
2,11,83,"Parquet",0,0,0,0,"InMemoryFileIndex(1 paths)[s3a://goes-se-sandbox/data/warehouse/tablespace/external/hive/demo_pauldefusco.db/accounts_skewed]","IsNotNull(account_id), IsNotNull(account_type)","account_id:bigint,account_type:string","isnotnull(account_id#51L), isnotnull(account_type#52)","",false
2,11,161,"Parquet",0,0,0,0,"InMemoryFileIndex(1 paths)[s3a://goes-se-sandbox/data/warehouse/tablespace/external/hive/demo_pauldefusco.db/branches_skewed]","IsNotNull(branch_id)","branch_id:bigint","isnotnull(branch_id#1182L)","",false
2,11,97,"Parquet",0,0,0,0,"InMemoryFileIndex(1 paths)[s3a://goes-se-sandbox/data/warehouse/tablespace/external/hive/demo_pauldefusco.db/branches_skewed]","IsNotNull(branch_id), IsNotNull(state), IsNotNull(region)","branch_id:bigint,state:string,region:string","isnotnull(branch_id#90L), isnotnull(state#92), isnotnull(region#93)","",false
2,11,167,"Parquet",0,0,0,0,"InMemoryFileIndex(1 paths)[s3a://goes-se-sandbox/data/warehouse/tablespace/external/hive/demo_pauldefusco.db/calendar]","IsNotNull(calendar_date)","calendar_date:date","isnotnull(calendar_date#1193)","",false
2,11,309,"Parquet",0,0,0,0,"InMemoryFileIndex(1 paths)[s3a://goes-se-sandbox/data/warehouse/tablespace/external/hive/demo_pauldefusco.db/calendar]","IsNotNull(calendar_date), IsNotNull(year), IsNotNull(month)","calendar_date:date,year:int,month:int","isnotnull(calendar_date#1717), isnotnull(year#1719), isnotnull(month#1721)","",false
2,11,260,"Parquet",0,0,0,0,"InMemoryFileIndex(1 paths)[s3a://goes-se-sandbox/data/warehouse/tablespace/external/hive/demo_pauldefusco.db/calendar]","IsNotNull(calendar_date), IsNotNull(year), IsNotNull(quarter)","calendar_date:date,year:int,quarter:int","isnotnull(calendar_date#1587), isnotnull(year#1589), isnotnull(quarter#1590)","",false
2,11,103,"Parquet",0,0,0,0,"InMemoryFileIndex(1 paths)[s3a://goes-se-sandbox/data/warehouse/tablespace/external/hive/demo_pauldefusco.db/calendar]","IsNotNull(calendar_date), IsNotNull(year), IsNotNull(quarter), IsNotNull(month)","calendar_date:date,year:int,quarter:int,month:int","isnotnull(calendar_date#112), isnotnull(year#114), isnotnull(quarter#115), isnotnull(month#116)","",false
2,11,294,"Parquet",0,0,0,0,"InMemoryFileIndex(1 paths)[s3a://goes-se-sandbox/data/warehouse/tablespace/external/hive/demo_pauldefusco.db/customers_skewed]","IsNotNull(customer_id), IsNotNull(customer_segment)","customer_id:bigint,customer_segment:string","isnotnull(customer_id#1676L), isnotnull(customer_segment#1683)","",false
2,11,76,"Parquet",0,0,0,0,"InMemoryFileIndex(1 paths)[s3a://goes-se-sandbox/data/warehouse/tablespace/external/hive/demo_pauldefusco.db/customers_skewed]","IsNotNull(customer_id), IsNotNull(customer_segment), IsNotNull(risk_rating)","customer_id:bigint,customer_segment:string,risk_rating:string","isnotnull(customer_id#30L), isnotnull(customer_segment#37), isnotnull(risk_rating#39)","",false
2,11,201,"Parquet",0,0,0,0,"InMemoryFileIndex(1 paths)[s3a://goes-se-sandbox/data/warehouse/tablespace/external/hive/demo_pauldefusco.db/customers_skewed]","IsNotNull(customer_id), IsNotNull(customer_segment), IsNotNull(risk_rating)","customer_id:bigint,customer_segment:string,risk_rating:string","isnotnull(customer_id#30L), isnotnull(customer_segment#37), isnotnull(risk_rating#39)","",false
2,11,155,"Parquet",0,0,0,0,"InMemoryFileIndex(1 paths)[s3a://goes-se-sandbox/data/warehouse/tablespace/external/hive/demo_pauldefusco.db/merchants_skewed]","IsNotNull(merchant_id)","merchant_id:bigint","isnotnull(merchant_id#1172L)","",false
2,11,302,"Parquet",0,0,0,0,"InMemoryFileIndex(1 paths)[s3a://goes-se-sandbox/data/warehouse/tablespace/external/hive/demo_pauldefusco.db/merchants_skewed]","IsNotNull(merchant_id), IsNotNull(merchant_category)","merchant_id:bigint,merchant_category:string","isnotnull(merchant_id#1696L), isnotnull(merchant_category#1699)","",false
2,11,91,"Parquet",0,0,0,0,"InMemoryFileIndex(1 paths)[s3a://goes-se-sandbox/data/warehouse/tablespace/external/hive/demo_pauldefusco.db/merchants_skewed]","IsNotNull(merchant_id), IsNotNull(merchant_category), IsNotNull(region)","merchant_id:bigint,region:string,merchant_category:string","isnotnull(merchant_id#70L), isnotnull(merchant_category#73), isnotnull(region#72)","",false
2,11,235,"Parquet",0,0,0,0,"InMemoryFileIndex(1 paths)[s3a://goes-se-sandbox/data/warehouse/tablespace/external/hive/demo_pauldefusco.db/merchants_skewed]","IsNotNull(merchant_id), IsNotNull(merchant_category), IsNotNull(region)","merchant_id:bigint,region:string,merchant_category:string","isnotnull(merchant_id#70L), isnotnull(merchant_category#73), isnotnull(region#72)","",false
2,11,138,"Parquet",0,0,0,0,"InMemoryFileIndex(1 paths)[s3a://goes-se-sandbox/data/warehouse/tablespace/external/hive/demo_pauldefusco.db/trs_v25]","IsNotNull(customer_id), IsNotNull(account_id), IsNotNull(merchant_id), IsNotNull(branch_id), IsNotNull(transaction_date)","customer_id:bigint,account_id:bigint,merchant_id:bigint,branch_id:bigint,transaction_date:date","isnotnull(customer_id#1138L), isnotnull(account_id#1139L), isnotnull(merchant_id#1140L), isnotnull(branch_id#1141L), isnotnull(transaction_date#1142)","",false
2,11,69,"Parquet",0,0,0,0,"InMemoryFileIndex(1 paths)[s3a://goes-se-sandbox/data/warehouse/tablespace/external/hive/demo_pauldefusco.db/trs_v25]","IsNotNull(customer_id), IsNotNull(account_id), IsNotNull(merchant_id), IsNotNull(branch_id), IsNotNull(transaction_date)","customer_id:bigint,account_id:bigint,merchant_id:bigint,branch_id:bigint,transaction_date:date,transaction_amount:double","isnotnull(customer_id#1L), isnotnull(account_id#2L), isnotnull(merchant_id#3L), isnotnull(branch_id#4L), isnotnull(transaction_date#5)","",false
2,12,147,"Parquet",0,0,0,0,"InMemoryFileIndex(1 paths)[s3a://goes-se-sandbox/data/warehouse/tablespace/external/hive/demo_pauldefusco.db/accounts_skewed]","IsNotNull(account_id)","account_id:bigint","isnotnull(account_id#1163L)","",false
2,12,83,"Parquet",0,0,0,0,"InMemoryFileIndex(1 paths)[s3a://goes-se-sandbox/data/warehouse/tablespace/external/hive/demo_pauldefusco.db/accounts_skewed]","IsNotNull(account_id), IsNotNull(account_type)","account_id:bigint,account_type:string","isnotnull(account_id#51L), isnotnull(account_type#52)","",false
2,12,161,"Parquet",0,0,0,0,"InMemoryFileIndex(1 paths)[s3a://goes-se-sandbox/data/warehouse/tablespace/external/hive/demo_pauldefusco.db/branches_skewed]","IsNotNull(branch_id)","branch_id:bigint","isnotnull(branch_id#1182L)","",false
2,12,97,"Parquet",0,0,0,0,"InMemoryFileIndex(1 paths)[s3a://goes-se-sandbox/data/warehouse/tablespace/external/hive/demo_pauldefusco.db/branches_skewed]","IsNotNull(branch_id), IsNotNull(state), IsNotNull(region)","branch_id:bigint,state:string,region:string","isnotnull(branch_id#90L), isnotnull(state#92), isnotnull(region#93)","",false
2,12,167,"Parquet",0,0,0,0,"InMemoryFileIndex(1 paths)[s3a://goes-se-sandbox/data/warehouse/tablespace/external/hive/demo_pauldefusco.db/calendar]","IsNotNull(calendar_date)","calendar_date:date","isnotnull(calendar_date#1193)","",false
2,12,315,"Parquet",0,0,0,0,"InMemoryFileIndex(1 paths)[s3a://goes-se-sandbox/data/warehouse/tablespace/external/hive/demo_pauldefusco.db/calendar]","IsNotNull(calendar_date), IsNotNull(year), IsNotNull(month)","calendar_date:date,year:int,month:int","isnotnull(calendar_date#1717), isnotnull(year#1719), isnotnull(month#1721)","",false
2,12,266,"Parquet",0,0,0,0,"InMemoryFileIndex(1 paths)[s3a://goes-se-sandbox/data/warehouse/tablespace/external/hive/demo_pauldefusco.db/calendar]","IsNotNull(calendar_date), IsNotNull(year), IsNotNull(quarter)","calendar_date:date,year:int,quarter:int","isnotnull(calendar_date#1587), isnotnull(year#1589), isnotnull(quarter#1590)","",false
2,12,103,"Parquet",0,0,0,0,"InMemoryFileIndex(1 paths)[s3a://goes-se-sandbox/data/warehouse/tablespace/external/hive/demo_pauldefusco.db/calendar]","IsNotNull(calendar_date), IsNotNull(year), IsNotNull(quarter), IsNotNull(month)","calendar_date:date,year:int,quarter:int,month:int","isnotnull(calendar_date#112), isnotnull(year#114), isnotnull(quarter#115), isnotnull(month#116)","",false
2,12,300,"Parquet",0,0,0,0,"InMemoryFileIndex(1 paths)[s3a://goes-se-sandbox/data/warehouse/tablespace/external/hive/demo_pauldefusco.db/customers_skewed]","IsNotNull(customer_id), IsNotNull(customer_segment)","customer_id:bigint,customer_segment:string","isnotnull(customer_id#1676L), isnotnull(customer_segment#1683)","",false
2,12,76,"Parquet",0,0,0,0,"InMemoryFileIndex(1 paths)[s3a://goes-se-sandbox/data/warehouse/tablespace/external/hive/demo_pauldefusco.db/customers_skewed]","IsNotNull(customer_id), IsNotNull(customer_segment), IsNotNull(risk_rating)","customer_id:bigint,customer_segment:string,risk_rating:string","isnotnull(customer_id#30L), isnotnull(customer_segment#37), isnotnull(risk_rating#39)","",false
2,12,203,"Parquet",0,0,0,0,"InMemoryFileIndex(1 paths)[s3a://goes-se-sandbox/data/warehouse/tablespace/external/hive/demo_pauldefusco.db/customers_skewed]","IsNotNull(customer_id), IsNotNull(customer_segment), IsNotNull(risk_rating)","customer_id:bigint,customer_segment:string,risk_rating:string","isnotnull(customer_id#30L), isnotnull(customer_segment#37), isnotnull(risk_rating#39)","",false
2,12,155,"Parquet",0,0,0,0,"InMemoryFileIndex(1 paths)[s3a://goes-se-sandbox/data/warehouse/tablespace/external/hive/demo_pauldefusco.db/merchants_skewed]","IsNotNull(merchant_id)","merchant_id:bigint","isnotnull(merchant_id#1172L)","",false
2,12,308,"Parquet",0,0,0,0,"InMemoryFileIndex(1 paths)[s3a://goes-se-sandbox/data/warehouse/tablespace/external/hive/demo_pauldefusco.db/merchants_skewed]","IsNotNull(merchant_id), IsNotNull(merchant_category)","merchant_id:bigint,merchant_category:string","isnotnull(merchant_id#1696L), isnotnull(merchant_category#1699)","",false
2,12,91,"Parquet",0,0,0,0,"InMemoryFileIndex(1 paths)[s3a://goes-se-sandbox/data/warehouse/tablespace/external/hive/demo_pauldefusco.db/merchants_skewed]","IsNotNull(merchant_id), IsNotNull(merchant_category), IsNotNull(region)","merchant_id:bigint,region:string,merchant_category:string","isnotnull(merchant_id#70L), isnotnull(merchant_category#73), isnotnull(region#72)","",false
2,12,238,"Parquet",0,0,0,0,"InMemoryFileIndex(1 paths)[s3a://goes-se-sandbox/data/warehouse/tablespace/external/hive/demo_pauldefusco.db/merchants_skewed]","IsNotNull(merchant_id), IsNotNull(merchant_category), IsNotNull(region)","merchant_id:bigint,region:string,merchant_category:string","isnotnull(merchant_id#70L), isnotnull(merchant_category#73), isnotnull(region#72)","",false
2,12,138,"Parquet",0,0,0,0,"InMemoryFileIndex(1 paths)[s3a://goes-se-sandbox/data/warehouse/tablespace/external/hive/demo_pauldefusco.db/trs_v25]","IsNotNull(customer_id), IsNotNull(account_id), IsNotNull(merchant_id), IsNotNull(branch_id), IsNotNull(transaction_date)","customer_id:bigint,account_id:bigint,merchant_id:bigint,branch_id:bigint,transaction_date:date","isnotnull(customer_id#1138L), isnotnull(account_id#1139L), isnotnull(merchant_id#1140L), isnotnull(branch_id#1141L), isnotnull(transaction_date#1142)","",false
2,12,69,"Parquet",0,0,0,0,"InMemoryFileIndex(1 paths)[s3a://goes-se-sandbox/data/warehouse/tablespace/external/hive/demo_pauldefusco.db/trs_v25]","IsNotNull(customer_id), IsNotNull(account_id), IsNotNull(merchant_id), IsNotNull(branch_id), IsNotNull(transaction_date)","customer_id:bigint,account_id:bigint,merchant_id:bigint,branch_id:bigint,transaction_date:date,transaction_amount:double","isnotnull(customer_id#1L), isnotnull(account_id#2L), isnotnull(merchant_id#3L), isnotnull(branch_id#4L), isnotnull(transaction_date#5)","",false
2,13,147,"Parquet",0,0,0,0,"InMemoryFileIndex(1 paths)[s3a://goes-se-sandbox/data/warehouse/tablespace/external/hive/demo_pauldefusco.db/accounts_skewed]","IsNotNull(account_id)","account_id:bigint","isnotnull(account_id#1163L)","",false
2,13,83,"Parquet",0,0,0,0,"InMemoryFileIndex(1 paths)[s3a://goes-se-sandbox/data/warehouse/tablespace/external/hive/demo_pauldefusco.db/accounts_skewed]","IsNotNull(account_id), IsNotNull(account_type)","account_id:bigint,account_type:string","isnotnull(account_id#51L), isnotnull(account_type#52)","",false
2,13,161,"Parquet",0,0,0,0,"InMemoryFileIndex(1 paths)[s3a://goes-se-sandbox/data/warehouse/tablespace/external/hive/demo_pauldefusco.db/branches_skewed]","IsNotNull(branch_id)","branch_id:bigint","isnotnull(branch_id#1182L)","",false
2,13,97,"Parquet",0,0,0,0,"InMemoryFileIndex(1 paths)[s3a://goes-se-sandbox/data/warehouse/tablespace/external/hive/demo_pauldefusco.db/branches_skewed]","IsNotNull(branch_id), IsNotNull(state), IsNotNull(region)","branch_id:bigint,state:string,region:string","isnotnull(branch_id#90L), isnotnull(state#92), isnotnull(region#93)","",false
2,13,167,"Parquet",0,0,0,0,"InMemoryFileIndex(1 paths)[s3a://goes-se-sandbox/data/warehouse/tablespace/external/hive/demo_pauldefusco.db/calendar]","IsNotNull(calendar_date)","calendar_date:date","isnotnull(calendar_date#1193)","",false
2,13,318,"Parquet",0,0,0,0,"InMemoryFileIndex(1 paths)[s3a://goes-se-sandbox/data/warehouse/tablespace/external/hive/demo_pauldefusco.db/calendar]","IsNotNull(calendar_date), IsNotNull(year), IsNotNull(month)","calendar_date:date,year:int,month:int","isnotnull(calendar_date#1717), isnotnull(year#1719), isnotnull(month#1721)","",false
2,13,269,"Parquet",0,0,0,0,"InMemoryFileIndex(1 paths)[s3a://goes-se-sandbox/data/warehouse/tablespace/external/hive/demo_pauldefusco.db/calendar]","IsNotNull(calendar_date), IsNotNull(year), IsNotNull(quarter)","calendar_date:date,year:int,quarter:int","isnotnull(calendar_date#1587), isnotnull(year#1589), isnotnull(quarter#1590)","",false
2,13,103,"Parquet",0,0,0,0,"InMemoryFileIndex(1 paths)[s3a://goes-se-sandbox/data/warehouse/tablespace/external/hive/demo_pauldefusco.db/calendar]","IsNotNull(calendar_date), IsNotNull(year), IsNotNull(quarter), IsNotNull(month)","calendar_date:date,year:int,quarter:int,month:int","isnotnull(calendar_date#112), isnotnull(year#114), isnotnull(quarter#115), isnotnull(month#116)","",false
2,13,303,"Parquet",0,0,0,0,"InMemoryFileIndex(1 paths)[s3a://goes-se-sandbox/data/warehouse/tablespace/external/hive/demo_pauldefusco.db/customers_skewed]","IsNotNull(customer_id), IsNotNull(customer_segment)","customer_id:bigint,customer_segment:string","isnotnull(customer_id#1676L), isnotnull(customer_segment#1683)","",false
2,13,76,"Parquet",0,0,0,0,"InMemoryFileIndex(1 paths)[s3a://goes-se-sandbox/data/warehouse/tablespace/external/hive/demo_pauldefusco.db/customers_skewed]","IsNotNull(customer_id), IsNotNull(customer_segment), IsNotNull(risk_rating)","customer_id:bigint,customer_segment:string,risk_rating:string","isnotnull(customer_id#30L), isnotnull(customer_segment#37), isnotnull(risk_rating#39)","",false
2,13,203,"Parquet",0,0,0,0,"InMemoryFileIndex(1 paths)[s3a://goes-se-sandbox/data/warehouse/tablespace/external/hive/demo_pauldefusco.db/customers_skewed]","IsNotNull(customer_id), IsNotNull(customer_segment), IsNotNull(risk_rating)","customer_id:bigint,customer_segment:string,risk_rating:string","isnotnull(customer_id#30L), isnotnull(customer_segment#37), isnotnull(risk_rating#39)","",false
2,13,155,"Parquet",0,0,0,0,"InMemoryFileIndex(1 paths)[s3a://goes-se-sandbox/data/warehouse/tablespace/external/hive/demo_pauldefusco.db/merchants_skewed]","IsNotNull(merchant_id)","merchant_id:bigint","isnotnull(merchant_id#1172L)","",false
2,13,311,"Parquet",0,0,0,0,"InMemoryFileIndex(1 paths)[s3a://goes-se-sandbox/data/warehouse/tablespace/external/hive/demo_pauldefusco.db/merchants_skewed]","IsNotNull(merchant_id), IsNotNull(merchant_category)","merchant_id:bigint,merchant_category:string","isnotnull(merchant_id#1696L), isnotnull(merchant_category#1699)","",false
2,13,91,"Parquet",0,0,0,0,"InMemoryFileIndex(1 paths)[s3a://goes-se-sandbox/data/warehouse/tablespace/external/hive/demo_pauldefusco.db/merchants_skewed]","IsNotNull(merchant_id), IsNotNull(merchant_category), IsNotNull(region)","merchant_id:bigint,region:string,merchant_category:string","isnotnull(merchant_id#70L), isnotnull(merchant_category#73), isnotnull(region#72)","",false
2,13,241,"Parquet",0,0,0,0,"InMemoryFileIndex(1 paths)[s3a://goes-se-sandbox/data/warehouse/tablespace/external/hive/demo_pauldefusco.db/merchants_skewed]","IsNotNull(merchant_id), IsNotNull(merchant_category), IsNotNull(region)","merchant_id:bigint,region:string,merchant_category:string","isnotnull(merchant_id#70L), isnotnull(merchant_category#73), isnotnull(region#72)","",false
2,13,138,"Parquet",0,0,0,0,"InMemoryFileIndex(1 paths)[s3a://goes-se-sandbox/data/warehouse/tablespace/external/hive/demo_pauldefusco.db/trs_v25]","IsNotNull(customer_id), IsNotNull(account_id), IsNotNull(merchant_id), IsNotNull(branch_id), IsNotNull(transaction_date)","customer_id:bigint,account_id:bigint,merchant_id:bigint,branch_id:bigint,transaction_date:date","isnotnull(customer_id#1138L), isnotnull(account_id#1139L), isnotnull(merchant_id#1140L), isnotnull(branch_id#1141L), isnotnull(transaction_date#1142)","",false
2,13,69,"Parquet",0,0,0,0,"InMemoryFileIndex(1 paths)[s3a://goes-se-sandbox/data/warehouse/tablespace/external/hive/demo_pauldefusco.db/trs_v25]","IsNotNull(customer_id), IsNotNull(account_id), IsNotNull(merchant_id), IsNotNull(branch_id), IsNotNull(transaction_date)","customer_id:bigint,account_id:bigint,merchant_id:bigint,branch_id:bigint,transaction_date:date,transaction_amount:double","isnotnull(customer_id#1L), isnotnull(account_id#2L), isnotnull(merchant_id#3L), isnotnull(branch_id#4L), isnotnull(transaction_date#5)","",false
2,14,147,"Parquet",0,0,0,0,"InMemoryFileIndex(1 paths)[s3a://goes-se-sandbox/data/warehouse/tablespace/external/hive/demo_pauldefusco.db/accounts_skewed]","IsNotNull(account_id)","account_id:bigint","isnotnull(account_id#1163L)","",false
2,14,83,"Parquet",0,0,0,0,"InMemoryFileIndex(1 paths)[s3a://goes-se-sandbox/data/warehouse/tablespace/external/hive/demo_pauldefusco.db/accounts_skewed]","IsNotNull(account_id), IsNotNull(account_type)","account_id:bigint,account_type:string","isnotnull(account_id#51L), isnotnull(account_type#52)","",false
2,14,161,"Parquet",0,0,0,0,"InMemoryFileIndex(1 paths)[s3a://goes-se-sandbox/data/warehouse/tablespace/external/hive/demo_pauldefusco.db/branches_skewed]","IsNotNull(branch_id)","branch_id:bigint","isnotnull(branch_id#1182L)","",false
2,14,97,"Parquet",0,0,0,0,"InMemoryFileIndex(1 paths)[s3a://goes-se-sandbox/data/warehouse/tablespace/external/hive/demo_pauldefusco.db/branches_skewed]","IsNotNull(branch_id), IsNotNull(state), IsNotNull(region)","branch_id:bigint,state:string,region:string","isnotnull(branch_id#90L), isnotnull(state#92), isnotnull(region#93)","",false
2,14,167,"Parquet",0,0,0,0,"InMemoryFileIndex(1 paths)[s3a://goes-se-sandbox/data/warehouse/tablespace/external/hive/demo_pauldefusco.db/calendar]","IsNotNull(calendar_date)","calendar_date:date","isnotnull(calendar_date#1193)","",false
2,14,321,"Parquet",0,0,0,0,"InMemoryFileIndex(1 paths)[s3a://goes-se-sandbox/data/warehouse/tablespace/external/hive/demo_pauldefusco.db/calendar]","IsNotNull(calendar_date), IsNotNull(year), IsNotNull(month)","calendar_date:date,year:int,month:int","isnotnull(calendar_date#1717), isnotnull(year#1719), isnotnull(month#1721)","",false
2,14,269,"Parquet",0,0,0,0,"InMemoryFileIndex(1 paths)[s3a://goes-se-sandbox/data/warehouse/tablespace/external/hive/demo_pauldefusco.db/calendar]","IsNotNull(calendar_date), IsNotNull(year), IsNotNull(quarter)","calendar_date:date,year:int,quarter:int","isnotnull(calendar_date#1587), isnotnull(year#1589), isnotnull(quarter#1590)","",false
2,14,103,"Parquet",0,0,0,0,"InMemoryFileIndex(1 paths)[s3a://goes-se-sandbox/data/warehouse/tablespace/external/hive/demo_pauldefusco.db/calendar]","IsNotNull(calendar_date), IsNotNull(year), IsNotNull(quarter), IsNotNull(month)","calendar_date:date,year:int,quarter:int,month:int","isnotnull(calendar_date#112), isnotnull(year#114), isnotnull(quarter#115), isnotnull(month#116)","",false
2,14,305,"Parquet",0,0,0,0,"InMemoryFileIndex(1 paths)[s3a://goes-se-sandbox/data/warehouse/tablespace/external/hive/demo_pauldefusco.db/customers_skewed]","IsNotNull(customer_id), IsNotNull(customer_segment)","customer_id:bigint,customer_segment:string","isnotnull(customer_id#1676L), isnotnull(customer_segment#1683)","",false
2,14,76,"Parquet",0,0,0,0,"InMemoryFileIndex(1 paths)[s3a://goes-se-sandbox/data/warehouse/tablespace/external/hive/demo_pauldefusco.db/customers_skewed]","IsNotNull(customer_id), IsNotNull(customer_segment), IsNotNull(risk_rating)","customer_id:bigint,customer_segment:string,risk_rating:string","isnotnull(customer_id#30L), isnotnull(customer_segment#37), isnotnull(risk_rating#39)","",false
2,14,203,"Parquet",0,0,0,0,"InMemoryFileIndex(1 paths)[s3a://goes-se-sandbox/data/warehouse/tablespace/external/hive/demo_pauldefusco.db/customers_skewed]","IsNotNull(customer_id), IsNotNull(customer_segment), IsNotNull(risk_rating)","customer_id:bigint,customer_segment:string,risk_rating:string","isnotnull(customer_id#30L), isnotnull(customer_segment#37), isnotnull(risk_rating#39)","",false
2,14,155,"Parquet",0,0,0,0,"InMemoryFileIndex(1 paths)[s3a://goes-se-sandbox/data/warehouse/tablespace/external/hive/demo_pauldefusco.db/merchants_skewed]","IsNotNull(merchant_id)","merchant_id:bigint","isnotnull(merchant_id#1172L)","",false
2,14,314,"Parquet",0,0,0,0,"InMemoryFileIndex(1 paths)[s3a://goes-se-sandbox/data/warehouse/tablespace/external/hive/demo_pauldefusco.db/merchants_skewed]","IsNotNull(merchant_id), IsNotNull(merchant_category)","merchant_id:bigint,merchant_category:string","isnotnull(merchant_id#1696L), isnotnull(merchant_category#1699)","",false
2,14,91,"Parquet",0,0,0,0,"InMemoryFileIndex(1 paths)[s3a://goes-se-sandbox/data/warehouse/tablespace/external/hive/demo_pauldefusco.db/merchants_skewed]","IsNotNull(merchant_id), IsNotNull(merchant_category), IsNotNull(region)","merchant_id:bigint,region:string,merchant_category:string","isnotnull(merchant_id#70L), isnotnull(merchant_category#73), isnotnull(region#72)","",false
2,14,241,"Parquet",0,0,0,0,"InMemoryFileIndex(1 paths)[s3a://goes-se-sandbox/data/warehouse/tablespace/external/hive/demo_pauldefusco.db/merchants_skewed]","IsNotNull(merchant_id), IsNotNull(merchant_category), IsNotNull(region)","merchant_id:bigint,region:string,merchant_category:string","isnotnull(merchant_id#70L), isnotnull(merchant_category#73), isnotnull(region#72)","",false
2,14,138,"Parquet",0,0,0,0,"InMemoryFileIndex(1 paths)[s3a://goes-se-sandbox/data/warehouse/tablespace/external/hive/demo_pauldefusco.db/trs_v25]","IsNotNull(customer_id), IsNotNull(account_id), IsNotNull(merchant_id), IsNotNull(branch_id), IsNotNull(transaction_date)","customer_id:bigint,account_id:bigint,merchant_id:bigint,branch_id:bigint,transaction_date:date","isnotnull(customer_id#1138L), isnotnull(account_id#1139L), isnotnull(merchant_id#1140L), isnotnull(branch_id#1141L), isnotnull(transaction_date#1142)","",false
2,14,69,"Parquet",0,0,0,0,"InMemoryFileIndex(1 paths)[s3a://goes-se-sandbox/data/warehouse/tablespace/external/hive/demo_pauldefusco.db/trs_v25]","IsNotNull(customer_id), IsNotNull(account_id), IsNotNull(merchant_id), IsNotNull(branch_id), IsNotNull(transaction_date)","customer_id:bigint,account_id:bigint,merchant_id:bigint,branch_id:bigint,transaction_date:date,transaction_amount:double","isnotnull(customer_id#1L), isnotnull(account_id#2L), isnotnull(merchant_id#3L), isnotnull(branch_id#4L), isnotnull(transaction_date#5)","",false
2,15,147,"Parquet",0,0,0,0,"InMemoryFileIndex(1 paths)[s3a://goes-se-sandbox/data/warehouse/tablespace/external/hive/demo_pauldefusco.db/accounts_skewed]","IsNotNull(account_id)","account_id:bigint","isnotnull(account_id#1163L)","",false
2,15,83,"Parquet",0,0,0,0,"InMemoryFileIndex(1 paths)[s3a://goes-se-sandbox/data/warehouse/tablespace/external/hive/demo_pauldefusco.db/accounts_skewed]","IsNotNull(account_id), IsNotNull(account_type)","account_id:bigint,account_type:string","isnotnull(account_id#51L), isnotnull(account_type#52)","",false
2,15,161,"Parquet",0,0,0,0,"InMemoryFileIndex(1 paths)[s3a://goes-se-sandbox/data/warehouse/tablespace/external/hive/demo_pauldefusco.db/branches_skewed]","IsNotNull(branch_id)","branch_id:bigint","isnotnull(branch_id#1182L)","",false
2,15,97,"Parquet",0,0,0,0,"InMemoryFileIndex(1 paths)[s3a://goes-se-sandbox/data/warehouse/tablespace/external/hive/demo_pauldefusco.db/branches_skewed]","IsNotNull(branch_id), IsNotNull(state), IsNotNull(region)","branch_id:bigint,state:string,region:string","isnotnull(branch_id#90L), isnotnull(state#92), isnotnull(region#93)","",false
2,15,167,"Parquet",0,0,0,0,"InMemoryFileIndex(1 paths)[s3a://goes-se-sandbox/data/warehouse/tablespace/external/hive/demo_pauldefusco.db/calendar]","IsNotNull(calendar_date)","calendar_date:date","isnotnull(calendar_date#1193)","",false
2,15,321,"Parquet",0,0,0,0,"InMemoryFileIndex(1 paths)[s3a://goes-se-sandbox/data/warehouse/tablespace/external/hive/demo_pauldefusco.db/calendar]","IsNotNull(calendar_date), IsNotNull(year), IsNotNull(month)","calendar_date:date,year:int,month:int","isnotnull(calendar_date#1717), isnotnull(year#1719), isnotnull(month#1721)","",false
2,15,269,"Parquet",0,0,0,0,"InMemoryFileIndex(1 paths)[s3a://goes-se-sandbox/data/warehouse/tablespace/external/hive/demo_pauldefusco.db/calendar]","IsNotNull(calendar_date), IsNotNull(year), IsNotNull(quarter)","calendar_date:date,year:int,quarter:int","isnotnull(calendar_date#1587), isnotnull(year#1589), isnotnull(quarter#1590)","",false
2,15,103,"Parquet",0,0,0,0,"InMemoryFileIndex(1 paths)[s3a://goes-se-sandbox/data/warehouse/tablespace/external/hive/demo_pauldefusco.db/calendar]","IsNotNull(calendar_date), IsNotNull(year), IsNotNull(quarter), IsNotNull(month)","calendar_date:date,year:int,quarter:int,month:int","isnotnull(calendar_date#112), isnotnull(year#114), isnotnull(quarter#115), isnotnull(month#116)","",false
2,15,305,"Parquet",0,0,0,0,"InMemoryFileIndex(1 paths)[s3a://goes-se-sandbox/data/warehouse/tablespace/external/hive/demo_pauldefusco.db/customers_skewed]","IsNotNull(customer_id), IsNotNull(customer_segment)","customer_id:bigint,customer_segment:string","isnotnull(customer_id#1676L), isnotnull(customer_segment#1683)","",false
2,15,76,"Parquet",0,0,0,0,"InMemoryFileIndex(1 paths)[s3a://goes-se-sandbox/data/warehouse/tablespace/external/hive/demo_pauldefusco.db/customers_skewed]","IsNotNull(customer_id), IsNotNull(customer_segment), IsNotNull(risk_rating)","customer_id:bigint,customer_segment:string,risk_rating:string","isnotnull(customer_id#30L), isnotnull(customer_segment#37), isnotnull(risk_rating#39)","",false
2,15,203,"Parquet",0,0,0,0,"InMemoryFileIndex(1 paths)[s3a://goes-se-sandbox/data/warehouse/tablespace/external/hive/demo_pauldefusco.db/customers_skewed]","IsNotNull(customer_id), IsNotNull(customer_segment), IsNotNull(risk_rating)","customer_id:bigint,customer_segment:string,risk_rating:string","isnotnull(customer_id#30L), isnotnull(customer_segment#37), isnotnull(risk_rating#39)","",false
2,15,155,"Parquet",0,0,0,0,"InMemoryFileIndex(1 paths)[s3a://goes-se-sandbox/data/warehouse/tablespace/external/hive/demo_pauldefusco.db/merchants_skewed]","IsNotNull(merchant_id)","merchant_id:bigint","isnotnull(merchant_id#1172L)","",false
2,15,314,"Parquet",0,0,0,0,"InMemoryFileIndex(1 paths)[s3a://goes-se-sandbox/data/warehouse/tablespace/external/hive/demo_pauldefusco.db/merchants_skewed]","IsNotNull(merchant_id), IsNotNull(merchant_category)","merchant_id:bigint,merchant_category:string","isnotnull(merchant_id#1696L), isnotnull(merchant_category#1699)","",false
2,15,91,"Parquet",0,0,0,0,"InMemoryFileIndex(1 paths)[s3a://goes-se-sandbox/data/warehouse/tablespace/external/hive/demo_pauldefusco.db/merchants_skewed]","IsNotNull(merchant_id), IsNotNull(merchant_category), IsNotNull(region)","merchant_id:bigint,region:string,merchant_category:string","isnotnull(merchant_id#70L), isnotnull(merchant_category#73), isnotnull(region#72)","",false
2,15,241,"Parquet",0,0,0,0,"InMemoryFileIndex(1 paths)[s3a://goes-se-sandbox/data/warehouse/tablespace/external/hive/demo_pauldefusco.db/merchants_skewed]","IsNotNull(merchant_id), IsNotNull(merchant_category), IsNotNull(region)","merchant_id:bigint,region:string,merchant_category:string","isnotnull(merchant_id#70L), isnotnull(merchant_category#73), isnotnull(region#72)","",false
2,15,138,"Parquet",0,0,0,0,"InMemoryFileIndex(1 paths)[s3a://goes-se-sandbox/data/warehouse/tablespace/external/hive/demo_pauldefusco.db/trs_v25]","IsNotNull(customer_id), IsNotNull(account_id), IsNotNull(merchant_id), IsNotNull(branch_id), IsNotNull(transaction_date)","customer_id:bigint,account_id:bigint,merchant_id:bigint,branch_id:bigint,transaction_date:date","isnotnull(customer_id#1138L), isnotnull(account_id#1139L), isnotnull(merchant_id#1140L), isnotnull(branch_id#1141L), isnotnull(transaction_date#1142)","",false
2,15,69,"Parquet",0,0,0,0,"InMemoryFileIndex(1 paths)[s3a://goes-se-sandbox/data/warehouse/tablespace/external/hive/demo_pauldefusco.db/trs_v25]","IsNotNull(customer_id), IsNotNull(account_id), IsNotNull(merchant_id), IsNotNull(branch_id), IsNotNull(transaction_date)","customer_id:bigint,account_id:bigint,merchant_id:bigint,branch_id:bigint,transaction_date:date,transaction_amount:double","isnotnull(customer_id#1L), isnotnull(account_id#2L), isnotnull(merchant_id#3L), isnotnull(branch_id#4L), isnotnull(transaction_date#5)","",false
2,16,152,"Parquet",0,0,0,0,"InMemoryFileIndex(1 paths)[s3a://goes-se-sandbox/data/warehouse/tablespace/external/hive/demo_pauldefusco.db/accounts_skewed]","IsNotNull(account_id)","account_id:bigint","isnotnull(account_id#1163L)","",false
2,16,86,"Parquet",0,0,0,0,"InMemoryFileIndex(1 paths)[s3a://goes-se-sandbox/data/warehouse/tablespace/external/hive/demo_pauldefusco.db/accounts_skewed]","IsNotNull(account_id), IsNotNull(account_type)","account_id:bigint,account_type:string","isnotnull(account_id#51L), isnotnull(account_type#52)","",false
2,16,166,"Parquet",0,0,0,0,"InMemoryFileIndex(1 paths)[s3a://goes-se-sandbox/data/warehouse/tablespace/external/hive/demo_pauldefusco.db/branches_skewed]","IsNotNull(branch_id)","branch_id:bigint","isnotnull(branch_id#1182L)","",false
2,16,102,"Parquet",0,0,0,0,"InMemoryFileIndex(1 paths)[s3a://goes-se-sandbox/data/warehouse/tablespace/external/hive/demo_pauldefusco.db/branches_skewed]","IsNotNull(branch_id), IsNotNull(state), IsNotNull(region)","branch_id:bigint,state:string,region:string","isnotnull(branch_id#90L), isnotnull(state#92), isnotnull(region#93)","",false
2,16,172,"Parquet",0,0,0,0,"InMemoryFileIndex(1 paths)[s3a://goes-se-sandbox/data/warehouse/tablespace/external/hive/demo_pauldefusco.db/calendar]","IsNotNull(calendar_date)","calendar_date:date","isnotnull(calendar_date#1193)","",false
2,16,326,"Parquet",0,0,0,0,"InMemoryFileIndex(1 paths)[s3a://goes-se-sandbox/data/warehouse/tablespace/external/hive/demo_pauldefusco.db/calendar]","IsNotNull(calendar_date), IsNotNull(year), IsNotNull(month)","calendar_date:date,year:int,month:int","isnotnull(calendar_date#1717), isnotnull(year#1719), isnotnull(month#1721)","",false
2,16,274,"Parquet",0,0,0,0,"InMemoryFileIndex(1 paths)[s3a://goes-se-sandbox/data/warehouse/tablespace/external/hive/demo_pauldefusco.db/calendar]","IsNotNull(calendar_date), IsNotNull(year), IsNotNull(quarter)","calendar_date:date,year:int,quarter:int","isnotnull(calendar_date#1587), isnotnull(year#1589), isnotnull(quarter#1590)","",false
2,16,108,"Parquet",0,0,0,0,"InMemoryFileIndex(1 paths)[s3a://goes-se-sandbox/data/warehouse/tablespace/external/hive/demo_pauldefusco.db/calendar]","IsNotNull(calendar_date), IsNotNull(year), IsNotNull(quarter), IsNotNull(month)","calendar_date:date,year:int,quarter:int,month:int","isnotnull(calendar_date#112), isnotnull(year#114), isnotnull(quarter#115), isnotnull(month#116)","",false
2,16,310,"Parquet",0,0,0,0,"InMemoryFileIndex(1 paths)[s3a://goes-se-sandbox/data/warehouse/tablespace/external/hive/demo_pauldefusco.db/customers_skewed]","IsNotNull(customer_id), IsNotNull(customer_segment)","customer_id:bigint,customer_segment:string","isnotnull(customer_id#1676L), isnotnull(customer_segment#1683)","",false
2,16,79,"Parquet",0,0,0,0,"InMemoryFileIndex(1 paths)[s3a://goes-se-sandbox/data/warehouse/tablespace/external/hive/demo_pauldefusco.db/customers_skewed]","IsNotNull(customer_id), IsNotNull(customer_segment), IsNotNull(risk_rating)","customer_id:bigint,customer_segment:string,risk_rating:string","isnotnull(customer_id#30L), isnotnull(customer_segment#37), isnotnull(risk_rating#39)","",false
2,16,208,"Parquet",0,0,0,0,"InMemoryFileIndex(1 paths)[s3a://goes-se-sandbox/data/warehouse/tablespace/external/hive/demo_pauldefusco.db/customers_skewed]","IsNotNull(customer_id), IsNotNull(customer_segment), IsNotNull(risk_rating)","customer_id:bigint,customer_segment:string,risk_rating:string","isnotnull(customer_id#30L), isnotnull(customer_segment#37), isnotnull(risk_rating#39)","",false
2,16,160,"Parquet",0,0,0,0,"InMemoryFileIndex(1 paths)[s3a://goes-se-sandbox/data/warehouse/tablespace/external/hive/demo_pauldefusco.db/merchants_skewed]","IsNotNull(merchant_id)","merchant_id:bigint","isnotnull(merchant_id#1172L)","",false
2,16,319,"Parquet",0,0,0,0,"InMemoryFileIndex(1 paths)[s3a://goes-se-sandbox/data/warehouse/tablespace/external/hive/demo_pauldefusco.db/merchants_skewed]","IsNotNull(merchant_id), IsNotNull(merchant_category)","merchant_id:bigint,merchant_category:string","isnotnull(merchant_id#1696L), isnotnull(merchant_category#1699)","",false
2,16,94,"Parquet",0,0,0,0,"InMemoryFileIndex(1 paths)[s3a://goes-se-sandbox/data/warehouse/tablespace/external/hive/demo_pauldefusco.db/merchants_skewed]","IsNotNull(merchant_id), IsNotNull(merchant_category), IsNotNull(region)","merchant_id:bigint,region:string,merchant_category:string","isnotnull(merchant_id#70L), isnotnull(merchant_category#73), isnotnull(region#72)","",false
2,16,246,"Parquet",0,0,0,0,"InMemoryFileIndex(1 paths)[s3a://goes-se-sandbox/data/warehouse/tablespace/external/hive/demo_pauldefusco.db/merchants_skewed]","IsNotNull(merchant_id), IsNotNull(merchant_category), IsNotNull(region)","merchant_id:bigint,region:string,merchant_category:string","isnotnull(merchant_id#70L), isnotnull(merchant_category#73), isnotnull(region#72)","",false
2,16,143,"Parquet",0,0,0,0,"InMemoryFileIndex(1 paths)[s3a://goes-se-sandbox/data/warehouse/tablespace/external/hive/demo_pauldefusco.db/trs_v25]","IsNotNull(customer_id), IsNotNull(account_id), IsNotNull(merchant_id), IsNotNull(branch_id), IsNotNull(transaction_date)","customer_id:bigint,account_id:bigint,merchant_id:bigint,branch_id:bigint,transaction_date:date","isnotnull(customer_id#1138L), isnotnull(account_id#1139L), isnotnull(merchant_id#1140L), isnotnull(branch_id#1141L), isnotnull(transaction_date#1142)","",false
2,16,72,"Parquet",0,0,0,0,"InMemoryFileIndex(1 paths)[s3a://goes-se-sandbox/data/warehouse/tablespace/external/hive/demo_pauldefusco.db/trs_v25]","IsNotNull(customer_id), IsNotNull(account_id), IsNotNull(merchant_id), IsNotNull(branch_id), IsNotNull(transaction_date)","customer_id:bigint,account_id:bigint,merchant_id:bigint,branch_id:bigint,transaction_date:date,transaction_amount:double","isnotnull(customer_id#1L), isnotnull(account_id#2L), isnotnull(merchant_id#3L), isnotnull(branch_id#4L), isnotnull(transaction_date#5)","",false
2,17,155,"Parquet",0,0,0,0,"InMemoryFileIndex(1 paths)[s3a://goes-se-sandbox/data/warehouse/tablespace/external/hive/demo_pauldefusco.db/accounts_skewed]","IsNotNull(account_id)","account_id:bigint","isnotnull(account_id#1163L)","",false
2,17,86,"Parquet",0,0,0,0,"InMemoryFileIndex(1 paths)[s3a://goes-se-sandbox/data/warehouse/tablespace/external/hive/demo_pauldefusco.db/accounts_skewed]","IsNotNull(account_id), IsNotNull(account_type)","account_id:bigint,account_type:string","isnotnull(account_id#51L), isnotnull(account_type#52)","",false
2,17,171,"Parquet",0,0,0,0,"InMemoryFileIndex(1 paths)[s3a://goes-se-sandbox/data/warehouse/tablespace/external/hive/demo_pauldefusco.db/branches_skewed]","IsNotNull(branch_id)","branch_id:bigint","isnotnull(branch_id#1182L)","",false
2,17,102,"Parquet",0,0,0,0,"InMemoryFileIndex(1 paths)[s3a://goes-se-sandbox/data/warehouse/tablespace/external/hive/demo_pauldefusco.db/branches_skewed]","IsNotNull(branch_id), IsNotNull(state), IsNotNull(region)","branch_id:bigint,state:string,region:string","isnotnull(branch_id#90L), isnotnull(state#92), isnotnull(region#93)","",false
2,17,177,"Parquet",0,0,0,0,"InMemoryFileIndex(1 paths)[s3a://goes-se-sandbox/data/warehouse/tablespace/external/hive/demo_pauldefusco.db/calendar]","IsNotNull(calendar_date)","calendar_date:date","isnotnull(calendar_date#1193)","",false
2,17,331,"Parquet",0,0,0,0,"InMemoryFileIndex(1 paths)[s3a://goes-se-sandbox/data/warehouse/tablespace/external/hive/demo_pauldefusco.db/calendar]","IsNotNull(calendar_date), IsNotNull(year), IsNotNull(month)","calendar_date:date,year:int,month:int","isnotnull(calendar_date#1717), isnotnull(year#1719), isnotnull(month#1721)","",false
2,17,279,"Parquet",0,0,0,0,"InMemoryFileIndex(1 paths)[s3a://goes-se-sandbox/data/warehouse/tablespace/external/hive/demo_pauldefusco.db/calendar]","IsNotNull(calendar_date), IsNotNull(year), IsNotNull(quarter)","calendar_date:date,year:int,quarter:int","isnotnull(calendar_date#1587), isnotnull(year#1589), isnotnull(quarter#1590)","",false
2,17,108,"Parquet",0,0,0,0,"InMemoryFileIndex(1 paths)[s3a://goes-se-sandbox/data/warehouse/tablespace/external/hive/demo_pauldefusco.db/calendar]","IsNotNull(calendar_date), IsNotNull(year), IsNotNull(quarter), IsNotNull(month)","calendar_date:date,year:int,quarter:int,month:int","isnotnull(calendar_date#112), isnotnull(year#114), isnotnull(quarter#115), isnotnull(month#116)","",false
2,17,315,"Parquet",0,0,0,0,"InMemoryFileIndex(1 paths)[s3a://goes-se-sandbox/data/warehouse/tablespace/external/hive/demo_pauldefusco.db/customers_skewed]","IsNotNull(customer_id), IsNotNull(customer_segment)","customer_id:bigint,customer_segment:string","isnotnull(customer_id#1676L), isnotnull(customer_segment#1683)","",false
2,17,79,"Parquet",0,0,0,0,"InMemoryFileIndex(1 paths)[s3a://goes-se-sandbox/data/warehouse/tablespace/external/hive/demo_pauldefusco.db/customers_skewed]","IsNotNull(customer_id), IsNotNull(customer_segment), IsNotNull(risk_rating)","customer_id:bigint,customer_segment:string,risk_rating:string","isnotnull(customer_id#30L), isnotnull(customer_segment#37), isnotnull(risk_rating#39)","",false
2,17,213,"Parquet",0,0,0,0,"InMemoryFileIndex(1 paths)[s3a://goes-se-sandbox/data/warehouse/tablespace/external/hive/demo_pauldefusco.db/customers_skewed]","IsNotNull(customer_id), IsNotNull(customer_segment), IsNotNull(risk_rating)","customer_id:bigint,customer_segment:string,risk_rating:string","isnotnull(customer_id#30L), isnotnull(customer_segment#37), isnotnull(risk_rating#39)","",false
2,17,163,"Parquet",0,0,0,0,"InMemoryFileIndex(1 paths)[s3a://goes-se-sandbox/data/warehouse/tablespace/external/hive/demo_pauldefusco.db/merchants_skewed]","IsNotNull(merchant_id)","merchant_id:bigint","isnotnull(merchant_id#1172L)","",false
2,17,324,"Parquet",0,0,0,0,"InMemoryFileIndex(1 paths)[s3a://goes-se-sandbox/data/warehouse/tablespace/external/hive/demo_pauldefusco.db/merchants_skewed]","IsNotNull(merchant_id), IsNotNull(merchant_category)","merchant_id:bigint,merchant_category:string","isnotnull(merchant_id#1696L), isnotnull(merchant_category#1699)","",false
2,17,94,"Parquet",0,0,0,0,"InMemoryFileIndex(1 paths)[s3a://goes-se-sandbox/data/warehouse/tablespace/external/hive/demo_pauldefusco.db/merchants_skewed]","IsNotNull(merchant_id), IsNotNull(merchant_category), IsNotNull(region)","merchant_id:bigint,region:string,merchant_category:string","isnotnull(merchant_id#70L), isnotnull(merchant_category#73), isnotnull(region#72)","",false
2,17,251,"Parquet",0,0,0,0,"InMemoryFileIndex(1 paths)[s3a://goes-se-sandbox/data/warehouse/tablespace/external/hive/demo_pauldefusco.db/merchants_skewed]","IsNotNull(merchant_id), IsNotNull(merchant_category), IsNotNull(region)","merchant_id:bigint,region:string,merchant_category:string","isnotnull(merchant_id#70L), isnotnull(merchant_category#73), isnotnull(region#72)","",false
2,17,146,"Parquet",0,0,0,0,"InMemoryFileIndex(1 paths)[s3a://goes-se-sandbox/data/warehouse/tablespace/external/hive/demo_pauldefusco.db/trs_v25]","IsNotNull(customer_id), IsNotNull(account_id), IsNotNull(merchant_id), IsNotNull(branch_id), IsNotNull(transaction_date)","customer_id:bigint,account_id:bigint,merchant_id:bigint,branch_id:bigint,transaction_date:date","isnotnull(customer_id#1138L), isnotnull(account_id#1139L), isnotnull(merchant_id#1140L), isnotnull(branch_id#1141L), isnotnull(transaction_date#1142)","",false
2,17,72,"Parquet",0,0,0,0,"InMemoryFileIndex(1 paths)[s3a://goes-se-sandbox/data/warehouse/tablespace/external/hive/demo_pauldefusco.db/trs_v25]","IsNotNull(customer_id), IsNotNull(account_id), IsNotNull(merchant_id), IsNotNull(branch_id), IsNotNull(transaction_date)","customer_id:bigint,account_id:bigint,merchant_id:bigint,branch_id:bigint,transaction_date:date,transaction_amount:double","isnotnull(customer_id#1L), isnotnull(account_id#2L), isnotnull(merchant_id#3L), isnotnull(branch_id#4L), isnotnull(transaction_date#5)","",false
2,18,155,"Parquet",0,0,0,0,"InMemoryFileIndex(1 paths)[s3a://goes-se-sandbox/data/warehouse/tablespace/external/hive/demo_pauldefusco.db/accounts_skewed]","IsNotNull(account_id)","account_id:bigint","isnotnull(account_id#1163L)","",false
2,18,86,"Parquet",0,0,0,0,"InMemoryFileIndex(1 paths)[s3a://goes-se-sandbox/data/warehouse/tablespace/external/hive/demo_pauldefusco.db/accounts_skewed]","IsNotNull(account_id), IsNotNull(account_type)","account_id:bigint,account_type:string","isnotnull(account_id#51L), isnotnull(account_type#52)","",false
2,18,171,"Parquet",0,0,0,0,"InMemoryFileIndex(1 paths)[s3a://goes-se-sandbox/data/warehouse/tablespace/external/hive/demo_pauldefusco.db/branches_skewed]","IsNotNull(branch_id)","branch_id:bigint","isnotnull(branch_id#1182L)","",false
2,18,102,"Parquet",0,0,0,0,"InMemoryFileIndex(1 paths)[s3a://goes-se-sandbox/data/warehouse/tablespace/external/hive/demo_pauldefusco.db/branches_skewed]","IsNotNull(branch_id), IsNotNull(state), IsNotNull(region)","branch_id:bigint,state:string,region:string","isnotnull(branch_id#90L), isnotnull(state#92), isnotnull(region#93)","",false
2,18,177,"Parquet",0,0,0,0,"InMemoryFileIndex(1 paths)[s3a://goes-se-sandbox/data/warehouse/tablespace/external/hive/demo_pauldefusco.db/calendar]","IsNotNull(calendar_date)","calendar_date:date","isnotnull(calendar_date#1193)","",false
2,18,331,"Parquet",0,0,0,0,"InMemoryFileIndex(1 paths)[s3a://goes-se-sandbox/data/warehouse/tablespace/external/hive/demo_pauldefusco.db/calendar]","IsNotNull(calendar_date), IsNotNull(year), IsNotNull(month)","calendar_date:date,year:int,month:int","isnotnull(calendar_date#1717), isnotnull(year#1719), isnotnull(month#1721)","",false
2,18,279,"Parquet",0,0,0,0,"InMemoryFileIndex(1 paths)[s3a://goes-se-sandbox/data/warehouse/tablespace/external/hive/demo_pauldefusco.db/calendar]","IsNotNull(calendar_date), IsNotNull(year), IsNotNull(quarter)","calendar_date:date,year:int,quarter:int","isnotnull(calendar_date#1587), isnotnull(year#1589), isnotnull(quarter#1590)","",false
2,18,108,"Parquet",0,0,0,0,"InMemoryFileIndex(1 paths)[s3a://goes-se-sandbox/data/warehouse/tablespace/external/hive/demo_pauldefusco.db/calendar]","IsNotNull(calendar_date), IsNotNull(year), IsNotNull(quarter), IsNotNull(month)","calendar_date:date,year:int,quarter:int,month:int","isnotnull(calendar_date#112), isnotnull(year#114), isnotnull(quarter#115), isnotnull(month#116)","",false
2,18,315,"Parquet",0,0,0,0,"InMemoryFileIndex(1 paths)[s3a://goes-se-sandbox/data/warehouse/tablespace/external/hive/demo_pauldefusco.db/customers_skewed]","IsNotNull(customer_id), IsNotNull(customer_segment)","customer_id:bigint,customer_segment:string","isnotnull(customer_id#1676L), isnotnull(customer_segment#1683)","",false
2,18,79,"Parquet",0,0,0,0,"InMemoryFileIndex(1 paths)[s3a://goes-se-sandbox/data/warehouse/tablespace/external/hive/demo_pauldefusco.db/customers_skewed]","IsNotNull(customer_id), IsNotNull(customer_segment), IsNotNull(risk_rating)","customer_id:bigint,customer_segment:string,risk_rating:string","isnotnull(customer_id#30L), isnotnull(customer_segment#37), isnotnull(risk_rating#39)","",false
2,18,213,"Parquet",0,0,0,0,"InMemoryFileIndex(1 paths)[s3a://goes-se-sandbox/data/warehouse/tablespace/external/hive/demo_pauldefusco.db/customers_skewed]","IsNotNull(customer_id), IsNotNull(customer_segment), IsNotNull(risk_rating)","customer_id:bigint,customer_segment:string,risk_rating:string","isnotnull(customer_id#30L), isnotnull(customer_segment#37), isnotnull(risk_rating#39)","",false
2,18,163,"Parquet",0,0,0,0,"InMemoryFileIndex(1 paths)[s3a://goes-se-sandbox/data/warehouse/tablespace/external/hive/demo_pauldefusco.db/merchants_skewed]","IsNotNull(merchant_id)","merchant_id:bigint","isnotnull(merchant_id#1172L)","",false
2,18,324,"Parquet",0,0,0,0,"InMemoryFileIndex(1 paths)[s3a://goes-se-sandbox/data/warehouse/tablespace/external/hive/demo_pauldefusco.db/merchants_skewed]","IsNotNull(merchant_id), IsNotNull(merchant_category)","merchant_id:bigint,merchant_category:string","isnotnull(merchant_id#1696L), isnotnull(merchant_category#1699)","",false
2,18,94,"Parquet",0,0,0,0,"InMemoryFileIndex(1 paths)[s3a://goes-se-sandbox/data/warehouse/tablespace/external/hive/demo_pauldefusco.db/merchants_skewed]","IsNotNull(merchant_id), IsNotNull(merchant_category), IsNotNull(region)","merchant_id:bigint,region:string,merchant_category:string","isnotnull(merchant_id#70L), isnotnull(merchant_category#73), isnotnull(region#72)","",false
2,18,251,"Parquet",0,0,0,0,"InMemoryFileIndex(1 paths)[s3a://goes-se-sandbox/data/warehouse/tablespace/external/hive/demo_pauldefusco.db/merchants_skewed]","IsNotNull(merchant_id), IsNotNull(merchant_category), IsNotNull(region)","merchant_id:bigint,region:string,merchant_category:string","isnotnull(merchant_id#70L), isnotnull(merchant_category#73), isnotnull(region#72)","",false
2,18,146,"Parquet",0,0,0,0,"InMemoryFileIndex(1 paths)[s3a://goes-se-sandbox/data/warehouse/tablespace/external/hive/demo_pauldefusco.db/trs_v25]","IsNotNull(customer_id), IsNotNull(account_id), IsNotNull(merchant_id), IsNotNull(branch_id), IsNotNull(transaction_date)","customer_id:bigint,account_id:bigint,merchant_id:bigint,branch_id:bigint,transaction_date:date","isnotnull(customer_id#1138L), isnotnull(account_id#1139L), isnotnull(merchant_id#1140L), isnotnull(branch_id#1141L), isnotnull(transaction_date#1142)","",false
2,18,72,"Parquet",0,0,0,0,"InMemoryFileIndex(1 paths)[s3a://goes-se-sandbox/data/warehouse/tablespace/external/hive/demo_pauldefusco.db/trs_v25]","IsNotNull(customer_id), IsNotNull(account_id), IsNotNull(merchant_id), IsNotNull(branch_id), IsNotNull(transaction_date)","customer_id:bigint,account_id:bigint,merchant_id:bigint,branch_id:bigint,transaction_date:date,transaction_amount:double","isnotnull(customer_id#1L), isnotnull(account_id#2L), isnotnull(merchant_id#3L), isnotnull(branch_id#4L), isnotnull(transaction_date#5)","",false
2,19,155,"Parquet",0,0,0,0,"InMemoryFileIndex(1 paths)[s3a://goes-se-sandbox/data/warehouse/tablespace/external/hive/demo_pauldefusco.db/accounts_skewed]","IsNotNull(account_id)","account_id:bigint","isnotnull(account_id#1163L)","",false
2,19,86,"Parquet",0,0,0,0,"InMemoryFileIndex(1 paths)[s3a://goes-se-sandbox/data/warehouse/tablespace/external/hive/demo_pauldefusco.db/accounts_skewed]","IsNotNull(account_id), IsNotNull(account_type)","account_id:bigint,account_type:string","isnotnull(account_id#51L), isnotnull(account_type#52)","",false
2,19,171,"Parquet",0,0,0,0,"InMemoryFileIndex(1 paths)[s3a://goes-se-sandbox/data/warehouse/tablespace/external/hive/demo_pauldefusco.db/branches_skewed]","IsNotNull(branch_id)","branch_id:bigint","isnotnull(branch_id#1182L)","",false
2,19,102,"Parquet",0,0,0,0,"InMemoryFileIndex(1 paths)[s3a://goes-se-sandbox/data/warehouse/tablespace/external/hive/demo_pauldefusco.db/branches_skewed]","IsNotNull(branch_id), IsNotNull(state), IsNotNull(region)","branch_id:bigint,state:string,region:string","isnotnull(branch_id#90L), isnotnull(state#92), isnotnull(region#93)","",false
2,19,177,"Parquet",0,0,0,0,"InMemoryFileIndex(1 paths)[s3a://goes-se-sandbox/data/warehouse/tablespace/external/hive/demo_pauldefusco.db/calendar]","IsNotNull(calendar_date)","calendar_date:date","isnotnull(calendar_date#1193)","",false
2,19,336,"Parquet",0,0,0,0,"InMemoryFileIndex(1 paths)[s3a://goes-se-sandbox/data/warehouse/tablespace/external/hive/demo_pauldefusco.db/calendar]","IsNotNull(calendar_date), IsNotNull(year), IsNotNull(month)","calendar_date:date,year:int,month:int","isnotnull(calendar_date#1717), isnotnull(year#1719), isnotnull(month#1721)","",false
2,19,284,"Parquet",0,0,0,0,"InMemoryFileIndex(1 paths)[s3a://goes-se-sandbox/data/warehouse/tablespace/external/hive/demo_pauldefusco.db/calendar]","IsNotNull(calendar_date), IsNotNull(year), IsNotNull(quarter)","calendar_date:date,year:int,quarter:int","isnotnull(calendar_date#1587), isnotnull(year#1589), isnotnull(quarter#1590)","",false
2,19,108,"Parquet",0,0,0,0,"InMemoryFileIndex(1 paths)[s3a://goes-se-sandbox/data/warehouse/tablespace/external/hive/demo_pauldefusco.db/calendar]","IsNotNull(calendar_date), IsNotNull(year), IsNotNull(quarter), IsNotNull(month)","calendar_date:date,year:int,quarter:int,month:int","isnotnull(calendar_date#112), isnotnull(year#114), isnotnull(quarter#115), isnotnull(month#116)","",false
2,19,320,"Parquet",0,0,0,0,"InMemoryFileIndex(1 paths)[s3a://goes-se-sandbox/data/warehouse/tablespace/external/hive/demo_pauldefusco.db/customers_skewed]","IsNotNull(customer_id), IsNotNull(customer_segment)","customer_id:bigint,customer_segment:string","isnotnull(customer_id#1676L), isnotnull(customer_segment#1683)","",false
2,19,79,"Parquet",0,0,0,0,"InMemoryFileIndex(1 paths)[s3a://goes-se-sandbox/data/warehouse/tablespace/external/hive/demo_pauldefusco.db/customers_skewed]","IsNotNull(customer_id), IsNotNull(customer_segment), IsNotNull(risk_rating)","customer_id:bigint,customer_segment:string,risk_rating:string","isnotnull(customer_id#30L), isnotnull(customer_segment#37), isnotnull(risk_rating#39)","",false
2,19,216,"Parquet",0,0,0,0,"InMemoryFileIndex(1 paths)[s3a://goes-se-sandbox/data/warehouse/tablespace/external/hive/demo_pauldefusco.db/customers_skewed]","IsNotNull(customer_id), IsNotNull(customer_segment), IsNotNull(risk_rating)","customer_id:bigint,customer_segment:string,risk_rating:string","isnotnull(customer_id#30L), isnotnull(customer_segment#37), isnotnull(risk_rating#39)","",false
2,19,163,"Parquet",0,0,0,0,"InMemoryFileIndex(1 paths)[s3a://goes-se-sandbox/data/warehouse/tablespace/external/hive/demo_pauldefusco.db/merchants_skewed]","IsNotNull(merchant_id)","merchant_id:bigint","isnotnull(merchant_id#1172L)","",false
2,19,329,"Parquet",0,0,0,0,"InMemoryFileIndex(1 paths)[s3a://goes-se-sandbox/data/warehouse/tablespace/external/hive/demo_pauldefusco.db/merchants_skewed]","IsNotNull(merchant_id), IsNotNull(merchant_category)","merchant_id:bigint,merchant_category:string","isnotnull(merchant_id#1696L), isnotnull(merchant_category#1699)","",false
2,19,94,"Parquet",0,0,0,0,"InMemoryFileIndex(1 paths)[s3a://goes-se-sandbox/data/warehouse/tablespace/external/hive/demo_pauldefusco.db/merchants_skewed]","IsNotNull(merchant_id), IsNotNull(merchant_category), IsNotNull(region)","merchant_id:bigint,region:string,merchant_category:string","isnotnull(merchant_id#70L), isnotnull(merchant_category#73), isnotnull(region#72)","",false
2,19,256,"Parquet",0,0,0,0,"InMemoryFileIndex(1 paths)[s3a://goes-se-sandbox/data/warehouse/tablespace/external/hive/demo_pauldefusco.db/merchants_skewed]","IsNotNull(merchant_id), IsNotNull(merchant_category), IsNotNull(region)","merchant_id:bigint,region:string,merchant_category:string","isnotnull(merchant_id#70L), isnotnull(merchant_category#73), isnotnull(region#72)","",false
2,19,146,"Parquet",0,0,0,0,"InMemoryFileIndex(1 paths)[s3a://goes-se-sandbox/data/warehouse/tablespace/external/hive/demo_pauldefusco.db/trs_v25]","IsNotNull(customer_id), IsNotNull(account_id), IsNotNull(merchant_id), IsNotNull(branch_id), IsNotNull(transaction_date)","customer_id:bigint,account_id:bigint,merchant_id:bigint,branch_id:bigint,transaction_date:date","isnotnull(customer_id#1138L), isnotnull(account_id#1139L), isnotnull(merchant_id#1140L), isnotnull(branch_id#1141L), isnotnull(transaction_date#1142)","",false
2,19,72,"Parquet",0,0,0,0,"InMemoryFileIndex(1 paths)[s3a://goes-se-sandbox/data/warehouse/tablespace/external/hive/demo_pauldefusco.db/trs_v25]","IsNotNull(customer_id), IsNotNull(account_id), IsNotNull(merchant_id), IsNotNull(branch_id), IsNotNull(transaction_date)","customer_id:bigint,account_id:bigint,merchant_id:bigint,branch_id:bigint,transaction_date:date,transaction_amount:double","isnotnull(customer_id#1L), isnotnull(account_id#2L), isnotnull(merchant_id#3L), isnotnull(branch_id#4L), isnotnull(transaction_date#5)","",false
2,20,155,"Parquet",0,0,0,0,"InMemoryFileIndex(1 paths)[s3a://goes-se-sandbox/data/warehouse/tablespace/external/hive/demo_pauldefusco.db/accounts_skewed]","IsNotNull(account_id)","account_id:bigint","isnotnull(account_id#1163L)","",false
2,20,86,"Parquet",0,0,0,0,"InMemoryFileIndex(1 paths)[s3a://goes-se-sandbox/data/warehouse/tablespace/external/hive/demo_pauldefusco.db/accounts_skewed]","IsNotNull(account_id), IsNotNull(account_type)","account_id:bigint,account_type:string","isnotnull(account_id#51L), isnotnull(account_type#52)","",false
2,20,171,"Parquet",0,0,0,0,"InMemoryFileIndex(1 paths)[s3a://goes-se-sandbox/data/warehouse/tablespace/external/hive/demo_pauldefusco.db/branches_skewed]","IsNotNull(branch_id)","branch_id:bigint","isnotnull(branch_id#1182L)","",false
2,20,102,"Parquet",0,0,0,0,"InMemoryFileIndex(1 paths)[s3a://goes-se-sandbox/data/warehouse/tablespace/external/hive/demo_pauldefusco.db/branches_skewed]","IsNotNull(branch_id), IsNotNull(state), IsNotNull(region)","branch_id:bigint,state:string,region:string","isnotnull(branch_id#90L), isnotnull(state#92), isnotnull(region#93)","",false
2,20,177,"Parquet",0,0,0,0,"InMemoryFileIndex(1 paths)[s3a://goes-se-sandbox/data/warehouse/tablespace/external/hive/demo_pauldefusco.db/calendar]","IsNotNull(calendar_date)","calendar_date:date","isnotnull(calendar_date#1193)","",false
2,20,341,"Parquet",0,0,0,0,"InMemoryFileIndex(1 paths)[s3a://goes-se-sandbox/data/warehouse/tablespace/external/hive/demo_pauldefusco.db/calendar]","IsNotNull(calendar_date), IsNotNull(year), IsNotNull(month)","calendar_date:date,year:int,month:int","isnotnull(calendar_date#1717), isnotnull(year#1719), isnotnull(month#1721)","",false
2,20,289,"Parquet",0,0,0,0,"InMemoryFileIndex(1 paths)[s3a://goes-se-sandbox/data/warehouse/tablespace/external/hive/demo_pauldefusco.db/calendar]","IsNotNull(calendar_date), IsNotNull(year), IsNotNull(quarter)","calendar_date:date,year:int,quarter:int","isnotnull(calendar_date#1587), isnotnull(year#1589), isnotnull(quarter#1590)","",false
2,20,108,"Parquet",0,0,0,0,"InMemoryFileIndex(1 paths)[s3a://goes-se-sandbox/data/warehouse/tablespace/external/hive/demo_pauldefusco.db/calendar]","IsNotNull(calendar_date), IsNotNull(year), IsNotNull(quarter), IsNotNull(month)","calendar_date:date,year:int,quarter:int,month:int","isnotnull(calendar_date#112), isnotnull(year#114), isnotnull(quarter#115), isnotnull(month#116)","",false
2,20,325,"Parquet",0,0,0,0,"InMemoryFileIndex(1 paths)[s3a://goes-se-sandbox/data/warehouse/tablespace/external/hive/demo_pauldefusco.db/customers_skewed]","IsNotNull(customer_id), IsNotNull(customer_segment)","customer_id:bigint,customer_segment:string","isnotnull(customer_id#1676L), isnotnull(customer_segment#1683)","",false
2,20,79,"Parquet",0,0,0,0,"InMemoryFileIndex(1 paths)[s3a://goes-se-sandbox/data/warehouse/tablespace/external/hive/demo_pauldefusco.db/customers_skewed]","IsNotNull(customer_id), IsNotNull(customer_segment), IsNotNull(risk_rating)","customer_id:bigint,customer_segment:string,risk_rating:string","isnotnull(customer_id#30L), isnotnull(customer_segment#37), isnotnull(risk_rating#39)","",false
2,20,216,"Parquet",0,0,0,0,"InMemoryFileIndex(1 paths)[s3a://goes-se-sandbox/data/warehouse/tablespace/external/hive/demo_pauldefusco.db/customers_skewed]","IsNotNull(customer_id), IsNotNull(customer_segment), IsNotNull(risk_rating)","customer_id:bigint,customer_segment:string,risk_rating:string","isnotnull(customer_id#30L), isnotnull(customer_segment#37), isnotnull(risk_rating#39)","",false
2,20,163,"Parquet",0,0,0,0,"InMemoryFileIndex(1 paths)[s3a://goes-se-sandbox/data/warehouse/tablespace/external/hive/demo_pauldefusco.db/merchants_skewed]","IsNotNull(merchant_id)","merchant_id:bigint","isnotnull(merchant_id#1172L)","",false
2,20,334,"Parquet",0,0,0,0,"InMemoryFileIndex(1 paths)[s3a://goes-se-sandbox/data/warehouse/tablespace/external/hive/demo_pauldefusco.db/merchants_skewed]","IsNotNull(merchant_id), IsNotNull(merchant_category)","merchant_id:bigint,merchant_category:string","isnotnull(merchant_id#1696L), isnotnull(merchant_category#1699)","",false
2,20,94,"Parquet",0,0,0,0,"InMemoryFileIndex(1 paths)[s3a://goes-se-sandbox/data/warehouse/tablespace/external/hive/demo_pauldefusco.db/merchants_skewed]","IsNotNull(merchant_id), IsNotNull(merchant_category), IsNotNull(region)","merchant_id:bigint,region:string,merchant_category:string","isnotnull(merchant_id#70L), isnotnull(merchant_category#73), isnotnull(region#72)","",false
2,20,256,"Parquet",0,0,0,0,"InMemoryFileIndex(1 paths)[s3a://goes-se-sandbox/data/warehouse/tablespace/external/hive/demo_pauldefusco.db/merchants_skewed]","IsNotNull(merchant_id), IsNotNull(merchant_category), IsNotNull(region)","merchant_id:bigint,region:string,merchant_category:string","isnotnull(merchant_id#70L), isnotnull(merchant_category#73), isnotnull(region#72)","",false
2,20,146,"Parquet",0,0,0,0,"InMemoryFileIndex(1 paths)[s3a://goes-se-sandbox/data/warehouse/tablespace/external/hive/demo_pauldefusco.db/trs_v25]","IsNotNull(customer_id), IsNotNull(account_id), IsNotNull(merchant_id), IsNotNull(branch_id), IsNotNull(transaction_date)","customer_id:bigint,account_id:bigint,merchant_id:bigint,branch_id:bigint,transaction_date:date","isnotnull(customer_id#1138L), isnotnull(account_id#1139L), isnotnull(merchant_id#1140L), isnotnull(branch_id#1141L), isnotnull(transaction_date#1142)","",false
2,20,72,"Parquet",0,0,0,0,"InMemoryFileIndex(1 paths)[s3a://goes-se-sandbox/data/warehouse/tablespace/external/hive/demo_pauldefusco.db/trs_v25]","IsNotNull(customer_id), IsNotNull(account_id), IsNotNull(merchant_id), IsNotNull(branch_id), IsNotNull(transaction_date)","customer_id:bigint,account_id:bigint,merchant_id:bigint,branch_id:bigint,transaction_date:date,transaction_amount:double","isnotnull(customer_id#1L), isnotnull(account_id#2L), isnotnull(merchant_id#3L), isnotnull(branch_id#4L), isnotnull(transaction_date#5)","",false
2,21,155,"Parquet",0,0,0,0,"InMemoryFileIndex(1 paths)[s3a://goes-se-sandbox/data/warehouse/tablespace/external/hive/demo_pauldefusco.db/accounts_skewed]","IsNotNull(account_id)","account_id:bigint","isnotnull(account_id#1163L)","",false
2,21,86,"Parquet",0,0,0,0,"InMemoryFileIndex(1 paths)[s3a://goes-se-sandbox/data/warehouse/tablespace/external/hive/demo_pauldefusco.db/accounts_skewed]","IsNotNull(account_id), IsNotNull(account_type)","account_id:bigint,account_type:string","isnotnull(account_id#51L), isnotnull(account_type#52)","",false
2,21,171,"Parquet",0,0,0,0,"InMemoryFileIndex(1 paths)[s3a://goes-se-sandbox/data/warehouse/tablespace/external/hive/demo_pauldefusco.db/branches_skewed]","IsNotNull(branch_id)","branch_id:bigint","isnotnull(branch_id#1182L)","",false
2,21,102,"Parquet",0,0,0,0,"InMemoryFileIndex(1 paths)[s3a://goes-se-sandbox/data/warehouse/tablespace/external/hive/demo_pauldefusco.db/branches_skewed]","IsNotNull(branch_id), IsNotNull(state), IsNotNull(region)","branch_id:bigint,state:string,region:string","isnotnull(branch_id#90L), isnotnull(state#92), isnotnull(region#93)","",false
2,21,177,"Parquet",0,0,0,0,"InMemoryFileIndex(1 paths)[s3a://goes-se-sandbox/data/warehouse/tablespace/external/hive/demo_pauldefusco.db/calendar]","IsNotNull(calendar_date)","calendar_date:date","isnotnull(calendar_date#1193)","",false
2,21,346,"Parquet",0,0,0,0,"InMemoryFileIndex(1 paths)[s3a://goes-se-sandbox/data/warehouse/tablespace/external/hive/demo_pauldefusco.db/calendar]","IsNotNull(calendar_date), IsNotNull(year), IsNotNull(month)","calendar_date:date,year:int,month:int","isnotnull(calendar_date#1717), isnotnull(year#1719), isnotnull(month#1721)","",false
2,21,294,"Parquet",0,0,0,0,"InMemoryFileIndex(1 paths)[s3a://goes-se-sandbox/data/warehouse/tablespace/external/hive/demo_pauldefusco.db/calendar]","IsNotNull(calendar_date), IsNotNull(year), IsNotNull(quarter)","calendar_date:date,year:int,quarter:int","isnotnull(calendar_date#1587), isnotnull(year#1589), isnotnull(quarter#1590)","",false
2,21,108,"Parquet",0,0,0,0,"InMemoryFileIndex(1 paths)[s3a://goes-se-sandbox/data/warehouse/tablespace/external/hive/demo_pauldefusco.db/calendar]","IsNotNull(calendar_date), IsNotNull(year), IsNotNull(quarter), IsNotNull(month)","calendar_date:date,year:int,quarter:int,month:int","isnotnull(calendar_date#112), isnotnull(year#114), isnotnull(quarter#115), isnotnull(month#116)","",false
2,21,330,"Parquet",0,0,0,0,"InMemoryFileIndex(1 paths)[s3a://goes-se-sandbox/data/warehouse/tablespace/external/hive/demo_pauldefusco.db/customers_skewed]","IsNotNull(customer_id), IsNotNull(customer_segment)","customer_id:bigint,customer_segment:string","isnotnull(customer_id#1676L), isnotnull(customer_segment#1683)","",false
2,21,79,"Parquet",0,0,0,0,"InMemoryFileIndex(1 paths)[s3a://goes-se-sandbox/data/warehouse/tablespace/external/hive/demo_pauldefusco.db/customers_skewed]","IsNotNull(customer_id), IsNotNull(customer_segment), IsNotNull(risk_rating)","customer_id:bigint,customer_segment:string,risk_rating:string","isnotnull(customer_id#30L), isnotnull(customer_segment#37), isnotnull(risk_rating#39)","",false
2,21,216,"Parquet",0,0,0,0,"InMemoryFileIndex(1 paths)[s3a://goes-se-sandbox/data/warehouse/tablespace/external/hive/demo_pauldefusco.db/customers_skewed]","IsNotNull(customer_id), IsNotNull(customer_segment), IsNotNull(risk_rating)","customer_id:bigint,customer_segment:string,risk_rating:string","isnotnull(customer_id#30L), isnotnull(customer_segment#37), isnotnull(risk_rating#39)","",false
2,21,163,"Parquet",0,0,0,0,"InMemoryFileIndex(1 paths)[s3a://goes-se-sandbox/data/warehouse/tablespace/external/hive/demo_pauldefusco.db/merchants_skewed]","IsNotNull(merchant_id)","merchant_id:bigint","isnotnull(merchant_id#1172L)","",false
2,21,339,"Parquet",0,0,0,0,"InMemoryFileIndex(1 paths)[s3a://goes-se-sandbox/data/warehouse/tablespace/external/hive/demo_pauldefusco.db/merchants_skewed]","IsNotNull(merchant_id), IsNotNull(merchant_category)","merchant_id:bigint,merchant_category:string","isnotnull(merchant_id#1696L), isnotnull(merchant_category#1699)","",false
2,21,94,"Parquet",0,0,0,0,"InMemoryFileIndex(1 paths)[s3a://goes-se-sandbox/data/warehouse/tablespace/external/hive/demo_pauldefusco.db/merchants_skewed]","IsNotNull(merchant_id), IsNotNull(merchant_category), IsNotNull(region)","merchant_id:bigint,region:string,merchant_category:string","isnotnull(merchant_id#70L), isnotnull(merchant_category#73), isnotnull(region#72)","",false
2,21,259,"Parquet",0,0,0,0,"InMemoryFileIndex(1 paths)[s3a://goes-se-sandbox/data/warehouse/tablespace/external/hive/demo_pauldefusco.db/merchants_skewed]","IsNotNull(merchant_id), IsNotNull(merchant_category), IsNotNull(region)","merchant_id:bigint,region:string,merchant_category:string","isnotnull(merchant_id#70L), isnotnull(merchant_category#73), isnotnull(region#72)","",false
2,21,146,"Parquet",0,0,0,0,"InMemoryFileIndex(1 paths)[s3a://goes-se-sandbox/data/warehouse/tablespace/external/hive/demo_pauldefusco.db/trs_v25]","IsNotNull(customer_id), IsNotNull(account_id), IsNotNull(merchant_id), IsNotNull(branch_id), IsNotNull(transaction_date)","customer_id:bigint,account_id:bigint,merchant_id:bigint,branch_id:bigint,transaction_date:date","isnotnull(customer_id#1138L), isnotnull(account_id#1139L), isnotnull(merchant_id#1140L), isnotnull(branch_id#1141L), isnotnull(transaction_date#1142)","",false
2,21,72,"Parquet",0,0,0,0,"InMemoryFileIndex(1 paths)[s3a://goes-se-sandbox/data/warehouse/tablespace/external/hive/demo_pauldefusco.db/trs_v25]","IsNotNull(customer_id), IsNotNull(account_id), IsNotNull(merchant_id), IsNotNull(branch_id), IsNotNull(transaction_date)","customer_id:bigint,account_id:bigint,merchant_id:bigint,branch_id:bigint,transaction_date:date,transaction_amount:double","isnotnull(customer_id#1L), isnotnull(account_id#2L), isnotnull(merchant_id#3L), isnotnull(branch_id#4L), isnotnull(transaction_date#5)","",false
2,22,155,"Parquet",0,0,0,0,"InMemoryFileIndex(1 paths)[s3a://goes-se-sandbox/data/warehouse/tablespace/external/hive/demo_pauldefusco.db/accounts_skewed]","IsNotNull(account_id)","account_id:bigint","isnotnull(account_id#1163L)","",false
2,22,86,"Parquet",0,0,0,0,"InMemoryFileIndex(1 paths)[s3a://goes-se-sandbox/data/warehouse/tablespace/external/hive/demo_pauldefusco.db/accounts_skewed]","IsNotNull(account_id), IsNotNull(account_type)","account_id:bigint,account_type:string","isnotnull(account_id#51L), isnotnull(account_type#52)","",false
2,22,171,"Parquet",0,0,0,0,"InMemoryFileIndex(1 paths)[s3a://goes-se-sandbox/data/warehouse/tablespace/external/hive/demo_pauldefusco.db/branches_skewed]","IsNotNull(branch_id)","branch_id:bigint","isnotnull(branch_id#1182L)","",false
2,22,102,"Parquet",0,0,0,0,"InMemoryFileIndex(1 paths)[s3a://goes-se-sandbox/data/warehouse/tablespace/external/hive/demo_pauldefusco.db/branches_skewed]","IsNotNull(branch_id), IsNotNull(state), IsNotNull(region)","branch_id:bigint,state:string,region:string","isnotnull(branch_id#90L), isnotnull(state#92), isnotnull(region#93)","",false
2,22,177,"Parquet",0,0,0,0,"InMemoryFileIndex(1 paths)[s3a://goes-se-sandbox/data/warehouse/tablespace/external/hive/demo_pauldefusco.db/calendar]","IsNotNull(calendar_date)","calendar_date:date","isnotnull(calendar_date#1193)","",false
2,22,351,"Parquet",0,0,0,0,"InMemoryFileIndex(1 paths)[s3a://goes-se-sandbox/data/warehouse/tablespace/external/hive/demo_pauldefusco.db/calendar]","IsNotNull(calendar_date), IsNotNull(year), IsNotNull(month)","calendar_date:date,year:int,month:int","isnotnull(calendar_date#1717), isnotnull(year#1719), isnotnull(month#1721)","",false
2,22,294,"Parquet",0,0,0,0,"InMemoryFileIndex(1 paths)[s3a://goes-se-sandbox/data/warehouse/tablespace/external/hive/demo_pauldefusco.db/calendar]","IsNotNull(calendar_date), IsNotNull(year), IsNotNull(quarter)","calendar_date:date,year:int,quarter:int","isnotnull(calendar_date#1587), isnotnull(year#1589), isnotnull(quarter#1590)","",false
2,22,108,"Parquet",0,0,0,0,"InMemoryFileIndex(1 paths)[s3a://goes-se-sandbox/data/warehouse/tablespace/external/hive/demo_pauldefusco.db/calendar]","IsNotNull(calendar_date), IsNotNull(year), IsNotNull(quarter), IsNotNull(month)","calendar_date:date,year:int,quarter:int,month:int","isnotnull(calendar_date#112), isnotnull(year#114), isnotnull(quarter#115), isnotnull(month#116)","",false
2,22,333,"Parquet",0,0,0,0,"InMemoryFileIndex(1 paths)[s3a://goes-se-sandbox/data/warehouse/tablespace/external/hive/demo_pauldefusco.db/customers_skewed]","IsNotNull(customer_id), IsNotNull(customer_segment)","customer_id:bigint,customer_segment:string","isnotnull(customer_id#1676L), isnotnull(customer_segment#1683)","",false
2,22,79,"Parquet",0,0,0,0,"InMemoryFileIndex(1 paths)[s3a://goes-se-sandbox/data/warehouse/tablespace/external/hive/demo_pauldefusco.db/customers_skewed]","IsNotNull(customer_id), IsNotNull(customer_segment), IsNotNull(risk_rating)","customer_id:bigint,customer_segment:string,risk_rating:string","isnotnull(customer_id#30L), isnotnull(customer_segment#37), isnotnull(risk_rating#39)","",false
2,22,216,"Parquet",0,0,0,0,"InMemoryFileIndex(1 paths)[s3a://goes-se-sandbox/data/warehouse/tablespace/external/hive/demo_pauldefusco.db/customers_skewed]","IsNotNull(customer_id), IsNotNull(customer_segment), IsNotNull(risk_rating)","customer_id:bigint,customer_segment:string,risk_rating:string","isnotnull(customer_id#30L), isnotnull(customer_segment#37), isnotnull(risk_rating#39)","",false
2,22,163,"Parquet",0,0,0,0,"InMemoryFileIndex(1 paths)[s3a://goes-se-sandbox/data/warehouse/tablespace/external/hive/demo_pauldefusco.db/merchants_skewed]","IsNotNull(merchant_id)","merchant_id:bigint","isnotnull(merchant_id#1172L)","",false
2,22,342,"Parquet",0,0,0,0,"InMemoryFileIndex(1 paths)[s3a://goes-se-sandbox/data/warehouse/tablespace/external/hive/demo_pauldefusco.db/merchants_skewed]","IsNotNull(merchant_id), IsNotNull(merchant_category)","merchant_id:bigint,merchant_category:string","isnotnull(merchant_id#1696L), isnotnull(merchant_category#1699)","",false
2,22,94,"Parquet",0,0,0,0,"InMemoryFileIndex(1 paths)[s3a://goes-se-sandbox/data/warehouse/tablespace/external/hive/demo_pauldefusco.db/merchants_skewed]","IsNotNull(merchant_id), IsNotNull(merchant_category), IsNotNull(region)","merchant_id:bigint,region:string,merchant_category:string","isnotnull(merchant_id#70L), isnotnull(merchant_category#73), isnotnull(region#72)","",false
2,22,259,"Parquet",0,0,0,0,"InMemoryFileIndex(1 paths)[s3a://goes-se-sandbox/data/warehouse/tablespace/external/hive/demo_pauldefusco.db/merchants_skewed]","IsNotNull(merchant_id), IsNotNull(merchant_category), IsNotNull(region)","merchant_id:bigint,region:string,merchant_category:string","isnotnull(merchant_id#70L), isnotnull(merchant_category#73), isnotnull(region#72)","",false
2,22,146,"Parquet",0,0,0,0,"InMemoryFileIndex(1 paths)[s3a://goes-se-sandbox/data/warehouse/tablespace/external/hive/demo_pauldefusco.db/trs_v25]","IsNotNull(customer_id), IsNotNull(account_id), IsNotNull(merchant_id), IsNotNull(branch_id), IsNotNull(transaction_date)","customer_id:bigint,account_id:bigint,merchant_id:bigint,branch_id:bigint,transaction_date:date","isnotnull(customer_id#1138L), isnotnull(account_id#1139L), isnotnull(merchant_id#1140L), isnotnull(branch_id#1141L), isnotnull(transaction_date#1142)","",false
2,22,72,"Parquet",0,0,0,0,"InMemoryFileIndex(1 paths)[s3a://goes-se-sandbox/data/warehouse/tablespace/external/hive/demo_pauldefusco.db/trs_v25]","IsNotNull(customer_id), IsNotNull(account_id), IsNotNull(merchant_id), IsNotNull(branch_id), IsNotNull(transaction_date)","customer_id:bigint,account_id:bigint,merchant_id:bigint,branch_id:bigint,transaction_date:date,transaction_amount:double","isnotnull(customer_id#1L), isnotnull(account_id#2L), isnotnull(merchant_id#3L), isnotnull(branch_id#4L), isnotnull(transaction_date#5)","",false
2,23,155,"Parquet",0,0,0,0,"InMemoryFileIndex(1 paths)[s3a://goes-se-sandbox/data/warehouse/tablespace/external/hive/demo_pauldefusco.db/accounts_skewed]","IsNotNull(account_id)","account_id:bigint","isnotnull(account_id#1163L)","",false
2,23,86,"Parquet",0,0,0,0,"InMemoryFileIndex(1 paths)[s3a://goes-se-sandbox/data/warehouse/tablespace/external/hive/demo_pauldefusco.db/accounts_skewed]","IsNotNull(account_id), IsNotNull(account_type)","account_id:bigint,account_type:string","isnotnull(account_id#51L), isnotnull(account_type#52)","",false
2,23,171,"Parquet",0,0,0,0,"InMemoryFileIndex(1 paths)[s3a://goes-se-sandbox/data/warehouse/tablespace/external/hive/demo_pauldefusco.db/branches_skewed]","IsNotNull(branch_id)","branch_id:bigint","isnotnull(branch_id#1182L)","",false
2,23,102,"Parquet",0,0,0,0,"InMemoryFileIndex(1 paths)[s3a://goes-se-sandbox/data/warehouse/tablespace/external/hive/demo_pauldefusco.db/branches_skewed]","IsNotNull(branch_id), IsNotNull(state), IsNotNull(region)","branch_id:bigint,state:string,region:string","isnotnull(branch_id#90L), isnotnull(state#92), isnotnull(region#93)","",false
2,23,177,"Parquet",0,0,0,0,"InMemoryFileIndex(1 paths)[s3a://goes-se-sandbox/data/warehouse/tablespace/external/hive/demo_pauldefusco.db/calendar]","IsNotNull(calendar_date)","calendar_date:date","isnotnull(calendar_date#1193)","",false
2,23,351,"Parquet",0,0,0,0,"InMemoryFileIndex(1 paths)[s3a://goes-se-sandbox/data/warehouse/tablespace/external/hive/demo_pauldefusco.db/calendar]","IsNotNull(calendar_date), IsNotNull(year), IsNotNull(month)","calendar_date:date,year:int,month:int","isnotnull(calendar_date#1717), isnotnull(year#1719), isnotnull(month#1721)","",false
2,23,294,"Parquet",0,0,0,0,"InMemoryFileIndex(1 paths)[s3a://goes-se-sandbox/data/warehouse/tablespace/external/hive/demo_pauldefusco.db/calendar]","IsNotNull(calendar_date), IsNotNull(year), IsNotNull(quarter)","calendar_date:date,year:int,quarter:int","isnotnull(calendar_date#1587), isnotnull(year#1589), isnotnull(quarter#1590)","",false
2,23,108,"Parquet",0,0,0,0,"InMemoryFileIndex(1 paths)[s3a://goes-se-sandbox/data/warehouse/tablespace/external/hive/demo_pauldefusco.db/calendar]","IsNotNull(calendar_date), IsNotNull(year), IsNotNull(quarter), IsNotNull(month)","calendar_date:date,year:int,quarter:int,month:int","isnotnull(calendar_date#112), isnotnull(year#114), isnotnull(quarter#115), isnotnull(month#116)","",false
2,23,333,"Parquet",0,0,0,0,"InMemoryFileIndex(1 paths)[s3a://goes-se-sandbox/data/warehouse/tablespace/external/hive/demo_pauldefusco.db/customers_skewed]","IsNotNull(customer_id), IsNotNull(customer_segment)","customer_id:bigint,customer_segment:string","isnotnull(customer_id#1676L), isnotnull(customer_segment#1683)","",false
2,23,79,"Parquet",0,0,0,0,"InMemoryFileIndex(1 paths)[s3a://goes-se-sandbox/data/warehouse/tablespace/external/hive/demo_pauldefusco.db/customers_skewed]","IsNotNull(customer_id), IsNotNull(customer_segment), IsNotNull(risk_rating)","customer_id:bigint,customer_segment:string,risk_rating:string","isnotnull(customer_id#30L), isnotnull(customer_segment#37), isnotnull(risk_rating#39)","",false
2,23,216,"Parquet",0,0,0,0,"InMemoryFileIndex(1 paths)[s3a://goes-se-sandbox/data/warehouse/tablespace/external/hive/demo_pauldefusco.db/customers_skewed]","IsNotNull(customer_id), IsNotNull(customer_segment), IsNotNull(risk_rating)","customer_id:bigint,customer_segment:string,risk_rating:string","isnotnull(customer_id#30L), isnotnull(customer_segment#37), isnotnull(risk_rating#39)","",false
2,23,163,"Parquet",0,0,0,0,"InMemoryFileIndex(1 paths)[s3a://goes-se-sandbox/data/warehouse/tablespace/external/hive/demo_pauldefusco.db/merchants_skewed]","IsNotNull(merchant_id)","merchant_id:bigint","isnotnull(merchant_id#1172L)","",false
2,23,342,"Parquet",0,0,0,0,"InMemoryFileIndex(1 paths)[s3a://goes-se-sandbox/data/warehouse/tablespace/external/hive/demo_pauldefusco.db/merchants_skewed]","IsNotNull(merchant_id), IsNotNull(merchant_category)","merchant_id:bigint,merchant_category:string","isnotnull(merchant_id#1696L), isnotnull(merchant_category#1699)","",false
2,23,94,"Parquet",0,0,0,0,"InMemoryFileIndex(1 paths)[s3a://goes-se-sandbox/data/warehouse/tablespace/external/hive/demo_pauldefusco.db/merchants_skewed]","IsNotNull(merchant_id), IsNotNull(merchant_category), IsNotNull(region)","merchant_id:bigint,region:string,merchant_category:string","isnotnull(merchant_id#70L), isnotnull(merchant_category#73), isnotnull(region#72)","",false
2,23,259,"Parquet",0,0,0,0,"InMemoryFileIndex(1 paths)[s3a://goes-se-sandbox/data/warehouse/tablespace/external/hive/demo_pauldefusco.db/merchants_skewed]","IsNotNull(merchant_id), IsNotNull(merchant_category), IsNotNull(region)","merchant_id:bigint,region:string,merchant_category:string","isnotnull(merchant_id#70L), isnotnull(merchant_category#73), isnotnull(region#72)","",false
2,23,146,"Parquet",0,0,0,0,"InMemoryFileIndex(1 paths)[s3a://goes-se-sandbox/data/warehouse/tablespace/external/hive/demo_pauldefusco.db/trs_v25]","IsNotNull(customer_id), IsNotNull(account_id), IsNotNull(merchant_id), IsNotNull(branch_id), IsNotNull(transaction_date)","customer_id:bigint,account_id:bigint,merchant_id:bigint,branch_id:bigint,transaction_date:date","isnotnull(customer_id#1138L), isnotnull(account_id#1139L), isnotnull(merchant_id#1140L), isnotnull(branch_id#1141L), isnotnull(transaction_date#1142)","",false
2,23,72,"Parquet",0,0,0,0,"InMemoryFileIndex(1 paths)[s3a://goes-se-sandbox/data/warehouse/tablespace/external/hive/demo_pauldefusco.db/trs_v25]","IsNotNull(customer_id), IsNotNull(account_id), IsNotNull(merchant_id), IsNotNull(branch_id), IsNotNull(transaction_date)","customer_id:bigint,account_id:bigint,merchant_id:bigint,branch_id:bigint,transaction_date:date,transaction_amount:double","isnotnull(customer_id#1L), isnotnull(account_id#2L), isnotnull(merchant_id#3L), isnotnull(branch_id#4L), isnotnull(transaction_date#5)","",false
2,24,155,"Parquet",0,0,0,0,"InMemoryFileIndex(1 paths)[s3a://goes-se-sandbox/data/warehouse/tablespace/external/hive/demo_pauldefusco.db/accounts_skewed]","IsNotNull(account_id)","account_id:bigint","isnotnull(account_id#1163L)","",false
2,24,86,"Parquet",0,0,0,0,"InMemoryFileIndex(1 paths)[s3a://goes-se-sandbox/data/warehouse/tablespace/external/hive/demo_pauldefusco.db/accounts_skewed]","IsNotNull(account_id), IsNotNull(account_type)","account_id:bigint,account_type:string","isnotnull(account_id#51L), isnotnull(account_type#52)","",false
2,24,171,"Parquet",0,0,0,0,"InMemoryFileIndex(1 paths)[s3a://goes-se-sandbox/data/warehouse/tablespace/external/hive/demo_pauldefusco.db/branches_skewed]","IsNotNull(branch_id)","branch_id:bigint","isnotnull(branch_id#1182L)","",false
2,24,102,"Parquet",0,0,0,0,"InMemoryFileIndex(1 paths)[s3a://goes-se-sandbox/data/warehouse/tablespace/external/hive/demo_pauldefusco.db/branches_skewed]","IsNotNull(branch_id), IsNotNull(state), IsNotNull(region)","branch_id:bigint,state:string,region:string","isnotnull(branch_id#90L), isnotnull(state#92), isnotnull(region#93)","",false
2,24,177,"Parquet",0,0,0,0,"InMemoryFileIndex(1 paths)[s3a://goes-se-sandbox/data/warehouse/tablespace/external/hive/demo_pauldefusco.db/calendar]","IsNotNull(calendar_date)","calendar_date:date","isnotnull(calendar_date#1193)","",false
2,24,356,"Parquet",0,0,0,0,"InMemoryFileIndex(1 paths)[s3a://goes-se-sandbox/data/warehouse/tablespace/external/hive/demo_pauldefusco.db/calendar]","IsNotNull(calendar_date), IsNotNull(year), IsNotNull(month)","calendar_date:date,year:int,month:int","isnotnull(calendar_date#1717), isnotnull(year#1719), isnotnull(month#1721)","",false
2,24,299,"Parquet",0,0,0,0,"InMemoryFileIndex(1 paths)[s3a://goes-se-sandbox/data/warehouse/tablespace/external/hive/demo_pauldefusco.db/calendar]","IsNotNull(calendar_date), IsNotNull(year), IsNotNull(quarter)","calendar_date:date,year:int,quarter:int","isnotnull(calendar_date#1587), isnotnull(year#1589), isnotnull(quarter#1590)","",false
2,24,108,"Parquet",0,0,0,0,"InMemoryFileIndex(1 paths)[s3a://goes-se-sandbox/data/warehouse/tablespace/external/hive/demo_pauldefusco.db/calendar]","IsNotNull(calendar_date), IsNotNull(year), IsNotNull(quarter), IsNotNull(month)","calendar_date:date,year:int,quarter:int,month:int","isnotnull(calendar_date#112), isnotnull(year#114), isnotnull(quarter#115), isnotnull(month#116)","",false
2,24,338,"Parquet",0,0,0,0,"InMemoryFileIndex(1 paths)[s3a://goes-se-sandbox/data/warehouse/tablespace/external/hive/demo_pauldefusco.db/customers_skewed]","IsNotNull(customer_id), IsNotNull(customer_segment)","customer_id:bigint,customer_segment:string","isnotnull(customer_id#1676L), isnotnull(customer_segment#1683)","",false
2,24,79,"Parquet",0,0,0,0,"InMemoryFileIndex(1 paths)[s3a://goes-se-sandbox/data/warehouse/tablespace/external/hive/demo_pauldefusco.db/customers_skewed]","IsNotNull(customer_id), IsNotNull(customer_segment), IsNotNull(risk_rating)","customer_id:bigint,customer_segment:string,risk_rating:string","isnotnull(customer_id#30L), isnotnull(customer_segment#37), isnotnull(risk_rating#39)","",false
2,24,216,"Parquet",0,0,0,0,"InMemoryFileIndex(1 paths)[s3a://goes-se-sandbox/data/warehouse/tablespace/external/hive/demo_pauldefusco.db/customers_skewed]","IsNotNull(customer_id), IsNotNull(customer_segment), IsNotNull(risk_rating)","customer_id:bigint,customer_segment:string,risk_rating:string","isnotnull(customer_id#30L), isnotnull(customer_segment#37), isnotnull(risk_rating#39)","",false
2,24,163,"Parquet",0,0,0,0,"InMemoryFileIndex(1 paths)[s3a://goes-se-sandbox/data/warehouse/tablespace/external/hive/demo_pauldefusco.db/merchants_skewed]","IsNotNull(merchant_id)","merchant_id:bigint","isnotnull(merchant_id#1172L)","",false
2,24,347,"Parquet",0,0,0,0,"InMemoryFileIndex(1 paths)[s3a://goes-se-sandbox/data/warehouse/tablespace/external/hive/demo_pauldefusco.db/merchants_skewed]","IsNotNull(merchant_id), IsNotNull(merchant_category)","merchant_id:bigint,merchant_category:string","isnotnull(merchant_id#1696L), isnotnull(merchant_category#1699)","",false
2,24,94,"Parquet",0,0,0,0,"InMemoryFileIndex(1 paths)[s3a://goes-se-sandbox/data/warehouse/tablespace/external/hive/demo_pauldefusco.db/merchants_skewed]","IsNotNull(merchant_id), IsNotNull(merchant_category), IsNotNull(region)","merchant_id:bigint,region:string,merchant_category:string","isnotnull(merchant_id#70L), isnotnull(merchant_category#73), isnotnull(region#72)","",false
2,24,259,"Parquet",0,0,0,0,"InMemoryFileIndex(1 paths)[s3a://goes-se-sandbox/data/warehouse/tablespace/external/hive/demo_pauldefusco.db/merchants_skewed]","IsNotNull(merchant_id), IsNotNull(merchant_category), IsNotNull(region)","merchant_id:bigint,region:string,merchant_category:string","isnotnull(merchant_id#70L), isnotnull(merchant_category#73), isnotnull(region#72)","",false
2,24,146,"Parquet",0,0,0,0,"InMemoryFileIndex(1 paths)[s3a://goes-se-sandbox/data/warehouse/tablespace/external/hive/demo_pauldefusco.db/trs_v25]","IsNotNull(customer_id), IsNotNull(account_id), IsNotNull(merchant_id), IsNotNull(branch_id), IsNotNull(transaction_date)","customer_id:bigint,account_id:bigint,merchant_id:bigint,branch_id:bigint,transaction_date:date","isnotnull(customer_id#1138L), isnotnull(account_id#1139L), isnotnull(merchant_id#1140L), isnotnull(branch_id#1141L), isnotnull(transaction_date#1142)","",false
2,24,72,"Parquet",0,0,0,0,"InMemoryFileIndex(1 paths)[s3a://goes-se-sandbox/data/warehouse/tablespace/external/hive/demo_pauldefusco.db/trs_v25]","IsNotNull(customer_id), IsNotNull(account_id), IsNotNull(merchant_id), IsNotNull(branch_id), IsNotNull(transaction_date)","customer_id:bigint,account_id:bigint,merchant_id:bigint,branch_id:bigint,transaction_date:date,transaction_amount:double","isnotnull(customer_id#1L), isnotnull(account_id#2L), isnotnull(merchant_id#3L), isnotnull(branch_id#4L), isnotnull(transaction_date#5)","",false
2,25,158,"Parquet",0,0,0,0,"InMemoryFileIndex(1 paths)[s3a://goes-se-sandbox/data/warehouse/tablespace/external/hive/demo_pauldefusco.db/accounts_skewed]","IsNotNull(account_id)","account_id:bigint","isnotnull(account_id#1163L)","",false
2,25,86,"Parquet",0,0,0,0,"InMemoryFileIndex(1 paths)[s3a://goes-se-sandbox/data/warehouse/tablespace/external/hive/demo_pauldefusco.db/accounts_skewed]","IsNotNull(account_id), IsNotNull(account_type)","account_id:bigint,account_type:string","isnotnull(account_id#51L), isnotnull(account_type#52)","",false
2,25,174,"Parquet",0,0,0,0,"InMemoryFileIndex(1 paths)[s3a://goes-se-sandbox/data/warehouse/tablespace/external/hive/demo_pauldefusco.db/branches_skewed]","IsNotNull(branch_id)","branch_id:bigint","isnotnull(branch_id#1182L)","",false
2,25,102,"Parquet",0,0,0,0,"InMemoryFileIndex(1 paths)[s3a://goes-se-sandbox/data/warehouse/tablespace/external/hive/demo_pauldefusco.db/branches_skewed]","IsNotNull(branch_id), IsNotNull(state), IsNotNull(region)","branch_id:bigint,state:string,region:string","isnotnull(branch_id#90L), isnotnull(state#92), isnotnull(region#93)","",false
2,25,182,"Parquet",0,0,0,0,"InMemoryFileIndex(1 paths)[s3a://goes-se-sandbox/data/warehouse/tablespace/external/hive/demo_pauldefusco.db/calendar]","IsNotNull(calendar_date)","calendar_date:date","isnotnull(calendar_date#1193)","",false
2,25,361,"Parquet",0,0,0,0,"InMemoryFileIndex(1 paths)[s3a://goes-se-sandbox/data/warehouse/tablespace/external/hive/demo_pauldefusco.db/calendar]","IsNotNull(calendar_date), IsNotNull(year), IsNotNull(month)","calendar_date:date,year:int,month:int","isnotnull(calendar_date#1717), isnotnull(year#1719), isnotnull(month#1721)","",false
2,25,304,"Parquet",0,0,0,0,"InMemoryFileIndex(1 paths)[s3a://goes-se-sandbox/data/warehouse/tablespace/external/hive/demo_pauldefusco.db/calendar]","IsNotNull(calendar_date), IsNotNull(year), IsNotNull(quarter)","calendar_date:date,year:int,quarter:int","isnotnull(calendar_date#1587), isnotnull(year#1589), isnotnull(quarter#1590)","",false
2,25,108,"Parquet",0,0,0,0,"InMemoryFileIndex(1 paths)[s3a://goes-se-sandbox/data/warehouse/tablespace/external/hive/demo_pauldefusco.db/calendar]","IsNotNull(calendar_date), IsNotNull(year), IsNotNull(quarter), IsNotNull(month)","calendar_date:date,year:int,quarter:int,month:int","isnotnull(calendar_date#112), isnotnull(year#114), isnotnull(quarter#115), isnotnull(month#116)","",false
2,25,343,"Parquet",0,0,0,0,"InMemoryFileIndex(1 paths)[s3a://goes-se-sandbox/data/warehouse/tablespace/external/hive/demo_pauldefusco.db/customers_skewed]","IsNotNull(customer_id), IsNotNull(customer_segment)","customer_id:bigint,customer_segment:string","isnotnull(customer_id#1676L), isnotnull(customer_segment#1683)","",false
2,25,79,"Parquet",0,0,0,0,"InMemoryFileIndex(1 paths)[s3a://goes-se-sandbox/data/warehouse/tablespace/external/hive/demo_pauldefusco.db/customers_skewed]","IsNotNull(customer_id), IsNotNull(customer_segment), IsNotNull(risk_rating)","customer_id:bigint,customer_segment:string,risk_rating:string","isnotnull(customer_id#30L), isnotnull(customer_segment#37), isnotnull(risk_rating#39)","",false
2,25,221,"Parquet",0,0,0,0,"InMemoryFileIndex(1 paths)[s3a://goes-se-sandbox/data/warehouse/tablespace/external/hive/demo_pauldefusco.db/customers_skewed]","IsNotNull(customer_id), IsNotNull(customer_segment), IsNotNull(risk_rating)","customer_id:bigint,customer_segment:string,risk_rating:string","isnotnull(customer_id#30L), isnotnull(customer_segment#37), isnotnull(risk_rating#39)","",false
2,25,166,"Parquet",0,0,0,0,"InMemoryFileIndex(1 paths)[s3a://goes-se-sandbox/data/warehouse/tablespace/external/hive/demo_pauldefusco.db/merchants_skewed]","IsNotNull(merchant_id)","merchant_id:bigint","isnotnull(merchant_id#1172L)","",false
2,25,352,"Parquet",0,0,0,0,"InMemoryFileIndex(1 paths)[s3a://goes-se-sandbox/data/warehouse/tablespace/external/hive/demo_pauldefusco.db/merchants_skewed]","IsNotNull(merchant_id), IsNotNull(merchant_category)","merchant_id:bigint,merchant_category:string","isnotnull(merchant_id#1696L), isnotnull(merchant_category#1699)","",false
2,25,94,"Parquet",0,0,0,0,"InMemoryFileIndex(1 paths)[s3a://goes-se-sandbox/data/warehouse/tablespace/external/hive/demo_pauldefusco.db/merchants_skewed]","IsNotNull(merchant_id), IsNotNull(merchant_category), IsNotNull(region)","merchant_id:bigint,region:string,merchant_category:string","isnotnull(merchant_id#70L), isnotnull(merchant_category#73), isnotnull(region#72)","",false
2,25,264,"Parquet",0,0,0,0,"InMemoryFileIndex(1 paths)[s3a://goes-se-sandbox/data/warehouse/tablespace/external/hive/demo_pauldefusco.db/merchants_skewed]","IsNotNull(merchant_id), IsNotNull(merchant_category), IsNotNull(region)","merchant_id:bigint,region:string,merchant_category:string","isnotnull(merchant_id#70L), isnotnull(merchant_category#73), isnotnull(region#72)","",false
2,25,149,"Parquet",0,0,0,0,"InMemoryFileIndex(1 paths)[s3a://goes-se-sandbox/data/warehouse/tablespace/external/hive/demo_pauldefusco.db/trs_v25]","IsNotNull(customer_id), IsNotNull(account_id), IsNotNull(merchant_id), IsNotNull(branch_id), IsNotNull(transaction_date)","customer_id:bigint,account_id:bigint,merchant_id:bigint,branch_id:bigint,transaction_date:date","isnotnull(customer_id#1138L), isnotnull(account_id#1139L), isnotnull(merchant_id#1140L), isnotnull(branch_id#1141L), isnotnull(transaction_date#1142)","",false
2,25,72,"Parquet",0,0,0,0,"InMemoryFileIndex(1 paths)[s3a://goes-se-sandbox/data/warehouse/tablespace/external/hive/demo_pauldefusco.db/trs_v25]","IsNotNull(customer_id), IsNotNull(account_id), IsNotNull(merchant_id), IsNotNull(branch_id), IsNotNull(transaction_date)","customer_id:bigint,account_id:bigint,merchant_id:bigint,branch_id:bigint,transaction_date:date,transaction_amount:double","isnotnull(customer_id#1L), isnotnull(account_id#2L), isnotnull(merchant_id#3L), isnotnull(branch_id#4L), isnotnull(transaction_date#5)","",false
2,26,158,"Parquet",0,0,0,0,"InMemoryFileIndex(1 paths)[s3a://goes-se-sandbox/data/warehouse/tablespace/external/hive/demo_pauldefusco.db/accounts_skewed]","IsNotNull(account_id)","account_id:bigint","isnotnull(account_id#1163L)","",false
2,26,86,"Parquet",0,0,0,0,"InMemoryFileIndex(1 paths)[s3a://goes-se-sandbox/data/warehouse/tablespace/external/hive/demo_pauldefusco.db/accounts_skewed]","IsNotNull(account_id), IsNotNull(account_type)","account_id:bigint,account_type:string","isnotnull(account_id#51L), isnotnull(account_type#52)","",false
2,26,174,"Parquet",0,0,0,0,"InMemoryFileIndex(1 paths)[s3a://goes-se-sandbox/data/warehouse/tablespace/external/hive/demo_pauldefusco.db/branches_skewed]","IsNotNull(branch_id)","branch_id:bigint","isnotnull(branch_id#1182L)","",false
2,26,102,"Parquet",0,0,0,0,"InMemoryFileIndex(1 paths)[s3a://goes-se-sandbox/data/warehouse/tablespace/external/hive/demo_pauldefusco.db/branches_skewed]","IsNotNull(branch_id), IsNotNull(state), IsNotNull(region)","branch_id:bigint,state:string,region:string","isnotnull(branch_id#90L), isnotnull(state#92), isnotnull(region#93)","",false
2,26,182,"Parquet",0,0,0,0,"InMemoryFileIndex(1 paths)[s3a://goes-se-sandbox/data/warehouse/tablespace/external/hive/demo_pauldefusco.db/calendar]","IsNotNull(calendar_date)","calendar_date:date","isnotnull(calendar_date#1193)","",false
2,26,361,"Parquet",0,0,0,0,"InMemoryFileIndex(1 paths)[s3a://goes-se-sandbox/data/warehouse/tablespace/external/hive/demo_pauldefusco.db/calendar]","IsNotNull(calendar_date), IsNotNull(year), IsNotNull(month)","calendar_date:date,year:int,month:int","isnotnull(calendar_date#1717), isnotnull(year#1719), isnotnull(month#1721)","",false
2,26,304,"Parquet",0,0,0,0,"InMemoryFileIndex(1 paths)[s3a://goes-se-sandbox/data/warehouse/tablespace/external/hive/demo_pauldefusco.db/calendar]","IsNotNull(calendar_date), IsNotNull(year), IsNotNull(quarter)","calendar_date:date,year:int,quarter:int","isnotnull(calendar_date#1587), isnotnull(year#1589), isnotnull(quarter#1590)","",false
2,26,108,"Parquet",0,0,0,0,"InMemoryFileIndex(1 paths)[s3a://goes-se-sandbox/data/warehouse/tablespace/external/hive/demo_pauldefusco.db/calendar]","IsNotNull(calendar_date), IsNotNull(year), IsNotNull(quarter), IsNotNull(month)","calendar_date:date,year:int,quarter:int,month:int","isnotnull(calendar_date#112), isnotnull(year#114), isnotnull(quarter#115), isnotnull(month#116)","",false
2,26,343,"Parquet",0,0,0,0,"InMemoryFileIndex(1 paths)[s3a://goes-se-sandbox/data/warehouse/tablespace/external/hive/demo_pauldefusco.db/customers_skewed]","IsNotNull(customer_id), IsNotNull(customer_segment)","customer_id:bigint,customer_segment:string","isnotnull(customer_id#1676L), isnotnull(customer_segment#1683)","",false
2,26,79,"Parquet",0,0,0,0,"InMemoryFileIndex(1 paths)[s3a://goes-se-sandbox/data/warehouse/tablespace/external/hive/demo_pauldefusco.db/customers_skewed]","IsNotNull(customer_id), IsNotNull(customer_segment), IsNotNull(risk_rating)","customer_id:bigint,customer_segment:string,risk_rating:string","isnotnull(customer_id#30L), isnotnull(customer_segment#37), isnotnull(risk_rating#39)","",false
2,26,221,"Parquet",0,0,0,0,"InMemoryFileIndex(1 paths)[s3a://goes-se-sandbox/data/warehouse/tablespace/external/hive/demo_pauldefusco.db/customers_skewed]","IsNotNull(customer_id), IsNotNull(customer_segment), IsNotNull(risk_rating)","customer_id:bigint,customer_segment:string,risk_rating:string","isnotnull(customer_id#30L), isnotnull(customer_segment#37), isnotnull(risk_rating#39)","",false
2,26,166,"Parquet",0,0,0,0,"InMemoryFileIndex(1 paths)[s3a://goes-se-sandbox/data/warehouse/tablespace/external/hive/demo_pauldefusco.db/merchants_skewed]","IsNotNull(merchant_id)","merchant_id:bigint","isnotnull(merchant_id#1172L)","",false
2,26,352,"Parquet",0,0,0,0,"InMemoryFileIndex(1 paths)[s3a://goes-se-sandbox/data/warehouse/tablespace/external/hive/demo_pauldefusco.db/merchants_skewed]","IsNotNull(merchant_id), IsNotNull(merchant_category)","merchant_id:bigint,merchant_category:string","isnotnull(merchant_id#1696L), isnotnull(merchant_category#1699)","",false
2,26,94,"Parquet",0,0,0,0,"InMemoryFileIndex(1 paths)[s3a://goes-se-sandbox/data/warehouse/tablespace/external/hive/demo_pauldefusco.db/merchants_skewed]","IsNotNull(merchant_id), IsNotNull(merchant_category), IsNotNull(region)","merchant_id:bigint,region:string,merchant_category:string","isnotnull(merchant_id#70L), isnotnull(merchant_category#73), isnotnull(region#72)","",false
2,26,264,"Parquet",0,0,0,0,"InMemoryFileIndex(1 paths)[s3a://goes-se-sandbox/data/warehouse/tablespace/external/hive/demo_pauldefusco.db/merchants_skewed]","IsNotNull(merchant_id), IsNotNull(merchant_category), IsNotNull(region)","merchant_id:bigint,region:string,merchant_category:string","isnotnull(merchant_id#70L), isnotnull(merchant_category#73), isnotnull(region#72)","",false
2,26,149,"Parquet",0,0,0,0,"InMemoryFileIndex(1 paths)[s3a://goes-se-sandbox/data/warehouse/tablespace/external/hive/demo_pauldefusco.db/trs_v25]","IsNotNull(customer_id), IsNotNull(account_id), IsNotNull(merchant_id), IsNotNull(branch_id), IsNotNull(transaction_date)","customer_id:bigint,account_id:bigint,merchant_id:bigint,branch_id:bigint,transaction_date:date","isnotnull(customer_id#1138L), isnotnull(account_id#1139L), isnotnull(merchant_id#1140L), isnotnull(branch_id#1141L), isnotnull(transaction_date#1142)","",false
2,26,72,"Parquet",0,0,0,0,"InMemoryFileIndex(1 paths)[s3a://goes-se-sandbox/data/warehouse/tablespace/external/hive/demo_pauldefusco.db/trs_v25]","IsNotNull(customer_id), IsNotNull(account_id), IsNotNull(merchant_id), IsNotNull(branch_id), IsNotNull(transaction_date)","customer_id:bigint,account_id:bigint,merchant_id:bigint,branch_id:bigint,transaction_date:date,transaction_amount:double","isnotnull(customer_id#1L), isnotnull(account_id#2L), isnotnull(merchant_id#3L), isnotnull(branch_id#4L), isnotnull(transaction_date#5)","",false
2,27,163,"Parquet",0,0,0,0,"InMemoryFileIndex(1 paths)[s3a://goes-se-sandbox/data/warehouse/tablespace/external/hive/demo_pauldefusco.db/accounts_skewed]","IsNotNull(account_id)","account_id:bigint","isnotnull(account_id#1163L)","",false
2,27,89,"Parquet",0,0,0,0,"InMemoryFileIndex(1 paths)[s3a://goes-se-sandbox/data/warehouse/tablespace/external/hive/demo_pauldefusco.db/accounts_skewed]","IsNotNull(account_id), IsNotNull(account_type)","account_id:bigint,account_type:string","isnotnull(account_id#51L), isnotnull(account_type#52)","",false
2,27,179,"Parquet",0,0,0,0,"InMemoryFileIndex(1 paths)[s3a://goes-se-sandbox/data/warehouse/tablespace/external/hive/demo_pauldefusco.db/branches_skewed]","IsNotNull(branch_id)","branch_id:bigint","isnotnull(branch_id#1182L)","",false
2,27,105,"Parquet",0,0,0,0,"InMemoryFileIndex(1 paths)[s3a://goes-se-sandbox/data/warehouse/tablespace/external/hive/demo_pauldefusco.db/branches_skewed]","IsNotNull(branch_id), IsNotNull(state), IsNotNull(region)","branch_id:bigint,state:string,region:string","isnotnull(branch_id#90L), isnotnull(state#92), isnotnull(region#93)","",false
2,27,187,"Parquet",0,0,0,0,"InMemoryFileIndex(1 paths)[s3a://goes-se-sandbox/data/warehouse/tablespace/external/hive/demo_pauldefusco.db/calendar]","IsNotNull(calendar_date)","calendar_date:date","isnotnull(calendar_date#1193)","",false
2,27,366,"Parquet",0,0,0,0,"InMemoryFileIndex(1 paths)[s3a://goes-se-sandbox/data/warehouse/tablespace/external/hive/demo_pauldefusco.db/calendar]","IsNotNull(calendar_date), IsNotNull(year), IsNotNull(month)","calendar_date:date,year:int,month:int","isnotnull(calendar_date#1717), isnotnull(year#1719), isnotnull(month#1721)","",false
2,27,309,"Parquet",0,0,0,0,"InMemoryFileIndex(1 paths)[s3a://goes-se-sandbox/data/warehouse/tablespace/external/hive/demo_pauldefusco.db/calendar]","IsNotNull(calendar_date), IsNotNull(year), IsNotNull(quarter)","calendar_date:date,year:int,quarter:int","isnotnull(calendar_date#1587), isnotnull(year#1589), isnotnull(quarter#1590)","",false
2,27,113,"Parquet",0,0,0,0,"InMemoryFileIndex(1 paths)[s3a://goes-se-sandbox/data/warehouse/tablespace/external/hive/demo_pauldefusco.db/calendar]","IsNotNull(calendar_date), IsNotNull(year), IsNotNull(quarter), IsNotNull(month)","calendar_date:date,year:int,quarter:int,month:int","isnotnull(calendar_date#112), isnotnull(year#114), isnotnull(quarter#115), isnotnull(month#116)","",false
2,27,348,"Parquet",0,0,0,0,"InMemoryFileIndex(1 paths)[s3a://goes-se-sandbox/data/warehouse/tablespace/external/hive/demo_pauldefusco.db/customers_skewed]","IsNotNull(customer_id), IsNotNull(customer_segment)","customer_id:bigint,customer_segment:string","isnotnull(customer_id#1676L), isnotnull(customer_segment#1683)","",false
2,27,82,"Parquet",0,0,0,0,"InMemoryFileIndex(1 paths)[s3a://goes-se-sandbox/data/warehouse/tablespace/external/hive/demo_pauldefusco.db/customers_skewed]","IsNotNull(customer_id), IsNotNull(customer_segment), IsNotNull(risk_rating)","customer_id:bigint,customer_segment:string,risk_rating:string","isnotnull(customer_id#30L), isnotnull(customer_segment#37), isnotnull(risk_rating#39)","",false
2,27,226,"Parquet",0,0,0,0,"InMemoryFileIndex(1 paths)[s3a://goes-se-sandbox/data/warehouse/tablespace/external/hive/demo_pauldefusco.db/customers_skewed]","IsNotNull(customer_id), IsNotNull(customer_segment), IsNotNull(risk_rating)","customer_id:bigint,customer_segment:string,risk_rating:string","isnotnull(customer_id#30L), isnotnull(customer_segment#37), isnotnull(risk_rating#39)","",false
2,27,171,"Parquet",0,0,0,0,"InMemoryFileIndex(1 paths)[s3a://goes-se-sandbox/data/warehouse/tablespace/external/hive/demo_pauldefusco.db/merchants_skewed]","IsNotNull(merchant_id)","merchant_id:bigint","isnotnull(merchant_id#1172L)","",false
2,27,357,"Parquet",0,0,0,0,"InMemoryFileIndex(1 paths)[s3a://goes-se-sandbox/data/warehouse/tablespace/external/hive/demo_pauldefusco.db/merchants_skewed]","IsNotNull(merchant_id), IsNotNull(merchant_category)","merchant_id:bigint,merchant_category:string","isnotnull(merchant_id#1696L), isnotnull(merchant_category#1699)","",false
2,27,97,"Parquet",0,0,0,0,"InMemoryFileIndex(1 paths)[s3a://goes-se-sandbox/data/warehouse/tablespace/external/hive/demo_pauldefusco.db/merchants_skewed]","IsNotNull(merchant_id), IsNotNull(merchant_category), IsNotNull(region)","merchant_id:bigint,region:string,merchant_category:string","isnotnull(merchant_id#70L), isnotnull(merchant_category#73), isnotnull(region#72)","",false
2,27,269,"Parquet",0,0,0,0,"InMemoryFileIndex(1 paths)[s3a://goes-se-sandbox/data/warehouse/tablespace/external/hive/demo_pauldefusco.db/merchants_skewed]","IsNotNull(merchant_id), IsNotNull(merchant_category), IsNotNull(region)","merchant_id:bigint,region:string,merchant_category:string","isnotnull(merchant_id#70L), isnotnull(merchant_category#73), isnotnull(region#72)","",false
2,27,154,"Parquet",0,0,0,0,"InMemoryFileIndex(1 paths)[s3a://goes-se-sandbox/data/warehouse/tablespace/external/hive/demo_pauldefusco.db/trs_v25]","IsNotNull(customer_id), IsNotNull(account_id), IsNotNull(merchant_id), IsNotNull(branch_id), IsNotNull(transaction_date)","customer_id:bigint,account_id:bigint,merchant_id:bigint,branch_id:bigint,transaction_date:date","isnotnull(customer_id#1138L), isnotnull(account_id#1139L), isnotnull(merchant_id#1140L), isnotnull(branch_id#1141L), isnotnull(transaction_date#1142)","",false
2,27,75,"Parquet",0,0,0,0,"InMemoryFileIndex(1 paths)[s3a://goes-se-sandbox/data/warehouse/tablespace/external/hive/demo_pauldefusco.db/trs_v25]","IsNotNull(customer_id), IsNotNull(account_id), IsNotNull(merchant_id), IsNotNull(branch_id), IsNotNull(transaction_date)","customer_id:bigint,account_id:bigint,merchant_id:bigint,branch_id:bigint,transaction_date:date,transaction_amount:double","isnotnull(customer_id#1L), isnotnull(account_id#2L), isnotnull(merchant_id#3L), isnotnull(branch_id#4L), isnotnull(transaction_date#5)","",false
2,28,163,"Parquet",0,0,0,0,"InMemoryFileIndex(1 paths)[s3a://goes-se-sandbox/data/warehouse/tablespace/external/hive/demo_pauldefusco.db/accounts_skewed]","IsNotNull(account_id)","account_id:bigint","isnotnull(account_id#1163L)","",false
2,28,89,"Parquet",0,0,0,0,"InMemoryFileIndex(1 paths)[s3a://goes-se-sandbox/data/warehouse/tablespace/external/hive/demo_pauldefusco.db/accounts_skewed]","IsNotNull(account_id), IsNotNull(account_type)","account_id:bigint,account_type:string","isnotnull(account_id#51L), isnotnull(account_type#52)","",false
2,28,179,"Parquet",0,0,0,0,"InMemoryFileIndex(1 paths)[s3a://goes-se-sandbox/data/warehouse/tablespace/external/hive/demo_pauldefusco.db/branches_skewed]","IsNotNull(branch_id)","branch_id:bigint","isnotnull(branch_id#1182L)","",false
2,28,105,"Parquet",0,0,0,0,"InMemoryFileIndex(1 paths)[s3a://goes-se-sandbox/data/warehouse/tablespace/external/hive/demo_pauldefusco.db/branches_skewed]","IsNotNull(branch_id), IsNotNull(state), IsNotNull(region)","branch_id:bigint,state:string,region:string","isnotnull(branch_id#90L), isnotnull(state#92), isnotnull(region#93)","",false
2,28,187,"Parquet",0,0,0,0,"InMemoryFileIndex(1 paths)[s3a://goes-se-sandbox/data/warehouse/tablespace/external/hive/demo_pauldefusco.db/calendar]","IsNotNull(calendar_date)","calendar_date:date","isnotnull(calendar_date#1193)","",false
2,28,366,"Parquet",0,0,0,0,"InMemoryFileIndex(1 paths)[s3a://goes-se-sandbox/data/warehouse/tablespace/external/hive/demo_pauldefusco.db/calendar]","IsNotNull(calendar_date), IsNotNull(year), IsNotNull(month)","calendar_date:date,year:int,month:int","isnotnull(calendar_date#1717), isnotnull(year#1719), isnotnull(month#1721)","",false
2,28,309,"Parquet",0,0,0,0,"InMemoryFileIndex(1 paths)[s3a://goes-se-sandbox/data/warehouse/tablespace/external/hive/demo_pauldefusco.db/calendar]","IsNotNull(calendar_date), IsNotNull(year), IsNotNull(quarter)","calendar_date:date,year:int,quarter:int","isnotnull(calendar_date#1587), isnotnull(year#1589), isnotnull(quarter#1590)","",false
2,28,113,"Parquet",0,0,0,0,"InMemoryFileIndex(1 paths)[s3a://goes-se-sandbox/data/warehouse/tablespace/external/hive/demo_pauldefusco.db/calendar]","IsNotNull(calendar_date), IsNotNull(year), IsNotNull(quarter), IsNotNull(month)","calendar_date:date,year:int,quarter:int,month:int","isnotnull(calendar_date#112), isnotnull(year#114), isnotnull(quarter#115), isnotnull(month#116)","",false
2,28,348,"Parquet",0,0,0,0,"InMemoryFileIndex(1 paths)[s3a://goes-se-sandbox/data/warehouse/tablespace/external/hive/demo_pauldefusco.db/customers_skewed]","IsNotNull(customer_id), IsNotNull(customer_segment)","customer_id:bigint,customer_segment:string","isnotnull(customer_id#1676L), isnotnull(customer_segment#1683)","",false
2,28,82,"Parquet",0,0,0,0,"InMemoryFileIndex(1 paths)[s3a://goes-se-sandbox/data/warehouse/tablespace/external/hive/demo_pauldefusco.db/customers_skewed]","IsNotNull(customer_id), IsNotNull(customer_segment), IsNotNull(risk_rating)","customer_id:bigint,customer_segment:string,risk_rating:string","isnotnull(customer_id#30L), isnotnull(customer_segment#37), isnotnull(risk_rating#39)","",false
2,28,226,"Parquet",0,0,0,0,"InMemoryFileIndex(1 paths)[s3a://goes-se-sandbox/data/warehouse/tablespace/external/hive/demo_pauldefusco.db/customers_skewed]","IsNotNull(customer_id), IsNotNull(customer_segment), IsNotNull(risk_rating)","customer_id:bigint,customer_segment:string,risk_rating:string","isnotnull(customer_id#30L), isnotnull(customer_segment#37), isnotnull(risk_rating#39)","",false
2,28,171,"Parquet",0,0,0,0,"InMemoryFileIndex(1 paths)[s3a://goes-se-sandbox/data/warehouse/tablespace/external/hive/demo_pauldefusco.db/merchants_skewed]","IsNotNull(merchant_id)","merchant_id:bigint","isnotnull(merchant_id#1172L)","",false
2,28,357,"Parquet",0,0,0,0,"InMemoryFileIndex(1 paths)[s3a://goes-se-sandbox/data/warehouse/tablespace/external/hive/demo_pauldefusco.db/merchants_skewed]","IsNotNull(merchant_id), IsNotNull(merchant_category)","merchant_id:bigint,merchant_category:string","isnotnull(merchant_id#1696L), isnotnull(merchant_category#1699)","",false
2,28,97,"Parquet",0,0,0,0,"InMemoryFileIndex(1 paths)[s3a://goes-se-sandbox/data/warehouse/tablespace/external/hive/demo_pauldefusco.db/merchants_skewed]","IsNotNull(merchant_id), IsNotNull(merchant_category), IsNotNull(region)","merchant_id:bigint,region:string,merchant_category:string","isnotnull(merchant_id#70L), isnotnull(merchant_category#73), isnotnull(region#72)","",false
2,28,269,"Parquet",0,0,0,0,"InMemoryFileIndex(1 paths)[s3a://goes-se-sandbox/data/warehouse/tablespace/external/hive/demo_pauldefusco.db/merchants_skewed]","IsNotNull(merchant_id), IsNotNull(merchant_category), IsNotNull(region)","merchant_id:bigint,region:string,merchant_category:string","isnotnull(merchant_id#70L), isnotnull(merchant_category#73), isnotnull(region#72)","",false
2,28,154,"Parquet",0,0,0,0,"InMemoryFileIndex(1 paths)[s3a://goes-se-sandbox/data/warehouse/tablespace/external/hive/demo_pauldefusco.db/trs_v25]","IsNotNull(customer_id), IsNotNull(account_id), IsNotNull(merchant_id), IsNotNull(branch_id), IsNotNull(transaction_date)","customer_id:bigint,account_id:bigint,merchant_id:bigint,branch_id:bigint,transaction_date:date","isnotnull(customer_id#1138L), isnotnull(account_id#1139L), isnotnull(merchant_id#1140L), isnotnull(branch_id#1141L), isnotnull(transaction_date#1142)","",false
2,28,75,"Parquet",0,0,0,0,"InMemoryFileIndex(1 paths)[s3a://goes-se-sandbox/data/warehouse/tablespace/external/hive/demo_pauldefusco.db/trs_v25]","IsNotNull(customer_id), IsNotNull(account_id), IsNotNull(merchant_id), IsNotNull(branch_id), IsNotNull(transaction_date)","customer_id:bigint,account_id:bigint,merchant_id:bigint,branch_id:bigint,transaction_date:date,transaction_amount:double","isnotnull(customer_id#1L), isnotnull(account_id#2L), isnotnull(merchant_id#3L), isnotnull(branch_id#4L), isnotnull(transaction_date#5)","",false
2,29,163,"Parquet",0,0,0,0,"InMemoryFileIndex(1 paths)[s3a://goes-se-sandbox/data/warehouse/tablespace/external/hive/demo_pauldefusco.db/accounts_skewed]","IsNotNull(account_id)","account_id:bigint","isnotnull(account_id#1163L)","",false
2,29,89,"Parquet",0,0,0,0,"InMemoryFileIndex(1 paths)[s3a://goes-se-sandbox/data/warehouse/tablespace/external/hive/demo_pauldefusco.db/accounts_skewed]","IsNotNull(account_id), IsNotNull(account_type)","account_id:bigint,account_type:string","isnotnull(account_id#51L), isnotnull(account_type#52)","",false
2,29,179,"Parquet",0,0,0,0,"InMemoryFileIndex(1 paths)[s3a://goes-se-sandbox/data/warehouse/tablespace/external/hive/demo_pauldefusco.db/branches_skewed]","IsNotNull(branch_id)","branch_id:bigint","isnotnull(branch_id#1182L)","",false
2,29,105,"Parquet",0,0,0,0,"InMemoryFileIndex(1 paths)[s3a://goes-se-sandbox/data/warehouse/tablespace/external/hive/demo_pauldefusco.db/branches_skewed]","IsNotNull(branch_id), IsNotNull(state), IsNotNull(region)","branch_id:bigint,state:string,region:string","isnotnull(branch_id#90L), isnotnull(state#92), isnotnull(region#93)","",false
2,29,187,"Parquet",0,0,0,0,"InMemoryFileIndex(1 paths)[s3a://goes-se-sandbox/data/warehouse/tablespace/external/hive/demo_pauldefusco.db/calendar]","IsNotNull(calendar_date)","calendar_date:date","isnotnull(calendar_date#1193)","",false
2,29,371,"Parquet",0,0,0,0,"InMemoryFileIndex(1 paths)[s3a://goes-se-sandbox/data/warehouse/tablespace/external/hive/demo_pauldefusco.db/calendar]","IsNotNull(calendar_date), IsNotNull(year), IsNotNull(month)","calendar_date:date,year:int,month:int","isnotnull(calendar_date#1717), isnotnull(year#1719), isnotnull(month#1721)","",false
2,29,309,"Parquet",0,0,0,0,"InMemoryFileIndex(1 paths)[s3a://goes-se-sandbox/data/warehouse/tablespace/external/hive/demo_pauldefusco.db/calendar]","IsNotNull(calendar_date), IsNotNull(year), IsNotNull(quarter)","calendar_date:date,year:int,quarter:int","isnotnull(calendar_date#1587), isnotnull(year#1589), isnotnull(quarter#1590)","",false
2,29,113,"Parquet",0,0,0,0,"InMemoryFileIndex(1 paths)[s3a://goes-se-sandbox/data/warehouse/tablespace/external/hive/demo_pauldefusco.db/calendar]","IsNotNull(calendar_date), IsNotNull(year), IsNotNull(quarter), IsNotNull(month)","calendar_date:date,year:int,quarter:int,month:int","isnotnull(calendar_date#112), isnotnull(year#114), isnotnull(quarter#115), isnotnull(month#116)","",false
2,29,351,"Parquet",0,0,0,0,"InMemoryFileIndex(1 paths)[s3a://goes-se-sandbox/data/warehouse/tablespace/external/hive/demo_pauldefusco.db/customers_skewed]","IsNotNull(customer_id), IsNotNull(customer_segment)","customer_id:bigint,customer_segment:string","isnotnull(customer_id#1676L), isnotnull(customer_segment#1683)","",false
2,29,82,"Parquet",0,0,0,0,"InMemoryFileIndex(1 paths)[s3a://goes-se-sandbox/data/warehouse/tablespace/external/hive/demo_pauldefusco.db/customers_skewed]","IsNotNull(customer_id), IsNotNull(customer_segment), IsNotNull(risk_rating)","customer_id:bigint,customer_segment:string,risk_rating:string","isnotnull(customer_id#30L), isnotnull(customer_segment#37), isnotnull(risk_rating#39)","",false
2,29,226,"Parquet",0,0,0,0,"InMemoryFileIndex(1 paths)[s3a://goes-se-sandbox/data/warehouse/tablespace/external/hive/demo_pauldefusco.db/customers_skewed]","IsNotNull(customer_id), IsNotNull(customer_segment), IsNotNull(risk_rating)","customer_id:bigint,customer_segment:string,risk_rating:string","isnotnull(customer_id#30L), isnotnull(customer_segment#37), isnotnull(risk_rating#39)","",false
2,29,171,"Parquet",0,0,0,0,"InMemoryFileIndex(1 paths)[s3a://goes-se-sandbox/data/warehouse/tablespace/external/hive/demo_pauldefusco.db/merchants_skewed]","IsNotNull(merchant_id)","merchant_id:bigint","isnotnull(merchant_id#1172L)","",false
2,29,360,"Parquet",0,0,0,0,"InMemoryFileIndex(1 paths)[s3a://goes-se-sandbox/data/warehouse/tablespace/external/hive/demo_pauldefusco.db/merchants_skewed]","IsNotNull(merchant_id), IsNotNull(merchant_category)","merchant_id:bigint,merchant_category:string","isnotnull(merchant_id#1696L), isnotnull(merchant_category#1699)","",false
2,29,97,"Parquet",0,0,0,0,"InMemoryFileIndex(1 paths)[s3a://goes-se-sandbox/data/warehouse/tablespace/external/hive/demo_pauldefusco.db/merchants_skewed]","IsNotNull(merchant_id), IsNotNull(merchant_category), IsNotNull(region)","merchant_id:bigint,region:string,merchant_category:string","isnotnull(merchant_id#70L), isnotnull(merchant_category#73), isnotnull(region#72)","",false
2,29,269,"Parquet",0,0,0,0,"InMemoryFileIndex(1 paths)[s3a://goes-se-sandbox/data/warehouse/tablespace/external/hive/demo_pauldefusco.db/merchants_skewed]","IsNotNull(merchant_id), IsNotNull(merchant_category), IsNotNull(region)","merchant_id:bigint,region:string,merchant_category:string","isnotnull(merchant_id#70L), isnotnull(merchant_category#73), isnotnull(region#72)","",false
2,29,154,"Parquet",0,0,0,0,"InMemoryFileIndex(1 paths)[s3a://goes-se-sandbox/data/warehouse/tablespace/external/hive/demo_pauldefusco.db/trs_v25]","IsNotNull(customer_id), IsNotNull(account_id), IsNotNull(merchant_id), IsNotNull(branch_id), IsNotNull(transaction_date)","customer_id:bigint,account_id:bigint,merchant_id:bigint,branch_id:bigint,transaction_date:date","isnotnull(customer_id#1138L), isnotnull(account_id#1139L), isnotnull(merchant_id#1140L), isnotnull(branch_id#1141L), isnotnull(transaction_date#1142)","",false
2,29,75,"Parquet",0,0,0,0,"InMemoryFileIndex(1 paths)[s3a://goes-se-sandbox/data/warehouse/tablespace/external/hive/demo_pauldefusco.db/trs_v25]","IsNotNull(customer_id), IsNotNull(account_id), IsNotNull(merchant_id), IsNotNull(branch_id), IsNotNull(transaction_date)","customer_id:bigint,account_id:bigint,merchant_id:bigint,branch_id:bigint,transaction_date:date,transaction_amount:double","isnotnull(customer_id#1L), isnotnull(account_id#2L), isnotnull(merchant_id#3L), isnotnull(branch_id#4L), isnotnull(transaction_date#5)","",false
2,30,163,"Parquet",0,0,0,0,"InMemoryFileIndex(1 paths)[s3a://goes-se-sandbox/data/warehouse/tablespace/external/hive/demo_pauldefusco.db/accounts_skewed]","IsNotNull(account_id)","account_id:bigint","isnotnull(account_id#1163L)","",false
2,30,89,"Parquet",0,0,0,0,"InMemoryFileIndex(1 paths)[s3a://goes-se-sandbox/data/warehouse/tablespace/external/hive/demo_pauldefusco.db/accounts_skewed]","IsNotNull(account_id), IsNotNull(account_type)","account_id:bigint,account_type:string","isnotnull(account_id#51L), isnotnull(account_type#52)","",false
2,30,179,"Parquet",0,0,0,0,"InMemoryFileIndex(1 paths)[s3a://goes-se-sandbox/data/warehouse/tablespace/external/hive/demo_pauldefusco.db/branches_skewed]","IsNotNull(branch_id)","branch_id:bigint","isnotnull(branch_id#1182L)","",false
2,30,105,"Parquet",0,0,0,0,"InMemoryFileIndex(1 paths)[s3a://goes-se-sandbox/data/warehouse/tablespace/external/hive/demo_pauldefusco.db/branches_skewed]","IsNotNull(branch_id), IsNotNull(state), IsNotNull(region)","branch_id:bigint,state:string,region:string","isnotnull(branch_id#90L), isnotnull(state#92), isnotnull(region#93)","",false
2,30,187,"Parquet",0,0,0,0,"InMemoryFileIndex(1 paths)[s3a://goes-se-sandbox/data/warehouse/tablespace/external/hive/demo_pauldefusco.db/calendar]","IsNotNull(calendar_date)","calendar_date:date","isnotnull(calendar_date#1193)","",false
2,30,376,"Parquet",0,0,0,0,"InMemoryFileIndex(1 paths)[s3a://goes-se-sandbox/data/warehouse/tablespace/external/hive/demo_pauldefusco.db/calendar]","IsNotNull(calendar_date), IsNotNull(year), IsNotNull(month)","calendar_date:date,year:int,month:int","isnotnull(calendar_date#1717), isnotnull(year#1719), isnotnull(month#1721)","",false
2,30,314,"Parquet",0,0,0,0,"InMemoryFileIndex(1 paths)[s3a://goes-se-sandbox/data/warehouse/tablespace/external/hive/demo_pauldefusco.db/calendar]","IsNotNull(calendar_date), IsNotNull(year), IsNotNull(quarter)","calendar_date:date,year:int,quarter:int","isnotnull(calendar_date#1587), isnotnull(year#1589), isnotnull(quarter#1590)","",false
2,30,113,"Parquet",0,0,0,0,"InMemoryFileIndex(1 paths)[s3a://goes-se-sandbox/data/warehouse/tablespace/external/hive/demo_pauldefusco.db/calendar]","IsNotNull(calendar_date), IsNotNull(year), IsNotNull(quarter), IsNotNull(month)","calendar_date:date,year:int,quarter:int,month:int","isnotnull(calendar_date#112), isnotnull(year#114), isnotnull(quarter#115), isnotnull(month#116)","",false
2,30,356,"Parquet",0,0,0,0,"InMemoryFileIndex(1 paths)[s3a://goes-se-sandbox/data/warehouse/tablespace/external/hive/demo_pauldefusco.db/customers_skewed]","IsNotNull(customer_id), IsNotNull(customer_segment)","customer_id:bigint,customer_segment:string","isnotnull(customer_id#1676L), isnotnull(customer_segment#1683)","",false
2,30,82,"Parquet",0,0,0,0,"InMemoryFileIndex(1 paths)[s3a://goes-se-sandbox/data/warehouse/tablespace/external/hive/demo_pauldefusco.db/customers_skewed]","IsNotNull(customer_id), IsNotNull(customer_segment), IsNotNull(risk_rating)","customer_id:bigint,customer_segment:string,risk_rating:string","isnotnull(customer_id#30L), isnotnull(customer_segment#37), isnotnull(risk_rating#39)","",false
2,30,229,"Parquet",0,0,0,0,"InMemoryFileIndex(1 paths)[s3a://goes-se-sandbox/data/warehouse/tablespace/external/hive/demo_pauldefusco.db/customers_skewed]","IsNotNull(customer_id), IsNotNull(customer_segment), IsNotNull(risk_rating)","customer_id:bigint,customer_segment:string,risk_rating:string","isnotnull(customer_id#30L), isnotnull(customer_segment#37), isnotnull(risk_rating#39)","",false
2,30,171,"Parquet",0,0,0,0,"InMemoryFileIndex(1 paths)[s3a://goes-se-sandbox/data/warehouse/tablespace/external/hive/demo_pauldefusco.db/merchants_skewed]","IsNotNull(merchant_id)","merchant_id:bigint","isnotnull(merchant_id#1172L)","",false
2,30,365,"Parquet",0,0,0,0,"InMemoryFileIndex(1 paths)[s3a://goes-se-sandbox/data/warehouse/tablespace/external/hive/demo_pauldefusco.db/merchants_skewed]","IsNotNull(merchant_id), IsNotNull(merchant_category)","merchant_id:bigint,merchant_category:string","isnotnull(merchant_id#1696L), isnotnull(merchant_category#1699)","",false
2,30,97,"Parquet",0,0,0,0,"InMemoryFileIndex(1 paths)[s3a://goes-se-sandbox/data/warehouse/tablespace/external/hive/demo_pauldefusco.db/merchants_skewed]","IsNotNull(merchant_id), IsNotNull(merchant_category), IsNotNull(region)","merchant_id:bigint,region:string,merchant_category:string","isnotnull(merchant_id#70L), isnotnull(merchant_category#73), isnotnull(region#72)","",false
2,30,274,"Parquet",0,0,0,0,"InMemoryFileIndex(1 paths)[s3a://goes-se-sandbox/data/warehouse/tablespace/external/hive/demo_pauldefusco.db/merchants_skewed]","IsNotNull(merchant_id), IsNotNull(merchant_category), IsNotNull(region)","merchant_id:bigint,region:string,merchant_category:string","isnotnull(merchant_id#70L), isnotnull(merchant_category#73), isnotnull(region#72)","",false
2,30,154,"Parquet",0,0,0,0,"InMemoryFileIndex(1 paths)[s3a://goes-se-sandbox/data/warehouse/tablespace/external/hive/demo_pauldefusco.db/trs_v25]","IsNotNull(customer_id), IsNotNull(account_id), IsNotNull(merchant_id), IsNotNull(branch_id), IsNotNull(transaction_date)","customer_id:bigint,account_id:bigint,merchant_id:bigint,branch_id:bigint,transaction_date:date","isnotnull(customer_id#1138L), isnotnull(account_id#1139L), isnotnull(merchant_id#1140L), isnotnull(branch_id#1141L), isnotnull(transaction_date#1142)","",false
2,30,75,"Parquet",0,0,0,0,"InMemoryFileIndex(1 paths)[s3a://goes-se-sandbox/data/warehouse/tablespace/external/hive/demo_pauldefusco.db/trs_v25]","IsNotNull(customer_id), IsNotNull(account_id), IsNotNull(merchant_id), IsNotNull(branch_id), IsNotNull(transaction_date)","customer_id:bigint,account_id:bigint,merchant_id:bigint,branch_id:bigint,transaction_date:date,transaction_amount:double","isnotnull(customer_id#1L), isnotnull(account_id#2L), isnotnull(merchant_id#3L), isnotnull(branch_id#4L), isnotnull(transaction_date#5)","",false
2,31,163,"Parquet",0,0,0,0,"InMemoryFileIndex(1 paths)[s3a://goes-se-sandbox/data/warehouse/tablespace/external/hive/demo_pauldefusco.db/accounts_skewed]","IsNotNull(account_id)","account_id:bigint","isnotnull(account_id#1163L)","",false
2,31,89,"Parquet",0,0,0,0,"InMemoryFileIndex(1 paths)[s3a://goes-se-sandbox/data/warehouse/tablespace/external/hive/demo_pauldefusco.db/accounts_skewed]","IsNotNull(account_id), IsNotNull(account_type)","account_id:bigint,account_type:string","isnotnull(account_id#51L), isnotnull(account_type#52)","",false
2,31,179,"Parquet",0,0,0,0,"InMemoryFileIndex(1 paths)[s3a://goes-se-sandbox/data/warehouse/tablespace/external/hive/demo_pauldefusco.db/branches_skewed]","IsNotNull(branch_id)","branch_id:bigint","isnotnull(branch_id#1182L)","",false
2,31,105,"Parquet",0,0,0,0,"InMemoryFileIndex(1 paths)[s3a://goes-se-sandbox/data/warehouse/tablespace/external/hive/demo_pauldefusco.db/branches_skewed]","IsNotNull(branch_id), IsNotNull(state), IsNotNull(region)","branch_id:bigint,state:string,region:string","isnotnull(branch_id#90L), isnotnull(state#92), isnotnull(region#93)","",false
2,31,187,"Parquet",0,0,0,0,"InMemoryFileIndex(1 paths)[s3a://goes-se-sandbox/data/warehouse/tablespace/external/hive/demo_pauldefusco.db/calendar]","IsNotNull(calendar_date)","calendar_date:date","isnotnull(calendar_date#1193)","",false
2,31,381,"Parquet",0,0,0,0,"InMemoryFileIndex(1 paths)[s3a://goes-se-sandbox/data/warehouse/tablespace/external/hive/demo_pauldefusco.db/calendar]","IsNotNull(calendar_date), IsNotNull(year), IsNotNull(month)","calendar_date:date,year:int,month:int","isnotnull(calendar_date#1717), isnotnull(year#1719), isnotnull(month#1721)","",false
2,31,319,"Parquet",0,0,0,0,"InMemoryFileIndex(1 paths)[s3a://goes-se-sandbox/data/warehouse/tablespace/external/hive/demo_pauldefusco.db/calendar]","IsNotNull(calendar_date), IsNotNull(year), IsNotNull(quarter)","calendar_date:date,year:int,quarter:int","isnotnull(calendar_date#1587), isnotnull(year#1589), isnotnull(quarter#1590)","",false
2,31,113,"Parquet",0,0,0,0,"InMemoryFileIndex(1 paths)[s3a://goes-se-sandbox/data/warehouse/tablespace/external/hive/demo_pauldefusco.db/calendar]","IsNotNull(calendar_date), IsNotNull(year), IsNotNull(quarter), IsNotNull(month)","calendar_date:date,year:int,quarter:int,month:int","isnotnull(calendar_date#112), isnotnull(year#114), isnotnull(quarter#115), isnotnull(month#116)","",false
2,31,361,"Parquet",0,0,0,0,"InMemoryFileIndex(1 paths)[s3a://goes-se-sandbox/data/warehouse/tablespace/external/hive/demo_pauldefusco.db/customers_skewed]","IsNotNull(customer_id), IsNotNull(customer_segment)","customer_id:bigint,customer_segment:string","isnotnull(customer_id#1676L), isnotnull(customer_segment#1683)","",false
2,31,82,"Parquet",0,0,0,0,"InMemoryFileIndex(1 paths)[s3a://goes-se-sandbox/data/warehouse/tablespace/external/hive/demo_pauldefusco.db/customers_skewed]","IsNotNull(customer_id), IsNotNull(customer_segment), IsNotNull(risk_rating)","customer_id:bigint,customer_segment:string,risk_rating:string","isnotnull(customer_id#30L), isnotnull(customer_segment#37), isnotnull(risk_rating#39)","",false
2,31,229,"Parquet",0,0,0,0,"InMemoryFileIndex(1 paths)[s3a://goes-se-sandbox/data/warehouse/tablespace/external/hive/demo_pauldefusco.db/customers_skewed]","IsNotNull(customer_id), IsNotNull(customer_segment), IsNotNull(risk_rating)","customer_id:bigint,customer_segment:string,risk_rating:string","isnotnull(customer_id#30L), isnotnull(customer_segment#37), isnotnull(risk_rating#39)","",false
2,31,171,"Parquet",0,0,0,0,"InMemoryFileIndex(1 paths)[s3a://goes-se-sandbox/data/warehouse/tablespace/external/hive/demo_pauldefusco.db/merchants_skewed]","IsNotNull(merchant_id)","merchant_id:bigint","isnotnull(merchant_id#1172L)","",false
2,31,370,"Parquet",0,0,0,0,"InMemoryFileIndex(1 paths)[s3a://goes-se-sandbox/data/warehouse/tablespace/external/hive/demo_pauldefusco.db/merchants_skewed]","IsNotNull(merchant_id), IsNotNull(merchant_category)","merchant_id:bigint,merchant_category:string","isnotnull(merchant_id#1696L), isnotnull(merchant_category#1699)","",false
2,31,97,"Parquet",0,0,0,0,"InMemoryFileIndex(1 paths)[s3a://goes-se-sandbox/data/warehouse/tablespace/external/hive/demo_pauldefusco.db/merchants_skewed]","IsNotNull(merchant_id), IsNotNull(merchant_category), IsNotNull(region)","merchant_id:bigint,region:string,merchant_category:string","isnotnull(merchant_id#70L), isnotnull(merchant_category#73), isnotnull(region#72)","",false
2,31,277,"Parquet",0,0,0,0,"InMemoryFileIndex(1 paths)[s3a://goes-se-sandbox/data/warehouse/tablespace/external/hive/demo_pauldefusco.db/merchants_skewed]","IsNotNull(merchant_id), IsNotNull(merchant_category), IsNotNull(region)","merchant_id:bigint,region:string,merchant_category:string","isnotnull(merchant_id#70L), isnotnull(merchant_category#73), isnotnull(region#72)","",false
2,31,154,"Parquet",0,0,0,0,"InMemoryFileIndex(1 paths)[s3a://goes-se-sandbox/data/warehouse/tablespace/external/hive/demo_pauldefusco.db/trs_v25]","IsNotNull(customer_id), IsNotNull(account_id), IsNotNull(merchant_id), IsNotNull(branch_id), IsNotNull(transaction_date)","customer_id:bigint,account_id:bigint,merchant_id:bigint,branch_id:bigint,transaction_date:date","isnotnull(customer_id#1138L), isnotnull(account_id#1139L), isnotnull(merchant_id#1140L), isnotnull(branch_id#1141L), isnotnull(transaction_date#1142)","",false
2,31,75,"Parquet",0,0,0,0,"InMemoryFileIndex(1 paths)[s3a://goes-se-sandbox/data/warehouse/tablespace/external/hive/demo_pauldefusco.db/trs_v25]","IsNotNull(customer_id), IsNotNull(account_id), IsNotNull(merchant_id), IsNotNull(branch_id), IsNotNull(transaction_date)","customer_id:bigint,account_id:bigint,merchant_id:bigint,branch_id:bigint,transaction_date:date,transaction_amount:double","isnotnull(customer_id#1L), isnotnull(account_id#2L), isnotnull(merchant_id#3L), isnotnull(branch_id#4L), isnotnull(transaction_date#5)","",false
2,32,166,"Parquet",0,0,0,0,"InMemoryFileIndex(1 paths)[s3a://goes-se-sandbox/data/warehouse/tablespace/external/hive/demo_pauldefusco.db/accounts_skewed]","IsNotNull(account_id)","account_id:bigint","isnotnull(account_id#1163L)","",false
2,32,91,"Parquet",0,0,0,0,"InMemoryFileIndex(1 paths)[s3a://goes-se-sandbox/data/warehouse/tablespace/external/hive/demo_pauldefusco.db/accounts_skewed]","IsNotNull(account_id), IsNotNull(account_type)","account_id:bigint,account_type:string","isnotnull(account_id#51L), isnotnull(account_type#52)","",false
2,32,182,"Parquet",0,0,0,0,"InMemoryFileIndex(1 paths)[s3a://goes-se-sandbox/data/warehouse/tablespace/external/hive/demo_pauldefusco.db/branches_skewed]","IsNotNull(branch_id)","branch_id:bigint","isnotnull(branch_id#1182L)","",false
2,32,107,"Parquet",0,0,0,0,"InMemoryFileIndex(1 paths)[s3a://goes-se-sandbox/data/warehouse/tablespace/external/hive/demo_pauldefusco.db/branches_skewed]","IsNotNull(branch_id), IsNotNull(state), IsNotNull(region)","branch_id:bigint,state:string,region:string","isnotnull(branch_id#90L), isnotnull(state#92), isnotnull(region#93)","",false
2,32,190,"Parquet",0,0,0,0,"InMemoryFileIndex(1 paths)[s3a://goes-se-sandbox/data/warehouse/tablespace/external/hive/demo_pauldefusco.db/calendar]","IsNotNull(calendar_date)","calendar_date:date","isnotnull(calendar_date#1193)","",false
2,32,384,"Parquet",0,0,0,0,"InMemoryFileIndex(1 paths)[s3a://goes-se-sandbox/data/warehouse/tablespace/external/hive/demo_pauldefusco.db/calendar]","IsNotNull(calendar_date), IsNotNull(year), IsNotNull(month)","calendar_date:date,year:int,month:int","isnotnull(calendar_date#1717), isnotnull(year#1719), isnotnull(month#1721)","",false
2,32,322,"Parquet",0,0,0,0,"InMemoryFileIndex(1 paths)[s3a://goes-se-sandbox/data/warehouse/tablespace/external/hive/demo_pauldefusco.db/calendar]","IsNotNull(calendar_date), IsNotNull(year), IsNotNull(quarter)","calendar_date:date,year:int,quarter:int","isnotnull(calendar_date#1587), isnotnull(year#1589), isnotnull(quarter#1590)","",false
2,32,115,"Parquet",0,0,0,0,"InMemoryFileIndex(1 paths)[s3a://goes-se-sandbox/data/warehouse/tablespace/external/hive/demo_pauldefusco.db/calendar]","IsNotNull(calendar_date), IsNotNull(year), IsNotNull(quarter), IsNotNull(month)","calendar_date:date,year:int,quarter:int,month:int","isnotnull(calendar_date#112), isnotnull(year#114), isnotnull(quarter#115), isnotnull(month#116)","",false
2,32,364,"Parquet",0,0,0,0,"InMemoryFileIndex(1 paths)[s3a://goes-se-sandbox/data/warehouse/tablespace/external/hive/demo_pauldefusco.db/customers_skewed]","IsNotNull(customer_id), IsNotNull(customer_segment)","customer_id:bigint,customer_segment:string","isnotnull(customer_id#1676L), isnotnull(customer_segment#1683)","",false
2,32,84,"Parquet",0,0,0,0,"InMemoryFileIndex(1 paths)[s3a://goes-se-sandbox/data/warehouse/tablespace/external/hive/demo_pauldefusco.db/customers_skewed]","IsNotNull(customer_id), IsNotNull(customer_segment), IsNotNull(risk_rating)","customer_id:bigint,customer_segment:string,risk_rating:string","isnotnull(customer_id#30L), isnotnull(customer_segment#37), isnotnull(risk_rating#39)","",false
2,32,232,"Parquet",0,0,0,0,"InMemoryFileIndex(1 paths)[s3a://goes-se-sandbox/data/warehouse/tablespace/external/hive/demo_pauldefusco.db/customers_skewed]","IsNotNull(customer_id), IsNotNull(customer_segment), IsNotNull(risk_rating)","customer_id:bigint,customer_segment:string,risk_rating:string","isnotnull(customer_id#30L), isnotnull(customer_segment#37), isnotnull(risk_rating#39)","",false
2,32,174,"Parquet",0,0,0,0,"InMemoryFileIndex(1 paths)[s3a://goes-se-sandbox/data/warehouse/tablespace/external/hive/demo_pauldefusco.db/merchants_skewed]","IsNotNull(merchant_id)","merchant_id:bigint","isnotnull(merchant_id#1172L)","",false
2,32,373,"Parquet",0,0,0,0,"InMemoryFileIndex(1 paths)[s3a://goes-se-sandbox/data/warehouse/tablespace/external/hive/demo_pauldefusco.db/merchants_skewed]","IsNotNull(merchant_id), IsNotNull(merchant_category)","merchant_id:bigint,merchant_category:string","isnotnull(merchant_id#1696L), isnotnull(merchant_category#1699)","",false
2,32,99,"Parquet",0,0,0,0,"InMemoryFileIndex(1 paths)[s3a://goes-se-sandbox/data/warehouse/tablespace/external/hive/demo_pauldefusco.db/merchants_skewed]","IsNotNull(merchant_id), IsNotNull(merchant_category), IsNotNull(region)","merchant_id:bigint,region:string,merchant_category:string","isnotnull(merchant_id#70L), isnotnull(merchant_category#73), isnotnull(region#72)","",false
2,32,280,"Parquet",0,0,0,0,"InMemoryFileIndex(1 paths)[s3a://goes-se-sandbox/data/warehouse/tablespace/external/hive/demo_pauldefusco.db/merchants_skewed]","IsNotNull(merchant_id), IsNotNull(merchant_category), IsNotNull(region)","merchant_id:bigint,region:string,merchant_category:string","isnotnull(merchant_id#70L), isnotnull(merchant_category#73), isnotnull(region#72)","",false
2,32,157,"Parquet",0,0,0,0,"InMemoryFileIndex(1 paths)[s3a://goes-se-sandbox/data/warehouse/tablespace/external/hive/demo_pauldefusco.db/trs_v25]","IsNotNull(customer_id), IsNotNull(account_id), IsNotNull(merchant_id), IsNotNull(branch_id), IsNotNull(transaction_date)","customer_id:bigint,account_id:bigint,merchant_id:bigint,branch_id:bigint,transaction_date:date","isnotnull(customer_id#1138L), isnotnull(account_id#1139L), isnotnull(merchant_id#1140L), isnotnull(branch_id#1141L), isnotnull(transaction_date#1142)","",false
2,32,77,"Parquet",0,0,0,0,"InMemoryFileIndex(1 paths)[s3a://goes-se-sandbox/data/warehouse/tablespace/external/hive/demo_pauldefusco.db/trs_v25]","IsNotNull(customer_id), IsNotNull(account_id), IsNotNull(merchant_id), IsNotNull(branch_id), IsNotNull(transaction_date)","customer_id:bigint,account_id:bigint,merchant_id:bigint,branch_id:bigint,transaction_date:date,transaction_amount:double","isnotnull(customer_id#1L), isnotnull(account_id#2L), isnotnull(merchant_id#3L), isnotnull(branch_id#4L), isnotnull(transaction_date#5)","",false
2,33,166,"Parquet",0,0,0,0,"InMemoryFileIndex(1 paths)[s3a://goes-se-sandbox/data/warehouse/tablespace/external/hive/demo_pauldefusco.db/accounts_skewed]","IsNotNull(account_id)","account_id:bigint","isnotnull(account_id#1163L)","",false
2,33,91,"Parquet",0,0,0,0,"InMemoryFileIndex(1 paths)[s3a://goes-se-sandbox/data/warehouse/tablespace/external/hive/demo_pauldefusco.db/accounts_skewed]","IsNotNull(account_id), IsNotNull(account_type)","account_id:bigint,account_type:string","isnotnull(account_id#51L), isnotnull(account_type#52)","",false
2,33,182,"Parquet",0,0,0,0,"InMemoryFileIndex(1 paths)[s3a://goes-se-sandbox/data/warehouse/tablespace/external/hive/demo_pauldefusco.db/branches_skewed]","IsNotNull(branch_id)","branch_id:bigint","isnotnull(branch_id#1182L)","",false
2,33,107,"Parquet",0,0,0,0,"InMemoryFileIndex(1 paths)[s3a://goes-se-sandbox/data/warehouse/tablespace/external/hive/demo_pauldefusco.db/branches_skewed]","IsNotNull(branch_id), IsNotNull(state), IsNotNull(region)","branch_id:bigint,state:string,region:string","isnotnull(branch_id#90L), isnotnull(state#92), isnotnull(region#93)","",false
2,33,190,"Parquet",0,0,0,0,"InMemoryFileIndex(1 paths)[s3a://goes-se-sandbox/data/warehouse/tablespace/external/hive/demo_pauldefusco.db/calendar]","IsNotNull(calendar_date)","calendar_date:date","isnotnull(calendar_date#1193)","",false
2,33,384,"Parquet",0,0,0,0,"InMemoryFileIndex(1 paths)[s3a://goes-se-sandbox/data/warehouse/tablespace/external/hive/demo_pauldefusco.db/calendar]","IsNotNull(calendar_date), IsNotNull(year), IsNotNull(month)","calendar_date:date,year:int,month:int","isnotnull(calendar_date#1717), isnotnull(year#1719), isnotnull(month#1721)","",false
2,33,322,"Parquet",0,0,0,0,"InMemoryFileIndex(1 paths)[s3a://goes-se-sandbox/data/warehouse/tablespace/external/hive/demo_pauldefusco.db/calendar]","IsNotNull(calendar_date), IsNotNull(year), IsNotNull(quarter)","calendar_date:date,year:int,quarter:int","isnotnull(calendar_date#1587), isnotnull(year#1589), isnotnull(quarter#1590)","",false
2,33,115,"Parquet",0,0,0,0,"InMemoryFileIndex(1 paths)[s3a://goes-se-sandbox/data/warehouse/tablespace/external/hive/demo_pauldefusco.db/calendar]","IsNotNull(calendar_date), IsNotNull(year), IsNotNull(quarter), IsNotNull(month)","calendar_date:date,year:int,quarter:int,month:int","isnotnull(calendar_date#112), isnotnull(year#114), isnotnull(quarter#115), isnotnull(month#116)","",false
2,33,364,"Parquet",0,0,0,0,"InMemoryFileIndex(1 paths)[s3a://goes-se-sandbox/data/warehouse/tablespace/external/hive/demo_pauldefusco.db/customers_skewed]","IsNotNull(customer_id), IsNotNull(customer_segment)","customer_id:bigint,customer_segment:string","isnotnull(customer_id#1676L), isnotnull(customer_segment#1683)","",false
2,33,84,"Parquet",0,0,0,0,"InMemoryFileIndex(1 paths)[s3a://goes-se-sandbox/data/warehouse/tablespace/external/hive/demo_pauldefusco.db/customers_skewed]","IsNotNull(customer_id), IsNotNull(customer_segment), IsNotNull(risk_rating)","customer_id:bigint,customer_segment:string,risk_rating:string","isnotnull(customer_id#30L), isnotnull(customer_segment#37), isnotnull(risk_rating#39)","",false
2,33,232,"Parquet",0,0,0,0,"InMemoryFileIndex(1 paths)[s3a://goes-se-sandbox/data/warehouse/tablespace/external/hive/demo_pauldefusco.db/customers_skewed]","IsNotNull(customer_id), IsNotNull(customer_segment), IsNotNull(risk_rating)","customer_id:bigint,customer_segment:string,risk_rating:string","isnotnull(customer_id#30L), isnotnull(customer_segment#37), isnotnull(risk_rating#39)","",false
2,33,174,"Parquet",0,0,0,0,"InMemoryFileIndex(1 paths)[s3a://goes-se-sandbox/data/warehouse/tablespace/external/hive/demo_pauldefusco.db/merchants_skewed]","IsNotNull(merchant_id)","merchant_id:bigint","isnotnull(merchant_id#1172L)","",false
2,33,373,"Parquet",0,0,0,0,"InMemoryFileIndex(1 paths)[s3a://goes-se-sandbox/data/warehouse/tablespace/external/hive/demo_pauldefusco.db/merchants_skewed]","IsNotNull(merchant_id), IsNotNull(merchant_category)","merchant_id:bigint,merchant_category:string","isnotnull(merchant_id#1696L), isnotnull(merchant_category#1699)","",false
2,33,99,"Parquet",0,0,0,0,"InMemoryFileIndex(1 paths)[s3a://goes-se-sandbox/data/warehouse/tablespace/external/hive/demo_pauldefusco.db/merchants_skewed]","IsNotNull(merchant_id), IsNotNull(merchant_category), IsNotNull(region)","merchant_id:bigint,region:string,merchant_category:string","isnotnull(merchant_id#70L), isnotnull(merchant_category#73), isnotnull(region#72)","",false
2,33,280,"Parquet",0,0,0,0,"InMemoryFileIndex(1 paths)[s3a://goes-se-sandbox/data/warehouse/tablespace/external/hive/demo_pauldefusco.db/merchants_skewed]","IsNotNull(merchant_id), IsNotNull(merchant_category), IsNotNull(region)","merchant_id:bigint,region:string,merchant_category:string","isnotnull(merchant_id#70L), isnotnull(merchant_category#73), isnotnull(region#72)","",false
2,33,157,"Parquet",0,0,0,0,"InMemoryFileIndex(1 paths)[s3a://goes-se-sandbox/data/warehouse/tablespace/external/hive/demo_pauldefusco.db/trs_v25]","IsNotNull(customer_id), IsNotNull(account_id), IsNotNull(merchant_id), IsNotNull(branch_id), IsNotNull(transaction_date)","customer_id:bigint,account_id:bigint,merchant_id:bigint,branch_id:bigint,transaction_date:date","isnotnull(customer_id#1138L), isnotnull(account_id#1139L), isnotnull(merchant_id#1140L), isnotnull(branch_id#1141L), isnotnull(transaction_date#1142)","",false
2,33,77,"Parquet",0,0,0,0,"InMemoryFileIndex(1 paths)[s3a://goes-se-sandbox/data/warehouse/tablespace/external/hive/demo_pauldefusco.db/trs_v25]","IsNotNull(customer_id), IsNotNull(account_id), IsNotNull(merchant_id), IsNotNull(branch_id), IsNotNull(transaction_date)","customer_id:bigint,account_id:bigint,merchant_id:bigint,branch_id:bigint,transaction_date:date,transaction_amount:double","isnotnull(customer_id#1L), isnotnull(account_id#2L), isnotnull(merchant_id#3L), isnotnull(branch_id#4L), isnotnull(transaction_date#5)","",false
2,34,168,"Parquet",0,0,0,0,"InMemoryFileIndex(1 paths)[s3a://goes-se-sandbox/data/warehouse/tablespace/external/hive/demo_pauldefusco.db/accounts_skewed]","IsNotNull(account_id)","account_id:bigint","isnotnull(account_id#1163L)","",false
2,34,93,"Parquet",0,0,0,0,"InMemoryFileIndex(1 paths)[s3a://goes-se-sandbox/data/warehouse/tablespace/external/hive/demo_pauldefusco.db/accounts_skewed]","IsNotNull(account_id), IsNotNull(account_type)","account_id:bigint,account_type:string","isnotnull(account_id#51L), isnotnull(account_type#52)","",false
2,34,184,"Parquet",0,0,0,0,"InMemoryFileIndex(1 paths)[s3a://goes-se-sandbox/data/warehouse/tablespace/external/hive/demo_pauldefusco.db/branches_skewed]","IsNotNull(branch_id)","branch_id:bigint","isnotnull(branch_id#1182L)","",false
2,34,109,"Parquet",0,0,0,0,"InMemoryFileIndex(1 paths)[s3a://goes-se-sandbox/data/warehouse/tablespace/external/hive/demo_pauldefusco.db/branches_skewed]","IsNotNull(branch_id), IsNotNull(state), IsNotNull(region)","branch_id:bigint,state:string,region:string","isnotnull(branch_id#90L), isnotnull(state#92), isnotnull(region#93)","",false
2,34,192,"Parquet",0,0,0,0,"InMemoryFileIndex(1 paths)[s3a://goes-se-sandbox/data/warehouse/tablespace/external/hive/demo_pauldefusco.db/calendar]","IsNotNull(calendar_date)","calendar_date:date","isnotnull(calendar_date#1193)","",false
2,34,387,"Parquet",0,0,0,0,"InMemoryFileIndex(1 paths)[s3a://goes-se-sandbox/data/warehouse/tablespace/external/hive/demo_pauldefusco.db/calendar]","IsNotNull(calendar_date), IsNotNull(year), IsNotNull(month)","calendar_date:date,year:int,month:int","isnotnull(calendar_date#1717), isnotnull(year#1719), isnotnull(month#1721)","",false
2,34,325,"Parquet",0,0,0,0,"InMemoryFileIndex(1 paths)[s3a://goes-se-sandbox/data/warehouse/tablespace/external/hive/demo_pauldefusco.db/calendar]","IsNotNull(calendar_date), IsNotNull(year), IsNotNull(quarter)","calendar_date:date,year:int,quarter:int","isnotnull(calendar_date#1587), isnotnull(year#1589), isnotnull(quarter#1590)","",false
2,34,117,"Parquet",0,0,0,0,"InMemoryFileIndex(1 paths)[s3a://goes-se-sandbox/data/warehouse/tablespace/external/hive/demo_pauldefusco.db/calendar]","IsNotNull(calendar_date), IsNotNull(year), IsNotNull(quarter), IsNotNull(month)","calendar_date:date,year:int,quarter:int,month:int","isnotnull(calendar_date#112), isnotnull(year#114), isnotnull(quarter#115), isnotnull(month#116)","",false
2,34,367,"Parquet",0,0,0,0,"InMemoryFileIndex(1 paths)[s3a://goes-se-sandbox/data/warehouse/tablespace/external/hive/demo_pauldefusco.db/customers_skewed]","IsNotNull(customer_id), IsNotNull(customer_segment)","customer_id:bigint,customer_segment:string","isnotnull(customer_id#1676L), isnotnull(customer_segment#1683)","",false
2,34,86,"Parquet",0,0,0,0,"InMemoryFileIndex(1 paths)[s3a://goes-se-sandbox/data/warehouse/tablespace/external/hive/demo_pauldefusco.db/customers_skewed]","IsNotNull(customer_id), IsNotNull(customer_segment), IsNotNull(risk_rating)","customer_id:bigint,customer_segment:string,risk_rating:string","isnotnull(customer_id#30L), isnotnull(customer_segment#37), isnotnull(risk_rating#39)","",false
2,34,235,"Parquet",0,0,0,0,"InMemoryFileIndex(1 paths)[s3a://goes-se-sandbox/data/warehouse/tablespace/external/hive/demo_pauldefusco.db/customers_skewed]","IsNotNull(customer_id), IsNotNull(customer_segment), IsNotNull(risk_rating)","customer_id:bigint,customer_segment:string,risk_rating:string","isnotnull(customer_id#30L), isnotnull(customer_segment#37), isnotnull(risk_rating#39)","",false
2,34,176,"Parquet",0,0,0,0,"InMemoryFileIndex(1 paths)[s3a://goes-se-sandbox/data/warehouse/tablespace/external/hive/demo_pauldefusco.db/merchants_skewed]","IsNotNull(merchant_id)","merchant_id:bigint","isnotnull(merchant_id#1172L)","",false
2,34,376,"Parquet",0,0,0,0,"InMemoryFileIndex(1 paths)[s3a://goes-se-sandbox/data/warehouse/tablespace/external/hive/demo_pauldefusco.db/merchants_skewed]","IsNotNull(merchant_id), IsNotNull(merchant_category)","merchant_id:bigint,merchant_category:string","isnotnull(merchant_id#1696L), isnotnull(merchant_category#1699)","",false
2,34,101,"Parquet",0,0,0,0,"InMemoryFileIndex(1 paths)[s3a://goes-se-sandbox/data/warehouse/tablespace/external/hive/demo_pauldefusco.db/merchants_skewed]","IsNotNull(merchant_id), IsNotNull(merchant_category), IsNotNull(region)","merchant_id:bigint,region:string,merchant_category:string","isnotnull(merchant_id#70L), isnotnull(merchant_category#73), isnotnull(region#72)","",false
2,34,283,"Parquet",0,0,0,0,"InMemoryFileIndex(1 paths)[s3a://goes-se-sandbox/data/warehouse/tablespace/external/hive/demo_pauldefusco.db/merchants_skewed]","IsNotNull(merchant_id), IsNotNull(merchant_category), IsNotNull(region)","merchant_id:bigint,region:string,merchant_category:string","isnotnull(merchant_id#70L), isnotnull(merchant_category#73), isnotnull(region#72)","",false
2,34,159,"Parquet",0,0,0,0,"InMemoryFileIndex(1 paths)[s3a://goes-se-sandbox/data/warehouse/tablespace/external/hive/demo_pauldefusco.db/trs_v25]","IsNotNull(customer_id), IsNotNull(account_id), IsNotNull(merchant_id), IsNotNull(branch_id), IsNotNull(transaction_date)","customer_id:bigint,account_id:bigint,merchant_id:bigint,branch_id:bigint,transaction_date:date","isnotnull(customer_id#1138L), isnotnull(account_id#1139L), isnotnull(merchant_id#1140L), isnotnull(branch_id#1141L), isnotnull(transaction_date#1142)","",false
2,34,79,"Parquet",0,0,0,0,"InMemoryFileIndex(1 paths)[s3a://goes-se-sandbox/data/warehouse/tablespace/external/hive/demo_pauldefusco.db/trs_v25]","IsNotNull(customer_id), IsNotNull(account_id), IsNotNull(merchant_id), IsNotNull(branch_id), IsNotNull(transaction_date)","customer_id:bigint,account_id:bigint,merchant_id:bigint,branch_id:bigint,transaction_date:date,transaction_amount:double","isnotnull(customer_id#1L), isnotnull(account_id#2L), isnotnull(merchant_id#3L), isnotnull(branch_id#4L), isnotnull(transaction_date#5)","",false
2,35,168,"Parquet",0,0,0,0,"InMemoryFileIndex(1 paths)[s3a://goes-se-sandbox/data/warehouse/tablespace/external/hive/demo_pauldefusco.db/accounts_skewed]","IsNotNull(account_id)","account_id:bigint","isnotnull(account_id#1163L)","",false
2,35,93,"Parquet",0,0,0,0,"InMemoryFileIndex(1 paths)[s3a://goes-se-sandbox/data/warehouse/tablespace/external/hive/demo_pauldefusco.db/accounts_skewed]","IsNotNull(account_id), IsNotNull(account_type)","account_id:bigint,account_type:string","isnotnull(account_id#51L), isnotnull(account_type#52)","",false
2,35,184,"Parquet",0,0,0,0,"InMemoryFileIndex(1 paths)[s3a://goes-se-sandbox/data/warehouse/tablespace/external/hive/demo_pauldefusco.db/branches_skewed]","IsNotNull(branch_id)","branch_id:bigint","isnotnull(branch_id#1182L)","",false
2,35,109,"Parquet",0,0,0,0,"InMemoryFileIndex(1 paths)[s3a://goes-se-sandbox/data/warehouse/tablespace/external/hive/demo_pauldefusco.db/branches_skewed]","IsNotNull(branch_id), IsNotNull(state), IsNotNull(region)","branch_id:bigint,state:string,region:string","isnotnull(branch_id#90L), isnotnull(state#92), isnotnull(region#93)","",false
2,35,192,"Parquet",0,0,0,0,"InMemoryFileIndex(1 paths)[s3a://goes-se-sandbox/data/warehouse/tablespace/external/hive/demo_pauldefusco.db/calendar]","IsNotNull(calendar_date)","calendar_date:date","isnotnull(calendar_date#1193)","",false
2,35,387,"Parquet",0,0,0,0,"InMemoryFileIndex(1 paths)[s3a://goes-se-sandbox/data/warehouse/tablespace/external/hive/demo_pauldefusco.db/calendar]","IsNotNull(calendar_date), IsNotNull(year), IsNotNull(month)","calendar_date:date,year:int,month:int","isnotnull(calendar_date#1717), isnotnull(year#1719), isnotnull(month#1721)","",false
2,35,325,"Parquet",0,0,0,0,"InMemoryFileIndex(1 paths)[s3a://goes-se-sandbox/data/warehouse/tablespace/external/hive/demo_pauldefusco.db/calendar]","IsNotNull(calendar_date), IsNotNull(year), IsNotNull(quarter)","calendar_date:date,year:int,quarter:int","isnotnull(calendar_date#1587), isnotnull(year#1589), isnotnull(quarter#1590)","",false
2,35,117,"Parquet",0,0,0,0,"InMemoryFileIndex(1 paths)[s3a://goes-se-sandbox/data/warehouse/tablespace/external/hive/demo_pauldefusco.db/calendar]","IsNotNull(calendar_date), IsNotNull(year), IsNotNull(quarter), IsNotNull(month)","calendar_date:date,year:int,quarter:int,month:int","isnotnull(calendar_date#112), isnotnull(year#114), isnotnull(quarter#115), isnotnull(month#116)","",false
2,35,367,"Parquet",0,0,0,0,"InMemoryFileIndex(1 paths)[s3a://goes-se-sandbox/data/warehouse/tablespace/external/hive/demo_pauldefusco.db/customers_skewed]","IsNotNull(customer_id), IsNotNull(customer_segment)","customer_id:bigint,customer_segment:string","isnotnull(customer_id#1676L), isnotnull(customer_segment#1683)","",false
2,35,86,"Parquet",0,0,0,0,"InMemoryFileIndex(1 paths)[s3a://goes-se-sandbox/data/warehouse/tablespace/external/hive/demo_pauldefusco.db/customers_skewed]","IsNotNull(customer_id), IsNotNull(customer_segment), IsNotNull(risk_rating)","customer_id:bigint,customer_segment:string,risk_rating:string","isnotnull(customer_id#30L), isnotnull(customer_segment#37), isnotnull(risk_rating#39)","",false
2,35,235,"Parquet",0,0,0,0,"InMemoryFileIndex(1 paths)[s3a://goes-se-sandbox/data/warehouse/tablespace/external/hive/demo_pauldefusco.db/customers_skewed]","IsNotNull(customer_id), IsNotNull(customer_segment), IsNotNull(risk_rating)","customer_id:bigint,customer_segment:string,risk_rating:string","isnotnull(customer_id#30L), isnotnull(customer_segment#37), isnotnull(risk_rating#39)","",false
2,35,176,"Parquet",0,0,0,0,"InMemoryFileIndex(1 paths)[s3a://goes-se-sandbox/data/warehouse/tablespace/external/hive/demo_pauldefusco.db/merchants_skewed]","IsNotNull(merchant_id)","merchant_id:bigint","isnotnull(merchant_id#1172L)","",false
2,35,376,"Parquet",0,0,0,0,"InMemoryFileIndex(1 paths)[s3a://goes-se-sandbox/data/warehouse/tablespace/external/hive/demo_pauldefusco.db/merchants_skewed]","IsNotNull(merchant_id), IsNotNull(merchant_category)","merchant_id:bigint,merchant_category:string","isnotnull(merchant_id#1696L), isnotnull(merchant_category#1699)","",false
2,35,101,"Parquet",0,0,0,0,"InMemoryFileIndex(1 paths)[s3a://goes-se-sandbox/data/warehouse/tablespace/external/hive/demo_pauldefusco.db/merchants_skewed]","IsNotNull(merchant_id), IsNotNull(merchant_category), IsNotNull(region)","merchant_id:bigint,region:string,merchant_category:string","isnotnull(merchant_id#70L), isnotnull(merchant_category#73), isnotnull(region#72)","",false
2,35,283,"Parquet",0,0,0,0,"InMemoryFileIndex(1 paths)[s3a://goes-se-sandbox/data/warehouse/tablespace/external/hive/demo_pauldefusco.db/merchants_skewed]","IsNotNull(merchant_id), IsNotNull(merchant_category), IsNotNull(region)","merchant_id:bigint,region:string,merchant_category:string","isnotnull(merchant_id#70L), isnotnull(merchant_category#73), isnotnull(region#72)","",false
2,35,159,"Parquet",0,0,0,0,"InMemoryFileIndex(1 paths)[s3a://goes-se-sandbox/data/warehouse/tablespace/external/hive/demo_pauldefusco.db/trs_v25]","IsNotNull(customer_id), IsNotNull(account_id), IsNotNull(merchant_id), IsNotNull(branch_id), IsNotNull(transaction_date)","customer_id:bigint,account_id:bigint,merchant_id:bigint,branch_id:bigint,transaction_date:date","isnotnull(customer_id#1138L), isnotnull(account_id#1139L), isnotnull(merchant_id#1140L), isnotnull(branch_id#1141L), isnotnull(transaction_date#1142)","",false
2,35,79,"Parquet",0,0,0,0,"InMemoryFileIndex(1 paths)[s3a://goes-se-sandbox/data/warehouse/tablespace/external/hive/demo_pauldefusco.db/trs_v25]","IsNotNull(customer_id), IsNotNull(account_id), IsNotNull(merchant_id), IsNotNull(branch_id), IsNotNull(transaction_date)","customer_id:bigint,account_id:bigint,merchant_id:bigint,branch_id:bigint,transaction_date:date,transaction_amount:double","isnotnull(customer_id#1L), isnotnull(account_id#2L), isnotnull(merchant_id#3L), isnotnull(branch_id#4L), isnotnull(transaction_date#5)","",false
2,36,170,"Parquet",0,0,0,0,"InMemoryFileIndex(1 paths)[s3a://goes-se-sandbox/data/warehouse/tablespace/external/hive/demo_pauldefusco.db/accounts_skewed]","IsNotNull(account_id)","account_id:bigint","isnotnull(account_id#1163L)","",false
2,36,95,"Parquet",0,0,0,0,"InMemoryFileIndex(1 paths)[s3a://goes-se-sandbox/data/warehouse/tablespace/external/hive/demo_pauldefusco.db/accounts_skewed]","IsNotNull(account_id), IsNotNull(account_type)","account_id:bigint,account_type:string","isnotnull(account_id#51L), isnotnull(account_type#52)","",false
2,36,186,"Parquet",0,0,0,0,"InMemoryFileIndex(1 paths)[s3a://goes-se-sandbox/data/warehouse/tablespace/external/hive/demo_pauldefusco.db/branches_skewed]","IsNotNull(branch_id)","branch_id:bigint","isnotnull(branch_id#1182L)","",false
2,36,111,"Parquet",0,0,0,0,"InMemoryFileIndex(1 paths)[s3a://goes-se-sandbox/data/warehouse/tablespace/external/hive/demo_pauldefusco.db/branches_skewed]","IsNotNull(branch_id), IsNotNull(state), IsNotNull(region)","branch_id:bigint,state:string,region:string","isnotnull(branch_id#90L), isnotnull(state#92), isnotnull(region#93)","",false
2,36,194,"Parquet",0,0,0,0,"InMemoryFileIndex(1 paths)[s3a://goes-se-sandbox/data/warehouse/tablespace/external/hive/demo_pauldefusco.db/calendar]","IsNotNull(calendar_date)","calendar_date:date","isnotnull(calendar_date#1193)","",false
2,36,390,"Parquet",0,0,0,0,"InMemoryFileIndex(1 paths)[s3a://goes-se-sandbox/data/warehouse/tablespace/external/hive/demo_pauldefusco.db/calendar]","IsNotNull(calendar_date), IsNotNull(year), IsNotNull(month)","calendar_date:date,year:int,month:int","isnotnull(calendar_date#1717), isnotnull(year#1719), isnotnull(month#1721)","",false
2,36,328,"Parquet",0,0,0,0,"InMemoryFileIndex(1 paths)[s3a://goes-se-sandbox/data/warehouse/tablespace/external/hive/demo_pauldefusco.db/calendar]","IsNotNull(calendar_date), IsNotNull(year), IsNotNull(quarter)","calendar_date:date,year:int,quarter:int","isnotnull(calendar_date#1587), isnotnull(year#1589), isnotnull(quarter#1590)","",false
2,36,119,"Parquet",0,0,0,0,"InMemoryFileIndex(1 paths)[s3a://goes-se-sandbox/data/warehouse/tablespace/external/hive/demo_pauldefusco.db/calendar]","IsNotNull(calendar_date), IsNotNull(year), IsNotNull(quarter), IsNotNull(month)","calendar_date:date,year:int,quarter:int,month:int","isnotnull(calendar_date#112), isnotnull(year#114), isnotnull(quarter#115), isnotnull(month#116)","",false
2,36,370,"Parquet",0,0,0,0,"InMemoryFileIndex(1 paths)[s3a://goes-se-sandbox/data/warehouse/tablespace/external/hive/demo_pauldefusco.db/customers_skewed]","IsNotNull(customer_id), IsNotNull(customer_segment)","customer_id:bigint,customer_segment:string","isnotnull(customer_id#1676L), isnotnull(customer_segment#1683)","",false
2,36,88,"Parquet",0,0,0,0,"InMemoryFileIndex(1 paths)[s3a://goes-se-sandbox/data/warehouse/tablespace/external/hive/demo_pauldefusco.db/customers_skewed]","IsNotNull(customer_id), IsNotNull(customer_segment), IsNotNull(risk_rating)","customer_id:bigint,customer_segment:string,risk_rating:string","isnotnull(customer_id#30L), isnotnull(customer_segment#37), isnotnull(risk_rating#39)","",false
2,36,237,"Parquet",0,0,0,0,"InMemoryFileIndex(1 paths)[s3a://goes-se-sandbox/data/warehouse/tablespace/external/hive/demo_pauldefusco.db/customers_skewed]","IsNotNull(customer_id), IsNotNull(customer_segment), IsNotNull(risk_rating)","customer_id:bigint,customer_segment:string,risk_rating:string","isnotnull(customer_id#30L), isnotnull(customer_segment#37), isnotnull(risk_rating#39)","",false
2,36,178,"Parquet",0,0,0,0,"InMemoryFileIndex(1 paths)[s3a://goes-se-sandbox/data/warehouse/tablespace/external/hive/demo_pauldefusco.db/merchants_skewed]","IsNotNull(merchant_id)","merchant_id:bigint","isnotnull(merchant_id#1172L)","",false
2,36,379,"Parquet",0,0,0,0,"InMemoryFileIndex(1 paths)[s3a://goes-se-sandbox/data/warehouse/tablespace/external/hive/demo_pauldefusco.db/merchants_skewed]","IsNotNull(merchant_id), IsNotNull(merchant_category)","merchant_id:bigint,merchant_category:string","isnotnull(merchant_id#1696L), isnotnull(merchant_category#1699)","",false
2,36,103,"Parquet",0,0,0,0,"InMemoryFileIndex(1 paths)[s3a://goes-se-sandbox/data/warehouse/tablespace/external/hive/demo_pauldefusco.db/merchants_skewed]","IsNotNull(merchant_id), IsNotNull(merchant_category), IsNotNull(region)","merchant_id:bigint,region:string,merchant_category:string","isnotnull(merchant_id#70L), isnotnull(merchant_category#73), isnotnull(region#72)","",false
2,36,286,"Parquet",0,0,0,0,"InMemoryFileIndex(1 paths)[s3a://goes-se-sandbox/data/warehouse/tablespace/external/hive/demo_pauldefusco.db/merchants_skewed]","IsNotNull(merchant_id), IsNotNull(merchant_category), IsNotNull(region)","merchant_id:bigint,region:string,merchant_category:string","isnotnull(merchant_id#70L), isnotnull(merchant_category#73), isnotnull(region#72)","",false
2,36,161,"Parquet",0,0,0,0,"InMemoryFileIndex(1 paths)[s3a://goes-se-sandbox/data/warehouse/tablespace/external/hive/demo_pauldefusco.db/trs_v25]","IsNotNull(customer_id), IsNotNull(account_id), IsNotNull(merchant_id), IsNotNull(branch_id), IsNotNull(transaction_date)","customer_id:bigint,account_id:bigint,merchant_id:bigint,branch_id:bigint,transaction_date:date","isnotnull(customer_id#1138L), isnotnull(account_id#1139L), isnotnull(merchant_id#1140L), isnotnull(branch_id#1141L), isnotnull(transaction_date#1142)","",false
2,36,81,"Parquet",0,0,0,0,"InMemoryFileIndex(1 paths)[s3a://goes-se-sandbox/data/warehouse/tablespace/external/hive/demo_pauldefusco.db/trs_v25]","IsNotNull(customer_id), IsNotNull(account_id), IsNotNull(merchant_id), IsNotNull(branch_id), IsNotNull(transaction_date)","customer_id:bigint,account_id:bigint,merchant_id:bigint,branch_id:bigint,transaction_date:date,transaction_amount:double","isnotnull(customer_id#1L), isnotnull(account_id#2L), isnotnull(merchant_id#3L), isnotnull(branch_id#4L), isnotnull(transaction_date#5)","",false
2,37,170,"Parquet",0,0,0,0,"InMemoryFileIndex(1 paths)[s3a://goes-se-sandbox/data/warehouse/tablespace/external/hive/demo_pauldefusco.db/accounts_skewed]","IsNotNull(account_id)","account_id:bigint","isnotnull(account_id#1163L)","",false
2,37,95,"Parquet",0,0,0,0,"InMemoryFileIndex(1 paths)[s3a://goes-se-sandbox/data/warehouse/tablespace/external/hive/demo_pauldefusco.db/accounts_skewed]","IsNotNull(account_id), IsNotNull(account_type)","account_id:bigint,account_type:string","isnotnull(account_id#51L), isnotnull(account_type#52)","",false
2,37,186,"Parquet",0,0,0,0,"InMemoryFileIndex(1 paths)[s3a://goes-se-sandbox/data/warehouse/tablespace/external/hive/demo_pauldefusco.db/branches_skewed]","IsNotNull(branch_id)","branch_id:bigint","isnotnull(branch_id#1182L)","",false
2,37,111,"Parquet",0,0,0,0,"InMemoryFileIndex(1 paths)[s3a://goes-se-sandbox/data/warehouse/tablespace/external/hive/demo_pauldefusco.db/branches_skewed]","IsNotNull(branch_id), IsNotNull(state), IsNotNull(region)","branch_id:bigint,state:string,region:string","isnotnull(branch_id#90L), isnotnull(state#92), isnotnull(region#93)","",false
2,37,194,"Parquet",0,0,0,0,"InMemoryFileIndex(1 paths)[s3a://goes-se-sandbox/data/warehouse/tablespace/external/hive/demo_pauldefusco.db/calendar]","IsNotNull(calendar_date)","calendar_date:date","isnotnull(calendar_date#1193)","",false
2,37,390,"Parquet",0,0,0,0,"InMemoryFileIndex(1 paths)[s3a://goes-se-sandbox/data/warehouse/tablespace/external/hive/demo_pauldefusco.db/calendar]","IsNotNull(calendar_date), IsNotNull(year), IsNotNull(month)","calendar_date:date,year:int,month:int","isnotnull(calendar_date#1717), isnotnull(year#1719), isnotnull(month#1721)","",false
2,37,328,"Parquet",0,0,0,0,"InMemoryFileIndex(1 paths)[s3a://goes-se-sandbox/data/warehouse/tablespace/external/hive/demo_pauldefusco.db/calendar]","IsNotNull(calendar_date), IsNotNull(year), IsNotNull(quarter)","calendar_date:date,year:int,quarter:int","isnotnull(calendar_date#1587), isnotnull(year#1589), isnotnull(quarter#1590)","",false
2,37,119,"Parquet",0,0,0,0,"InMemoryFileIndex(1 paths)[s3a://goes-se-sandbox/data/warehouse/tablespace/external/hive/demo_pauldefusco.db/calendar]","IsNotNull(calendar_date), IsNotNull(year), IsNotNull(quarter), IsNotNull(month)","calendar_date:date,year:int,quarter:int,month:int","isnotnull(calendar_date#112), isnotnull(year#114), isnotnull(quarter#115), isnotnull(month#116)","",false
2,37,370,"Parquet",0,0,0,0,"InMemoryFileIndex(1 paths)[s3a://goes-se-sandbox/data/warehouse/tablespace/external/hive/demo_pauldefusco.db/customers_skewed]","IsNotNull(customer_id), IsNotNull(customer_segment)","customer_id:bigint,customer_segment:string","isnotnull(customer_id#1676L), isnotnull(customer_segment#1683)","",false
2,37,88,"Parquet",0,0,0,0,"InMemoryFileIndex(1 paths)[s3a://goes-se-sandbox/data/warehouse/tablespace/external/hive/demo_pauldefusco.db/customers_skewed]","IsNotNull(customer_id), IsNotNull(customer_segment), IsNotNull(risk_rating)","customer_id:bigint,customer_segment:string,risk_rating:string","isnotnull(customer_id#30L), isnotnull(customer_segment#37), isnotnull(risk_rating#39)","",false
2,37,237,"Parquet",0,0,0,0,"InMemoryFileIndex(1 paths)[s3a://goes-se-sandbox/data/warehouse/tablespace/external/hive/demo_pauldefusco.db/customers_skewed]","IsNotNull(customer_id), IsNotNull(customer_segment), IsNotNull(risk_rating)","customer_id:bigint,customer_segment:string,risk_rating:string","isnotnull(customer_id#30L), isnotnull(customer_segment#37), isnotnull(risk_rating#39)","",false
2,37,178,"Parquet",0,0,0,0,"InMemoryFileIndex(1 paths)[s3a://goes-se-sandbox/data/warehouse/tablespace/external/hive/demo_pauldefusco.db/merchants_skewed]","IsNotNull(merchant_id)","merchant_id:bigint","isnotnull(merchant_id#1172L)","",false
2,37,379,"Parquet",0,0,0,0,"InMemoryFileIndex(1 paths)[s3a://goes-se-sandbox/data/warehouse/tablespace/external/hive/demo_pauldefusco.db/merchants_skewed]","IsNotNull(merchant_id), IsNotNull(merchant_category)","merchant_id:bigint,merchant_category:string","isnotnull(merchant_id#1696L), isnotnull(merchant_category#1699)","",false
2,37,103,"Parquet",0,0,0,0,"InMemoryFileIndex(1 paths)[s3a://goes-se-sandbox/data/warehouse/tablespace/external/hive/demo_pauldefusco.db/merchants_skewed]","IsNotNull(merchant_id), IsNotNull(merchant_category), IsNotNull(region)","merchant_id:bigint,region:string,merchant_category:string","isnotnull(merchant_id#70L), isnotnull(merchant_category#73), isnotnull(region#72)","",false
2,37,286,"Parquet",0,0,0,0,"InMemoryFileIndex(1 paths)[s3a://goes-se-sandbox/data/warehouse/tablespace/external/hive/demo_pauldefusco.db/merchants_skewed]","IsNotNull(merchant_id), IsNotNull(merchant_category), IsNotNull(region)","merchant_id:bigint,region:string,merchant_category:string","isnotnull(merchant_id#70L), isnotnull(merchant_category#73), isnotnull(region#72)","",false
2,37,161,"Parquet",0,0,0,0,"InMemoryFileIndex(1 paths)[s3a://goes-se-sandbox/data/warehouse/tablespace/external/hive/demo_pauldefusco.db/trs_v25]","IsNotNull(customer_id), IsNotNull(account_id), IsNotNull(merchant_id), IsNotNull(branch_id), IsNotNull(transaction_date)","customer_id:bigint,account_id:bigint,merchant_id:bigint,branch_id:bigint,transaction_date:date","isnotnull(customer_id#1138L), isnotnull(account_id#1139L), isnotnull(merchant_id#1140L), isnotnull(branch_id#1141L), isnotnull(transaction_date#1142)","",false
2,37,81,"Parquet",0,0,0,0,"InMemoryFileIndex(1 paths)[s3a://goes-se-sandbox/data/warehouse/tablespace/external/hive/demo_pauldefusco.db/trs_v25]","IsNotNull(customer_id), IsNotNull(account_id), IsNotNull(merchant_id), IsNotNull(branch_id), IsNotNull(transaction_date)","customer_id:bigint,account_id:bigint,merchant_id:bigint,branch_id:bigint,transaction_date:date,transaction_amount:double","isnotnull(customer_id#1L), isnotnull(account_id#2L), isnotnull(merchant_id#3L), isnotnull(branch_id#4L), isnotnull(transaction_date#5)","",false
2,38,173,"Parquet",0,0,0,0,"InMemoryFileIndex(1 paths)[s3a://goes-se-sandbox/data/warehouse/tablespace/external/hive/demo_pauldefusco.db/accounts_skewed]","IsNotNull(account_id)","account_id:bigint","isnotnull(account_id#1163L)","",false
2,38,98,"Parquet",0,0,0,0,"InMemoryFileIndex(1 paths)[s3a://goes-se-sandbox/data/warehouse/tablespace/external/hive/demo_pauldefusco.db/accounts_skewed]","IsNotNull(account_id), IsNotNull(account_type)","account_id:bigint,account_type:string","isnotnull(account_id#51L), isnotnull(account_type#52)","",false
2,38,189,"Parquet",0,0,0,0,"InMemoryFileIndex(1 paths)[s3a://goes-se-sandbox/data/warehouse/tablespace/external/hive/demo_pauldefusco.db/branches_skewed]","IsNotNull(branch_id)","branch_id:bigint","isnotnull(branch_id#1182L)","",false
2,38,114,"Parquet",0,0,0,0,"InMemoryFileIndex(1 paths)[s3a://goes-se-sandbox/data/warehouse/tablespace/external/hive/demo_pauldefusco.db/branches_skewed]","IsNotNull(branch_id), IsNotNull(state), IsNotNull(region)","branch_id:bigint,state:string,region:string","isnotnull(branch_id#90L), isnotnull(state#92), isnotnull(region#93)","",false
2,38,197,"Parquet",0,0,0,0,"InMemoryFileIndex(1 paths)[s3a://goes-se-sandbox/data/warehouse/tablespace/external/hive/demo_pauldefusco.db/calendar]","IsNotNull(calendar_date)","calendar_date:date","isnotnull(calendar_date#1193)","",false
2,38,395,"Parquet",0,0,0,0,"InMemoryFileIndex(1 paths)[s3a://goes-se-sandbox/data/warehouse/tablespace/external/hive/demo_pauldefusco.db/calendar]","IsNotNull(calendar_date), IsNotNull(year), IsNotNull(month)","calendar_date:date,year:int,month:int","isnotnull(calendar_date#1717), isnotnull(year#1719), isnotnull(month#1721)","",false
2,38,333,"Parquet",0,0,0,0,"InMemoryFileIndex(1 paths)[s3a://goes-se-sandbox/data/warehouse/tablespace/external/hive/demo_pauldefusco.db/calendar]","IsNotNull(calendar_date), IsNotNull(year), IsNotNull(quarter)","calendar_date:date,year:int,quarter:int","isnotnull(calendar_date#1587), isnotnull(year#1589), isnotnull(quarter#1590)","",false
2,38,122,"Parquet",0,0,0,0,"InMemoryFileIndex(1 paths)[s3a://goes-se-sandbox/data/warehouse/tablespace/external/hive/demo_pauldefusco.db/calendar]","IsNotNull(calendar_date), IsNotNull(year), IsNotNull(quarter), IsNotNull(month)","calendar_date:date,year:int,quarter:int,month:int","isnotnull(calendar_date#112), isnotnull(year#114), isnotnull(quarter#115), isnotnull(month#116)","",false
2,38,375,"Parquet",0,0,0,0,"InMemoryFileIndex(1 paths)[s3a://goes-se-sandbox/data/warehouse/tablespace/external/hive/demo_pauldefusco.db/customers_skewed]","IsNotNull(customer_id), IsNotNull(customer_segment)","customer_id:bigint,customer_segment:string","isnotnull(customer_id#1676L), isnotnull(customer_segment#1683)","",false
2,38,91,"Parquet",0,0,0,0,"InMemoryFileIndex(1 paths)[s3a://goes-se-sandbox/data/warehouse/tablespace/external/hive/demo_pauldefusco.db/customers_skewed]","IsNotNull(customer_id), IsNotNull(customer_segment), IsNotNull(risk_rating)","customer_id:bigint,customer_segment:string,risk_rating:string","isnotnull(customer_id#30L), isnotnull(customer_segment#37), isnotnull(risk_rating#39)","",false
2,38,240,"Parquet",0,0,0,0,"InMemoryFileIndex(1 paths)[s3a://goes-se-sandbox/data/warehouse/tablespace/external/hive/demo_pauldefusco.db/customers_skewed]","IsNotNull(customer_id), IsNotNull(customer_segment), IsNotNull(risk_rating)","customer_id:bigint,customer_segment:string,risk_rating:string","isnotnull(customer_id#30L), isnotnull(customer_segment#37), isnotnull(risk_rating#39)","",false
2,38,181,"Parquet",0,0,0,0,"InMemoryFileIndex(1 paths)[s3a://goes-se-sandbox/data/warehouse/tablespace/external/hive/demo_pauldefusco.db/merchants_skewed]","IsNotNull(merchant_id)","merchant_id:bigint","isnotnull(merchant_id#1172L)","",false
2,38,384,"Parquet",0,0,0,0,"InMemoryFileIndex(1 paths)[s3a://goes-se-sandbox/data/warehouse/tablespace/external/hive/demo_pauldefusco.db/merchants_skewed]","IsNotNull(merchant_id), IsNotNull(merchant_category)","merchant_id:bigint,merchant_category:string","isnotnull(merchant_id#1696L), isnotnull(merchant_category#1699)","",false
2,38,106,"Parquet",0,0,0,0,"InMemoryFileIndex(1 paths)[s3a://goes-se-sandbox/data/warehouse/tablespace/external/hive/demo_pauldefusco.db/merchants_skewed]","IsNotNull(merchant_id), IsNotNull(merchant_category), IsNotNull(region)","merchant_id:bigint,region:string,merchant_category:string","isnotnull(merchant_id#70L), isnotnull(merchant_category#73), isnotnull(region#72)","",false
2,38,289,"Parquet",0,0,0,0,"InMemoryFileIndex(1 paths)[s3a://goes-se-sandbox/data/warehouse/tablespace/external/hive/demo_pauldefusco.db/merchants_skewed]","IsNotNull(merchant_id), IsNotNull(merchant_category), IsNotNull(region)","merchant_id:bigint,region:string,merchant_category:string","isnotnull(merchant_id#70L), isnotnull(merchant_category#73), isnotnull(region#72)","",false
2,38,164,"Parquet",0,0,0,0,"InMemoryFileIndex(1 paths)[s3a://goes-se-sandbox/data/warehouse/tablespace/external/hive/demo_pauldefusco.db/trs_v25]","IsNotNull(customer_id), IsNotNull(account_id), IsNotNull(merchant_id), IsNotNull(branch_id), IsNotNull(transaction_date)","customer_id:bigint,account_id:bigint,merchant_id:bigint,branch_id:bigint,transaction_date:date","isnotnull(customer_id#1138L), isnotnull(account_id#1139L), isnotnull(merchant_id#1140L), isnotnull(branch_id#1141L), isnotnull(transaction_date#1142)","",false
2,38,84,"Parquet",0,0,0,0,"InMemoryFileIndex(1 paths)[s3a://goes-se-sandbox/data/warehouse/tablespace/external/hive/demo_pauldefusco.db/trs_v25]","IsNotNull(customer_id), IsNotNull(account_id), IsNotNull(merchant_id), IsNotNull(branch_id), IsNotNull(transaction_date)","customer_id:bigint,account_id:bigint,merchant_id:bigint,branch_id:bigint,transaction_date:date,transaction_amount:double","isnotnull(customer_id#1L), isnotnull(account_id#2L), isnotnull(merchant_id#3L), isnotnull(branch_id#4L), isnotnull(transaction_date#5)","",false
2,39,173,"Parquet",0,0,0,0,"InMemoryFileIndex(1 paths)[s3a://goes-se-sandbox/data/warehouse/tablespace/external/hive/demo_pauldefusco.db/accounts_skewed]","IsNotNull(account_id)","account_id:bigint","isnotnull(account_id#1163L)","",false
2,39,98,"Parquet",0,0,0,0,"InMemoryFileIndex(1 paths)[s3a://goes-se-sandbox/data/warehouse/tablespace/external/hive/demo_pauldefusco.db/accounts_skewed]","IsNotNull(account_id), IsNotNull(account_type)","account_id:bigint,account_type:string","isnotnull(account_id#51L), isnotnull(account_type#52)","",false
2,39,189,"Parquet",0,0,0,0,"InMemoryFileIndex(1 paths)[s3a://goes-se-sandbox/data/warehouse/tablespace/external/hive/demo_pauldefusco.db/branches_skewed]","IsNotNull(branch_id)","branch_id:bigint","isnotnull(branch_id#1182L)","",false
2,39,114,"Parquet",0,0,0,0,"InMemoryFileIndex(1 paths)[s3a://goes-se-sandbox/data/warehouse/tablespace/external/hive/demo_pauldefusco.db/branches_skewed]","IsNotNull(branch_id), IsNotNull(state), IsNotNull(region)","branch_id:bigint,state:string,region:string","isnotnull(branch_id#90L), isnotnull(state#92), isnotnull(region#93)","",false
2,39,197,"Parquet",0,0,0,0,"InMemoryFileIndex(1 paths)[s3a://goes-se-sandbox/data/warehouse/tablespace/external/hive/demo_pauldefusco.db/calendar]","IsNotNull(calendar_date)","calendar_date:date","isnotnull(calendar_date#1193)","",false
2,39,395,"Parquet",0,0,0,0,"InMemoryFileIndex(1 paths)[s3a://goes-se-sandbox/data/warehouse/tablespace/external/hive/demo_pauldefusco.db/calendar]","IsNotNull(calendar_date), IsNotNull(year), IsNotNull(month)","calendar_date:date,year:int,month:int","isnotnull(calendar_date#1717), isnotnull(year#1719), isnotnull(month#1721)","",false
2,39,333,"Parquet",0,0,0,0,"InMemoryFileIndex(1 paths)[s3a://goes-se-sandbox/data/warehouse/tablespace/external/hive/demo_pauldefusco.db/calendar]","IsNotNull(calendar_date), IsNotNull(year), IsNotNull(quarter)","calendar_date:date,year:int,quarter:int","isnotnull(calendar_date#1587), isnotnull(year#1589), isnotnull(quarter#1590)","",false
2,39,122,"Parquet",0,0,0,0,"InMemoryFileIndex(1 paths)[s3a://goes-se-sandbox/data/warehouse/tablespace/external/hive/demo_pauldefusco.db/calendar]","IsNotNull(calendar_date), IsNotNull(year), IsNotNull(quarter), IsNotNull(month)","calendar_date:date,year:int,quarter:int,month:int","isnotnull(calendar_date#112), isnotnull(year#114), isnotnull(quarter#115), isnotnull(month#116)","",false
2,39,375,"Parquet",0,0,0,0,"InMemoryFileIndex(1 paths)[s3a://goes-se-sandbox/data/warehouse/tablespace/external/hive/demo_pauldefusco.db/customers_skewed]","IsNotNull(customer_id), IsNotNull(customer_segment)","customer_id:bigint,customer_segment:string","isnotnull(customer_id#1676L), isnotnull(customer_segment#1683)","",false
2,39,91,"Parquet",0,0,0,0,"InMemoryFileIndex(1 paths)[s3a://goes-se-sandbox/data/warehouse/tablespace/external/hive/demo_pauldefusco.db/customers_skewed]","IsNotNull(customer_id), IsNotNull(customer_segment), IsNotNull(risk_rating)","customer_id:bigint,customer_segment:string,risk_rating:string","isnotnull(customer_id#30L), isnotnull(customer_segment#37), isnotnull(risk_rating#39)","",false
2,39,240,"Parquet",0,0,0,0,"InMemoryFileIndex(1 paths)[s3a://goes-se-sandbox/data/warehouse/tablespace/external/hive/demo_pauldefusco.db/customers_skewed]","IsNotNull(customer_id), IsNotNull(customer_segment), IsNotNull(risk_rating)","customer_id:bigint,customer_segment:string,risk_rating:string","isnotnull(customer_id#30L), isnotnull(customer_segment#37), isnotnull(risk_rating#39)","",false
2,39,181,"Parquet",0,0,0,0,"InMemoryFileIndex(1 paths)[s3a://goes-se-sandbox/data/warehouse/tablespace/external/hive/demo_pauldefusco.db/merchants_skewed]","IsNotNull(merchant_id)","merchant_id:bigint","isnotnull(merchant_id#1172L)","",false
2,39,384,"Parquet",0,0,0,0,"InMemoryFileIndex(1 paths)[s3a://goes-se-sandbox/data/warehouse/tablespace/external/hive/demo_pauldefusco.db/merchants_skewed]","IsNotNull(merchant_id), IsNotNull(merchant_category)","merchant_id:bigint,merchant_category:string","isnotnull(merchant_id#1696L), isnotnull(merchant_category#1699)","",false
2,39,106,"Parquet",0,0,0,0,"InMemoryFileIndex(1 paths)[s3a://goes-se-sandbox/data/warehouse/tablespace/external/hive/demo_pauldefusco.db/merchants_skewed]","IsNotNull(merchant_id), IsNotNull(merchant_category), IsNotNull(region)","merchant_id:bigint,region:string,merchant_category:string","isnotnull(merchant_id#70L), isnotnull(merchant_category#73), isnotnull(region#72)","",false
2,39,289,"Parquet",0,0,0,0,"InMemoryFileIndex(1 paths)[s3a://goes-se-sandbox/data/warehouse/tablespace/external/hive/demo_pauldefusco.db/merchants_skewed]","IsNotNull(merchant_id), IsNotNull(merchant_category), IsNotNull(region)","merchant_id:bigint,region:string,merchant_category:string","isnotnull(merchant_id#70L), isnotnull(merchant_category#73), isnotnull(region#72)","",false
2,39,164,"Parquet",0,0,0,0,"InMemoryFileIndex(1 paths)[s3a://goes-se-sandbox/data/warehouse/tablespace/external/hive/demo_pauldefusco.db/trs_v25]","IsNotNull(customer_id), IsNotNull(account_id), IsNotNull(merchant_id), IsNotNull(branch_id), IsNotNull(transaction_date)","customer_id:bigint,account_id:bigint,merchant_id:bigint,branch_id:bigint,transaction_date:date","isnotnull(customer_id#1138L), isnotnull(account_id#1139L), isnotnull(merchant_id#1140L), isnotnull(branch_id#1141L), isnotnull(transaction_date#1142)","",false
2,39,84,"Parquet",0,0,0,0,"InMemoryFileIndex(1 paths)[s3a://goes-se-sandbox/data/warehouse/tablespace/external/hive/demo_pauldefusco.db/trs_v25]","IsNotNull(customer_id), IsNotNull(account_id), IsNotNull(merchant_id), IsNotNull(branch_id), IsNotNull(transaction_date)","customer_id:bigint,account_id:bigint,merchant_id:bigint,branch_id:bigint,transaction_date:date,transaction_amount:double","isnotnull(customer_id#1L), isnotnull(account_id#2L), isnotnull(merchant_id#3L), isnotnull(branch_id#4L), isnotnull(transaction_date#5)","",false
2,40,173,"Parquet",0,0,0,0,"InMemoryFileIndex(1 paths)[s3a://goes-se-sandbox/data/warehouse/tablespace/external/hive/demo_pauldefusco.db/accounts_skewed]","IsNotNull(account_id)","account_id:bigint","isnotnull(account_id#1163L)","",false
2,40,98,"Parquet",0,0,0,0,"InMemoryFileIndex(1 paths)[s3a://goes-se-sandbox/data/warehouse/tablespace/external/hive/demo_pauldefusco.db/accounts_skewed]","IsNotNull(account_id), IsNotNull(account_type)","account_id:bigint,account_type:string","isnotnull(account_id#51L), isnotnull(account_type#52)","",false
2,40,189,"Parquet",0,0,0,0,"InMemoryFileIndex(1 paths)[s3a://goes-se-sandbox/data/warehouse/tablespace/external/hive/demo_pauldefusco.db/branches_skewed]","IsNotNull(branch_id)","branch_id:bigint","isnotnull(branch_id#1182L)","",false
2,40,114,"Parquet",0,0,0,0,"InMemoryFileIndex(1 paths)[s3a://goes-se-sandbox/data/warehouse/tablespace/external/hive/demo_pauldefusco.db/branches_skewed]","IsNotNull(branch_id), IsNotNull(state), IsNotNull(region)","branch_id:bigint,state:string,region:string","isnotnull(branch_id#90L), isnotnull(state#92), isnotnull(region#93)","",false
2,40,197,"Parquet",0,0,0,0,"InMemoryFileIndex(1 paths)[s3a://goes-se-sandbox/data/warehouse/tablespace/external/hive/demo_pauldefusco.db/calendar]","IsNotNull(calendar_date)","calendar_date:date","isnotnull(calendar_date#1193)","",false
2,40,395,"Parquet",0,0,0,0,"InMemoryFileIndex(1 paths)[s3a://goes-se-sandbox/data/warehouse/tablespace/external/hive/demo_pauldefusco.db/calendar]","IsNotNull(calendar_date), IsNotNull(year), IsNotNull(month)","calendar_date:date,year:int,month:int","isnotnull(calendar_date#1717), isnotnull(year#1719), isnotnull(month#1721)","",false
2,40,333,"Parquet",0,0,0,0,"InMemoryFileIndex(1 paths)[s3a://goes-se-sandbox/data/warehouse/tablespace/external/hive/demo_pauldefusco.db/calendar]","IsNotNull(calendar_date), IsNotNull(year), IsNotNull(quarter)","calendar_date:date,year:int,quarter:int","isnotnull(calendar_date#1587), isnotnull(year#1589), isnotnull(quarter#1590)","",false
2,40,122,"Parquet",0,0,0,0,"InMemoryFileIndex(1 paths)[s3a://goes-se-sandbox/data/warehouse/tablespace/external/hive/demo_pauldefusco.db/calendar]","IsNotNull(calendar_date), IsNotNull(year), IsNotNull(quarter), IsNotNull(month)","calendar_date:date,year:int,quarter:int,month:int","isnotnull(calendar_date#112), isnotnull(year#114), isnotnull(quarter#115), isnotnull(month#116)","",false
2,40,375,"Parquet",0,0,0,0,"InMemoryFileIndex(1 paths)[s3a://goes-se-sandbox/data/warehouse/tablespace/external/hive/demo_pauldefusco.db/customers_skewed]","IsNotNull(customer_id), IsNotNull(customer_segment)","customer_id:bigint,customer_segment:string","isnotnull(customer_id#1676L), isnotnull(customer_segment#1683)","",false
2,40,91,"Parquet",0,0,0,0,"InMemoryFileIndex(1 paths)[s3a://goes-se-sandbox/data/warehouse/tablespace/external/hive/demo_pauldefusco.db/customers_skewed]","IsNotNull(customer_id), IsNotNull(customer_segment), IsNotNull(risk_rating)","customer_id:bigint,customer_segment:string,risk_rating:string","isnotnull(customer_id#30L), isnotnull(customer_segment#37), isnotnull(risk_rating#39)","",false
2,40,240,"Parquet",0,0,0,0,"InMemoryFileIndex(1 paths)[s3a://goes-se-sandbox/data/warehouse/tablespace/external/hive/demo_pauldefusco.db/customers_skewed]","IsNotNull(customer_id), IsNotNull(customer_segment), IsNotNull(risk_rating)","customer_id:bigint,customer_segment:string,risk_rating:string","isnotnull(customer_id#30L), isnotnull(customer_segment#37), isnotnull(risk_rating#39)","",false
2,40,181,"Parquet",0,0,0,0,"InMemoryFileIndex(1 paths)[s3a://goes-se-sandbox/data/warehouse/tablespace/external/hive/demo_pauldefusco.db/merchants_skewed]","IsNotNull(merchant_id)","merchant_id:bigint","isnotnull(merchant_id#1172L)","",false
2,40,384,"Parquet",0,0,0,0,"InMemoryFileIndex(1 paths)[s3a://goes-se-sandbox/data/warehouse/tablespace/external/hive/demo_pauldefusco.db/merchants_skewed]","IsNotNull(merchant_id), IsNotNull(merchant_category)","merchant_id:bigint,merchant_category:string","isnotnull(merchant_id#1696L), isnotnull(merchant_category#1699)","",false
2,40,106,"Parquet",0,0,0,0,"InMemoryFileIndex(1 paths)[s3a://goes-se-sandbox/data/warehouse/tablespace/external/hive/demo_pauldefusco.db/merchants_skewed]","IsNotNull(merchant_id), IsNotNull(merchant_category), IsNotNull(region)","merchant_id:bigint,region:string,merchant_category:string","isnotnull(merchant_id#70L), isnotnull(merchant_category#73), isnotnull(region#72)","",false
2,40,289,"Parquet",0,0,0,0,"InMemoryFileIndex(1 paths)[s3a://goes-se-sandbox/data/warehouse/tablespace/external/hive/demo_pauldefusco.db/merchants_skewed]","IsNotNull(merchant_id), IsNotNull(merchant_category), IsNotNull(region)","merchant_id:bigint,region:string,merchant_category:string","isnotnull(merchant_id#70L), isnotnull(merchant_category#73), isnotnull(region#72)","",false
2,40,164,"Parquet",0,0,0,0,"InMemoryFileIndex(1 paths)[s3a://goes-se-sandbox/data/warehouse/tablespace/external/hive/demo_pauldefusco.db/trs_v25]","IsNotNull(customer_id), IsNotNull(account_id), IsNotNull(merchant_id), IsNotNull(branch_id), IsNotNull(transaction_date)","customer_id:bigint,account_id:bigint,merchant_id:bigint,branch_id:bigint,transaction_date:date","isnotnull(customer_id#1138L), isnotnull(account_id#1139L), isnotnull(merchant_id#1140L), isnotnull(branch_id#1141L), isnotnull(transaction_date#1142)","",false
2,40,84,"Parquet",0,0,0,0,"InMemoryFileIndex(1 paths)[s3a://goes-se-sandbox/data/warehouse/tablespace/external/hive/demo_pauldefusco.db/trs_v25]","IsNotNull(customer_id), IsNotNull(account_id), IsNotNull(merchant_id), IsNotNull(branch_id), IsNotNull(transaction_date)","customer_id:bigint,account_id:bigint,merchant_id:bigint,branch_id:bigint,transaction_date:date,transaction_amount:double","isnotnull(customer_id#1L), isnotnull(account_id#2L), isnotnull(merchant_id#3L), isnotnull(branch_id#4L), isnotnull(transaction_date#5)","",false
2,41,176,"Parquet",0,0,0,0,"InMemoryFileIndex(1 paths)[s3a://goes-se-sandbox/data/warehouse/tablespace/external/hive/demo_pauldefusco.db/accounts_skewed]","IsNotNull(account_id)","account_id:bigint","isnotnull(account_id#1163L)","",false
2,41,101,"Parquet",0,0,0,0,"InMemoryFileIndex(1 paths)[s3a://goes-se-sandbox/data/warehouse/tablespace/external/hive/demo_pauldefusco.db/accounts_skewed]","IsNotNull(account_id), IsNotNull(account_type)","account_id:bigint,account_type:string","isnotnull(account_id#51L), isnotnull(account_type#52)","",false
2,41,192,"Parquet",0,0,0,0,"InMemoryFileIndex(1 paths)[s3a://goes-se-sandbox/data/warehouse/tablespace/external/hive/demo_pauldefusco.db/branches_skewed]","IsNotNull(branch_id)","branch_id:bigint","isnotnull(branch_id#1182L)","",false
2,41,117,"Parquet",0,0,0,0,"InMemoryFileIndex(1 paths)[s3a://goes-se-sandbox/data/warehouse/tablespace/external/hive/demo_pauldefusco.db/branches_skewed]","IsNotNull(branch_id), IsNotNull(state), IsNotNull(region)","branch_id:bigint,state:string,region:string","isnotnull(branch_id#90L), isnotnull(state#92), isnotnull(region#93)","",false
2,41,200,"Parquet",0,0,0,0,"InMemoryFileIndex(1 paths)[s3a://goes-se-sandbox/data/warehouse/tablespace/external/hive/demo_pauldefusco.db/calendar]","IsNotNull(calendar_date)","calendar_date:date","isnotnull(calendar_date#1193)","",false
2,41,400,"Parquet",0,0,0,0,"InMemoryFileIndex(1 paths)[s3a://goes-se-sandbox/data/warehouse/tablespace/external/hive/demo_pauldefusco.db/calendar]","IsNotNull(calendar_date), IsNotNull(year), IsNotNull(month)","calendar_date:date,year:int,month:int","isnotnull(calendar_date#1717), isnotnull(year#1719), isnotnull(month#1721)","",false
2,41,336,"Parquet",0,0,0,0,"InMemoryFileIndex(1 paths)[s3a://goes-se-sandbox/data/warehouse/tablespace/external/hive/demo_pauldefusco.db/calendar]","IsNotNull(calendar_date), IsNotNull(year), IsNotNull(quarter)","calendar_date:date,year:int,quarter:int","isnotnull(calendar_date#1587), isnotnull(year#1589), isnotnull(quarter#1590)","",false
2,41,125,"Parquet",0,0,0,0,"InMemoryFileIndex(1 paths)[s3a://goes-se-sandbox/data/warehouse/tablespace/external/hive/demo_pauldefusco.db/calendar]","IsNotNull(calendar_date), IsNotNull(year), IsNotNull(quarter), IsNotNull(month)","calendar_date:date,year:int,quarter:int,month:int","isnotnull(calendar_date#112), isnotnull(year#114), isnotnull(quarter#115), isnotnull(month#116)","",false
2,41,380,"Parquet",0,0,0,0,"InMemoryFileIndex(1 paths)[s3a://goes-se-sandbox/data/warehouse/tablespace/external/hive/demo_pauldefusco.db/customers_skewed]","IsNotNull(customer_id), IsNotNull(customer_segment)","customer_id:bigint,customer_segment:string","isnotnull(customer_id#1676L), isnotnull(customer_segment#1683)","",false
2,41,94,"Parquet",0,0,0,0,"InMemoryFileIndex(1 paths)[s3a://goes-se-sandbox/data/warehouse/tablespace/external/hive/demo_pauldefusco.db/customers_skewed]","IsNotNull(customer_id), IsNotNull(customer_segment), IsNotNull(risk_rating)","customer_id:bigint,customer_segment:string,risk_rating:string","isnotnull(customer_id#30L), isnotnull(customer_segment#37), isnotnull(risk_rating#39)","",false
2,41,243,"Parquet",0,0,0,0,"InMemoryFileIndex(1 paths)[s3a://goes-se-sandbox/data/warehouse/tablespace/external/hive/demo_pauldefusco.db/customers_skewed]","IsNotNull(customer_id), IsNotNull(customer_segment), IsNotNull(risk_rating)","customer_id:bigint,customer_segment:string,risk_rating:string","isnotnull(customer_id#30L), isnotnull(customer_segment#37), isnotnull(risk_rating#39)","",false
2,41,184,"Parquet",0,0,0,0,"InMemoryFileIndex(1 paths)[s3a://goes-se-sandbox/data/warehouse/tablespace/external/hive/demo_pauldefusco.db/merchants_skewed]","IsNotNull(merchant_id)","merchant_id:bigint","isnotnull(merchant_id#1172L)","",false
2,41,389,"Parquet",0,0,0,0,"InMemoryFileIndex(1 paths)[s3a://goes-se-sandbox/data/warehouse/tablespace/external/hive/demo_pauldefusco.db/merchants_skewed]","IsNotNull(merchant_id), IsNotNull(merchant_category)","merchant_id:bigint,merchant_category:string","isnotnull(merchant_id#1696L), isnotnull(merchant_category#1699)","",false
2,41,109,"Parquet",0,0,0,0,"InMemoryFileIndex(1 paths)[s3a://goes-se-sandbox/data/warehouse/tablespace/external/hive/demo_pauldefusco.db/merchants_skewed]","IsNotNull(merchant_id), IsNotNull(merchant_category), IsNotNull(region)","merchant_id:bigint,region:string,merchant_category:string","isnotnull(merchant_id#70L), isnotnull(merchant_category#73), isnotnull(region#72)","",false
2,41,292,"Parquet",0,0,0,0,"InMemoryFileIndex(1 paths)[s3a://goes-se-sandbox/data/warehouse/tablespace/external/hive/demo_pauldefusco.db/merchants_skewed]","IsNotNull(merchant_id), IsNotNull(merchant_category), IsNotNull(region)","merchant_id:bigint,region:string,merchant_category:string","isnotnull(merchant_id#70L), isnotnull(merchant_category#73), isnotnull(region#72)","",false
2,41,167,"Parquet",0,0,0,0,"InMemoryFileIndex(1 paths)[s3a://goes-se-sandbox/data/warehouse/tablespace/external/hive/demo_pauldefusco.db/trs_v25]","IsNotNull(customer_id), IsNotNull(account_id), IsNotNull(merchant_id), IsNotNull(branch_id), IsNotNull(transaction_date)","customer_id:bigint,account_id:bigint,merchant_id:bigint,branch_id:bigint,transaction_date:date","isnotnull(customer_id#1138L), isnotnull(account_id#1139L), isnotnull(merchant_id#1140L), isnotnull(branch_id#1141L), isnotnull(transaction_date#1142)","",false
2,41,87,"Parquet",0,0,0,0,"InMemoryFileIndex(1 paths)[s3a://goes-se-sandbox/data/warehouse/tablespace/external/hive/demo_pauldefusco.db/trs_v25]","IsNotNull(customer_id), IsNotNull(account_id), IsNotNull(merchant_id), IsNotNull(branch_id), IsNotNull(transaction_date)","customer_id:bigint,account_id:bigint,merchant_id:bigint,branch_id:bigint,transaction_date:date,transaction_amount:double","isnotnull(customer_id#1L), isnotnull(account_id#2L), isnotnull(merchant_id#3L), isnotnull(branch_id#4L), isnotnull(transaction_date#5)","",false
2,42,176,"Parquet",0,0,0,0,"InMemoryFileIndex(1 paths)[s3a://goes-se-sandbox/data/warehouse/tablespace/external/hive/demo_pauldefusco.db/accounts_skewed]","IsNotNull(account_id)","account_id:bigint","isnotnull(account_id#1163L)","",false
2,42,101,"Parquet",0,0,0,0,"InMemoryFileIndex(1 paths)[s3a://goes-se-sandbox/data/warehouse/tablespace/external/hive/demo_pauldefusco.db/accounts_skewed]","IsNotNull(account_id), IsNotNull(account_type)","account_id:bigint,account_type:string","isnotnull(account_id#51L), isnotnull(account_type#52)","",false
2,42,192,"Parquet",0,0,0,0,"InMemoryFileIndex(1 paths)[s3a://goes-se-sandbox/data/warehouse/tablespace/external/hive/demo_pauldefusco.db/branches_skewed]","IsNotNull(branch_id)","branch_id:bigint","isnotnull(branch_id#1182L)","",false
2,42,117,"Parquet",0,0,0,0,"InMemoryFileIndex(1 paths)[s3a://goes-se-sandbox/data/warehouse/tablespace/external/hive/demo_pauldefusco.db/branches_skewed]","IsNotNull(branch_id), IsNotNull(state), IsNotNull(region)","branch_id:bigint,state:string,region:string","isnotnull(branch_id#90L), isnotnull(state#92), isnotnull(region#93)","",false
2,42,200,"Parquet",0,0,0,0,"InMemoryFileIndex(1 paths)[s3a://goes-se-sandbox/data/warehouse/tablespace/external/hive/demo_pauldefusco.db/calendar]","IsNotNull(calendar_date)","calendar_date:date","isnotnull(calendar_date#1193)","",false
2,42,400,"Parquet",0,0,0,0,"InMemoryFileIndex(1 paths)[s3a://goes-se-sandbox/data/warehouse/tablespace/external/hive/demo_pauldefusco.db/calendar]","IsNotNull(calendar_date), IsNotNull(year), IsNotNull(month)","calendar_date:date,year:int,month:int","isnotnull(calendar_date#1717), isnotnull(year#1719), isnotnull(month#1721)","",false
2,42,336,"Parquet",0,0,0,0,"InMemoryFileIndex(1 paths)[s3a://goes-se-sandbox/data/warehouse/tablespace/external/hive/demo_pauldefusco.db/calendar]","IsNotNull(calendar_date), IsNotNull(year), IsNotNull(quarter)","calendar_date:date,year:int,quarter:int","isnotnull(calendar_date#1587), isnotnull(year#1589), isnotnull(quarter#1590)","",false
2,42,125,"Parquet",0,0,0,0,"InMemoryFileIndex(1 paths)[s3a://goes-se-sandbox/data/warehouse/tablespace/external/hive/demo_pauldefusco.db/calendar]","IsNotNull(calendar_date), IsNotNull(year), IsNotNull(quarter), IsNotNull(month)","calendar_date:date,year:int,quarter:int,month:int","isnotnull(calendar_date#112), isnotnull(year#114), isnotnull(quarter#115), isnotnull(month#116)","",false
2,42,380,"Parquet",0,0,0,0,"InMemoryFileIndex(1 paths)[s3a://goes-se-sandbox/data/warehouse/tablespace/external/hive/demo_pauldefusco.db/customers_skewed]","IsNotNull(customer_id), IsNotNull(customer_segment)","customer_id:bigint,customer_segment:string","isnotnull(customer_id#1676L), isnotnull(customer_segment#1683)","",false
2,42,94,"Parquet",0,0,0,0,"InMemoryFileIndex(1 paths)[s3a://goes-se-sandbox/data/warehouse/tablespace/external/hive/demo_pauldefusco.db/customers_skewed]","IsNotNull(customer_id), IsNotNull(customer_segment), IsNotNull(risk_rating)","customer_id:bigint,customer_segment:string,risk_rating:string","isnotnull(customer_id#30L), isnotnull(customer_segment#37), isnotnull(risk_rating#39)","",false
2,42,243,"Parquet",0,0,0,0,"InMemoryFileIndex(1 paths)[s3a://goes-se-sandbox/data/warehouse/tablespace/external/hive/demo_pauldefusco.db/customers_skewed]","IsNotNull(customer_id), IsNotNull(customer_segment), IsNotNull(risk_rating)","customer_id:bigint,customer_segment:string,risk_rating:string","isnotnull(customer_id#30L), isnotnull(customer_segment#37), isnotnull(risk_rating#39)","",false
2,42,184,"Parquet",0,0,0,0,"InMemoryFileIndex(1 paths)[s3a://goes-se-sandbox/data/warehouse/tablespace/external/hive/demo_pauldefusco.db/merchants_skewed]","IsNotNull(merchant_id)","merchant_id:bigint","isnotnull(merchant_id#1172L)","",false
2,42,389,"Parquet",0,0,0,0,"InMemoryFileIndex(1 paths)[s3a://goes-se-sandbox/data/warehouse/tablespace/external/hive/demo_pauldefusco.db/merchants_skewed]","IsNotNull(merchant_id), IsNotNull(merchant_category)","merchant_id:bigint,merchant_category:string","isnotnull(merchant_id#1696L), isnotnull(merchant_category#1699)","",false
2,42,109,"Parquet",0,0,0,0,"InMemoryFileIndex(1 paths)[s3a://goes-se-sandbox/data/warehouse/tablespace/external/hive/demo_pauldefusco.db/merchants_skewed]","IsNotNull(merchant_id), IsNotNull(merchant_category), IsNotNull(region)","merchant_id:bigint,region:string,merchant_category:string","isnotnull(merchant_id#70L), isnotnull(merchant_category#73), isnotnull(region#72)","",false
2,42,292,"Parquet",0,0,0,0,"InMemoryFileIndex(1 paths)[s3a://goes-se-sandbox/data/warehouse/tablespace/external/hive/demo_pauldefusco.db/merchants_skewed]","IsNotNull(merchant_id), IsNotNull(merchant_category), IsNotNull(region)","merchant_id:bigint,region:string,merchant_category:string","isnotnull(merchant_id#70L), isnotnull(merchant_category#73), isnotnull(region#72)","",false
2,42,167,"Parquet",0,0,0,0,"InMemoryFileIndex(1 paths)[s3a://goes-se-sandbox/data/warehouse/tablespace/external/hive/demo_pauldefusco.db/trs_v25]","IsNotNull(customer_id), IsNotNull(account_id), IsNotNull(merchant_id), IsNotNull(branch_id), IsNotNull(transaction_date)","customer_id:bigint,account_id:bigint,merchant_id:bigint,branch_id:bigint,transaction_date:date","isnotnull(customer_id#1138L), isnotnull(account_id#1139L), isnotnull(merchant_id#1140L), isnotnull(branch_id#1141L), isnotnull(transaction_date#1142)","",false
2,42,87,"Parquet",0,0,0,0,"InMemoryFileIndex(1 paths)[s3a://goes-se-sandbox/data/warehouse/tablespace/external/hive/demo_pauldefusco.db/trs_v25]","IsNotNull(customer_id), IsNotNull(account_id), IsNotNull(merchant_id), IsNotNull(branch_id), IsNotNull(transaction_date)","customer_id:bigint,account_id:bigint,merchant_id:bigint,branch_id:bigint,transaction_date:date,transaction_amount:double","isnotnull(customer_id#1L), isnotnull(account_id#2L), isnotnull(merchant_id#3L), isnotnull(branch_id#4L), isnotnull(transaction_date#5)","",false
2,43,178,"Parquet",0,0,0,0,"InMemoryFileIndex(1 paths)[s3a://goes-se-sandbox/data/warehouse/tablespace/external/hive/demo_pauldefusco.db/accounts_skewed]","IsNotNull(account_id)","account_id:bigint","isnotnull(account_id#1163L)","",false
2,43,103,"Parquet",0,0,0,0,"InMemoryFileIndex(1 paths)[s3a://goes-se-sandbox/data/warehouse/tablespace/external/hive/demo_pauldefusco.db/accounts_skewed]","IsNotNull(account_id), IsNotNull(account_type)","account_id:bigint,account_type:string","isnotnull(account_id#51L), isnotnull(account_type#52)","",false
2,43,194,"Parquet",0,0,0,0,"InMemoryFileIndex(1 paths)[s3a://goes-se-sandbox/data/warehouse/tablespace/external/hive/demo_pauldefusco.db/branches_skewed]","IsNotNull(branch_id)","branch_id:bigint","isnotnull(branch_id#1182L)","",false
2,43,119,"Parquet",0,0,0,0,"InMemoryFileIndex(1 paths)[s3a://goes-se-sandbox/data/warehouse/tablespace/external/hive/demo_pauldefusco.db/branches_skewed]","IsNotNull(branch_id), IsNotNull(state), IsNotNull(region)","branch_id:bigint,state:string,region:string","isnotnull(branch_id#90L), isnotnull(state#92), isnotnull(region#93)","",false
2,43,202,"Parquet",0,0,0,0,"InMemoryFileIndex(1 paths)[s3a://goes-se-sandbox/data/warehouse/tablespace/external/hive/demo_pauldefusco.db/calendar]","IsNotNull(calendar_date)","calendar_date:date","isnotnull(calendar_date#1193)","",false
2,43,402,"Parquet",0,0,0,0,"InMemoryFileIndex(1 paths)[s3a://goes-se-sandbox/data/warehouse/tablespace/external/hive/demo_pauldefusco.db/calendar]","IsNotNull(calendar_date), IsNotNull(year), IsNotNull(month)","calendar_date:date,year:int,month:int","isnotnull(calendar_date#1717), isnotnull(year#1719), isnotnull(month#1721)","",false
2,43,338,"Parquet",0,0,0,0,"InMemoryFileIndex(1 paths)[s3a://goes-se-sandbox/data/warehouse/tablespace/external/hive/demo_pauldefusco.db/calendar]","IsNotNull(calendar_date), IsNotNull(year), IsNotNull(quarter)","calendar_date:date,year:int,quarter:int","isnotnull(calendar_date#1587), isnotnull(year#1589), isnotnull(quarter#1590)","",false
2,43,127,"Parquet",0,0,0,0,"InMemoryFileIndex(1 paths)[s3a://goes-se-sandbox/data/warehouse/tablespace/external/hive/demo_pauldefusco.db/calendar]","IsNotNull(calendar_date), IsNotNull(year), IsNotNull(quarter), IsNotNull(month)","calendar_date:date,year:int,quarter:int,month:int","isnotnull(calendar_date#112), isnotnull(year#114), isnotnull(quarter#115), isnotnull(month#116)","",false
2,43,382,"Parquet",0,0,0,0,"InMemoryFileIndex(1 paths)[s3a://goes-se-sandbox/data/warehouse/tablespace/external/hive/demo_pauldefusco.db/customers_skewed]","IsNotNull(customer_id), IsNotNull(customer_segment)","customer_id:bigint,customer_segment:string","isnotnull(customer_id#1676L), isnotnull(customer_segment#1683)","",false
2,43,96,"Parquet",0,0,0,0,"InMemoryFileIndex(1 paths)[s3a://goes-se-sandbox/data/warehouse/tablespace/external/hive/demo_pauldefusco.db/customers_skewed]","IsNotNull(customer_id), IsNotNull(customer_segment), IsNotNull(risk_rating)","customer_id:bigint,customer_segment:string,risk_rating:string","isnotnull(customer_id#30L), isnotnull(customer_segment#37), isnotnull(risk_rating#39)","",false
2,43,245,"Parquet",0,0,0,0,"InMemoryFileIndex(1 paths)[s3a://goes-se-sandbox/data/warehouse/tablespace/external/hive/demo_pauldefusco.db/customers_skewed]","IsNotNull(customer_id), IsNotNull(customer_segment), IsNotNull(risk_rating)","customer_id:bigint,customer_segment:string,risk_rating:string","isnotnull(customer_id#30L), isnotnull(customer_segment#37), isnotnull(risk_rating#39)","",false
2,43,186,"Parquet",0,0,0,0,"InMemoryFileIndex(1 paths)[s3a://goes-se-sandbox/data/warehouse/tablespace/external/hive/demo_pauldefusco.db/merchants_skewed]","IsNotNull(merchant_id)","merchant_id:bigint","isnotnull(merchant_id#1172L)","",false
2,43,391,"Parquet",0,0,0,0,"InMemoryFileIndex(1 paths)[s3a://goes-se-sandbox/data/warehouse/tablespace/external/hive/demo_pauldefusco.db/merchants_skewed]","IsNotNull(merchant_id), IsNotNull(merchant_category)","merchant_id:bigint,merchant_category:string","isnotnull(merchant_id#1696L), isnotnull(merchant_category#1699)","",false
2,43,111,"Parquet",0,0,0,0,"InMemoryFileIndex(1 paths)[s3a://goes-se-sandbox/data/warehouse/tablespace/external/hive/demo_pauldefusco.db/merchants_skewed]","IsNotNull(merchant_id), IsNotNull(merchant_category), IsNotNull(region)","merchant_id:bigint,region:string,merchant_category:string","isnotnull(merchant_id#70L), isnotnull(merchant_category#73), isnotnull(region#72)","",false
2,43,294,"Parquet",0,0,0,0,"InMemoryFileIndex(1 paths)[s3a://goes-se-sandbox/data/warehouse/tablespace/external/hive/demo_pauldefusco.db/merchants_skewed]","IsNotNull(merchant_id), IsNotNull(merchant_category), IsNotNull(region)","merchant_id:bigint,region:string,merchant_category:string","isnotnull(merchant_id#70L), isnotnull(merchant_category#73), isnotnull(region#72)","",false
2,43,169,"Parquet",0,0,0,0,"InMemoryFileIndex(1 paths)[s3a://goes-se-sandbox/data/warehouse/tablespace/external/hive/demo_pauldefusco.db/trs_v25]","IsNotNull(customer_id), IsNotNull(account_id), IsNotNull(merchant_id), IsNotNull(branch_id), IsNotNull(transaction_date)","customer_id:bigint,account_id:bigint,merchant_id:bigint,branch_id:bigint,transaction_date:date","isnotnull(customer_id#1138L), isnotnull(account_id#1139L), isnotnull(merchant_id#1140L), isnotnull(branch_id#1141L), isnotnull(transaction_date#1142)","",false
2,43,89,"Parquet",0,0,0,0,"InMemoryFileIndex(1 paths)[s3a://goes-se-sandbox/data/warehouse/tablespace/external/hive/demo_pauldefusco.db/trs_v25]","IsNotNull(customer_id), IsNotNull(account_id), IsNotNull(merchant_id), IsNotNull(branch_id), IsNotNull(transaction_date)","customer_id:bigint,account_id:bigint,merchant_id:bigint,branch_id:bigint,transaction_date:date,transaction_amount:double","isnotnull(customer_id#1L), isnotnull(account_id#2L), isnotnull(merchant_id#3L), isnotnull(branch_id#4L), isnotnull(transaction_date#5)","",false
2,44,178,"Parquet",0,0,0,0,"InMemoryFileIndex(1 paths)[s3a://goes-se-sandbox/data/warehouse/tablespace/external/hive/demo_pauldefusco.db/accounts_skewed]","IsNotNull(account_id)","account_id:bigint","isnotnull(account_id#1163L)","",false
2,44,103,"Parquet",0,0,0,0,"InMemoryFileIndex(1 paths)[s3a://goes-se-sandbox/data/warehouse/tablespace/external/hive/demo_pauldefusco.db/accounts_skewed]","IsNotNull(account_id), IsNotNull(account_type)","account_id:bigint,account_type:string","isnotnull(account_id#51L), isnotnull(account_type#52)","",false
2,44,194,"Parquet",0,0,0,0,"InMemoryFileIndex(1 paths)[s3a://goes-se-sandbox/data/warehouse/tablespace/external/hive/demo_pauldefusco.db/branches_skewed]","IsNotNull(branch_id)","branch_id:bigint","isnotnull(branch_id#1182L)","",false
2,44,119,"Parquet",0,0,0,0,"InMemoryFileIndex(1 paths)[s3a://goes-se-sandbox/data/warehouse/tablespace/external/hive/demo_pauldefusco.db/branches_skewed]","IsNotNull(branch_id), IsNotNull(state), IsNotNull(region)","branch_id:bigint,state:string,region:string","isnotnull(branch_id#90L), isnotnull(state#92), isnotnull(region#93)","",false
2,44,202,"Parquet",0,0,0,0,"InMemoryFileIndex(1 paths)[s3a://goes-se-sandbox/data/warehouse/tablespace/external/hive/demo_pauldefusco.db/calendar]","IsNotNull(calendar_date)","calendar_date:date","isnotnull(calendar_date#1193)","",false
2,44,402,"Parquet",0,0,0,0,"InMemoryFileIndex(1 paths)[s3a://goes-se-sandbox/data/warehouse/tablespace/external/hive/demo_pauldefusco.db/calendar]","IsNotNull(calendar_date), IsNotNull(year), IsNotNull(month)","calendar_date:date,year:int,month:int","isnotnull(calendar_date#1717), isnotnull(year#1719), isnotnull(month#1721)","",false
2,44,338,"Parquet",0,0,0,0,"InMemoryFileIndex(1 paths)[s3a://goes-se-sandbox/data/warehouse/tablespace/external/hive/demo_pauldefusco.db/calendar]","IsNotNull(calendar_date), IsNotNull(year), IsNotNull(quarter)","calendar_date:date,year:int,quarter:int","isnotnull(calendar_date#1587), isnotnull(year#1589), isnotnull(quarter#1590)","",false
2,44,127,"Parquet",0,0,0,0,"InMemoryFileIndex(1 paths)[s3a://goes-se-sandbox/data/warehouse/tablespace/external/hive/demo_pauldefusco.db/calendar]","IsNotNull(calendar_date), IsNotNull(year), IsNotNull(quarter), IsNotNull(month)","calendar_date:date,year:int,quarter:int,month:int","isnotnull(calendar_date#112), isnotnull(year#114), isnotnull(quarter#115), isnotnull(month#116)","",false
2,44,382,"Parquet",0,0,0,0,"InMemoryFileIndex(1 paths)[s3a://goes-se-sandbox/data/warehouse/tablespace/external/hive/demo_pauldefusco.db/customers_skewed]","IsNotNull(customer_id), IsNotNull(customer_segment)","customer_id:bigint,customer_segment:string","isnotnull(customer_id#1676L), isnotnull(customer_segment#1683)","",false
2,44,96,"Parquet",0,0,0,0,"InMemoryFileIndex(1 paths)[s3a://goes-se-sandbox/data/warehouse/tablespace/external/hive/demo_pauldefusco.db/customers_skewed]","IsNotNull(customer_id), IsNotNull(customer_segment), IsNotNull(risk_rating)","customer_id:bigint,customer_segment:string,risk_rating:string","isnotnull(customer_id#30L), isnotnull(customer_segment#37), isnotnull(risk_rating#39)","",false
2,44,245,"Parquet",0,0,0,0,"InMemoryFileIndex(1 paths)[s3a://goes-se-sandbox/data/warehouse/tablespace/external/hive/demo_pauldefusco.db/customers_skewed]","IsNotNull(customer_id), IsNotNull(customer_segment), IsNotNull(risk_rating)","customer_id:bigint,customer_segment:string,risk_rating:string","isnotnull(customer_id#30L), isnotnull(customer_segment#37), isnotnull(risk_rating#39)","",false
2,44,186,"Parquet",0,0,0,0,"InMemoryFileIndex(1 paths)[s3a://goes-se-sandbox/data/warehouse/tablespace/external/hive/demo_pauldefusco.db/merchants_skewed]","IsNotNull(merchant_id)","merchant_id:bigint","isnotnull(merchant_id#1172L)","",false
2,44,391,"Parquet",0,0,0,0,"InMemoryFileIndex(1 paths)[s3a://goes-se-sandbox/data/warehouse/tablespace/external/hive/demo_pauldefusco.db/merchants_skewed]","IsNotNull(merchant_id), IsNotNull(merchant_category)","merchant_id:bigint,merchant_category:string","isnotnull(merchant_id#1696L), isnotnull(merchant_category#1699)","",false
2,44,111,"Parquet",0,0,0,0,"InMemoryFileIndex(1 paths)[s3a://goes-se-sandbox/data/warehouse/tablespace/external/hive/demo_pauldefusco.db/merchants_skewed]","IsNotNull(merchant_id), IsNotNull(merchant_category), IsNotNull(region)","merchant_id:bigint,region:string,merchant_category:string","isnotnull(merchant_id#70L), isnotnull(merchant_category#73), isnotnull(region#72)","",false
2,44,294,"Parquet",0,0,0,0,"InMemoryFileIndex(1 paths)[s3a://goes-se-sandbox/data/warehouse/tablespace/external/hive/demo_pauldefusco.db/merchants_skewed]","IsNotNull(merchant_id), IsNotNull(merchant_category), IsNotNull(region)","merchant_id:bigint,region:string,merchant_category:string","isnotnull(merchant_id#70L), isnotnull(merchant_category#73), isnotnull(region#72)","",false
2,44,169,"Parquet",0,0,0,0,"InMemoryFileIndex(1 paths)[s3a://goes-se-sandbox/data/warehouse/tablespace/external/hive/demo_pauldefusco.db/trs_v25]","IsNotNull(customer_id), IsNotNull(account_id), IsNotNull(merchant_id), IsNotNull(branch_id), IsNotNull(transaction_date)","customer_id:bigint,account_id:bigint,merchant_id:bigint,branch_id:bigint,transaction_date:date","isnotnull(customer_id#1138L), isnotnull(account_id#1139L), isnotnull(merchant_id#1140L), isnotnull(branch_id#1141L), isnotnull(transaction_date#1142)","",false
2,44,89,"Parquet",0,0,0,0,"InMemoryFileIndex(1 paths)[s3a://goes-se-sandbox/data/warehouse/tablespace/external/hive/demo_pauldefusco.db/trs_v25]","IsNotNull(customer_id), IsNotNull(account_id), IsNotNull(merchant_id), IsNotNull(branch_id), IsNotNull(transaction_date)","customer_id:bigint,account_id:bigint,merchant_id:bigint,branch_id:bigint,transaction_date:date,transaction_amount:double","isnotnull(customer_id#1L), isnotnull(account_id#2L), isnotnull(merchant_id#3L), isnotnull(branch_id#4L), isnotnull(transaction_date#5)","",false
2,45,180,"Parquet",0,0,0,0,"InMemoryFileIndex(1 paths)[s3a://goes-se-sandbox/data/warehouse/tablespace/external/hive/demo_pauldefusco.db/accounts_skewed]","IsNotNull(account_id)","account_id:bigint","isnotnull(account_id#1163L)","",false
2,45,105,"Parquet",0,0,0,0,"InMemoryFileIndex(1 paths)[s3a://goes-se-sandbox/data/warehouse/tablespace/external/hive/demo_pauldefusco.db/accounts_skewed]","IsNotNull(account_id), IsNotNull(account_type)","account_id:bigint,account_type:string","isnotnull(account_id#51L), isnotnull(account_type#52)","",false
2,45,196,"Parquet",0,0,0,0,"InMemoryFileIndex(1 paths)[s3a://goes-se-sandbox/data/warehouse/tablespace/external/hive/demo_pauldefusco.db/branches_skewed]","IsNotNull(branch_id)","branch_id:bigint","isnotnull(branch_id#1182L)","",false
2,45,121,"Parquet",0,0,0,0,"InMemoryFileIndex(1 paths)[s3a://goes-se-sandbox/data/warehouse/tablespace/external/hive/demo_pauldefusco.db/branches_skewed]","IsNotNull(branch_id), IsNotNull(state), IsNotNull(region)","branch_id:bigint,state:string,region:string","isnotnull(branch_id#90L), isnotnull(state#92), isnotnull(region#93)","",false
2,45,204,"Parquet",0,0,0,0,"InMemoryFileIndex(1 paths)[s3a://goes-se-sandbox/data/warehouse/tablespace/external/hive/demo_pauldefusco.db/calendar]","IsNotNull(calendar_date)","calendar_date:date","isnotnull(calendar_date#1193)","",false
2,45,404,"Parquet",0,0,0,0,"InMemoryFileIndex(1 paths)[s3a://goes-se-sandbox/data/warehouse/tablespace/external/hive/demo_pauldefusco.db/calendar]","IsNotNull(calendar_date), IsNotNull(year), IsNotNull(month)","calendar_date:date,year:int,month:int","isnotnull(calendar_date#1717), isnotnull(year#1719), isnotnull(month#1721)","",false
2,45,340,"Parquet",0,0,0,0,"InMemoryFileIndex(1 paths)[s3a://goes-se-sandbox/data/warehouse/tablespace/external/hive/demo_pauldefusco.db/calendar]","IsNotNull(calendar_date), IsNotNull(year), IsNotNull(quarter)","calendar_date:date,year:int,quarter:int","isnotnull(calendar_date#1587), isnotnull(year#1589), isnotnull(quarter#1590)","",false
2,45,129,"Parquet",0,0,0,0,"InMemoryFileIndex(1 paths)[s3a://goes-se-sandbox/data/warehouse/tablespace/external/hive/demo_pauldefusco.db/calendar]","IsNotNull(calendar_date), IsNotNull(year), IsNotNull(quarter), IsNotNull(month)","calendar_date:date,year:int,quarter:int,month:int","isnotnull(calendar_date#112), isnotnull(year#114), isnotnull(quarter#115), isnotnull(month#116)","",false
2,45,384,"Parquet",0,0,0,0,"InMemoryFileIndex(1 paths)[s3a://goes-se-sandbox/data/warehouse/tablespace/external/hive/demo_pauldefusco.db/customers_skewed]","IsNotNull(customer_id), IsNotNull(customer_segment)","customer_id:bigint,customer_segment:string","isnotnull(customer_id#1676L), isnotnull(customer_segment#1683)","",false
2,45,98,"Parquet",0,0,0,0,"InMemoryFileIndex(1 paths)[s3a://goes-se-sandbox/data/warehouse/tablespace/external/hive/demo_pauldefusco.db/customers_skewed]","IsNotNull(customer_id), IsNotNull(customer_segment), IsNotNull(risk_rating)","customer_id:bigint,customer_segment:string,risk_rating:string","isnotnull(customer_id#30L), isnotnull(customer_segment#37), isnotnull(risk_rating#39)","",false
2,45,247,"Parquet",0,0,0,0,"InMemoryFileIndex(1 paths)[s3a://goes-se-sandbox/data/warehouse/tablespace/external/hive/demo_pauldefusco.db/customers_skewed]","IsNotNull(customer_id), IsNotNull(customer_segment), IsNotNull(risk_rating)","customer_id:bigint,customer_segment:string,risk_rating:string","isnotnull(customer_id#30L), isnotnull(customer_segment#37), isnotnull(risk_rating#39)","",false
2,45,188,"Parquet",0,0,0,0,"InMemoryFileIndex(1 paths)[s3a://goes-se-sandbox/data/warehouse/tablespace/external/hive/demo_pauldefusco.db/merchants_skewed]","IsNotNull(merchant_id)","merchant_id:bigint","isnotnull(merchant_id#1172L)","",false
2,45,393,"Parquet",0,0,0,0,"InMemoryFileIndex(1 paths)[s3a://goes-se-sandbox/data/warehouse/tablespace/external/hive/demo_pauldefusco.db/merchants_skewed]","IsNotNull(merchant_id), IsNotNull(merchant_category)","merchant_id:bigint,merchant_category:string","isnotnull(merchant_id#1696L), isnotnull(merchant_category#1699)","",false
2,45,113,"Parquet",0,0,0,0,"InMemoryFileIndex(1 paths)[s3a://goes-se-sandbox/data/warehouse/tablespace/external/hive/demo_pauldefusco.db/merchants_skewed]","IsNotNull(merchant_id), IsNotNull(merchant_category), IsNotNull(region)","merchant_id:bigint,region:string,merchant_category:string","isnotnull(merchant_id#70L), isnotnull(merchant_category#73), isnotnull(region#72)","",false
2,45,296,"Parquet",0,0,0,0,"InMemoryFileIndex(1 paths)[s3a://goes-se-sandbox/data/warehouse/tablespace/external/hive/demo_pauldefusco.db/merchants_skewed]","IsNotNull(merchant_id), IsNotNull(merchant_category), IsNotNull(region)","merchant_id:bigint,region:string,merchant_category:string","isnotnull(merchant_id#70L), isnotnull(merchant_category#73), isnotnull(region#72)","",false
2,45,171,"Parquet",0,0,0,0,"InMemoryFileIndex(1 paths)[s3a://goes-se-sandbox/data/warehouse/tablespace/external/hive/demo_pauldefusco.db/trs_v25]","IsNotNull(customer_id), IsNotNull(account_id), IsNotNull(merchant_id), IsNotNull(branch_id), IsNotNull(transaction_date)","customer_id:bigint,account_id:bigint,merchant_id:bigint,branch_id:bigint,transaction_date:date","isnotnull(customer_id#1138L), isnotnull(account_id#1139L), isnotnull(merchant_id#1140L), isnotnull(branch_id#1141L), isnotnull(transaction_date#1142)","",false
2,45,91,"Parquet",0,0,0,0,"InMemoryFileIndex(1 paths)[s3a://goes-se-sandbox/data/warehouse/tablespace/external/hive/demo_pauldefusco.db/trs_v25]","IsNotNull(customer_id), IsNotNull(account_id), IsNotNull(merchant_id), IsNotNull(branch_id), IsNotNull(transaction_date)","customer_id:bigint,account_id:bigint,merchant_id:bigint,branch_id:bigint,transaction_date:date,transaction_amount:double","isnotnull(customer_id#1L), isnotnull(account_id#2L), isnotnull(merchant_id#3L), isnotnull(branch_id#4L), isnotnull(transaction_date#5)","",false
2,46,181,"Parquet",0,0,0,0,"InMemoryFileIndex(1 paths)[s3a://goes-se-sandbox/data/warehouse/tablespace/external/hive/demo_pauldefusco.db/accounts_skewed]","IsNotNull(account_id)","account_id:bigint","isnotnull(account_id#1163L)","",false
2,46,106,"Parquet",0,0,0,0,"InMemoryFileIndex(1 paths)[s3a://goes-se-sandbox/data/warehouse/tablespace/external/hive/demo_pauldefusco.db/accounts_skewed]","IsNotNull(account_id), IsNotNull(account_type)","account_id:bigint,account_type:string","isnotnull(account_id#51L), isnotnull(account_type#52)","",false
2,46,197,"Parquet",0,0,0,0,"InMemoryFileIndex(1 paths)[s3a://goes-se-sandbox/data/warehouse/tablespace/external/hive/demo_pauldefusco.db/branches_skewed]","IsNotNull(branch_id)","branch_id:bigint","isnotnull(branch_id#1182L)","",false
2,46,122,"Parquet",0,0,0,0,"InMemoryFileIndex(1 paths)[s3a://goes-se-sandbox/data/warehouse/tablespace/external/hive/demo_pauldefusco.db/branches_skewed]","IsNotNull(branch_id), IsNotNull(state), IsNotNull(region)","branch_id:bigint,state:string,region:string","isnotnull(branch_id#90L), isnotnull(state#92), isnotnull(region#93)","",false
2,46,205,"Parquet",0,0,0,0,"InMemoryFileIndex(1 paths)[s3a://goes-se-sandbox/data/warehouse/tablespace/external/hive/demo_pauldefusco.db/calendar]","IsNotNull(calendar_date)","calendar_date:date","isnotnull(calendar_date#1193)","",false
2,46,405,"Parquet",0,0,0,0,"InMemoryFileIndex(1 paths)[s3a://goes-se-sandbox/data/warehouse/tablespace/external/hive/demo_pauldefusco.db/calendar]","IsNotNull(calendar_date), IsNotNull(year), IsNotNull(month)","calendar_date:date,year:int,month:int","isnotnull(calendar_date#1717), isnotnull(year#1719), isnotnull(month#1721)","",false
2,46,341,"Parquet",0,0,0,0,"InMemoryFileIndex(1 paths)[s3a://goes-se-sandbox/data/warehouse/tablespace/external/hive/demo_pauldefusco.db/calendar]","IsNotNull(calendar_date), IsNotNull(year), IsNotNull(quarter)","calendar_date:date,year:int,quarter:int","isnotnull(calendar_date#1587), isnotnull(year#1589), isnotnull(quarter#1590)","",false
2,46,130,"Parquet",0,0,0,0,"InMemoryFileIndex(1 paths)[s3a://goes-se-sandbox/data/warehouse/tablespace/external/hive/demo_pauldefusco.db/calendar]","IsNotNull(calendar_date), IsNotNull(year), IsNotNull(quarter), IsNotNull(month)","calendar_date:date,year:int,quarter:int,month:int","isnotnull(calendar_date#112), isnotnull(year#114), isnotnull(quarter#115), isnotnull(month#116)","",false
2,46,385,"Parquet",0,0,0,0,"InMemoryFileIndex(1 paths)[s3a://goes-se-sandbox/data/warehouse/tablespace/external/hive/demo_pauldefusco.db/customers_skewed]","IsNotNull(customer_id), IsNotNull(customer_segment)","customer_id:bigint,customer_segment:string","isnotnull(customer_id#1676L), isnotnull(customer_segment#1683)","",false
2,46,99,"Parquet",0,0,0,0,"InMemoryFileIndex(1 paths)[s3a://goes-se-sandbox/data/warehouse/tablespace/external/hive/demo_pauldefusco.db/customers_skewed]","IsNotNull(customer_id), IsNotNull(customer_segment), IsNotNull(risk_rating)","customer_id:bigint,customer_segment:string,risk_rating:string","isnotnull(customer_id#30L), isnotnull(customer_segment#37), isnotnull(risk_rating#39)","",false
2,46,248,"Parquet",0,0,0,0,"InMemoryFileIndex(1 paths)[s3a://goes-se-sandbox/data/warehouse/tablespace/external/hive/demo_pauldefusco.db/customers_skewed]","IsNotNull(customer_id), IsNotNull(customer_segment), IsNotNull(risk_rating)","customer_id:bigint,customer_segment:string,risk_rating:string","isnotnull(customer_id#30L), isnotnull(customer_segment#37), isnotnull(risk_rating#39)","",false
2,46,189,"Parquet",0,0,0,0,"InMemoryFileIndex(1 paths)[s3a://goes-se-sandbox/data/warehouse/tablespace/external/hive/demo_pauldefusco.db/merchants_skewed]","IsNotNull(merchant_id)","merchant_id:bigint","isnotnull(merchant_id#1172L)","",false
2,46,394,"Parquet",0,0,0,0,"InMemoryFileIndex(1 paths)[s3a://goes-se-sandbox/data/warehouse/tablespace/external/hive/demo_pauldefusco.db/merchants_skewed]","IsNotNull(merchant_id), IsNotNull(merchant_category)","merchant_id:bigint,merchant_category:string","isnotnull(merchant_id#1696L), isnotnull(merchant_category#1699)","",false
2,46,114,"Parquet",0,0,0,0,"InMemoryFileIndex(1 paths)[s3a://goes-se-sandbox/data/warehouse/tablespace/external/hive/demo_pauldefusco.db/merchants_skewed]","IsNotNull(merchant_id), IsNotNull(merchant_category), IsNotNull(region)","merchant_id:bigint,region:string,merchant_category:string","isnotnull(merchant_id#70L), isnotnull(merchant_category#73), isnotnull(region#72)","",false
2,46,297,"Parquet",0,0,0,0,"InMemoryFileIndex(1 paths)[s3a://goes-se-sandbox/data/warehouse/tablespace/external/hive/demo_pauldefusco.db/merchants_skewed]","IsNotNull(merchant_id), IsNotNull(merchant_category), IsNotNull(region)","merchant_id:bigint,region:string,merchant_category:string","isnotnull(merchant_id#70L), isnotnull(merchant_category#73), isnotnull(region#72)","",false
2,46,172,"Parquet",0,0,0,0,"InMemoryFileIndex(1 paths)[s3a://goes-se-sandbox/data/warehouse/tablespace/external/hive/demo_pauldefusco.db/trs_v25]","IsNotNull(customer_id), IsNotNull(account_id), IsNotNull(merchant_id), IsNotNull(branch_id), IsNotNull(transaction_date)","customer_id:bigint,account_id:bigint,merchant_id:bigint,branch_id:bigint,transaction_date:date","isnotnull(customer_id#1138L), isnotnull(account_id#1139L), isnotnull(merchant_id#1140L), isnotnull(branch_id#1141L), isnotnull(transaction_date#1142)","",false
2,46,92,"Parquet",0,0,0,0,"InMemoryFileIndex(1 paths)[s3a://goes-se-sandbox/data/warehouse/tablespace/external/hive/demo_pauldefusco.db/trs_v25]","IsNotNull(customer_id), IsNotNull(account_id), IsNotNull(merchant_id), IsNotNull(branch_id), IsNotNull(transaction_date)","customer_id:bigint,account_id:bigint,merchant_id:bigint,branch_id:bigint,transaction_date:date,transaction_amount:double","isnotnull(customer_id#1L), isnotnull(account_id#2L), isnotnull(merchant_id#3L), isnotnull(branch_id#4L), isnotnull(transaction_date#5)","",false
2,47,184,"Parquet",0,0,0,0,"InMemoryFileIndex(1 paths)[s3a://goes-se-sandbox/data/warehouse/tablespace/external/hive/demo_pauldefusco.db/accounts_skewed]","IsNotNull(account_id)","account_id:bigint","isnotnull(account_id#1163L)","",false
2,47,109,"Parquet",0,0,0,0,"InMemoryFileIndex(1 paths)[s3a://goes-se-sandbox/data/warehouse/tablespace/external/hive/demo_pauldefusco.db/accounts_skewed]","IsNotNull(account_id), IsNotNull(account_type)","account_id:bigint,account_type:string","isnotnull(account_id#51L), isnotnull(account_type#52)","",false
2,47,200,"Parquet",0,0,0,0,"InMemoryFileIndex(1 paths)[s3a://goes-se-sandbox/data/warehouse/tablespace/external/hive/demo_pauldefusco.db/branches_skewed]","IsNotNull(branch_id)","branch_id:bigint","isnotnull(branch_id#1182L)","",false
2,47,125,"Parquet",0,0,0,0,"InMemoryFileIndex(1 paths)[s3a://goes-se-sandbox/data/warehouse/tablespace/external/hive/demo_pauldefusco.db/branches_skewed]","IsNotNull(branch_id), IsNotNull(state), IsNotNull(region)","branch_id:bigint,state:string,region:string","isnotnull(branch_id#90L), isnotnull(state#92), isnotnull(region#93)","",false
2,47,208,"Parquet",0,0,0,0,"InMemoryFileIndex(1 paths)[s3a://goes-se-sandbox/data/warehouse/tablespace/external/hive/demo_pauldefusco.db/calendar]","IsNotNull(calendar_date)","calendar_date:date","isnotnull(calendar_date#1193)","",false
2,47,408,"Parquet",0,0,0,0,"InMemoryFileIndex(1 paths)[s3a://goes-se-sandbox/data/warehouse/tablespace/external/hive/demo_pauldefusco.db/calendar]","IsNotNull(calendar_date), IsNotNull(year), IsNotNull(month)","calendar_date:date,year:int,month:int","isnotnull(calendar_date#1717), isnotnull(year#1719), isnotnull(month#1721)","",false
2,47,344,"Parquet",0,0,0,0,"InMemoryFileIndex(1 paths)[s3a://goes-se-sandbox/data/warehouse/tablespace/external/hive/demo_pauldefusco.db/calendar]","IsNotNull(calendar_date), IsNotNull(year), IsNotNull(quarter)","calendar_date:date,year:int,quarter:int","isnotnull(calendar_date#1587), isnotnull(year#1589), isnotnull(quarter#1590)","",false
2,47,133,"Parquet",0,0,0,0,"InMemoryFileIndex(1 paths)[s3a://goes-se-sandbox/data/warehouse/tablespace/external/hive/demo_pauldefusco.db/calendar]","IsNotNull(calendar_date), IsNotNull(year), IsNotNull(quarter), IsNotNull(month)","calendar_date:date,year:int,quarter:int,month:int","isnotnull(calendar_date#112), isnotnull(year#114), isnotnull(quarter#115), isnotnull(month#116)","",false
2,47,388,"Parquet",0,0,0,0,"InMemoryFileIndex(1 paths)[s3a://goes-se-sandbox/data/warehouse/tablespace/external/hive/demo_pauldefusco.db/customers_skewed]","IsNotNull(customer_id), IsNotNull(customer_segment)","customer_id:bigint,customer_segment:string","isnotnull(customer_id#1676L), isnotnull(customer_segment#1683)","",false
2,47,102,"Parquet",0,0,0,0,"InMemoryFileIndex(1 paths)[s3a://goes-se-sandbox/data/warehouse/tablespace/external/hive/demo_pauldefusco.db/customers_skewed]","IsNotNull(customer_id), IsNotNull(customer_segment), IsNotNull(risk_rating)","customer_id:bigint,customer_segment:string,risk_rating:string","isnotnull(customer_id#30L), isnotnull(customer_segment#37), isnotnull(risk_rating#39)","",false
2,47,251,"Parquet",0,0,0,0,"InMemoryFileIndex(1 paths)[s3a://goes-se-sandbox/data/warehouse/tablespace/external/hive/demo_pauldefusco.db/customers_skewed]","IsNotNull(customer_id), IsNotNull(customer_segment), IsNotNull(risk_rating)","customer_id:bigint,customer_segment:string,risk_rating:string","isnotnull(customer_id#30L), isnotnull(customer_segment#37), isnotnull(risk_rating#39)","",false
2,47,192,"Parquet",0,0,0,0,"InMemoryFileIndex(1 paths)[s3a://goes-se-sandbox/data/warehouse/tablespace/external/hive/demo_pauldefusco.db/merchants_skewed]","IsNotNull(merchant_id)","merchant_id:bigint","isnotnull(merchant_id#1172L)","",false
2,47,397,"Parquet",0,0,0,0,"InMemoryFileIndex(1 paths)[s3a://goes-se-sandbox/data/warehouse/tablespace/external/hive/demo_pauldefusco.db/merchants_skewed]","IsNotNull(merchant_id), IsNotNull(merchant_category)","merchant_id:bigint,merchant_category:string","isnotnull(merchant_id#1696L), isnotnull(merchant_category#1699)","",false
2,47,117,"Parquet",0,0,0,0,"InMemoryFileIndex(1 paths)[s3a://goes-se-sandbox/data/warehouse/tablespace/external/hive/demo_pauldefusco.db/merchants_skewed]","IsNotNull(merchant_id), IsNotNull(merchant_category), IsNotNull(region)","merchant_id:bigint,region:string,merchant_category:string","isnotnull(merchant_id#70L), isnotnull(merchant_category#73), isnotnull(region#72)","",false
2,47,300,"Parquet",0,0,0,0,"InMemoryFileIndex(1 paths)[s3a://goes-se-sandbox/data/warehouse/tablespace/external/hive/demo_pauldefusco.db/merchants_skewed]","IsNotNull(merchant_id), IsNotNull(merchant_category), IsNotNull(region)","merchant_id:bigint,region:string,merchant_category:string","isnotnull(merchant_id#70L), isnotnull(merchant_category#73), isnotnull(region#72)","",false
2,47,175,"Parquet",0,0,0,0,"InMemoryFileIndex(1 paths)[s3a://goes-se-sandbox/data/warehouse/tablespace/external/hive/demo_pauldefusco.db/trs_v25]","IsNotNull(customer_id), IsNotNull(account_id), IsNotNull(merchant_id), IsNotNull(branch_id), IsNotNull(transaction_date)","customer_id:bigint,account_id:bigint,merchant_id:bigint,branch_id:bigint,transaction_date:date","isnotnull(customer_id#1138L), isnotnull(account_id#1139L), isnotnull(merchant_id#1140L), isnotnull(branch_id#1141L), isnotnull(transaction_date#1142)","",false
2,47,95,"Parquet",0,0,0,0,"InMemoryFileIndex(1 paths)[s3a://goes-se-sandbox/data/warehouse/tablespace/external/hive/demo_pauldefusco.db/trs_v25]","IsNotNull(customer_id), IsNotNull(account_id), IsNotNull(merchant_id), IsNotNull(branch_id), IsNotNull(transaction_date)","customer_id:bigint,account_id:bigint,merchant_id:bigint,branch_id:bigint,transaction_date:date,transaction_amount:double","isnotnull(customer_id#1L), isnotnull(account_id#2L), isnotnull(merchant_id#3L), isnotnull(branch_id#4L), isnotnull(transaction_date#5)","",false
2,48,185,"Parquet",0,209547,83622504,0,"InMemoryFileIndex(1 paths)[s3a://goes-se-sandbox/data/warehouse/tablespace/external/hive/demo_pauldefusco.db/accounts_skewed]","IsNotNull(account_id)","account_id:bigint","isnotnull(account_id#1163L)","",true
2,48,110,"Parquet",0,173998,83622504,0,"InMemoryFileIndex(1 paths)[s3a://goes-se-sandbox/data/warehouse/tablespace/external/hive/demo_pauldefusco.db/accounts_skewed]","IsNotNull(account_id), IsNotNull(account_type)","account_id:bigint,account_type:string","isnotnull(account_id#51L), isnotnull(account_type#52)","",true
2,48,201,"Parquet",0,14632,360683,0,"InMemoryFileIndex(1 paths)[s3a://goes-se-sandbox/data/warehouse/tablespace/external/hive/demo_pauldefusco.db/branches_skewed]","IsNotNull(branch_id)","branch_id:bigint","isnotnull(branch_id#1182L)","",true
2,48,126,"Parquet",0,13444,360683,0,"InMemoryFileIndex(1 paths)[s3a://goes-se-sandbox/data/warehouse/tablespace/external/hive/demo_pauldefusco.db/branches_skewed]","IsNotNull(branch_id), IsNotNull(state), IsNotNull(region)","branch_id:bigint,state:string,region:string","isnotnull(branch_id#90L), isnotnull(state#92), isnotnull(region#93)","",true
2,48,209,"Parquet",0,369,10508,0,"InMemoryFileIndex(1 paths)[s3a://goes-se-sandbox/data/warehouse/tablespace/external/hive/demo_pauldefusco.db/calendar]","IsNotNull(calendar_date)","calendar_date:date","isnotnull(calendar_date#1193)","",true
2,48,409,"Parquet",0,687,10508,0,"InMemoryFileIndex(1 paths)[s3a://goes-se-sandbox/data/warehouse/tablespace/external/hive/demo_pauldefusco.db/calendar]","IsNotNull(calendar_date), IsNotNull(year), IsNotNull(month)","calendar_date:date,year:int,month:int","isnotnull(calendar_date#1717), isnotnull(year#1719), isnotnull(month#1721)","",true
2,48,345,"Parquet",0,333,10508,0,"InMemoryFileIndex(1 paths)[s3a://goes-se-sandbox/data/warehouse/tablespace/external/hive/demo_pauldefusco.db/calendar]","IsNotNull(calendar_date), IsNotNull(year), IsNotNull(quarter)","calendar_date:date,year:int,quarter:int","isnotnull(calendar_date#1587), isnotnull(year#1589), isnotnull(quarter#1590)","",true
2,48,134,"Parquet",0,195,10508,0,"InMemoryFileIndex(1 paths)[s3a://goes-se-sandbox/data/warehouse/tablespace/external/hive/demo_pauldefusco.db/calendar]","IsNotNull(calendar_date), IsNotNull(year), IsNotNull(quarter), IsNotNull(month)","calendar_date:date,year:int,quarter:int,month:int","isnotnull(calendar_date#112), isnotnull(year#114), isnotnull(quarter#115), isnotnull(month#116)","",true
2,48,389,"Parquet",0,374083,42431919,0,"InMemoryFileIndex(1 paths)[s3a://goes-se-sandbox/data/warehouse/tablespace/external/hive/demo_pauldefusco.db/customers_skewed]","IsNotNull(customer_id), IsNotNull(customer_segment)","customer_id:bigint,customer_segment:string","isnotnull(customer_id#1676L), isnotnull(customer_segment#1683)","",true
2,48,103,"Parquet",0,176287,42431919,0,"InMemoryFileIndex(1 paths)[s3a://goes-se-sandbox/data/warehouse/tablespace/external/hive/demo_pauldefusco.db/customers_skewed]","IsNotNull(customer_id), IsNotNull(customer_segment), IsNotNull(risk_rating)","customer_id:bigint,customer_segment:string,risk_rating:string","isnotnull(customer_id#30L), isnotnull(customer_segment#37), isnotnull(risk_rating#39)","",true
2,48,252,"Parquet",0,225590,42431919,0,"InMemoryFileIndex(1 paths)[s3a://goes-se-sandbox/data/warehouse/tablespace/external/hive/demo_pauldefusco.db/customers_skewed]","IsNotNull(customer_id), IsNotNull(customer_segment), IsNotNull(risk_rating)","customer_id:bigint,customer_segment:string,risk_rating:string","isnotnull(customer_id#30L), isnotnull(customer_segment#37), isnotnull(risk_rating#39)","",true
2,48,193,"Parquet",0,209573,13585953,0,"InMemoryFileIndex(1 paths)[s3a://goes-se-sandbox/data/warehouse/tablespace/external/hive/demo_pauldefusco.db/merchants_skewed]","IsNotNull(merchant_id)","merchant_id:bigint","isnotnull(merchant_id#1172L)","",true
2,48,398,"Parquet",0,345389,13585953,0,"InMemoryFileIndex(1 paths)[s3a://goes-se-sandbox/data/warehouse/tablespace/external/hive/demo_pauldefusco.db/merchants_skewed]","IsNotNull(merchant_id), IsNotNull(merchant_category)","merchant_id:bigint,merchant_category:string","isnotnull(merchant_id#1696L), isnotnull(merchant_category#1699)","",true
2,48,118,"Parquet",0,219895,13585953,0,"InMemoryFileIndex(1 paths)[s3a://goes-se-sandbox/data/warehouse/tablespace/external/hive/demo_pauldefusco.db/merchants_skewed]","IsNotNull(merchant_id), IsNotNull(merchant_category), IsNotNull(region)","merchant_id:bigint,region:string,merchant_category:string","isnotnull(merchant_id#70L), isnotnull(merchant_category#73), isnotnull(region#72)","",true
2,48,301,"Parquet",0,285165,13585953,0,"InMemoryFileIndex(1 paths)[s3a://goes-se-sandbox/data/warehouse/tablespace/external/hive/demo_pauldefusco.db/merchants_skewed]","IsNotNull(merchant_id), IsNotNull(merchant_category), IsNotNull(region)","merchant_id:bigint,region:string,merchant_category:string","isnotnull(merchant_id#70L), isnotnull(merchant_category#73), isnotnull(region#72)","",true
2,48,176,"Parquet",0,1128636,139988262866,0,"InMemoryFileIndex(1 paths)[s3a://goes-se-sandbox/data/warehouse/tablespace/external/hive/demo_pauldefusco.db/trs_v25]","IsNotNull(customer_id), IsNotNull(account_id), IsNotNull(merchant_id), IsNotNull(branch_id), IsNotNull(transaction_date)","customer_id:bigint,account_id:bigint,merchant_id:bigint,branch_id:bigint,transaction_date:date","isnotnull(customer_id#1138L), isnotnull(account_id#1139L), isnotnull(merchant_id#1140L), isnotnull(branch_id#1141L), isnotnull(transaction_date#1142)","",true
2,48,96,"Parquet",0,2889817,139988262866,0,"InMemoryFileIndex(1 paths)[s3a://goes-se-sandbox/data/warehouse/tablespace/external/hive/demo_pauldefusco.db/trs_v25]","IsNotNull(customer_id), IsNotNull(account_id), IsNotNull(merchant_id), IsNotNull(branch_id), IsNotNull(transaction_date)","customer_id:bigint,account_id:bigint,merchant_id:bigint,branch_id:bigint,transaction_date:date,transaction_amount:double","isnotnull(customer_id#1L), isnotnull(account_id#2L), isnotnull(merchant_id#3L), isnotnull(branch_id#4L), isnotnull(transaction_date#5)","",true
