stageId,accumulatorId,name,min,median,max,total
0,431,"number of output rows",2410100,2412943,3978300,2500000000
0,432,"scan time",133,2623,28136,2991302
0,6258,"data size",134965600,135134946,222784800,140000000000
0,6277,"shuffle bytes written",77886442,77992834,128406630,80800839341
0,6278,"shuffle records written",2410100,2412943,3978300,2500000000
0,6279,"shuffle write time",35591493,43241483,91235777,44798444660
0,6280,"duration",135,3292,30725,3691574
0,6281,"number of output rows",2410100,2412943,3978300,2500000000
0,6282,"number of output rows",2410100,2412943,3978300,2500000000
0,6283,"number of input batches",589,589,972,610970
0,9539,"internal.metrics.executorDeserializeTime",1,1,3826,109951
0,9540,"internal.metrics.executorDeserializeCpuTime",1368816,31247261,588596207,32622398374
0,9541,"internal.metrics.executorRunTime",139,4855,33186,5323096
0,9542,"internal.metrics.executorCpuTime",55625267,2452680097,5541147123,2560598297241
0,9543,"internal.metrics.resultSize",2724,2889,2984,3062056
0,9544,"internal.metrics.jvmGCTime",7,9,504,71454
0,9545,"internal.metrics.resultSerializationTime",1,1,3,71
0,9548,"internal.metrics.peakExecutionMemory",32768,266507034,335544320,278233612288
0,9567,"internal.metrics.shuffle.write.bytesWritten",77886442,77992834,128406630,80800839341
0,9568,"internal.metrics.shuffle.write.recordsWritten",2410100,2412943,3978300,2500000000
0,9569,"internal.metrics.shuffle.write.writeTime",35591493,43241483,91235777,44798444660
0,9570,"internal.metrics.input.bytesRead",1005925,1028488,1044263,1074108889
0,9571,"internal.metrics.input.recordsRead",2410100,2412943,3978300,2500000000
1,462,"number of output rows",80000,80000,80000,2000000
1,463,"scan time",5819,6258,6815,156589
1,6287,"data size",4480000,4480000,4480000,112000000
1,6306,"shuffle bytes written",1466403,1468935,1471897,36723497
1,6307,"shuffle records written",80000,80000,80000,2000000
1,6308,"shuffle write time",3772801,4331243,6567741,108281236
1,6309,"duration",5868,6312,6865,157962
1,6310,"number of output rows",80000,80000,80000,2000000
1,6311,"number of output rows",80000,80000,80000,2000000
1,6312,"number of input batches",32,32,32,800
1,9574,"internal.metrics.executorDeserializeTime",1,7,54,346
1,9575,"internal.metrics.executorDeserializeCpuTime",1491085,6143522,15287503,153588237
1,9576,"internal.metrics.executorRunTime",5963,6420,6948,160648
1,9577,"internal.metrics.executorCpuTime",573799918,819511629,1257621741,20487790879
1,9578,"internal.metrics.resultSize",2896,2911,2941,72896
1,9579,"internal.metrics.jvmGCTime",18,20,27,248
1,9583,"internal.metrics.peakExecutionMemory",69206016,69206016,69206016,1730150400
1,9602,"internal.metrics.shuffle.write.bytesWritten",1466403,1468935,1471897,36723497
1,9603,"internal.metrics.shuffle.write.recordsWritten",80000,80000,80000,2000000
1,9604,"internal.metrics.shuffle.write.writeTime",3772801,4331243,6567741,108281236
1,9605,"internal.metrics.input.bytesRead",214560,214742,214752,5368572
1,9606,"internal.metrics.input.recordsRead",80000,80000,80000,2000000
2,493,"number of output rows",119980,119994,120023,3000000
2,494,"scan time",5802,6154,6490,153981
2,6316,"data size",3839360,3839994,3840736,96000000
2,6335,"shuffle bytes written",939851,940632,941223,23515992
2,6336,"shuffle records written",119980,119994,120023,3000000
2,6337,"shuffle write time",3575851,4276161,5616018,106904163
2,6338,"duration",5849,6207,6549,155317
2,6339,"number of output rows",119980,119994,120023,3000000
2,6340,"number of output rows",119980,119994,120023,3000000
2,6341,"number of input batches",32,32,32,800
2,9609,"internal.metrics.executorDeserializeTime",1,3,26,269
2,9610,"internal.metrics.executorDeserializeCpuTime",1696175,5381412,12401147,134535412
2,9611,"internal.metrics.executorRunTime",5943,6323,6686,158205
2,9612,"internal.metrics.executorCpuTime",650693940,788517399,980581736,19712935154
2,9613,"internal.metrics.resultSize",2896,2904,2941,72772
2,9614,"internal.metrics.jvmGCTime",15,32,62,272
2,9618,"internal.metrics.peakExecutionMemory",69206016,69206016,69206016,1730150400
2,9637,"internal.metrics.shuffle.write.bytesWritten",939851,940632,941223,23515992
2,9638,"internal.metrics.shuffle.write.recordsWritten",119980,119994,120023,3000000
2,9639,"internal.metrics.shuffle.write.writeTime",3575851,4276161,5616018,106904163
2,9640,"internal.metrics.input.bytesRead",234462,234462,234464,5861590
2,9641,"internal.metrics.input.recordsRead",119980,119994,120023,3000000
3,524,"number of output rows",19980,19995,20012,500000
3,525,"scan time",6561,7012,7255,175430
3,6345,"data size",1099176,1101487,1102864,27537360
3,6364,"shuffle bytes written",484235,485976,487175,12149531
3,6365,"shuffle records written",19980,19995,20012,500000
3,6366,"shuffle write time",2850163,3698568,4492678,92464349
3,6367,"duration",6586,7040,7288,176142
3,6368,"number of output rows",19980,19995,20012,500000
3,6369,"number of output rows",19980,19995,20012,500000
3,6370,"number of input batches",32,32,32,800
3,9644,"internal.metrics.executorDeserializeTime",1,6,35,302
3,9645,"internal.metrics.executorDeserializeCpuTime",1762871,5037505,10975398,125937798
3,9646,"internal.metrics.executorRunTime",6659,7130,7378,178410
3,9647,"internal.metrics.executorCpuTime",598641427,804527765,967537070,20113194300
3,9648,"internal.metrics.resultSize",2896,2919,2941,73191
3,9649,"internal.metrics.jvmGCTime",20,32,62,648
3,9653,"internal.metrics.peakExecutionMemory",67633152,67633152,67633152,1690828800
3,9672,"internal.metrics.shuffle.write.bytesWritten",484235,485976,487175,12149531
3,9673,"internal.metrics.shuffle.write.recordsWritten",19980,19995,20012,500000
3,9674,"internal.metrics.shuffle.write.writeTime",2850163,3698568,4492678,92464349
3,9675,"internal.metrics.input.bytesRead",299700,300034,300407,7500963
3,9676,"internal.metrics.input.recordsRead",19980,19995,20012,500000
4,555,"number of output rows",2500,2500,2500,5000
4,556,"scan time",5156,5182,5208,10364
4,6374,"data size",129944,130000,130056,260000
4,6393,"shuffle bytes written",121502,121924,122346,243848
4,6394,"shuffle records written",2500,2500,2500,5000
4,6395,"shuffle write time",2876969,3109622,3342275,6219244
4,6396,"duration",5177,5203,5229,10406
4,6397,"number of output rows",2500,2500,2500,5000
4,6398,"number of output rows",2500,2500,2500,5000
4,6399,"number of input batches",25,25,25,50
4,9679,"internal.metrics.executorDeserializeTime",3,14,25,28
4,9680,"internal.metrics.executorDeserializeCpuTime",3827379,8163299,12499219,16326598
4,9681,"internal.metrics.executorRunTime",5323,5347,5372,10695
4,9682,"internal.metrics.executorCpuTime",882777616,923429771,964081926,1846859542
4,9683,"internal.metrics.resultSize",2897,2918,2940,5837
4,9684,"internal.metrics.jvmGCTime",119,119,119,119
4,9688,"internal.metrics.peakExecutionMemory",67174400,67174400,67174400,134348800
4,9707,"internal.metrics.shuffle.write.bytesWritten",121502,121924,122346,243848
4,9708,"internal.metrics.shuffle.write.recordsWritten",2500,2500,2500,5000
4,9709,"internal.metrics.shuffle.write.writeTime",2876969,3109622,3342275,6219244
4,9710,"internal.metrics.input.bytesRead",189651,189660,189669,379320
4,9711,"internal.metrics.input.recordsRead",2500,2500,2500,5000
5,586,"number of output rows",731,731,731,731
5,587,"scan time",243,243,243,243
5,6403,"data size",29240,29240,29240,29240
5,6422,"shuffle bytes written",47807,47807,47807,47807
5,6423,"shuffle records written",731,731,731,731
5,6424,"shuffle write time",2413282,2413282,2413282,2413282
5,6425,"duration",267,267,267,267
5,6426,"number of output rows",731,731,731,731
5,6427,"number of output rows",731,731,731,731
5,6428,"number of input batches",1,1,1,1
5,9714,"internal.metrics.executorDeserializeTime",14,14,14,14
5,9715,"internal.metrics.executorDeserializeCpuTime",7652587,7652587,7652587,7652587
5,9716,"internal.metrics.executorRunTime",335,335,335,335
5,9717,"internal.metrics.executorCpuTime",144811834,144811834,144811834,144811834
5,9718,"internal.metrics.resultSize",2897,2897,2897,2897
5,9723,"internal.metrics.peakExecutionMemory",67141632,67141632,67141632,67141632
5,9742,"internal.metrics.shuffle.write.bytesWritten",47807,47807,47807,47807
5,9743,"internal.metrics.shuffle.write.recordsWritten",731,731,731,731
5,9744,"internal.metrics.shuffle.write.writeTime",2413282,2413282,2413282,2413282
5,9745,"internal.metrics.input.bytesRead",7714,7714,7714,7714
5,9746,"internal.metrics.input.recordsRead",731,731,731,731
6,769,"number of output rows",2410100,2412959,3978300,2500000000
6,770,"scan time",137,1521,42383,1819078
6,6584,"data size",154246400,154439971,254611200,160000000000
6,6603,"shuffle bytes written",80785879,80899450,133236120,83812106870
6,6604,"shuffle records written",2410100,2412959,3978300,2500000000
6,6605,"shuffle write time",38098508,47104964,133112535,48801016957
6,6606,"duration",139,2165,44683,2509501
6,6607,"number of output rows",2410100,2412959,3978300,2500000000
6,6608,"number of output rows",2410100,2412959,3978300,2500000000
6,6609,"number of input batches",589,589,972,610970
6,9749,"internal.metrics.executorDeserializeTime",1,13,1240,29995
6,9750,"internal.metrics.executorDeserializeCpuTime",1314577,13100837,606380257,13677544803
6,9751,"internal.metrics.executorRunTime",143,3755,47550,4175311
6,9752,"internal.metrics.executorCpuTime",47592049,2467050709,6676097095,2575601216685
6,9753,"internal.metrics.resultSize",2724,2890,2984,3063180
6,9754,"internal.metrics.jvmGCTime",12,12,526,48638
6,9755,"internal.metrics.resultSerializationTime",2,2,4,20
6,9758,"internal.metrics.peakExecutionMemory",32768,266635581,402653184,278367830016
6,9777,"internal.metrics.shuffle.write.bytesWritten",80785879,80899450,133236120,83812106870
6,9778,"internal.metrics.shuffle.write.recordsWritten",2410100,2412959,3978300,2500000000
6,9779,"internal.metrics.shuffle.write.writeTime",38098508,47104964,133112535,48801016957
6,9780,"internal.metrics.input.bytesRead",1005925,1030332,1047361,1076033199
6,9781,"internal.metrics.input.recordsRead",2410100,2412959,3978300,2500000000
7,800,"number of output rows",80000,80000,80000,2000000
7,801,"scan time",5613,5977,6236,149579
7,6613,"data size",3840000,3840000,3840000,96000000
7,6632,"shuffle bytes written",1183291,1185927,1189704,29648300
7,6633,"shuffle records written",80000,80000,80000,2000000
7,6634,"shuffle write time",3583705,4309109,6381865,107727894
7,6635,"duration",5659,6023,6282,150765
7,6636,"number of output rows",80000,80000,80000,2000000
7,6637,"number of output rows",80000,80000,80000,2000000
7,6638,"number of input batches",32,32,32,800
7,9784,"internal.metrics.executorDeserializeTime",1,3,26,269
7,9785,"internal.metrics.executorDeserializeCpuTime",1598352,4489420,7882228,112235671
7,9786,"internal.metrics.executorRunTime",5757,6128,6371,153353
7,9787,"internal.metrics.executorCpuTime",495086829,589846426,704700519,14746160789
7,9788,"internal.metrics.resultSize",2896,2910,2941,72899
7,9789,"internal.metrics.jvmGCTime",9,21,32,257
7,9793,"internal.metrics.peakExecutionMemory",69206016,69206016,69206016,1730150400
7,9812,"internal.metrics.shuffle.write.bytesWritten",1183291,1185927,1189704,29648300
7,9813,"internal.metrics.shuffle.write.recordsWritten",80000,80000,80000,2000000
7,9814,"internal.metrics.shuffle.write.writeTime",3583705,4309109,6381865,107727894
7,9815,"internal.metrics.input.bytesRead",214144,214323,214336,5358172
7,9816,"internal.metrics.input.recordsRead",80000,80000,80000,2000000
8,831,"number of output rows",119980,119994,120023,3000000
8,832,"scan time",5442,5701,6229,142652
8,6642,"data size",1919680,1919994,1920368,48000000
8,6661,"shuffle bytes written",817907,819890,822545,20497380
8,6662,"shuffle records written",119980,119994,120023,3000000
8,6663,"shuffle write time",3368334,4015164,5180977,100379293
8,6664,"duration",5482,5741,6281,143693
8,6665,"number of output rows",119980,119994,120023,3000000
8,6666,"number of output rows",119980,119994,120023,3000000
8,6667,"number of input batches",32,32,32,800
8,9819,"internal.metrics.executorDeserializeTime",1,1,21,225
8,9820,"internal.metrics.executorDeserializeCpuTime",1593960,4555931,9382335,113898442
8,9821,"internal.metrics.executorRunTime",5564,5840,6436,146170
8,9822,"internal.metrics.executorCpuTime",491419284,614059090,1128593105,15351477434
8,9823,"internal.metrics.resultSize",2896,2903,2941,72727
8,9824,"internal.metrics.jvmGCTime",9,26,61,194
8,9828,"internal.metrics.peakExecutionMemory",69206016,69206016,69206016,1730150400
8,9847,"internal.metrics.shuffle.write.bytesWritten",817907,819890,822545,20497380
8,9848,"internal.metrics.shuffle.write.recordsWritten",119980,119994,120023,3000000
8,9849,"internal.metrics.shuffle.write.writeTime",3368334,4015164,5180977,100379293
8,9850,"internal.metrics.input.bytesRead",234462,234462,234464,5861590
8,9851,"internal.metrics.input.recordsRead",119980,119994,120023,3000000
9,862,"number of output rows",19980,19994,20012,500000
9,863,"scan time",5315,5868,6205,146816
9,6671,"data size",319680,319995,320192,8000000
9,6690,"shuffle bytes written",176059,176937,178110,4423585
9,6691,"shuffle records written",19980,19994,20012,500000
9,6692,"shuffle write time",2795581,3207697,4629794,80192554
9,6693,"duration",5339,5890,6229,147390
9,6694,"number of output rows",19980,19994,20012,500000
9,6695,"number of output rows",19980,19994,20012,500000
9,6696,"number of input batches",32,32,32,800
9,9854,"internal.metrics.executorDeserializeTime",1,3,25,247
9,9855,"internal.metrics.executorDeserializeCpuTime",1464262,4541730,10922691,113543397
9,9856,"internal.metrics.executorRunTime",5408,5961,6305,149159
9,9857,"internal.metrics.executorCpuTime",434450530,565359139,946286142,14133978609
9,9858,"internal.metrics.resultSize",2896,2901,2941,72724
9,9859,"internal.metrics.jvmGCTime",9,12,20,93
9,9863,"internal.metrics.peakExecutionMemory",67633152,67633152,67633152,1690828800
9,9882,"internal.metrics.shuffle.write.bytesWritten",176059,176937,178110,4423585
9,9883,"internal.metrics.shuffle.write.recordsWritten",19980,19994,20012,500000
9,9884,"internal.metrics.shuffle.write.writeTime",2795581,3207697,4629794,80192554
9,9885,"internal.metrics.input.bytesRead",222052,222275,222527,5557007
9,9886,"internal.metrics.input.recordsRead",19980,19994,20012,500000
10,893,"number of output rows",2500,2500,2500,5000
10,894,"scan time",4613,4707,4802,9415
10,6700,"data size",40000,40000,40000,80000
10,6719,"shuffle bytes written",73692,73693,73695,147387
10,6720,"shuffle records written",2500,2500,2500,5000
10,6721,"shuffle write time",2587989,3109972,3631956,6219945
10,6722,"duration",4628,4723,4819,9447
10,6723,"number of output rows",2500,2500,2500,5000
10,6724,"number of output rows",2500,2500,2500,5000
10,6725,"number of input batches",25,25,25,50
10,9889,"internal.metrics.executorDeserializeTime",14,15,16,30
10,9890,"internal.metrics.executorDeserializeCpuTime",6462115,7763316,9064517,15526632
10,9891,"internal.metrics.executorRunTime",4695,4803,4912,9607
10,9892,"internal.metrics.executorCpuTime",684695354,728288288,771881223,1456576577
10,9893,"internal.metrics.resultSize",2898,2898,2898,5796
10,9898,"internal.metrics.peakExecutionMemory",67174400,67174400,67174400,134348800
10,9917,"internal.metrics.shuffle.write.bytesWritten",73692,73693,73695,147387
10,9918,"internal.metrics.shuffle.write.recordsWritten",2500,2500,2500,5000
10,9919,"internal.metrics.shuffle.write.writeTime",2587989,3109972,3631956,6219945
10,9920,"internal.metrics.input.bytesRead",190848,190851,190854,381702
10,9921,"internal.metrics.input.recordsRead",2500,2500,2500,5000
11,924,"number of output rows",731,731,731,731
11,925,"scan time",213,213,213,213
11,6729,"data size",11696,11696,11696,11696
11,6748,"shuffle bytes written",37994,37994,37994,37994
11,6749,"shuffle records written",731,731,731,731
11,6750,"shuffle write time",2053142,2053142,2053142,2053142
11,6751,"duration",240,240,240,240
11,6752,"number of output rows",731,731,731,731
11,6753,"number of output rows",731,731,731,731
11,6754,"number of input batches",1,1,1,1
11,9924,"internal.metrics.executorDeserializeTime",14,14,14,14
11,9925,"internal.metrics.executorDeserializeCpuTime",6474428,6474428,6474428,6474428
11,9926,"internal.metrics.executorRunTime",293,293,293,293
11,9927,"internal.metrics.executorCpuTime",131657049,131657049,131657049,131657049
11,9928,"internal.metrics.resultSize",2898,2898,2898,2898
11,9933,"internal.metrics.peakExecutionMemory",67141632,67141632,67141632,67141632
11,9952,"internal.metrics.shuffle.write.bytesWritten",37994,37994,37994,37994
11,9953,"internal.metrics.shuffle.write.recordsWritten",731,731,731,731
11,9954,"internal.metrics.shuffle.write.writeTime",2053142,2053142,2053142,2053142
11,9955,"internal.metrics.input.bytesRead",7749,7749,7749,7749
11,9956,"internal.metrics.input.recordsRead",731,731,731,731
12,1138,"number of output rows",80000,80000,80000,2000000
12,1139,"scan time",5440,5792,6060,144982
12,6913,"data size",1280000,1280000,1280000,32000000
12,6932,"shuffle bytes written",502324,505709,508770,12642851
12,6933,"shuffle records written",80000,80000,80000,2000000
12,6934,"shuffle write time",3007254,3932159,7689425,98304128
12,6935,"duration",5475,5829,6106,145893
12,6936,"number of output rows",80000,80000,80000,2000000
12,6937,"number of output rows",80000,80000,80000,2000000
12,6938,"number of input batches",32,32,32,800
12,9959,"internal.metrics.executorDeserializeTime",1,3,37,266
12,9960,"internal.metrics.executorDeserializeCpuTime",1496334,4659724,13664139,116493221
12,9961,"internal.metrics.executorRunTime",5553,5928,6237,148312
12,9962,"internal.metrics.executorCpuTime",494610611,638751221,970252456,15968780657
12,9963,"internal.metrics.resultSize",2896,2903,2941,72725
12,9964,"internal.metrics.jvmGCTime",9,30,62,219
12,9968,"internal.metrics.peakExecutionMemory",69206016,69206016,69206016,1730150400
12,9987,"internal.metrics.shuffle.write.bytesWritten",502324,505709,508770,12642851
12,9988,"internal.metrics.shuffle.write.recordsWritten",80000,80000,80000,2000000
12,9989,"internal.metrics.shuffle.write.writeTime",3007254,3932159,7689425,98304128
12,9990,"internal.metrics.input.bytesRead",222496,222738,222752,5568496
12,9991,"internal.metrics.input.recordsRead",80000,80000,80000,2000000
13,1538,"number of output rows",19980,19995,20012,500000
13,1539,"scan time",5450,5762,6233,144206
13,7115,"data size",718448,719995,721024,18000000
13,7134,"shuffle bytes written",316310,317285,318313,7932249
13,7135,"shuffle records written",19980,19995,20012,500000
13,7136,"shuffle write time",2914778,3631473,4638276,90786942
13,7137,"duration",5472,5786,6259,144820
13,7138,"number of output rows",19980,19995,20012,500000
13,7139,"number of output rows",19980,19995,20012,500000
13,7140,"number of input batches",32,32,32,800
13,9994,"internal.metrics.executorDeserializeTime",1,1,22,182
13,9995,"internal.metrics.executorDeserializeCpuTime",1584479,3571704,8101000,89292758
13,9996,"internal.metrics.executorRunTime",5596,5872,6338,146919
13,9997,"internal.metrics.executorCpuTime",448388367,559355944,750463871,13983898762
13,9998,"internal.metrics.resultSize",2896,2917,2941,73067
13,9999,"internal.metrics.jvmGCTime",15,25,58,408
13,10003,"internal.metrics.peakExecutionMemory",67633152,67633152,67633152,1690828800
13,10022,"internal.metrics.shuffle.write.bytesWritten",316310,317285,318313,7932249
13,10023,"internal.metrics.shuffle.write.recordsWritten",19980,19995,20012,500000
13,10024,"internal.metrics.shuffle.write.writeTime",2914778,3631473,4638276,90786942
13,10025,"internal.metrics.input.bytesRead",221060,221283,221535,5532207
13,10026,"internal.metrics.input.recordsRead",19980,19995,20012,500000
14,1783,"number of output rows",2410100,2412965,3978300,2500000000
14,1784,"scan time",137,1847,42238,2080742
14,7302,"data size",115684800,115829931,190958400,120000000000
14,7321,"shuffle bytes written",56760023,56842086,93622305,58888670214
14,7322,"shuffle records written",2410100,2412965,3978300,2500000000
14,7323,"shuffle write time",29495426,39318451,94360692,40734182830
14,7324,"duration",138,2429,45295,2742955
14,7325,"number of output rows",2410100,2412965,3978300,2500000000
14,7326,"number of output rows",2410100,2412965,3978300,2500000000
14,7327,"number of input batches",589,589,972,610970
14,10029,"internal.metrics.executorDeserializeTime",1,53,5866,70902
14,10030,"internal.metrics.executorDeserializeCpuTime",1389040,13403218,631162094,13993229046
14,10031,"internal.metrics.executorRunTime",140,3745,47861,4157068
14,10032,"internal.metrics.executorCpuTime",43028938,2160003046,5436793470,2255043438379
14,10033,"internal.metrics.resultSize",2725,2889,2984,3056130
14,10034,"internal.metrics.jvmGCTime",9,14,472,38668
14,10035,"internal.metrics.resultSerializationTime",2,2,4,26
14,10038,"internal.metrics.peakExecutionMemory",32768,266507030,335544320,278233612288
14,10057,"internal.metrics.shuffle.write.bytesWritten",56760023,56842086,93622305,58888670214
14,10058,"internal.metrics.shuffle.write.recordsWritten",2410100,2412965,3978300,2500000000
14,10059,"internal.metrics.shuffle.write.writeTime",29495426,39318451,94360692,40734182830
14,10060,"internal.metrics.input.bytesRead",1005925,1026526,1040965,1072059065
14,10061,"internal.metrics.input.recordsRead",2410100,2412965,3978300,2500000000
15,1938,"number of output rows",731,731,731,731
15,1939,"scan time",234,234,234,234
15,7343,"data size",23392,23392,23392,23392
15,7362,"shuffle bytes written",44970,44970,44970,44970
15,7363,"shuffle records written",731,731,731,731
15,7364,"shuffle write time",2837216,2837216,2837216,2837216
15,7365,"duration",254,254,254,254
15,7366,"number of output rows",731,731,731,731
15,7367,"number of output rows",731,731,731,731
15,7368,"number of input batches",1,1,1,1
15,10064,"internal.metrics.executorDeserializeTime",7,7,7,7
15,10065,"internal.metrics.executorDeserializeCpuTime",4111904,4111904,4111904,4111904
15,10066,"internal.metrics.executorRunTime",328,328,328,328
15,10067,"internal.metrics.executorCpuTime",117198467,117198467,117198467,117198467
15,10068,"internal.metrics.resultSize",2940,2940,2940,2940
15,10069,"internal.metrics.jvmGCTime",38,38,38,38
15,10073,"internal.metrics.peakExecutionMemory",67141632,67141632,67141632,67141632
15,10092,"internal.metrics.shuffle.write.bytesWritten",44970,44970,44970,44970
15,10093,"internal.metrics.shuffle.write.recordsWritten",731,731,731,731
15,10094,"internal.metrics.shuffle.write.writeTime",2837216,2837216,2837216,2837216
15,10095,"internal.metrics.input.bytesRead",7714,7714,7714,7714
15,10096,"internal.metrics.input.recordsRead",731,731,731,731
16,2152,"number of output rows",80000,80000,80000,2000000
16,2153,"scan time",5557,6160,7681,154143
16,7527,"data size",2560000,2560000,2560000,64000000
16,7546,"shuffle bytes written",794545,796163,797384,19904227
16,7547,"shuffle records written",80000,80000,80000,2000000
16,7548,"shuffle write time",3384995,6082307,15937578,152057817
16,7549,"duration",5601,6206,7735,155332
16,7550,"number of output rows",80000,80000,80000,2000000
16,7551,"number of output rows",80000,80000,80000,2000000
16,7552,"number of input batches",32,32,32,800
16,10099,"internal.metrics.executorDeserializeTime",1,5,40,289
16,10100,"internal.metrics.executorDeserializeCpuTime",1548111,4992108,10240188,124802829
16,10101,"internal.metrics.executorRunTime",5692,6347,8043,158825
16,10102,"internal.metrics.executorCpuTime",488245519,680249913,1045025469,17006247988
16,10103,"internal.metrics.resultSize",2897,2908,2941,72860
16,10104,"internal.metrics.jvmGCTime",14,41,137,429
16,10108,"internal.metrics.peakExecutionMemory",69206016,69206016,69206016,1730150400
16,10127,"internal.metrics.shuffle.write.bytesWritten",794545,796163,797384,19904227
16,10128,"internal.metrics.shuffle.write.recordsWritten",80000,80000,80000,2000000
16,10129,"internal.metrics.shuffle.write.writeTime",3384995,6082307,15937578,152057817
16,10130,"internal.metrics.input.bytesRead",215296,215473,215488,5386972
16,10131,"internal.metrics.input.recordsRead",80000,80000,80000,2000000
17,2214,"number of output rows",19980,19995,20012,500000
17,2215,"scan time",5547,18095,44754,452582
17,7559,"data size",700408,701488,702480,17537360
17,7578,"shuffle bytes written",320520,321512,322400,8037970
17,7579,"shuffle records written",19980,19995,20012,500000
17,7580,"shuffle write time",2966756,5083443,7769584,127086246
17,7581,"duration",5571,18504,45827,462733
17,7582,"number of output rows",19980,19995,20012,500000
17,7583,"number of output rows",19980,19995,20012,500000
17,7584,"number of input batches",32,32,32,800
17,10134,"internal.metrics.executorDeserializeTime",1,607,2052,15285
17,10135,"internal.metrics.executorDeserializeCpuTime",1616247,129807621,562846913,3245190657
17,10136,"internal.metrics.executorRunTime",5685,18910,46898,472877
17,10137,"internal.metrics.executorCpuTime",456833664,1318241327,3257566029,32956033362
17,10138,"internal.metrics.resultSize",2897,2928,2983,73374
17,10139,"internal.metrics.jvmGCTime",11,154,286,2518
17,10140,"internal.metrics.resultSerializationTime",1,2,3,16
17,10143,"internal.metrics.peakExecutionMemory",67633152,67633152,67633152,1690828800
17,10162,"internal.metrics.shuffle.write.bytesWritten",320520,321512,322400,8037970
17,10163,"internal.metrics.shuffle.write.recordsWritten",19980,19995,20012,500000
17,10164,"internal.metrics.shuffle.write.writeTime",2966756,5083443,7769584,127086246
17,10165,"internal.metrics.input.bytesRead",219844,220068,220319,5501807
17,10166,"internal.metrics.input.recordsRead",19980,19995,20012,500000
18,2276,"number of output rows",731,731,731,731
18,2277,"scan time",198,198,198,198
18,7591,"data size",23392,23392,23392,23392
18,7610,"shuffle bytes written",45136,45136,45136,45136
18,7611,"shuffle records written",731,731,731,731
18,7612,"shuffle write time",1799332,1799332,1799332,1799332
18,7613,"duration",223,223,223,223
18,7614,"number of output rows",731,731,731,731
18,7615,"number of output rows",731,731,731,731
18,7616,"number of input batches",1,1,1,1
18,10169,"internal.metrics.executorDeserializeTime",7,7,7,7
18,10170,"internal.metrics.executorDeserializeCpuTime",4094586,4094586,4094586,4094586
18,10171,"internal.metrics.executorRunTime",272,272,272,272
18,10172,"internal.metrics.executorCpuTime",93826381,93826381,93826381,93826381
18,10173,"internal.metrics.resultSize",2897,2897,2897,2897
18,10178,"internal.metrics.peakExecutionMemory",67141632,67141632,67141632,67141632
18,10197,"internal.metrics.shuffle.write.bytesWritten",45136,45136,45136,45136
18,10198,"internal.metrics.shuffle.write.recordsWritten",731,731,731,731
18,10199,"internal.metrics.shuffle.write.writeTime",1799332,1799332,1799332,1799332
18,10200,"internal.metrics.input.bytesRead",7680,7680,7680,7680
18,10201,"internal.metrics.input.recordsRead",731,731,731,731
19,2828,"number of output rows",80000,80000,80000,2000000
19,2829,"scan time",5444,6169,8137,154410
19,7945,"data size",1920000,1920000,1920000,48000000
19,7964,"shuffle bytes written",927310,928108,929069,23202884
19,7965,"shuffle records written",80000,80000,80000,2000000
19,7966,"shuffle write time",3265608,6515149,17472789,162878875
19,7967,"duration",5481,6216,8184,155513
19,7968,"number of output rows",80000,80000,80000,2000000
19,7969,"number of output rows",80000,80000,80000,2000000
19,7970,"number of input batches",32,32,32,800
19,10204,"internal.metrics.executorDeserializeTime",1,4,22,240
19,10205,"internal.metrics.executorDeserializeCpuTime",1477294,4184958,8073128,104624087
19,10206,"internal.metrics.executorRunTime",5617,6364,8499,159262
19,10207,"internal.metrics.executorCpuTime",527232775,660309902,984795589,16507747705
19,10208,"internal.metrics.resultSize",2897,2920,2941,73199
19,10209,"internal.metrics.jvmGCTime",10,39,200,772
19,10213,"internal.metrics.peakExecutionMemory",69206016,69206016,69206016,1730150400
19,10232,"internal.metrics.shuffle.write.bytesWritten",927310,928108,929069,23202884
19,10233,"internal.metrics.shuffle.write.recordsWritten",80000,80000,80000,2000000
19,10234,"internal.metrics.shuffle.write.writeTime",3265608,6515149,17472789,162878875
19,10235,"internal.metrics.input.bytesRead",222080,222318,222336,5558096
19,10236,"internal.metrics.input.recordsRead",80000,80000,80000,2000000
21,431,"number of output rows",2410100,2421463,3978300,2834162000
21,432,"scan time",750,3938,6362,3539555
21,6258,"data size",134965600,135601971,222784800,158713072000
21,6277,"shuffle bytes written",77888297,78261241,128401855,91600895491
21,6278,"shuffle records written",2410100,2421463,3978300,2834162000
21,6279,"shuffle write time",35222517,42540353,63370670,50669018684
21,6280,"duration",1272,4644,7504,4337077
21,6281,"number of output rows",2410100,2421463,3978300,2834162000
21,6282,"number of output rows",2410100,2421463,3978300,2834162000
21,6283,"number of input batches",589,591,972,692635
21,51762,"internal.metrics.executorDeserializeTime",1,1,42,1344
21,51763,"internal.metrics.executorDeserializeCpuTime",1286289,6462838,25811886,891876264
21,51764,"internal.metrics.executorRunTime",2669,6142,9804,852326
21,51765,"internal.metrics.executorCpuTime",1988359012,3454030749,6320502461,476656248430
21,51766,"internal.metrics.resultSize",2896,2919,2942,405428
21,51767,"internal.metrics.jvmGCTime",16,194,350,28942
21,51771,"internal.metrics.peakExecutionMemory",268435456,268921752,335544320,37111201792
21,51790,"internal.metrics.shuffle.write.bytesWritten",77888297,78261241,128401855,10800056150
21,51791,"internal.metrics.shuffle.write.recordsWritten",2410100,2421463,3978300,334162000
21,51792,"internal.metrics.shuffle.write.writeTime",35222517,42540353,63370670,5870574024
21,51793,"internal.metrics.input.bytesRead",1027716,1028880,1044263,141989739
21,51794,"internal.metrics.input.recordsRead",2410100,2421463,3978300,334162000
22,6260,"remote blocks read",898,918,1036,1377858
22,6261,"local blocks read",4,4,138,25034
22,6262,"remote bytes read",82238695,98451484,111248009,134386377623
22,6264,"local bytes read",362190,5424083,14424928,2446916765
22,6265,"fetch wait time",0,15045,62008,22374227
22,6266,"records read",2786247,3124799,3452922,4267649356
22,6275,"remote reqs duration",1583,36660,132552,51553499
22,6289,"remote blocks read",22,22,25,19531
22,6290,"local blocks read",1,1,3,469
22,6291,"remote bytes read",38712,44632,48442,35870024
22,6293,"local bytes read",1431,3463,6432,853473
22,6294,"fetch wait time",0,0,10072,13819
22,6295,"records read",2345,2409,2669,2000000
22,6304,"remote reqs duration",63,15267,50872,12368019
22,10618,"data size",105991968,138001933,169759776,110401707264
22,10637,"shuffle bytes written",36686151,47094549,57361038,37675799552
22,10638,"shuffle records written",1104083,1437322,1768331,1150017784
22,10639,"shuffle write time",21189418,31828833,159015284,25463223113
22,10640,"duration",2380,17806,64846,14400868
22,10641,"number of output rows",1104083,1437322,1768331,1150017784
22,10642,"spill size",0,0,0,0
22,10645,"sort time",99,102,521,112676
22,10646,"peak memory",335544320,336466864,402653184,269173653504
22,10647,"spill size",0,0,0,0
22,10648,"duration",4806,35841,129820,28831979
22,10649,"sort time",0,0,6,8
22,10650,"peak memory",67239936,67239936,67239936,53791948800
22,10651,"spill size",0,0,0,0
22,13410,"internal.metrics.executorDeserializeTime",2,582,39480,639151
22,13411,"internal.metrics.executorDeserializeCpuTime",2583048,117435797,733353033,93948793235
22,13412,"internal.metrics.executorRunTime",3520,22903,81236,18480043
22,13413,"internal.metrics.executorCpuTime",2338073219,3542917981,5883250723,2834334541937
22,13414,"internal.metrics.resultSize",7952,7988,8039,6398495
22,13415,"internal.metrics.jvmGCTime",11,51,618,183923
22,13416,"internal.metrics.resultSerializationTime",1,1,3,119
22,13419,"internal.metrics.peakExecutionMemory",570556416,632883578,704774144,506307018752
22,13421,"internal.metrics.shuffle.read.remoteBlocksFetched",922,943,1061,827452
22,13422,"internal.metrics.shuffle.read.localBlocksFetched",0,0,139,21348
22,13423,"internal.metrics.shuffle.read.remoteBytesRead",82282771,98496310,111293937,78797216370
22,13424,"internal.metrics.shuffle.read.remoteBytesReadToDisk",0,0,0,0
22,13425,"internal.metrics.shuffle.read.localBytesRead",0,2550236,14426659,2040346468
22,13426,"internal.metrics.shuffle.read.fetchWaitTime",0,15062,62008,12213536
22,13427,"internal.metrics.shuffle.read.recordsRead",2788822,3127300,3455431,2502000000
22,13428,"internal.metrics.shuffle.push.read.corruptMergedBlockChunks",0,0,0,0
22,13429,"internal.metrics.shuffle.push.read.mergedFetchFallbackCount",0,0,0,0
22,13430,"internal.metrics.shuffle.push.read.remoteMergedBlocksFetched",0,0,0,0
22,13431,"internal.metrics.shuffle.push.read.localMergedBlocksFetched",0,0,0,0
22,13432,"internal.metrics.shuffle.push.read.remoteMergedChunksFetched",0,0,0,0
22,13433,"internal.metrics.shuffle.push.read.localMergedChunksFetched",0,0,0,0
22,13434,"internal.metrics.shuffle.push.read.remoteMergedBytesRead",0,0,0,0
22,13435,"internal.metrics.shuffle.push.read.localMergedBytesRead",0,0,0,0
22,13436,"internal.metrics.shuffle.read.remoteReqsDuration",2044,52121,180604,41862050
22,13437,"internal.metrics.shuffle.push.read.remoteMergedReqsDuration",0,0,0,0
22,13438,"internal.metrics.shuffle.write.bytesWritten",36686151,47094549,57361038,37675799552
22,13439,"internal.metrics.shuffle.write.recordsWritten",1104083,1437322,1768331,1150017784
22,13440,"internal.metrics.shuffle.write.writeTime",21189418,31828833,159015284,25463223113
23,800,"number of output rows",80000,80000,80000,2160000
23,801,"scan time",5745,6096,6448,161772
23,6613,"data size",3840000,3840000,3840000,103680000
23,6632,"shuffle bytes written",1186355,1186749,1187144,32021799
23,6633,"shuffle records written",80000,80000,80000,2160000
23,6634,"shuffle write time",3603737,4414966,5226195,116557826
23,6635,"duration",5790,6143,6497,163052
23,6636,"number of output rows",80000,80000,80000,2160000
23,6637,"number of output rows",80000,80000,80000,2160000
23,6638,"number of input batches",32,32,32,864
23,51867,"internal.metrics.executorDeserializeTime",5,6,7,12
23,51868,"internal.metrics.executorDeserializeCpuTime",3015401,4179052,5342704,8358105
23,51869,"internal.metrics.executorRunTime",5905,6254,6603,12508
23,51870,"internal.metrics.executorCpuTime",663475606,898697936,1133920266,1797395872
23,51871,"internal.metrics.resultSize",2896,2897,2899,5795
23,51876,"internal.metrics.peakExecutionMemory",69206016,69206016,69206016,138412032
23,51895,"internal.metrics.shuffle.write.bytesWritten",1186355,1186749,1187144,2373499
23,51896,"internal.metrics.shuffle.write.recordsWritten",80000,80000,80000,160000
23,51897,"internal.metrics.shuffle.write.writeTime",3603737,4414966,5226195,8829932
23,51898,"internal.metrics.input.bytesRead",214336,214336,214336,428672
23,51899,"internal.metrics.input.recordsRead",80000,80000,80000,160000
24,6260,"remote blocks read",898,912,1036,2105609
24,6261,"local blocks read",4,9,138,45376
24,6262,"remote bytes read",80172206,98769881,111248009,205316012100
24,6264,"local bytes read",372414,6734950,14429245,4431245277
24,6265,"fetch wait time",0,17598,46215,33887473
24,6266,"records read",2786247,3124801,3452922,6501430580
24,6275,"remote reqs duration",1199,38360,95522,76493237
24,6615,"remote blocks read",21,21,25,19639
24,6616,"local blocks read",1,1,4,361
24,6617,"remote bytes read",30286,36200,38904,29115844
24,6619,"local bytes read",1125,2638,6724,532456
24,6620,"fetch wait time",0,0,8127,8131
24,6621,"records read",2345,2407,2669,2000000
24,6630,"remote reqs duration",501,19246,47807,15550214
24,15349,"data size",97159304,126501755,155613128,101201564992
24,15368,"shuffle bytes written",35698090,46384444,56828267,37107718623
24,15369,"shuffle records written",1104083,1437323,1768331,1150017784
24,15370,"shuffle write time",19915696,29788066,156372172,23830610912
24,15371,"duration",2066,19823,48380,16019200
24,15372,"number of output rows",1104083,1437323,1768331,1150017784
24,15373,"spill size",0,0,0,0
24,15376,"sort time",102,103,277,100469
24,15377,"peak memory",335544320,336466863,402653184,269173653504
24,15378,"spill size",0,0,0,0
24,15379,"duration",4136,39864,96762,32048555
24,15380,"sort time",0,0,0,0
24,15381,"peak memory",67239936,67239936,67239936,53791948800
24,15382,"spill size",0,0,0,0
24,16585,"internal.metrics.executorDeserializeTime",2,176,29035,306218
24,16586,"internal.metrics.executorDeserializeCpuTime",2459349,5968479,31415860,4774948266
24,16587,"internal.metrics.executorRunTime",3094,20814,49500,16813323
24,16588,"internal.metrics.executorCpuTime",2245259018,3032779235,4269133225,2426223546315
24,16589,"internal.metrics.resultSize",7952,7989,8037,6395847
24,16590,"internal.metrics.jvmGCTime",14,37,633,124888
24,16591,"internal.metrics.resultSerializationTime",1,1,1,1
24,16594,"internal.metrics.peakExecutionMemory",570556416,614848071,704774144,491878612992
24,16596,"internal.metrics.shuffle.read.remoteBlocksFetched",921,937,1061,830139
24,16597,"internal.metrics.shuffle.read.localBlocksFetched",0,0,140,18661
24,16598,"internal.metrics.shuffle.read.remoteBytesRead",80206435,98806272,111285288,79045175833
24,16599,"internal.metrics.shuffle.read.remoteBytesReadToDisk",0,0,0,0
24,16600,"internal.metrics.shuffle.read.localBytesRead",0,2231437,14432111,1785311808
24,16601,"internal.metrics.shuffle.read.fetchWaitTime",0,17607,46215,14249826
24,16602,"internal.metrics.shuffle.read.recordsRead",2788822,3127297,3455431,2502000000
24,16603,"internal.metrics.shuffle.push.read.corruptMergedBlockChunks",0,0,0,0
24,16604,"internal.metrics.shuffle.push.read.mergedFetchFallbackCount",0,0,0,0
24,16605,"internal.metrics.shuffle.push.read.remoteMergedBlocksFetched",0,0,0,0
24,16606,"internal.metrics.shuffle.push.read.localMergedBlocksFetched",0,0,0,0
24,16607,"internal.metrics.shuffle.push.read.remoteMergedChunksFetched",0,0,0,0
24,16608,"internal.metrics.shuffle.push.read.localMergedChunksFetched",0,0,0,0
24,16609,"internal.metrics.shuffle.push.read.remoteMergedBytesRead",0,0,0,0
24,16610,"internal.metrics.shuffle.push.read.localMergedBytesRead",0,0,0,0
24,16611,"internal.metrics.shuffle.read.remoteReqsDuration",1747,57789,143329,46393546
24,16612,"internal.metrics.shuffle.push.read.remoteMergedReqsDuration",0,0,0,0
24,16613,"internal.metrics.shuffle.write.bytesWritten",35698090,46384444,56828267,37107718623
24,16614,"internal.metrics.shuffle.write.recordsWritten",1104083,1437323,1768331,1150017784
24,16615,"internal.metrics.shuffle.write.writeTime",19915696,29788066,156372172,23830610912
25,1138,"number of output rows",80000,80000,80000,2160000
25,1139,"scan time",10435,10553,10672,166089
25,6913,"data size",1280000,1280000,1280000,34560000
25,6932,"shuffle bytes written",508405,508415,508425,13659681
25,6933,"shuffle records written",80000,80000,80000,2160000
25,6934,"shuffle write time",3503650,3517127,3530605,105338383
25,6935,"duration",10499,10620,10741,167133
25,6936,"number of output rows",80000,80000,80000,2160000
25,6937,"number of output rows",80000,80000,80000,2160000
25,6938,"number of input batches",32,32,32,864
25,51902,"internal.metrics.executorDeserializeTime",23,23,23,46
25,51903,"internal.metrics.executorDeserializeCpuTime",13268668,16027313,18785959,32054627
25,51904,"internal.metrics.executorRunTime",10637,10756,10876,21513
25,51905,"internal.metrics.executorCpuTime",2831932940,3020830380,3209727821,6041660761
25,51906,"internal.metrics.resultSize",2941,2941,2941,5882
25,51907,"internal.metrics.jvmGCTime",248,248,248,496
25,51911,"internal.metrics.peakExecutionMemory",69206016,69206016,69206016,138412032
25,51930,"internal.metrics.shuffle.write.bytesWritten",508405,508415,508425,1016830
25,51931,"internal.metrics.shuffle.write.recordsWritten",80000,80000,80000,160000
25,51932,"internal.metrics.shuffle.write.writeTime",3503650,3517127,3530605,7034255
25,51933,"internal.metrics.input.bytesRead",222704,222728,222752,445456
25,51934,"internal.metrics.input.recordsRead",80000,80000,80000,160000
26,6260,"remote blocks read",898,936,1036,2434075
26,6261,"local blocks read",4,14,138,52325
26,6262,"remote bytes read",81118369,99393726,111248009,237292550675
26,6264,"local bytes read",378634,6271627,14397173,5109967348
26,6265,"fetch wait time",0,17715,54479,40770923
26,6266,"records read",2786247,3124796,3452922,7500000000
26,6275,"remote reqs duration",1154,38086,104582,90969417
26,6915,"remote blocks read",21,21,25,19694
26,6916,"local blocks read",1,1,4,306
26,6917,"remote bytes read",12466,15363,16819,12447005
26,6919,"local bytes read",523,1127,2737,195846
26,6920,"fetch wait time",0,0,118,306
26,6921,"records read",2345,2405,2669,2000000
26,6930,"remote reqs duration",26,18688,51312,15106240
26,17988,"data size",61828648,80501052,99026536,64400995904
26,18007,"shuffle bytes written",33199388,43034226,52729880,34427536971
26,18008,"shuffle records written",1104083,1437315,1768331,1150017784
26,18009,"shuffle write time",17589023,26946226,187080960,21557145201
26,18010,"duration",2124,19766,56507,15973464
26,18011,"number of output rows",1104083,1437315,1768331,1150017784
26,18012,"spill size",0,0,0,0
26,18015,"sort time",103,103,274,99066
26,18016,"peak memory",335544320,336466864,402653184,269173653504
26,18017,"spill size",0,0,0,0
26,18018,"duration",4250,39748,113018,31954796
26,18019,"sort time",0,0,0,0
26,18020,"peak memory",67239936,67239936,67239936,53791948800
26,18021,"spill size",0,0,0,0
26,19729,"internal.metrics.executorDeserializeTime",2,28,16486,207407
26,19730,"internal.metrics.executorDeserializeCpuTime",2327133,4417139,14477105,3533869893
26,19731,"internal.metrics.executorRunTime",3034,20665,57477,16690198
26,19732,"internal.metrics.executorCpuTime",2183994035,2818223705,4254063021,2254579125581
26,19733,"internal.metrics.resultSize",7952,7989,7996,6395788
26,19734,"internal.metrics.jvmGCTime",11,30,464,87052
26,19738,"internal.metrics.peakExecutionMemory",570556416,571478960,637665280,457183330304
26,19740,"internal.metrics.shuffle.read.remoteBlocksFetched",921,961,1061,835348
26,19741,"internal.metrics.shuffle.read.localBlocksFetched",0,0,140,13452
26,19742,"internal.metrics.shuffle.read.remoteBytesRead",81132747,99409291,111263910,79527591345
26,19743,"internal.metrics.shuffle.read.remoteBytesReadToDisk",0,0,0,0
26,19744,"internal.metrics.shuffle.read.localBytesRead",0,1607164,14398416,1285890847
26,19745,"internal.metrics.shuffle.read.fetchWaitTime",0,17715,54479,14329817
26,19746,"internal.metrics.shuffle.read.recordsRead",2788822,3127293,3455431,2502000000
26,19747,"internal.metrics.shuffle.push.read.corruptMergedBlockChunks",0,0,0,0
26,19748,"internal.metrics.shuffle.push.read.mergedFetchFallbackCount",0,0,0,0
26,19749,"internal.metrics.shuffle.push.read.remoteMergedBlocksFetched",0,0,0,0
26,19750,"internal.metrics.shuffle.push.read.localMergedBlocksFetched",0,0,0,0
26,19751,"internal.metrics.shuffle.push.read.remoteMergedChunksFetched",0,0,0,0
26,19752,"internal.metrics.shuffle.push.read.localMergedChunksFetched",0,0,0,0
26,19753,"internal.metrics.shuffle.push.read.remoteMergedBytesRead",0,0,0,0
26,19754,"internal.metrics.shuffle.push.read.localMergedBytesRead",0,0,0,0
26,19755,"internal.metrics.shuffle.read.remoteReqsDuration",1180,56970,153708,45738294
26,19756,"internal.metrics.shuffle.push.read.remoteMergedReqsDuration",0,0,0,0
26,19757,"internal.metrics.shuffle.write.bytesWritten",33199388,43034226,52729880,34427536971
26,19758,"internal.metrics.shuffle.write.recordsWritten",1104083,1437315,1768331,1150017784
26,19759,"internal.metrics.shuffle.write.writeTime",17589023,26946226,187080960,21557145201
27,769,"number of output rows",2410100,2410100,2410100,2613274700
27,770,"scan time",773,913,1083,1862643
27,6584,"data size",154246400,154246400,154246400,167249580800
27,6603,"shuffle bytes written",80785879,80798687,80811255,87609645684
27,6604,"shuffle records written",2410100,2410100,2410100,2613274700
27,6605,"shuffle write time",37753860,41204838,60265733,50737644843
27,6606,"duration",1336,1530,1825,2582012
27,6607,"number of output rows",2410100,2410100,2410100,2613274700
27,6608,"number of output rows",2410100,2410100,2410100,2613274700
27,6609,"number of input batches",589,589,589,638653
27,51972,"internal.metrics.executorDeserializeTime",1,1,17,304
27,51973,"internal.metrics.executorDeserializeCpuTime",1117520,3595850,8955918,169005513
27,51974,"internal.metrics.executorRunTime",2800,2955,3233,139403
27,51975,"internal.metrics.executorCpuTime",2124261410,2242480628,2359482056,105396590072
27,51976,"internal.metrics.resultSize",2897,2919,2942,137786
27,51977,"internal.metrics.jvmGCTime",17,40,85,1902
27,51981,"internal.metrics.peakExecutionMemory",268435456,268435456,268435456,12616466432
27,52000,"internal.metrics.shuffle.write.bytesWritten",80785879,80798687,80811255,3797538814
27,52001,"internal.metrics.shuffle.write.recordsWritten",2410100,2410100,2410100,113274700
27,52002,"internal.metrics.shuffle.write.writeTime",37753860,41204838,60265733,1936627886
27,52003,"internal.metrics.input.bytesRead",1030206,1030788,1031053,48447633
27,52004,"internal.metrics.input.recordsRead",2410100,2410100,2410100,113274700
28,6586,"remote blocks read",981,981,1036,1150138
28,6587,"local blocks read",4,4,55,12215
28,6588,"remote bytes read",90880894,103497425,115339631,116351224242
28,6590,"local bytes read",357751,3899979,5775149,1234912123
28,6591,"fetch wait time",0,12692,36903,13260208
28,6592,"records read",2786247,3124806,3452922,3513782303
28,6601,"remote reqs duration",1376,18833,39406,19549607
28,6615,"remote blocks read",21,21,25,39384
28,6616,"local blocks read",1,1,4,616
28,6617,"remote bytes read",30086,36385,39447,58383041
28,6619,"local bytes read",1085,2667,6441,913559
28,6620,"fetch wait time",0,0,381,8966
28,6621,"records read",2345,2404,2669,4000000
28,6630,"remote reqs duration",41,17205,38500,29474705
28,20282,"data size",105991968,138001928,169759776,110401707264
28,20301,"shuffle bytes written",37778719,48760646,59650236,39008677820
28,20302,"shuffle records written",1104083,1437323,1768331,1150017784
28,20303,"shuffle write time",21614654,31299016,88166946,25039375448
28,20304,"duration",2133,15014,38777,12168773
28,20305,"number of output rows",1104083,1437323,1768331,1150017784
28,20306,"spill size",0,0,0,0
28,20309,"sort time",100,104,280,103807
28,20310,"peak memory",335544320,398039248,402653184,318431559680
28,20311,"spill size",0,0,0,0
28,20312,"duration",4268,30228,77591,24345186
28,20313,"sort time",0,0,0,0
28,20314,"peak memory",67239936,67239936,67239936,53791948800
28,20315,"spill size",0,0,0,0
28,22724,"internal.metrics.executorDeserializeTime",2,10,18195,75204
28,22725,"internal.metrics.executorDeserializeCpuTime",2378008,8295223,689293781,6636333477
28,22726,"internal.metrics.executorRunTime",3023,16162,39739,13092045
28,22727,"internal.metrics.executorCpuTime",2402027774,3195052081,4978011363,2556041818863
28,22728,"internal.metrics.resultSize",7994,7994,8040,6396153
28,22729,"internal.metrics.jvmGCTime",16,36,518,110767
28,22730,"internal.metrics.resultSerializationTime",1,1,2,5
28,22733,"internal.metrics.peakExecutionMemory",570556416,694455953,704774144,555564924928
28,22735,"internal.metrics.shuffle.read.remoteBlocksFetched",1006,1006,1061,838509
28,22736,"internal.metrics.shuffle.read.localBlocksFetched",0,0,55,10291
28,22737,"internal.metrics.shuffle.read.remoteBytesRead",90916549,103534004,115376910,82827363835
28,22738,"internal.metrics.shuffle.read.remoteBytesReadToDisk",0,0,0,0
28,22739,"internal.metrics.shuffle.read.localBytesRead",0,1267796,5775149,1014391335
28,22740,"internal.metrics.shuffle.read.fetchWaitTime",0,12692,36903,10318831
28,22741,"internal.metrics.shuffle.read.recordsRead",2788822,3127304,3455431,2502000000
28,22742,"internal.metrics.shuffle.push.read.corruptMergedBlockChunks",0,0,0,0
28,22743,"internal.metrics.shuffle.push.read.mergedFetchFallbackCount",0,0,0,0
28,22744,"internal.metrics.shuffle.push.read.remoteMergedBlocksFetched",0,0,0,0
28,22745,"internal.metrics.shuffle.push.read.localMergedBlocksFetched",0,0,0,0
28,22746,"internal.metrics.shuffle.push.read.remoteMergedChunksFetched",0,0,0,0
28,22747,"internal.metrics.shuffle.push.read.localMergedChunksFetched",0,0,0,0
28,22748,"internal.metrics.shuffle.push.read.remoteMergedBytesRead",0,0,0,0
28,22749,"internal.metrics.shuffle.push.read.localMergedBytesRead",0,0,0,0
28,22750,"internal.metrics.shuffle.read.remoteReqsDuration",2213,36245,77906,29154470
28,22751,"internal.metrics.shuffle.push.read.remoteMergedReqsDuration",0,0,0,0
28,22752,"internal.metrics.shuffle.write.bytesWritten",37778719,48760646,59650236,39008677820
28,22753,"internal.metrics.shuffle.write.recordsWritten",1104083,1437323,1768331,1150017784
28,22754,"internal.metrics.shuffle.write.writeTime",21614654,31299016,88166946,25039375448
29,6586,"remote blocks read",981,981,1036,2345928
29,6587,"local blocks read",4,4,55,18307
29,6588,"remote bytes read",89574470,103857559,115339631,237255648802
29,6590,"local bytes read",377645,3988418,5633899,1851325339
29,6591,"fetch wait time",0,9548,22658,22907612
29,6592,"records read",2786247,3124794,3452922,7147590236
29,6601,"remote reqs duration",1709,17386,37767,38994924
29,6915,"remote blocks read",21,21,25,56500
29,6916,"local blocks read",1,1,4,520
29,6917,"remote bytes read",12901,15454,16819,35708458
29,6919,"local bytes read",469,1091,2749,331715
29,6920,"fetch wait time",0,0,2396,16189
29,6921,"records read",2345,2406,2669,5716977
29,6930,"remote reqs duration",1037,14879,30539,35323254
29,20455,"data size",61828648,80501044,99026536,64400995904
29,20474,"shuffle bytes written",31189734,40524219,49752513,32419533170
29,20475,"shuffle records written",1104083,1437325,1768331,1150017784
29,20476,"shuffle write time",16971712,27275758,135787086,21820767788
29,20477,"duration",2123,12121,25219,9855262
29,20478,"number of output rows",1104083,1437325,1768331,1150017784
29,20479,"spill size",0,0,0,0
29,20482,"sort time",99,104,297,106541
29,20483,"peak memory",335544320,398039246,402653184,318431559680
29,20484,"spill size",0,0,0,0
29,20485,"duration",4248,24468,50440,19737693
29,20486,"sort time",0,0,0,0
29,20487,"peak memory",67239936,67239936,67239936,53791948800
29,20488,"spill size",0,0,0,0
29,22759,"internal.metrics.executorDeserializeTime",2,254,11687,360671
29,22760,"internal.metrics.executorDeserializeCpuTime",2331025,126406194,717842374,101125106541
29,22761,"internal.metrics.executorRunTime",2911,16293,34197,13199859
29,22762,"internal.metrics.executorCpuTime",2259665513,3311095105,5378776268,2648876238988
29,22763,"internal.metrics.resultSize",7953,7993,8040,6399377
29,22764,"internal.metrics.jvmGCTime",19,35,647,158476
29,22765,"internal.metrics.resultSerializationTime",1,1,8,165
29,22768,"internal.metrics.peakExecutionMemory",570556416,633051342,637665280,506441236480
29,22770,"internal.metrics.shuffle.read.remoteBlocksFetched",1002,1004,1061,841430
29,22771,"internal.metrics.shuffle.read.localBlocksFetched",0,0,59,7370
29,22772,"internal.metrics.shuffle.read.remoteBytesRead",89587855,103873205,115355532,83098723761
29,22773,"internal.metrics.shuffle.read.remoteBytesReadToDisk",0,0,0,0
29,22774,"internal.metrics.shuffle.read.localBytesRead",0,907333,5634467,726025960
29,22775,"internal.metrics.shuffle.read.fetchWaitTime",0,9553,22658,7804527
29,22776,"internal.metrics.shuffle.read.recordsRead",2788822,3127296,3455431,2502000000
29,22777,"internal.metrics.shuffle.push.read.corruptMergedBlockChunks",0,0,0,0
29,22778,"internal.metrics.shuffle.push.read.mergedFetchFallbackCount",0,0,0,0
29,22779,"internal.metrics.shuffle.push.read.remoteMergedBlocksFetched",0,0,0,0
29,22780,"internal.metrics.shuffle.push.read.localMergedBlocksFetched",0,0,0,0
29,22781,"internal.metrics.shuffle.push.read.remoteMergedChunksFetched",0,0,0,0
29,22782,"internal.metrics.shuffle.push.read.localMergedChunksFetched",0,0,0,0
29,22783,"internal.metrics.shuffle.push.read.remoteMergedBytesRead",0,0,0,0
29,22784,"internal.metrics.shuffle.push.read.localMergedBytesRead",0,0,0,0
29,22785,"internal.metrics.shuffle.read.remoteReqsDuration",2828,32454,58851,26121904
29,22786,"internal.metrics.shuffle.push.read.remoteMergedReqsDuration",0,0,0,0
29,22787,"internal.metrics.shuffle.write.bytesWritten",31189734,40524219,49752513,32419533170
29,22788,"internal.metrics.shuffle.write.recordsWritten",1104083,1437325,1768331,1150017784
29,22789,"internal.metrics.shuffle.write.writeTime",16971712,27275758,135787086,21820767788
30,6586,"remote blocks read",981,981,1036,2462849
30,6587,"local blocks read",4,4,55,23551
30,6588,"remote bytes read",88948364,103963689,115339631,249055405408
30,6590,"local bytes read",365140,3815458,5958459,2380915202
30,6591,"fetch wait time",0,9990,73489,26273844
30,6592,"records read",2786247,3124796,3452922,7500000000
30,6601,"remote reqs duration",1729,17537,93826,43490413
30,6915,"remote blocks read",21,21,25,59325
30,6916,"local blocks read",1,1,4,675
30,6917,"remote bytes read",12691,15471,16783,37498575
30,6919,"local bytes read",541,1112,2801,429978
30,6920,"fetch wait time",0,0,5807,22403
30,6921,"records read",2345,2409,2669,6000000
30,6930,"remote reqs duration",910,14632,74487,39025123
30,22508,"data size",70661312,92001225,113173184,73601138176
30,22527,"shuffle bytes written",34081435,44302832,54367271,35442427105
30,22528,"shuffle records written",1104083,1437324,1768331,1150017784
30,22529,"shuffle write time",19554033,29461653,215291629,23569474170
30,22530,"duration",2391,12593,76661,10237486
30,22531,"number of output rows",1104083,1437324,1768331,1150017784
30,22532,"spill size",0,0,0,0
30,22535,"sort time",101,104,384,108674
30,22536,"peak memory",335544320,398039250,402653184,318431559680
30,22537,"spill size",0,0,0,0
30,22538,"duration",4784,25421,153492,20502514
30,22539,"sort time",0,0,0,0
30,22540,"peak memory",67239936,67239936,67239936,53791948800
30,22541,"spill size",0,0,0,0
30,22794,"internal.metrics.executorDeserializeTime",2,27,11232,231445
30,22795,"internal.metrics.executorDeserializeCpuTime",2399815,73604407,713850594,58883686631
30,22796,"internal.metrics.executorRunTime",3435,15028,84638,12183422
30,22797,"internal.metrics.executorCpuTime",2239731705,3359143896,5528583992,2687315277203
30,22798,"internal.metrics.resultSize",7994,7994,8040,6398056
30,22799,"internal.metrics.jvmGCTime",13,39,526,156198
30,22800,"internal.metrics.resultSerializationTime",1,1,4,86
30,22803,"internal.metrics.peakExecutionMemory",570556416,633051346,637665280,506441236480
30,22805,"internal.metrics.shuffle.read.remoteBlocksFetched",1002,1005,1061,842286
30,22806,"internal.metrics.shuffle.read.localBlocksFetched",0,0,59,6514
30,22807,"internal.metrics.shuffle.read.remoteBytesRead",88964524,103979348,115355532,83183636579
30,22808,"internal.metrics.shuffle.read.remoteBytesReadToDisk",0,0,0,0
30,22809,"internal.metrics.shuffle.read.localBytesRead",0,801187,5960894,641113142
30,22810,"internal.metrics.shuffle.read.fetchWaitTime",0,10004,73489,8173418
30,22811,"internal.metrics.shuffle.read.recordsRead",2788822,3127294,3455431,2502000000
30,22812,"internal.metrics.shuffle.push.read.corruptMergedBlockChunks",0,0,0,0
30,22813,"internal.metrics.shuffle.push.read.mergedFetchFallbackCount",0,0,0,0
30,22814,"internal.metrics.shuffle.push.read.remoteMergedBlocksFetched",0,0,0,0
30,22815,"internal.metrics.shuffle.push.read.localMergedBlocksFetched",0,0,0,0
30,22816,"internal.metrics.shuffle.push.read.remoteMergedChunksFetched",0,0,0,0
30,22817,"internal.metrics.shuffle.push.read.localMergedChunksFetched",0,0,0,0
30,22818,"internal.metrics.shuffle.push.read.remoteMergedBytesRead",0,0,0,0
30,22819,"internal.metrics.shuffle.push.read.localMergedBytesRead",0,0,0,0
30,22820,"internal.metrics.shuffle.read.remoteReqsDuration",2639,32374,168248,26057413
30,22821,"internal.metrics.shuffle.push.read.remoteMergedReqsDuration",0,0,0,0
30,22822,"internal.metrics.shuffle.write.bytesWritten",34081435,44302832,54367271,35442427105
30,22823,"internal.metrics.shuffle.write.recordsWritten",1104083,1437324,1768331,1150017784
30,22824,"internal.metrics.shuffle.write.writeTime",19554033,29461653,215291629,23569474170
31,2152,"number of output rows",80000,80000,80000,2160000
31,2153,"scan time",6062,8385,10709,170914
31,7527,"data size",2560000,2560000,2560000,69120000
31,7546,"shuffle bytes written",797071,797227,797384,21498682
31,7547,"shuffle records written",80000,80000,80000,2160000
31,7548,"shuffle write time",3221829,3758270,4294712,159574358
31,7549,"duration",6100,8437,10775,172207
31,7550,"number of output rows",80000,80000,80000,2160000
31,7551,"number of output rows",80000,80000,80000,2160000
31,7552,"number of input batches",32,32,32,864
31,51727,"internal.metrics.executorDeserializeTime",7,13,19,26
31,51728,"internal.metrics.executorDeserializeCpuTime",2975374,8499698,14024022,16999396
31,51729,"internal.metrics.executorRunTime",6169,8556,10943,17112
31,51730,"internal.metrics.executorCpuTime",530705942,1447526882,2364347823,2895053765
31,51731,"internal.metrics.resultSize",2941,2941,2941,5882
31,51732,"internal.metrics.jvmGCTime",24,168,313,337
31,51736,"internal.metrics.peakExecutionMemory",69206016,69206016,69206016,138412032
31,51755,"internal.metrics.shuffle.write.bytesWritten",797071,797227,797384,1594455
31,51756,"internal.metrics.shuffle.write.recordsWritten",80000,80000,80000,160000
31,51757,"internal.metrics.shuffle.write.writeTime",3221829,3758270,4294712,7516541
31,51758,"internal.metrics.input.bytesRead",215488,215488,215488,430976
31,51759,"internal.metrics.input.recordsRead",80000,80000,80000,160000
32,6260,"remote blocks read",898,962,1036,3863618
32,6261,"local blocks read",4,30,138,72407
32,6262,"remote bytes read",84703169,100249132,111248009,376675436323
32,6264,"local bytes read",376194,5417728,14688242,7075609132
32,6265,"fetch wait time",16,62158,135028,118868999
32,6266,"records read",2786247,3124792,3452922,11875784151
32,6275,"remote reqs duration",10207,167777,352681,283596266
32,7529,"remote blocks read",22,22,25,19849
32,7530,"local blocks read",1,1,3,151
32,7531,"remote bytes read",21316,24493,26424,19754126
32,7533,"local bytes read",736,1435,3179,150101
32,7534,"fetch wait time",0,0,31843,33082
32,7535,"records read",2345,2405,2669,2000000
32,7544,"remote reqs duration",3585,77512,170809,62170720
32,23934,"data size",70661312,92001219,113173184,73601138176
32,23953,"shuffle bytes written",31583358,41155317,50612125,32924410859
32,23954,"shuffle records written",1104083,1437321,1768331,1150017784
32,23955,"shuffle write time",16516581,25283626,146020276,20227066269
32,23956,"duration",3558,64381,137040,51663690
32,23957,"number of output rows",1104083,1437321,1768331,1150017784
32,23958,"spill size",0,0,0,0
32,23961,"sort time",98,100,226,95733
32,23962,"peak memory",335544320,336466869,402653184,269173653504
32,23963,"spill size",0,0,0,0
32,23964,"duration",7152,128979,274084,103344329
32,23965,"sort time",0,0,0,0
32,23966,"peak memory",67239936,67239936,67239936,53791948800
32,23967,"spill size",0,0,0,0
32,25690,"internal.metrics.executorDeserializeTime",2,178,20460,239502
32,25691,"internal.metrics.executorDeserializeCpuTime",2349572,6443912,31218580,5155281496
32,25692,"internal.metrics.executorRunTime",5126,65267,137921,52371516
32,25693,"internal.metrics.executorCpuTime",2185898689,2815872903,4601806023,2252698478180
32,25694,"internal.metrics.resultSize",7952,7989,7997,6396159
32,25695,"internal.metrics.jvmGCTime",8,17,490,105372
32,25699,"internal.metrics.peakExecutionMemory",570556416,571478965,637665280,457183330304
32,25701,"internal.metrics.shuffle.read.remoteBlocksFetched",921,986,1061,842534
32,25702,"internal.metrics.shuffle.read.localBlocksFetched",0,0,140,6266
32,25703,"internal.metrics.shuffle.read.remoteBytesRead",84726389,100273836,111272889,80219222627
32,25704,"internal.metrics.shuffle.read.remoteBytesReadToDisk",0,0,0,0
32,25705,"internal.metrics.shuffle.read.localBytesRead",0,751694,14690144,601520941
32,25706,"internal.metrics.shuffle.read.fetchWaitTime",16,62200,135028,49918869
32,25707,"internal.metrics.shuffle.read.recordsRead",2788822,3127295,3455431,2502000000
32,25708,"internal.metrics.shuffle.push.read.corruptMergedBlockChunks",0,0,0,0
32,25709,"internal.metrics.shuffle.push.read.mergedFetchFallbackCount",0,0,0,0
32,25710,"internal.metrics.shuffle.push.read.remoteMergedBlocksFetched",0,0,0,0
32,25711,"internal.metrics.shuffle.push.read.localMergedBlocksFetched",0,0,0,0
32,25712,"internal.metrics.shuffle.push.read.remoteMergedChunksFetched",0,0,0,0
32,25713,"internal.metrics.shuffle.push.read.localMergedChunksFetched",0,0,0,0
32,25714,"internal.metrics.shuffle.push.read.remoteMergedBytesRead",0,0,0,0
32,25715,"internal.metrics.shuffle.push.read.localMergedBytesRead",0,0,0,0
32,25716,"internal.metrics.shuffle.read.remoteReqsDuration",13792,245490,521800,196552785
32,25717,"internal.metrics.shuffle.push.read.remoteMergedReqsDuration",0,0,0,0
32,25718,"internal.metrics.shuffle.write.bytesWritten",31583358,41155317,50612125,32924410859
32,25719,"internal.metrics.shuffle.write.recordsWritten",1104083,1437321,1768331,1150017784
32,25720,"internal.metrics.shuffle.write.writeTime",16516581,25283626,146020276,20227066269
34,6260,"remote blocks read",898,911,1036,4069814
34,6261,"local blocks read",4,66,138,74186
34,6262,"remote bytes read",80065553,99077907,111248009,396754506349
34,6264,"local bytes read",378897,9437701,14341081,7249690356
34,6265,"fetch wait time",0,46070,107562,127671603
34,6266,"records read",2786247,3124801,3452922,12500000000
34,6275,"remote reqs duration",971,94977,223347,301493035
34,7947,"remote blocks read",22,22,25,19897
34,7948,"local blocks read",1,1,3,103
34,7949,"remote bytes read",25107,28654,30412,23083335
34,7951,"local bytes read",974,1714,3685,119549
34,7952,"fetch wait time",0,0,0,0
34,7953,"records read",2345,2409,2669,2000000
34,7962,"remote reqs duration",178,1493,18003,1353118
34,27108,"data size",61828648,80501049,99026536,64400995904
34,27127,"shuffle bytes written",32731395,42416721,51974772,33933537725
34,27128,"shuffle records written",1104083,1437313,1768331,1150017784
34,27129,"shuffle write time",17765184,26197524,205870593,20958177195
34,27130,"duration",1969,48068,109429,38619474
34,27131,"number of output rows",1104083,1437313,1768331,1150017784
34,27132,"spill size",0,0,0,0
34,27135,"sort time",97,98,321,95757
34,27136,"peak memory",335544320,336466865,402653184,269173653504
34,27137,"spill size",0,0,0,0
34,27138,"duration",3940,96366,218884,77248930
34,27139,"sort time",0,0,0,0
34,27140,"peak memory",67239936,67239936,67239936,53791948800
34,27141,"spill size",0,0,0,0
34,28524,"internal.metrics.executorDeserializeTime",2,2,122,5125
34,28525,"internal.metrics.executorDeserializeCpuTime",2306877,4578936,18384715,3663302369
34,28526,"internal.metrics.executorRunTime",2833,48923,110185,39302844
34,28527,"internal.metrics.executorCpuTime",2139279024,2712494807,3797659392,2169996001901
34,28528,"internal.metrics.resultSize",7953,7992,7997,6396303
34,28529,"internal.metrics.jvmGCTime",11,16,379,70647
34,28533,"internal.metrics.peakExecutionMemory",570556416,571478961,637665280,457183330304
34,28535,"internal.metrics.shuffle.read.remoteBlocksFetched",923,936,1061,832951
34,28536,"internal.metrics.shuffle.read.localBlocksFetched",0,0,138,15849
34,28537,"internal.metrics.shuffle.read.remoteBytesRead",80093489,99106769,111277149,79285570508
34,28538,"internal.metrics.shuffle.read.remoteBytesReadToDisk",0,0,0,0
34,28539,"internal.metrics.shuffle.read.localBytesRead",0,1922888,14341081,1538471717
34,28540,"internal.metrics.shuffle.read.fetchWaitTime",0,46070,107562,37014893
34,28541,"internal.metrics.shuffle.read.recordsRead",2788822,3127303,3455431,2502000000
34,28542,"internal.metrics.shuffle.push.read.corruptMergedBlockChunks",0,0,0,0
34,28543,"internal.metrics.shuffle.push.read.mergedFetchFallbackCount",0,0,0,0
34,28544,"internal.metrics.shuffle.push.read.remoteMergedBlocksFetched",0,0,0,0
34,28545,"internal.metrics.shuffle.push.read.localMergedBlocksFetched",0,0,0,0
34,28546,"internal.metrics.shuffle.push.read.remoteMergedChunksFetched",0,0,0,0
34,28547,"internal.metrics.shuffle.push.read.localMergedChunksFetched",0,0,0,0
34,28548,"internal.metrics.shuffle.push.read.remoteMergedBytesRead",0,0,0,0
34,28549,"internal.metrics.shuffle.push.read.localMergedBytesRead",0,0,0,0
34,28550,"internal.metrics.shuffle.read.remoteReqsDuration",1789,96670,234977,77494671
34,28551,"internal.metrics.shuffle.push.read.remoteMergedReqsDuration",0,0,0,0
34,28552,"internal.metrics.shuffle.write.bytesWritten",32731395,42416721,51974772,33933537725
34,28553,"internal.metrics.shuffle.write.recordsWritten",1104083,1437313,1768331,1150017784
34,28554,"internal.metrics.shuffle.write.writeTime",17765184,26197524,205870593,20958177195
35,1783,"number of output rows",2410100,2410100,2410100,2586763600
35,1784,"scan time",945,4848,8279,2255578
35,7302,"data size",115684800,115684800,115684800,124164652800
35,7321,"shuffle bytes written",56762530,56770623,56779295,60932412962
35,7322,"shuffle records written",2410100,2410100,2410100,2586763600
35,7323,"shuffle write time",29457602,34704139,43887274,41983532110
35,7324,"duration",1414,5580,8781,2944176
35,7325,"number of output rows",2410100,2410100,2410100,2586763600
35,7326,"number of output rows",2410100,2410100,2410100,2586763600
35,7327,"number of input batches",589,589,589,632174
35,51692,"internal.metrics.executorDeserializeTime",1,15,85,776
35,51693,"internal.metrics.executorDeserializeCpuTime",1303004,10074087,21507090,362667452
35,51694,"internal.metrics.executorRunTime",2623,6858,9991,247196
35,51695,"internal.metrics.executorCpuTime",1839732424,3609070472,5446951878,129926537302
35,51696,"internal.metrics.resultSize",2896,2928,2942,105747
35,51697,"internal.metrics.jvmGCTime",26,258,350,8788
35,51701,"internal.metrics.peakExecutionMemory",268435456,268435456,268435456,9663676416
35,51720,"internal.metrics.shuffle.write.bytesWritten",56762530,56770623,56779295,2043742748
35,51721,"internal.metrics.shuffle.write.recordsWritten",2410100,2410100,2410100,86763600
35,51722,"internal.metrics.shuffle.write.writeTime",29457602,34704139,43887274,1249349280
35,51723,"internal.metrics.input.bytesRead",1026557,1027035,1027162,36973597
35,51724,"internal.metrics.input.recordsRead",2410100,2410100,2410100,86763600
36,6915,"remote blocks read",21,21,25,82275
36,6916,"local blocks read",1,1,4,900
36,6917,"remote bytes read",12891,15338,16819,52009441
36,6919,"local bytes read",514,1151,2736,572372
36,6920,"fetch wait time",0,0,12940,36511
36,6921,"records read",2345,2406,2669,8318171
36,6930,"remote reqs duration",257,20586,45530,58330961
36,7304,"remote blocks read",987,987,1036,1174154
36,7305,"local blocks read",1,1,49,8722
36,7306,"remote bytes read",63847078,72893597,81240044,83420542690
36,7308,"local bytes read",66742,2241073,3637277,617534835
36,7309,"fetch wait time",0,18535,43997,20315771
36,7310,"records read",2786247,3122378,3452922,3568319366
36,7319,"remote reqs duration",1536,21794,46917,24040493
36,29494,"data size",44163320,57394156,70733240,51884518560
36,29513,"shuffle bytes written",20156957,26296922,32209565,23772613081
36,29514,"shuffle records written",1104083,1434639,1768331,1297112964
36,29515,"shuffle write time",12836112,18667861,67679303,16875949036
36,29516,"duration",1585,20365,45817,18623485
36,29517,"number of output rows",1104083,1434639,1768331,1297112964
36,29518,"spill size",0,0,0,0
36,29521,"sort time",99,101,217,109910
36,29522,"peak memory",335544320,335544320,335544320,303332065280
36,29523,"spill size",0,0,0,0
36,29524,"duration",3176,40982,91690,37256585
36,29525,"sort time",0,0,0,0
36,29526,"peak memory",67239936,67239936,67239936,60784902144
36,29527,"spill size",0,0,0,0
36,31299,"internal.metrics.executorDeserializeTime",2,168,34154,221533
36,31300,"internal.metrics.executorDeserializeCpuTime",2234870,4434030,13144426,3689286402
36,31301,"internal.metrics.executorRunTime",2427,22646,46699,19016594
36,31302,"internal.metrics.executorCpuTime",1812848048,2428040567,4002948201,2020129922816
36,31303,"internal.metrics.resultSize",7952,7990,7997,6652085
36,31304,"internal.metrics.jvmGCTime",10,11,275,59578
36,31308,"internal.metrics.peakExecutionMemory",503447552,546196982,570556416,454436061184
36,31310,"internal.metrics.shuffle.read.remoteBlocksFetched",1013,1013,1061,874280
36,31311,"internal.metrics.shuffle.read.localBlocksFetched",0,0,48,8472
36,31312,"internal.metrics.shuffle.read.remoteBytesRead",63862390,72883616,81255945,60639340973
36,31313,"internal.metrics.shuffle.read.remoteBytesReadToDisk",0,0,0,0
36,31314,"internal.metrics.shuffle.read.localBytesRead",0,691903,3637277,575838155
36,31315,"internal.metrics.shuffle.read.fetchWaitTime",0,20123,43997,16914362
36,31316,"internal.metrics.shuffle.read.recordsRead",2788822,3125012,3455431,2600178249
36,31317,"internal.metrics.shuffle.push.read.corruptMergedBlockChunks",0,0,0,0
36,31318,"internal.metrics.shuffle.push.read.mergedFetchFallbackCount",0,0,0,0
36,31319,"internal.metrics.shuffle.push.read.remoteMergedBlocksFetched",0,0,0,0
36,31320,"internal.metrics.shuffle.push.read.localMergedBlocksFetched",0,0,0,0
36,31321,"internal.metrics.shuffle.push.read.remoteMergedChunksFetched",0,0,0,0
36,31322,"internal.metrics.shuffle.push.read.localMergedChunksFetched",0,0,0,0
36,31323,"internal.metrics.shuffle.push.read.remoteMergedBytesRead",0,0,0,0
36,31324,"internal.metrics.shuffle.push.read.localMergedBytesRead",0,0,0,0
36,31325,"internal.metrics.shuffle.read.remoteReqsDuration",1793,44889,92195,37518210
36,31326,"internal.metrics.shuffle.push.read.remoteMergedReqsDuration",0,0,0,0
36,31327,"internal.metrics.shuffle.write.bytesWritten",20156957,26303877,32209565,21884993670
36,31328,"internal.metrics.shuffle.write.recordsWritten",1104083,1435063,1768331,1194141130
36,31329,"internal.metrics.shuffle.write.writeTime",12836112,18710842,67679303,15567593644
36,52007,"internal.metrics.executorDeserializeTime",7,8,166,1742
36,52008,"internal.metrics.executorDeserializeCpuTime",2472693,7299108,15696142,525536924
36,52009,"internal.metrics.executorRunTime",2259,3742,6425,270786
36,52010,"internal.metrics.executorCpuTime",2119276550,2673591782,3459914259,192498609499
36,52011,"internal.metrics.resultSize",7951,7982,7997,575482
36,52012,"internal.metrics.jvmGCTime",16,84,267,6867
36,52016,"internal.metrics.peakExecutionMemory",503447552,549118847,570556416,39536558080
36,52018,"internal.metrics.shuffle.read.remoteBlocksFetched",1012,1046,1061,76038
36,52019,"internal.metrics.shuffle.read.localBlocksFetched",0,0,49,354
36,52020,"internal.metrics.shuffle.read.remoteBytesRead",68998973,73204865,80184044,5270751517
36,52021,"internal.metrics.shuffle.read.remoteBytesReadToDisk",0,0,0,0
36,52022,"internal.metrics.shuffle.read.localBytesRead",0,347149,3595979,24995936
36,52023,"internal.metrics.shuffle.read.fetchWaitTime",0,798,3619,58834
36,52024,"internal.metrics.shuffle.read.recordsRead",2917632,3123745,3409557,224910911
36,52025,"internal.metrics.shuffle.push.read.corruptMergedBlockChunks",0,0,0,0
36,52026,"internal.metrics.shuffle.push.read.mergedFetchFallbackCount",0,0,0,0
36,52027,"internal.metrics.shuffle.push.read.remoteMergedBlocksFetched",0,0,0,0
36,52028,"internal.metrics.shuffle.push.read.localMergedBlocksFetched",0,0,0,0
36,52029,"internal.metrics.shuffle.push.read.remoteMergedChunksFetched",0,0,0,0
36,52030,"internal.metrics.shuffle.push.read.localMergedChunksFetched",0,0,0,0
36,52031,"internal.metrics.shuffle.push.read.remoteMergedBytesRead",0,0,0,0
36,52032,"internal.metrics.shuffle.push.read.localMergedBytesRead",0,0,0,0
36,52033,"internal.metrics.shuffle.read.remoteReqsDuration",5684,16646,34747,1199862
36,52034,"internal.metrics.shuffle.push.read.remoteMergedReqsDuration",0,0,0,0
36,52035,"internal.metrics.shuffle.write.bytesWritten",22451063,26216916,30920047,1887619411
36,52036,"internal.metrics.shuffle.write.recordsWritten",1228428,1430146,1696609,102971834
36,52037,"internal.metrics.shuffle.write.writeTime",13539093,18171585,36847631,1308355392
37,7304,"remote blocks read",987,987,1036,1727123
37,7305,"local blocks read",1,1,49,11285
37,7306,"remote bytes read",65208696,73186624,81240044,122676351413
37,7308,"local bytes read",63321,1112653,3790971,800222285
37,7309,"fetch wait time",0,3887,16295,20335425
37,7310,"records read",2786247,3123790,3452922,5241832424
37,7319,"remote reqs duration",1205,6611,21915,25426899
37,7529,"remote blocks read",22,22,25,40359
37,7530,"local blocks read",1,1,3,291
37,7531,"remote bytes read",21573,24516,26424,40165771
37,7533,"local bytes read",829,1478,2854,289773
37,7534,"fetch wait time",0,0,0,33082
37,7535,"records read",2345,2408,2669,4064958
37,7544,"remote reqs duration",221,5601,20035,66960941
37,30975,"data size",61828648,80444881,99026536,66447639272
37,30994,"shuffle bytes written",22748661,29341951,35976641,24236622360
37,30995,"shuffle records written",1104083,1436319,1768331,1186564987
37,30996,"shuffle write time",14894564,22075226,88461152,18234302832
37,30997,"duration",1460,5804,18166,4960901
37,30998,"number of output rows",1104083,1436319,1768331,1186564987
37,30999,"spill size",0,0,0,0
37,31002,"sort time",99,100,236,103466
37,31003,"peak memory",335544320,335544320,335544320,277159608320
37,31004,"spill size",0,0,0,0
37,31005,"duration",2924,11804,36356,9928436
37,31006,"sort time",0,0,0,0
37,31007,"peak memory",67239936,67239936,67239936,55540187136
37,31008,"spill size",0,0,0,0
37,31334,"internal.metrics.executorDeserializeTime",2,2,59,1983
37,31335,"internal.metrics.executorDeserializeCpuTime",2432276,5118729,15770430,1269460308
37,31336,"internal.metrics.executorRunTime",2779,16121,19081,4013157
37,31337,"internal.metrics.executorCpuTime",2012258526,2601844921,3520154705,645257554882
37,31338,"internal.metrics.resultSize",7952,7982,7997,1982715
37,31339,"internal.metrics.jvmGCTime",14,25,193,16860
37,31343,"internal.metrics.peakExecutionMemory",570556416,570556416,570556416,141497991168
37,31345,"internal.metrics.shuffle.read.remoteBlocksFetched",1013,1015,1061,260985
37,31346,"internal.metrics.shuffle.read.localBlocksFetched",0,0,48,2143
37,31347,"internal.metrics.shuffle.read.remoteBytesRead",65329518,73068230,80446565,18120935467
37,31348,"internal.metrics.shuffle.read.remoteBytesReadToDisk",0,0,0,0
37,31349,"internal.metrics.shuffle.read.localBytesRead",0,591580,3517792,146727379
37,31350,"internal.metrics.shuffle.read.fetchWaitTime",0,13453,16295,3350312
37,31351,"internal.metrics.shuffle.read.recordsRead",2788822,3128395,3416353,775857405
37,31352,"internal.metrics.shuffle.push.read.corruptMergedBlockChunks",0,0,0,0
37,31353,"internal.metrics.shuffle.push.read.mergedFetchFallbackCount",0,0,0,0
37,31354,"internal.metrics.shuffle.push.read.remoteMergedBlocksFetched",0,0,0,0
37,31355,"internal.metrics.shuffle.push.read.localMergedBlocksFetched",0,0,0,0
37,31356,"internal.metrics.shuffle.push.read.remoteMergedChunksFetched",0,0,0,0
37,31357,"internal.metrics.shuffle.push.read.localMergedChunksFetched",0,0,0,0
37,31358,"internal.metrics.shuffle.push.read.remoteMergedBytesRead",0,0,0,0
37,31359,"internal.metrics.shuffle.push.read.localMergedBytesRead",0,0,0,0
37,31360,"internal.metrics.shuffle.read.remoteReqsDuration",2535,32491,41950,8072845
37,31361,"internal.metrics.shuffle.push.read.remoteMergedReqsDuration",0,0,0,0
37,31362,"internal.metrics.shuffle.write.bytesWritten",22748661,29367938,35197733,7283265540
37,31363,"internal.metrics.shuffle.write.recordsWritten",1104083,1438077,1728839,356658626
37,31364,"internal.metrics.shuffle.write.writeTime",15039268,21750148,65529809,5394051182
37,52182,"internal.metrics.executorDeserializeTime",2,2,2192,13015
37,52183,"internal.metrics.executorDeserializeCpuTime",2237869,3840765,11023474,2220041297
37,52184,"internal.metrics.executorRunTime",2068,2632,5549,1604815
37,52185,"internal.metrics.executorCpuTime",1996140122,2619942465,3670319631,1514326825448
37,52186,"internal.metrics.resultSize",7951,7951,8039,4619525
37,52187,"internal.metrics.jvmGCTime",10,29,237,58965
37,52188,"internal.metrics.resultSerializationTime",71,71,71,71
37,52191,"internal.metrics.peakExecutionMemory",570556416,570556416,570556416,329781608448
37,52193,"internal.metrics.shuffle.read.remoteBlocksFetched",1011,1015,1061,610601
37,52194,"internal.metrics.shuffle.read.localBlocksFetched",0,0,50,2657
37,52195,"internal.metrics.shuffle.read.remoteBytesRead",65232158,73272864,81264924,42351798776
37,52196,"internal.metrics.shuffle.read.remoteBytesReadToDisk",0,0,0,0
37,52197,"internal.metrics.shuffle.read.localBytesRead",0,319939,3791991,185005850
37,52198,"internal.metrics.shuffle.read.fetchWaitTime",0,0,2784,25868
37,52199,"internal.metrics.shuffle.read.recordsRead",2833754,3125505,3455431,1806625421
37,52200,"internal.metrics.shuffle.push.read.corruptMergedBlockChunks",0,0,0,0
37,52201,"internal.metrics.shuffle.push.read.mergedFetchFallbackCount",0,0,0,0
37,52202,"internal.metrics.shuffle.push.read.remoteMergedBlocksFetched",0,0,0,0
37,52203,"internal.metrics.shuffle.push.read.localMergedBlocksFetched",0,0,0,0
37,52204,"internal.metrics.shuffle.push.read.remoteMergedChunksFetched",0,0,0,0
37,52205,"internal.metrics.shuffle.push.read.localMergedChunksFetched",0,0,0,0
37,52206,"internal.metrics.shuffle.push.read.remoteMergedBytesRead",0,0,0,0
37,52207,"internal.metrics.shuffle.push.read.localMergedBytesRead",0,0,0,0
37,52208,"internal.metrics.shuffle.read.remoteReqsDuration",1426,3926,14388,2349902
37,52209,"internal.metrics.shuffle.push.read.remoteMergedReqsDuration",0,0,0,0
37,52210,"internal.metrics.shuffle.write.bytesWritten",23682125,29330920,35976641,16953356820
37,52211,"internal.metrics.shuffle.write.recordsWritten",1156955,1435682,1768331,829906361
37,52212,"internal.metrics.shuffle.write.writeTime",14894564,22214823,88461152,12840251650
38,462,"number of output rows",80000,80000,80000,2080000
38,463,"scan time",5678,5678,5678,162267
38,6287,"data size",4480000,4480000,4480000,116480000
38,6306,"shuffle bytes written",1467163,1467163,1467163,38190660
38,6307,"shuffle records written",80000,80000,80000,2080000
38,6308,"shuffle write time",6586502,6586502,6586502,114867738
38,6309,"duration",5722,5722,5722,163684
38,6310,"number of output rows",80000,80000,80000,2080000
38,6311,"number of output rows",80000,80000,80000,2080000
38,6312,"number of input batches",32,32,32,832
38,51797,"internal.metrics.executorDeserializeTime",7,7,7,7
38,51798,"internal.metrics.executorDeserializeCpuTime",3018840,3018840,3018840,3018840
38,51799,"internal.metrics.executorRunTime",5859,5859,5859,5859
38,51800,"internal.metrics.executorCpuTime",516755323,516755323,516755323,516755323
38,51801,"internal.metrics.resultSize",2898,2898,2898,2898
38,51806,"internal.metrics.peakExecutionMemory",69206016,69206016,69206016,69206016
38,51825,"internal.metrics.shuffle.write.bytesWritten",1467163,1467163,1467163,1467163
38,51826,"internal.metrics.shuffle.write.recordsWritten",80000,80000,80000,80000
38,51827,"internal.metrics.shuffle.write.writeTime",6586502,6586502,6586502,6586502
38,51828,"internal.metrics.input.bytesRead",214560,214560,214560,214560
38,51829,"internal.metrics.input.recordsRead",80000,80000,80000,80000
39,6260,"remote blocks read",939,1022,1036,4227391
39,6261,"local blocks read",1,3,97,75117
39,6262,"remote bytes read",91786123,100542046,107670643,412138779798
39,6264,"local bytes read",98027,797163,9466210,7340859181
39,6265,"fetch wait time",0,1005,7766,127974950
39,6266,"records read",2930520,3133290,3354758,12978832292
39,6275,"remote reqs duration",2050,5923,15878,303477186
39,6289,"remote blocks read",22,24,25,20553
39,6290,"local blocks read",3,3,3,472
39,6291,"remote bytes read",40279,45564,47796,37738503
39,6293,"local bytes read",5255,5255,5255,858728
39,6294,"fetch wait time",0,0,0,13819
39,6295,"records read",2367,2481,2631,2102113
39,6304,"remote reqs duration",475,1507,4458,12430196
39,10618,"data size",118754880,139038535,160840032,116102287584
39,10637,"shuffle bytes written",40814935,47416186,54500462,39619863499
39,10638,"shuffle records written",1237030,1448308,1675417,1209398829
39,10639,"shuffle write time",22890061,27257368,35522292,26580775613
39,10640,"duration",1886,3318,9937,14537264
39,10641,"number of output rows",1237030,1448308,1675417,1209398829
39,10642,"spill size",0,0,0,0
39,10645,"sort time",103,113,186,117791
39,10646,"peak memory",335544320,335544320,335544320,282930970624
39,10647,"spill size",0,0,0,0
39,10648,"duration",3815,6663,19880,29105596
39,10649,"sort time",0,0,0,8
39,10650,"peak memory",67239936,67239936,67239936,56548786176
39,10651,"spill size",0,0,0,0
39,52252,"internal.metrics.executorDeserializeTime",2,28,606,1590
39,52253,"internal.metrics.executorDeserializeCpuTime",2667029,5250161,11303931,215257094
39,52254,"internal.metrics.executorRunTime",2757,4329,10843,177829
39,52255,"internal.metrics.executorCpuTime",2637554098,3161021652,3811504896,129601888222
39,52256,"internal.metrics.resultSize",7951,7982,7997,327652
39,52257,"internal.metrics.jvmGCTime",36,97,216,3944
39,52261,"internal.metrics.peakExecutionMemory",570556416,636028476,637665280,26077167616
39,52263,"internal.metrics.shuffle.read.remoteBlocksFetched",961,1047,1061,43198
39,52264,"internal.metrics.shuffle.read.localBlocksFetched",0,1,100,303
39,52265,"internal.metrics.shuffle.read.remoteBytesRead",91826402,100587617,107716244,4124092728
39,52266,"internal.metrics.shuffle.read.remoteBytesReadToDisk",0,0,0,0
39,52267,"internal.metrics.shuffle.read.localBytesRead",0,719515,9471465,29500589
39,52268,"internal.metrics.shuffle.read.fetchWaitTime",0,1005,7766,41584
39,52269,"internal.metrics.shuffle.read.recordsRead",2933028,3135782,3357240,128567449
39,52270,"internal.metrics.shuffle.push.read.corruptMergedBlockChunks",0,0,0,0
39,52271,"internal.metrics.shuffle.push.read.mergedFetchFallbackCount",0,0,0,0
39,52272,"internal.metrics.shuffle.push.read.remoteMergedBlocksFetched",0,0,0,0
39,52273,"internal.metrics.shuffle.push.read.localMergedBlocksFetched",0,0,0,0
39,52274,"internal.metrics.shuffle.push.read.remoteMergedChunksFetched",0,0,0,0
39,52275,"internal.metrics.shuffle.push.read.localMergedChunksFetched",0,0,0,0
39,52276,"internal.metrics.shuffle.push.read.remoteMergedBytesRead",0,0,0,0
39,52277,"internal.metrics.shuffle.push.read.localMergedBytesRead",0,0,0,0
39,52278,"internal.metrics.shuffle.read.remoteReqsDuration",2525,7440,17749,305426
39,52279,"internal.metrics.shuffle.push.read.remoteMergedReqsDuration",0,0,0,0
39,52280,"internal.metrics.shuffle.write.bytesWritten",40814935,47416186,54500462,1944063947
39,52281,"internal.metrics.shuffle.write.recordsWritten",1237030,1448308,1675417,59381045
39,52282,"internal.metrics.shuffle.write.writeTime",22890061,27257368,35522292,1117552500
40,493,"number of output rows",119991,119991,119991,3119991
40,494,"scan time",5714,5714,5714,159695
40,6316,"data size",3839712,3839712,3839712,99839712
40,6335,"shuffle bytes written",940748,940748,940748,24456740
40,6336,"shuffle records written",119991,119991,119991,3119991
40,6337,"shuffle write time",28383627,28383627,28383627,135287790
40,6338,"duration",5769,5769,5769,161086
40,6339,"number of output rows",119991,119991,119991,3119991
40,6340,"number of output rows",119991,119991,119991,3119991
40,6341,"number of input batches",32,32,32,832
40,51832,"internal.metrics.executorDeserializeTime",7,7,7,7
40,51833,"internal.metrics.executorDeserializeCpuTime",2764806,2764806,2764806,2764806
40,51834,"internal.metrics.executorRunTime",5948,5948,5948,5948
40,51835,"internal.metrics.executorCpuTime",566305710,566305710,566305710,566305710
40,51836,"internal.metrics.resultSize",2941,2941,2941,2941
40,51837,"internal.metrics.jvmGCTime",19,19,19,19
40,51841,"internal.metrics.peakExecutionMemory",69206016,69206016,69206016,69206016
40,51860,"internal.metrics.shuffle.write.bytesWritten",940748,940748,940748,940748
40,51861,"internal.metrics.shuffle.write.recordsWritten",119991,119991,119991,119991
40,51862,"internal.metrics.shuffle.write.writeTime",28383627,28383627,28383627,28383627
40,51863,"internal.metrics.input.bytesRead",234464,234464,234464,234464
40,51864,"internal.metrics.input.recordsRead",119991,119991,119991,119991
41,6318,"remote blocks read",24,24,25,20430
41,6319,"local blocks read",1,1,1,20
41,6320,"remote bytes read",27257,29166,30688,24018930
41,6322,"local bytes read",1030,1158,1247,23215
41,6323,"fetch wait time",0,0,0,0
41,6324,"records read",3552,3650,3959,3067036
41,6333,"remote reqs duration",435,1185,3718,1137971
41,10620,"remote blocks read",776,776,800,637261
41,10621,"local blocks read",1,1,24,2739
41,10622,"remote bytes read",42721179,46893345,50804766,37514832505
41,10624,"local bytes read",49269,295230,1483111,160971042
41,10625,"fetch wait time",0,0,173,3545
41,10626,"records read",1304989,1437322,1559174,1150017784
41,10635,"remote reqs duration",3009,6717,20971,5528385
41,31720,"data size",25479888,34602729,44267664,27682343696
41,31739,"shuffle bytes written",9386290,12711126,16219647,10169068530
41,31740,"shuffle records written",227499,308757,395247,247163783
41,31741,"shuffle write time",7866154,11538665,56076730,9231093823
41,31742,"duration",806,934,1696,887294
41,31743,"number of output rows",227499,308757,395247,247163783
41,31744,"spill size",0,0,0,0
41,31746,"duration",809,943,1756,894983
41,31747,"sort time",43,43,177,46109
41,31748,"peak memory",201326592,267512499,268435456,214010167296
41,31749,"spill size",0,0,0,0
41,31751,"sort time",0,0,0,0
41,31752,"peak memory",67239936,67239936,67239936,53791948800
41,31753,"spill size",0,0,0,0
41,57018,"internal.metrics.executorDeserializeTime",2,2,132,3572
41,57019,"internal.metrics.executorDeserializeCpuTime",2851958,4120962,13816586,3296930525
41,57020,"internal.metrics.executorRunTime",1071,1236,2116,1143443
41,57021,"internal.metrics.executorCpuTime",1044317958,1383595508,2026190298,1106876573965
41,57022,"internal.metrics.resultSize",11591,11591,11679,9303017
41,57023,"internal.metrics.jvmGCTime",7,7,243,25698
41,57024,"internal.metrics.resultSerializationTime",15,16,18,33
41,57027,"internal.metrics.peakExecutionMemory",339869696,409966808,411172864,327973601280
41,57029,"internal.metrics.shuffle.read.remoteBlocksFetched",801,801,825,657241
41,57030,"internal.metrics.shuffle.read.localBlocksFetched",0,0,24,2759
41,57031,"internal.metrics.shuffle.read.remoteBytesRead",42749645,46922710,50834280,37538325282
41,57032,"internal.metrics.shuffle.read.remoteBytesReadToDisk",0,0,0,0
41,57033,"internal.metrics.shuffle.read.localBytesRead",0,201043,1483111,160994257
41,57034,"internal.metrics.shuffle.read.fetchWaitTime",0,0,173,3545
41,57035,"internal.metrics.shuffle.read.recordsRead",1308709,1441071,1562936,1153017784
41,57036,"internal.metrics.shuffle.push.read.corruptMergedBlockChunks",0,0,0,0
41,57037,"internal.metrics.shuffle.push.read.mergedFetchFallbackCount",0,0,0,0
41,57038,"internal.metrics.shuffle.push.read.remoteMergedBlocksFetched",0,0,0,0
41,57039,"internal.metrics.shuffle.push.read.localMergedBlocksFetched",0,0,0,0
41,57040,"internal.metrics.shuffle.push.read.remoteMergedChunksFetched",0,0,0,0
41,57041,"internal.metrics.shuffle.push.read.localMergedChunksFetched",0,0,0,0
41,57042,"internal.metrics.shuffle.push.read.remoteMergedBytesRead",0,0,0,0
41,57043,"internal.metrics.shuffle.push.read.localMergedBytesRead",0,0,0,0
41,57044,"internal.metrics.shuffle.read.remoteReqsDuration",3642,8099,24498,6639304
41,57045,"internal.metrics.shuffle.push.read.remoteMergedReqsDuration",0,0,0,0
41,57046,"internal.metrics.shuffle.write.bytesWritten",9386290,12711126,16219647,10169068530
41,57047,"internal.metrics.shuffle.write.recordsWritten",227499,308757,395247,247163783
41,57048,"internal.metrics.shuffle.write.writeTime",7866154,11538665,56076730,9231093823
42,6260,"remote blocks read",931,1019,1036,4229457
42,6261,"local blocks read",1,1,105,75123
42,6262,"remote bytes read",89543690,100376413,107836279,412335574473
42,6264,"local bytes read",91982,807336,10166472,7341471572
42,6265,"fetch wait time",416,2910,7252,127989312
42,6266,"records read",2860598,3126522,3359677,12984942036
42,6275,"remote reqs duration",6590,16115,30275,303521340
42,6615,"remote blocks read",21,23,25,41960
42,6616,"local blocks read",1,1,4,637
42,6617,"remote bytes read",31516,36883,39447,62208295
42,6619,"local bytes read",1487,2967,6124,945154
42,6620,"fetch wait time",0,0,0,8966
42,6621,"records read",2393,2484,2669,4260328
42,6630,"remote reqs duration",2135,10870,20981,30779330
42,15349,"data size",102355352,126695095,147802160,109563442472
42,15368,"shuffle bytes written",37789996,46441759,53750150,40172875837
42,15369,"shuffle records written",1163129,1439703,1679570,1245039119
42,15370,"shuffle write time",22049510,27959920,74622786,25675966760
42,15371,"duration",2485,5175,9621,16361854
42,15372,"number of output rows",1163129,1439703,1679570,1245039119
42,15373,"spill size",0,0,0,0
42,15376,"sort time",103,110,168,108564
42,15377,"peak memory",335544320,336561107,402653184,291386687488
42,15378,"spill size",0,0,0,0
42,15379,"duration",4974,10388,19278,32735367
42,15380,"sort time",0,0,0,0
42,15381,"peak memory",67239936,67239936,67239936,58229784576
42,15382,"spill size",0,0,0,0
42,52287,"internal.metrics.executorDeserializeTime",2,2,149,614
42,52288,"internal.metrics.executorDeserializeCpuTime",2871810,5021458,9655757,331417495
42,52289,"internal.metrics.executorRunTime",3343,6162,10707,407734
42,52290,"internal.metrics.executorCpuTime",2564772774,3043196559,4030448652,200850973837
42,52291,"internal.metrics.resultSize",7952,7986,7997,527600
42,52292,"internal.metrics.jvmGCTime",23,108,245,7739
42,52296,"internal.metrics.peakExecutionMemory",570556416,612245240,704774144,40408186880
42,52298,"internal.metrics.shuffle.read.remoteBlocksFetched",953,1044,1061,69571
42,52299,"internal.metrics.shuffle.read.localBlocksFetched",0,0,108,455
42,52300,"internal.metrics.shuffle.read.remoteBytesRead",89575206,100413315,107873283,6627279855
42,52301,"internal.metrics.shuffle.read.remoteBytesReadToDisk",0,0,0,0
42,52302,"internal.metrics.shuffle.read.localBytesRead",0,660769,10170529,43611784
42,52303,"internal.metrics.shuffle.read.fetchWaitTime",416,2910,7252,193174
42,52304,"internal.metrics.shuffle.read.recordsRead",2863084,3129024,3362207,206516612
42,52305,"internal.metrics.shuffle.push.read.corruptMergedBlockChunks",0,0,0,0
42,52306,"internal.metrics.shuffle.push.read.mergedFetchFallbackCount",0,0,0,0
42,52307,"internal.metrics.shuffle.push.read.remoteMergedBlocksFetched",0,0,0,0
42,52308,"internal.metrics.shuffle.push.read.localMergedBlocksFetched",0,0,0,0
42,52309,"internal.metrics.shuffle.push.read.remoteMergedChunksFetched",0,0,0,0
42,52310,"internal.metrics.shuffle.push.read.localMergedChunksFetched",0,0,0,0
42,52311,"internal.metrics.shuffle.push.read.remoteMergedBytesRead",0,0,0,0
42,52312,"internal.metrics.shuffle.push.read.localMergedBytesRead",0,0,0,0
42,52313,"internal.metrics.shuffle.read.remoteReqsDuration",8725,27001,48553,1783171
42,52314,"internal.metrics.shuffle.push.read.remoteMergedReqsDuration",0,0,0,0
42,52315,"internal.metrics.shuffle.write.bytesWritten",37789996,46441759,53750150,3065157214
42,52316,"internal.metrics.shuffle.write.recordsWritten",1163129,1439703,1679570,95021335
42,52317,"internal.metrics.shuffle.write.writeTime",22049510,27959920,74622786,1845355848
43,6318,"remote blocks read",24,24,25,39960
43,6319,"local blocks read",1,1,1,40
43,6320,"remote bytes read",27568,29168,30688,46985695
43,6322,"local bytes read",943,1149,1337,46289
43,6323,"fetch wait time",0,0,0,0
43,6324,"records read",3552,3651,3959,6000000
43,6333,"remote reqs duration",238,824,3214,1942422
43,15351,"remote blocks read",787,787,800,636930
43,15352,"local blocks read",1,1,13,3070
43,15353,"remote bytes read",42211563,46161951,50103386,36929722172
43,15355,"local bytes read",43242,259693,795226,178002630
43,15356,"fetch wait time",0,0,92,2474
43,15357,"records read",1304989,1437320,1559174,1150017784
43,15366,"remote reqs duration",2838,6765,24306,5574354
43,35707,"data size",23659896,32131097,41105688,25705033432
43,35726,"shuffle bytes written",8108913,10978376,14010484,8782860935
43,35727,"shuffle records written",227499,308758,395247,247163783
43,35728,"shuffle write time",7166926,10709627,30333286,8567857839
43,35729,"duration",821,914,1584,863191
43,35730,"number of output rows",227499,308758,395247,247163783
43,35731,"spill size",0,0,0,0
43,35733,"duration",824,919,1589,869109
43,35734,"sort time",42,43,105,45683
43,35735,"peak memory",201326592,220787957,268435456,176630530048
43,35736,"spill size",0,0,0,0
43,35738,"sort time",0,0,0,0
43,35739,"peak memory",67239936,67239936,67239936,53791948800
43,35740,"spill size",0,0,0,0
43,57053,"internal.metrics.executorDeserializeTime",2,2,39,3208
43,57054,"internal.metrics.executorDeserializeCpuTime",2761342,4025489,8952619,3220544502
43,57055,"internal.metrics.executorRunTime",1032,1189,1960,1097528
43,57056,"internal.metrics.executorCpuTime",1013829251,1345955770,1927895809,1076764782921
43,57057,"internal.metrics.resultSize",11591,11591,11678,9301136
43,57058,"internal.metrics.jvmGCTime",8,8,113,13159
43,57059,"internal.metrics.resultSerializationTime",1,1,1,1
43,57062,"internal.metrics.peakExecutionMemory",339869696,363242255,411172864,290593964032
43,57064,"internal.metrics.shuffle.read.remoteBlocksFetched",811,811,825,656910
43,57065,"internal.metrics.shuffle.read.localBlocksFetched",0,0,14,3090
43,57066,"internal.metrics.shuffle.read.remoteBytesRead",42240733,46191316,50132900,36953215090
43,57067,"internal.metrics.shuffle.read.remoteBytesReadToDisk",0,0,0,0
43,57068,"internal.metrics.shuffle.read.localBytesRead",0,222329,795226,178025704
43,57069,"internal.metrics.shuffle.read.fetchWaitTime",0,0,92,2474
43,57070,"internal.metrics.shuffle.read.recordsRead",1308709,1441068,1562936,1153017784
43,57071,"internal.metrics.shuffle.push.read.corruptMergedBlockChunks",0,0,0,0
43,57072,"internal.metrics.shuffle.push.read.mergedFetchFallbackCount",0,0,0,0
43,57073,"internal.metrics.shuffle.push.read.remoteMergedBlocksFetched",0,0,0,0
43,57074,"internal.metrics.shuffle.push.read.localMergedBlocksFetched",0,0,0,0
43,57075,"internal.metrics.shuffle.push.read.remoteMergedChunksFetched",0,0,0,0
43,57076,"internal.metrics.shuffle.push.read.localMergedChunksFetched",0,0,0,0
43,57077,"internal.metrics.shuffle.push.read.remoteMergedBytesRead",0,0,0,0
43,57078,"internal.metrics.shuffle.push.read.localMergedBytesRead",0,0,0,0
43,57079,"internal.metrics.shuffle.read.remoteReqsDuration",3219,7806,27520,6405857
43,57080,"internal.metrics.shuffle.push.read.remoteMergedReqsDuration",0,0,0,0
43,57081,"internal.metrics.shuffle.write.bytesWritten",8108913,10978376,14010484,8782860935
43,57082,"internal.metrics.shuffle.write.recordsWritten",227499,308758,395247,247163783
43,57083,"internal.metrics.shuffle.write.writeTime",7166926,10709627,30333286,8567857839
44,6260,"remote blocks read",998,1026,1036,4226359
44,6261,"local blocks read",1,1,38,75113
44,6262,"remote bytes read",90881071,100708309,107156629,412041108511
44,6264,"local bytes read",97501,444964,3505855,7340425319
44,6265,"fetch wait time",200,1717,6284,127967184
44,6266,"records read",2891737,3127595,3338513,12975801082
44,6275,"remote reqs duration",10756,14996,24470,303461308
44,6915,"remote blocks read",25,25,25,82575
44,6917,"remote bytes read",14954,15832,16391,52199018
44,6920,"fetch wait time",0,0,0,36511
44,6921,"records read",2359,2493,2635,8348111
44,6930,"remote reqs duration",4958,7498,13444,58413800
44,17988,"data size",68182296,80510374,92287664,68265494360
44,18007,"shuffle bytes written",36467584,43045883,49181433,36493739883
44,18008,"shuffle records written",1217541,1437673,1647994,1219026685
44,18009,"shuffle write time",19109937,26451062,34766728,22826796802
44,18010,"duration",2552,4054,8617,16168588
44,18011,"number of output rows",1217541,1437673,1647994,1219026685
44,18012,"spill size",0,0,0,0
44,18015,"sort time",103,112,188,104933
44,18016,"peak memory",335544320,335544320,335544320,285279780864
44,18017,"spill size",0,0,0,0
44,18018,"duration",5154,8145,17238,32346374
44,18019,"sort time",0,0,0,0
44,18020,"peak memory",67239936,67239936,67239936,57019465728
44,18021,"spill size",0,0,0,0
44,52112,"internal.metrics.executorDeserializeTime",3,10,92,1125
44,52113,"internal.metrics.executorDeserializeCpuTime",3286022,7161083,14406795,343732512
44,52114,"internal.metrics.executorRunTime",3496,5197,9605,250136
44,52115,"internal.metrics.executorCpuTime",2431700627,3044861487,3846142765,146153351954
44,52116,"internal.metrics.resultSize",7952,7993,7997,383764
44,52117,"internal.metrics.jvmGCTime",16,134,267,6792
44,52121,"internal.metrics.peakExecutionMemory",570556416,570556416,570556416,27386707968
44,52123,"internal.metrics.shuffle.read.remoteBlocksFetched",1023,1051,1061,50736
44,52124,"internal.metrics.shuffle.read.localBlocksFetched",0,0,38,192
44,52125,"internal.metrics.shuffle.read.remoteBytesRead",90896725,100724154,107172491,4834759983
44,52126,"internal.metrics.shuffle.read.remoteBytesReadToDisk",0,0,0,0
44,52127,"internal.metrics.shuffle.read.localBytesRead",0,389340,3505855,18688938
44,52128,"internal.metrics.shuffle.read.fetchWaitTime",200,1717,6284,82951
44,52129,"internal.metrics.shuffle.read.recordsRead",2894236,3130098,3340945,150245268
44,52130,"internal.metrics.shuffle.push.read.corruptMergedBlockChunks",0,0,0,0
44,52131,"internal.metrics.shuffle.push.read.mergedFetchFallbackCount",0,0,0,0
44,52132,"internal.metrics.shuffle.push.read.remoteMergedBlocksFetched",0,0,0,0
44,52133,"internal.metrics.shuffle.push.read.localMergedBlocksFetched",0,0,0,0
44,52134,"internal.metrics.shuffle.push.read.remoteMergedChunksFetched",0,0,0,0
44,52135,"internal.metrics.shuffle.push.read.localMergedChunksFetched",0,0,0,0
44,52136,"internal.metrics.shuffle.push.read.remoteMergedBytesRead",0,0,0,0
44,52137,"internal.metrics.shuffle.push.read.localMergedBytesRead",0,0,0,0
44,52138,"internal.metrics.shuffle.read.remoteReqsDuration",16572,22506,35414,1080878
44,52139,"internal.metrics.shuffle.push.read.remoteMergedReqsDuration",0,0,0,0
44,52140,"internal.metrics.shuffle.write.bytesWritten",36467584,43045883,49181433,2066202912
44,52141,"internal.metrics.shuffle.write.recordsWritten",1217541,1437673,1647994,69008901
44,52142,"internal.metrics.shuffle.write.writeTime",19109937,26451062,34766728,1269651601
45,831,"number of output rows",120017,120017,120017,3120017
45,832,"scan time",5929,5929,5929,148581
45,6642,"data size",1920272,1920272,1920272,49920272
45,6661,"shuffle bytes written",819393,819393,819393,21316773
45,6662,"shuffle records written",120017,120017,120017,3120017
45,6663,"shuffle write time",5348421,5348421,5348421,105727714
45,6664,"duration",5978,5978,5978,149671
45,6665,"number of output rows",120017,120017,120017,3120017
45,6666,"number of output rows",120017,120017,120017,3120017
45,6667,"number of input batches",32,32,32,832
45,51937,"internal.metrics.executorDeserializeTime",8,8,8,8
45,51938,"internal.metrics.executorDeserializeCpuTime",3086630,3086630,3086630,3086630
45,51939,"internal.metrics.executorRunTime",6109,6109,6109,6109
45,51940,"internal.metrics.executorCpuTime",566196206,566196206,566196206,566196206
45,51941,"internal.metrics.resultSize",2939,2939,2939,2939
45,51942,"internal.metrics.jvmGCTime",22,22,22,22
45,51946,"internal.metrics.peakExecutionMemory",69206016,69206016,69206016,69206016
45,51965,"internal.metrics.shuffle.write.bytesWritten",819393,819393,819393,819393
45,51966,"internal.metrics.shuffle.write.recordsWritten",120017,120017,120017,120017
45,51967,"internal.metrics.shuffle.write.writeTime",5348421,5348421,5348421,5348421
45,51968,"internal.metrics.input.bytesRead",234464,234464,234464,234464
45,51969,"internal.metrics.input.recordsRead",120017,120017,120017,120017
46,6644,"remote blocks read",21,21,25,32450
46,6645,"local blocks read",1,1,4,150
46,6646,"remote bytes read",21084,25309,26826,33254175
46,6648,"local bytes read",898,2178,4289,154041
46,6649,"fetch wait time",0,0,0,2421
46,6650,"records read",3552,3650,3959,4889530
46,6659,"remote reqs duration",20,821,3545,1576803
46,17990,"remote blocks read",788,788,800,637480
46,17991,"local blocks read",1,1,12,2520
46,17992,"remote bytes read",39061799,42865746,46380994,34292759003
46,17994,"local bytes read",46985,211785,683413,134795343
46,17995,"fetch wait time",0,0,79,2241
46,17996,"records read",1304989,1437328,1559174,1150017784
46,18005,"remote reqs duration",1476,6005,22602,4963843
46,37912,"data size",10919952,14829629,18971856,11863861584
46,37931,"shuffle bytes written",6004579,8045552,10212490,6436596745
46,37932,"shuffle records written",227499,308755,395247,247163783
46,37933,"shuffle write time",6182694,8912002,41769517,7129762425
46,37934,"duration",730,821,1524,780688
46,37935,"number of output rows",227499,308755,395247,247163783
46,37936,"spill size",0,0,0,0
46,37938,"duration",733,825,1583,786925
46,37939,"sort time",43,43,102,45185
46,37940,"peak memory",201326592,201326592,201326592,161061273600
46,37941,"spill size",0,0,0,0
46,37943,"sort time",0,0,0,0
46,37944,"peak memory",67239936,67239936,67239936,53791948800
46,37945,"spill size",0,0,0,0
46,56983,"internal.metrics.executorDeserializeTime",2,2,56,3149
46,56984,"internal.metrics.executorDeserializeCpuTime",2746003,3900298,11376841,3120404792
46,56985,"internal.metrics.executorRunTime",926,1038,1926,972664
46,56986,"internal.metrics.executorCpuTime",906365793,1194009317,1796925783,955207615314
46,56987,"internal.metrics.resultSize",11591,11591,11678,9295897
46,56988,"internal.metrics.jvmGCTime",7,8,243,10512
46,56989,"internal.metrics.resultSerializationTime",13,13,13,13
46,56992,"internal.metrics.peakExecutionMemory",339869696,343780693,344064000,275024707584
46,56994,"internal.metrics.shuffle.read.remoteBlocksFetched",813,813,825,657395
46,56995,"internal.metrics.shuffle.read.localBlocksFetched",0,0,12,2605
46,56996,"internal.metrics.shuffle.read.remoteBytesRead",39087008,42891266,46406861,34313168821
46,56997,"internal.metrics.shuffle.read.remoteBytesReadToDisk",0,0,0,0
46,56998,"internal.metrics.shuffle.read.localBytesRead",0,168411,683413,134882905
46,56999,"internal.metrics.shuffle.read.fetchWaitTime",0,0,79,2241
46,57000,"internal.metrics.shuffle.read.recordsRead",1308709,1441073,1562936,1153017784
46,57001,"internal.metrics.shuffle.push.read.corruptMergedBlockChunks",0,0,0,0
46,57002,"internal.metrics.shuffle.push.read.mergedFetchFallbackCount",0,0,0,0
46,57003,"internal.metrics.shuffle.push.read.remoteMergedBlocksFetched",0,0,0,0
46,57004,"internal.metrics.shuffle.push.read.localMergedBlocksFetched",0,0,0,0
46,57005,"internal.metrics.shuffle.push.read.remoteMergedChunksFetched",0,0,0,0
46,57006,"internal.metrics.shuffle.push.read.localMergedChunksFetched",0,0,0,0
46,57007,"internal.metrics.shuffle.push.read.remoteMergedBytesRead",0,0,0,0
46,57008,"internal.metrics.shuffle.push.read.localMergedBytesRead",0,0,0,0
46,57009,"internal.metrics.shuffle.read.remoteReqsDuration",1680,7037,26076,5784008
46,57010,"internal.metrics.shuffle.push.read.remoteMergedReqsDuration",0,0,0,0
46,57011,"internal.metrics.shuffle.write.bytesWritten",6004579,8045552,10212490,6436596745
46,57012,"internal.metrics.shuffle.write.recordsWritten",227499,308755,395247,247163783
46,57013,"internal.metrics.shuffle.write.writeTime",6182694,8912002,41769517,7129762425
47,6586,"remote blocks read",983,1020,1036,2543327
47,6587,"local blocks read",2,17,53,23881
47,6588,"remote bytes read",96561054,104823596,111461064,257254771164
47,6590,"local bytes read",189009,2021327,5583895,2414421363
47,6591,"fetch wait time",0,3997,6320,26464561
47,6592,"records read",2881342,3145189,3329541,7745606141
47,6601,"remote reqs duration",6896,16427,24606,44583460
47,6615,"remote blocks read",21,22,25,41985
47,6616,"local blocks read",3,3,4,640
47,6617,"remote bytes read",30167,36571,38904,62245074
47,6619,"local bytes read",4654,5380,6157,949924
47,6620,"fetch wait time",0,0,0,8966
47,6621,"records read",2400,2498,2610,4262805
47,6630,"remote reqs duration",7120,15384,24167,30793548
47,20282,"data size",114561696,139787547,158200416,115853421984
47,20301,"shuffle bytes written",40868331,49383619,55721930,40934639290
47,20302,"shuffle records written",1193351,1456110,1647921,1206806479
47,20303,"shuffle write time",22693451,31226508,42580765,26257209651
47,20304,"duration",2696,6389,8688,12418304
47,20305,"number of output rows",1193351,1456110,1647921,1206806479
47,20306,"spill size",0,0,0,0
47,20309,"sort time",107,123,244,108918
47,20310,"peak memory",335544320,397490956,402653184,333933707264
47,20311,"spill size",0,0,0,0
47,20312,"duration",5394,12811,17420,24845192
47,20313,"sort time",0,0,0,0
47,20314,"peak memory",67239936,67239936,67239936,56414306304
47,20315,"spill size",0,0,0,0
47,52322,"internal.metrics.executorDeserializeTime",2,26,1093,1365
47,52323,"internal.metrics.executorDeserializeCpuTime",2665704,4968656,7590073,193777917
47,52324,"internal.metrics.executorRunTime",3927,7467,9945,291512
47,52325,"internal.metrics.executorCpuTime",2545178840,3269574057,4013596159,127513388623
47,52326,"internal.metrics.resultSize",7952,7983,7997,311667
47,52327,"internal.metrics.jvmGCTime",34,136,317,5081
47,52331,"internal.metrics.peakExecutionMemory",570556416,694449695,704774144,27083538432
47,52333,"internal.metrics.shuffle.read.remoteBlocksFetched",1005,1043,1061,41129
47,52334,"internal.metrics.shuffle.read.localBlocksFetched",0,0,56,250
47,52335,"internal.metrics.shuffle.read.remoteBytesRead",96598866,104860176,111498062,4089547179
47,52336,"internal.metrics.shuffle.read.remoteBytesReadToDisk",0,0,0,0
47,52337,"internal.metrics.shuffle.read.localBytesRead",0,622491,5588665,24277480
47,52338,"internal.metrics.shuffle.read.fetchWaitTime",0,3997,6320,156244
47,52339,"internal.metrics.shuffle.read.recordsRead",2883906,3147699,3332076,122760559
47,52340,"internal.metrics.shuffle.push.read.corruptMergedBlockChunks",0,0,0,0
47,52341,"internal.metrics.shuffle.push.read.mergedFetchFallbackCount",0,0,0,0
47,52342,"internal.metrics.shuffle.push.read.remoteMergedBlocksFetched",0,0,0,0
47,52343,"internal.metrics.shuffle.push.read.localMergedBlocksFetched",0,0,0,0
47,52344,"internal.metrics.shuffle.push.read.remoteMergedChunksFetched",0,0,0,0
47,52345,"internal.metrics.shuffle.push.read.localMergedChunksFetched",0,0,0,0
47,52346,"internal.metrics.shuffle.push.read.remoteMergedBytesRead",0,0,0,0
47,52347,"internal.metrics.shuffle.push.read.localMergedBytesRead",0,0,0,0
47,52348,"internal.metrics.shuffle.read.remoteReqsDuration",14016,31820,48773,1241351
47,52349,"internal.metrics.shuffle.push.read.remoteMergedReqsDuration",0,0,0,0
47,52350,"internal.metrics.shuffle.write.bytesWritten",40868331,49383619,55721930,1925961470
47,52351,"internal.metrics.shuffle.write.recordsWritten",1193351,1456110,1647921,56788695
47,52352,"internal.metrics.shuffle.write.writeTime",22693451,31226508,42580765,1217834203
48,6644,"remote blocks read",21,21,25,53989
48,6645,"local blocks read",1,1,4,232
48,6646,"remote bytes read",20710,25313,26826,55327597
48,6648,"local bytes read",884,2304,4395,237783
48,6649,"fetch wait time",0,0,0,2421
48,6650,"records read",3552,3650,3959,8133370
48,6659,"remote reqs duration",20,966,5200,2567530
48,20284,"remote blocks read",787,787,800,637433
48,20285,"local blocks read",1,1,13,2567
48,20286,"remote bytes read",44580176,48564950,52178390,38852118575
48,20288,"local bytes read",51745,289809,808642,156568658
48,20289,"fetch wait time",0,0,114,3788
48,20290,"records read",1304989,1437322,1559174,1150017784
48,20299,"remote reqs duration",2338,6825,35038,5624301
48,39865,"data size",20019912,27187811,34781736,21750412904
48,39884,"shuffle bytes written",8152692,11027524,14082734,8822180355
48,39885,"shuffle records written",227499,308757,395247,247163783
48,39886,"shuffle write time",7338051,10615801,49175806,8492797924
48,39887,"duration",841,926,1788,870653
48,39888,"number of output rows",227499,308757,395247,247163783
48,39889,"spill size",0,0,0,0
48,39891,"duration",847,931,1792,876145
48,39892,"sort time",40,42,105,45159
48,39893,"peak memory",201326592,267512499,268435456,214010167296
48,39894,"spill size",0,0,0,0
48,39896,"sort time",0,0,0,0
48,39897,"peak memory",67239936,67239936,67239936,53791948800
48,39898,"spill size",0,0,0,0
48,57088,"internal.metrics.executorDeserializeTime",2,2,111,3301
48,57089,"internal.metrics.executorDeserializeCpuTime",2689508,3848161,9280836,3078695538
48,57090,"internal.metrics.executorRunTime",1071,1201,2209,1104108
48,57091,"internal.metrics.executorCpuTime",1067512660,1350738862,2172779802,1080591243272
48,57092,"internal.metrics.resultSize",11591,11591,11637,9295370
48,57093,"internal.metrics.jvmGCTime",10,10,128,11889
48,57097,"internal.metrics.peakExecutionMemory",339869696,409966799,411172864,327973601280
48,57099,"internal.metrics.shuffle.read.remoteBlocksFetched",812,812,825,657347
48,57100,"internal.metrics.shuffle.read.localBlocksFetched",0,0,13,2653
48,57101,"internal.metrics.shuffle.read.remoteBytesRead",44605385,48590453,52204237,38872528014
48,57102,"internal.metrics.shuffle.read.remoteBytesReadToDisk",0,0,0,0
48,57103,"internal.metrics.shuffle.read.localBytesRead",0,195626,808642,156656599
48,57104,"internal.metrics.shuffle.read.fetchWaitTime",0,0,114,3788
48,57105,"internal.metrics.shuffle.read.recordsRead",1308709,1441065,1562936,1153017784
48,57106,"internal.metrics.shuffle.push.read.corruptMergedBlockChunks",0,0,0,0
48,57107,"internal.metrics.shuffle.push.read.mergedFetchFallbackCount",0,0,0,0
48,57108,"internal.metrics.shuffle.push.read.remoteMergedBlocksFetched",0,0,0,0
48,57109,"internal.metrics.shuffle.push.read.localMergedBlocksFetched",0,0,0,0
48,57110,"internal.metrics.shuffle.push.read.remoteMergedChunksFetched",0,0,0,0
48,57111,"internal.metrics.shuffle.push.read.localMergedChunksFetched",0,0,0,0
48,57112,"internal.metrics.shuffle.push.read.remoteMergedBytesRead",0,0,0,0
48,57113,"internal.metrics.shuffle.push.read.localMergedBytesRead",0,0,0,0
48,57114,"internal.metrics.shuffle.read.remoteReqsDuration",2477,7981,40238,6554355
48,57115,"internal.metrics.shuffle.push.read.remoteMergedReqsDuration",0,0,0,0
48,57116,"internal.metrics.shuffle.write.bytesWritten",8152692,11027524,14082734,8822180355
48,57117,"internal.metrics.shuffle.write.recordsWritten",227499,308757,395247,247163783
48,57118,"internal.metrics.shuffle.write.writeTime",7338051,10615801,49175806,8492797924
49,6586,"remote blocks read",1032,1032,1036,2501087
49,6587,"local blocks read",2,2,4,23645
49,6588,"remote bytes read",97119821,105315969,113904577,252946291550
49,6590,"local bytes read",197794,319653,417295,2390165408
49,6591,"fetch wait time",21,990,2483,26304803
49,6592,"records read",2895049,3144992,3407067,7616363911
49,6601,"remote reqs duration",7946,11804,18578,43916857
49,6915,"remote blocks read",25,25,25,82125
49,6917,"remote bytes read",15266,15913,16704,51913312
49,6920,"fetch wait time",0,0,0,36511
49,6921,"records read",2375,2503,2637,8302943
49,6930,"remote reqs duration",3368,7167,13668,58293708
49,20455,"data size",67957344,81491537,95010104,66193809808
49,20474,"shuffle bytes written",34181028,41004132,47721912,33321624164
49,20475,"shuffle records written",1213524,1455201,1696609,1182032318
49,20476,"shuffle write time",18281483,27086394,39682666,22416668560
49,20477,"duration",1854,3452,4846,9931346
49,20478,"number of output rows",1213524,1455201,1696609,1182032318
49,20479,"spill size",0,0,0,0
49,20482,"sort time",106,117,178,109222
49,20483,"peak memory",335544320,396552373,402653184,327155712000
49,20484,"spill size",0,0,0,0
49,20485,"duration",3713,6938,9752,19890417
49,20486,"sort time",0,0,0,0
49,20487,"peak memory",67239936,67239936,67239936,55271227392
49,20488,"spill size",0,0,0,0
49,52042,"internal.metrics.executorDeserializeTime",8,16,44,485
49,52043,"internal.metrics.executorDeserializeCpuTime",4663960,8591168,14533177,189005765
49,52044,"internal.metrics.executorRunTime",2661,4496,5970,99010
49,52045,"internal.metrics.executorCpuTime",2351679392,3166910782,4242376823,69672037314
49,52046,"internal.metrics.resultSize",7994,7994,7997,175910
49,52047,"internal.metrics.jvmGCTime",32,132,267,3031
49,52051,"internal.metrics.peakExecutionMemory",570556416,631564469,637665280,13894418432
49,52053,"internal.metrics.shuffle.read.remoteBlocksFetched",1057,1057,1061,23323
49,52054,"internal.metrics.shuffle.read.localBlocksFetched",0,0,4,19
49,52055,"internal.metrics.shuffle.read.remoteBytesRead",97135482,105331887,113920517,2317301619
49,52056,"internal.metrics.shuffle.read.remoteBytesReadToDisk",0,0,0,0
49,52057,"internal.metrics.shuffle.read.localBytesRead",0,87174,417295,1917924
49,52058,"internal.metrics.shuffle.read.fetchWaitTime",21,990,2483,21898
49,52059,"internal.metrics.shuffle.read.recordsRead",2897499,3147502,3409557,69245175
49,52060,"internal.metrics.shuffle.push.read.corruptMergedBlockChunks",0,0,0,0
49,52061,"internal.metrics.shuffle.push.read.mergedFetchFallbackCount",0,0,0,0
49,52062,"internal.metrics.shuffle.push.read.remoteMergedBlocksFetched",0,0,0,0
49,52063,"internal.metrics.shuffle.push.read.localMergedBlocksFetched",0,0,0,0
49,52064,"internal.metrics.shuffle.push.read.remoteMergedChunksFetched",0,0,0,0
49,52065,"internal.metrics.shuffle.push.read.localMergedChunksFetched",0,0,0,0
49,52066,"internal.metrics.shuffle.push.read.remoteMergedBytesRead",0,0,0,0
49,52067,"internal.metrics.shuffle.push.read.localMergedBytesRead",0,0,0,0
49,52068,"internal.metrics.shuffle.read.remoteReqsDuration",11314,18975,32246,417544
49,52069,"internal.metrics.shuffle.push.read.remoteMergedReqsDuration",0,0,0,0
49,52070,"internal.metrics.shuffle.write.bytesWritten",34181028,41004132,47721912,902090994
49,52071,"internal.metrics.shuffle.write.recordsWritten",1213524,1455201,1696609,32014534
49,52072,"internal.metrics.shuffle.write.writeTime",18281483,27086394,39682666,595900772
50,6644,"remote blocks read",21,21,25,59734
50,6645,"local blocks read",1,1,4,266
50,6646,"remote bytes read",21048,25301,26826,61219123
50,6648,"local bytes read",881,1938,4314,273017
50,6649,"fetch wait time",0,0,1702,2421
50,6650,"records read",3552,3651,3959,9000000
50,6659,"remote reqs duration",13,1110,11584,2798302
50,20457,"remote blocks read",791,791,800,643593
50,20458,"local blocks read",1,1,9,2807
50,20459,"remote bytes read",36555567,40347991,43660890,32598905261
50,20461,"local bytes read",41565,227598,492315,142750695
50,20462,"fetch wait time",0,0,5894,199736
50,20463,"records read",1304989,1437319,1559174,1161442591
50,20472,"remote reqs duration",792,8663,35829,7157610
50,42559,"data size",10919952,14829625,18971856,11863861584
50,42578,"shuffle bytes written",5126534,6861709,8703119,5489531123
50,42579,"shuffle records written",227499,308757,395247,247163783
50,42580,"shuffle write time",5868258,8730600,91303017,6984642427
50,42581,"duration",737,994,7107,971078
50,42582,"number of output rows",227499,308757,395247,247163783
50,42583,"spill size",0,0,0,0
50,42585,"duration",740,1006,7179,979337
50,42586,"sort time",44,44,122,46210
50,42587,"peak memory",201326592,201326592,201326592,161061273600
50,42588,"spill size",0,0,0,0
50,42590,"sort time",0,0,0,0
50,42591,"peak memory",67239936,67239936,67239936,53791948800
50,42592,"spill size",0,0,0,0
50,52357,"internal.metrics.executorDeserializeTime",2,2,895,6814
50,52358,"internal.metrics.executorDeserializeCpuTime",2686986,6290678,552023081,5032700009
50,52359,"internal.metrics.executorRunTime",918,1270,7921,1188121
50,52360,"internal.metrics.executorCpuTime",916202338,1174931065,2513863134,939945016549
50,52361,"internal.metrics.resultSize",11591,11591,11680,9297660
50,52362,"internal.metrics.jvmGCTime",6,8,282,19901
50,52363,"internal.metrics.resultSerializationTime",1,2,4,5
50,52366,"internal.metrics.peakExecutionMemory",339869696,343780690,344064000,275024707584
50,52368,"internal.metrics.shuffle.read.remoteBlocksFetched",813,813,825,657133
50,52369,"internal.metrics.shuffle.read.localBlocksFetched",0,0,12,2867
50,52370,"internal.metrics.shuffle.read.remoteBytesRead",36580776,40373496,43686757,32298956051
50,52371,"internal.metrics.shuffle.read.remoteBytesReadToDisk",0,0,0,0
50,52372,"internal.metrics.shuffle.read.localBytesRead",0,176142,492315,141075081
50,52373,"internal.metrics.shuffle.read.fetchWaitTime",0,3,5894,202136
50,52374,"internal.metrics.shuffle.read.recordsRead",1308709,1441065,1562936,1153017784
50,52375,"internal.metrics.shuffle.push.read.corruptMergedBlockChunks",0,0,0,0
50,52376,"internal.metrics.shuffle.push.read.mergedFetchFallbackCount",0,0,0,0
50,52377,"internal.metrics.shuffle.push.read.remoteMergedBlocksFetched",0,0,0,0
50,52378,"internal.metrics.shuffle.push.read.localMergedBlocksFetched",0,0,0,0
50,52379,"internal.metrics.shuffle.push.read.remoteMergedChunksFetched",0,0,0,0
50,52380,"internal.metrics.shuffle.push.read.localMergedChunksFetched",0,0,0,0
50,52381,"internal.metrics.shuffle.push.read.remoteMergedBytesRead",0,0,0,0
50,52382,"internal.metrics.shuffle.push.read.localMergedBytesRead",0,0,0,0
50,52383,"internal.metrics.shuffle.read.remoteReqsDuration",805,9978,39596,8136155
50,52384,"internal.metrics.shuffle.push.read.remoteMergedReqsDuration",0,0,0,0
50,52385,"internal.metrics.shuffle.write.bytesWritten",5126534,6861709,8703119,5489531123
50,52386,"internal.metrics.shuffle.write.recordsWritten",227499,308757,395247,247163783
50,52387,"internal.metrics.shuffle.write.writeTime",5868258,8730600,91303017,6984642427
51,6318,"remote blocks read",24,24,25,59940
51,6319,"local blocks read",1,1,1,60
51,6320,"remote bytes read",27455,29169,30688,70478089
51,6322,"local bytes read",988,1176,1408,69887
51,6323,"fetch wait time",0,0,0,0
51,6324,"records read",3552,3651,3959,9000000
51,6333,"remote reqs duration",382,627,2586,2616492
51,20457,"remote blocks read",791,791,800,1274520
51,20458,"local blocks read",1,1,9,5480
51,20459,"remote bytes read",36555620,40352090,43600006,64560386002
51,20461,"local bytes read",42602,223391,484113,278681502
51,20462,"fetch wait time",0,0,96,203049
51,20463,"records read",1304989,1437328,1559174,2300035568
51,20472,"remote reqs duration",4531,8700,30524,14201964
51,42701,"data size",16379928,22244545,28457784,17795792376
51,42720,"shuffle bytes written",5781614,7813247,9964852,6250757447
51,42721,"shuffle records written",227499,308749,395247,247163783
51,42722,"shuffle write time",6127662,8939289,41723735,7151589431
51,42723,"duration",748,828,1524,775744
51,42724,"number of output rows",227499,308749,395247,247163783
51,42725,"spill size",0,0,0,0
51,42727,"duration",750,834,1529,780831
51,42728,"sort time",43,45,114,46492
51,42729,"peak memory",201326592,201326592,201326592,161061273600
51,42730,"spill size",0,0,0,0
51,42732,"sort time",0,0,0,0
51,42733,"peak memory",67239936,67239936,67239936,53791948800
51,42734,"spill size",0,0,0,0
51,52392,"internal.metrics.executorDeserializeTime",2,2,62,3192
51,52393,"internal.metrics.executorDeserializeCpuTime",2737038,3902853,8519809,3122448940
51,52394,"internal.metrics.executorRunTime",939,1058,1857,973287
51,52395,"internal.metrics.executorCpuTime",939482359,1197537681,1768566057,958030308939
51,52396,"internal.metrics.resultSize",11591,11591,11680,9290633
51,52397,"internal.metrics.jvmGCTime",5,7,86,7819
51,52398,"internal.metrics.resultSerializationTime",1,13,29,41
51,52401,"internal.metrics.peakExecutionMemory",339869696,343780696,344064000,275024707584
51,52403,"internal.metrics.shuffle.read.remoteBlocksFetched",816,816,825,657272
51,52404,"internal.metrics.shuffle.read.localBlocksFetched",0,0,9,2728
51,52405,"internal.metrics.shuffle.read.remoteBytesRead",36584790,40381454,43629520,32305322211
51,52406,"internal.metrics.shuffle.read.remoteBytesReadToDisk",0,0,0,0
51,52407,"internal.metrics.shuffle.read.localBytesRead",0,171960,484113,137727533
51,52408,"internal.metrics.shuffle.read.fetchWaitTime",0,0,96,3334
51,52409,"internal.metrics.shuffle.read.recordsRead",1308709,1441083,1562936,1153017784
51,52410,"internal.metrics.shuffle.push.read.corruptMergedBlockChunks",0,0,0,0
51,52411,"internal.metrics.shuffle.push.read.mergedFetchFallbackCount",0,0,0,0
51,52412,"internal.metrics.shuffle.push.read.remoteMergedBlocksFetched",0,0,0,0
51,52413,"internal.metrics.shuffle.push.read.localMergedBlocksFetched",0,0,0,0
51,52414,"internal.metrics.shuffle.push.read.remoteMergedChunksFetched",0,0,0,0
51,52415,"internal.metrics.shuffle.push.read.localMergedChunksFetched",0,0,0,0
51,52416,"internal.metrics.shuffle.push.read.remoteMergedBytesRead",0,0,0,0
51,52417,"internal.metrics.shuffle.push.read.localMergedBytesRead",0,0,0,0
51,52418,"internal.metrics.shuffle.read.remoteReqsDuration",4959,9523,33110,7787962
51,52419,"internal.metrics.shuffle.push.read.remoteMergedReqsDuration",0,0,0,0
51,52420,"internal.metrics.shuffle.write.bytesWritten",5781614,7813247,9964852,6250757447
51,52421,"internal.metrics.shuffle.write.recordsWritten",227499,308749,395247,247163783
51,52422,"internal.metrics.shuffle.write.writeTime",6127662,8939289,41723735,7151589431
52,6586,"remote blocks read",986,1026,1036,2503159
52,6587,"local blocks read",2,9,50,23635
52,6588,"remote bytes read",95072051,105546688,111871468,253166650578
52,6590,"local bytes read",202963,1047467,4800422,2389147999
52,6591,"fetch wait time",32,736,2322,26308317
52,6592,"records read",2920713,3161960,3342715,7622943350
52,6601,"remote reqs duration",7624,11306,18271,43942452
52,6915,"remote blocks read",25,25,25,82375
52,6917,"remote bytes read",15455,15867,16264,52072337
52,6920,"fetch wait time",0,6,157,36511
52,6921,"records read",2406,2512,2609,8328014
52,6930,"remote reqs duration",2102,6808,13408,58355702
52,22508,"data size",77626304,94400816,106347008,75205952128
52,22527,"shuffle bytes written",37494690,45446389,51181657,36215015801
52,22528,"shuffle records written",1212911,1475008,1661672,1175093002
52,22529,"shuffle write time",21748741,36226965,104220536,24185332643
52,22530,"duration",2349,3359,5678,10294651
52,22531,"number of output rows",1212911,1475008,1661672,1175093002
52,22532,"spill size",0,0,0,0
52,22535,"sort time",113,129,191,110933
52,22536,"peak memory",335544320,398705600,402653184,325209554944
52,22537,"spill size",0,0,0,0
52,22538,"duration",4702,6735,11382,20617072
52,22539,"sort time",0,0,0,0
52,22540,"peak memory",67239936,67239936,67239936,54935027712
52,22541,"spill size",0,0,0,0
52,52077,"internal.metrics.executorDeserializeTime",7,27,112,531
52,52078,"internal.metrics.executorDeserializeCpuTime",3475054,8630042,14448010,146710792
52,52079,"internal.metrics.executorRunTime",3346,4526,7118,77003
52,52080,"internal.metrics.executorCpuTime",2794633014,3421185287,4382509879,58160149950
52,52081,"internal.metrics.resultSize",7994,7994,7997,135932
52,52082,"internal.metrics.jvmGCTime",16,139,267,2434
52,52086,"internal.metrics.peakExecutionMemory",570556416,633717696,637665280,10773200896
52,52088,"internal.metrics.shuffle.read.remoteBlocksFetched",1011,1051,1061,17962
52,52089,"internal.metrics.shuffle.read.localBlocksFetched",0,0,50,75
52,52090,"internal.metrics.shuffle.read.remoteBytesRead",95088032,105562560,111887597,1794563585
52,52091,"internal.metrics.shuffle.read.remoteBytesReadToDisk",0,0,0,0
52,52092,"internal.metrics.shuffle.read.localBytesRead",0,431307,4800422,7332282
52,52093,"internal.metrics.shuffle.read.fetchWaitTime",32,746,2322,12732
52,52094,"internal.metrics.shuffle.read.recordsRead",2923173,3164474,3345243,53796119
52,52095,"internal.metrics.shuffle.push.read.corruptMergedBlockChunks",0,0,0,0
52,52096,"internal.metrics.shuffle.push.read.mergedFetchFallbackCount",0,0,0,0
52,52097,"internal.metrics.shuffle.push.read.remoteMergedBlocksFetched",0,0,0,0
52,52098,"internal.metrics.shuffle.push.read.localMergedBlocksFetched",0,0,0,0
52,52099,"internal.metrics.shuffle.push.read.remoteMergedChunksFetched",0,0,0,0
52,52100,"internal.metrics.shuffle.push.read.localMergedChunksFetched",0,0,0,0
52,52101,"internal.metrics.shuffle.push.read.remoteMergedBytesRead",0,0,0,0
52,52102,"internal.metrics.shuffle.push.read.localMergedBytesRead",0,0,0,0
52,52103,"internal.metrics.shuffle.read.remoteReqsDuration",9726,18119,31679,308073
52,52104,"internal.metrics.shuffle.push.read.remoteMergedReqsDuration",0,0,0,0
52,52105,"internal.metrics.shuffle.write.bytesWritten",37494690,45446389,51181657,772588696
52,52106,"internal.metrics.shuffle.write.recordsWritten",1212911,1475008,1661672,25075218
52,52107,"internal.metrics.shuffle.write.writeTime",21748741,36226965,104220536,615858473
53,6644,"remote blocks read",21,21,25,79649
53,6645,"local blocks read",1,1,4,351
53,6646,"remote bytes read",20992,25308,26826,81628943
53,6648,"local bytes read",877,2180,4325,360577
53,6649,"fetch wait time",0,0,0,2421
53,6650,"records read",3552,3651,3959,12000000
53,6659,"remote reqs duration",9,821,3796,3620756
53,22510,"remote blocks read",791,791,800,636597
53,22511,"local blocks read",1,1,9,3403
53,22512,"remote bytes read",40250107,44065090,47612665,35252230556
53,22514,"local bytes read",50113,276679,535254,190196253
53,22515,"fetch wait time",0,0,162,3233
53,22516,"records read",1304989,1437312,1559174,1150017784
53,22525,"remote reqs duration",1190,9189,39010,7513372
53,46737,"data size",12739944,17301262,22133832,13841171848
53,46756,"shuffle bytes written",6252486,8389357,10672752,6711637174
53,46757,"shuffle records written",227499,308753,395247,247163783
53,46758,"shuffle write time",6382338,9220887,62438121,7376870432
53,46759,"duration",776,853,1575,808338
53,46760,"number of output rows",227499,308753,395247,247163783
53,46761,"spill size",0,0,0,0
53,46763,"duration",778,857,1623,813889
53,46764,"sort time",43,43,101,46447
53,46765,"peak memory",201326592,201326592,201326592,161061273600
53,46766,"spill size",0,0,0,0
53,46768,"sort time",0,0,0,0
53,46769,"peak memory",67239936,67239936,67239936,53791948800
53,46770,"spill size",0,0,0,0
53,54703,"internal.metrics.executorDeserializeTime",2,2,59,3089
53,54704,"internal.metrics.executorDeserializeCpuTime",2599858,3839446,8713461,3071712573
53,54705,"internal.metrics.executorRunTime",960,1083,2134,1015111
53,54706,"internal.metrics.executorCpuTime",960213937,1235618877,1815345163,988495261268
53,54707,"internal.metrics.resultSize",11591,11591,11637,9290427
53,54708,"internal.metrics.jvmGCTime",8,8,117,8126
53,54712,"internal.metrics.peakExecutionMemory",339869696,343780695,344064000,275024707584
53,54714,"internal.metrics.shuffle.read.remoteBlocksFetched",813,813,825,656512
53,54715,"internal.metrics.shuffle.read.localBlocksFetched",0,0,12,3488
53,54716,"internal.metrics.shuffle.read.remoteBytesRead",40275316,44090592,47638532,35272640376
53,54717,"internal.metrics.shuffle.read.remoteBytesReadToDisk",0,0,0,0
53,54718,"internal.metrics.shuffle.read.localBytesRead",0,237654,535254,190283813
53,54719,"internal.metrics.shuffle.read.fetchWaitTime",0,0,162,3233
53,54720,"internal.metrics.shuffle.read.recordsRead",1308709,1441070,1562936,1153017784
53,54721,"internal.metrics.shuffle.push.read.corruptMergedBlockChunks",0,0,0,0
53,54722,"internal.metrics.shuffle.push.read.mergedFetchFallbackCount",0,0,0,0
53,54723,"internal.metrics.shuffle.push.read.remoteMergedBlocksFetched",0,0,0,0
53,54724,"internal.metrics.shuffle.push.read.localMergedBlocksFetched",0,0,0,0
53,54725,"internal.metrics.shuffle.push.read.remoteMergedChunksFetched",0,0,0,0
53,54726,"internal.metrics.shuffle.push.read.localMergedChunksFetched",0,0,0,0
53,54727,"internal.metrics.shuffle.push.read.remoteMergedBytesRead",0,0,0,0
53,54728,"internal.metrics.shuffle.push.read.localMergedBytesRead",0,0,0,0
53,54729,"internal.metrics.shuffle.read.remoteReqsDuration",1201,10219,42806,8335826
53,54730,"internal.metrics.shuffle.push.read.remoteMergedReqsDuration",0,0,0,0
53,54731,"internal.metrics.shuffle.write.bytesWritten",6252486,8389357,10672752,6711637174
53,54732,"internal.metrics.shuffle.write.recordsWritten",227499,308753,395247,247163783
53,54733,"internal.metrics.shuffle.write.writeTime",6382338,9220887,62438121,7376870432
54,6260,"remote blocks read",1032,1032,1036,4330162
54,6261,"local blocks read",1,2,4,75946
54,6262,"remote bytes read",97442697,102944024,109362405,422161604094
54,6264,"local bytes read",97268,362713,442975,7422198310
54,6265,"fetch wait time",0,4119,9243,128435129
54,6266,"records read",3021892,3196471,3407067,13291486921
54,6275,"remote reqs duration",4590,14385,24409,305666353
54,7529,"remote blocks read",25,25,25,40634
54,7531,"remote bytes read",24379,24827,25338,40438904
54,7534,"fetch wait time",0,0,0,33082
54,7535,"records read",2442,2493,2549,4092409
54,7544,"remote reqs duration",394,1501,2175,66977465
54,23934,"data size",84409984,96466069,108582976,74662264960
54,23953,"shuffle bytes written",37837316,43146144,48562309,33399018476
54,23954,"shuffle records written",1318906,1507280,1696609,1166597890
54,23955,"shuffle write time",21153053,25068368,33600634,20502818342
54,23956,"duration",1799,6318,11663,51733204
54,23957,"number of output rows",1318906,1507280,1696609,1166597890
54,23958,"spill size",0,0,0,0
54,23961,"sort time",110,119,139,97063
54,23962,"peak memory",335544320,341645124,402653184,272931749888
54,23963,"spill size",0,0,0,0
54,23964,"duration",3598,12641,23330,103483415
54,23965,"sort time",0,0,0,0
54,23966,"peak memory",67239936,67239936,67239936,54531588096
54,23967,"spill size",0,0,0,0
54,52217,"internal.metrics.executorDeserializeTime",6,14,67,169
54,52218,"internal.metrics.executorDeserializeCpuTime",4457280,5022938,6262557,55252348
54,52219,"internal.metrics.executorRunTime",2558,7202,12751,79259
54,52220,"internal.metrics.executorCpuTime",2539615936,2974827246,3369170184,32723099737
54,52221,"internal.metrics.resultSize",7952,7986,7997,87872
54,52222,"internal.metrics.jvmGCTime",16,32,61,311
54,52226,"internal.metrics.peakExecutionMemory",570556416,576657220,637665280,6343229440
54,52228,"internal.metrics.shuffle.read.remoteBlocksFetched",1057,1057,1061,11639
54,52229,"internal.metrics.shuffle.read.localBlocksFetched",0,0,4,32
54,52230,"internal.metrics.shuffle.read.remoteBytesRead",97467405,102968854,109387231,1132657426
54,52231,"internal.metrics.shuffle.read.remoteBytesReadToDisk",0,0,0,0
54,52232,"internal.metrics.shuffle.read.localBytesRead",0,296764,442975,3264444
54,52233,"internal.metrics.shuffle.read.fetchWaitTime",0,4119,9243,45339
54,52234,"internal.metrics.shuffle.read.recordsRead",3024400,3198966,3409557,35188652
54,52235,"internal.metrics.shuffle.push.read.corruptMergedBlockChunks",0,0,0,0
54,52236,"internal.metrics.shuffle.push.read.mergedFetchFallbackCount",0,0,0,0
54,52237,"internal.metrics.shuffle.push.read.remoteMergedBlocksFetched",0,0,0,0
54,52238,"internal.metrics.shuffle.push.read.localMergedBlocksFetched",0,0,0,0
54,52239,"internal.metrics.shuffle.push.read.remoteMergedChunksFetched",0,0,0,0
54,52240,"internal.metrics.shuffle.push.read.localMergedChunksFetched",0,0,0,0
54,52241,"internal.metrics.shuffle.push.read.remoteMergedBytesRead",0,0,0,0
54,52242,"internal.metrics.shuffle.push.read.localMergedBytesRead",0,0,0,0
54,52243,"internal.metrics.shuffle.read.remoteReqsDuration",5804,15887,26584,174786
54,52244,"internal.metrics.shuffle.push.read.remoteMergedReqsDuration",0,0,0,0
54,52245,"internal.metrics.shuffle.write.bytesWritten",37837316,43146144,48562309,474607617
54,52246,"internal.metrics.shuffle.write.recordsWritten",1318906,1507280,1696609,16580106
54,52247,"internal.metrics.shuffle.write.writeTime",21153053,25068368,33600634,275752073
55,6644,"remote blocks read",21,21,25,119867
55,6645,"local blocks read",1,1,4,533
55,6646,"remote bytes read",20958,25309,26826,122848990
55,6648,"local bytes read",862,2135,4254,545104
55,6649,"fetch wait time",0,0,0,2421
55,6650,"records read",3552,3651,3959,18059940
55,6659,"remote reqs duration",27,859,3975,6257461
55,23936,"remote blocks read",793,793,799,636675
55,23937,"local blocks read",1,1,7,3325
55,23938,"remote bytes read",37433690,40943411,44344705,32754889687
55,23940,"local bytes read",49079,211702,387027,169521631
55,23941,"fetch wait time",0,0,194,4668
55,23942,"records read",1304989,1437328,1559174,1150017784
55,23951,"remote reqs duration",3257,10719,47122,8739254
55,47876,"data size",12739944,17301269,22133832,13841171848
55,47895,"shuffle bytes written",5229411,7000053,8900820,5600205462
55,47896,"shuffle records written",227499,308758,395247,247163783
55,47897,"shuffle write time",5650494,8546703,39907245,6837526218
55,47898,"duration",746,838,1541,786981
55,47899,"number of output rows",227499,308758,395247,247163783
55,47900,"spill size",0,0,0,0
55,47902,"duration",749,843,1545,791897
55,47903,"sort time",44,44,105,46451
55,47904,"peak memory",201326592,201326592,201326592,161061273600
55,47905,"spill size",0,0,0,0
55,47907,"sort time",0,0,0,0
55,47908,"peak memory",67239936,67239936,67239936,53791948800
55,47909,"spill size",0,0,0,0
55,71663,"internal.metrics.executorDeserializeTime",2,2,34,3046
55,71664,"internal.metrics.executorDeserializeCpuTime",2648926,3836590,9782661,3069427493
55,71665,"internal.metrics.executorRunTime",915,1056,1874,976027
55,71666,"internal.metrics.executorCpuTime",915111354,1194925815,1747841688,955940814505
55,71667,"internal.metrics.resultSize",11591,11591,11637,9289001
55,71668,"internal.metrics.jvmGCTime",9,10,56,7194
55,71672,"internal.metrics.peakExecutionMemory",339869696,343780685,344064000,275024707584
55,71674,"internal.metrics.shuffle.read.remoteBlocksFetched",816,816,824,656589
55,71675,"internal.metrics.shuffle.read.localBlocksFetched",1,1,9,3411
55,71676,"internal.metrics.shuffle.read.remoteBytesRead",37458899,40968921,44370572,32775299154
55,71677,"internal.metrics.shuffle.read.remoteBytesReadToDisk",0,0,0,0
55,71678,"internal.metrics.shuffle.read.localBytesRead",49079,211815,387027,169609544
55,71679,"internal.metrics.shuffle.read.fetchWaitTime",0,0,194,4668
55,71680,"internal.metrics.shuffle.read.recordsRead",1308709,1441081,1562936,1153017784
55,71681,"internal.metrics.shuffle.push.read.corruptMergedBlockChunks",0,0,0,0
55,71682,"internal.metrics.shuffle.push.read.mergedFetchFallbackCount",0,0,0,0
55,71683,"internal.metrics.shuffle.push.read.remoteMergedBlocksFetched",0,0,0,0
55,71684,"internal.metrics.shuffle.push.read.localMergedBlocksFetched",0,0,0,0
55,71685,"internal.metrics.shuffle.push.read.remoteMergedChunksFetched",0,0,0,0
55,71686,"internal.metrics.shuffle.push.read.localMergedChunksFetched",0,0,0,0
55,71687,"internal.metrics.shuffle.push.read.remoteMergedBytesRead",0,0,0,0
55,71688,"internal.metrics.shuffle.push.read.localMergedBytesRead",0,0,0,0
55,71689,"internal.metrics.shuffle.read.remoteReqsDuration",3555,11786,51097,9594093
55,71690,"internal.metrics.shuffle.push.read.remoteMergedReqsDuration",0,0,0,0
55,71691,"internal.metrics.shuffle.write.bytesWritten",5229411,7000053,8900820,5600205462
55,71692,"internal.metrics.shuffle.write.recordsWritten",227499,308758,395247,247163783
55,71693,"internal.metrics.shuffle.write.writeTime",5650494,8546703,39907245,6837526218
57,6260,"remote blocks read",931,1014,1036,4331194
57,6261,"local blocks read",1,1,105,75950
57,6262,"remote bytes read",88367345,99931053,107218766,422261893526
57,6264,"local bytes read",90629,985430,10713697,7422586702
57,6265,"fetch wait time",0,4632,9177,128444306
57,6266,"records read",2855713,3119257,3329541,13294599770
57,6275,"remote reqs duration",2986,22915,42567,305698252
57,7947,"remote blocks read",22,23,25,22087
57,7948,"local blocks read",1,1,3,113
57,7949,"remote bytes read",25107,28827,29998,25622117
57,7951,"local bytes read",983,1851,3474,130668
57,7952,"fetch wait time",0,0,0,0
57,7953,"records read",2374,2477,2611,2219846
57,7962,"remote reqs duration",1220,12892,30788,2489652
57,27108,"data size",66688552,80219829,92283576,71460342576
57,27127,"shuffle bytes written",35189836,42266332,48452065,37652976865
57,27128,"shuffle records written",1190867,1432473,1647921,1276077546
57,27129,"shuffle write time",19772909,25536496,71732383,23205390889
57,27130,"duration",1734,6761,11589,39216410
57,27131,"number of output rows",1190867,1432473,1647921,1276077546
57,27132,"spill size",0,0,0,0
57,27135,"sort time",100,105,168,106051
57,27136,"peak memory",335544320,335544320,335544320,298701553664
57,27137,"spill size",0,0,0,0
57,27138,"duration",3471,13548,23180,78443148
57,27139,"sort time",0,0,0,0
57,27140,"peak memory",67239936,67239936,67239936,59709063168
57,27141,"spill size",0,0,0,0
57,52147,"internal.metrics.executorDeserializeTime",2,207,8304,19899
57,52148,"internal.metrics.executorDeserializeCpuTime",2370184,4114799,7974137,362104303
57,52149,"internal.metrics.executorRunTime",2524,7588,12678,669453
57,52150,"internal.metrics.executorCpuTime",2305363588,2783781518,3479683748,244972775447
57,52151,"internal.metrics.resultSize",7952,7978,7997,703242
57,52152,"internal.metrics.jvmGCTime",11,15,119,2913
57,52156,"internal.metrics.peakExecutionMemory",570556416,570556416,570556416,50208964608
57,52158,"internal.metrics.shuffle.read.remoteBlocksFetched",955,1039,1061,92563
57,52159,"internal.metrics.shuffle.read.localBlocksFetched",0,1,106,805
57,52160,"internal.metrics.shuffle.read.remoteBytesRead",88394563,99959904,107248051,8796473542
57,52161,"internal.metrics.shuffle.read.remoteBytesReadToDisk",0,0,0,0
57,52162,"internal.metrics.shuffle.read.localBytesRead",0,884773,10714680,77861805
57,52163,"internal.metrics.shuffle.read.fetchWaitTime",0,4632,9177,409655
57,52164,"internal.metrics.shuffle.read.recordsRead",2858106,3121756,3332076,274716379
57,52165,"internal.metrics.shuffle.push.read.corruptMergedBlockChunks",0,0,0,0
57,52166,"internal.metrics.shuffle.push.read.mergedFetchFallbackCount",0,0,0,0
57,52167,"internal.metrics.shuffle.push.read.remoteMergedBlocksFetched",0,0,0,0
57,52168,"internal.metrics.shuffle.push.read.localMergedBlocksFetched",0,0,0,0
57,52169,"internal.metrics.shuffle.push.read.remoteMergedChunksFetched",0,0,0,0
57,52170,"internal.metrics.shuffle.push.read.localMergedChunksFetched",0,0,0,0
57,52171,"internal.metrics.shuffle.push.read.remoteMergedBytesRead",0,0,0,0
57,52172,"internal.metrics.shuffle.push.read.localMergedBytesRead",0,0,0,0
57,52173,"internal.metrics.shuffle.read.remoteReqsDuration",4700,35832,73355,3155184
57,52174,"internal.metrics.shuffle.push.read.remoteMergedReqsDuration",0,0,0,0
57,52175,"internal.metrics.shuffle.write.bytesWritten",35189836,42266332,48452065,3719439140
57,52176,"internal.metrics.shuffle.write.recordsWritten",1190867,1432473,1647921,126059762
57,52177,"internal.metrics.shuffle.write.writeTime",19772909,25536496,71732383,2247213694
58,6644,"remote blocks read",21,21,25,140618
58,6645,"local blocks read",1,1,4,623
58,6646,"remote bytes read",20614,25306,26826,144117534
58,6648,"local bytes read",933,2231,4398,637945
58,6649,"fetch wait time",0,0,0,2421
58,6650,"records read",3552,3651,3959,21187809
58,6659,"remote reqs duration",435,798,3384,7082913
58,27110,"remote blocks read",790,790,799,635485
58,27111,"local blocks read",1,1,10,4515
58,27112,"remote bytes read",38349205,42119081,45411842,33695420659
58,27114,"local bytes read",48976,297449,520329,238114387
58,27115,"fetch wait time",0,0,84,2647
58,27116,"records read",1304989,1437327,1559174,1150017784
58,27125,"remote reqs duration",5127,9815,36314,8012177
58,50492,"data size",10919952,14829636,18971856,11863861584
58,50511,"shuffle bytes written",5803681,7745033,9799044,6196185941
58,50512,"shuffle records written",227499,308751,395247,247163783
58,50513,"shuffle write time",5990099,8954949,72215258,7164120415
58,50514,"duration",748,842,1500,791886
58,50515,"number of output rows",227499,308751,395247,247163783
58,50516,"spill size",0,0,0,0
58,50518,"duration",753,845,1503,796533
58,50519,"sort time",44,44,107,46597
58,50520,"peak memory",201326592,201326592,201326592,161061273600
58,50521,"spill size",0,0,0,0
58,50523,"sort time",0,0,0,0
58,50524,"peak memory",67239936,67239936,67239936,53791948800
58,50525,"spill size",0,0,0,0
58,71698,"internal.metrics.executorDeserializeTime",2,2,21,2904
58,71699,"internal.metrics.executorDeserializeCpuTime",2613654,3736878,11567162,2989665528
58,71700,"internal.metrics.executorRunTime",934,1055,1805,979729
58,71701,"internal.metrics.executorCpuTime",933396346,1205441647,1748544813,964353479273
58,71702,"internal.metrics.resultSize",11591,11591,11637,9288827
58,71703,"internal.metrics.jvmGCTime",10,10,76,7339
58,71707,"internal.metrics.peakExecutionMemory",339869696,343780691,344064000,275024707584
58,71709,"internal.metrics.shuffle.read.remoteBlocksFetched",815,815,824,655396
58,71710,"internal.metrics.shuffle.read.localBlocksFetched",1,1,10,4604
58,71711,"internal.metrics.shuffle.read.remoteBytesRead",38373372,42144583,45437709,33715826200
58,71712,"internal.metrics.shuffle.read.remoteBytesReadToDisk",0,0,0,0
58,71713,"internal.metrics.shuffle.read.localBytesRead",48976,297558,520329,238206226
58,71714,"internal.metrics.shuffle.read.fetchWaitTime",0,0,84,2647
58,71715,"internal.metrics.shuffle.read.recordsRead",1308709,1441070,1562936,1153017784
58,71716,"internal.metrics.shuffle.push.read.corruptMergedBlockChunks",0,0,0,0
58,71717,"internal.metrics.shuffle.push.read.mergedFetchFallbackCount",0,0,0,0
58,71718,"internal.metrics.shuffle.push.read.remoteMergedBlocksFetched",0,0,0,0
58,71719,"internal.metrics.shuffle.push.read.localMergedBlocksFetched",0,0,0,0
58,71720,"internal.metrics.shuffle.push.read.remoteMergedChunksFetched",0,0,0,0
58,71721,"internal.metrics.shuffle.push.read.localMergedChunksFetched",0,0,0,0
58,71722,"internal.metrics.shuffle.push.read.remoteMergedBytesRead",0,0,0,0
58,71723,"internal.metrics.shuffle.push.read.localMergedBytesRead",0,0,0,0
58,71724,"internal.metrics.shuffle.read.remoteReqsDuration",5599,10824,39698,8816974
58,71725,"internal.metrics.shuffle.push.read.remoteMergedReqsDuration",0,0,0,0
58,71726,"internal.metrics.shuffle.write.bytesWritten",5803681,7745033,9799044,6196185941
58,71727,"internal.metrics.shuffle.write.recordsWritten",227499,308751,395247,247163783
58,71728,"internal.metrics.shuffle.write.writeTime",5990099,8954949,72215258,7164120415
60,6644,"remote blocks read",21,21,25,99653
60,6645,"local blocks read",1,1,4,447
60,6646,"remote bytes read",21151,25302,26826,102131466
60,6648,"local bytes read",809,1884,4260,457191
60,6649,"fetch wait time",0,0,0,2421
60,6650,"records read",3552,3651,3959,15014877
60,6659,"remote reqs duration",277,2007,25224,5390081
60,29496,"remote blocks read",790,790,800,635535
60,29497,"local blocks read",2,2,10,4465
60,29498,"remote bytes read",23878245,26159537,28309459,20927783161
60,29500,"local bytes read",55064,191871,351618,147888404
60,29501,"fetch wait time",0,469,9373,509611
60,29502,"records read",1304989,1437322,1559174,1150017784
60,29511,"remote reqs duration",3635,9122,43425,7463376
60,53210,"data size",7279968,9886355,12647904,7909241056
60,53229,"shuffle bytes written",2968528,3932904,4935861,3146480906
60,53230,"shuffle records written",227499,308753,395247,247163783
60,53231,"shuffle write time",4526894,6530800,41821665,5224808283
60,53232,"duration",662,1268,10356,1161236
60,53233,"number of output rows",227499,308753,395247,247163783
60,53234,"spill size",0,0,0,0
60,53236,"duration",666,1273,10407,1165319
60,53237,"sort time",43,45,95,45268
60,53238,"peak memory",134217728,135643599,201326592,108515033088
60,53239,"spill size",0,0,0,0
60,53241,"sort time",0,0,0,0
60,53242,"peak memory",67239936,67239936,67239936,53791948800
60,53243,"spill size",0,0,0,0
60,54668,"internal.metrics.executorDeserializeTime",2,2,20,2725
60,54669,"internal.metrics.executorDeserializeCpuTime",2431640,3596578,7250913,2877421907
60,54670,"internal.metrics.executorRunTime",798,1448,10621,1310274
60,54671,"internal.metrics.executorCpuTime",798157677,989857285,1427829980,791885986621
60,54672,"internal.metrics.resultSize",11591,11591,11637,9286527
60,54673,"internal.metrics.jvmGCTime",10,11,72,5978
60,54677,"internal.metrics.peakExecutionMemory",272760832,278097883,344064000,222478467072
60,54679,"internal.metrics.shuffle.read.remoteBlocksFetched",815,815,825,655439
60,54680,"internal.metrics.shuffle.read.localBlocksFetched",0,0,10,4561
60,54681,"internal.metrics.shuffle.read.remoteBytesRead",23903454,26185028,28335326,20948183927
60,54682,"internal.metrics.shuffle.read.remoteBytesReadToDisk",0,0,0,0
60,54683,"internal.metrics.shuffle.read.localBytesRead",0,184775,351618,147985018
60,54684,"internal.metrics.shuffle.read.fetchWaitTime",0,469,9373,509611
60,54685,"internal.metrics.shuffle.read.recordsRead",1308709,1441081,1562936,1153017784
60,54686,"internal.metrics.shuffle.push.read.corruptMergedBlockChunks",0,0,0,0
60,54687,"internal.metrics.shuffle.push.read.mergedFetchFallbackCount",0,0,0,0
60,54688,"internal.metrics.shuffle.push.read.remoteMergedBlocksFetched",0,0,0,0
60,54689,"internal.metrics.shuffle.push.read.localMergedBlocksFetched",0,0,0,0
60,54690,"internal.metrics.shuffle.push.read.remoteMergedChunksFetched",0,0,0,0
60,54691,"internal.metrics.shuffle.push.read.localMergedChunksFetched",0,0,0,0
60,54692,"internal.metrics.shuffle.push.read.remoteMergedBytesRead",0,0,0,0
60,54693,"internal.metrics.shuffle.push.read.localMergedBytesRead",0,0,0,0
60,54694,"internal.metrics.shuffle.read.remoteReqsDuration",3998,11340,68649,9230780
60,54695,"internal.metrics.shuffle.push.read.remoteMergedReqsDuration",0,0,0,0
60,54696,"internal.metrics.shuffle.write.bytesWritten",2968528,3932904,4935861,3146480906
60,54697,"internal.metrics.shuffle.write.recordsWritten",227499,308753,395247,247163783
60,54698,"internal.metrics.shuffle.write.writeTime",4526894,6530800,41821665,5224808283
62,6644,"remote blocks read",21,21,25,159288
62,6645,"local blocks read",1,1,4,712
62,6646,"remote bytes read",20988,25306,26826,163250877
62,6648,"local bytes read",809,2159,4340,728163
62,6649,"fetch wait time",0,0,0,2421
62,6650,"records read",3552,3649,3959,24000000
62,6659,"remote reqs duration",57,473,2390,7573439
62,30977,"remote blocks read",779,779,800,628688
62,30978,"local blocks read",4,4,21,11312
62,30979,"remote bytes read",26304484,28842596,31165233,23074231862
62,30981,"local bytes read",137748,532228,812567,414760549
62,30982,"fetch wait time",0,0,33,290
62,30983,"records read",1304989,1437318,1559174,1150017784
62,30992,"remote reqs duration",2042,3682,16680,3109664
62,56689,"data size",10919952,14829627,18971856,11863861584
62,56708,"shuffle bytes written",3697674,4898939,6171949,3919312696
62,56709,"shuffle records written",227499,308753,395247,247163783
62,56710,"shuffle write time",4857775,7141323,11948304,5713212296
62,56711,"duration",697,764,1396,723686
62,56712,"number of output rows",227499,308753,395247,247163783
62,56713,"spill size",0,0,0,0
62,56715,"duration",699,770,1399,727890
62,56716,"sort time",43,44,111,46306
62,56717,"peak memory",201326592,201326592,201326592,161061273600
62,56718,"spill size",0,0,0,0
62,56720,"sort time",0,0,0,0
62,56721,"peak memory",67239936,67239936,67239936,53791948800
62,56722,"spill size",0,0,0,0
62,56948,"internal.metrics.executorDeserializeTime",2,2,28,2895
62,56949,"internal.metrics.executorDeserializeCpuTime",2333422,3681469,8564282,2945335954
62,56950,"internal.metrics.executorRunTime",877,956,1659,892290
62,56951,"internal.metrics.executorCpuTime",876321179,1101769350,1616316403,881415634780
62,56952,"internal.metrics.resultSize",11591,11591,11637,9286637
62,56953,"internal.metrics.jvmGCTime",11,11,164,6223
62,56957,"internal.metrics.peakExecutionMemory",339869696,343780684,344064000,275024707584
62,56959,"internal.metrics.shuffle.read.remoteBlocksFetched",804,804,825,648598
62,56960,"internal.metrics.shuffle.read.localBlocksFetched",0,0,21,11402
62,56961,"internal.metrics.shuffle.read.remoteBytesRead",26329693,28868094,31191080,23094638022
62,56962,"internal.metrics.shuffle.read.remoteBytesReadToDisk",0,0,0,0
62,56963,"internal.metrics.shuffle.read.localBytesRead",0,518369,812567,414851769
62,56964,"internal.metrics.shuffle.read.fetchWaitTime",0,0,33,290
62,56965,"internal.metrics.shuffle.read.recordsRead",1308709,1441072,1562936,1153017784
62,56966,"internal.metrics.shuffle.push.read.corruptMergedBlockChunks",0,0,0,0
62,56967,"internal.metrics.shuffle.push.read.mergedFetchFallbackCount",0,0,0,0
62,56968,"internal.metrics.shuffle.push.read.remoteMergedBlocksFetched",0,0,0,0
62,56969,"internal.metrics.shuffle.push.read.localMergedBlocksFetched",0,0,0,0
62,56970,"internal.metrics.shuffle.push.read.remoteMergedChunksFetched",0,0,0,0
62,56971,"internal.metrics.shuffle.push.read.localMergedChunksFetched",0,0,0,0
62,56972,"internal.metrics.shuffle.push.read.remoteMergedBytesRead",0,0,0,0
62,56973,"internal.metrics.shuffle.push.read.localMergedBytesRead",0,0,0,0
62,56974,"internal.metrics.shuffle.read.remoteReqsDuration",2414,4345,18998,3635307
62,56975,"internal.metrics.shuffle.push.read.remoteMergedReqsDuration",0,0,0,0
62,56976,"internal.metrics.shuffle.write.bytesWritten",3697674,4898939,6171949,3919312696
62,56977,"internal.metrics.shuffle.write.recordsWritten",227499,308753,395247,247163783
62,56978,"internal.metrics.shuffle.write.writeTime",4857775,7141323,11948304,5713212296
65,524,"number of output rows",20000,20002,20005,540005
65,525,"scan time",7376,7662,7948,190754
65,6345,"data size",1100848,1101260,1101672,29739880
65,6364,"shuffle bytes written",486235,486705,487175,13122941
65,6365,"shuffle records written",20000,20002,20005,540005
65,6366,"shuffle write time",3380452,3383730,3387009,99231810
65,6367,"duration",7400,7687,7975,191517
65,6368,"number of output rows",20000,20002,20005,540005
65,6369,"number of output rows",20000,20002,20005,540005
65,6370,"number of input batches",32,32,32,864
65,59308,"internal.metrics.executorDeserializeTime",6,8,10,16
65,59309,"internal.metrics.executorDeserializeCpuTime",3129660,3249049,3368439,6498099
65,59310,"internal.metrics.executorRunTime",7473,7760,8048,15521
65,59311,"internal.metrics.executorCpuTime",1394345146,1477247026,1560148906,2954494052
65,59312,"internal.metrics.resultSize",2941,2941,2942,5883
65,59313,"internal.metrics.jvmGCTime",34,37,41,75
65,59317,"internal.metrics.peakExecutionMemory",67633152,67633152,67633152,135266304
65,59336,"internal.metrics.shuffle.write.bytesWritten",486235,486705,487175,973410
65,59337,"internal.metrics.shuffle.write.recordsWritten",20000,20002,20005,40005
65,59338,"internal.metrics.shuffle.write.writeTime",3380452,3383730,3387009,6767461
65,59339,"internal.metrics.input.bytesRead",299961,300157,300354,600315
65,59340,"internal.metrics.input.recordsRead",20000,20002,20005,40005
67,6347,"remote blocks read",22,22,50,21605
67,6348,"local blocks read",1,1,3,113
67,6349,"remote bytes read",12630,14941,31078,13128050
67,6351,"local bytes read",417,796,2172,67810
67,6352,"fetch wait time",0,0,0,0
67,6353,"records read",537,577,1292,543242
67,6362,"remote reqs duration",11,217,1169,304154
67,31722,"remote blocks read",776,776,1560,626326
67,31723,"local blocks read",4,4,48,13674
67,31724,"remote bytes read",5681769,12470526,23326899,9951639620
67,31726,"local bytes read",43088,272261,688337,217428910
67,31727,"fetch wait time",0,0,11,59
67,31728,"records read",132986,309533,600917,247163783
67,31737,"remote reqs duration",449,827,3132,813424
67,57446,"data size",20032016,46796051,90757312,37343413096
67,57465,"shuffle bytes written",7229809,14230403,25388731,11356020718
67,57466,"shuffle records written",132986,309533,600917,247163783
67,57467,"shuffle write time",6817412,11992931,34554252,9570524175
67,57468,"duration",189,279,945,344413
67,57469,"number of output rows",132986,309533,600917,247163783
67,57470,"spill size",0,0,0,0
67,57472,"duration",192,284,998,349708
67,57473,"sort time",2,2,19,5542
67,57474,"peak memory",75497472,81163264,167772160,64768442368
67,57475,"spill size",0,0,0,0
67,57479,"duration",190,280,963,345945
67,57480,"sort time",0,0,0,0
67,57481,"peak memory",67174400,67174400,67174400,53605171200
67,57482,"spill size",0,0,0,0
67,82340,"internal.metrics.executorDeserializeTime",3,3,27,3574
67,82341,"internal.metrics.executorDeserializeCpuTime",3286762,4636478,9595143,3700068986
67,82342,"internal.metrics.executorRunTime",371,574,1586,603736
67,82343,"internal.metrics.executorCpuTime",371136765,745875027,1548412891,595208431947
67,82344,"internal.metrics.resultSize",15231,15231,15277,12166311
67,82345,"internal.metrics.jvmGCTime",10,11,204,5242
67,82349,"internal.metrics.peakExecutionMemory",213975040,228865144,385941504,182634545152
67,82351,"internal.metrics.shuffle.read.remoteBlocksFetched",801,801,1610,646213
67,82352,"internal.metrics.shuffle.read.localBlocksFetched",4,4,48,13787
67,82353,"internal.metrics.shuffle.read.remoteBytesRead",5695454,12485666,23342071,9963721341
67,82354,"internal.metrics.shuffle.read.remoteBytesReadToDisk",0,0,0,0
67,82355,"internal.metrics.shuffle.read.localBytesRead",43088,272345,688337,217496720
67,82356,"internal.metrics.shuffle.read.fetchWaitTime",0,0,11,59
67,82357,"internal.metrics.shuffle.read.recordsRead",133523,310158,601540,247663783
67,82358,"internal.metrics.shuffle.push.read.corruptMergedBlockChunks",0,0,0,0
67,82359,"internal.metrics.shuffle.push.read.mergedFetchFallbackCount",0,0,0,0
67,82360,"internal.metrics.shuffle.push.read.remoteMergedBlocksFetched",0,0,0,0
67,82361,"internal.metrics.shuffle.push.read.localMergedBlocksFetched",0,0,0,0
67,82362,"internal.metrics.shuffle.push.read.remoteMergedChunksFetched",0,0,0,0
67,82363,"internal.metrics.shuffle.push.read.localMergedChunksFetched",0,0,0,0
67,82364,"internal.metrics.shuffle.push.read.remoteMergedBytesRead",0,0,0,0
67,82365,"internal.metrics.shuffle.push.read.localMergedBytesRead",0,0,0,0
67,82366,"internal.metrics.shuffle.read.remoteReqsDuration",494,1181,4251,1098605
67,82367,"internal.metrics.shuffle.push.read.remoteMergedReqsDuration",0,0,0,0
67,82368,"internal.metrics.shuffle.write.bytesWritten",7229809,14230403,25388731,11356020718
67,82369,"internal.metrics.shuffle.write.recordsWritten",132986,309533,600917,247163783
67,82370,"internal.metrics.shuffle.write.writeTime",6817412,11992931,34554252,9570524175
70,6347,"remote blocks read",22,22,50,43391
70,6348,"local blocks read",1,1,3,240
70,6349,"remote bytes read",12597,14931,30226,26363304
70,6351,"local bytes read",403,850,2168,145759
70,6352,"fetch wait time",0,0,48,48
70,6353,"records read",537,576,1292,1091420
70,6362,"remote reqs duration",15,186,1173,574241
70,35709,"remote blocks read",777,777,1560,626379
70,35710,"local blocks read",4,4,42,13621
70,35711,"remote bytes read",5041403,10770844,20082544,8595289210
70,35713,"local bytes read",37602,234857,539368,187571725
70,35714,"fetch wait time",0,0,82,167
70,35715,"records read",132986,309524,600917,247163783
70,35724,"remote reqs duration",392,715,3716,729212
70,60695,"data size",18968128,44318229,85949976,35366102832
70,60714,"shuffle bytes written",6529602,12589342,22206616,10046453012
70,60715,"shuffle records written",132986,309524,600917,247163783
70,60716,"shuffle write time",6463619,11306477,30421022,9022721994
70,60717,"duration",185,263,953,324694
70,60718,"number of output rows",132986,309524,600917,247163783
70,60719,"spill size",0,0,0,0
70,60721,"duration",188,266,996,328597
70,60722,"sort time",2,2,17,5548
70,60723,"peak memory",75497472,80995073,100663296,64634224640
70,60724,"spill size",0,0,0,0
70,60728,"duration",186,264,969,326042
70,60729,"sort time",0,0,0,0
70,60730,"peak memory",67174400,67174400,67174400,53605171200
70,60731,"spill size",0,0,0,0
70,82375,"internal.metrics.executorDeserializeTime",3,3,22,3628
70,82376,"internal.metrics.executorDeserializeCpuTime",3348840,4708284,9473312,3757369186
70,82377,"internal.metrics.executorRunTime",354,529,1547,571569
70,82378,"internal.metrics.executorCpuTime",354870830,706813383,1409622729,564037237122
70,82379,"internal.metrics.resultSize",15231,15231,15277,12165804
70,82380,"internal.metrics.jvmGCTime",9,9,44,4189
70,82384,"internal.metrics.peakExecutionMemory",213975040,227687795,318832640,181695021056
70,82386,"internal.metrics.shuffle.read.remoteBlocksFetched",802,802,1610,646255
70,82387,"internal.metrics.shuffle.read.localBlocksFetched",4,4,44,13745
70,82388,"internal.metrics.shuffle.read.remoteBytesRead",5055088,10785966,20097621,8607363063
70,82389,"internal.metrics.shuffle.read.remoteBytesReadToDisk",0,0,0,0
70,82390,"internal.metrics.shuffle.read.localBytesRead",37602,234949,539368,187647403
70,82391,"internal.metrics.shuffle.read.fetchWaitTime",0,0,82,215
70,82392,"internal.metrics.shuffle.read.recordsRead",133523,310151,601540,247663783
70,82393,"internal.metrics.shuffle.push.read.corruptMergedBlockChunks",0,0,0,0
70,82394,"internal.metrics.shuffle.push.read.mergedFetchFallbackCount",0,0,0,0
70,82395,"internal.metrics.shuffle.push.read.remoteMergedBlocksFetched",0,0,0,0
70,82396,"internal.metrics.shuffle.push.read.localMergedBlocksFetched",0,0,0,0
70,82397,"internal.metrics.shuffle.push.read.remoteMergedChunksFetched",0,0,0,0
70,82398,"internal.metrics.shuffle.push.read.localMergedChunksFetched",0,0,0,0
70,82399,"internal.metrics.shuffle.push.read.remoteMergedBytesRead",0,0,0,0
70,82400,"internal.metrics.shuffle.push.read.localMergedBytesRead",0,0,0,0
70,82401,"internal.metrics.shuffle.read.remoteReqsDuration",470,1045,4859,991115
70,82402,"internal.metrics.shuffle.push.read.remoteMergedReqsDuration",0,0,0,0
70,82403,"internal.metrics.shuffle.write.bytesWritten",6529602,12589342,22206616,10046453012
70,82404,"internal.metrics.shuffle.write.recordsWritten",132986,309524,600917,247163783
70,82405,"internal.metrics.shuffle.write.writeTime",6463619,11306477,30421022,9022721994
74,6673,"remote blocks read",22,22,50,20521
74,6674,"local blocks read",1,1,3,51
74,6675,"remote bytes read",4500,5356,11303,4538415
74,6677,"local bytes read",212,514,784,11428
74,6678,"fetch wait time",0,0,0,0
74,6679,"records read",537,576,1292,514331
74,6688,"remote reqs duration",10,119,765,192402
74,37914,"remote blocks read",776,776,1566,626362
74,37915,"local blocks read",4,4,44,13638
74,37916,"remote bytes read",3636702,7894045,14892459,6299606731
74,37918,"local bytes read",26265,171477,413726,136990014
74,37919,"fetch wait time",0,0,5,13
74,37920,"records read",132986,309528,600917,247163783
74,37929,"remote reqs duration",337,546,2897,586306
74,62437,"data size",5319440,12388967,24036680,9886551320
74,62456,"shuffle bytes written",2670801,6065785,11644287,4840653835
74,62457,"shuffle records written",132986,309528,600917,247163783
74,62458,"shuffle write time",4420952,7466405,27084629,5958349414
74,62459,"duration",145,182,718,239964
74,62460,"number of output rows",132986,309528,600917,247163783
74,62461,"spill size",0,0,0,0
74,62463,"duration",149,185,746,243932
74,62464,"sort time",3,3,26,5659
74,62465,"peak memory",75497472,80995074,100663296,64634224640
74,62466,"spill size",0,0,0,0
74,62470,"duration",147,183,730,241278
74,62471,"sort time",0,0,0,0
74,62472,"peak memory",67174400,67174400,67174400,53605171200
74,62473,"spill size",0,0,0,0
74,63620,"internal.metrics.executorDeserializeTime",3,3,69,4346
74,63621,"internal.metrics.executorDeserializeCpuTime",3256631,5275179,20575902,4209753504
74,63622,"internal.metrics.executorRunTime",259,348,1123,402596
74,63623,"internal.metrics.executorCpuTime",259572658,497476487,1108119736,396986402809
74,63624,"internal.metrics.resultSize",15231,15231,15277,12162991
74,63625,"internal.metrics.jvmGCTime",13,13,42,3661
74,63629,"internal.metrics.peakExecutionMemory",213975040,222221530,251723776,177332944896
74,63631,"internal.metrics.shuffle.read.remoteBlocksFetched",801,801,1616,646311
74,63632,"internal.metrics.shuffle.read.localBlocksFetched",4,4,44,13689
74,63633,"internal.metrics.shuffle.read.remoteBytesRead",3641755,7899574,14898088,6304018888
74,63634,"internal.metrics.shuffle.read.remoteBytesReadToDisk",0,0,0,0
74,63635,"internal.metrics.shuffle.read.localBytesRead",26265,171486,413726,137001442
74,63636,"internal.metrics.shuffle.read.fetchWaitTime",0,0,5,13
74,63637,"internal.metrics.shuffle.read.recordsRead",133523,310152,601540,247663783
74,63638,"internal.metrics.shuffle.push.read.corruptMergedBlockChunks",0,0,0,0
74,63639,"internal.metrics.shuffle.push.read.mergedFetchFallbackCount",0,0,0,0
74,63640,"internal.metrics.shuffle.push.read.remoteMergedBlocksFetched",0,0,0,0
74,63641,"internal.metrics.shuffle.push.read.localMergedBlocksFetched",0,0,0,0
74,63642,"internal.metrics.shuffle.push.read.remoteMergedChunksFetched",0,0,0,0
74,63643,"internal.metrics.shuffle.push.read.localMergedChunksFetched",0,0,0,0
74,63644,"internal.metrics.shuffle.push.read.remoteMergedBytesRead",0,0,0,0
74,63645,"internal.metrics.shuffle.push.read.localMergedBytesRead",0,0,0,0
74,63646,"internal.metrics.shuffle.read.remoteReqsDuration",347,770,3514,774689
74,63647,"internal.metrics.shuffle.push.read.remoteMergedReqsDuration",0,0,0,0
74,63648,"internal.metrics.shuffle.write.bytesWritten",2670801,6065785,11644287,4840653835
74,63649,"internal.metrics.shuffle.write.recordsWritten",132986,309528,600917,247163783
74,63650,"internal.metrics.shuffle.write.writeTime",4420952,7466405,27084629,5958349414
77,6673,"remote blocks read",22,22,50,42642
77,6674,"local blocks read",1,1,3,103
77,6675,"remote bytes read",4673,5354,11303,9431742
77,6677,"local bytes read",188,473,702,22451
77,6678,"fetch wait time",0,0,0,52
77,6679,"records read",537,576,1292,1068850
77,6688,"remote reqs duration",14,170,1083,457529
77,39867,"remote blocks read",777,777,1562,626339
77,39868,"local blocks read",4,4,40,13661
77,39869,"remote bytes read",4971643,10818799,20302744,8633560380
77,39871,"local bytes read",33663,236174,581441,188619975
77,39872,"fetch wait time",0,0,10,66
77,39873,"records read",132986,309527,600917,247163783
77,39882,"remote reqs duration",393,745,3638,752490
77,64055,"data size",10638880,24778127,48073360,19773102640
77,64074,"shuffle bytes written",4133673,9283907,17732967,7408719413
77,64075,"shuffle records written",132986,309527,600917,247163783
77,64076,"shuffle write time",4966197,9242825,23287145,7375937753
77,64077,"duration",178,235,902,301520
77,64078,"number of output rows",132986,309527,600917,247163783
77,64079,"spill size",0,0,0,0
77,64081,"duration",181,239,929,305694
77,64082,"sort time",2,2,43,5735
77,64083,"peak memory",75497472,80995074,100663296,64634224640
77,64084,"spill size",0,0,0,0
77,64088,"duration",179,236,913,303080
77,64089,"sort time",0,0,0,0
77,64090,"peak memory",67174400,67174400,67174400,53605171200
77,64091,"spill size",0,0,0,0
77,65716,"internal.metrics.executorDeserializeTime",3,3,27,3613
77,65717,"internal.metrics.executorDeserializeCpuTime",3147360,4638266,10386421,3701494039
77,65718,"internal.metrics.executorRunTime",315,453,1315,503760
77,65719,"internal.metrics.executorCpuTime",312142061,622969062,1287400559,497129468370
77,65720,"internal.metrics.resultSize",15231,15231,15277,12164323
77,65721,"internal.metrics.jvmGCTime",12,12,63,4198
77,65725,"internal.metrics.peakExecutionMemory",213975040,222221534,251723776,177332944896
77,65727,"internal.metrics.shuffle.read.remoteBlocksFetched",802,802,1612,646287
77,65728,"internal.metrics.shuffle.read.localBlocksFetched",4,4,40,13713
77,65729,"internal.metrics.shuffle.read.remoteBytesRead",4976696,10824327,20308373,8637972942
77,65730,"internal.metrics.shuffle.read.remoteBytesReadToDisk",0,0,0,0
77,65731,"internal.metrics.shuffle.read.localBytesRead",33663,236188,581441,188630998
77,65732,"internal.metrics.shuffle.read.fetchWaitTime",0,0,10,66
77,65733,"internal.metrics.shuffle.read.recordsRead",133523,310154,601540,247663783
77,65734,"internal.metrics.shuffle.push.read.corruptMergedBlockChunks",0,0,0,0
77,65735,"internal.metrics.shuffle.push.read.mergedFetchFallbackCount",0,0,0,0
77,65736,"internal.metrics.shuffle.push.read.remoteMergedBlocksFetched",0,0,0,0
77,65737,"internal.metrics.shuffle.push.read.localMergedBlocksFetched",0,0,0,0
77,65738,"internal.metrics.shuffle.push.read.remoteMergedChunksFetched",0,0,0,0
77,65739,"internal.metrics.shuffle.push.read.localMergedChunksFetched",0,0,0,0
77,65740,"internal.metrics.shuffle.push.read.remoteMergedBytesRead",0,0,0,0
77,65741,"internal.metrics.shuffle.push.read.localMergedBytesRead",0,0,0,0
77,65742,"internal.metrics.shuffle.read.remoteReqsDuration",511,1042,4292,997774
77,65743,"internal.metrics.shuffle.push.read.remoteMergedReqsDuration",0,0,0,0
77,65744,"internal.metrics.shuffle.write.bytesWritten",4133673,9283907,17732967,7408719413
77,65745,"internal.metrics.shuffle.write.recordsWritten",132986,309527,600917,247163783
77,65746,"internal.metrics.shuffle.write.writeTime",4966197,9242825,23287145,7375937753
79,6347,"remote blocks read",22,22,50,59663
79,6348,"local blocks read",1,1,6,337
79,6349,"remote bytes read",12841,14944,31078,36243926
79,6351,"local bytes read",400,868,3721,204667
79,6352,"fetch wait time",0,0,1510,87489
79,6353,"records read",537,576,1292,1500000
79,6362,"remote reqs duration",14,642,2906,1219357
79,42561,"remote blocks read",771,774,1600,634898
79,42562,"local blocks read",3,3,29,5102
79,42563,"remote bytes read",3228628,6824223,13000314,5445884811
79,42565,"local bytes read",21138,140266,411856,43646312
79,42566,"fetch wait time",0,128,1631,243324
79,42567,"records read",132986,309525,600917,247163783
79,42576,"remote reqs duration",383,2130,6297,1857982
79,66228,"data size",11520912,26973393,52298624,21524930984
79,66247,"shuffle bytes written",3957520,7080782,11854857,5650618010
79,66248,"shuffle records written",132986,309525,600917,247163783
79,66249,"shuffle write time",5490716,11142342,59328061,8891745911
79,66250,"duration",190,752,2224,753483
79,66251,"number of output rows",132986,309525,600917,247163783
79,66252,"spill size",0,0,0,0
79,66254,"duration",193,808,2319,797941
79,66255,"sort time",3,3,38,6868
79,66256,"peak memory",75497472,80995072,100663296,64634224640
79,66257,"spill size",0,0,0,0
79,66261,"duration",191,765,2254,766353
79,66262,"sort time",0,0,0,0
79,66263,"peak memory",67174400,67174400,67174400,53605171200
79,66264,"spill size",0,0,0,0
79,82410,"internal.metrics.executorDeserializeTime",3,3,302,28118
79,82411,"internal.metrics.executorDeserializeCpuTime",3542890,9873318,33873111,7879068463
79,82412,"internal.metrics.executorRunTime",385,1351,3320,1245202
79,82413,"internal.metrics.executorCpuTime",384599659,794052248,2002418315,633653856382
79,82414,"internal.metrics.resultSize",15231,15231,15319,12168333
79,82415,"internal.metrics.jvmGCTime",12,15,104,10214
79,82416,"internal.metrics.resultSerializationTime",1,20,88,104
79,82419,"internal.metrics.peakExecutionMemory",213975040,222221531,251723776,177332944896
79,82421,"internal.metrics.shuffle.read.remoteBlocksFetched",796,799,1650,654798
79,82422,"internal.metrics.shuffle.read.localBlocksFetched",0,0,29,5202
79,82423,"internal.metrics.shuffle.read.remoteBytesRead",3242313,6839370,13015391,5457973163
79,82424,"internal.metrics.shuffle.read.remoteBytesReadToDisk",0,0,0,0
79,82425,"internal.metrics.shuffle.read.localBytesRead",0,54579,411856,43707491
79,82426,"internal.metrics.shuffle.read.fetchWaitTime",0,250,1631,330765
79,82427,"internal.metrics.shuffle.read.recordsRead",133523,310154,601540,247663783
79,82428,"internal.metrics.shuffle.push.read.corruptMergedBlockChunks",0,0,0,0
79,82429,"internal.metrics.shuffle.push.read.mergedFetchFallbackCount",0,0,0,0
79,82430,"internal.metrics.shuffle.push.read.remoteMergedBlocksFetched",0,0,0,0
79,82431,"internal.metrics.shuffle.push.read.localMergedBlocksFetched",0,0,0,0
79,82432,"internal.metrics.shuffle.push.read.remoteMergedChunksFetched",0,0,0,0
79,82433,"internal.metrics.shuffle.push.read.localMergedChunksFetched",0,0,0,0
79,82434,"internal.metrics.shuffle.push.read.remoteMergedBytesRead",0,0,0,0
79,82435,"internal.metrics.shuffle.push.read.localMergedBytesRead",0,0,0,0
79,82436,"internal.metrics.shuffle.read.remoteReqsDuration",400,2972,8438,2530255
79,82437,"internal.metrics.shuffle.push.read.remoteMergedReqsDuration",0,0,0,0
79,82438,"internal.metrics.shuffle.write.bytesWritten",3957520,7080782,11854857,5650618010
79,82439,"internal.metrics.shuffle.write.recordsWritten",132986,309525,600917,247163783
79,82440,"internal.metrics.shuffle.write.writeTime",5490716,11142342,59328061,8891745911
81,1538,"number of output rows",20008,20008,20008,520008
81,1539,"scan time",11191,11191,11191,155397
81,7115,"data size",719728,719728,719728,18719728
81,7134,"shuffle bytes written",316983,316983,316983,8249232
81,7135,"shuffle records written",20008,20008,20008,520008
81,7136,"shuffle write time",6296659,6296659,6296659,97083601
81,7137,"duration",11231,11231,11231,156051
81,7138,"number of output rows",20008,20008,20008,520008
81,7139,"number of output rows",20008,20008,20008,520008
81,7140,"number of input batches",32,32,32,832
81,69687,"internal.metrics.executorDeserializeTime",22,22,22,22
81,69688,"internal.metrics.executorDeserializeCpuTime",19280314,19280314,19280314,19280314
81,69689,"internal.metrics.executorRunTime",11415,11415,11415,11415
81,69690,"internal.metrics.executorCpuTime",4608381141,4608381141,4608381141,4608381141
81,69691,"internal.metrics.resultSize",2942,2942,2942,2942
81,69692,"internal.metrics.jvmGCTime",299,299,299,299
81,69696,"internal.metrics.peakExecutionMemory",67633152,67633152,67633152,67633152
81,69715,"internal.metrics.shuffle.write.bytesWritten",316983,316983,316983,316983
81,69716,"internal.metrics.shuffle.write.recordsWritten",20008,20008,20008,20008
81,69717,"internal.metrics.shuffle.write.writeTime",6296659,6296659,6296659,6296659
81,69718,"internal.metrics.input.bytesRead",221535,221535,221535,221535
81,69719,"internal.metrics.input.recordsRead",20008,20008,20008,20008
82,7117,"remote blocks read",21,21,50,19865
82,7118,"local blocks read",1,1,4,135
82,7119,"remote bytes read",7626,9673,20115,7878777
82,7121,"local bytes read",276,745,1929,53472
82,7122,"fetch wait time",0,0,365,1021
82,7123,"records read",537,575,1292,500000
82,7132,"remote reqs duration",180,1008,3149,965946
82,42703,"remote blocks read",777,778,1600,635989
82,42704,"local blocks read",4,4,23,4011
82,42705,"remote bytes read",3693101,7783258,14483214,6211197460
82,42707,"local bytes read",24776,149782,389319,39559987
82,42708,"fetch wait time",0,538,1578,589580
82,42709,"records read",132986,309530,600917,247163783
82,42718,"remote reqs duration",600,1871,6112,1653135
82,68304,"data size",11127664,26017010,51441608,20761735088
82,68323,"shuffle bytes written",3427252,7201447,13369413,5746907370
82,68324,"shuffle records written",132986,309530,600917,247163783
82,68325,"shuffle write time",5115937,9712595,86771587,7750804488
82,68326,"duration",250,1058,2190,999039
82,68327,"number of output rows",132986,309530,600917,247163783
82,68328,"spill size",0,0,0,0
82,68330,"duration",253,1073,2293,1016432
82,68331,"sort time",2,2,36,7115
82,68332,"peak memory",75497472,80995069,100663296,64634224640
82,68333,"spill size",0,0,0,0
82,68337,"duration",251,1060,2257,1005303
82,68338,"sort time",0,0,0,0
82,68339,"peak memory",67174400,67174400,67174400,53605171200
82,68340,"spill size",0,0,0,0
82,85676,"internal.metrics.executorDeserializeTime",3,14,1993,34746
82,85677,"internal.metrics.executorDeserializeCpuTime",3273164,6600628,15016161,5267460198
82,85678,"internal.metrics.executorRunTime",471,1343,2616,1230105
82,85679,"internal.metrics.executorCpuTime",314225860,751234722,1330457783,599485466113
82,85680,"internal.metrics.resultSize",15231,15231,15277,12169471
82,85681,"internal.metrics.jvmGCTime",13,13,105,10334
82,85682,"internal.metrics.resultSerializationTime",5,5,5,5
82,85685,"internal.metrics.peakExecutionMemory",213975040,222221529,251723776,177332944896
82,85687,"internal.metrics.shuffle.read.remoteBlocksFetched",801,802,1650,655854
82,85688,"internal.metrics.shuffle.read.localBlocksFetched",0,0,24,4146
82,85689,"internal.metrics.shuffle.read.remoteBytesRead",3702018,7793139,14493101,6219076237
82,85690,"internal.metrics.shuffle.read.remoteBytesReadToDisk",0,0,0,0
82,85691,"internal.metrics.shuffle.read.localBytesRead",0,49445,389319,39613459
82,85692,"internal.metrics.shuffle.read.fetchWaitTime",0,540,1578,590601
82,85693,"internal.metrics.shuffle.read.recordsRead",133523,310155,601540,247663783
82,85694,"internal.metrics.shuffle.push.read.corruptMergedBlockChunks",0,0,0,0
82,85695,"internal.metrics.shuffle.push.read.mergedFetchFallbackCount",0,0,0,0
82,85696,"internal.metrics.shuffle.push.read.remoteMergedBlocksFetched",0,0,0,0
82,85697,"internal.metrics.shuffle.push.read.localMergedBlocksFetched",0,0,0,0
82,85698,"internal.metrics.shuffle.push.read.remoteMergedChunksFetched",0,0,0,0
82,85699,"internal.metrics.shuffle.push.read.localMergedChunksFetched",0,0,0,0
82,85700,"internal.metrics.shuffle.push.read.remoteMergedBytesRead",0,0,0,0
82,85701,"internal.metrics.shuffle.push.read.localMergedBytesRead",0,0,0,0
82,85702,"internal.metrics.shuffle.read.remoteReqsDuration",786,3087,9254,2619081
82,85703,"internal.metrics.shuffle.push.read.remoteMergedReqsDuration",0,0,0,0
82,85704,"internal.metrics.shuffle.write.bytesWritten",3427252,7201447,13369413,5746907370
82,85705,"internal.metrics.shuffle.write.recordsWritten",132986,309530,600917,247163783
82,85706,"internal.metrics.shuffle.write.writeTime",5115937,9712595,86771587,7750804488
85,6673,"remote blocks read",22,22,50,62771
85,6674,"local blocks read",1,1,3,179
85,6675,"remote bytes read",4748,5344,11303,13884690
85,6677,"local bytes read",166,473,777,39785
85,6678,"fetch wait time",0,0,31,52
85,6679,"records read",537,576,1292,1574015
85,6688,"remote reqs duration",10,111,984,657678
85,46739,"remote blocks read",776,776,1568,627351
85,46740,"local blocks read",4,4,32,12649
85,46741,"remote bytes read",3793947,8244193,15703979,6579026577
85,46743,"local bytes read",31861,176157,377558,132610597
85,46744,"fetch wait time",0,115,2147,141066
85,46745,"records read",132986,309525,600917,247163783
85,46754,"remote reqs duration",326,1146,8572,1075744
85,71474,"data size",6383328,14866794,28844016,11863861584
85,71493,"shuffle bytes written",2832917,6429996,12333751,5131296890
85,71494,"shuffle records written",132986,309525,600917,247163783
85,71495,"shuffle write time",4304172,8114421,44874432,6475467534
85,71496,"duration",149,365,2600,410858
85,71497,"number of output rows",132986,309525,600917,247163783
85,71498,"spill size",0,0,0,0
85,71500,"duration",151,374,2649,418459
85,71501,"sort time",2,2,30,5894
85,71502,"peak memory",75497472,80995076,100663296,64634224640
85,71503,"spill size",0,0,0,0
85,71507,"duration",150,370,2615,413289
85,71508,"sort time",0,0,0,0
85,71509,"peak memory",67174400,67174400,67174400,53605171200
85,71510,"spill size",0,0,0,0
85,71628,"internal.metrics.executorDeserializeTime",3,7,1388,12466
85,71629,"internal.metrics.executorDeserializeCpuTime",3374768,5220999,29785017,4166507911
85,71630,"internal.metrics.executorRunTime",268,572,3417,596436
85,71631,"internal.metrics.executorCpuTime",268945270,542583524,1079435430,432981815331
85,71632,"internal.metrics.resultSize",15231,15231,15317,12164498
85,71633,"internal.metrics.jvmGCTime",12,13,147,4808
85,71634,"internal.metrics.resultSerializationTime",2,2,3,5
85,71637,"internal.metrics.peakExecutionMemory",213975040,222221538,251723776,177332944896
85,71639,"internal.metrics.shuffle.read.remoteBlocksFetched",801,801,1618,647275
85,71640,"internal.metrics.shuffle.read.localBlocksFetched",0,0,32,12725
85,71641,"internal.metrics.shuffle.read.remoteBytesRead",3799000,8249713,15709608,6583432828
85,71642,"internal.metrics.shuffle.read.remoteBytesReadToDisk",0,0,0,0
85,71643,"internal.metrics.shuffle.read.localBytesRead",0,166001,377558,132627931
85,71644,"internal.metrics.shuffle.read.fetchWaitTime",0,115,2147,141118
85,71645,"internal.metrics.shuffle.read.recordsRead",133523,310154,601540,247663783
85,71646,"internal.metrics.shuffle.push.read.corruptMergedBlockChunks",0,0,0,0
85,71647,"internal.metrics.shuffle.push.read.mergedFetchFallbackCount",0,0,0,0
85,71648,"internal.metrics.shuffle.push.read.remoteMergedBlocksFetched",0,0,0,0
85,71649,"internal.metrics.shuffle.push.read.localMergedBlocksFetched",0,0,0,0
85,71650,"internal.metrics.shuffle.push.read.remoteMergedChunksFetched",0,0,0,0
85,71651,"internal.metrics.shuffle.push.read.localMergedChunksFetched",0,0,0,0
85,71652,"internal.metrics.shuffle.push.read.remoteMergedBytesRead",0,0,0,0
85,71653,"internal.metrics.shuffle.push.read.localMergedBytesRead",0,0,0,0
85,71654,"internal.metrics.shuffle.read.remoteReqsDuration",382,1399,8815,1283157
85,71655,"internal.metrics.shuffle.push.read.remoteMergedReqsDuration",0,0,0,0
85,71656,"internal.metrics.shuffle.write.bytesWritten",2832917,6429996,12333751,5131296890
85,71657,"internal.metrics.shuffle.write.recordsWritten",132986,309525,600917,247163783
85,71658,"internal.metrics.shuffle.write.writeTime",4304172,8114421,44874432,6475467534
88,6673,"remote blocks read",22,22,25,79715
88,6674,"local blocks read",1,1,3,285
88,6675,"remote bytes read",4665,5322,5977,17630912
88,6677,"local bytes read",154,373,735,63428
88,6678,"fetch wait time",0,0,0,52
88,6679,"records read",537,574,713,2000000
88,6688,"remote reqs duration",14,21,842,756130
88,53212,"remote blocks read",769,769,800,635503
88,53213,"local blocks read",1,1,31,4497
88,53214,"remote bytes read",1950002,3905408,7113697,3124483418
88,53216,"local bytes read",3436,75519,209082,21997488
88,53217,"fetch wait time",0,756,1970,786511
88,53218,"records read",132986,308755,600917,247163783
88,53227,"remote reqs duration",396,1667,4450,1486118
88,72364,"data size",3191664,7414716,14422008,5931930792
88,72383,"shuffle bytes written",845129,1858968,3529359,1487326527
88,72384,"shuffle records written",132986,308755,600917,247163783
88,72385,"shuffle write time",3254779,5667016,20104394,4533772911
88,72386,"duration",240,1100,2311,1057356
88,72387,"number of output rows",132986,308755,600917,247163783
88,72388,"spill size",0,0,0,0
88,72390,"duration",242,1115,2335,1070857
88,72391,"sort time",3,3,25,6435
88,72392,"peak memory",75497472,80960348,100663296,64768442368
88,72393,"spill size",0,0,0,0
88,72394,"duration",240,1106,2321,1062467
88,72395,"sort time",0,0,26,26
88,72396,"peak memory",67174400,67174400,67174400,53739520000
88,72397,"spill size",0,0,0,0
88,73571,"internal.metrics.executorDeserializeTime",3,3,199,7104
88,73572,"internal.metrics.executorDeserializeCpuTime",3057156,5625692,14872771,4500716338
88,73573,"internal.metrics.executorRunTime",393,1295,2500,1209110
88,73574,"internal.metrics.executorCpuTime",239551089,492483466,1068681863,393986929581
88,73575,"internal.metrics.resultSize",15231,15231,15318,12197317
88,73576,"internal.metrics.jvmGCTime",14,14,85,8093
88,73577,"internal.metrics.resultSerializationTime",1,2,3,4
88,73580,"internal.metrics.peakExecutionMemory",213975040,222169454,251723776,177735729152
88,73582,"internal.metrics.shuffle.read.remoteBlocksFetched",794,794,825,655397
88,73583,"internal.metrics.shuffle.read.localBlocksFetched",0,0,31,4603
88,73584,"internal.metrics.shuffle.read.remoteBytesRead",1955055,3910903,7118705,3128883360
88,73585,"internal.metrics.shuffle.read.remoteBytesReadToDisk",0,0,0,0
88,73586,"internal.metrics.shuffle.read.localBytesRead",0,27321,209082,22021131
88,73587,"internal.metrics.shuffle.read.fetchWaitTime",0,756,1970,786511
88,73588,"internal.metrics.shuffle.read.recordsRead",133523,309380,601540,247663783
88,73589,"internal.metrics.shuffle.push.read.corruptMergedBlockChunks",0,0,0,0
88,73590,"internal.metrics.shuffle.push.read.mergedFetchFallbackCount",0,0,0,0
88,73591,"internal.metrics.shuffle.push.read.remoteMergedBlocksFetched",0,0,0,0
88,73592,"internal.metrics.shuffle.push.read.localMergedBlocksFetched",0,0,0,0
88,73593,"internal.metrics.shuffle.push.read.remoteMergedChunksFetched",0,0,0,0
88,73594,"internal.metrics.shuffle.push.read.localMergedChunksFetched",0,0,0,0
88,73595,"internal.metrics.shuffle.push.read.remoteMergedBytesRead",0,0,0,0
88,73596,"internal.metrics.shuffle.push.read.localMergedBytesRead",0,0,0,0
88,73597,"internal.metrics.shuffle.read.remoteReqsDuration",507,1812,4541,1601168
88,73598,"internal.metrics.shuffle.push.read.remoteMergedReqsDuration",0,0,0,0
88,73599,"internal.metrics.shuffle.write.bytesWritten",845129,1858968,3529359,1487326527
88,73600,"internal.metrics.shuffle.write.recordsWritten",132986,308755,600917,247163783
88,73601,"internal.metrics.shuffle.write.writeTime",3254779,5667016,20104394,4533772911
92,7561,"remote blocks read",21,21,50,20863
92,7562,"local blocks read",1,1,4,106
92,7563,"remote bytes read",8177,9813,20570,8382059
92,7565,"local bytes read",275,659,2058,43086
92,7566,"fetch wait time",0,0,0,0
92,7567,"records read",537,577,1292,524209
92,7576,"remote reqs duration",16,92,1217,194661
92,47878,"remote blocks read",777,778,1600,635967
92,47879,"local blocks read",4,4,23,4033
92,47880,"remote bytes read",3300342,6972531,13313062,5564236788
92,47882,"local bytes read",25643,133151,317218,35968674
92,47883,"fetch wait time",0,909,2080,901697
92,47884,"records read",132986,309538,600917,247163783
92,47893,"remote reqs duration",506,2062,5370,1794346
92,74314,"data size",8904352,20778844,39785784,16581678008
92,74333,"shuffle bytes written",3007935,5969266,10764463,4763629155
92,74334,"shuffle records written",132986,309538,600917,247163783
92,74335,"shuffle write time",4810151,8344447,39648473,6659023378
92,74336,"duration",307,1343,2587,1249636
92,74337,"number of output rows",132986,309538,600917,247163783
92,74338,"spill size",0,0,0,0
92,74340,"duration",310,1385,2625,1270051
92,74341,"sort time",3,3,47,6534
92,74342,"peak memory",75497472,80995068,100663296,64634224640
92,74343,"spill size",0,0,0,0
92,74347,"duration",308,1353,2588,1255631
92,74348,"sort time",0,0,0,0
92,74349,"peak memory",67174400,67174400,67174400,53605171200
92,74350,"spill size",0,0,0,0
92,75419,"internal.metrics.executorDeserializeTime",3,11,2239,17535
92,75420,"internal.metrics.executorDeserializeCpuTime",3375987,5940089,15192054,4740351943
92,75421,"internal.metrics.executorRunTime",503,1633,2995,1460736
92,75422,"internal.metrics.executorCpuTime",331793169,660667934,1190911793,527213170188
92,75423,"internal.metrics.resultSize",15231,15231,15319,12167031
92,75424,"internal.metrics.jvmGCTime",14,14,85,8165
92,75425,"internal.metrics.resultSerializationTime",1,5,17,21
92,75428,"internal.metrics.peakExecutionMemory",213975040,222221540,251723776,177332944896
92,75430,"internal.metrics.shuffle.read.remoteBlocksFetched",802,803,1650,655861
92,75431,"internal.metrics.shuffle.read.localBlocksFetched",0,0,23,4139
92,75432,"internal.metrics.shuffle.read.remoteBytesRead",3308772,6982541,13323129,5572231672
92,75433,"internal.metrics.shuffle.read.remoteBytesReadToDisk",0,0,0,0
92,75434,"internal.metrics.shuffle.read.localBytesRead",0,44931,317218,36011760
92,75435,"internal.metrics.shuffle.read.fetchWaitTime",0,909,2080,901697
92,75436,"internal.metrics.shuffle.read.recordsRead",133523,310163,601540,247663783
92,75437,"internal.metrics.shuffle.push.read.corruptMergedBlockChunks",0,0,0,0
92,75438,"internal.metrics.shuffle.push.read.mergedFetchFallbackCount",0,0,0,0
92,75439,"internal.metrics.shuffle.push.read.remoteMergedBlocksFetched",0,0,0,0
92,75440,"internal.metrics.shuffle.push.read.localMergedBlocksFetched",0,0,0,0
92,75441,"internal.metrics.shuffle.push.read.remoteMergedChunksFetched",0,0,0,0
92,75442,"internal.metrics.shuffle.push.read.localMergedChunksFetched",0,0,0,0
92,75443,"internal.metrics.shuffle.push.read.remoteMergedBytesRead",0,0,0,0
92,75444,"internal.metrics.shuffle.push.read.localMergedBytesRead",0,0,0,0
92,75445,"internal.metrics.shuffle.read.remoteReqsDuration",683,2296,6319,1984673
92,75446,"internal.metrics.shuffle.push.read.remoteMergedReqsDuration",0,0,0,0
92,75447,"internal.metrics.shuffle.write.bytesWritten",3007935,5969266,10764463,4763629155
92,75448,"internal.metrics.shuffle.write.recordsWritten",132986,309538,600917,247163783
92,75449,"internal.metrics.shuffle.write.writeTime",4810151,8344447,39648473,6659023378
96,6347,"remote blocks read",22,22,50,79555
96,6348,"local blocks read",1,1,3,445
96,6349,"remote bytes read",12502,14921,30226,48326518
96,6351,"local bytes read",343,885,2053,271606
96,6352,"fetch wait time",0,0,766,90142
96,6353,"records read",537,576,1237,2000000
96,6362,"remote reqs duration",97,1292,2849,2433807
96,50494,"remote blocks read",777,777,1600,636232
96,50495,"local blocks read",4,4,23,3768
96,50496,"remote bytes read",3706025,7708638,14520558,6159361202
96,50498,"local bytes read",26200,143224,343767,36824739
96,50499,"fetch wait time",0,873,1944,877470
96,50500,"records read",132986,309145,600917,247163783
96,50509,"remote reqs duration",742,1981,5584,1736415
96,76316,"data size",11520912,26939633,52298624,21524930984
96,76335,"shuffle bytes written",4159598,7597215,12957415,6070335179
96,76336,"shuffle records written",132986,309145,600917,247163783
96,76337,"shuffle write time",5192907,9083079,32126792,7257535941
96,76338,"duration",398,1310,2424,1227158
96,76339,"number of output rows",132986,309145,600917,247163783
96,76340,"spill size",0,0,0,0
96,76342,"duration",401,1328,2450,1238854
96,76343,"sort time",2,2,60,6351
96,76344,"peak memory",75497472,80977691,100663296,64701333504
96,76345,"spill size",0,0,0,0
96,76349,"duration",399,1318,2434,1231709
96,76350,"sort time",0,0,0,0
96,76351,"peak memory",67174400,67174400,67174400,53672345600
96,76352,"spill size",0,0,0,0
96,82445,"internal.metrics.executorDeserializeTime",3,3,1519,11174
96,82446,"internal.metrics.executorDeserializeCpuTime",3429448,5795010,12215689,4630374491
96,82447,"internal.metrics.executorRunTime",646,1584,2759,1441086
96,82448,"internal.metrics.executorCpuTime",299196710,676508530,1323727004,540530475698
96,82449,"internal.metrics.resultSize",15231,15231,15318,12183300
96,82450,"internal.metrics.jvmGCTime",14,14,67,8179
96,82451,"internal.metrics.resultSerializationTime",68,68,68,68
96,82454,"internal.metrics.peakExecutionMemory",213975040,222195460,251723776,177534337024
96,82456,"internal.metrics.shuffle.read.remoteBlocksFetched",802,802,1650,656124
96,82457,"internal.metrics.shuffle.read.localBlocksFetched",0,0,23,3876
96,82458,"internal.metrics.shuffle.read.remoteBytesRead",3719710,7723762,14535635,6171443794
96,82459,"internal.metrics.shuffle.read.remoteBytesReadToDisk",0,0,0,0
96,82460,"internal.metrics.shuffle.read.localBytesRead",0,45967,343767,36891678
96,82461,"internal.metrics.shuffle.read.fetchWaitTime",0,874,1944,880123
96,82462,"internal.metrics.shuffle.read.recordsRead",133523,309770,601540,247663783
96,82463,"internal.metrics.shuffle.push.read.corruptMergedBlockChunks",0,0,0,0
96,82464,"internal.metrics.shuffle.push.read.mergedFetchFallbackCount",0,0,0,0
96,82465,"internal.metrics.shuffle.push.read.remoteMergedBlocksFetched",0,0,0,0
96,82466,"internal.metrics.shuffle.push.read.localMergedBlocksFetched",0,0,0,0
96,82467,"internal.metrics.shuffle.push.read.remoteMergedChunksFetched",0,0,0,0
96,82468,"internal.metrics.shuffle.push.read.localMergedChunksFetched",0,0,0,0
96,82469,"internal.metrics.shuffle.push.read.remoteMergedBytesRead",0,0,0,0
96,82470,"internal.metrics.shuffle.push.read.localMergedBytesRead",0,0,0,0
96,82471,"internal.metrics.shuffle.read.remoteReqsDuration",908,3490,8197,2950865
96,82472,"internal.metrics.shuffle.push.read.remoteMergedReqsDuration",0,0,0,0
96,82473,"internal.metrics.shuffle.write.bytesWritten",4159598,7597215,12957415,6070335179
96,82474,"internal.metrics.shuffle.write.recordsWritten",132986,309145,600917,247163783
96,82475,"internal.metrics.shuffle.write.writeTime",5192907,9083079,32126792,7257535941
99,7561,"remote blocks read",21,21,25,39798
99,7562,"local blocks read",1,1,4,202
99,7563,"remote bytes read",8056,9798,10863,15992607
99,7565,"local bytes read",298,666,2058,83333
99,7566,"fetch wait time",0,0,0,0
99,7567,"records read",537,575,713,1000000
99,7576,"remote reqs duration",10,20,973,322045
99,56691,"remote blocks read",776,776,800,635896
99,56692,"local blocks read",4,4,24,4104
99,56693,"remote bytes read",2446259,4868020,8980622,3894574363
99,56695,"local bytes read",14336,89559,246896,24738333
99,56696,"fetch wait time",0,776,2050,772485
99,56697,"records read",132986,308758,600917,247163783
99,56706,"remote reqs duration",335,1592,3997,1423565
99,78725,"data size",7840464,18255265,35020000,14604367744
99,78744,"shuffle bytes written",2131512,3736574,6294970,2989418033
99,78745,"shuffle records written",132986,308758,600917,247163783
99,78746,"shuffle write time",4062763,7745016,84161127,6196166503
99,78747,"duration",278,1198,2541,1115992
99,78748,"number of output rows",132986,308758,600917,247163783
99,78749,"spill size",0,0,0,0
99,78751,"duration",298,1209,2545,1125494
99,78752,"sort time",2,2,51,7196
99,78753,"peak memory",75497472,80960349,100663296,64768442368
99,78754,"spill size",0,0,0,0
99,78755,"duration",288,1202,2542,1119670
99,78756,"sort time",0,0,6,6
99,78757,"peak memory",67174400,67174400,67174400,53739520000
99,78758,"spill size",0,0,0,0
99,78919,"internal.metrics.executorDeserializeTime",3,8,1363,14708
99,78920,"internal.metrics.executorDeserializeCpuTime",3132573,5071539,12228689,4057392171
99,78921,"internal.metrics.executorRunTime",481,1436,2865,1306992
99,78922,"internal.metrics.executorCpuTime",279231657,634322385,1245200337,507458070500
99,78923,"internal.metrics.resultSize",15231,15231,15320,12199270
99,78924,"internal.metrics.jvmGCTime",14,14,136,10953
99,78925,"internal.metrics.resultSerializationTime",1,2,8,24
99,78928,"internal.metrics.peakExecutionMemory",213975040,222169459,251723776,177735729152
99,78930,"internal.metrics.shuffle.read.remoteBlocksFetched",801,801,825,655800
99,78931,"internal.metrics.shuffle.read.localBlocksFetched",0,0,24,4200
99,78932,"internal.metrics.shuffle.read.remoteBytesRead",2455397,4878010,8990689,3902572086
99,78933,"internal.metrics.shuffle.read.remoteBytesReadToDisk",0,0,0,0
99,78934,"internal.metrics.shuffle.read.localBytesRead",0,30773,246896,24778580
99,78935,"internal.metrics.shuffle.read.fetchWaitTime",0,776,2050,772485
99,78936,"internal.metrics.shuffle.read.recordsRead",133523,309382,601540,247663783
99,78937,"internal.metrics.shuffle.push.read.corruptMergedBlockChunks",0,0,0,0
99,78938,"internal.metrics.shuffle.push.read.mergedFetchFallbackCount",0,0,0,0
99,78939,"internal.metrics.shuffle.push.read.remoteMergedBlocksFetched",0,0,0,0
99,78940,"internal.metrics.shuffle.push.read.localMergedBlocksFetched",0,0,0,0
99,78941,"internal.metrics.shuffle.push.read.remoteMergedChunksFetched",0,0,0,0
99,78942,"internal.metrics.shuffle.push.read.localMergedChunksFetched",0,0,0,0
99,78943,"internal.metrics.shuffle.push.read.remoteMergedBytesRead",0,0,0,0
99,78944,"internal.metrics.shuffle.push.read.localMergedBytesRead",0,0,0,0
99,78945,"internal.metrics.shuffle.read.remoteReqsDuration",352,1752,4970,1555283
99,78946,"internal.metrics.shuffle.push.read.remoteMergedReqsDuration",0,0,0,0
99,78947,"internal.metrics.shuffle.write.bytesWritten",2131512,3736574,6294970,2989418033
99,78948,"internal.metrics.shuffle.write.recordsWritten",132986,308758,600917,247163783
99,78949,"internal.metrics.shuffle.write.writeTime",4062763,7745016,84161127,6196166503
104,6702,"remote blocks read",1,1,8,4148
104,6703,"local blocks read",1,1,4,23
104,6704,"remote bytes read",90,243,687,397542
104,6706,"local bytes read",75,163,327,2156
104,6707,"fetch wait time",0,0,0,0
104,6708,"records read",2,2,19,13540
104,6717,"remote reqs duration",1,2,266,58429
104,62439,"remote blocks read",772,1445,3990,631681
104,62440,"local blocks read",4,5,100,4325
104,62441,"remote bytes read",1141621,11646425,67945884,4810016737
104,62443,"local bytes read",7770,206968,1395567,30637098
104,62444,"fetch wait time",0,1408,3291,620265
104,62445,"records read",51849,598359,3404746,247163783
104,62454,"remote reqs duration",634,3162,8129,1347607
104,79711,"data size",1659168,19150608,108951872,7909241056
104,79730,"shuffle bytes written",864705,9190920,51941829,3795893821
104,79731,"shuffle records written",51849,598359,3404746,247163783
104,79732,"shuffle write time",2257645,8643770,68695255,3569919158
104,79733,"duration",249,1988,4305,861941
104,79734,"number of output rows",51849,598359,3404746,247163783
104,79735,"spill size",0,0,0,0
104,79737,"duration",270,2004,4309,869186
104,79738,"sort time",0,0,56,3789
104,79739,"peak memory",69206016,107924519,335544320,44572868608
104,79740,"spill size",0,0,0,0
104,79744,"duration",249,1984,4299,861801
104,79745,"sort time",0,0,0,0
104,79746,"peak memory",67174400,67174400,67174400,27743027200
104,79747,"spill size",0,0,0,0
104,80643,"internal.metrics.executorDeserializeTime",4,4,1610,8917
104,80644,"internal.metrics.executorDeserializeCpuTime",4087235,7106792,14275017,2935147735
104,80645,"internal.metrics.executorRunTime",418,2292,5662,988527
104,80646,"internal.metrics.executorCpuTime",137929868,851317495,3929257795,351594167735
104,80647,"internal.metrics.resultSize",18871,18871,18917,7803369
104,80648,"internal.metrics.jvmGCTime",14,16,156,7577
104,80649,"internal.metrics.resultSerializationTime",1,1,1,1
104,80652,"internal.metrics.peakExecutionMemory",204537856,267977873,671154176,110674903040
104,80654,"internal.metrics.shuffle.read.remoteBlocksFetched",774,1448,3998,633195
104,80655,"internal.metrics.shuffle.read.localBlocksFetched",0,0,100,4348
104,80656,"internal.metrics.shuffle.read.remoteBytesRead",1141621,11646776,67946066,4810161968
104,80657,"internal.metrics.shuffle.read.remoteBytesReadToDisk",0,0,0,0
104,80658,"internal.metrics.shuffle.read.localBytesRead",0,74086,1395567,30639254
104,80659,"internal.metrics.shuffle.read.fetchWaitTime",0,1408,3291,620265
104,80660,"internal.metrics.shuffle.read.recordsRead",51852,598370,3404757,247168783
104,80661,"internal.metrics.shuffle.push.read.corruptMergedBlockChunks",0,0,0,0
104,80662,"internal.metrics.shuffle.push.read.mergedFetchFallbackCount",0,0,0,0
104,80663,"internal.metrics.shuffle.push.read.remoteMergedBlocksFetched",0,0,0,0
104,80664,"internal.metrics.shuffle.push.read.localMergedBlocksFetched",0,0,0,0
104,80665,"internal.metrics.shuffle.push.read.remoteMergedChunksFetched",0,0,0,0
104,80666,"internal.metrics.shuffle.push.read.localMergedChunksFetched",0,0,0,0
104,80667,"internal.metrics.shuffle.push.read.remoteMergedBytesRead",0,0,0,0
104,80668,"internal.metrics.shuffle.push.read.localMergedBytesRead",0,0,0,0
104,80669,"internal.metrics.shuffle.read.remoteReqsDuration",636,3208,8290,1366559
104,80670,"internal.metrics.shuffle.push.read.remoteMergedReqsDuration",0,0,0,0
104,80671,"internal.metrics.shuffle.write.bytesWritten",864705,9190920,51941829,3795893821
104,80672,"internal.metrics.shuffle.write.recordsWritten",51849,598359,3404746,247163783
104,80673,"internal.metrics.shuffle.write.writeTime",2257645,8643770,68695255,3569919158
108,6702,"remote blocks read",1,1,8,3103
108,6704,"remote bytes read",92,248,691,297681
108,6707,"fetch wait time",0,0,0,0
108,6708,"records read",2,2,19,10176
108,6717,"remote reqs duration",1,6,521,51692
108,64057,"remote blocks read",774,1431,3990,632562
108,64058,"local blocks read",4,7,72,3444
108,64059,"remote bytes read",1196659,17851628,100824946,7372764048
108,64061,"local bytes read",15213,299601,2728367,35955365
108,64062,"fetch wait time",0,1480,3141,653648
108,64063,"records read",34425,598357,3404746,247163783
108,64072,"remote reqs duration",985,4749,19804,2002437
108,81050,"data size",2478600,43088984,245141712,17795792376
108,81069,"shuffle bytes written",955029,14854493,84177660,6134949057
108,81070,"shuffle records written",34425,598357,3404746,247163783
108,81071,"shuffle write time",2412019,11958321,52276798,4938828785
108,81072,"duration",398,2266,4422,977117
108,81073,"number of output rows",34425,598357,3404746,247163783
108,81074,"spill size",0,0,0,0
108,81076,"duration",433,2285,4453,986226
108,81077,"sort time",0,0,67,3760
108,81078,"peak memory",69206016,124219338,469762048,51302629376
108,81079,"spill size",0,0,0,0
108,81083,"duration",400,2263,4428,976494
108,81084,"sort time",0,0,0,0
108,81085,"peak memory",67174400,67174400,67174400,27743027200
108,81086,"spill size",0,0,0,0
108,82305,"internal.metrics.executorDeserializeTime",4,9,1676,14948
108,82306,"internal.metrics.executorDeserializeCpuTime",4065480,7647105,14896349,3158296313
108,82307,"internal.metrics.executorRunTime",623,2670,6727,1149268
108,82308,"internal.metrics.executorCpuTime",196348899,1136959772,4806054251,469564427015
108,82309,"internal.metrics.resultSize",18871,18871,18917,7803528
108,82310,"internal.metrics.jvmGCTime",11,12,180,7071
108,82311,"internal.metrics.resultSerializationTime",1,1,1,1
108,82314,"internal.metrics.peakExecutionMemory",204537856,300544663,939589632,124124987392
108,82316,"internal.metrics.shuffle.read.remoteBlocksFetched",776,1436,3998,634099
108,82317,"internal.metrics.shuffle.read.localBlocksFetched",0,0,72,3444
108,82318,"internal.metrics.shuffle.read.remoteBytesRead",1196809,17851980,100825191,7372911435
108,82319,"internal.metrics.shuffle.read.remoteBytesReadToDisk",0,0,0,0
108,82320,"internal.metrics.shuffle.read.localBytesRead",0,86950,2728367,35955365
108,82321,"internal.metrics.shuffle.read.fetchWaitTime",0,1480,3141,653648
108,82322,"internal.metrics.shuffle.read.recordsRead",34427,598369,3404757,247168783
108,82323,"internal.metrics.shuffle.push.read.corruptMergedBlockChunks",0,0,0,0
108,82324,"internal.metrics.shuffle.push.read.mergedFetchFallbackCount",0,0,0,0
108,82325,"internal.metrics.shuffle.push.read.remoteMergedBlocksFetched",0,0,0,0
108,82326,"internal.metrics.shuffle.push.read.localMergedBlocksFetched",0,0,0,0
108,82327,"internal.metrics.shuffle.push.read.remoteMergedChunksFetched",0,0,0,0
108,82328,"internal.metrics.shuffle.push.read.localMergedChunksFetched",0,0,0,0
108,82329,"internal.metrics.shuffle.push.read.remoteMergedBytesRead",0,0,0,0
108,82330,"internal.metrics.shuffle.push.read.localMergedBytesRead",0,0,0,0
108,82331,"internal.metrics.shuffle.read.remoteReqsDuration",996,4832,20278,2036628
108,82332,"internal.metrics.shuffle.push.read.remoteMergedReqsDuration",0,0,0,0
108,82333,"internal.metrics.shuffle.write.bytesWritten",955029,14854493,84177660,6134949057
108,82334,"internal.metrics.shuffle.write.recordsWritten",34425,598357,3404746,247163783
108,82335,"internal.metrics.shuffle.write.writeTime",2412019,11958321,52276798,4938828785
114,6376,"remote blocks read",1,1,8,4395
114,6377,"local blocks read",2,2,6,18
114,6378,"remote bytes read",111,486,1078,696546
114,6380,"local bytes read",326,492,879,2962
114,6381,"fetch wait time",0,0,0,0
114,6382,"records read",1,2,18,14412
114,6391,"remote reqs duration",0,0,174,35916
114,57448,"remote blocks read",775,1398,3990,632845
114,57449,"local blocks read",5,8,84,3161
114,57450,"remote bytes read",1062815,26957771,144514354,11295348031
114,57452,"local bytes read",22436,523010,4444938,60672687
114,57453,"fetch wait time",0,1514,3104,679346
114,57454,"records read",17535,589785,3404746,247163783
114,57463,"remote reqs duration",824,3819,8814,1644590
114,82775,"data size",3211832,105641640,622937008,44263889256
114,82794,"shuffle bytes written",1150424,34005429,193186457,14248317514
114,82795,"shuffle records written",17535,589785,3404746,247163783
114,82796,"shuffle write time",3702603,26222020,210948063,10987069530
114,82797,"duration",303,2473,5580,1076938
114,82798,"number of output rows",17535,589785,3404746,247163783
114,82799,"spill size",0,0,0,0
114,82801,"duration",306,2494,5584,1085892
114,82802,"sort time",0,0,91,3980
114,82803,"peak memory",68157440,146197416,671088640,61256761344
114,82804,"spill size",0,0,0,0
114,82808,"duration",287,2470,5570,1074867
114,82809,"sort time",0,0,0,0
114,82810,"peak memory",67174400,67174400,67174400,28146073600
114,82811,"spill size",0,0,0,0
114,84076,"internal.metrics.executorDeserializeTime",4,4,102,4387
114,84077,"internal.metrics.executorDeserializeCpuTime",4007209,7208083,16895743,3020231773
114,84078,"internal.metrics.executorRunTime",513,3210,9966,1390532
114,84079,"internal.metrics.executorCpuTime",181632252,1621278788,8414027662,679315856680
114,84080,"internal.metrics.resultSize",18871,18871,18959,7920839
114,84081,"internal.metrics.jvmGCTime",12,12,272,14264
114,84082,"internal.metrics.resultSerializationTime",2,2,3,5
114,84085,"internal.metrics.peakExecutionMemory",202964992,359665685,1476460544,150699966464
114,84087,"internal.metrics.shuffle.read.remoteBlocksFetched",777,1401,3998,634364
114,84088,"internal.metrics.shuffle.read.localBlocksFetched",0,0,84,3179
114,84089,"internal.metrics.shuffle.read.remoteBytesRead",1062926,26958343,144514707,11295588917
114,84090,"internal.metrics.shuffle.read.remoteBytesReadToDisk",0,0,0,0
114,84091,"internal.metrics.shuffle.read.localBytesRead",0,144699,4444938,60675649
114,84092,"internal.metrics.shuffle.read.fetchWaitTime",0,1514,3104,679346
114,84093,"internal.metrics.shuffle.read.recordsRead",17536,589797,3404757,247168783
114,84094,"internal.metrics.shuffle.push.read.corruptMergedBlockChunks",0,0,0,0
114,84095,"internal.metrics.shuffle.push.read.mergedFetchFallbackCount",0,0,0,0
114,84096,"internal.metrics.shuffle.push.read.remoteMergedBlocksFetched",0,0,0,0
114,84097,"internal.metrics.shuffle.push.read.localMergedBlocksFetched",0,0,0,0
114,84098,"internal.metrics.shuffle.push.read.remoteMergedChunksFetched",0,0,0,0
114,84099,"internal.metrics.shuffle.push.read.localMergedChunksFetched",0,0,0,0
114,84100,"internal.metrics.shuffle.push.read.remoteMergedBytesRead",0,0,0,0
114,84101,"internal.metrics.shuffle.push.read.localMergedBytesRead",0,0,0,0
114,84102,"internal.metrics.shuffle.read.remoteReqsDuration",836,3858,8888,1658853
114,84103,"internal.metrics.shuffle.push.read.remoteMergedReqsDuration",0,0,0,0
114,84104,"internal.metrics.shuffle.write.bytesWritten",1150424,34005429,193186457,14248317514
114,84105,"internal.metrics.shuffle.write.recordsWritten",17535,589785,3404746,247163783
114,84106,"internal.metrics.shuffle.write.writeTime",3702603,26222020,210948063,10987069530
118,6376,"remote blocks read",1,1,8,2962
118,6378,"remote bytes read",166,473,1078,469007
118,6381,"fetch wait time",0,0,0,0
118,6382,"records read",2,2,18,9631
118,6391,"remote reqs duration",0,0,232,25972
118,60697,"remote blocks read",773,1384,3990,631881
118,60698,"local blocks read",5,6,80,4125
118,60699,"remote bytes read",1695593,23369898,129117236,9978992617
118,60701,"local bytes read",34510,455778,3682204,67460395
118,60702,"fetch wait time",0,1756,3253,794520
118,60703,"records read",34425,578731,3404746,247163783
118,60712,"remote reqs duration",485,4235,13305,1852508
118,85125,"data size",6027792,99031688,595699040,42286578992
118,85144,"shuffle bytes written",1941766,30212820,174596553,12900922428
118,85145,"shuffle records written",34425,578731,3404746,247163783
118,85146,"shuffle write time",3098191,20551430,109007536,8775507021
118,85147,"duration",233,2649,5226,1176181
118,85148,"number of output rows",34425,578731,3404746,247163783
118,85149,"spill size",0,0,0,0
118,85151,"duration",235,2674,5230,1186423
118,85152,"sort time",0,0,62,3653
118,85153,"peak memory",69206016,138397193,671088640,59095646208
118,85154,"spill size",0,0,0,0
118,85158,"duration",223,2645,5213,1173947
118,85159,"sort time",0,0,0,0
118,85160,"peak memory",67174400,67174400,67174400,28683468800
118,85161,"spill size",0,0,0,0
118,85711,"internal.metrics.executorDeserializeTime",3,11,3478,28409
118,85712,"internal.metrics.executorDeserializeCpuTime",3974748,7012016,16061827,2994176705
118,85713,"internal.metrics.executorRunTime",396,3281,8585,1446808
118,85714,"internal.metrics.executorCpuTime",221749427,1473318119,6906853388,629106880337
118,85715,"internal.metrics.resultSize",18871,18871,18917,8071471
118,85716,"internal.metrics.jvmGCTime",12,12,246,12612
118,85720,"internal.metrics.peakExecutionMemory",204537856,347772740,1476460544,148499005440
118,85722,"internal.metrics.shuffle.read.remoteBlocksFetched",775,1387,3998,633418
118,85723,"internal.metrics.shuffle.read.localBlocksFetched",0,0,80,4125
118,85724,"internal.metrics.shuffle.read.remoteBytesRead",1695815,23370466,129117623,9979236465
118,85725,"internal.metrics.shuffle.read.remoteBytesReadToDisk",0,0,0,0
118,85726,"internal.metrics.shuffle.read.localBytesRead",0,157884,3682204,67460395
118,85727,"internal.metrics.shuffle.read.fetchWaitTime",0,1756,3253,794520
118,85728,"internal.metrics.shuffle.read.recordsRead",34427,578742,3404757,247168783
118,85729,"internal.metrics.shuffle.push.read.corruptMergedBlockChunks",0,0,0,0
118,85730,"internal.metrics.shuffle.push.read.mergedFetchFallbackCount",0,0,0,0
118,85731,"internal.metrics.shuffle.push.read.remoteMergedBlocksFetched",0,0,0,0
118,85732,"internal.metrics.shuffle.push.read.localMergedBlocksFetched",0,0,0,0
118,85733,"internal.metrics.shuffle.push.read.remoteMergedChunksFetched",0,0,0,0
118,85734,"internal.metrics.shuffle.push.read.localMergedChunksFetched",0,0,0,0
118,85735,"internal.metrics.shuffle.push.read.remoteMergedBytesRead",0,0,0,0
118,85736,"internal.metrics.shuffle.push.read.localMergedBytesRead",0,0,0,0
118,85737,"internal.metrics.shuffle.read.remoteReqsDuration",495,4267,13460,1867568
118,85738,"internal.metrics.shuffle.push.read.remoteMergedReqsDuration",0,0,0,0
118,85739,"internal.metrics.shuffle.write.bytesWritten",1941766,30212820,174596553,12900922428
118,85740,"internal.metrics.shuffle.write.recordsWritten",34425,578731,3404746,247163783
118,85741,"internal.metrics.shuffle.write.writeTime",3098191,20551430,109007536,8775507021
121,6702,"remote blocks read",1,1,8,11601
121,6703,"local blocks read",1,1,3,57
121,6704,"remote bytes read",75,188,662,1112869
121,6706,"local bytes read",82,153,263,5397
121,6707,"fetch wait time",0,0,0,0
121,6708,"records read",2,2,16,38032
121,6717,"remote reqs duration",1,3,452,259506
121,66230,"remote blocks read",789,1252,3176,632462
121,66231,"local blocks read",2,2,32,3544
121,66232,"remote bytes read",1066745,12294529,69110306,5618647891
121,66234,"local bytes read",4548,72718,451937,31970119
121,66235,"fetch wait time",0,201,2803,137835
121,66236,"records read",34425,540726,3404746,247163783
121,66245,"remote reqs duration",1645,6234,40036,2902788
121,86133,"data size",2722992,42773678,269260112,19547620720
121,86152,"shuffle bytes written",1144947,15802406,97322051,7221754359
121,86153,"shuffle records written",34425,540726,3404746,247163783
121,86154,"shuffle write time",3608847,17293973,125339074,7903395246
121,86155,"duration",254,995,4146,507847
121,86156,"number of output rows",34425,540726,3404746,247163783
121,86157,"spill size",0,0,0,0
121,86159,"duration",309,1021,4200,520066
121,86160,"sort time",0,0,75,4486
121,86161,"peak memory",69206016,118128735,469762048,53984886784
121,86162,"spill size",0,0,0,0
121,86166,"duration",263,995,4154,506996
121,86167,"sort time",0,0,2,2
121,86168,"peak memory",67174400,67174400,67174400,30698700800
121,86169,"spill size",0,0,0,0
121,87249,"internal.metrics.executorDeserializeTime",4,4,204,6149
121,87250,"internal.metrics.executorDeserializeCpuTime",4145903,7848668,15741658,3586893993
121,87251,"internal.metrics.executorRunTime",454,1621,7513,793047
121,87252,"internal.metrics.executorCpuTime",196064583,1194708256,6027806626,545981724421
121,87253,"internal.metrics.resultSize",18871,18871,18958,8634268
121,87254,"internal.metrics.jvmGCTime",13,26,289,13521
121,87255,"internal.metrics.resultSerializationTime",1,1,1,2
121,87258,"internal.metrics.peakExecutionMemory",204537856,292606657,939589632,133721292800
121,87260,"internal.metrics.shuffle.read.remoteBlocksFetched",791,1256,3184,633982
121,87261,"internal.metrics.shuffle.read.localBlocksFetched",0,0,32,3561
121,87262,"internal.metrics.shuffle.read.remoteBytesRead",1066895,12294841,69110551,5618793572
121,87263,"internal.metrics.shuffle.read.remoteBytesReadToDisk",0,0,0,0
121,87264,"internal.metrics.shuffle.read.localBytesRead",0,69847,451937,31971825
121,87265,"internal.metrics.shuffle.read.fetchWaitTime",0,201,2803,137835
121,87266,"internal.metrics.shuffle.read.recordsRead",34427,540736,3404757,247168783
121,87267,"internal.metrics.shuffle.push.read.corruptMergedBlockChunks",0,0,0,0
121,87268,"internal.metrics.shuffle.push.read.mergedFetchFallbackCount",0,0,0,0
121,87269,"internal.metrics.shuffle.push.read.remoteMergedBlocksFetched",0,0,0,0
121,87270,"internal.metrics.shuffle.push.read.localMergedBlocksFetched",0,0,0,0
121,87271,"internal.metrics.shuffle.push.read.remoteMergedChunksFetched",0,0,0,0
121,87272,"internal.metrics.shuffle.push.read.localMergedChunksFetched",0,0,0,0
121,87273,"internal.metrics.shuffle.push.read.remoteMergedBytesRead",0,0,0,0
121,87274,"internal.metrics.shuffle.push.read.localMergedBytesRead",0,0,0,0
121,87275,"internal.metrics.shuffle.read.remoteReqsDuration",1647,6296,40488,2931451
121,87276,"internal.metrics.shuffle.push.read.remoteMergedReqsDuration",0,0,0,0
121,87277,"internal.metrics.shuffle.write.bytesWritten",1144947,15802406,97322051,7221754359
121,87278,"internal.metrics.shuffle.write.recordsWritten",34425,540726,3404746,247163783
121,87279,"internal.metrics.shuffle.write.writeTime",3608847,17293973,125339074,7903395246
125,6702,"remote blocks read",1,1,8,8093
125,6704,"remote bytes read",92,240,691,775654
125,6707,"fetch wait time",0,0,0,0
125,6708,"records read",2,2,19,26424
125,6717,"remote reqs duration",1,1,224,120370
125,71476,"remote blocks read",776,1421,3990,632589
125,71477,"local blocks read",1,1,68,3417
125,71478,"remote bytes read",1192913,12364260,71404410,5106480720
125,71480,"local bytes read",2143,154098,902938,24816170
125,71481,"fetch wait time",0,1280,2941,573312
125,71482,"records read",51849,598362,3404746,247163783
125,71491,"remote reqs duration",1150,3032,9942,1295277
125,88636,"data size",2073960,23938284,136189840,9886551320
125,88655,"shuffle bytes written",929355,9877682,55842616,4079524780
125,88656,"shuffle records written",51849,598362,3404746,247163783
125,88657,"shuffle write time",2363664,11106397,59219965,4586985576
125,88658,"duration",459,1912,4082,828933
125,88659,"number of output rows",51849,598362,3404746,247163783
125,88660,"spill size",0,0,0,0
125,88662,"duration",491,1929,4113,837119
125,88663,"sort time",0,0,68,4185
125,88664,"peak memory",69206016,107944833,335544320,44581257216
125,88665,"spill size",0,0,0,0
125,88669,"duration",465,1912,4085,828486
125,88670,"sort time",0,0,0,0
125,88671,"peak memory",67174400,67174400,67174400,27743027200
125,88672,"spill size",0,0,0,0
125,88756,"internal.metrics.executorDeserializeTime",4,4,65,3885
125,88757,"internal.metrics.executorDeserializeCpuTime",4088418,7081265,14021584,2924603656
125,88758,"internal.metrics.executorRunTime",704,2315,5442,997744
125,88759,"internal.metrics.executorCpuTime",152203052,940166583,4803852169,388288842418
125,88760,"internal.metrics.resultSize",18871,18871,18960,7804274
125,88761,"internal.metrics.jvmGCTime",12,15,184,8899
125,88762,"internal.metrics.resultSerializationTime",1,1,1,4
125,88765,"internal.metrics.peakExecutionMemory",204537856,270770685,671154176,111828336640
125,88767,"internal.metrics.shuffle.read.remoteBlocksFetched",778,1425,3998,634126
125,88768,"internal.metrics.shuffle.read.localBlocksFetched",0,0,68,3417
125,88769,"internal.metrics.shuffle.read.remoteBytesRead",1193006,12364618,71404592,5106628107
125,88770,"internal.metrics.shuffle.read.remoteBytesReadToDisk",0,0,0,0
125,88771,"internal.metrics.shuffle.read.localBytesRead",0,59984,902938,24816170
125,88772,"internal.metrics.shuffle.read.fetchWaitTime",0,1280,2941,573312
125,88773,"internal.metrics.shuffle.read.recordsRead",51852,598374,3404757,247168783
125,88774,"internal.metrics.shuffle.push.read.corruptMergedBlockChunks",0,0,0,0
125,88775,"internal.metrics.shuffle.push.read.mergedFetchFallbackCount",0,0,0,0
125,88776,"internal.metrics.shuffle.push.read.remoteMergedBlocksFetched",0,0,0,0
125,88777,"internal.metrics.shuffle.push.read.localMergedBlocksFetched",0,0,0,0
125,88778,"internal.metrics.shuffle.push.read.remoteMergedChunksFetched",0,0,0,0
125,88779,"internal.metrics.shuffle.push.read.localMergedChunksFetched",0,0,0,0
125,88780,"internal.metrics.shuffle.push.read.remoteMergedBytesRead",0,0,0,0
125,88781,"internal.metrics.shuffle.push.read.localMergedBytesRead",0,0,0,0
125,88782,"internal.metrics.shuffle.read.remoteReqsDuration",1194,3064,10060,1309174
125,88783,"internal.metrics.shuffle.push.read.remoteMergedReqsDuration",0,0,0,0
125,88784,"internal.metrics.shuffle.write.bytesWritten",929355,9877682,55842616,4079524780
125,88785,"internal.metrics.shuffle.write.recordsWritten",51849,598362,3404746,247163783
125,88786,"internal.metrics.shuffle.write.writeTime",2363664,11106397,59219965,4586985576
129,6702,"remote blocks read",1,1,8,11480
129,6703,"local blocks read",1,1,3,78
129,6704,"remote bytes read",83,232,684,1101215
129,6706,"local bytes read",94,164,271,7389
129,6707,"fetch wait time",0,0,0,0
129,6708,"records read",2,2,19,37626
129,6717,"remote reqs duration",1,1,358,256628
129,68306,"remote blocks read",787,1405,3970,632493
129,68307,"local blocks read",1,2,33,3513
129,68308,"remote bytes read",1394383,13705001,76613791,5715026939
129,68310,"local bytes read",5042,78420,1068822,31880431
129,68311,"fetch wait time",0,373,1576,200480
129,68312,"records read",51849,592617,3404746,247163783
129,68321,"remote reqs duration",1480,6294,45046,2669808
129,89224,"data size",3940512,45046475,258750480,18784424824
129,89243,"shuffle bytes written",1200825,12697992,72445279,5295105711
129,89244,"shuffle records written",51849,592617,3404746,247163783
129,89245,"shuffle write time",3477724,14234051,111426403,5935643870
129,89246,"duration",325,1243,3623,562015
129,89247,"number of output rows",51849,592617,3404746,247163783
129,89248,"spill size",0,0,0,0
129,89250,"duration",351,1265,3661,572256
129,89251,"sort time",1,1,70,4294
129,89252,"peak memory",69206016,123555850,469762048,51522830336
129,89253,"spill size",0,0,0,0
129,89257,"duration",327,1238,3616,560250
129,89258,"sort time",0,0,0,0
129,89259,"peak memory",67174400,67174400,67174400,28011724800
129,89260,"spill size",0,0,0,0
129,90201,"internal.metrics.executorDeserializeTime",4,4,1123,9836
129,90202,"internal.metrics.executorDeserializeCpuTime",3967727,7559629,13935934,3152409265
129,90203,"internal.metrics.executorRunTime",514,1872,6638,823891
129,90204,"internal.metrics.executorCpuTime",313077305,1231824746,5730536972,513670964704
129,90205,"internal.metrics.resultSize",18871,18871,18958,7879366
129,90206,"internal.metrics.jvmGCTime",16,25,326,12051
129,90207,"internal.metrics.resultSerializationTime",1,1,1,2
129,90210,"internal.metrics.peakExecutionMemory",204537856,302155907,939589632,125999054848
129,90212,"internal.metrics.shuffle.read.remoteBlocksFetched",789,1408,3978,634003
129,90213,"internal.metrics.shuffle.read.localBlocksFetched",1,1,33,3540
129,90214,"internal.metrics.shuffle.read.remoteBytesRead",1394476,13705344,76614036,5715171823
129,90215,"internal.metrics.shuffle.read.remoteBytesReadToDisk",0,0,0,0
129,90216,"internal.metrics.shuffle.read.localBytesRead",94,76356,1068822,31882934
129,90217,"internal.metrics.shuffle.read.fetchWaitTime",0,373,1576,200480
129,90218,"internal.metrics.shuffle.read.recordsRead",51852,592629,3404757,247168783
129,90219,"internal.metrics.shuffle.push.read.corruptMergedBlockChunks",0,0,0,0
129,90220,"internal.metrics.shuffle.push.read.mergedFetchFallbackCount",0,0,0,0
129,90221,"internal.metrics.shuffle.push.read.remoteMergedBlocksFetched",0,0,0,0
129,90222,"internal.metrics.shuffle.push.read.localMergedBlocksFetched",0,0,0,0
129,90223,"internal.metrics.shuffle.push.read.remoteMergedChunksFetched",0,0,0,0
129,90224,"internal.metrics.shuffle.push.read.localMergedChunksFetched",0,0,0,0
129,90225,"internal.metrics.shuffle.push.read.remoteMergedBytesRead",0,0,0,0
129,90226,"internal.metrics.shuffle.push.read.localMergedBytesRead",0,0,0,0
129,90227,"internal.metrics.shuffle.read.remoteReqsDuration",1483,6356,45337,2693485
129,90228,"internal.metrics.shuffle.push.read.remoteMergedReqsDuration",0,0,0,0
129,90229,"internal.metrics.shuffle.write.bytesWritten",1200825,12697992,72445279,5295105711
129,90230,"internal.metrics.shuffle.write.recordsWritten",51849,592617,3404746,247163783
129,90231,"internal.metrics.shuffle.write.writeTime",3477724,14234051,111426403,5935643870
133,6376,"remote blocks read",1,1,8,4555
133,6377,"local blocks read",2,2,6,56
133,6378,"remote bytes read",219,436,1172,722959
133,6380,"local bytes read",237,466,897,8585
133,6381,"fetch wait time",0,0,0,0
133,6382,"records read",2,2,21,15000
133,6391,"remote reqs duration",0,0,193,37933
133,72366,"remote blocks read",791,1311,3975,633974
133,72367,"local blocks read",1,1,27,3626
133,72368,"remote bytes read",1000173,3345436,21043489,1478733778
133,72370,"local bytes read",1185,19695,231641,8592749
133,72371,"fetch wait time",0,0,663,4806
133,72372,"records read",120772,559084,3404746,247163783
133,72381,"remote reqs duration",1364,5714,26771,2573752
133,90715,"data size",5956664,29077738,190249088,12852406952
133,90734,"shuffle bytes written",269171,1000830,5662652,442415812
133,90735,"shuffle records written",120772,559084,3404746,247163783
133,90736,"shuffle write time",2149086,5357190,53155574,2367924942
133,90737,"duration",233,652,3232,338011
133,90738,"number of output rows",120772,559084,3404746,247163783
133,90739,"spill size",0,0,0,0
133,90741,"duration",239,691,3234,353530
133,90742,"sort time",1,1,74,4580
133,90743,"peak memory",71303168,90186913,268435456,39862665216
133,90744,"spill size",0,0,0,0
133,90748,"duration",214,657,3225,338553
133,90749,"sort time",0,0,0,0
133,90750,"peak memory",67174400,67174400,67174400,29691084800
133,90751,"spill size",0,0,0,0
133,91584,"internal.metrics.executorDeserializeTime",4,4,196,7659
133,91585,"internal.metrics.executorDeserializeCpuTime",4146032,7822560,14338178,3457621002
133,91586,"internal.metrics.executorRunTime",346,999,4545,491733
133,91587,"internal.metrics.executorCpuTime",300270684,893801839,3867582662,395060460570
133,91588,"internal.metrics.resultSize",18871,18871,18917,8348814
133,91589,"internal.metrics.jvmGCTime",23,30,168,9557
133,91590,"internal.metrics.resultSerializationTime",2,6,12,19
133,91593,"internal.metrics.peakExecutionMemory",207683584,251344090,671154176,111094136832
133,91595,"internal.metrics.shuffle.read.remoteBlocksFetched",793,1314,3983,635473
133,91596,"internal.metrics.shuffle.read.localBlocksFetched",0,0,27,3664
133,91597,"internal.metrics.shuffle.read.remoteBytesRead",1000173,3345983,21043876,1478972003
133,91598,"internal.metrics.shuffle.read.remoteBytesReadToDisk",0,0,0,0
133,91599,"internal.metrics.shuffle.read.localBytesRead",0,19338,231641,8598372
133,91600,"internal.metrics.shuffle.read.fetchWaitTime",0,0,663,4806
133,91601,"internal.metrics.shuffle.read.recordsRead",120779,559096,3404757,247168783
133,91602,"internal.metrics.shuffle.push.read.corruptMergedBlockChunks",0,0,0,0
133,91603,"internal.metrics.shuffle.push.read.mergedFetchFallbackCount",0,0,0,0
133,91604,"internal.metrics.shuffle.push.read.remoteMergedBlocksFetched",0,0,0,0
133,91605,"internal.metrics.shuffle.push.read.localMergedBlocksFetched",0,0,0,0
133,91606,"internal.metrics.shuffle.push.read.remoteMergedChunksFetched",0,0,0,0
133,91607,"internal.metrics.shuffle.push.read.localMergedChunksFetched",0,0,0,0
133,91608,"internal.metrics.shuffle.push.read.remoteMergedBytesRead",0,0,0,0
133,91609,"internal.metrics.shuffle.push.read.localMergedBytesRead",0,0,0,0
133,91610,"internal.metrics.shuffle.read.remoteReqsDuration",1368,5733,26964,2582362
133,91611,"internal.metrics.shuffle.push.read.remoteMergedReqsDuration",0,0,0,0
133,91612,"internal.metrics.shuffle.write.bytesWritten",269171,1000830,5662652,442415812
133,91613,"internal.metrics.shuffle.write.recordsWritten",120772,559084,3404746,247163783
133,91614,"internal.metrics.shuffle.write.writeTime",2149086,5357190,53155574,2367924942
137,6702,"remote blocks read",1,1,8,12084
137,6704,"remote bytes read",92,210,676,1158669
137,6707,"fetch wait time",0,0,0,0
137,6708,"records read",2,2,17,39556
137,6717,"remote reqs duration",2,45,634,267532
137,74316,"remote blocks read",790,1343,3975,632406
137,74317,"local blocks read",2,2,28,3600
137,74318,"remote bytes read",1208887,10864250,63271915,4736860477
137,74320,"local bytes read",4629,61289,353216,26768678
137,74321,"fetch wait time",0,0,679,22591
137,74322,"records read",51849,566783,3404746,247163783
137,74331,"remote reqs duration",2539,15553,50331,6830720
137,92144,"data size",3063696,33496150,201175408,14604367744
137,92163,"shuffle bytes written",1025909,10229788,60916699,4460232629
137,92164,"shuffle records written",51849,566783,3404746,247163783
137,92165,"shuffle write time",2941227,12904155,99916799,5626257105
137,92166,"duration",239,791,3750,391156
137,92167,"number of output rows",51849,566783,3404746,247163783
137,92168,"spill size",0,0,0,0
137,92170,"duration",259,893,3893,439549
137,92171,"sort time",0,0,86,4349
137,92172,"peak memory",69206016,106136941,402653184,46275756032
137,92173,"spill size",0,0,0,0
137,92177,"duration",245,802,3787,397091
137,92178,"sort time",0,0,1,1
137,92179,"peak memory",67174400,67174400,67174400,29288038400
137,92180,"spill size",0,0,0,0
137,92936,"internal.metrics.executorDeserializeTime",4,6,791,15599
137,92937,"internal.metrics.executorDeserializeCpuTime",4141421,8575727,17280958,3739061916
137,92938,"internal.metrics.executorRunTime",354,1365,6089,638988
137,92939,"internal.metrics.executorCpuTime",229556339,1097303622,4945904102,478424427031
137,92940,"internal.metrics.resultSize",18871,18871,18960,8237332
137,92941,"internal.metrics.jvmGCTime",17,27,209,12776
137,92942,"internal.metrics.resultSerializationTime",1,3,11,25
137,92945,"internal.metrics.peakExecutionMemory",204537856,267938115,805371904,116821065728
137,92947,"internal.metrics.shuffle.read.remoteBlocksFetched",792,1347,3983,633943
137,92948,"internal.metrics.shuffle.read.localBlocksFetched",2,2,28,3600
137,92949,"internal.metrics.shuffle.read.remoteBytesRead",1208980,10864581,63272160,4737007864
137,92950,"internal.metrics.shuffle.read.remoteBytesReadToDisk",0,0,0,0
137,92951,"internal.metrics.shuffle.read.localBytesRead",4629,61289,353216,26768678
137,92952,"internal.metrics.shuffle.read.fetchWaitTime",0,0,679,22591
137,92953,"internal.metrics.shuffle.read.recordsRead",51852,566795,3404757,247168783
137,92954,"internal.metrics.shuffle.push.read.corruptMergedBlockChunks",0,0,0,0
137,92955,"internal.metrics.shuffle.push.read.mergedFetchFallbackCount",0,0,0,0
137,92956,"internal.metrics.shuffle.push.read.remoteMergedBlocksFetched",0,0,0,0
137,92957,"internal.metrics.shuffle.push.read.localMergedBlocksFetched",0,0,0,0
137,92958,"internal.metrics.shuffle.push.read.remoteMergedChunksFetched",0,0,0,0
137,92959,"internal.metrics.shuffle.push.read.localMergedChunksFetched",0,0,0,0
137,92960,"internal.metrics.shuffle.push.read.remoteMergedBytesRead",0,0,0,0
137,92961,"internal.metrics.shuffle.push.read.localMergedBytesRead",0,0,0,0
137,92962,"internal.metrics.shuffle.read.remoteReqsDuration",2544,15720,50965,6897558
137,92963,"internal.metrics.shuffle.push.read.remoteMergedReqsDuration",0,0,0,0
137,92964,"internal.metrics.shuffle.write.bytesWritten",1025909,10229788,60916699,4460232629
137,92965,"internal.metrics.shuffle.write.recordsWritten",51849,566783,3404746,247163783
137,92966,"internal.metrics.shuffle.write.writeTime",2941227,12904155,99916799,5626257105
142,6702,"remote blocks read",1,1,8,12135
142,6704,"remote bytes read",92,203,665,1163577
142,6707,"fetch wait time",0,0,0,0
142,6708,"records read",2,2,17,39747
142,6717,"remote reqs duration",2,33,530,271430
142,76318,"remote blocks read",791,1316,3975,633234
142,76319,"local blocks read",2,3,30,3569
142,76320,"remote bytes read",1114043,13534891,75126231,6036609576
142,76322,"local bytes read",4713,76541,408125,33725603
142,76323,"fetch wait time",0,192,1063,131430
142,76324,"records read",34425,554071,3404746,247163783
142,76333,"remote reqs duration",2030,14713,51307,6612570
142,93588,"data size",2722992,43828631,269260112,19547620720
142,93607,"shuffle bytes written",1178923,16925093,101898118,7548642824
142,93608,"shuffle records written",34425,554071,3404746,247163783
142,93609,"shuffle write time",3993418,19067349,121409374,8504086819
142,93610,"duration",402,1095,3897,539113
142,93611,"number of output rows",34425,554071,3404746,247163783
142,93612,"spill size",0,0,0,0
142,93614,"duration",436,1158,4003,566119
142,93615,"sort time",0,0,83,4596
142,93616,"peak memory",69206016,119509338,469762048,53301215232
142,93617,"spill size",0,0,0,0
142,93621,"duration",384,1103,3891,542348
142,93622,"sort time",0,0,3,5
142,93623,"peak memory",67174400,67174400,67174400,29959782400
142,93624,"spill size",0,0,0,0
142,94226,"internal.metrics.executorDeserializeTime",4,5,1037,21822
142,94227,"internal.metrics.executorDeserializeCpuTime",4374988,8591948,16338977,3832059074
142,94228,"internal.metrics.executorRunTime",568,1755,6545,833225
142,94229,"internal.metrics.executorCpuTime",289516946,1300503008,5762924083,580024390167
142,94230,"internal.metrics.resultSize",18871,18871,18959,8427014
142,94231,"internal.metrics.jvmGCTime",17,24,260,12979
142,94232,"internal.metrics.resultSerializationTime",1,1,6,21
142,94235,"internal.metrics.peakExecutionMemory",204537856,295039723,939589632,131587768320
142,94237,"internal.metrics.shuffle.read.remoteBlocksFetched",793,1319,3983,634771
142,94238,"internal.metrics.shuffle.read.localBlocksFetched",0,0,30,3569
142,94239,"internal.metrics.shuffle.read.remoteBytesRead",1114193,13535221,75126476,6036756963
142,94240,"internal.metrics.shuffle.read.remoteBytesReadToDisk",0,0,0,0
142,94241,"internal.metrics.shuffle.read.localBytesRead",0,75509,408125,33725603
142,94242,"internal.metrics.shuffle.read.fetchWaitTime",0,192,1063,131430
142,94243,"internal.metrics.shuffle.read.recordsRead",34427,554081,3404757,247168783
142,94244,"internal.metrics.shuffle.push.read.corruptMergedBlockChunks",0,0,0,0
142,94245,"internal.metrics.shuffle.push.read.mergedFetchFallbackCount",0,0,0,0
142,94246,"internal.metrics.shuffle.push.read.remoteMergedBlocksFetched",0,0,0,0
142,94247,"internal.metrics.shuffle.push.read.localMergedBlocksFetched",0,0,0,0
142,94248,"internal.metrics.shuffle.push.read.remoteMergedChunksFetched",0,0,0,0
142,94249,"internal.metrics.shuffle.push.read.localMergedChunksFetched",0,0,0,0
142,94250,"internal.metrics.shuffle.push.read.remoteMergedBytesRead",0,0,0,0
142,94251,"internal.metrics.shuffle.push.read.localMergedBytesRead",0,0,0,0
142,94252,"internal.metrics.shuffle.read.remoteReqsDuration",2039,14858,51803,6675331
142,94253,"internal.metrics.shuffle.push.read.remoteMergedReqsDuration",0,0,0,0
142,94254,"internal.metrics.shuffle.write.bytesWritten",1178923,16925093,101898118,7548642824
142,94255,"internal.metrics.shuffle.write.recordsWritten",34425,554071,3404746,247163783
142,94256,"internal.metrics.shuffle.write.writeTime",3993418,19067349,121409374,8504086819
146,6702,"remote blocks read",1,1,8,12202
146,6703,"local blocks read",1,1,4,94
146,6704,"remote bytes read",75,187,675,1170337
146,6706,"local bytes read",75,167,324,8759
146,6707,"fetch wait time",0,0,0,0
146,6708,"records read",2,2,17,40000
146,6717,"remote reqs duration",2,4,467,275990
146,78727,"remote blocks read",790,1233,3184,634027
146,78728,"local blocks read",1,1,28,3573
146,78729,"remote bytes read",1087551,6392169,38324931,2972412321
146,78731,"local bytes read",2385,36458,294632,17005712
146,78732,"fetch wait time",0,0,583,43447
146,78733,"records read",69041,531422,3404746,247163783
146,78742,"remote reqs duration",1357,6708,34007,3175332
146,95350,"data size",3525808,27154843,173937440,12627057480
146,95369,"shuffle bytes written",872886,6150167,38761473,2859883217
146,95370,"shuffle records written",69041,531422,3404746,247163783
146,95371,"shuffle write time",2757602,8498753,67226623,3951969705
146,95372,"duration",187,684,3693,372847
146,95373,"number of output rows",69041,531422,3404746,247163783
146,95374,"spill size",0,0,0,0
146,95376,"duration",208,719,3697,387361
146,95377,"sort time",0,0,94,4250
146,95378,"peak memory",71303168,103179763,402653184,47978643456
146,95379,"spill size",0,0,0,0
146,95383,"duration",169,683,3676,372661
146,95384,"sort time",0,0,0,0
146,95385,"peak memory",67174400,67174400,67174400,31236096000
146,95386,"spill size",0,0,0,0
146,95485,"internal.metrics.executorDeserializeTime",3,4,712,12938
146,95486,"internal.metrics.executorDeserializeCpuTime",3775454,7513203,14423513,3493694161
146,95487,"internal.metrics.executorRunTime",304,1051,5170,539628
146,95488,"internal.metrics.executorCpuTime",247479587,911792519,4649458879,423983575645
146,95489,"internal.metrics.resultSize",18871,18871,18957,8781440
146,95490,"internal.metrics.jvmGCTime",15,26,209,7607
146,95491,"internal.metrics.resultSerializationTime",1,1,1,2
146,95494,"internal.metrics.peakExecutionMemory",207683584,262425904,738263040,122028097536
146,95496,"internal.metrics.shuffle.read.remoteBlocksFetched",792,1235,3192,635537
146,95497,"internal.metrics.shuffle.read.localBlocksFetched",1,1,32,3600
146,95498,"internal.metrics.shuffle.read.remoteBytesRead",1087643,6392484,38325126,2972557314
146,95499,"internal.metrics.shuffle.read.remoteBytesReadToDisk",0,0,0,0
146,95500,"internal.metrics.shuffle.read.localBytesRead",2385,36462,294707,17008106
146,95501,"internal.metrics.shuffle.read.fetchWaitTime",0,0,583,43447
146,95502,"internal.metrics.shuffle.read.recordsRead",69045,531432,3404757,247168783
146,95503,"internal.metrics.shuffle.push.read.corruptMergedBlockChunks",0,0,0,0
146,95504,"internal.metrics.shuffle.push.read.mergedFetchFallbackCount",0,0,0,0
146,95505,"internal.metrics.shuffle.push.read.remoteMergedBlocksFetched",0,0,0,0
146,95506,"internal.metrics.shuffle.push.read.localMergedBlocksFetched",0,0,0,0
146,95507,"internal.metrics.shuffle.push.read.remoteMergedChunksFetched",0,0,0,0
146,95508,"internal.metrics.shuffle.push.read.localMergedChunksFetched",0,0,0,0
146,95509,"internal.metrics.shuffle.push.read.remoteMergedBytesRead",0,0,0,0
146,95510,"internal.metrics.shuffle.push.read.localMergedBytesRead",0,0,0,0
146,95511,"internal.metrics.shuffle.read.remoteReqsDuration",1360,6765,34474,3202343
146,95512,"internal.metrics.shuffle.push.read.remoteMergedReqsDuration",0,0,0,0
146,95513,"internal.metrics.shuffle.write.bytesWritten",872886,6150167,38761473,2859883217
146,95514,"internal.metrics.shuffle.write.recordsWritten",69041,531422,3404746,247163783
146,95515,"internal.metrics.shuffle.write.writeTime",2757602,8498753,67226623,3951969705
152,6731,"remote blocks read",1,1,1,981
152,6733,"remote bytes read",74,74,115,77508
152,6736,"fetch wait time",0,0,0,0
152,6737,"records read",1,1,6,1478
152,6746,"remote reqs duration",0,0,192,45126
152,81052,"remote blocks read",408,408,413,197147
152,81053,"local blocks read",1,1,5,1093
152,81054,"remote bytes read",7986182,12711807,52131470,6101725313
152,81056,"local bytes read",2203,89217,587791,33223744
152,81057,"fetch wait time",0,0,15,60
152,81058,"records read",336932,514806,2030168,247163783
152,81067,"remote reqs duration",1674,6681,19577,3265282
152,95827,"data size",8670720,10188922,21486976,4890741440
152,95846,"shuffle bytes written",3359057,3926028,8123223,1884552515
152,95847,"shuffle records written",135480,159085,335734,76417835
152,95848,"shuffle write time",5506956,10628834,126455225,5101899479
152,95849,"duration",485,1171,3572,618993
152,95850,"number of output rows",135480,159085,335734,76417835
152,95851,"peak memory",71303168,71783674,83886080,34456207360
152,95853,"time in aggregation build",412,953,3398,513920
152,95854,"avg hash probes per key",12,12,14,6528
152,95856,"number of output rows",336932,514806,2030168,247163783
152,95857,"spill size",0,0,0,0
152,95859,"duration",435,1161,3692,614237
152,95860,"sort time",0,0,88,2662
152,95861,"peak memory",83886080,98496119,268435456,47278194688
152,95862,"spill size",0,0,0,0
152,95866,"duration",163,655,3438,370028
152,95867,"sort time",0,0,2,2
152,95868,"peak memory",67174400,67174400,67174400,32243712000
152,95869,"spill size",0,0,0,0
152,96676,"internal.metrics.executorDeserializeTime",5,6,437,36988
152,96677,"internal.metrics.executorDeserializeCpuTime",5382159,38798083,107123103,18623136921
152,96678,"internal.metrics.executorRunTime",719,1568,4011,808077
152,96679,"internal.metrics.executorCpuTime",666167229,1271681969,3267815984,610407400576
152,96680,"internal.metrics.resultSize",22941,22941,23028,11021450
152,96681,"internal.metrics.jvmGCTime",17,29,260,12566
152,96682,"internal.metrics.resultSerializationTime",1,7,34,39
152,96685,"internal.metrics.peakExecutionMemory",293666816,308792404,494993408,148220411904
152,96687,"internal.metrics.shuffle.read.remoteBlocksFetched",409,409,414,197627
152,96688,"internal.metrics.shuffle.read.localBlocksFetched",0,0,5,1093
152,96689,"internal.metrics.shuffle.read.remoteBytesRead",7986257,12711889,52131585,6101763307
152,96690,"internal.metrics.shuffle.read.remoteBytesReadToDisk",0,0,0,0
152,96691,"internal.metrics.shuffle.read.localBytesRead",0,69103,587791,33223744
152,96692,"internal.metrics.shuffle.read.fetchWaitTime",0,0,15,60
152,96693,"internal.metrics.shuffle.read.recordsRead",336933,514807,2030174,247164514
152,96694,"internal.metrics.shuffle.push.read.corruptMergedBlockChunks",0,0,0,0
152,96695,"internal.metrics.shuffle.push.read.mergedFetchFallbackCount",0,0,0,0
152,96696,"internal.metrics.shuffle.push.read.remoteMergedBlocksFetched",0,0,0,0
152,96697,"internal.metrics.shuffle.push.read.localMergedBlocksFetched",0,0,0,0
152,96698,"internal.metrics.shuffle.push.read.remoteMergedChunksFetched",0,0,0,0
152,96699,"internal.metrics.shuffle.push.read.localMergedChunksFetched",0,0,0,0
152,96700,"internal.metrics.shuffle.push.read.remoteMergedBytesRead",0,0,0,0
152,96701,"internal.metrics.shuffle.push.read.localMergedBytesRead",0,0,0,0
152,96702,"internal.metrics.shuffle.read.remoteReqsDuration",1674,6711,19628,3282534
152,96703,"internal.metrics.shuffle.push.read.remoteMergedReqsDuration",0,0,0,0
152,96704,"internal.metrics.shuffle.write.bytesWritten",3359057,3926028,8123223,1884552515
152,96705,"internal.metrics.shuffle.write.recordsWritten",135480,159085,335734,76417835
152,96706,"internal.metrics.shuffle.write.writeTime",5506956,10628834,126455225,5101899479
157,6731,"remote blocks read",1,1,1,987
157,6733,"remote bytes read",74,74,115,78122
157,6736,"fetch wait time",0,0,0,0
157,6737,"records read",1,1,6,1507
157,6746,"remote reqs duration",0,1,307,45884
157,79713,"remote blocks read",405,405,413,197168
157,79714,"local blocks read",1,1,8,1072
157,79715,"remote bytes read",4757908,7869604,33223566,3777465478
157,79717,"local bytes read",1551,50822,362291,18428343
157,79718,"fetch wait time",0,0,37,59
157,79719,"records read",336932,514802,2030168,247163783
157,79728,"remote reqs duration",1120,4638,19317,2280063
157,97199,"data size",4335360,6635392,26186304,3185044960
157,97218,"shuffle bytes written",2136094,3228824,12642274,1549893266
157,97219,"shuffle records written",135480,207241,818322,99532655
157,97220,"shuffle write time",3917598,7644275,194361885,3669308334
157,97221,"duration",291,830,2686,455567
157,97222,"number of output rows",135480,207241,818322,99532655
157,97223,"peak memory",75497472,79027557,100663296,37933285376
157,97225,"time in aggregation build",242,713,2409,398318
157,97226,"avg hash probes per key",16,16,16,7680
157,97228,"number of output rows",135480,207241,818322,99532655
157,97229,"peak memory",71303168,73959439,100663296,35500589056
157,97231,"time in aggregation build",203,588,2189,341050
157,97232,"avg hash probes per key",14,14,15,6730
157,97234,"number of output rows",336932,514802,2030168,247163783
157,97235,"spill size",0,0,0,0
157,97237,"duration",209,710,2529,396265
157,97238,"sort time",0,0,56,2643
157,97239,"peak memory",83886080,91086183,201326592,43721424896
157,97240,"spill size",0,0,0,0
157,97244,"duration",112,408,2294,253238
157,97245,"sort time",0,0,1,1
157,97246,"peak memory",67174400,67174400,67174400,32243712000
157,97247,"spill size",0,0,0,0
157,97818,"internal.metrics.executorDeserializeTime",5,6,180,10609
157,97819,"internal.metrics.executorDeserializeCpuTime",5454558,11421656,76782225,5482453686
157,97820,"internal.metrics.executorRunTime",408,1099,3296,581364
157,97821,"internal.metrics.executorCpuTime",408567236,954435411,2764321983,458129055304
157,97822,"internal.metrics.resultSize",23277,23277,23363,11179484
157,97823,"internal.metrics.jvmGCTime",16,31,199,8326
157,97824,"internal.metrics.resultSerializationTime",17,17,17,17
157,97827,"internal.metrics.peakExecutionMemory",369164288,384316095,553713664,184471781376
157,97829,"internal.metrics.shuffle.read.remoteBlocksFetched",406,406,414,197648
157,97830,"internal.metrics.shuffle.read.localBlocksFetched",0,0,8,1072
157,97831,"internal.metrics.shuffle.read.remoteBytesRead",4757991,7869683,33223681,3777503472
157,97832,"internal.metrics.shuffle.read.remoteBytesReadToDisk",0,0,0,0
157,97833,"internal.metrics.shuffle.read.localBytesRead",0,38276,362291,18428343
157,97834,"internal.metrics.shuffle.read.fetchWaitTime",0,0,37,59
157,97835,"internal.metrics.shuffle.read.recordsRead",336933,514803,2030174,247164514
157,97836,"internal.metrics.shuffle.push.read.corruptMergedBlockChunks",0,0,0,0
157,97837,"internal.metrics.shuffle.push.read.mergedFetchFallbackCount",0,0,0,0
157,97838,"internal.metrics.shuffle.push.read.remoteMergedBlocksFetched",0,0,0,0
157,97839,"internal.metrics.shuffle.push.read.localMergedBlocksFetched",0,0,0,0
157,97840,"internal.metrics.shuffle.push.read.remoteMergedChunksFetched",0,0,0,0
157,97841,"internal.metrics.shuffle.push.read.localMergedChunksFetched",0,0,0,0
157,97842,"internal.metrics.shuffle.push.read.remoteMergedBytesRead",0,0,0,0
157,97843,"internal.metrics.shuffle.push.read.localMergedBytesRead",0,0,0,0
157,97844,"internal.metrics.shuffle.read.remoteReqsDuration",1122,4695,19522,2308395
157,97845,"internal.metrics.shuffle.push.read.remoteMergedReqsDuration",0,0,0,0
157,97846,"internal.metrics.shuffle.write.bytesWritten",2136094,3228824,12642274,1549893266
157,97847,"internal.metrics.shuffle.write.recordsWritten",135480,207241,818322,99532655
157,97848,"internal.metrics.shuffle.write.writeTime",3917598,7644275,194361885,3669308334
163,6405,"remote blocks read",1,1,1,943
163,6406,"local blocks read",1,1,1,17
163,6407,"remote bytes read",89,89,180,93903
163,6409,"local bytes read",90,97,117,1711
163,6410,"fetch wait time",0,0,0,18747
163,6411,"records read",1,1,6,1462
163,6420,"remote reqs duration",0,8,501,340745
163,85127,"remote blocks read",421,421,427,203841
163,85128,"local blocks read",1,1,6,1119
163,85129,"remote bytes read",17407073,26736435,100249265,12833543360
163,85131,"local bytes read",6915,190249,2205895,67379068
163,85132,"fetch wait time",0,0,232,2627
163,85133,"records read",336932,514799,2030168,247163783
163,85142,"remote reqs duration",2538,11847,33600,5742592
163,98598,"data size",65726648,100455103,396064992,48218509784
163,98617,"shuffle bytes written",20763986,31664597,124516663,15199063631
163,98618,"shuffle records written",336932,514799,2030168,247163783
163,98619,"shuffle write time",16397386,34815228,184135812,16711368752
163,98620,"duration",386,1091,4703,582511
163,98621,"number of output rows",336932,514799,2030168,247163783
163,98622,"spill size",0,0,0,0
163,98624,"duration",389,1141,4794,604815
163,98625,"sort time",0,0,114,2594
163,98626,"peak memory",83886080,125898911,469762048,60431532032
163,98627,"spill size",0,0,0,0
163,98631,"duration",203,698,4286,390370
163,98632,"sort time",0,0,0,0
163,98633,"peak memory",67174400,67174400,67174400,32243712000
163,98634,"spill size",0,0,0,0
163,98917,"internal.metrics.executorDeserializeTime",4,6,172,10538
163,98918,"internal.metrics.executorDeserializeCpuTime",4919197,10202781,17584096,4897392758
163,98919,"internal.metrics.executorRunTime",901,2087,7905,1061277
163,98920,"internal.metrics.executorCpuTime",900674095,1818878073,6725599408,873061532809
163,98921,"internal.metrics.resultSize",22511,22511,22599,10819395
163,98922,"internal.metrics.jvmGCTime",26,27,401,20124
163,98923,"internal.metrics.resultSerializationTime",1,2,8,20
163,98926,"internal.metrics.peakExecutionMemory",293666816,374162383,1040252928,179598000128
163,98928,"internal.metrics.shuffle.read.remoteBlocksFetched",422,422,428,204304
163,98929,"internal.metrics.shuffle.read.localBlocksFetched",0,0,6,1136
163,98930,"internal.metrics.shuffle.read.remoteBytesRead",17407163,26736529,100249445,12833589456
163,98931,"internal.metrics.shuffle.read.remoteBytesReadToDisk",0,0,0,0
163,98932,"internal.metrics.shuffle.read.localBytesRead",0,140260,2205895,67380779
163,98933,"internal.metrics.shuffle.read.fetchWaitTime",0,0,232,2627
163,98934,"internal.metrics.shuffle.read.recordsRead",336933,514800,2030174,247164514
163,98935,"internal.metrics.shuffle.push.read.corruptMergedBlockChunks",0,0,0,0
163,98936,"internal.metrics.shuffle.push.read.mergedFetchFallbackCount",0,0,0,0
163,98937,"internal.metrics.shuffle.push.read.remoteMergedBlocksFetched",0,0,0,0
163,98938,"internal.metrics.shuffle.push.read.localMergedBlocksFetched",0,0,0,0
163,98939,"internal.metrics.shuffle.push.read.remoteMergedChunksFetched",0,0,0,0
163,98940,"internal.metrics.shuffle.push.read.localMergedChunksFetched",0,0,0,0
163,98941,"internal.metrics.shuffle.push.read.remoteMergedBytesRead",0,0,0,0
163,98942,"internal.metrics.shuffle.push.read.localMergedBytesRead",0,0,0,0
163,98943,"internal.metrics.shuffle.read.remoteReqsDuration",2538,11916,33779,5774809
163,98944,"internal.metrics.shuffle.push.read.remoteMergedReqsDuration",0,0,0,0
163,98945,"internal.metrics.shuffle.write.bytesWritten",20763986,31664597,124516663,15199063631
163,98946,"internal.metrics.shuffle.write.recordsWritten",336932,514799,2030168,247163783
163,98947,"internal.metrics.shuffle.write.writeTime",16397386,34815228,184135812,16711368752
168,6731,"remote blocks read",1,1,1,1880
168,6732,"local blocks read",1,1,1,21
168,6733,"remote bytes read",74,74,115,147923
168,6735,"local bytes read",75,75,88,1644
168,6736,"fetch wait time",0,0,0,0
168,6737,"records read",1,1,6,2787
168,6746,"remote reqs duration",0,0,159,82240
168,88638,"remote blocks read",409,409,413,197233
168,88639,"local blocks read",1,1,4,1007
168,88640,"remote bytes read",5203717,8456858,35739669,4059351875
168,88642,"local bytes read",1846,53131,401664,20172905
168,88643,"fetch wait time",0,0,630,1643
168,88644,"records read",336932,514806,2030168,247163783
168,88653,"remote reqs duration",1042,4541,21084,2238715
168,99887,"data size",4335360,6635388,26186304,3185044960
168,99906,"shuffle bytes written",1073563,1624663,6447589,779895306
168,99907,"shuffle records written",135480,207238,818322,99532655
168,99908,"shuffle write time",3362940,8193522,76139066,3932945863
168,99909,"duration",230,799,3342,443133
168,99910,"number of output rows",135480,207238,818322,99532655
168,99911,"peak memory",75497472,79027565,100663296,37933285376
168,99913,"time in aggregation build",204,706,3068,395224
168,99914,"avg hash probes per key",16,16,16,7680
168,99916,"number of output rows",135480,207238,818322,99532655
168,99917,"peak memory",71303168,73959428,100663296,35500589056
168,99919,"time in aggregation build",174,582,2666,335502
168,99920,"avg hash probes per key",14,14,15,6730
168,99922,"number of output rows",336932,514806,2030168,247163783
168,99923,"spill size",0,0,0,0
168,99925,"duration",182,634,2674,363539
168,99926,"sort time",0,0,52,2408
168,99927,"peak memory",83886080,91505615,201326592,43922751488
168,99928,"spill size",0,0,0,0
168,99932,"duration",106,350,2391,226220
168,99933,"sort time",0,0,0,0
168,99934,"peak memory",67174400,67174400,67174400,32243712000
168,99935,"spill size",0,0,0,0
168,99985,"internal.metrics.executorDeserializeTime",5,6,181,9168
168,99986,"internal.metrics.executorDeserializeCpuTime",5159606,11447683,75642504,5494943885
168,99987,"internal.metrics.executorRunTime",331,1069,3762,570335
168,99988,"internal.metrics.executorCpuTime",331646578,957282380,3287125246,459495601875
168,99989,"internal.metrics.resultSize",23277,23277,23365,11180990
168,99990,"internal.metrics.jvmGCTime",24,33,215,10519
168,99991,"internal.metrics.resultSerializationTime",1,1,4,14
168,99994,"internal.metrics.peakExecutionMemory",369164288,384735521,553713664,184673107968
168,99996,"internal.metrics.shuffle.read.remoteBlocksFetched",410,410,414,197692
168,99997,"internal.metrics.shuffle.read.localBlocksFetched",0,0,4,1028
168,99998,"internal.metrics.shuffle.read.remoteBytesRead",5203792,8456937,35739784,4059388225
168,99999,"internal.metrics.shuffle.read.remoteBytesReadToDisk",0,0,0,0
168,100000,"internal.metrics.shuffle.read.localBytesRead",0,41917,401664,20174549
168,100001,"internal.metrics.shuffle.read.fetchWaitTime",0,0,630,1643
168,100002,"internal.metrics.shuffle.read.recordsRead",336933,514807,2030174,247164514
168,100003,"internal.metrics.shuffle.push.read.corruptMergedBlockChunks",0,0,0,0
168,100004,"internal.metrics.shuffle.push.read.mergedFetchFallbackCount",0,0,0,0
168,100005,"internal.metrics.shuffle.push.read.remoteMergedBlocksFetched",0,0,0,0
168,100006,"internal.metrics.shuffle.push.read.localMergedBlocksFetched",0,0,0,0
168,100007,"internal.metrics.shuffle.push.read.remoteMergedChunksFetched",0,0,0,0
168,100008,"internal.metrics.shuffle.push.read.localMergedChunksFetched",0,0,0,0
168,100009,"internal.metrics.shuffle.push.read.remoteMergedBytesRead",0,0,0,0
168,100010,"internal.metrics.shuffle.push.read.localMergedBytesRead",0,0,0,0
168,100011,"internal.metrics.shuffle.read.remoteReqsDuration",1042,4568,21084,2251106
168,100012,"internal.metrics.shuffle.push.read.remoteMergedReqsDuration",0,0,0,0
168,100013,"internal.metrics.shuffle.write.bytesWritten",1073563,1624663,6447589,779895306
168,100014,"internal.metrics.shuffle.write.recordsWritten",135480,207238,818322,99532655
168,100015,"internal.metrics.shuffle.write.writeTime",3362940,8193522,76139066,3932945863
174,6405,"remote blocks read",1,1,1,939
174,6407,"remote bytes read",89,89,180,93304
174,6410,"fetch wait time",0,0,469,18747
174,6411,"records read",1,1,6,1445
174,6420,"remote reqs duration",63,522,1089,340353
174,82777,"remote blocks read",412,412,419,200007
174,82778,"local blocks read",1,1,7,1113
174,82779,"remote bytes read",19189985,29525416,112499676,14172256913
174,82781,"local bytes read",8288,183172,1233474,76060601
174,82782,"fetch wait time",0,0,531,64279
174,82783,"records read",336932,514798,2030168,247163783
174,82792,"remote reqs duration",10056,28260,58021,13621407
174,100287,"data size",76508472,116932697,461030368,56127750840
174,100306,"shuffle bytes written",28884890,44114739,173478059,21175130179
174,100307,"shuffle records written",336932,514798,2030168,247163783
174,100308,"shuffle write time",19298646,42603205,180732766,20449596809
174,100309,"duration",653,1420,4768,738883
174,100310,"number of output rows",336932,514798,2030168,247163783
174,100311,"spill size",0,0,0,0
174,100313,"duration",792,1585,4988,817694
174,100314,"sort time",0,0,89,2176
174,100315,"peak memory",83886080,125898916,469762048,60431532032
174,100316,"spill size",0,0,0,0
174,100320,"duration",378,969,4463,523835
174,100321,"sort time",0,0,0,0
174,100322,"peak memory",67174400,67174400,67174400,32243712000
174,100323,"spill size",0,0,0,0
174,101010,"internal.metrics.executorDeserializeTime",5,25,179,23959
174,101011,"internal.metrics.executorDeserializeCpuTime",5234846,16199167,69310936,7775657889
174,101012,"internal.metrics.executorRunTime",1487,2727,9410,1353544
174,101013,"internal.metrics.executorCpuTime",1202403203,2115380644,7644160491,1015382765898
174,101014,"internal.metrics.resultSize",22511,22511,22600,10820261
174,101015,"internal.metrics.jvmGCTime",14,27,422,23331
174,101016,"internal.metrics.resultSerializationTime",1,4,10,21
174,101019,"internal.metrics.peakExecutionMemory",293666816,374302203,1107361792,179665108992
174,101021,"internal.metrics.shuffle.read.remoteBlocksFetched",413,413,420,200487
174,101022,"internal.metrics.shuffle.read.localBlocksFetched",0,0,7,1113
174,101023,"internal.metrics.shuffle.read.remoteBytesRead",19190075,29525513,112499856,14172304720
174,101024,"internal.metrics.shuffle.read.remoteBytesReadToDisk",0,0,0,0
174,101025,"internal.metrics.shuffle.read.localBytesRead",0,158335,1233474,76060601
174,101026,"internal.metrics.shuffle.read.fetchWaitTime",0,31,623,83026
174,101027,"internal.metrics.shuffle.read.recordsRead",336933,514800,2030174,247164514
174,101028,"internal.metrics.shuffle.push.read.corruptMergedBlockChunks",0,0,0,0
174,101029,"internal.metrics.shuffle.push.read.mergedFetchFallbackCount",0,0,0,0
174,101030,"internal.metrics.shuffle.push.read.remoteMergedBlocksFetched",0,0,0,0
174,101031,"internal.metrics.shuffle.push.read.localMergedBlocksFetched",0,0,0,0
174,101032,"internal.metrics.shuffle.push.read.remoteMergedChunksFetched",0,0,0,0
174,101033,"internal.metrics.shuffle.push.read.localMergedChunksFetched",0,0,0,0
174,101034,"internal.metrics.shuffle.push.read.remoteMergedBytesRead",0,0,0,0
174,101035,"internal.metrics.shuffle.push.read.localMergedBytesRead",0,0,0,0
174,101036,"internal.metrics.shuffle.read.remoteReqsDuration",10721,28899,58569,13929935
174,101037,"internal.metrics.shuffle.push.read.remoteMergedReqsDuration",0,0,0,0
174,101038,"internal.metrics.shuffle.write.bytesWritten",28884890,44114739,173478059,21175130179
174,101039,"internal.metrics.shuffle.write.recordsWritten",336932,514798,2030168,247163783
174,101040,"internal.metrics.shuffle.write.writeTime",19298646,42603205,180732766,20449596809
180,6731,"remote blocks read",1,1,1,2521
180,6732,"local blocks read",1,1,1,25
180,6733,"remote bytes read",74,74,115,198306
180,6735,"local bytes read",75,79,83,1952
180,6736,"fetch wait time",0,0,0,74
180,6737,"records read",1,1,6,3723
180,6746,"remote reqs duration",0,3,451,128969
180,89226,"remote blocks read",406,407,417,382286
180,89227,"local blocks read",1,1,11,2188
180,89228,"remote bytes read",6867117,10964603,44982726,9593069688
180,89230,"local bytes read",2900,77851,592202,56811021
180,89231,"fetch wait time",0,0,65,585
180,89232,"records read",336932,514804,2030168,451667980
180,89241,"remote reqs duration",1646,7272,36191,6027020
180,101370,"data size",14396328,17122070,26560152,8218648296
180,101389,"shuffle bytes written",4826775,5698625,8912183,2735396834
180,101390,"shuffle records written",209825,248983,385484,119570384
180,101391,"shuffle write time",6332717,12046260,46463998,5782264135
180,101392,"duration",415,1288,4036,675616
180,101393,"number of output rows",209825,248983,385484,119570384
180,101394,"peak memory",75497472,76423622,83886080,36683382784
180,101396,"time in aggregation build",363,1086,3802,578052
180,101397,"avg hash probes per key",13,13,15,7008
180,101399,"number of output rows",336932,514804,2030168,247163783
180,101400,"spill size",0,0,0,0
180,101402,"duration",369,1188,4057,628457
180,101403,"sort time",0,0,87,2898
180,101404,"peak memory",83886080,98915558,268435456,47479521280
180,101405,"spill size",0,0,0,0
180,101409,"duration",170,629,3629,357512
180,101410,"sort time",0,0,2,2
180,101411,"peak memory",67174400,67174400,67174400,32243712000
180,101412,"spill size",0,0,0,0
180,102849,"internal.metrics.executorDeserializeTime",5,5,231,10088
180,102850,"internal.metrics.executorDeserializeCpuTime",5071682,9939105,15163349,4770828081
180,102851,"internal.metrics.executorRunTime",602,1692,4644,869897
180,102852,"internal.metrics.executorCpuTime",601983973,1377668635,3814226188,661281002093
180,102853,"internal.metrics.resultSize",22941,22941,23029,11021460
180,102854,"internal.metrics.jvmGCTime",23,29,215,12452
180,102855,"internal.metrics.resultSerializationTime",1,2,12,26
180,102858,"internal.metrics.peakExecutionMemory",297861120,315407182,494993408,151395500032
180,102860,"internal.metrics.shuffle.read.remoteBlocksFetched",407,408,418,199508
180,102861,"internal.metrics.shuffle.read.localBlocksFetched",0,0,11,1132
180,102862,"internal.metrics.shuffle.read.remoteBytesRead",6867117,10964679,44982841,5263104454
180,102863,"internal.metrics.shuffle.read.remoteBytesReadToDisk",0,0,0,0
180,102864,"internal.metrics.shuffle.read.localBytesRead",0,66632,592202,32039251
180,102865,"internal.metrics.shuffle.read.fetchWaitTime",0,0,65,231
180,102866,"internal.metrics.shuffle.read.recordsRead",336933,514805,2030174,247164514
180,102867,"internal.metrics.shuffle.push.read.corruptMergedBlockChunks",0,0,0,0
180,102868,"internal.metrics.shuffle.push.read.mergedFetchFallbackCount",0,0,0,0
180,102869,"internal.metrics.shuffle.push.read.remoteMergedBlocksFetched",0,0,0,0
180,102870,"internal.metrics.shuffle.push.read.localMergedBlocksFetched",0,0,0,0
180,102871,"internal.metrics.shuffle.push.read.remoteMergedChunksFetched",0,0,0,0
180,102872,"internal.metrics.shuffle.push.read.localMergedChunksFetched",0,0,0,0
180,102873,"internal.metrics.shuffle.push.read.remoteMergedBytesRead",0,0,0,0
180,102874,"internal.metrics.shuffle.push.read.localMergedBytesRead",0,0,0,0
180,102875,"internal.metrics.shuffle.read.remoteReqsDuration",1662,7339,36526,3579104
180,102876,"internal.metrics.shuffle.push.read.remoteMergedReqsDuration",0,0,0,0
180,102877,"internal.metrics.shuffle.write.bytesWritten",4826775,5698625,8912183,2735396834
180,102878,"internal.metrics.shuffle.write.recordsWritten",209825,248983,385484,119570384
180,102879,"internal.metrics.shuffle.write.writeTime",6332717,12046260,46463998,5782264135
181,6731,"remote blocks read",1,1,1,2839
181,6732,"local blocks read",1,1,1,29
181,6733,"remote bytes read",74,74,115,224573
181,6735,"local bytes read",75,75,75,2252
181,6736,"fetch wait time",0,0,0,153
181,6737,"records read",1,1,6,4349
181,6746,"remote reqs duration",0,1,274,174632
181,89226,"remote blocks read",406,406,417,398051
181,89227,"local blocks read",1,1,11,2269
181,89228,"remote bytes read",6857198,10967947,44675332,10527740260
181,89230,"local bytes read",4807,74857,493555,62471162
181,89231,"fetch wait time",0,0,44,636
181,89232,"records read",336932,514807,2030168,494327566
181,89241,"remote reqs duration",1578,5812,24830,6398090
181,101826,"data size",12717728,15129225,23476280,7262085224
181,101845,"shuffle bytes written",2524969,3000084,4908451,1440099238
181,101846,"shuffle records written",209825,248988,385484,119570384
181,101847,"shuffle write time",5211183,10139469,51635334,4867000353
181,101848,"duration",412,1093,4092,580576
181,101849,"number of output rows",209825,248988,385484,119570384
181,101850,"peak memory",75497472,76423619,83886080,36683382784
181,101852,"time in aggregation build",345,937,3832,503227
181,101853,"avg hash probes per key",13,13,15,7008
181,101855,"number of output rows",336932,514807,2030168,247163783
181,101856,"spill size",0,0,0,0
181,101858,"duration",351,984,3917,531325
181,101859,"sort time",0,0,41,2603
181,101860,"peak memory",83886080,98915556,268435456,47479521280
181,101861,"spill size",0,0,0,0
181,101865,"duration",136,509,3258,302348
181,101866,"sort time",0,0,0,0
181,101867,"peak memory",67174400,67174400,67174400,32243712000
181,101868,"spill size",0,0,0,0
181,102884,"internal.metrics.executorDeserializeTime",5,5,199,10265
181,102885,"internal.metrics.executorDeserializeCpuTime",5079334,9831695,25417767,4719270329
181,102886,"internal.metrics.executorRunTime",568,1432,4531,742677
181,102887,"internal.metrics.executorCpuTime",568002034,1245199385,3772340123,597695762663
181,102888,"internal.metrics.resultSize",22941,22941,23030,11020963
181,102889,"internal.metrics.jvmGCTime",21,29,207,12906
181,102890,"internal.metrics.resultSerializationTime",1,6,22,35
181,102893,"internal.metrics.peakExecutionMemory",297861120,315407172,494993408,151395500032
181,102895,"internal.metrics.shuffle.read.remoteBlocksFetched",407,407,418,199495
181,102896,"internal.metrics.shuffle.read.localBlocksFetched",0,0,11,1145
181,102897,"internal.metrics.shuffle.read.remoteBytesRead",6857273,10968025,44675447,5264711186
181,102898,"internal.metrics.shuffle.read.remoteBytesReadToDisk",0,0,0,0
181,102899,"internal.metrics.shuffle.read.localBytesRead",0,63287,493555,30432519
181,102900,"internal.metrics.shuffle.read.fetchWaitTime",0,0,44,405
181,102901,"internal.metrics.shuffle.read.recordsRead",336933,514808,2030174,247164514
181,102902,"internal.metrics.shuffle.push.read.corruptMergedBlockChunks",0,0,0,0
181,102903,"internal.metrics.shuffle.push.read.mergedFetchFallbackCount",0,0,0,0
181,102904,"internal.metrics.shuffle.push.read.remoteMergedBlocksFetched",0,0,0,0
181,102905,"internal.metrics.shuffle.push.read.localMergedBlocksFetched",0,0,0,0
181,102906,"internal.metrics.shuffle.push.read.remoteMergedChunksFetched",0,0,0,0
181,102907,"internal.metrics.shuffle.push.read.localMergedChunksFetched",0,0,0,0
181,102908,"internal.metrics.shuffle.push.read.remoteMergedBytesRead",0,0,0,0
181,102909,"internal.metrics.shuffle.push.read.localMergedBytesRead",0,0,0,0
181,102910,"internal.metrics.shuffle.read.remoteReqsDuration",1594,5859,24963,2869435
181,102911,"internal.metrics.shuffle.push.read.remoteMergedReqsDuration",0,0,0,0
181,102912,"internal.metrics.shuffle.write.bytesWritten",2524969,3000084,4908451,1440099238
181,102913,"internal.metrics.shuffle.write.recordsWritten",209825,248988,385484,119570384
181,102914,"internal.metrics.shuffle.write.writeTime",5211183,10139469,51635334,4867000353
185,6731,"remote blocks read",1,1,1,2847
185,6732,"local blocks read",1,1,1,33
185,6733,"remote bytes read",74,74,115,225396
185,6735,"local bytes read",75,78,83,2568
185,6736,"fetch wait time",0,0,74,153
185,6737,"records read",1,1,6,4386
185,6746,"remote reqs duration",6,46,555,177168
185,86135,"remote blocks read",450,450,457,218133
185,86136,"local blocks read",1,1,7,1227
185,86137,"remote bytes read",9701023,14954492,56272061,7178215771
185,86139,"local bytes read",1473,97725,899466,43538588
185,86140,"fetch wait time",0,0,332,1854
185,86141,"records read",336932,514808,2030168,247163783
185,86150,"remote reqs duration",2022,8584,42424,4177713
185,102292,"data size",10277920,13749486,30892128,6599809128
185,102311,"shuffle bytes written",4273512,5649737,12577098,2711930619
185,102312,"shuffle records written",144591,193334,434633,92857964
185,102313,"shuffle write time",5903132,13042921,57625695,6260658453
185,102314,"duration",419,1112,3665,586000
185,102315,"number of output rows",144591,193334,434633,92857964
185,102316,"peak memory",71303168,73068147,83886080,35072770048
185,102318,"time in aggregation build",345,961,3457,516190
185,102319,"avg hash probes per key",14,14,16,7193
185,102321,"number of output rows",336932,514808,2030168,247163783
185,102322,"spill size",0,0,0,0
185,102324,"duration",350,1032,3620,551978
185,102325,"sort time",0,0,47,2455
185,102326,"peak memory",83886080,98915547,268435456,47479521280
185,102327,"spill size",0,0,0,0
185,102331,"duration",195,572,3269,332019
185,102332,"sort time",0,0,3,3
185,102333,"peak memory",67174400,67174400,67174400,32243712000
185,102334,"spill size",0,0,0,0
185,102919,"internal.metrics.executorDeserializeTime",5,6,140,10140
185,102920,"internal.metrics.executorDeserializeCpuTime",5303514,10021957,29220854,4810597317
185,102921,"internal.metrics.executorRunTime",639,1487,4474,768804
185,102922,"internal.metrics.executorCpuTime",525402495,1260788651,3485458794,605178609345
185,102923,"internal.metrics.resultSize",22941,22941,23030,11020729
185,102924,"internal.metrics.jvmGCTime",21,29,162,10588
185,102925,"internal.metrics.resultSerializationTime",1,13,49,54
185,102928,"internal.metrics.peakExecutionMemory",293666816,310924511,494993408,149243822080
185,102930,"internal.metrics.shuffle.read.remoteBlocksFetched",450,450,458,218609
185,102931,"internal.metrics.shuffle.read.localBlocksFetched",0,0,8,1231
185,102932,"internal.metrics.shuffle.read.remoteBytesRead",9701098,14954574,56272176,7178253449
185,102933,"internal.metrics.shuffle.read.remoteBytesReadToDisk",0,0,0,0
185,102934,"internal.metrics.shuffle.read.localBytesRead",0,90585,899466,43538904
185,102935,"internal.metrics.shuffle.read.fetchWaitTime",0,0,332,2007
185,102936,"internal.metrics.shuffle.read.recordsRead",336933,514809,2030174,247164514
185,102937,"internal.metrics.shuffle.push.read.corruptMergedBlockChunks",0,0,0,0
185,102938,"internal.metrics.shuffle.push.read.mergedFetchFallbackCount",0,0,0,0
185,102939,"internal.metrics.shuffle.push.read.remoteMergedBlocksFetched",0,0,0,0
185,102940,"internal.metrics.shuffle.push.read.localMergedBlocksFetched",0,0,0,0
185,102941,"internal.metrics.shuffle.push.read.remoteMergedChunksFetched",0,0,0,0
185,102942,"internal.metrics.shuffle.push.read.localMergedChunksFetched",0,0,0,0
185,102943,"internal.metrics.shuffle.push.read.remoteMergedBytesRead",0,0,0,0
185,102944,"internal.metrics.shuffle.push.read.localMergedBytesRead",0,0,0,0
185,102945,"internal.metrics.shuffle.read.remoteReqsDuration",2215,8729,42424,4246457
185,102946,"internal.metrics.shuffle.push.read.remoteMergedReqsDuration",0,0,0,0
185,102947,"internal.metrics.shuffle.write.bytesWritten",4273512,5649737,12577098,2711930619
185,102948,"internal.metrics.shuffle.write.recordsWritten",144591,193334,434633,92857964
185,102949,"internal.metrics.shuffle.write.writeTime",5903132,13042921,57625695,6260658453
191,7593,"remote blocks read",1,1,1,558
191,7594,"local blocks read",1,1,1,17
191,7595,"remote bytes read",84,84,166,51510
191,7597,"local bytes read",85,96,153,1701
191,7598,"fetch wait time",0,0,0,0
191,7599,"records read",1,1,6,830
191,7608,"remote reqs duration",0,0,112,14418
191,92146,"remote blocks read",430,430,436,208019
191,92147,"local blocks read",1,1,6,1261
191,92148,"remote bytes read",5664174,9239124,38798092,4434835887
191,92150,"local bytes read",3236,64361,409826,25396742
191,92151,"fetch wait time",0,0,686,1314
191,92152,"records read",336932,514806,2030168,247163783
191,92161,"remote reqs duration",1234,5435,21302,2668779
191,103285,"data size",2064,3143,13032,1566048
191,103304,"shuffle bytes written",3364,5373,20894,2635279
191,103305,"shuffle records written",30,30,189,22708
191,103306,"shuffle write time",120716,431958,23398202,207397923
191,103307,"duration",225,561,2194,325382
191,103308,"number of output rows",30,30,189,22708
191,103309,"peak memory",262144,262144,262144,125829120
191,103311,"time in aggregation build",222,526,2151,309194
191,103314,"number of output rows",336932,514806,2030168,247163783
191,103315,"spill size",0,0,0,0
191,103317,"duration",227,617,2321,356489
191,103318,"sort time",0,0,88,2822
191,103319,"peak memory",83886080,92344474,201326592,44325404672
191,103320,"spill size",0,0,0,0
191,103324,"duration",160,382,2122,241066
191,103325,"sort time",0,0,0,0
191,103326,"peak memory",67174400,67174400,67174400,32243712000
191,103327,"spill size",0,0,0,0
191,103741,"internal.metrics.executorDeserializeTime",4,5,88,9012
191,103742,"internal.metrics.executorDeserializeCpuTime",4864686,9941628,15589157,4772038925
191,103743,"internal.metrics.executorRunTime",234,662,2423,376298
191,103744,"internal.metrics.executorCpuTime",206967533,568511555,1839305545,272885601233
191,103745,"internal.metrics.resultSize",22941,22941,23029,11017244
191,103746,"internal.metrics.jvmGCTime",23,42,236,6819
191,103747,"internal.metrics.resultSerializationTime",1,2,13,21
191,103750,"internal.metrics.peakExecutionMemory",218464256,226922650,335904768,108922929152
191,103752,"internal.metrics.shuffle.read.remoteBlocksFetched",430,430,437,208482
191,103753,"internal.metrics.shuffle.read.localBlocksFetched",0,0,7,1278
191,103754,"internal.metrics.shuffle.read.remoteBytesRead",5664259,9239213,38798258,4434879322
191,103755,"internal.metrics.shuffle.read.remoteBytesReadToDisk",0,0,0,0
191,103756,"internal.metrics.shuffle.read.localBytesRead",0,52796,409826,25398443
191,103757,"internal.metrics.shuffle.read.fetchWaitTime",0,0,686,1314
191,103758,"internal.metrics.shuffle.read.recordsRead",336933,514807,2030174,247164514
191,103759,"internal.metrics.shuffle.push.read.corruptMergedBlockChunks",0,0,0,0
191,103760,"internal.metrics.shuffle.push.read.mergedFetchFallbackCount",0,0,0,0
191,103761,"internal.metrics.shuffle.push.read.remoteMergedBlocksFetched",0,0,0,0
191,103762,"internal.metrics.shuffle.push.read.localMergedBlocksFetched",0,0,0,0
191,103763,"internal.metrics.shuffle.push.read.remoteMergedChunksFetched",0,0,0,0
191,103764,"internal.metrics.shuffle.push.read.localMergedChunksFetched",0,0,0,0
191,103765,"internal.metrics.shuffle.push.read.remoteMergedBytesRead",0,0,0,0
191,103766,"internal.metrics.shuffle.push.read.localMergedBytesRead",0,0,0,0
191,103767,"internal.metrics.shuffle.read.remoteReqsDuration",1234,5458,21302,2678070
191,103768,"internal.metrics.shuffle.push.read.remoteMergedReqsDuration",0,0,0,0
191,103769,"internal.metrics.shuffle.write.bytesWritten",3364,5373,20894,2635279
191,103770,"internal.metrics.shuffle.write.recordsWritten",30,30,189,22708
191,103771,"internal.metrics.shuffle.write.writeTime",120716,431958,23398202,207397923
197,7345,"remote blocks read",1,1,9,464
197,7346,"local blocks read",1,1,4,16
197,7347,"remote bytes read",96,184,765,43448
197,7349,"local bytes read",100,167,354,1522
197,7350,"fetch wait time",0,0,0,0
197,7351,"records read",2,2,9,731
197,7360,"remote reqs duration",0,1,105,3176
197,90717,"remote blocks read",435,1003,3951,210950
197,90718,"local blocks read",1,1,35,1210
197,90719,"remote bytes read",1011836,2198664,7209854,439742778
197,90721,"local bytes read",1239,14096,89681,2673034
197,90722,"fetch wait time",0,0,586,1664
197,90723,"records read",675295,1235766,3050297,247163783
197,90732,"remote reqs duration",1069,4963,30042,1003060
197,104061,"data size",864,2551,5184,519264
197,104080,"shuffle bytes written",1598,4693,9550,950084
197,104081,"shuffle records written",14,25,84,8414
197,104082,"shuffle write time",90047,283802,2880299,56770186
197,104083,"duration",457,1136,2459,237532
197,104084,"number of output rows",14,25,84,8414
197,104085,"peak memory",262144,262144,262144,52428800
197,104087,"time in aggregation build",431,1081,2394,226327
197,104090,"number of output rows",675295,1235766,3050297,247163783
197,104091,"spill size",0,0,0,0
197,104093,"duration",492,1212,2605,252917
197,104094,"sort time",6,6,113,5189
197,104095,"peak memory",100663296,148310539,335544320,29662117888
197,104096,"spill size",0,0,0,0
197,104100,"duration",413,1064,2375,221056
197,104101,"sort time",0,0,0,0
197,104102,"peak memory",67174400,67174400,67174400,13434880000
197,104103,"spill size",0,0,0,0
197,104483,"internal.metrics.executorDeserializeTime",5,6,114,4596
197,104484,"internal.metrics.executorDeserializeCpuTime",4681021,9363603,12892071,1872730063
197,104485,"internal.metrics.executorRunTime",500,1264,2670,263046
197,104486,"internal.metrics.executorCpuTime",456754995,953306618,2161395803,190661334020
197,104487,"internal.metrics.resultSize",22941,22941,23029,4592141
197,104488,"internal.metrics.jvmGCTime",27,43,218,5293
197,104489,"internal.metrics.resultSerializationTime",213,213,213,213
197,104492,"internal.metrics.peakExecutionMemory",235241472,282888715,470122496,56577753088
197,104494,"internal.metrics.shuffle.read.remoteBlocksFetched",436,1005,3960,211414
197,104495,"internal.metrics.shuffle.read.localBlocksFetched",0,0,35,1226
197,104496,"internal.metrics.shuffle.read.remoteBytesRead",1012261,2198882,7210006,439786226
197,104497,"internal.metrics.shuffle.read.remoteBytesReadToDisk",0,0,0,0
197,104498,"internal.metrics.shuffle.read.localBytesRead",0,13325,89681,2674556
197,104499,"internal.metrics.shuffle.read.fetchWaitTime",0,0,586,1664
197,104500,"internal.metrics.shuffle.read.recordsRead",675297,1235769,3050306,247164514
197,104501,"internal.metrics.shuffle.push.read.corruptMergedBlockChunks",0,0,0,0
197,104502,"internal.metrics.shuffle.push.read.mergedFetchFallbackCount",0,0,0,0
197,104503,"internal.metrics.shuffle.push.read.remoteMergedBlocksFetched",0,0,0,0
197,104504,"internal.metrics.shuffle.push.read.localMergedBlocksFetched",0,0,0,0
197,104505,"internal.metrics.shuffle.push.read.remoteMergedChunksFetched",0,0,0,0
197,104506,"internal.metrics.shuffle.push.read.localMergedChunksFetched",0,0,0,0
197,104507,"internal.metrics.shuffle.push.read.remoteMergedBytesRead",0,0,0,0
197,104508,"internal.metrics.shuffle.push.read.localMergedBytesRead",0,0,0,0
197,104509,"internal.metrics.shuffle.read.remoteReqsDuration",1109,4979,30042,1006236
197,104510,"internal.metrics.shuffle.push.read.remoteMergedReqsDuration",0,0,0,0
197,104511,"internal.metrics.shuffle.write.bytesWritten",1598,4693,9550,950084
197,104512,"internal.metrics.shuffle.write.recordsWritten",14,25,84,8414
197,104513,"internal.metrics.shuffle.write.writeTime",90047,283802,2880299,56770186
203,7593,"remote blocks read",1,1,1,1489
203,7594,"local blocks read",1,1,1,21
203,7595,"remote bytes read",84,84,166,139540
203,7597,"local bytes read",85,85,85,2041
203,7598,"fetch wait time",0,0,0,0
203,7599,"records read",1,1,6,2333
203,7608,"remote reqs duration",0,1,273,58771
203,93590,"remote blocks read",441,441,446,424438
203,93591,"local blocks read",1,1,5,2384
203,93592,"remote bytes read",10192649,15635484,59162778,14854906293
203,93594,"local bytes read",2991,98432,698183,82615375
203,93595,"fetch wait time",0,0,236,2910
203,93596,"records read",336932,514807,2030168,488913088
203,93605,"remote reqs duration",2349,10391,29723,9399861
203,104812,"data size",12591376,19157325,75902616,9195572272
203,104831,"shuffle bytes written",5399888,8164059,32095077,3918805400
203,104832,"shuffle records written",144591,219887,871674,105605679
203,104833,"shuffle write time",6602380,14824292,64915138,7115718800
203,104834,"duration",480,1217,4564,641218
203,104835,"number of output rows",144591,219887,871674,105605679
203,104836,"peak memory",71303168,74518714,167772160,35769024512
203,104838,"time in aggregation build",397,996,3958,533136
203,104839,"avg hash probes per key",14,14,16,7052
203,104841,"number of output rows",336932,514807,2030168,247163783
203,104842,"spill size",0,0,0,0
203,104844,"duration",401,1131,4249,600259
203,104845,"sort time",0,0,101,2544
203,104846,"peak memory",83886080,98915586,268435456,47479521280
203,104847,"spill size",0,0,0,0
203,104851,"duration",165,652,3817,369565
203,104852,"sort time",0,0,0,0
203,104853,"peak memory",67174400,67174400,67174400,32243712000
203,104854,"spill size",0,0,0,0
203,105185,"internal.metrics.executorDeserializeTime",5,7,131,14020
203,105186,"internal.metrics.executorDeserializeCpuTime",5493683,12831684,31537088,6159266080
203,105187,"internal.metrics.executorRunTime",660,1673,5618,860747
203,105188,"internal.metrics.executorCpuTime",642143317,1361644225,4559146958,653589283349
203,105189,"internal.metrics.resultSize",22941,22941,23030,11021534
203,105190,"internal.metrics.jvmGCTime",18,30,212,12604
203,105191,"internal.metrics.resultSerializationTime",1,2,5,19
203,105194,"internal.metrics.peakExecutionMemory",293666816,314044064,654376960,150741188608
203,105196,"internal.metrics.shuffle.read.remoteBlocksFetched",442,442,447,213369
203,105197,"internal.metrics.shuffle.read.localBlocksFetched",0,0,5,1191
203,105198,"internal.metrics.shuffle.read.remoteBytesRead",10192734,15635577,59162944,7505132885
203,105199,"internal.metrics.shuffle.read.remoteBytesReadToDisk",0,0,0,0
203,105200,"internal.metrics.shuffle.read.localBytesRead",0,90617,698183,43555075
203,105201,"internal.metrics.shuffle.read.fetchWaitTime",0,0,236,2404
203,105202,"internal.metrics.shuffle.read.recordsRead",336933,514809,2030174,247164514
203,105203,"internal.metrics.shuffle.push.read.corruptMergedBlockChunks",0,0,0,0
203,105204,"internal.metrics.shuffle.push.read.mergedFetchFallbackCount",0,0,0,0
203,105205,"internal.metrics.shuffle.push.read.remoteMergedBlocksFetched",0,0,0,0
203,105206,"internal.metrics.shuffle.push.read.localMergedBlocksFetched",0,0,0,0
203,105207,"internal.metrics.shuffle.push.read.remoteMergedChunksFetched",0,0,0,0
203,105208,"internal.metrics.shuffle.push.read.localMergedChunksFetched",0,0,0,0
203,105209,"internal.metrics.shuffle.push.read.remoteMergedBytesRead",0,0,0,0
203,105210,"internal.metrics.shuffle.push.read.localMergedBytesRead",0,0,0,0
203,105211,"internal.metrics.shuffle.read.remoteReqsDuration",2349,10451,29964,5071073
203,105212,"internal.metrics.shuffle.push.read.remoteMergedReqsDuration",0,0,0,0
203,105213,"internal.metrics.shuffle.write.bytesWritten",5399888,8164059,32095077,3918805400
203,105214,"internal.metrics.shuffle.write.recordsWritten",144591,219887,871674,105605679
203,105215,"internal.metrics.shuffle.write.writeTime",6602380,14824292,64915138,7115718800
204,7593,"remote blocks read",1,1,1,1795
204,7594,"local blocks read",1,1,1,31
204,7595,"remote bytes read",84,84,166,167443
204,7597,"local bytes read",85,97,122,2995
204,7598,"fetch wait time",0,0,0,0
204,7599,"records read",1,1,6,2755
204,7608,"remote reqs duration",0,1,295,63834
204,93590,"remote blocks read",441,441,446,425768
204,93591,"local blocks read",1,1,5,2392
204,93592,"remote bytes read",10193321,15642027,59157069,15013317275
204,93594,"local bytes read",3576,92366,605394,83968373
204,93595,"fetch wait time",0,0,74,2910
204,93596,"records read",336932,514807,2030168,494327566
204,93605,"remote reqs duration",2663,9057,40069,9450802
204,105139,"data size",11434648,17397231,68929224,8350726840
204,105158,"shuffle bytes written",4141081,6245276,24526317,2997785907
204,105159,"shuffle records written",144591,219890,871674,105605679
204,105160,"shuffle write time",5349438,14756985,149577541,7083414554
204,105161,"duration",566,1149,4324,614086
204,105162,"number of output rows",144591,219890,871674,105605679
204,105163,"peak memory",71303168,74378878,167772160,35701915648
204,105165,"time in aggregation build",485,977,3831,530697
204,105166,"avg hash probes per key",14,14,16,7051
204,105168,"number of output rows",336932,514807,2030168,247163783
204,105169,"spill size",0,0,0,0
204,105171,"duration",495,1039,3960,562208
204,105172,"sort time",0,0,71,2617
204,105173,"peak memory",83886080,98915557,268435456,47479521280
204,105174,"spill size",0,0,0,0
204,105178,"duration",218,571,3576,332827
204,105179,"sort time",0,0,0,0
204,105180,"peak memory",67174400,67174400,67174400,32243712000
204,105181,"spill size",0,0,0,0
204,105220,"internal.metrics.executorDeserializeTime",7,7,153,11069
204,105221,"internal.metrics.executorDeserializeCpuTime",5076767,10081249,19829022,4839056599
204,105222,"internal.metrics.executorRunTime",816,1576,5444,812109
204,105223,"internal.metrics.executorCpuTime",736459618,1305111535,4477691865,626453593273
204,105224,"internal.metrics.resultSize",22941,22941,23028,11021909
204,105225,"internal.metrics.jvmGCTime",20,31,195,12921
204,105226,"internal.metrics.resultSerializationTime",1,13,64,71
204,105229,"internal.metrics.peakExecutionMemory",293666816,313624605,654376960,150539862016
204,105231,"internal.metrics.shuffle.read.remoteBlocksFetched",442,442,447,213351
204,105232,"internal.metrics.shuffle.read.localBlocksFetched",0,0,5,1209
204,105233,"internal.metrics.shuffle.read.remoteBytesRead",10193406,15642118,59157235,7508273931
204,105234,"internal.metrics.shuffle.read.remoteBytesReadToDisk",0,0,0,0
204,105235,"internal.metrics.shuffle.read.localBytesRead",0,84077,605394,40414029
204,105236,"internal.metrics.shuffle.read.fetchWaitTime",0,0,74,506
204,105237,"internal.metrics.shuffle.read.recordsRead",336933,514809,2030174,247164514
204,105238,"internal.metrics.shuffle.push.read.corruptMergedBlockChunks",0,0,0,0
204,105239,"internal.metrics.shuffle.push.read.mergedFetchFallbackCount",0,0,0,0
204,105240,"internal.metrics.shuffle.push.read.remoteMergedBlocksFetched",0,0,0,0
204,105241,"internal.metrics.shuffle.push.read.localMergedBlocksFetched",0,0,0,0
204,105242,"internal.metrics.shuffle.push.read.remoteMergedChunksFetched",0,0,0,0
204,105243,"internal.metrics.shuffle.push.read.localMergedChunksFetched",0,0,0,0
204,105244,"internal.metrics.shuffle.push.read.remoteMergedBytesRead",0,0,0,0
204,105245,"internal.metrics.shuffle.push.read.localMergedBytesRead",0,0,0,0
204,105246,"internal.metrics.shuffle.read.remoteReqsDuration",2666,9100,40236,4428710
204,105247,"internal.metrics.shuffle.push.read.remoteMergedReqsDuration",0,0,0,0
204,105248,"internal.metrics.shuffle.write.bytesWritten",4141081,6245276,24526317,2997785907
204,105249,"internal.metrics.shuffle.write.recordsWritten",144591,219890,871674,105605679
204,105250,"internal.metrics.shuffle.write.writeTime",5349438,14756985,149577541,7083414554
209,7593,"remote blocks read",1,1,1,1859
209,7594,"local blocks read",1,1,1,61
209,7595,"remote bytes read",84,84,153,174621
209,7597,"local bytes read",85,87,166,5923
209,7598,"fetch wait time",0,0,0,0
209,7599,"records read",1,1,6,2924
209,7608,"remote reqs duration",0,0,95,65467
209,95352,"remote blocks read",457,457,465,221888
209,95353,"local blocks read",1,1,8,1312
209,95354,"remote bytes read",3424985,5920410,25878689,2841855706
209,95356,"local bytes read",1764,40491,474680,18027511
209,95357,"fetch wait time",0,0,76,464
209,95358,"records read",336932,514806,2030168,247163783
209,95367,"remote reqs duration",1100,3695,18897,1830423
209,105775,"data size",1824,2751,11520,1384384
209,105794,"shuffle bytes written",3114,4969,19309,2444843
209,105795,"shuffle records written",30,30,189,22708
209,105796,"shuffle write time",121828,369032,14812045,177190501
209,105797,"duration",176,505,1561,296285
209,105798,"number of output rows",30,30,189,22708
209,105799,"peak memory",262144,262144,262144,125829120
209,105801,"time in aggregation build",174,496,1540,291535
209,105804,"number of output rows",336932,514806,2030168,247163783
209,105805,"spill size",0,0,0,0
209,105807,"duration",178,532,1638,311911
209,105808,"sort time",0,0,115,3184
209,105809,"peak memory",83886080,92344471,201326592,44325404672
209,105810,"spill size",0,0,0,0
209,105814,"duration",105,322,1509,207727
209,105815,"sort time",0,0,0,0
209,105816,"peak memory",67174400,67174400,67174400,32243712000
209,105817,"spill size",0,0,0,0
209,105827,"internal.metrics.executorDeserializeTime",4,4,118,6658
209,105828,"internal.metrics.executorDeserializeCpuTime",4230463,8469147,13851371,4065247280
209,105829,"internal.metrics.executorRunTime",185,567,1673,328241
209,105830,"internal.metrics.executorCpuTime",173199633,500039639,1353197869,240019082602
209,105831,"internal.metrics.resultSize",22941,22941,23030,11017471
209,105832,"internal.metrics.jvmGCTime",19,33,108,5984
209,105833,"internal.metrics.resultSerializationTime",1,2,12,18
209,105836,"internal.metrics.peakExecutionMemory",218464256,226922647,335904768,108922929152
209,105838,"internal.metrics.shuffle.read.remoteBlocksFetched",458,458,466,222332
209,105839,"internal.metrics.shuffle.read.localBlocksFetched",0,0,8,1348
209,105840,"internal.metrics.shuffle.read.remoteBytesRead",3425070,5920498,25878689,2841897351
209,105841,"internal.metrics.shuffle.read.remoteBytesReadToDisk",0,0,0,0
209,105842,"internal.metrics.shuffle.read.localBytesRead",0,37443,474680,18031002
209,105843,"internal.metrics.shuffle.read.fetchWaitTime",0,0,76,464
209,105844,"internal.metrics.shuffle.read.recordsRead",336933,514807,2030174,247164514
209,105845,"internal.metrics.shuffle.push.read.corruptMergedBlockChunks",0,0,0,0
209,105846,"internal.metrics.shuffle.push.read.mergedFetchFallbackCount",0,0,0,0
209,105847,"internal.metrics.shuffle.push.read.remoteMergedBlocksFetched",0,0,0,0
209,105848,"internal.metrics.shuffle.push.read.localMergedBlocksFetched",0,0,0,0
209,105849,"internal.metrics.shuffle.push.read.remoteMergedChunksFetched",0,0,0,0
209,105850,"internal.metrics.shuffle.push.read.localMergedChunksFetched",0,0,0,0
209,105851,"internal.metrics.shuffle.push.read.remoteMergedBytesRead",0,0,0,0
209,105852,"internal.metrics.shuffle.push.read.localMergedBytesRead",0,0,0,0
209,105853,"internal.metrics.shuffle.read.remoteReqsDuration",1100,3709,18951,1837618
209,105854,"internal.metrics.shuffle.push.read.remoteMergedReqsDuration",0,0,0,0
209,105855,"internal.metrics.shuffle.write.bytesWritten",3114,4969,19309,2444843
209,105856,"internal.metrics.shuffle.write.recordsWritten",30,30,189,22708
209,105857,"internal.metrics.shuffle.write.writeTime",121828,369032,14812045,177190501
221,95829,"remote blocks read",473,473,480,590456
221,95830,"local blocks read",1,1,7,3304
221,95831,"remote bytes read",1997126,2342415,2706856,2893042028
221,95833,"local bytes read",3619,13283,35557,16204889
221,95834,"fetch wait time",0,0,16,374
221,95835,"records read",81397,95325,110504,117932691
221,95844,"remote reqs duration",2869,20860,67272,25483859
221,100289,"remote blocks read",477,477,480,381854
221,100290,"local blocks read",2,2,3,2146
221,100291,"remote bytes read",20678304,26321286,32122479,21057186651
221,100293,"local bytes read",61805,149857,339682,117943528
221,100294,"fetch wait time",0,0,117,2017
221,100295,"records read",243575,308745,378310,247163783
221,100304,"remote reqs duration",6306,18772,61243,15179941
221,106101,"data size",55316344,70159495,85913144,56127750840
221,106120,"shuffle bytes written",22354849,28223644,34362861,22579069331
221,106121,"shuffle records written",243575,308745,378310,247163783
221,106122,"shuffle write time",18185656,29610471,125384517,23688536264
221,106123,"duration",1078,1643,3433,1478088
221,106124,"number of output rows",243575,308745,378310,247163783
221,106125,"spill size",0,0,0,0
221,106127,"duration",1086,1735,3582,1547859
221,106128,"sort time",167,283,916,376392
221,106129,"peak memory",75497472,128093847,150994944,102475235328
221,106130,"spill size",0,0,0,0
221,106131,"duration",1079,1676,3507,1505384
221,106132,"sort time",0,0,74,560
221,106133,"peak memory",67174400,67174400,67174400,53739520000
221,106134,"spill size",0,0,0,0
221,106135,"number of output rows",2311,2415,2672,2000000
221,106136,"peak memory",67371008,67371008,67371008,53896806400
221,106138,"time in aggregation build",64,81,381,116724
221,106139,"avg hash probes per key",10,10,10,8000
221,106391,"internal.metrics.executorDeserializeTime",10,10,223,26169
221,106392,"internal.metrics.executorDeserializeCpuTime",9246971,16548889,26882269,13239268800
221,106393,"internal.metrics.executorRunTime",1678,2450,4521,2121424
221,106394,"internal.metrics.executorCpuTime",1539108495,2162971837,3533824131,1730377628986
221,106395,"internal.metrics.resultSize",45117,45117,45204,36119296
221,106396,"internal.metrics.jvmGCTime",20,20,199,29820
221,106397,"internal.metrics.resultSerializationTime",2,4,14,23
221,106400,"internal.metrics.peakExecutionMemory",281346048,394990521,428146688,315992571904
221,106402,"internal.metrics.shuffle.read.remoteBlocksFetched",950,950,960,763723
221,106403,"internal.metrics.shuffle.read.localBlocksFetched",0,0,10,4277
221,106404,"internal.metrics.shuffle.read.remoteBytesRead",22675430,28663898,34829335,22931278704
221,106405,"internal.metrics.shuffle.read.remoteBytesReadToDisk",0,0,0,0
221,106406,"internal.metrics.shuffle.read.localBytesRead",0,160309,356712,128403990
221,106407,"internal.metrics.shuffle.read.fetchWaitTime",0,0,117,2034
221,106408,"internal.metrics.shuffle.read.recordsRead",324972,404275,488219,323581618
221,106409,"internal.metrics.shuffle.push.read.corruptMergedBlockChunks",0,0,0,0
221,106410,"internal.metrics.shuffle.push.read.mergedFetchFallbackCount",0,0,0,0
221,106411,"internal.metrics.shuffle.push.read.remoteMergedBlocksFetched",0,0,0,0
221,106412,"internal.metrics.shuffle.push.read.localMergedBlocksFetched",0,0,0,0
221,106413,"internal.metrics.shuffle.push.read.remoteMergedChunksFetched",0,0,0,0
221,106414,"internal.metrics.shuffle.push.read.localMergedChunksFetched",0,0,0,0
221,106415,"internal.metrics.shuffle.push.read.remoteMergedBytesRead",0,0,0,0
221,106416,"internal.metrics.shuffle.push.read.localMergedBytesRead",0,0,0,0
221,106417,"internal.metrics.shuffle.read.remoteReqsDuration",10396,39842,118400,32029038
221,106418,"internal.metrics.shuffle.push.read.remoteMergedReqsDuration",0,0,0,0
221,106419,"internal.metrics.shuffle.write.bytesWritten",22354849,28223644,34362861,22579069331
221,106420,"internal.metrics.shuffle.write.recordsWritten",243575,308745,378310,247163783
221,106421,"internal.metrics.shuffle.write.writeTime",18185656,29610471,125384517,23688536264
227,95829,"remote blocks read",473,473,480,763692
227,95830,"local blocks read",1,1,7,4308
227,95831,"remote bytes read",2004217,2342085,2712283,3747918120
227,95833,"local bytes read",3748,13571,36083,21186910
227,95834,"fetch wait time",0,0,240,385
227,95835,"records read",81397,95322,110504,152835670
227,95844,"remote reqs duration",3658,16568,52634,30265758
227,98600,"remote blocks read",463,470,479,381874
227,98601,"local blocks read",1,1,17,2126
227,98602,"remote bytes read",14870362,18894336,23062720,15115620392
227,98604,"local bytes read",19953,104104,690160,83443239
227,98605,"fetch wait time",0,0,861,52714
227,98606,"records read",243575,308751,378310,247163783
227,98615,"remote reqs duration",3991,15053,55079,12208094
227,106866,"data size",47521944,60272932,73807224,48218509784
227,106885,"shuffle bytes written",16365250,20613212,25068516,16490724625
227,106886,"shuffle records written",243575,308751,378310,247163783
227,106887,"shuffle write time",11032057,18445167,52850818,14756296639
227,106888,"duration",663,1146,2279,1084985
227,106889,"number of output rows",243575,308751,378310,247163783
227,106890,"spill size",0,0,0,0
227,106892,"duration",671,1229,2392,1138691
227,106893,"sort time",130,154,481,201018
227,106894,"peak memory",75497472,84976399,150994944,67981279232
227,106895,"spill size",0,0,0,0
227,106896,"duration",665,1174,2330,1103560
227,106897,"sort time",0,0,9,160
227,106898,"peak memory",67174400,67174400,67174400,53739520000
227,106899,"spill size",0,0,0,0
227,106900,"number of output rows",2311,2411,2672,2000000
227,106901,"peak memory",67371008,67371008,67371008,53896806400
227,106903,"time in aggregation build",56,57,330,95376
227,106904,"avg hash probes per key",10,10,10,8000
227,106924,"internal.metrics.executorDeserializeTime",8,8,328,27784
227,106925,"internal.metrics.executorDeserializeCpuTime",8343527,16255126,26863184,13004251597
227,106926,"internal.metrics.executorRunTime",1002,1735,2840,1540569
227,106927,"internal.metrics.executorCpuTime",993437735,1623454461,2333981149,1298763730547
227,106928,"internal.metrics.resultSize",43381,43381,43427,34724543
227,106929,"internal.metrics.jvmGCTime",13,13,199,17770
227,106933,"internal.metrics.peakExecutionMemory",281346048,307916761,428146688,246333571072
227,106935,"internal.metrics.shuffle.read.remoteBlocksFetched",941,946,959,763697
227,106936,"internal.metrics.shuffle.read.localBlocksFetched",1,1,19,4303
227,106937,"internal.metrics.shuffle.read.remoteBytesRead",16874579,21236617,25775003,16989446459
227,106938,"internal.metrics.shuffle.read.remoteBytesReadToDisk",0,0,0,0
227,106939,"internal.metrics.shuffle.read.localBytesRead",19953,117511,702861,94169687
227,106940,"internal.metrics.shuffle.read.fetchWaitTime",0,0,861,53082
227,106941,"internal.metrics.shuffle.read.recordsRead",324972,404279,488219,323581618
227,106942,"internal.metrics.shuffle.push.read.corruptMergedBlockChunks",0,0,0,0
227,106943,"internal.metrics.shuffle.push.read.mergedFetchFallbackCount",0,0,0,0
227,106944,"internal.metrics.shuffle.push.read.remoteMergedBlocksFetched",0,0,0,0
227,106945,"internal.metrics.shuffle.push.read.localMergedBlocksFetched",0,0,0,0
227,106946,"internal.metrics.shuffle.push.read.remoteMergedChunksFetched",0,0,0,0
227,106947,"internal.metrics.shuffle.push.read.localMergedChunksFetched",0,0,0,0
227,106948,"internal.metrics.shuffle.push.read.remoteMergedBytesRead",0,0,0,0
227,106949,"internal.metrics.shuffle.push.read.localMergedBytesRead",0,0,0,0
227,106950,"internal.metrics.shuffle.read.remoteReqsDuration",8295,31828,107713,25624755
227,106951,"internal.metrics.shuffle.push.read.remoteMergedReqsDuration",0,0,0,0
227,106952,"internal.metrics.shuffle.write.bytesWritten",16365250,20613212,25068516,16490724625
227,106953,"internal.metrics.shuffle.write.recordsWritten",243575,308751,378310,247163783
227,106954,"internal.metrics.shuffle.write.writeTime",11032057,18445167,52850818,14756296639
241,102294,"remote blocks read",475,475,480,679198
241,102295,"local blocks read",1,1,5,3842
241,102296,"remote bytes read",2988941,3370671,3744794,4790948306
241,102298,"local bytes read",4627,18933,41216,27015803
241,102299,"fetch wait time",0,0,1,7
241,102300,"records read",103062,115870,129404,164958432
241,102309,"remote reqs duration",5415,81215,122920,74511594
241,106103,"remote blocks read",792,792,799,636398
241,106104,"local blocks read",1,1,8,3602
241,106105,"remote bytes read",13783174,28064963,49087103,22452128670
241,106107,"local bytes read",18216,158477,395491,126940661
241,106108,"fetch wait time",0,0,330,12777
241,106109,"records read",138789,308756,551624,247163783
241,106118,"remote reqs duration",4659,64230,119843,51539608
241,107170,"data size",33718888,75102767,135572288,60082371368
241,107189,"shuffle bytes written",16324779,30720694,51004311,24576716178
241,107190,"shuffle records written",138789,308756,551624,247163783
241,107191,"shuffle write time",14537190,33606547,126252991,26885394390
241,107192,"duration",792,1825,4321,1625971
241,107193,"number of output rows",138789,308756,551624,247163783
241,107194,"spill size",0,0,0,0
241,107196,"duration",816,2016,4549,1781684
241,107197,"sort time",155,254,770,327551
241,107198,"peak memory",71303168,117927903,150994944,94342479872
241,107199,"spill size",0,0,0,0
241,107200,"duration",794,1880,4397,1669839
241,107201,"sort time",0,0,1,1
241,107202,"peak memory",67174400,67174400,67174400,53739520000
241,107203,"spill size",0,0,0,0
241,107204,"number of output rows",555,573,693,500000
241,107205,"peak memory",67371008,67371008,67371008,53896806400
241,107207,"time in aggregation build",74,91,378,116920
241,107208,"avg hash probes per key",10,10,10,8000
241,107426,"internal.metrics.executorDeserializeTime",12,13,463,38050
241,107427,"internal.metrics.executorDeserializeCpuTime",10972393,19458748,37641828,15567160526
241,107428,"internal.metrics.executorRunTime",1183,2859,5534,2451131
241,107429,"internal.metrics.executorCpuTime",1157165840,2326527191,4436735971,1861221908765
241,107430,"internal.metrics.resultSize",58949,58949,59037,47188405
241,107431,"internal.metrics.jvmGCTime",17,19,213,36733
241,107432,"internal.metrics.resultSerializationTime",1,1,7,23
241,107435,"internal.metrics.peakExecutionMemory",277151744,367360537,503644160,293888589824
241,107437,"internal.metrics.shuffle.read.remoteBlocksFetched",1269,1269,1276,1018236
241,107438,"internal.metrics.shuffle.read.localBlocksFetched",4,4,11,5764
241,107439,"internal.metrics.shuffle.read.remoteBytesRead",16806701,31435837,52486690,25148827807
241,107440,"internal.metrics.shuffle.read.remoteBytesReadToDisk",0,0,0,0
241,107441,"internal.metrics.shuffle.read.localBytesRead",48859,177507,412617,142172143
241,107442,"internal.metrics.shuffle.read.fetchWaitTime",0,0,330,12778
241,107443,"internal.metrics.shuffle.read.recordsRead",242065,424832,671015,340021747
241,107444,"internal.metrics.shuffle.push.read.corruptMergedBlockChunks",0,0,0,0
241,107445,"internal.metrics.shuffle.push.read.mergedFetchFallbackCount",0,0,0,0
241,107446,"internal.metrics.shuffle.push.read.remoteMergedBlocksFetched",0,0,0,0
241,107447,"internal.metrics.shuffle.push.read.localMergedBlocksFetched",0,0,0,0
241,107448,"internal.metrics.shuffle.push.read.remoteMergedChunksFetched",0,0,0,0
241,107449,"internal.metrics.shuffle.push.read.localMergedChunksFetched",0,0,0,0
241,107450,"internal.metrics.shuffle.push.read.remoteMergedBytesRead",0,0,0,0
241,107451,"internal.metrics.shuffle.push.read.localMergedBytesRead",0,0,0,0
241,107452,"internal.metrics.shuffle.read.remoteReqsDuration",10074,145649,223667,116671087
241,107453,"internal.metrics.shuffle.push.read.remoteMergedReqsDuration",0,0,0,0
241,107454,"internal.metrics.shuffle.write.bytesWritten",16324779,30720694,51004311,24576716178
241,107455,"internal.metrics.shuffle.write.recordsWritten",138789,308756,551624,247163783
241,107456,"internal.metrics.shuffle.write.writeTime",14537190,33606547,126252991,26885394390
248,102294,"remote blocks read",475,475,480,763689
248,102295,"local blocks read",1,1,5,4311
248,102296,"remote bytes read",3011847,3370695,3745644,5393415770
248,102298,"local bytes read",4471,18915,42832,30445468
248,102299,"fetch wait time",0,0,3,7
248,102300,"records read",103062,115870,129404,185715928
248,102309,"remote reqs duration",2441,14846,52884,77170165
248,106868,"remote blocks read",793,793,798,636407
248,106869,"local blocks read",2,2,7,3593
248,106870,"remote bytes read",10308010,20497239,35584624,16397949084
248,106872,"local bytes read",37564,115775,310573,92775541
248,106873,"fetch wait time",0,0,118,1059
248,106874,"records read",138789,308748,551624,247163783
248,106883,"remote reqs duration",4085,13587,40725,11029048
248,107842,"data size",29277640,65216217,117924512,52173130312
248,107861,"shuffle bytes written",12814012,23173017,37555448,18538568162
248,107862,"shuffle records written",138789,308748,551624,247163783
248,107863,"shuffle write time",9418938,19575764,77875783,15660770195
248,107864,"duration",539,1205,3209,1122871
248,107865,"number of output rows",138789,308748,551624,247163783
248,107866,"spill size",0,0,0,0
248,107868,"duration",554,1243,3324,1161880
248,107869,"sort time",97,147,570,209540
248,107870,"peak memory",71303168,103499493,150994944,82799755264
248,107871,"spill size",0,0,0,0
248,107872,"duration",541,1216,3242,1135159
248,107873,"sort time",0,0,8,11
248,107874,"peak memory",67174400,67174400,67174400,53739520000
248,107875,"spill size",0,0,0,0
248,107876,"number of output rows",555,574,693,500000
248,107877,"peak memory",67371008,67371008,67371008,53896806400
248,107879,"time in aggregation build",67,67,335,118789
248,107880,"avg hash probes per key",10,10,10,8000
248,107897,"internal.metrics.executorDeserializeTime",10,11,143,28438
248,107898,"internal.metrics.executorDeserializeCpuTime",10890768,21403175,32559549,17122698291
248,107899,"internal.metrics.executorRunTime",820,1774,4115,1575269
248,107900,"internal.metrics.executorCpuTime",790044765,1719432720,3312953650,1375546334105
248,107901,"internal.metrics.resultSize",57213,57213,57301,45791483
248,107902,"internal.metrics.jvmGCTime",10,12,175,19570
248,107903,"internal.metrics.resultSerializationTime",1,3,5,6
248,107906,"internal.metrics.peakExecutionMemory",277151744,342026934,436535296,273621712896
248,107908,"internal.metrics.shuffle.read.remoteBlocksFetched",1268,1268,1276,1018258
248,107909,"internal.metrics.shuffle.read.localBlocksFetched",4,4,12,5742
248,107910,"internal.metrics.shuffle.read.remoteBytesRead",13328000,23868132,38986959,19094665717
248,107911,"internal.metrics.shuffle.read.remoteBytesReadToDisk",0,0,0,0
248,107912,"internal.metrics.shuffle.read.localBytesRead",51428,134782,347700,107989527
248,107913,"internal.metrics.shuffle.read.fetchWaitTime",0,0,118,1065
248,107914,"internal.metrics.shuffle.read.recordsRead",242065,424825,671015,340021747
248,107915,"internal.metrics.shuffle.push.read.corruptMergedBlockChunks",0,0,0,0
248,107916,"internal.metrics.shuffle.push.read.mergedFetchFallbackCount",0,0,0,0
248,107917,"internal.metrics.shuffle.push.read.remoteMergedBlocksFetched",0,0,0,0
248,107918,"internal.metrics.shuffle.push.read.localMergedBlocksFetched",0,0,0,0
248,107919,"internal.metrics.shuffle.push.read.remoteMergedChunksFetched",0,0,0,0
248,107920,"internal.metrics.shuffle.push.read.localMergedChunksFetched",0,0,0,0
248,107921,"internal.metrics.shuffle.push.read.remoteMergedBytesRead",0,0,0,0
248,107922,"internal.metrics.shuffle.push.read.localMergedBytesRead",0,0,0,0
248,107923,"internal.metrics.shuffle.read.remoteReqsDuration",8727,28646,85643,23067734
248,107924,"internal.metrics.shuffle.push.read.remoteMergedReqsDuration",0,0,0,0
248,107925,"internal.metrics.shuffle.write.bytesWritten",12814012,23173017,37555448,18538568162
248,107926,"internal.metrics.shuffle.write.recordsWritten",138789,308748,551624,247163783
248,107927,"internal.metrics.shuffle.write.writeTime",9418938,19575764,77875783,15660770195
262,101372,"remote blocks read",474,474,480,381844
262,101373,"local blocks read",1,1,6,2156
262,101374,"remote bytes read",2894623,3399887,3915736,2720069699
262,101376,"local bytes read",5075,19375,44890,15327135
262,101377,"fetch wait time",0,0,0,0
262,101378,"records read",126393,149258,172723,119570384
262,101387,"remote reqs duration",9619,89873,140833,72061354
262,107172,"remote blocks read",793,793,796,636385
262,107173,"local blocks read",4,4,7,3615
262,107174,"remote bytes read",25992025,30547230,35927394,24437944489
262,107176,"local bytes read",108707,173263,275839,138771689
262,107177,"fetch wait time",0,0,524,7626
262,107178,"records read",261303,308758,365465,247163783
262,107187,"remote reqs duration",8366,71111,138677,57045355
262,108115,"data size",65625040,77574409,91673528,62059681632
262,108134,"shuffle bytes written",26491606,31199812,36862312,24960008012
262,108135,"shuffle records written",261303,308758,365465,247163783
262,108136,"shuffle write time",14335308,24971962,79370503,19977725998
262,108137,"duration",1122,1823,4570,1642112
262,108138,"number of output rows",261303,308758,365465,247163783
262,108139,"spill size",0,0,0,0
262,108141,"duration",1128,2003,4825,1803287
262,108142,"sort time",188,253,681,290485
262,108143,"peak memory",75497472,142144767,150994944,113715970048
262,108144,"spill size",0,0,0,0
262,108145,"duration",1123,1870,4621,1687719
262,108146,"sort time",0,0,8,13
262,108147,"peak memory",67174400,67174400,67174400,53739520000
262,108148,"spill size",0,0,0,0
262,108149,"number of output rows",417,454,574,400000
262,108150,"peak memory",67371008,67371008,67371008,53896806400
262,108152,"time in aggregation build",78,92,259,121622
262,108153,"avg hash probes per key",10,10,10,8000
262,108337,"internal.metrics.executorDeserializeTime",13,17,233,48970
262,108338,"internal.metrics.executorDeserializeCpuTime",13536691,24325119,45751162,19460251266
262,108339,"internal.metrics.executorRunTime",1493,2703,5589,2341649
262,108340,"internal.metrics.executorCpuTime",1419624304,2212083643,4473064233,1769667075841
262,108341,"internal.metrics.resultSize",70877,70877,70965,56728881
262,108342,"internal.metrics.jvmGCTime",20,20,179,32957
262,108343,"internal.metrics.resultSerializationTime",1,5,62,112
262,108346,"internal.metrics.peakExecutionMemory",348454912,419291260,428146688,335433170944
262,108348,"internal.metrics.shuffle.read.remoteBlocksFetched",1268,1268,1276,1018229
262,108349,"internal.metrics.shuffle.read.localBlocksFetched",4,4,12,5771
262,108350,"internal.metrics.shuffle.read.remoteBytesRead",28984317,33947311,39843130,27158014188
262,108351,"internal.metrics.shuffle.read.remoteBytesReadToDisk",0,0,0,0
262,108352,"internal.metrics.shuffle.read.localBytesRead",124716,192423,297804,154098824
262,108353,"internal.metrics.shuffle.read.fetchWaitTime",0,0,524,7626
262,108354,"internal.metrics.shuffle.read.recordsRead",389031,458215,538188,366734167
262,108355,"internal.metrics.shuffle.push.read.corruptMergedBlockChunks",0,0,0,0
262,108356,"internal.metrics.shuffle.push.read.mergedFetchFallbackCount",0,0,0,0
262,108357,"internal.metrics.shuffle.push.read.remoteMergedBlocksFetched",0,0,0,0
262,108358,"internal.metrics.shuffle.push.read.localMergedBlocksFetched",0,0,0,0
262,108359,"internal.metrics.shuffle.push.read.remoteMergedChunksFetched",0,0,0,0
262,108360,"internal.metrics.shuffle.push.read.localMergedChunksFetched",0,0,0,0
262,108361,"internal.metrics.shuffle.push.read.remoteMergedBytesRead",0,0,0,0
262,108362,"internal.metrics.shuffle.push.read.localMergedBytesRead",0,0,0,0
262,108363,"internal.metrics.shuffle.read.remoteReqsDuration",18077,161176,254702,129106709
262,108364,"internal.metrics.shuffle.push.read.remoteMergedReqsDuration",0,0,0,0
262,108365,"internal.metrics.shuffle.write.bytesWritten",26491606,31199812,36862312,24960008012
262,108366,"internal.metrics.shuffle.write.recordsWritten",261303,308758,365465,247163783
262,108367,"internal.metrics.shuffle.write.writeTime",14335308,24971962,79370503,19977725998
271,101828,"remote blocks read",474,474,480,381848
271,101829,"local blocks read",1,1,6,2152
271,101830,"remote bytes read",1529970,1789790,2075038,1431997107
271,101832,"local bytes read",2801,10505,22796,8102131
271,101833,"fetch wait time",0,0,0,0
271,101834,"records read",126393,149263,172723,119570384
271,101843,"remote reqs duration",1929,25006,67648,20159543
271,107844,"remote blocks read",792,792,798,636397
271,107845,"local blocks read",2,2,8,3603
271,107846,"remote bytes read",19592208,23042632,27021838,18434268724
271,107848,"local bytes read",59383,130173,202647,104299438
271,107849,"fetch wait time",0,0,163,4453
271,107850,"records read",261303,308756,365465,247163783
271,107859,"remote reqs duration",5536,23786,69178,19186047
271,108694,"data size",55172920,65216215,77054928,52173130312
271,108713,"shuffle bytes written",19605997,23089886,27295158,18472069765
271,108714,"shuffle records written",261303,308756,365465,247163783
271,108715,"shuffle write time",8629908,16733606,87829299,13387046291
271,108716,"duration",802,1251,2859,1157102
271,108717,"number of output rows",261303,308756,365465,247163783
271,108718,"spill size",0,0,0,0
271,108720,"duration",819,1330,2939,1214393
271,108721,"sort time",144,162,393,211514
271,108722,"peak memory",75497472,103892709,150994944,83114328064
271,108723,"spill size",0,0,0,0
271,108724,"duration",803,1281,2873,1176844
271,108725,"sort time",0,0,4,4
271,108726,"peak memory",67174400,67174400,67174400,53739520000
271,108727,"spill size",0,0,0,0
271,108728,"number of output rows",417,451,574,400000
271,108729,"peak memory",67371008,67371008,67371008,53896806400
271,108731,"time in aggregation build",62,64,244,97069
271,108732,"avg hash probes per key",10,10,10,8000
271,108746,"internal.metrics.executorDeserializeTime",12,15,389,46067
271,108747,"internal.metrics.executorDeserializeCpuTime",12815994,26975599,44142653,21580641509
271,108748,"internal.metrics.executorRunTime",1131,1806,3293,1593171
271,108749,"internal.metrics.executorCpuTime",1077513606,1692427257,2753148935,1353941975848
271,108750,"internal.metrics.resultSize",69141,69141,69187,55333186
271,108751,"internal.metrics.jvmGCTime",12,13,157,19627
271,108752,"internal.metrics.resultSerializationTime",3,3,3,3
271,108755,"internal.metrics.peakExecutionMemory",281346048,351007994,428146688,280806555648
271,108757,"internal.metrics.shuffle.read.remoteBlocksFetched",1268,1268,1277,1018245
271,108758,"internal.metrics.shuffle.read.localBlocksFetched",3,3,12,5755
271,108759,"internal.metrics.shuffle.read.remoteBytesRead",21185251,24832633,29096876,19866265831
271,108760,"internal.metrics.shuffle.read.remoteBytesReadToDisk",0,0,0,0
271,108761,"internal.metrics.shuffle.read.localBytesRead",67748,140301,220916,112401569
271,108762,"internal.metrics.shuffle.read.fetchWaitTime",0,0,163,4453
271,108763,"internal.metrics.shuffle.read.recordsRead",389031,458221,538188,366734167
271,108764,"internal.metrics.shuffle.push.read.corruptMergedBlockChunks",0,0,0,0
271,108765,"internal.metrics.shuffle.push.read.mergedFetchFallbackCount",0,0,0,0
271,108766,"internal.metrics.shuffle.push.read.remoteMergedBlocksFetched",0,0,0,0
271,108767,"internal.metrics.shuffle.push.read.localMergedBlocksFetched",0,0,0,0
271,108768,"internal.metrics.shuffle.push.read.remoteMergedChunksFetched",0,0,0,0
271,108769,"internal.metrics.shuffle.push.read.localMergedChunksFetched",0,0,0,0
271,108770,"internal.metrics.shuffle.push.read.remoteMergedBytesRead",0,0,0,0
271,108771,"internal.metrics.shuffle.push.read.localMergedBytesRead",0,0,0,0
271,108772,"internal.metrics.shuffle.read.remoteReqsDuration",10021,48974,134525,39345590
271,108773,"internal.metrics.shuffle.push.read.remoteMergedReqsDuration",0,0,0,0
271,108774,"internal.metrics.shuffle.write.bytesWritten",19605997,23089886,27295158,18472069765
271,108775,"internal.metrics.shuffle.write.recordsWritten",261303,308756,365465,247163783
271,108776,"internal.metrics.shuffle.write.writeTime",8629908,16733606,87829299,13387046291
289,104063,"remote blocks read",68,69,123,16386
289,104064,"local blocks read",1,1,3,88
289,104065,"remote bytes read",7597,8799,15298,1889890
289,104067,"local bytes read",107,137,348,10278
289,104068,"fetch wait time",0,0,0,0
289,104069,"records read",70,70,152,16828
289,104078,"remote reqs duration",156,2608,8123,687556
289,108117,"remote blocks read",792,792,796,85117
289,108118,"local blocks read",4,4,8,483
289,108119,"remote bytes read",34352617,231956355,1054705926,24819333099
289,108121,"local bytes read",171000,1314688,6578072,140674913
289,108122,"fetch wait time",0,0,0,0
289,108123,"records read",304244,2309918,10906652,247163783
289,108132,"remote reqs duration",3521,6907,15830,741741
289,108936,"data size",77605440,579996998,2694917688,62059681632
289,108955,"shuffle bytes written",30702464,222359073,1004128465,23792423713
289,108956,"shuffle records written",304244,2309918,10906652,247163783
289,108957,"shuffle write time",12632084,97886369,588271445,10473844280
289,108958,"duration",640,3978,18341,428484
289,108959,"number of output rows",304244,2309918,10906652,247163783
289,108960,"spill size",0,0,0,0
289,108962,"duration",730,4104,18452,442038
289,108963,"sort time",32,167,743,20485
289,108964,"peak memory",142606336,693824092,3019898880,74239180800
289,108965,"spill size",0,0,0,0
289,108969,"duration",408,2330,10457,252461
289,108970,"sort time",0,0,0,0
289,108971,"peak memory",67174400,67174400,67174400,7187660800
289,108972,"spill size",0,0,0,0
289,108973,"number of output rows",1,1,2,112
289,108974,"peak memory",262144,262144,262144,28049408
289,108976,"time in aggregation build",3,3,14,468
289,109130,"internal.metrics.executorDeserializeTime",25,34,144,6525
289,109131,"internal.metrics.executorDeserializeCpuTime",18246773,26513441,40328291,2836941013
289,109132,"internal.metrics.executorRunTime",1118,6765,30482,726732
289,109133,"internal.metrics.executorCpuTime",1099516984,6602351796,29249430771,706451645107
289,109134,"internal.metrics.resultSize",86445,86445,86491,9252794
289,109135,"internal.metrics.jvmGCTime",10,181,1587,13917
289,109139,"internal.metrics.peakExecutionMemory",352649216,1459945445,6174343168,156214165504
289,109141,"internal.metrics.shuffle.read.remoteBlocksFetched",864,864,919,93304
289,109142,"internal.metrics.shuffle.read.localBlocksFetched",4,4,8,533
289,109143,"internal.metrics.shuffle.read.remoteBytesRead",34361201,231965181,1054713523,24820277341
289,109144,"internal.metrics.shuffle.read.remoteBytesReadToDisk",0,0,0,0
289,109145,"internal.metrics.shuffle.read.localBytesRead",171000,1314751,6578072,140680755
289,109146,"internal.metrics.shuffle.read.fetchWaitTime",0,0,0,0
289,109147,"internal.metrics.shuffle.read.recordsRead",304318,2309996,10906729,247172197
289,109148,"internal.metrics.shuffle.push.read.corruptMergedBlockChunks",0,0,0,0
289,109149,"internal.metrics.shuffle.push.read.mergedFetchFallbackCount",0,0,0,0
289,109150,"internal.metrics.shuffle.push.read.remoteMergedBlocksFetched",0,0,0,0
289,109151,"internal.metrics.shuffle.push.read.localMergedBlocksFetched",0,0,0,0
289,109152,"internal.metrics.shuffle.push.read.remoteMergedChunksFetched",0,0,0,0
289,109153,"internal.metrics.shuffle.push.read.localMergedChunksFetched",0,0,0,0
289,109154,"internal.metrics.shuffle.push.read.remoteMergedBytesRead",0,0,0,0
289,109155,"internal.metrics.shuffle.push.read.localMergedBytesRead",0,0,0,0
289,109156,"internal.metrics.shuffle.read.remoteReqsDuration",4856,9540,19203,1023691
289,109157,"internal.metrics.shuffle.push.read.remoteMergedReqsDuration",0,0,0,0
289,109158,"internal.metrics.shuffle.write.bytesWritten",30702464,222359073,1004128465,23792423713
289,109159,"internal.metrics.shuffle.write.recordsWritten",304244,2309918,10906652,247163783
289,109160,"internal.metrics.shuffle.write.writeTime",12632084,97886369,588271445,10473844280
299,104063,"remote blocks read",68,68,123,15786
299,104064,"local blocks read",1,1,2,87
299,104065,"remote bytes read",7480,8811,15168,1824781
299,104067,"local bytes read",107,127,274,10171
299,104068,"fetch wait time",0,0,0,0
299,104069,"records read",70,70,152,16227
299,104078,"remote reqs duration",444,3766,8902,662543
299,108696,"remote blocks read",792,793,799,85122
299,108697,"local blocks read",1,2,8,478
299,108698,"remote bytes read",24829989,171693037,789551187,18371157752
299,108700,"local bytes read",90868,943074,4909253,100912013
299,108701,"fetch wait time",0,0,0,0
299,108702,"records read",304244,2309918,10906652,247163783
299,108711,"remote reqs duration",3441,7305,19495,784704
299,109428,"data size",60567776,450640255,2084145176,48218509784
299,109447,"shuffle bytes written",20414674,148510781,672269174,15890656240
299,109448,"shuffle records written",304244,2309918,10906652,247163783
299,109449,"shuffle write time",8535285,64256919,375141796,6875493184
299,109450,"duration",527,3276,15525,353641
299,109451,"number of output rows",304244,2309918,10906652,247163783
299,109452,"spill size",0,0,0,0
299,109454,"duration",573,3379,15593,364098
299,109455,"sort time",18,142,708,17721
299,109456,"peak memory",75497472,609154032,2617245696,65179484160
299,109457,"spill size",0,0,0,0
299,109461,"duration",321,1903,8937,206441
299,109462,"sort time",0,0,0,0
299,109463,"peak memory",67174400,67174400,67174400,7187660800
299,109464,"spill size",0,0,0,0
299,109465,"number of output rows",1,1,2,112
299,109466,"peak memory",262144,262144,262144,28049408
299,109468,"time in aggregation build",3,3,11,448
299,109483,"internal.metrics.executorDeserializeTime",27,49,155,8005
299,109484,"internal.metrics.executorDeserializeCpuTime",17999194,27790494,42556089,2973585763
299,109485,"internal.metrics.executorRunTime",864,5388,24696,579277
299,109486,"internal.metrics.executorCpuTime",860632644,5271876352,23549302780,564090772274
299,109487,"internal.metrics.resultSize",84709,84709,84755,9066790
299,109488,"internal.metrics.jvmGCTime",11,143,1432,10280
299,109492,"internal.metrics.peakExecutionMemory",218431488,1224750828,5167710208,131048341504
299,109494,"internal.metrics.shuffle.read.remoteBlocksFetched",864,864,919,93321
299,109495,"internal.metrics.shuffle.read.localBlocksFetched",1,2,8,516
299,109496,"internal.metrics.shuffle.read.remoteBytesRead",24838457,171701875,789558784,18372103400
299,109497,"internal.metrics.shuffle.read.remoteBytesReadToDisk",0,0,0,0
299,109498,"internal.metrics.shuffle.read.localBytesRead",90868,943119,4909253,100916449
299,109499,"internal.metrics.shuffle.read.fetchWaitTime",0,0,0,0
299,109500,"internal.metrics.shuffle.read.recordsRead",304318,2309996,10906729,247172197
299,109501,"internal.metrics.shuffle.push.read.corruptMergedBlockChunks",0,0,0,0
299,109502,"internal.metrics.shuffle.push.read.mergedFetchFallbackCount",0,0,0,0
299,109503,"internal.metrics.shuffle.push.read.remoteMergedBlocksFetched",0,0,0,0
299,109504,"internal.metrics.shuffle.push.read.localMergedBlocksFetched",0,0,0,0
299,109505,"internal.metrics.shuffle.push.read.remoteMergedChunksFetched",0,0,0,0
299,109506,"internal.metrics.shuffle.push.read.localMergedChunksFetched",0,0,0,0
299,109507,"internal.metrics.shuffle.push.read.remoteMergedBytesRead",0,0,0,0
299,109508,"internal.metrics.shuffle.push.read.localMergedBytesRead",0,0,0,0
299,109509,"internal.metrics.shuffle.read.remoteReqsDuration",5052,11099,23250,1190310
299,109510,"internal.metrics.shuffle.push.read.remoteMergedReqsDuration",0,0,0,0
299,109511,"internal.metrics.shuffle.write.bytesWritten",20414674,148510781,672269174,15890656240
299,109512,"internal.metrics.shuffle.write.recordsWritten",304244,2309918,10906652,247163783
299,109513,"internal.metrics.shuffle.write.writeTime",8535285,64256919,375141796,6875493184
318,105777,"remote blocks read",27,28,258,21562
318,105778,"local blocks read",1,1,5,107
318,105779,"remote bytes read",2968,8008,29375,2432939
318,105781,"local bytes read",103,151,555,11904
318,105782,"fetch wait time",0,0,212,3150
318,105783,"records read",27,29,263,22708
318,105792,"remote reqs duration",62,1693,10190,532238
318,109430,"remote blocks read",12,12,121,9742
318,109431,"local blocks read",1,1,4,159
318,109432,"remote bytes read",1328222,48591271,231120860,14625996226
318,109434,"local bytes read",222,9508690,40139052,1264660014
318,109435,"fetch wait time",0,13,927,25510
318,109436,"records read",22999,821070,3627603,247163783
318,109445,"remote reqs duration",52,1313,6334,418759
318,109753,"data size",4591872,160194311,726169608,48218509784
318,109772,"shuffle bytes written",1801184,49104131,216484164,14780365958
318,109773,"shuffle records written",22999,821070,3627603,247163783
318,109774,"shuffle write time",3768407,28802182,134949789,8669480219
318,109775,"duration",58,1155,5112,369648
318,109776,"number of output rows",22999,821070,3627603,247163783
318,109777,"spill size",0,0,0,0
318,109779,"duration",64,1208,5162,386137
318,109780,"sort time",2,25,884,25752
318,109781,"peak memory",68157440,230836441,939524096,69481791488
318,109782,"spill size",0,0,0,0
318,109786,"duration",58,903,3995,293439
318,109787,"sort time",0,0,0,0
318,109788,"peak memory",67174400,67174400,67174400,20219494400
318,109789,"spill size",0,0,0,0
318,109790,"number of output rows",1,1,11,841
318,109791,"peak memory",262144,262144,262144,78905344
318,109793,"time in aggregation build",1,1,216,4396
318,109805,"internal.metrics.executorDeserializeTime",17,17,270,15319
318,109806,"internal.metrics.executorDeserializeCpuTime",17266774,25389917,43519428,7642388781
318,109807,"internal.metrics.executorRunTime",155,2022,8916,632407
318,109808,"internal.metrics.executorCpuTime",155646905,1955348537,8311424484,588559932481
318,109809,"internal.metrics.resultSize",102013,102013,102059,30712639
318,109810,"internal.metrics.jvmGCTime",10,17,469,7590
318,109814,"internal.metrics.peakExecutionMemory",203227136,521898366,1879375872,157091430400
318,109816,"internal.metrics.shuffle.read.remoteBlocksFetched",40,43,378,31304
318,109817,"internal.metrics.shuffle.read.localBlocksFetched",0,0,6,266
318,109818,"internal.metrics.shuffle.read.remoteBytesRead",1332797,48599358,231133767,14628429165
318,109819,"internal.metrics.shuffle.read.remoteBytesReadToDisk",0,0,0,0
318,109820,"internal.metrics.shuffle.read.localBytesRead",0,4201494,40139052,1264671918
318,109821,"internal.metrics.shuffle.read.fetchWaitTime",0,13,927,28660
318,109822,"internal.metrics.shuffle.read.recordsRead",23090,821145,3627723,247186491
318,109823,"internal.metrics.shuffle.push.read.corruptMergedBlockChunks",0,0,0,0
318,109824,"internal.metrics.shuffle.push.read.mergedFetchFallbackCount",0,0,0,0
318,109825,"internal.metrics.shuffle.push.read.remoteMergedBlocksFetched",0,0,0,0
318,109826,"internal.metrics.shuffle.push.read.localMergedBlocksFetched",0,0,0,0
318,109827,"internal.metrics.shuffle.push.read.remoteMergedChunksFetched",0,0,0,0
318,109828,"internal.metrics.shuffle.push.read.localMergedChunksFetched",0,0,0,0
318,109829,"internal.metrics.shuffle.push.read.remoteMergedBytesRead",0,0,0,0
318,109830,"internal.metrics.shuffle.push.read.localMergedBytesRead",0,0,0,0
318,109831,"internal.metrics.shuffle.read.remoteReqsDuration",114,3082,12841,950997
318,109832,"internal.metrics.shuffle.push.read.remoteMergedReqsDuration",0,0,0,0
318,109833,"internal.metrics.shuffle.write.bytesWritten",1801184,49104131,216484164,14780365958
318,109834,"internal.metrics.shuffle.write.recordsWritten",22999,821070,3627603,247163783
318,109835,"internal.metrics.shuffle.write.writeTime",3768407,28802182,134949789,8669480219
335,103287,"remote blocks read",26,29,260,21558
335,103288,"local blocks read",1,1,3,111
335,103289,"remote bytes read",3190,8497,31478,2621725
335,103291,"local bytes read",112,127,361,13554
335,103292,"fetch wait time",0,0,945,9863
335,103293,"records read",27,29,263,22708
335,103302,"remote reqs duration",110,2557,12542,806413
335,108938,"remote blocks read",12,13,121,9775
335,108939,"local blocks read",1,1,4,126
335,108940,"remote bytes read",1040712,73572313,346444770,22513150150
335,108942,"local bytes read",279,12420105,56981072,1279273563
335,108943,"fetch wait time",0,218,1924,91265
335,108944,"records read",11241,807647,3627603,247163783
335,108953,"remote reqs duration",50,2012,10754,639901
335,109967,"data size",2878256,209271137,958336200,64036991896
335,109986,"shuffle bytes written",1357015,75919530,338928668,23231399474
335,109987,"shuffle records written",11241,807647,3627603,247163783
335,109988,"shuffle write time",3430806,45903197,232021004,14046401572
335,109989,"duration",111,1717,6724,548023
335,109990,"number of output rows",11241,807647,3627603,247163783
335,109991,"spill size",0,0,0,0
335,109993,"duration",117,1768,6790,564423
335,109994,"sort time",2,27,1224,26727
335,109995,"peak memory",67633152,272881549,1140850688,83501776896
335,109996,"spill size",0,0,0,0
335,110000,"duration",80,1368,6302,441768
335,110001,"sort time",0,0,0,0
335,110002,"peak memory",67174400,67174400,67174400,20555366400
335,110003,"spill size",0,0,0,0
335,110004,"number of output rows",1,1,11,841
335,110005,"peak memory",67371008,67371008,67371008,20615528448
335,110007,"time in aggregation build",1,1,948,11201
335,110008,"avg hash probes per key",10,10,10,3060
335,110096,"internal.metrics.executorDeserializeTime",17,18,200,12571
335,110097,"internal.metrics.executorDeserializeCpuTime",17662350,27546384,49981334,8429217764
335,110098,"internal.metrics.executorRunTime",220,2928,11198,920285
335,110099,"internal.metrics.executorCpuTime",134264784,2559880534,10230730543,783323466579
335,110100,"internal.metrics.resultSize",103749,103749,103795,31754725
335,110101,"internal.metrics.jvmGCTime",8,20,400,9863
335,110105,"internal.metrics.peakExecutionMemory",269549568,678282527,2349137920,207554478080
335,110107,"internal.metrics.shuffle.read.remoteBlocksFetched",39,43,378,31333
335,110108,"internal.metrics.shuffle.read.localBlocksFetched",0,0,4,237
335,110109,"internal.metrics.shuffle.read.remoteBytesRead",1048415,73580881,346458701,22515771875
335,110110,"internal.metrics.shuffle.read.remoteBytesReadToDisk",0,0,0,0
335,110111,"internal.metrics.shuffle.read.localBytesRead",0,4180602,56981195,1279287117
335,110112,"internal.metrics.shuffle.read.fetchWaitTime",0,256,1924,101128
335,110113,"internal.metrics.shuffle.read.recordsRead",11271,807722,3627723,247186491
335,110114,"internal.metrics.shuffle.push.read.corruptMergedBlockChunks",0,0,0,0
335,110115,"internal.metrics.shuffle.push.read.mergedFetchFallbackCount",0,0,0,0
335,110116,"internal.metrics.shuffle.push.read.remoteMergedBlocksFetched",0,0,0,0
335,110117,"internal.metrics.shuffle.push.read.localMergedBlocksFetched",0,0,0,0
335,110118,"internal.metrics.shuffle.push.read.remoteMergedChunksFetched",0,0,0,0
335,110119,"internal.metrics.shuffle.push.read.localMergedChunksFetched",0,0,0,0
335,110120,"internal.metrics.shuffle.push.read.remoteMergedBytesRead",0,0,0,0
335,110121,"internal.metrics.shuffle.push.read.localMergedBytesRead",0,0,0,0
335,110122,"internal.metrics.shuffle.read.remoteReqsDuration",202,4651,23296,1446314
335,110123,"internal.metrics.shuffle.push.read.remoteMergedReqsDuration",0,0,0,0
335,110124,"internal.metrics.shuffle.write.bytesWritten",1357015,75919530,338928668,23231399474
335,110125,"internal.metrics.shuffle.write.recordsWritten",11241,807647,3627603,247163783
335,110126,"internal.metrics.shuffle.write.writeTime",3430806,45903197,232021004,14046401572
357,99889,"remote blocks read",459,467,480,381827
357,99890,"local blocks read",1,1,21,2173
357,99891,"remote bytes read",933898,969179,980874,775505215
357,99893,"local bytes read",1157,5529,41356,4390091
357,99894,"fetch wait time",0,0,1441,27104
357,99895,"records read",123482,124221,125537,99532655
357,99904,"remote reqs duration",4034,29678,60785,23902645
357,109755,"remote blocks read",289,289,300,239484
357,109756,"local blocks read",1,1,12,1316
357,109757,"remote bytes read",17658931,18375303,18667329,14700400901
357,109759,"local bytes read",1884,99751,731844,79965057
357,109760,"fetch wait time",0,690,1811,696913
357,109761,"records read",305726,308755,312517,247163783
357,109770,"remote reqs duration",3539,25737,53044,20747498
357,110307,"data size",57190168,57801296,58467824,46241199520
357,110326,"shuffle bytes written",26902694,27193520,27498880,21754973399
357,110327,"shuffle records written",305726,308755,312517,247163783
357,110328,"shuffle write time",13839278,19671045,68798663,15736995477
357,110329,"duration",791,1964,3379,1722923
357,110330,"number of output rows",305726,308755,312517,247163783
357,110331,"spill size",0,0,0,0
357,110333,"duration",797,2098,3499,1824805
357,110334,"sort time",166,178,445,200603
357,110335,"peak memory",75497472,75497472,75497472,60397977600
357,110336,"spill size",0,0,0,0
357,110337,"duration",792,2013,3404,1760116
357,110338,"sort time",44,44,150,50424
357,110339,"peak memory",71303168,71303168,71303168,57042534400
357,110340,"spill size",0,0,0,0
357,110344,"internal.metrics.executorDeserializeTime",18,19,285,55651
357,110345,"internal.metrics.executorDeserializeCpuTime",18946867,35733518,62616545,28586973091
357,110346,"internal.metrics.executorRunTime",1206,2634,3956,2249912
357,110347,"internal.metrics.executorCpuTime",1185317141,1659113157,2305660351,1327290681465
357,110348,"internal.metrics.resultSize",114109,114109,114197,91308504
357,110349,"internal.metrics.jvmGCTime",10,13,118,18398
357,110350,"internal.metrics.resultSerializationTime",35,35,35,35
357,110353,"internal.metrics.peakExecutionMemory",222298112,222298112,222298112,177838489600
357,110355,"internal.metrics.shuffle.read.remoteBlocksFetched",758,764,780,621311
357,110356,"internal.metrics.shuffle.read.localBlocksFetched",1,1,23,3489
357,110357,"internal.metrics.shuffle.read.remoteBytesRead",18630837,19344689,19642965,15475906116
357,110358,"internal.metrics.shuffle.read.remoteBytesReadToDisk",0,0,0,0
357,110359,"internal.metrics.shuffle.read.localBytesRead",2054,105253,734318,84355148
357,110360,"internal.metrics.shuffle.read.fetchWaitTime",0,715,1811,724017
357,110361,"internal.metrics.shuffle.read.recordsRead",429518,433168,437670,346696438
357,110362,"internal.metrics.shuffle.push.read.corruptMergedBlockChunks",0,0,0,0
357,110363,"internal.metrics.shuffle.push.read.mergedFetchFallbackCount",0,0,0,0
357,110364,"internal.metrics.shuffle.push.read.remoteMergedBlocksFetched",0,0,0,0
357,110365,"internal.metrics.shuffle.push.read.localMergedBlocksFetched",0,0,0,0
357,110366,"internal.metrics.shuffle.push.read.remoteMergedChunksFetched",0,0,0,0
357,110367,"internal.metrics.shuffle.push.read.localMergedChunksFetched",0,0,0,0
357,110368,"internal.metrics.shuffle.push.read.remoteMergedBytesRead",0,0,0,0
357,110369,"internal.metrics.shuffle.push.read.localMergedBytesRead",0,0,0,0
357,110370,"internal.metrics.shuffle.read.remoteReqsDuration",7573,55618,101360,44650143
357,110371,"internal.metrics.shuffle.push.read.remoteMergedReqsDuration",0,0,0,0
357,110372,"internal.metrics.shuffle.write.bytesWritten",26902694,27193520,27498880,21754973399
357,110373,"internal.metrics.shuffle.write.recordsWritten",305726,308755,312517,247163783
357,110374,"internal.metrics.shuffle.write.writeTime",13839278,19671045,68798663,15736995477
386,105141,"remote blocks read",476,476,480,381871
386,105142,"local blocks read",1,1,4,2129
386,105143,"remote bytes read",3615616,3726410,3840769,2981288965
386,105145,"local bytes read",4080,20736,59368,16496942
386,105146,"fetch wait time",0,0,132,394
386,105147,"records read",128372,131804,135439,105605679
386,105156,"remote reqs duration",8307,72357,111985,58049191
386,110309,"remote blocks read",792,792,798,636392
386,110310,"local blocks read",2,2,8,3608
386,110311,"remote bytes read",22257452,27040260,31587491,21632362606
386,110313,"local bytes read",58763,153064,308564,122610793
386,110314,"fetch wait time",0,0,197,6118
386,110315,"records read",255073,308751,361545,247163783
386,110324,"remote reqs duration",8236,56624,102572,45465622
386,110521,"data size",147216,147968,148480,118526664
386,110540,"shuffle bytes written",140652,141479,142299,113343406
386,110541,"shuffle records written",793,793,800,638571
386,110542,"shuffle write time",1697477,3189758,103025430,2551964347
386,110543,"duration",864,1591,2218,1427966
386,110544,"number of output rows",793,793,800,638571
386,110545,"peak memory",262144,262144,262144,209715200
386,110547,"time in aggregation build",835,1450,2040,1312315
386,110550,"number of output rows",255073,308751,361545,247163783
386,110551,"spill size",0,0,0,0
386,110553,"duration",877,1829,2508,1634952
386,110554,"sort time",170,196,451,244087
386,110555,"peak memory",75497472,76441016,150994944,61152952320
386,110556,"spill size",0,0,0,0
386,110557,"duration",865,1710,2348,1532082
386,110558,"sort time",3,3,66,5161
386,110559,"peak memory",67633152,67633152,67633152,54106521600
386,110560,"spill size",0,0,0,0
386,110561,"number of output rows",14596,14851,15372,11999597
386,110562,"peak memory",67633152,67633152,67633152,54106521600
386,110564,"time in aggregation build",85,86,344,137037
386,110565,"avg hash probes per key",13,13,13,10400
386,110567,"internal.metrics.executorDeserializeTime",25,36,240,75297
386,110568,"internal.metrics.executorDeserializeCpuTime",24249477,44020744,74806855,35216756099
386,110569,"internal.metrics.executorRunTime",923,1946,2631,1734762
386,110570,"internal.metrics.executorCpuTime",844005136,1577537275,1974092377,1262029975975
386,110571,"internal.metrics.resultSize",128277,128277,128366,102641524
386,110572,"internal.metrics.jvmGCTime",11,17,172,23074
386,110573,"internal.metrics.resultSerializationTime",1,2,7,17
386,110576,"internal.metrics.peakExecutionMemory",278167552,279111096,353665024,223289016320
386,110578,"internal.metrics.shuffle.read.remoteBlocksFetched",1268,1268,1276,1018263
386,110579,"internal.metrics.shuffle.read.localBlocksFetched",4,4,12,5737
386,110580,"internal.metrics.shuffle.read.remoteBytesRead",25940119,30766873,35400543,24613651571
386,110581,"internal.metrics.shuffle.read.remoteBytesReadToDisk",0,0,0,0
386,110582,"internal.metrics.shuffle.read.localBytesRead",96980,173688,336138,139107735
386,110583,"internal.metrics.shuffle.read.fetchWaitTime",0,0,197,6512
386,110584,"internal.metrics.shuffle.read.recordsRead",385839,440763,496190,352769462
386,110585,"internal.metrics.shuffle.push.read.corruptMergedBlockChunks",0,0,0,0
386,110586,"internal.metrics.shuffle.push.read.mergedFetchFallbackCount",0,0,0,0
386,110587,"internal.metrics.shuffle.push.read.remoteMergedBlocksFetched",0,0,0,0
386,110588,"internal.metrics.shuffle.push.read.localMergedBlocksFetched",0,0,0,0
386,110589,"internal.metrics.shuffle.push.read.remoteMergedChunksFetched",0,0,0,0
386,110590,"internal.metrics.shuffle.push.read.localMergedChunksFetched",0,0,0,0
386,110591,"internal.metrics.shuffle.push.read.remoteMergedBytesRead",0,0,0,0
386,110592,"internal.metrics.shuffle.push.read.localMergedBytesRead",0,0,0,0
386,110593,"internal.metrics.shuffle.read.remoteReqsDuration",17152,129192,210582,103514813
386,110594,"internal.metrics.shuffle.push.read.remoteMergedReqsDuration",0,0,0,0
386,110595,"internal.metrics.shuffle.write.bytesWritten",140652,141479,142299,113343406
386,110596,"internal.metrics.shuffle.write.recordsWritten",793,793,800,638571
386,110597,"internal.metrics.shuffle.write.writeTime",1697477,3189758,103025430,2551964347
409,97201,"remote blocks read",473,473,480,381830
409,97202,"local blocks read",1,1,7,2170
409,97203,"remote bytes read",1899040,1926251,1951517,1541158463
409,97205,"local bytes read",2206,11286,27113,8734803
409,97206,"fetch wait time",0,0,731,26114
409,97207,"records read",123482,124223,125537,99532655
409,97216,"remote reqs duration",1826,50076,96386,40216511
409,109969,"remote blocks read",295,297,305,243439
409,109970,"local blocks read",1,1,11,1361
409,109971,"remote bytes read",28063113,28877037,29283519,23101789130
409,109973,"local bytes read",1040,161815,853653,129610344
409,109974,"fetch wait time",0,305,1207,422903
409,109975,"records read",305726,308755,312517,247163783
409,109984,"remote reqs duration",5603,41819,85497,33607839
409,110701,"data size",76756632,77574401,78468912,62059681632
409,110720,"shuffle bytes written",40319398,40759883,41224652,32608072255
409,110721,"shuffle records written",305726,308755,312517,247163783
409,110722,"shuffle write time",19686159,30715713,61686023,24572739815
409,110723,"duration",951,1933,4304,1737702
409,110724,"number of output rows",305726,308755,312517,247163783
409,110725,"spill size",0,0,0,0
409,110727,"duration",962,2068,4443,1838205
409,110728,"sort time",176,178,381,188676
409,110729,"peak memory",142606336,142606336,142606336,114085068800
409,110730,"spill size",0,0,0,0
409,110731,"duration",953,1973,4360,1766105
409,110732,"sort time",44,44,134,50347
409,110733,"peak memory",71303168,71303168,71303168,57042534400
409,110734,"spill size",0,0,0,0
409,110741,"internal.metrics.executorDeserializeTime",20,22,962,60476
409,110742,"internal.metrics.executorDeserializeCpuTime",20341398,37212047,55440649,29769793147
409,110743,"internal.metrics.executorRunTime",1471,2779,5068,2420011
409,110744,"internal.metrics.executorCpuTime",1429426745,2110417759,3810350747,1688334366868
409,110745,"internal.metrics.resultSize",115845,115845,115933,92700346
409,110746,"internal.metrics.jvmGCTime",10,13,139,24867
409,110747,"internal.metrics.resultSerializationTime",32,32,32,32
409,110750,"internal.metrics.peakExecutionMemory",356515840,356515840,356515840,285212672000
409,110752,"internal.metrics.shuffle.read.remoteBlocksFetched",771,772,785,625269
409,110753,"internal.metrics.shuffle.read.localBlocksFetched",1,1,15,3531
409,110754,"internal.metrics.shuffle.read.remoteBytesRead",29974140,30803487,31213691,24642947593
409,110755,"internal.metrics.shuffle.read.remoteBytesReadToDisk",0,0,0,0
409,110756,"internal.metrics.shuffle.read.localBytesRead",6312,172729,872375,138345147
409,110757,"internal.metrics.shuffle.read.fetchWaitTime",0,355,1207,449017
409,110758,"internal.metrics.shuffle.read.recordsRead",429518,433180,437670,346696438
409,110759,"internal.metrics.shuffle.push.read.corruptMergedBlockChunks",0,0,0,0
409,110760,"internal.metrics.shuffle.push.read.mergedFetchFallbackCount",0,0,0,0
409,110761,"internal.metrics.shuffle.push.read.remoteMergedBlocksFetched",0,0,0,0
409,110762,"internal.metrics.shuffle.push.read.localMergedBlocksFetched",0,0,0,0
409,110763,"internal.metrics.shuffle.push.read.remoteMergedChunksFetched",0,0,0,0
409,110764,"internal.metrics.shuffle.push.read.localMergedChunksFetched",0,0,0,0
409,110765,"internal.metrics.shuffle.push.read.remoteMergedBytesRead",0,0,0,0
409,110766,"internal.metrics.shuffle.push.read.localMergedBytesRead",0,0,0,0
409,110767,"internal.metrics.shuffle.read.remoteReqsDuration",11607,92084,173744,73824350
409,110768,"internal.metrics.shuffle.push.read.remoteMergedReqsDuration",0,0,0,0
409,110769,"internal.metrics.shuffle.write.bytesWritten",40319398,40759883,41224652,32608072255
409,110770,"internal.metrics.shuffle.write.recordsWritten",305726,308755,312517,247163783
409,110771,"internal.metrics.shuffle.write.writeTime",19686159,30715713,61686023,24572739815
475,104814,"remote blocks read",476,476,480,381841
475,104815,"local blocks read",1,1,4,2159
475,104816,"remote bytes read",4749343,4871183,4996973,3897101073
475,104818,"local bytes read",5679,27492,69929,21704327
475,104819,"fetch wait time",0,0,253,748
475,104820,"records read",128372,131809,135439,105605679
475,104829,"remote reqs duration",11487,110929,160693,88903158
475,110703,"remote blocks read",792,792,796,636411
475,110704,"local blocks read",4,4,8,3589
475,110705,"remote bytes read",33515781,40531147,47421954,32425074745
475,110707,"local bytes read",170127,228540,450020,182997510
475,110708,"fetch wait time",0,0,538,60066
475,110709,"records read",255073,308757,361545,247163783
475,110718,"remote reqs duration",10629,86445,146939,69320202
475,110841,"data size",10993288,11344220,11692304,9075536904
475,110860,"shuffle bytes written",6124579,6315757,6505424,5052766198
475,110861,"shuffle records written",36567,37511,38868,30172522
475,110862,"shuffle write time",5749940,9363901,54035998,7491283033
475,110863,"duration",1072,2336,3241,2068408
475,110864,"number of output rows",36567,37511,38868,30172522
475,110865,"peak memory",67371008,67371008,67371008,53896806400
475,110867,"time in aggregation build",1036,2059,2955,1825202
475,110868,"avg hash probes per key",10,10,10,8000
475,110870,"number of output rows",255073,308757,361545,247163783
475,110871,"spill size",0,0,0,0
475,110873,"duration",1054,2447,3369,2138427
475,110874,"sort time",197,209,476,246724
475,110875,"peak memory",75497472,142459332,150994944,113967628288
475,110876,"spill size",0,0,0,0
475,110877,"duration",1048,2333,3271,2049507
475,110878,"sort time",4,4,26,4608
475,110879,"peak memory",67633152,67633152,67633152,54106521600
475,110880,"spill size",0,0,0,0
475,110881,"number of output rows",14596,14847,15372,11999597
475,110882,"peak memory",67633152,67633152,67633152,54106521600
475,110884,"time in aggregation build",93,100,516,151277
475,110885,"avg hash probes per key",13,13,14,10401
475,110890,"internal.metrics.executorDeserializeTime",24,33,294,72485
475,110891,"internal.metrics.executorDeserializeCpuTime",22876244,43137900,81678751,34510480618
475,110892,"internal.metrics.executorRunTime",1199,2780,3652,2440063
475,110893,"internal.metrics.executorCpuTime",1162677702,2208290195,2649015772,1766632319235
475,110894,"internal.metrics.resultSize",130013,130013,130101,104038869
475,110895,"internal.metrics.jvmGCTime",15,16,243,41631
475,110896,"internal.metrics.resultSerializationTime",1,1,1,1
475,110899,"internal.metrics.peakExecutionMemory",346292224,413254084,421789696,330603429888
475,110901,"internal.metrics.shuffle.read.remoteBlocksFetched",1268,1268,1276,1018252
475,110902,"internal.metrics.shuffle.read.localBlocksFetched",4,4,12,5748
475,110903,"internal.metrics.shuffle.read.remoteBytesRead",38352333,45402529,52328748,36322175818
475,110904,"internal.metrics.shuffle.read.remoteBytesReadToDisk",0,0,0,0
475,110905,"internal.metrics.shuffle.read.localBytesRead",182612,255687,477880,204701837
475,110906,"internal.metrics.shuffle.read.fetchWaitTime",0,0,538,60814
475,110907,"internal.metrics.shuffle.read.recordsRead",385839,440758,496190,352769462
475,110908,"internal.metrics.shuffle.push.read.corruptMergedBlockChunks",0,0,0,0
475,110909,"internal.metrics.shuffle.push.read.mergedFetchFallbackCount",0,0,0,0
475,110910,"internal.metrics.shuffle.push.read.remoteMergedBlocksFetched",0,0,0,0
475,110911,"internal.metrics.shuffle.push.read.localMergedBlocksFetched",0,0,0,0
475,110912,"internal.metrics.shuffle.push.read.remoteMergedChunksFetched",0,0,0,0
475,110913,"internal.metrics.shuffle.push.read.localMergedChunksFetched",0,0,0,0
475,110914,"internal.metrics.shuffle.push.read.remoteMergedBytesRead",0,0,0,0
475,110915,"internal.metrics.shuffle.push.read.localMergedBytesRead",0,0,0,0
475,110916,"internal.metrics.shuffle.read.remoteReqsDuration",22758,197575,280385,158223360
475,110917,"internal.metrics.shuffle.push.read.remoteMergedReqsDuration",0,0,0,0
475,110918,"internal.metrics.shuffle.write.bytesWritten",6124579,6315757,6505424,5052766198
475,110919,"internal.metrics.shuffle.write.recordsWritten",36567,37511,38868,30172522
475,110920,"internal.metrics.shuffle.write.writeTime",5749940,9363901,54035998,7491283033
542,110843,"remote blocks read",792,792,796,636391
542,110844,"local blocks read",4,4,8,3609
542,110845,"remote bytes read",4265982,6280255,8616702,5024360291
542,110847,"local bytes read",20773,35311,77024,28405907
542,110848,"fetch wait time",0,0,63,262
542,110849,"records read",25318,37508,52381,30172522
542,110858,"remote reqs duration",1989,16335,37710,13224697
542,110962,"data size",36840,46071,58160,37026744
542,110981,"shuffle bytes written",37308,46200,57659,37113969
542,110982,"shuffle records written",136,139,215,136673
542,110983,"shuffle write time",426618,816181,4764269,653103795
542,110984,"duration",111,236,531,300524
542,110985,"number of output rows",136,139,215,136673
542,110986,"peak memory",67371008,67371008,67371008,53896806400
542,110988,"time in aggregation build",103,195,503,264453
542,110989,"avg hash probes per key",10,10,10,8000
542,110994,"internal.metrics.executorDeserializeTime",26,34,316,66643
542,110995,"internal.metrics.executorDeserializeCpuTime",24364799,43446620,76705024,34757456203
542,110996,"internal.metrics.executorRunTime",125,333,658,389503
542,110997,"internal.metrics.executorCpuTime",125005394,319782708,465513329,255826322902
542,110998,"internal.metrics.resultSize",131637,131637,131683,105314828
542,110999,"internal.metrics.jvmGCTime",19,29,89,4284
542,111000,"internal.metrics.resultSerializationTime",1,1,2,5
542,111003,"internal.metrics.peakExecutionMemory",134512640,134512640,134512640,107610112000
542,111005,"internal.metrics.shuffle.read.remoteBlocksFetched",792,792,796,636391
542,111006,"internal.metrics.shuffle.read.localBlocksFetched",4,4,8,3609
542,111007,"internal.metrics.shuffle.read.remoteBytesRead",4265982,6280255,8616702,5024360291
542,111008,"internal.metrics.shuffle.read.remoteBytesReadToDisk",0,0,0,0
542,111009,"internal.metrics.shuffle.read.localBytesRead",20773,35311,77024,28405907
542,111010,"internal.metrics.shuffle.read.fetchWaitTime",0,0,63,262
542,111011,"internal.metrics.shuffle.read.recordsRead",25318,37508,52381,30172522
542,111012,"internal.metrics.shuffle.push.read.corruptMergedBlockChunks",0,0,0,0
542,111013,"internal.metrics.shuffle.push.read.mergedFetchFallbackCount",0,0,0,0
542,111014,"internal.metrics.shuffle.push.read.remoteMergedBlocksFetched",0,0,0,0
542,111015,"internal.metrics.shuffle.push.read.localMergedBlocksFetched",0,0,0,0
542,111016,"internal.metrics.shuffle.push.read.remoteMergedChunksFetched",0,0,0,0
542,111017,"internal.metrics.shuffle.push.read.localMergedChunksFetched",0,0,0,0
542,111018,"internal.metrics.shuffle.push.read.remoteMergedBytesRead",0,0,0,0
542,111019,"internal.metrics.shuffle.push.read.localMergedBytesRead",0,0,0,0
542,111020,"internal.metrics.shuffle.read.remoteReqsDuration",1989,16335,37710,13224697
542,111021,"internal.metrics.shuffle.push.read.remoteMergedReqsDuration",0,0,0,0
542,111022,"internal.metrics.shuffle.write.bytesWritten",37308,46200,57659,37113969
542,111023,"internal.metrics.shuffle.write.recordsWritten",136,139,215,136673
542,111024,"internal.metrics.shuffle.write.writeTime",426618,816181,4764269,653103795
634,110523,"remote blocks read",2368,3099,4776,400515
634,110524,"local blocks read",12,12,32,2244
634,110525,"remote bytes read",714914,880528,1213981,112711534
634,110527,"local bytes read",3588,4904,9482,631872
634,110528,"fetch wait time",0,0,0,0
634,110529,"records read",3971,4960,7988,638571
634,110538,"remote reqs duration",1223,2701,5895,349706
634,110964,"remote blocks read",637,831,1274,110399
634,110965,"local blocks read",1,1,15,653
634,110966,"remote bytes read",192285,288241,416814,36899139
634,110968,"local bytes read",298,1661,5256,214830
634,110969,"fetch wait time",0,0,0,0
634,110970,"records read",697,1036,1593,136673
634,110979,"remote reqs duration",382,1023,3412,135096
634,111060,"duration",190,232,388,33446
634,111061,"number of output rows",697,1036,1593,136673
634,111062,"spill size",0,0,0,0
634,111064,"duration",246,307,488,43359
634,111065,"sort time",2,2,8,359
634,111066,"peak memory",67174400,67174400,67174400,8598323200
634,111067,"spill size",0,0,0,0
634,111071,"duration",206,254,413,36302
634,111072,"sort time",0,0,0,0
634,111073,"peak memory",67174400,67174400,67174400,8598323200
634,111074,"spill size",0,0,0,0
634,111075,"number of output rows",5,5,10,800
634,111076,"peak memory",67371008,67371008,67371008,8623489024
634,111078,"time in aggregation build",128,158,266,23574
634,111079,"avg hash probes per key",10,10,10,1280
634,111084,"internal.metrics.executorDeserializeTime",149,250,563,36019
634,111085,"internal.metrics.executorDeserializeCpuTime",118349475,154507122,215478114,19776915616
634,111086,"internal.metrics.executorRunTime",268,337,509,47102
634,111087,"internal.metrics.executorCpuTime",263453264,352831218,496997335,45162399767
634,111088,"internal.metrics.resultSize",217130,235361,261292,30130095
634,111089,"internal.metrics.jvmGCTime",12,25,128,434
634,111090,"internal.metrics.resultSerializationTime",1,1,2,135
634,111093,"internal.metrics.peakExecutionMemory",201719808,201719808,201719808,25820135424
634,111095,"internal.metrics.shuffle.read.remoteBlocksFetched",3066,3959,6050,510914
634,111096,"internal.metrics.shuffle.read.localBlocksFetched",13,13,41,2897
634,111097,"internal.metrics.shuffle.read.remoteBytesRead",986931,1168805,1626864,149610673
634,111098,"internal.metrics.shuffle.read.remoteBytesReadToDisk",0,0,0,0
634,111099,"internal.metrics.shuffle.read.localBytesRead",3955,6582,11034,846702
634,111100,"internal.metrics.shuffle.read.fetchWaitTime",0,0,0,0
634,111101,"internal.metrics.shuffle.read.recordsRead",4697,6024,9581,775244
634,111102,"internal.metrics.shuffle.push.read.corruptMergedBlockChunks",0,0,0,0
634,111103,"internal.metrics.shuffle.push.read.mergedFetchFallbackCount",0,0,0,0
634,111104,"internal.metrics.shuffle.push.read.remoteMergedBlocksFetched",0,0,0,0
634,111105,"internal.metrics.shuffle.push.read.localMergedBlocksFetched",0,0,0,0
634,111106,"internal.metrics.shuffle.push.read.remoteMergedChunksFetched",0,0,0,0
634,111107,"internal.metrics.shuffle.push.read.localMergedChunksFetched",0,0,0,0
634,111108,"internal.metrics.shuffle.push.read.remoteMergedBytesRead",0,0,0,0
634,111109,"internal.metrics.shuffle.push.read.localMergedBytesRead",0,0,0,0
634,111110,"internal.metrics.shuffle.read.remoteReqsDuration",1705,3758,7278,484802
634,111111,"internal.metrics.shuffle.push.read.remoteMergedReqsDuration",0,0,0,0
726,110523,"remote blocks read",2366,3101,4776,801042
726,110524,"local blocks read",12,12,40,4476
726,110525,"remote bytes read",714914,880550,1213957,225425996
726,110527,"local bytes read",3588,4883,9274,1260816
726,110528,"fetch wait time",0,0,0,0
726,110529,"records read",3971,4956,7988,1277142
726,110538,"remote reqs duration",1185,2776,5051,708866
726,110964,"remote blocks read",642,830,1272,220833
726,110965,"local blocks read",1,1,12,1271
726,110966,"remote bytes read",193568,288291,416457,73804148
726,110968,"local bytes read",294,1599,4042,423790
726,110969,"fetch wait time",0,0,0,0
726,110970,"records read",697,1035,1593,273346
726,110979,"remote reqs duration",378,1171,2978,289338
726,111038,"data size",235408,366119,546320,46867200
726,111057,"shuffle bytes written",209893,315655,453918,40407956
726,111058,"shuffle records written",697,1035,1593,136673
726,111059,"shuffle write time",1623499,2183803,3145993,279530270
726,111060,"duration",179,230,369,66719
726,111061,"number of output rows",697,1035,1593,273346
726,111062,"spill size",0,0,0,0
726,111064,"duration",190,259,389,80722
726,111065,"sort time",0,0,5,539
726,111066,"peak memory",67174400,67174400,67174400,17196646400
726,111067,"spill size",0,0,0,0
726,111071,"duration",180,234,369,70501
726,111072,"sort time",0,0,0,0
726,111073,"peak memory",67174400,67174400,67174400,17196646400
726,111074,"spill size",0,0,0,0
726,111075,"number of output rows",5,5,10,1600
726,111076,"peak memory",67371008,67371008,67371008,17246978048
726,111078,"time in aggregation build",125,159,281,47194
726,111079,"avg hash probes per key",10,10,10,2560
726,111119,"internal.metrics.executorDeserializeTime",74,174,368,26092
726,111120,"internal.metrics.executorDeserializeCpuTime",61760759,80557097,133727795,10311312320
726,111121,"internal.metrics.executorRunTime",226,312,455,43975
726,111122,"internal.metrics.executorCpuTime",226927372,339068365,449859657,43400754802
726,111123,"internal.metrics.resultSize",183605,183605,183651,23502158
726,111124,"internal.metrics.jvmGCTime",15,23,42,294
726,111128,"internal.metrics.peakExecutionMemory",268861440,268861440,268861440,34414264320
726,111130,"internal.metrics.shuffle.read.remoteBlocksFetched",3064,3960,6048,510961
726,111131,"internal.metrics.shuffle.read.localBlocksFetched",14,14,42,2850
726,111132,"internal.metrics.shuffle.read.remoteBytesRead",987602,1168870,1626500,149619471
726,111133,"internal.metrics.shuffle.read.remoteBytesReadToDisk",0,0,0,0
726,111134,"internal.metrics.shuffle.read.localBytesRead",4486,6518,11769,837904
726,111135,"internal.metrics.shuffle.read.fetchWaitTime",0,0,0,0
726,111136,"internal.metrics.shuffle.read.recordsRead",4697,6026,9581,775244
726,111137,"internal.metrics.shuffle.push.read.corruptMergedBlockChunks",0,0,0,0
726,111138,"internal.metrics.shuffle.push.read.mergedFetchFallbackCount",0,0,0,0
726,111139,"internal.metrics.shuffle.push.read.remoteMergedBlocksFetched",0,0,0,0
726,111140,"internal.metrics.shuffle.push.read.localMergedBlocksFetched",0,0,0,0
726,111141,"internal.metrics.shuffle.push.read.remoteMergedChunksFetched",0,0,0,0
726,111142,"internal.metrics.shuffle.push.read.localMergedChunksFetched",0,0,0,0
726,111143,"internal.metrics.shuffle.push.read.remoteMergedBytesRead",0,0,0,0
726,111144,"internal.metrics.shuffle.push.read.localMergedBytesRead",0,0,0,0
726,111145,"internal.metrics.shuffle.read.remoteReqsDuration",1625,3979,7534,513402
726,111146,"internal.metrics.shuffle.push.read.remoteMergedReqsDuration",0,0,0,0
726,111147,"internal.metrics.shuffle.write.bytesWritten",209893,315655,453918,40407956
726,111148,"internal.metrics.shuffle.write.recordsWritten",697,1035,1593,136673
726,111149,"internal.metrics.shuffle.write.writeTime",1623499,2183803,3145993,279530270
819,111040,"remote blocks read",1680,1834,2234,71908
819,111041,"local blocks read",5,9,18,366
819,111042,"remote bytes read",1000125,1030881,1211504,40204706
819,111044,"local bytes read",1853,7811,13612,203250
819,111045,"fetch wait time",0,0,0,0
819,111046,"records read",3416,3494,4442,136673
819,111055,"remote reqs duration",571,1088,1513,42751
819,111158,"task commit time",419,481,667,19128
819,111160,"duration",622,2080,4382,81504
819,111161,"sort time",3,4,17,317
819,111162,"peak memory",67239936,67239936,67239936,2622357504
819,111163,"spill size",0,0,0,0
819,111167,"internal.metrics.executorDeserializeTime",108,166,247,6820
819,111168,"internal.metrics.executorDeserializeCpuTime",82440736,96489072,114540554,3763074119
819,111169,"internal.metrics.executorRunTime",1358,3040,5483,118909
819,111170,"internal.metrics.executorCpuTime",685622257,1809930001,3361397606,70587270446
819,111171,"internal.metrics.resultSize",185137,185148,185180,7221160
819,111172,"internal.metrics.jvmGCTime",18,204,276,3950
819,111173,"internal.metrics.resultSerializationTime",2,2,4,110
819,111176,"internal.metrics.peakExecutionMemory",67239936,67239936,67239936,2622357504
819,111178,"internal.metrics.shuffle.read.remoteBlocksFetched",1680,1834,2234,71908
819,111179,"internal.metrics.shuffle.read.localBlocksFetched",0,0,18,366
819,111180,"internal.metrics.shuffle.read.remoteBytesRead",1000125,1030881,1211504,40204706
819,111181,"internal.metrics.shuffle.read.remoteBytesReadToDisk",0,0,0,0
819,111182,"internal.metrics.shuffle.read.localBytesRead",0,5202,13612,203250
819,111183,"internal.metrics.shuffle.read.fetchWaitTime",0,0,0,0
819,111184,"internal.metrics.shuffle.read.recordsRead",3416,3494,4442,136673
819,111185,"internal.metrics.shuffle.push.read.corruptMergedBlockChunks",0,0,0,0
819,111186,"internal.metrics.shuffle.push.read.mergedFetchFallbackCount",0,0,0,0
819,111187,"internal.metrics.shuffle.push.read.remoteMergedBlocksFetched",0,0,0,0
819,111188,"internal.metrics.shuffle.push.read.localMergedBlocksFetched",0,0,0,0
819,111189,"internal.metrics.shuffle.push.read.remoteMergedChunksFetched",0,0,0,0
819,111190,"internal.metrics.shuffle.push.read.localMergedChunksFetched",0,0,0,0
819,111191,"internal.metrics.shuffle.push.read.remoteMergedBytesRead",0,0,0,0
819,111192,"internal.metrics.shuffle.push.read.localMergedBytesRead",0,0,0,0
819,111193,"internal.metrics.shuffle.read.remoteReqsDuration",571,1088,1513,42751
819,111194,"internal.metrics.shuffle.push.read.remoteMergedReqsDuration",0,0,0,0
819,111200,"internal.metrics.output.bytesWritten",405137,436097,515792,17008186
819,111201,"internal.metrics.output.recordsWritten",3416,3494,4442,136673
820,111635,"number of output rows",2410100,2413117,3978300,2500000000
820,111636,"scan time",183,2498,8623,2889817
820,117471,"data size",134965600,135135119,222784800,140000000000
820,117490,"shuffle bytes written",77886442,77992833,128406630,80800839341
820,117491,"shuffle records written",2410100,2413117,3978300,2500000000
820,117492,"shuffle write time",40105303,57137788,147523079,59195012645
820,117493,"duration",184,3397,9676,3821880
820,117494,"number of output rows",2410100,2413117,3978300,2500000000
820,117495,"number of output rows",2410100,2413117,3978300,2500000000
820,117496,"number of input batches",589,589,972,610970
820,120674,"internal.metrics.executorDeserializeTime",1,1,39,12658
820,120675,"internal.metrics.executorDeserializeCpuTime",1103243,5002621,17739309,5223013858
820,120676,"internal.metrics.executorRunTime",188,5125,11730,5627228
820,120677,"internal.metrics.executorCpuTime",80877312,3337121275,6498543793,3483954883226
820,120678,"internal.metrics.resultSize",2725,2891,2942,3062308
820,120679,"internal.metrics.jvmGCTime",14,14,532,140175
820,120683,"internal.metrics.peakExecutionMemory",32768,266507035,335544320,278233612288
820,120702,"internal.metrics.shuffle.write.bytesWritten",77886442,77992833,128406630,80800839341
820,120703,"internal.metrics.shuffle.write.recordsWritten",2410100,2413117,3978300,2500000000
820,120704,"internal.metrics.shuffle.write.writeTime",40105303,57137788,147523079,59195012645
820,120705,"internal.metrics.input.bytesRead",1005925,1028480,1044263,1074108889
820,120706,"internal.metrics.input.recordsRead",2410100,2413117,3978300,2500000000
821,111666,"number of output rows",5000,5000,5000,2000000
821,111667,"scan time",332,372,633,176287
821,117500,"data size",240000,240000,240000,96000000
821,117519,"shuffle bytes written",163257,164562,166237,65862889
821,117520,"shuffle records written",5000,5000,5000,2000000
821,117521,"shuffle write time",2767493,3993186,14513716,1597314045
821,117522,"duration",337,377,643,178748
821,117523,"number of output rows",5000,5000,5000,2000000
821,117524,"number of output rows",5000,5000,5000,2000000
821,117525,"number of input batches",2,2,2,800
821,120709,"internal.metrics.executorDeserializeTime",1,1,22,993
821,120710,"internal.metrics.executorDeserializeCpuTime",1037718,2065175,5300713,826111783
821,120711,"internal.metrics.executorRunTime",399,452,783,211263
821,120712,"internal.metrics.executorCpuTime",78622563,158233380,267452622,63293390917
821,120713,"internal.metrics.resultSize",2896,2896,2942,1160300
821,120714,"internal.metrics.jvmGCTime",14,31,101,1125
821,120718,"internal.metrics.peakExecutionMemory",67239936,67239936,67239936,26895974400
821,120737,"internal.metrics.shuffle.write.bytesWritten",163257,164562,166237,65862889
821,120738,"internal.metrics.shuffle.write.recordsWritten",5000,5000,5000,2000000
821,120739,"internal.metrics.shuffle.write.writeTime",2767493,3993186,14513716,1597314045
821,120740,"internal.metrics.input.bytesRead",13384,13384,13396,5358172
821,120741,"internal.metrics.input.recordsRead",5000,5000,5000,2000000
822,111697,"number of output rows",7493,7493,7505,3000000
822,111698,"scan time",326,372,644,173998
822,117529,"data size",239776,239927,240160,96000000
822,117548,"shuffle bytes written",148816,149292,149823,59758757
822,117549,"shuffle records written",7493,7493,7505,3000000
822,117550,"shuffle write time",2804711,3712833,26924830,1485171867
822,117551,"duration",335,377,655,176570
822,117552,"number of output rows",7493,7493,7505,3000000
822,117553,"number of output rows",7493,7493,7505,3000000
822,117554,"number of input batches",2,2,2,800
822,120744,"internal.metrics.executorDeserializeTime",1,1,20,1078
822,120745,"internal.metrics.executorDeserializeCpuTime",981779,2103559,5030340,841463262
822,120746,"internal.metrics.executorRunTime",398,451,725,206566
822,120747,"internal.metrics.executorCpuTime",82203175,144031009,239989744,57612445825
822,120748,"internal.metrics.resultSize",2854,2895,2942,1161292
822,120749,"internal.metrics.jvmGCTime",17,18,83,1614
822,120753,"internal.metrics.peakExecutionMemory",67239936,67239936,67239936,26895974400
822,120772,"internal.metrics.shuffle.write.bytesWritten",148816,149292,149823,59758757
822,120773,"internal.metrics.shuffle.write.recordsWritten",7493,7493,7505,3000000
822,120774,"internal.metrics.shuffle.write.writeTime",2804711,3712833,26924830,1485171867
822,120775,"internal.metrics.input.bytesRead",14652,14652,14654,5861590
822,120776,"internal.metrics.input.recordsRead",7493,7493,7505,3000000
823,111728,"number of output rows",1248,1248,1252,500000
823,111729,"scan time",399,462,844,219895
823,117558,"data size",68208,68742,69376,27537360
823,117577,"shuffle bytes written",87462,89962,92132,36026534
823,117578,"shuffle records written",1248,1248,1252,500000
823,117579,"shuffle write time",2137653,2966122,14466107,1186488366
823,117580,"duration",402,465,846,221215
823,117581,"number of output rows",1248,1248,1252,500000
823,117582,"number of output rows",1248,1248,1252,500000
823,117583,"number of input batches",2,2,2,800
823,120779,"internal.metrics.executorDeserializeTime",1,1,40,1377
823,120780,"internal.metrics.executorDeserializeCpuTime",1200617,2271323,5628672,908571349
823,120781,"internal.metrics.executorRunTime",445,524,925,246102
823,120782,"internal.metrics.executorCpuTime",68636179,133820457,249272056,53528221762
823,120783,"internal.metrics.resultSize",2896,2896,2942,1160365
823,120784,"internal.metrics.jvmGCTime",17,17,39,726
823,120785,"internal.metrics.resultSerializationTime",6,6,6,6
823,120788,"internal.metrics.peakExecutionMemory",67141632,67141632,67141632,26856652800
823,120807,"internal.metrics.shuffle.write.bytesWritten",87462,89962,92132,36026534
823,120808,"internal.metrics.shuffle.write.recordsWritten",1248,1248,1252,500000
823,120809,"internal.metrics.shuffle.write.writeTime",2137653,2966122,14466107,1186488366
823,120810,"internal.metrics.input.bytesRead",18692,18720,18844,7500963
823,120811,"internal.metrics.input.recordsRead",1248,1248,1252,500000
824,111759,"number of output rows",100,100,100,5000
824,111760,"scan time",180,255,389,13444
824,117587,"data size",5112,5186,5296,260000
824,117606,"shuffle bytes written",9631,10159,10498,508484
824,117607,"shuffle records written",100,100,100,5000
824,117608,"shuffle write time",331214,451053,760517,22553215
824,117609,"duration",181,258,391,13549
824,117610,"number of output rows",100,100,100,5000
824,117611,"number of output rows",100,100,100,5000
824,117612,"number of input batches",1,1,1,50
824,120814,"internal.metrics.executorDeserializeTime",1,1,16,295
824,120815,"internal.metrics.executorDeserializeCpuTime",1302284,3088213,5546545,154411192
824,120816,"internal.metrics.executorRunTime",197,278,422,14591
824,120817,"internal.metrics.executorCpuTime",22372444,64272571,139599142,3213629237
824,120818,"internal.metrics.resultSize",2896,2896,2899,144870
824,120823,"internal.metrics.peakExecutionMemory",67141632,67141632,67141632,3357081600
824,120842,"internal.metrics.shuffle.write.bytesWritten",9631,10159,10498,508484
824,120843,"internal.metrics.shuffle.write.recordsWritten",100,100,100,5000
824,120844,"internal.metrics.shuffle.write.writeTime",331214,451053,760517,22553215
824,120845,"internal.metrics.input.bytesRead",7575,7581,7590,379320
824,120846,"internal.metrics.input.recordsRead",100,100,100,5000
825,111790,"number of output rows",731,731,731,731
825,111791,"scan time",195,195,195,195
825,117616,"data size",29240,29240,29240,29240
825,117635,"shuffle bytes written",47807,47807,47807,47807
825,117636,"shuffle records written",731,731,731,731
825,117637,"shuffle write time",1920318,1920318,1920318,1920318
825,117638,"duration",210,210,210,210
825,117639,"number of output rows",731,731,731,731
825,117640,"number of output rows",731,731,731,731
825,117641,"number of input batches",1,1,1,1
825,120849,"internal.metrics.executorDeserializeTime",4,4,4,4
825,120850,"internal.metrics.executorDeserializeCpuTime",3370847,3370847,3370847,3370847
825,120851,"internal.metrics.executorRunTime",255,255,255,255
825,120852,"internal.metrics.executorCpuTime",83597076,83597076,83597076,83597076
825,120853,"internal.metrics.resultSize",2897,2897,2897,2897
825,120858,"internal.metrics.peakExecutionMemory",67141632,67141632,67141632,67141632
825,120877,"internal.metrics.shuffle.write.bytesWritten",47807,47807,47807,47807
825,120878,"internal.metrics.shuffle.write.recordsWritten",731,731,731,731
825,120879,"internal.metrics.shuffle.write.writeTime",1920318,1920318,1920318,1920318
825,120880,"internal.metrics.input.bytesRead",7714,7714,7714,7714
825,120881,"internal.metrics.input.recordsRead",731,731,731,731
826,111973,"number of output rows",2410100,2412994,3978300,2500000000
826,111974,"scan time",178,916,1941,1128636
826,117797,"data size",115684800,115829971,190958400,120000000000
826,117816,"shuffle bytes written",56760023,56842084,93622305,58888670214
826,117817,"shuffle records written",2410100,2412994,3978300,2500000000
826,117818,"shuffle write time",32673101,42732521,110118169,44271155667
826,117819,"duration",179,1672,2912,1968187
826,117820,"number of output rows",2410100,2412994,3978300,2500000000
826,117821,"number of output rows",2410100,2412994,3978300,2500000000
826,117822,"number of input batches",589,589,972,610970
826,120884,"internal.metrics.executorDeserializeTime",1,1,30,2766
826,120885,"internal.metrics.executorDeserializeCpuTime",1125386,2131262,7331609,2225305487
826,120886,"internal.metrics.executorRunTime",185,3068,5366,3446331
826,120887,"internal.metrics.executorCpuTime",73384479,2463999165,3970531416,2572415400264
826,120888,"internal.metrics.resultSize",2724,2888,2983,3053859
826,120889,"internal.metrics.jvmGCTime",17,20,155,36481
826,120890,"internal.metrics.resultSerializationTime",1,1,1,1
826,120893,"internal.metrics.peakExecutionMemory",32768,266507032,335544320,278233612288
826,120912,"internal.metrics.shuffle.write.bytesWritten",56760023,56842084,93622305,58888670214
826,120913,"internal.metrics.shuffle.write.recordsWritten",2410100,2412994,3978300,2500000000
826,120914,"internal.metrics.shuffle.write.writeTime",32673101,42732521,110118169,44271155667
826,120915,"internal.metrics.input.bytesRead",1005925,1026532,1040965,1072059065
826,120916,"internal.metrics.input.recordsRead",2410100,2412994,3978300,2500000000
827,112035,"number of output rows",7493,7493,7505,3000000
827,112036,"scan time",341,425,720,209547
827,117829,"data size",119888,119950,120080,48000000
827,117848,"shuffle bytes written",114844,115484,116343,46234529
827,117849,"shuffle records written",7493,7493,7505,3000000
827,117850,"shuffle write time",2834431,3899733,6293706,1559933761
827,117851,"duration",349,430,727,211896
827,117852,"number of output rows",7493,7493,7505,3000000
827,117853,"number of output rows",7493,7493,7505,3000000
827,117854,"number of input batches",2,2,2,800
827,120919,"internal.metrics.executorDeserializeTime",1,1,43,2887
827,120920,"internal.metrics.executorDeserializeCpuTime",1189122,2271649,5301345,908699484
827,120921,"internal.metrics.executorRunTime",430,511,820,246370
827,120922,"internal.metrics.executorCpuTime",87456922,159375394,224919738,63750196906
827,120923,"internal.metrics.resultSize",2896,2896,2983,1162037
827,120924,"internal.metrics.jvmGCTime",13,19,100,2273
827,120925,"internal.metrics.resultSerializationTime",1,1,1,1
827,120928,"internal.metrics.peakExecutionMemory",67239936,67239936,67239936,26895974400
827,120947,"internal.metrics.shuffle.write.bytesWritten",114844,115484,116343,46234529
827,120948,"internal.metrics.shuffle.write.recordsWritten",7493,7493,7505,3000000
827,120949,"internal.metrics.shuffle.write.writeTime",2834431,3899733,6293706,1559933761
827,120950,"internal.metrics.input.bytesRead",14652,14652,14654,5861590
827,120951,"internal.metrics.input.recordsRead",7493,7493,7505,3000000
828,112066,"number of output rows",1248,1248,1252,500000
828,112067,"scan time",355,434,979,209573
828,117858,"data size",19968,19968,20032,8000000
828,117877,"shuffle bytes written",50548,52355,54078,20983593
828,117878,"shuffle records written",1248,1248,1252,500000
828,117879,"shuffle write time",2069112,3020529,42784803,1208253769
828,117880,"duration",358,437,982,210737
828,117881,"number of output rows",1248,1248,1252,500000
828,117882,"number of output rows",1248,1248,1252,500000
828,117883,"number of input batches",2,2,2,800
828,120954,"internal.metrics.executorDeserializeTime",1,1,23,1481
828,120955,"internal.metrics.executorDeserializeCpuTime",1183053,2323958,4877942,929621498
828,120956,"internal.metrics.executorRunTime",418,498,1038,235766
828,120957,"internal.metrics.executorCpuTime",68423465,130535859,194304652,52214382993
828,120958,"internal.metrics.resultSize",2896,2896,2942,1161526
828,120959,"internal.metrics.jvmGCTime",13,22,87,2083
828,120963,"internal.metrics.peakExecutionMemory",67141632,67141632,67141632,26856652800
828,120982,"internal.metrics.shuffle.write.bytesWritten",50548,52355,54078,20983593
828,120983,"internal.metrics.shuffle.write.recordsWritten",1248,1248,1252,500000
828,120984,"internal.metrics.shuffle.write.writeTime",2069112,3020529,42784803,1208253769
828,120985,"internal.metrics.input.bytesRead",13852,13868,13954,5557007
828,120986,"internal.metrics.input.recordsRead",1248,1248,1252,500000
829,112097,"number of output rows",100,100,100,5000
829,112098,"scan time",213,282,440,14632
829,117887,"data size",1600,1600,1600,80000
829,117906,"shuffle bytes written",6632,7093,7366,355272
829,117907,"shuffle records written",100,100,100,5000
829,117908,"shuffle write time",326722,467720,716035,23386604
829,117909,"duration",215,284,441,14733
829,117910,"number of output rows",100,100,100,5000
829,117911,"number of output rows",100,100,100,5000
829,117912,"number of input batches",1,1,1,50
829,120989,"internal.metrics.executorDeserializeTime",1,1,15,287
829,120990,"internal.metrics.executorDeserializeCpuTime",1412044,3006061,4163269,150303732
829,120991,"internal.metrics.executorRunTime",231,301,482,15645
829,120992,"internal.metrics.executorCpuTime",39212652,56989679,76379769,2849484543
829,120993,"internal.metrics.resultSize",2896,2897,2941,145005
829,120994,"internal.metrics.jvmGCTime",38,48,70,146
829,120998,"internal.metrics.peakExecutionMemory",67141632,67141632,67141632,3357081600
829,121017,"internal.metrics.shuffle.write.bytesWritten",6632,7093,7366,355272
829,121018,"internal.metrics.shuffle.write.recordsWritten",100,100,100,5000
829,121019,"internal.metrics.shuffle.write.writeTime",326722,467720,716035,23386604
829,121020,"internal.metrics.input.bytesRead",7620,7627,7638,381702
829,121021,"internal.metrics.input.recordsRead",100,100,100,5000
830,112128,"number of output rows",731,731,731,731
830,112129,"scan time",369,369,369,369
830,117916,"data size",11696,11696,11696,11696
830,117935,"shuffle bytes written",37994,37994,37994,37994
830,117936,"shuffle records written",731,731,731,731
830,117937,"shuffle write time",3113934,3113934,3113934,3113934
830,117938,"duration",383,383,383,383
830,117939,"number of output rows",731,731,731,731
830,117940,"number of output rows",731,731,731,731
830,117941,"number of input batches",1,1,1,1
830,121024,"internal.metrics.executorDeserializeTime",4,4,4,4
830,121025,"internal.metrics.executorDeserializeCpuTime",3117675,3117675,3117675,3117675
830,121026,"internal.metrics.executorRunTime",431,431,431,431
830,121027,"internal.metrics.executorCpuTime",106159160,106159160,106159160,106159160
830,121028,"internal.metrics.resultSize",2898,2898,2898,2898
830,121033,"internal.metrics.peakExecutionMemory",67141632,67141632,67141632,67141632
830,121052,"internal.metrics.shuffle.write.bytesWritten",37994,37994,37994,37994
830,121053,"internal.metrics.shuffle.write.recordsWritten",731,731,731,731
830,121054,"internal.metrics.shuffle.write.writeTime",3113934,3113934,3113934,3113934
830,121055,"internal.metrics.input.bytesRead",7749,7749,7749,7749
830,121056,"internal.metrics.input.recordsRead",731,731,731,731
831,112342,"number of output rows",5000,5000,5000,2000000
831,112343,"scan time",349,458,1366,225590
831,118100,"data size",80000,80000,80000,32000000
831,118119,"shuffle bytes written",87741,88269,89251,35346967
831,118120,"shuffle records written",5000,5000,5000,2000000
831,118121,"shuffle write time",2621651,3375259,5297101,1350143866
831,118122,"duration",352,462,1370,227405
831,118123,"number of output rows",5000,5000,5000,2000000
831,118124,"number of output rows",5000,5000,5000,2000000
831,118125,"number of input batches",2,2,2,800
831,121059,"internal.metrics.executorDeserializeTime",1,1,30,1418
831,121060,"internal.metrics.executorDeserializeCpuTime",1116839,2236477,4432893,894627620
831,121061,"internal.metrics.executorRunTime",415,534,1419,255640
831,121062,"internal.metrics.executorCpuTime",82200375,138558761,195054466,55423542191
831,121063,"internal.metrics.resultSize",2896,2896,2942,1161121
831,121064,"internal.metrics.jvmGCTime",14,19,53,1336
831,121068,"internal.metrics.peakExecutionMemory",67239936,67239936,67239936,26895974400
831,121087,"internal.metrics.shuffle.write.bytesWritten",87741,88269,89251,35346967
831,121088,"internal.metrics.shuffle.write.recordsWritten",5000,5000,5000,2000000
831,121089,"internal.metrics.shuffle.write.writeTime",2621651,3375259,5297101,1350143866
831,121090,"internal.metrics.input.bytesRead",13906,13906,13922,5568496
831,121091,"internal.metrics.input.recordsRead",5000,5000,5000,2000000
832,112742,"number of output rows",1248,1248,1252,500000
832,112743,"scan time",374,615,1652,285165
832,118302,"data size",44592,44903,45456,18000000
832,118321,"shuffle bytes written",69939,71989,74072,28836609
832,118322,"shuffle records written",1248,1248,1252,500000
832,118323,"shuffle write time",2037961,2699885,37869763,1079993552
832,118324,"duration",376,618,1655,286388
832,118325,"number of output rows",1248,1248,1252,500000
832,118326,"number of output rows",1248,1248,1252,500000
832,118327,"number of input batches",2,2,2,800
832,121094,"internal.metrics.executorDeserializeTime",1,1,13,1261
832,121095,"internal.metrics.executorDeserializeCpuTime",1154783,2256009,4356047,902441308
832,121096,"internal.metrics.executorRunTime",423,671,1728,307922
832,121097,"internal.metrics.executorCpuTime",64701526,117329167,191689990,46931707276
832,121098,"internal.metrics.resultSize",2896,2896,2942,1160430
832,121099,"internal.metrics.jvmGCTime",16,19,40,838
832,121100,"internal.metrics.resultSerializationTime",1,1,1,1
832,121103,"internal.metrics.peakExecutionMemory",67141632,67141632,67141632,26856652800
832,121122,"internal.metrics.shuffle.write.bytesWritten",69939,71989,74072,28836609
832,121123,"internal.metrics.shuffle.write.recordsWritten",1248,1248,1252,500000
832,121124,"internal.metrics.shuffle.write.writeTime",2037961,2699885,37869763,1079993552
832,121125,"internal.metrics.input.bytesRead",13790,13806,13892,5532207
832,121126,"internal.metrics.input.recordsRead",1248,1248,1252,500000
833,113142,"number of output rows",731,731,731,731
833,113143,"scan time",333,333,333,333
833,118504,"data size",23392,23392,23392,23392
833,118523,"shuffle bytes written",44970,44970,44970,44970
833,118524,"shuffle records written",731,731,731,731
833,118525,"shuffle write time",1647916,1647916,1647916,1647916
833,118526,"duration",345,345,345,345
833,118527,"number of output rows",731,731,731,731
833,118528,"number of output rows",731,731,731,731
833,118529,"number of input batches",1,1,1,1
833,121129,"internal.metrics.executorDeserializeTime",4,4,4,4
833,121130,"internal.metrics.executorDeserializeCpuTime",3006490,3006490,3006490,3006490
833,121131,"internal.metrics.executorRunTime",383,383,383,383
833,121132,"internal.metrics.executorCpuTime",75773283,75773283,75773283,75773283
833,121133,"internal.metrics.resultSize",2898,2898,2898,2898
833,121138,"internal.metrics.peakExecutionMemory",67141632,67141632,67141632,67141632
833,121157,"internal.metrics.shuffle.write.bytesWritten",44970,44970,44970,44970
833,121158,"internal.metrics.shuffle.write.recordsWritten",731,731,731,731
833,121159,"internal.metrics.shuffle.write.writeTime",1647916,1647916,1647916,1647916
833,121160,"internal.metrics.input.bytesRead",7714,7714,7714,7714
833,121161,"internal.metrics.input.recordsRead",731,731,731,731
834,113356,"number of output rows",5000,5000,5000,2000000
834,113357,"scan time",401,840,1760,374083
834,118688,"data size",160000,160000,160000,64000000
834,118707,"shuffle bytes written",128093,129098,129931,51680990
834,118708,"shuffle records written",5000,5000,5000,2000000
834,118709,"shuffle write time",2695300,5420981,68500552,2168434263
834,118710,"duration",408,845,1765,376254
834,118711,"number of output rows",5000,5000,5000,2000000
834,118712,"number of output rows",5000,5000,5000,2000000
834,118713,"number of input batches",2,2,2,800
834,121164,"internal.metrics.executorDeserializeTime",1,1,33,1286
834,121165,"internal.metrics.executorDeserializeCpuTime",1158582,2208790,4445126,883556859
834,121166,"internal.metrics.executorRunTime",474,948,1872,418755
834,121167,"internal.metrics.executorCpuTime",80049068,145673474,217530719,58269429857
834,121168,"internal.metrics.resultSize",2896,2896,2983,1161601
834,121169,"internal.metrics.jvmGCTime",16,24,163,2154
834,121170,"internal.metrics.resultSerializationTime",1,30,56,123
834,121173,"internal.metrics.peakExecutionMemory",67239936,67239936,67239936,26895974400
834,121192,"internal.metrics.shuffle.write.bytesWritten",128093,129098,129931,51680990
834,121193,"internal.metrics.shuffle.write.recordsWritten",5000,5000,5000,2000000
834,121194,"internal.metrics.shuffle.write.writeTime",2695300,5420981,68500552,2168434263
834,121195,"internal.metrics.input.bytesRead",13456,13456,13468,5386972
834,121196,"internal.metrics.input.recordsRead",5000,5000,5000,2000000
835,113418,"number of output rows",1248,1248,1252,500000
835,113419,"scan time",416,764,1379,345389
835,118720,"data size",43392,43738,44392,17537360
835,118739,"shuffle bytes written",69296,71790,73781,28753112
835,118740,"shuffle records written",1248,1248,1252,500000
835,118741,"shuffle write time",2254622,8375798,94341620,3350360270
835,118742,"duration",420,767,1382,346664
835,118743,"number of output rows",1248,1248,1252,500000
835,118744,"number of output rows",1248,1248,1252,500000
835,118745,"number of input batches",2,2,2,800
835,121199,"internal.metrics.executorDeserializeTime",1,1,24,1263
835,121200,"internal.metrics.executorDeserializeCpuTime",1067931,2143920,4056577,857609228
835,121201,"internal.metrics.executorRunTime",474,909,1621,405457
835,121202,"internal.metrics.executorCpuTime",68198370,153298789,208735341,61319555928
835,121203,"internal.metrics.resultSize",2896,2896,2985,1162180
835,121204,"internal.metrics.jvmGCTime",9,33,144,3472
835,121205,"internal.metrics.resultSerializationTime",1,22,110,138
835,121208,"internal.metrics.peakExecutionMemory",67141632,67141632,67141632,26856652800
835,121227,"internal.metrics.shuffle.write.bytesWritten",69296,71790,73781,28753112
835,121228,"internal.metrics.shuffle.write.recordsWritten",1248,1248,1252,500000
835,121229,"internal.metrics.shuffle.write.writeTime",2254622,8375798,94341620,3350360270
835,121230,"internal.metrics.input.bytesRead",13714,13730,13816,5501807
835,121231,"internal.metrics.input.recordsRead",1248,1248,1252,500000
836,113480,"number of output rows",731,731,731,731
836,113481,"scan time",687,687,687,687
836,118752,"data size",23392,23392,23392,23392
836,118771,"shuffle bytes written",45136,45136,45136,45136
836,118772,"shuffle records written",731,731,731,731
836,118773,"shuffle write time",3548663,3548663,3548663,3548663
836,118774,"duration",700,700,700,700
836,118775,"number of output rows",731,731,731,731
836,118776,"number of output rows",731,731,731,731
836,118777,"number of input batches",1,1,1,1
836,121234,"internal.metrics.executorDeserializeTime",4,4,4,4
836,121235,"internal.metrics.executorDeserializeCpuTime",3190341,3190341,3190341,3190341
836,121236,"internal.metrics.executorRunTime",834,834,834,834
836,121237,"internal.metrics.executorCpuTime",132574943,132574943,132574943,132574943
836,121238,"internal.metrics.resultSize",2941,2941,2941,2941
836,121239,"internal.metrics.jvmGCTime",84,84,84,84
836,121243,"internal.metrics.peakExecutionMemory",67141632,67141632,67141632,67141632
836,121262,"internal.metrics.shuffle.write.bytesWritten",45136,45136,45136,45136
836,121263,"internal.metrics.shuffle.write.recordsWritten",731,731,731,731
836,121264,"internal.metrics.shuffle.write.writeTime",3548663,3548663,3548663,3548663
836,121265,"internal.metrics.input.bytesRead",7680,7680,7680,7680
836,121266,"internal.metrics.input.recordsRead",731,731,731,731
839,117473,"remote blocks read",1028,1028,1032,824180
839,117474,"local blocks read",4,4,8,4620
839,117475,"remote bytes read",89800906,100437589,110826306,80350233110
839,117477,"local bytes read",348607,563054,868153,450606231
839,117478,"fetch wait time",0,0,1095,85058
839,117479,"records read",2786247,3124806,3452922,2500000000
839,117488,"remote reqs duration",7082,49274,97309,39574876
839,117502,"remote blocks read",377,377,400,509868
839,117503,"local blocks read",1,1,23,2748
839,117504,"remote bytes read",76095,81681,85267,105131718
839,117506,"local bytes read",106,1336,4650,564324
839,117507,"fetch wait time",0,0,0,0
839,117508,"records read",2345,2412,2669,3209402
839,117517,"remote reqs duration",2589,22890,62556,25548983
839,121651,"data size",97159304,126501766,155613128,101201564992
839,121670,"shuffle bytes written",35699248,46384490,56828008,37107757915
839,121671,"shuffle records written",1104083,1437325,1768331,1150017784
839,121672,"shuffle write time",22882070,46399892,214070717,37120071506
839,121673,"duration",2025,3966,5670,3333606
839,121674,"number of output rows",1104083,1437325,1768331,1150017784
839,121675,"spill size",0,0,0,0
839,121678,"sort time",106,113,444,124658
839,121679,"peak memory",335544320,336466905,402653184,269173653504
839,121680,"spill size",0,0,0,0
839,121681,"duration",4050,8162,11387,6687633
839,121682,"sort time",0,0,0,0
839,121683,"peak memory",67239936,67239936,67239936,53791948800
839,121684,"spill size",0,0,0,0
839,121685,"internal.metrics.executorDeserializeTime",2,2,820,18973
839,121686,"internal.metrics.executorDeserializeCpuTime",2602565,4404164,13366047,3523492175
839,121687,"internal.metrics.executorRunTime",2988,5478,7831,4544077
839,121688,"internal.metrics.executorCpuTime",2946610290,4283494996,5310359452,3426796163869
839,121689,"internal.metrics.resultSize",7994,7994,8040,6396927
839,121690,"internal.metrics.jvmGCTime",25,60,478,151771
839,121691,"internal.metrics.resultSerializationTime",1,2,16,59
839,121694,"internal.metrics.peakExecutionMemory",570556416,614848063,704774144,491878612992
839,121696,"internal.metrics.shuffle.read.remoteBlocksFetched",1409,1409,1432,1141788
839,121697,"internal.metrics.shuffle.read.localBlocksFetched",4,4,27,6384
839,121698,"internal.metrics.shuffle.read.remoteBytesRead",89883556,100519465,110909200,80415733290
839,121699,"internal.metrics.shuffle.read.remoteBytesReadToDisk",0,0,0,0
839,121700,"internal.metrics.shuffle.read.localBytesRead",348607,563517,868153,450968940
839,121701,"internal.metrics.shuffle.read.fetchWaitTime",0,0,1095,85058
839,121702,"internal.metrics.shuffle.read.recordsRead",2788822,3127300,3455431,2502000000
839,121703,"internal.metrics.shuffle.push.read.corruptMergedBlockChunks",0,0,0,0
839,121704,"internal.metrics.shuffle.push.read.mergedFetchFallbackCount",0,0,0,0
839,121705,"internal.metrics.shuffle.push.read.remoteMergedBlocksFetched",0,0,0,0
839,121706,"internal.metrics.shuffle.push.read.localMergedBlocksFetched",0,0,0,0
839,121707,"internal.metrics.shuffle.push.read.remoteMergedChunksFetched",0,0,0,0
839,121708,"internal.metrics.shuffle.push.read.localMergedChunksFetched",0,0,0,0
839,121709,"internal.metrics.shuffle.push.read.remoteMergedBytesRead",0,0,0,0
839,121710,"internal.metrics.shuffle.push.read.localMergedBytesRead",0,0,0,0
839,121711,"internal.metrics.shuffle.read.remoteReqsDuration",11867,72366,159795,58051197
839,121712,"internal.metrics.shuffle.push.read.remoteMergedReqsDuration",0,0,0,0
839,121713,"internal.metrics.shuffle.write.bytesWritten",35699248,46384490,56828008,37107757915
839,121714,"internal.metrics.shuffle.write.recordsWritten",1104083,1437325,1768331,1150017784
839,121715,"internal.metrics.shuffle.write.writeTime",22882070,46399892,214070717,37120071506
841,117502,"remote blocks read",375,377,400,635227
841,117503,"local blocks read",1,1,23,3517
841,117504,"remote bytes read",76546,81675,85267,131004000
841,117506,"local bytes read",106,1285,5106,721778
841,117507,"fetch wait time",0,0,0,0
841,117508,"records read",2345,2410,2669,4000000
841,117517,"remote reqs duration",3589,13484,39458,29428292
841,117799,"remote blocks read",1028,1028,1032,1161094
841,117800,"local blocks read",4,4,8,6478
841,117801,"remote bytes read",65783523,73200821,80925383,82344267273
841,117803,"local bytes read",253681,409610,636766,459074723
841,117804,"fetch wait time",0,0,298,5187
841,117805,"records read",2786247,3124803,3452922,3514844540
841,117814,"remote reqs duration",8783,30228,103546,34042656
841,122114,"data size",88326640,115001579,141466480,92001422720
841,122133,"shuffle bytes written",26341772,33743675,41146610,26995094970
841,122134,"shuffle records written",1104083,1437317,1768331,1150017784
841,122135,"shuffle write time",17785256,37084031,181953569,29667389328
841,122136,"duration",1614,3154,4329,2685872
841,122137,"number of output rows",1104083,1437317,1768331,1150017784
841,122138,"spill size",0,0,0,0
841,122141,"sort time",110,112,391,127887
841,122142,"peak memory",335544320,335544320,335544320,268435456000
841,122143,"spill size",0,0,0,0
841,122144,"duration",3228,6540,8743,5390491
841,122145,"sort time",0,0,0,0
841,122146,"peak memory",67239936,67239936,67239936,53791948800
841,122147,"spill size",0,0,0,0
841,124224,"internal.metrics.executorDeserializeTime",2,2,423,14726
841,124225,"internal.metrics.executorDeserializeCpuTime",2443349,4497136,9813872,3597863908
841,124226,"internal.metrics.executorRunTime",2305,4496,6582,3756138
841,124227,"internal.metrics.executorCpuTime",2262563725,3789431421,4732101920,3031545298587
841,124228,"internal.metrics.resultSize",7951,7985,8040,6396464
841,124229,"internal.metrics.jvmGCTime",22,38,479,119873
841,124230,"internal.metrics.resultSerializationTime",1,9,65,84
841,124233,"internal.metrics.peakExecutionMemory",570556416,584145763,637665280,467316768768
841,124235,"internal.metrics.shuffle.read.remoteBlocksFetched",1404,1406,1432,1141803
841,124236,"internal.metrics.shuffle.read.localBlocksFetched",4,4,30,6369
841,124237,"internal.metrics.shuffle.read.remoteBytesRead",65866173,73282702,81008277,58626320623
841,124238,"internal.metrics.shuffle.read.remoteBytesReadToDisk",0,0,0,0
841,124239,"internal.metrics.shuffle.read.localBytesRead",253681,410065,636766,328212480
841,124240,"internal.metrics.shuffle.read.fetchWaitTime",0,0,298,4263
841,124241,"internal.metrics.shuffle.read.recordsRead",2788822,3127305,3455431,2502000000
841,124242,"internal.metrics.shuffle.push.read.corruptMergedBlockChunks",0,0,0,0
841,124243,"internal.metrics.shuffle.push.read.mergedFetchFallbackCount",0,0,0,0
841,124244,"internal.metrics.shuffle.push.read.remoteMergedBlocksFetched",0,0,0,0
841,124245,"internal.metrics.shuffle.push.read.localMergedBlocksFetched",0,0,0,0
841,124246,"internal.metrics.shuffle.push.read.remoteMergedChunksFetched",0,0,0,0
841,124247,"internal.metrics.shuffle.push.read.localMergedChunksFetched",0,0,0,0
841,124248,"internal.metrics.shuffle.push.read.remoteMergedBytesRead",0,0,0,0
841,124249,"internal.metrics.shuffle.push.read.localMergedBytesRead",0,0,0,0
841,124250,"internal.metrics.shuffle.read.remoteReqsDuration",12804,43918,139714,35298139
841,124251,"internal.metrics.shuffle.push.read.remoteMergedReqsDuration",0,0,0,0
841,124252,"internal.metrics.shuffle.write.bytesWritten",26341772,33743675,41146610,26995094970
841,124253,"internal.metrics.shuffle.write.recordsWritten",1104083,1437317,1768331,1150017784
841,124254,"internal.metrics.shuffle.write.writeTime",17785256,37084031,181953569,29667389328
843,117799,"remote blocks read",1028,1028,1032,1814238
843,117800,"local blocks read",4,4,8,10158
843,117801,"remote bytes read",65591004,73196975,80925362,128755508512
843,117803,"local bytes read",259409,413461,627506,720490596
843,117804,"fetch wait time",0,0,229,10117
843,117805,"records read",2786247,3124804,3452922,5496271576
843,117814,"remote reqs duration",7352,28073,110740,51509896
843,118102,"remote blocks read",389,390,400,317587
843,118103,"local blocks read",1,1,8,1785
843,118104,"remote bytes read",42571,43736,45215,35150001
843,118106,"local bytes read",84,199,927,196966
843,118107,"fetch wait time",0,0,3,3
843,118108,"records read",2345,2406,2669,2000000
843,118117,"remote reqs duration",7429,25547,98185,20601207
843,122275,"data size",44163320,57500695,70733240,46000711360
843,122294,"shuffle bytes written",20156323,26344325,32208976,21075628352
843,122295,"shuffle records written",1104083,1437323,1768331,1150017784
843,122296,"shuffle write time",15932194,29934223,163651068,23947536552
843,122297,"duration",1768,2983,4292,2548121
843,122298,"number of output rows",1104083,1437323,1768331,1150017784
843,122299,"spill size",0,0,0,0
843,122302,"sort time",110,115,367,128988
843,122303,"peak memory",335544320,335544320,335544320,268435456000
843,122304,"spill size",0,0,0,0
843,122305,"duration",3538,6202,8598,5115701
843,122306,"sort time",0,0,9,9
843,122307,"peak memory",67239936,67239936,67239936,53791948800
843,122308,"spill size",0,0,0,0
843,124259,"internal.metrics.executorDeserializeTime",2,2,305,14556
843,124260,"internal.metrics.executorDeserializeCpuTime",2562130,4431957,10370924,3545724635
843,124261,"internal.metrics.executorRunTime",2427,4092,5997,3435054
843,124262,"internal.metrics.executorCpuTime",2361059613,3460985283,4256375440,2768788387987
843,124263,"internal.metrics.resultSize",7951,7966,8040,6395817
843,124264,"internal.metrics.jvmGCTime",21,34,397,108999
843,124265,"internal.metrics.resultSerializationTime",1,1,9,29
843,124268,"internal.metrics.peakExecutionMemory",503447552,546816455,570556416,437453324288
843,124270,"internal.metrics.shuffle.read.remoteBlocksFetched",1421,1422,1432,1141726
843,124271,"internal.metrics.shuffle.read.localBlocksFetched",4,4,12,6446
843,124272,"internal.metrics.shuffle.read.remoteBytesRead",65635563,73240913,80969503,58592889910
843,124273,"internal.metrics.shuffle.read.remoteBytesReadToDisk",0,0,0,0
843,124274,"internal.metrics.shuffle.read.localBytesRead",259916,413707,627506,331127271
843,124275,"internal.metrics.shuffle.read.fetchWaitTime",0,0,229,5153
843,124276,"internal.metrics.shuffle.read.recordsRead",2788822,3127310,3455431,2502000000
843,124277,"internal.metrics.shuffle.push.read.corruptMergedBlockChunks",0,0,0,0
843,124278,"internal.metrics.shuffle.push.read.mergedFetchFallbackCount",0,0,0,0
843,124279,"internal.metrics.shuffle.push.read.remoteMergedBlocksFetched",0,0,0,0
843,124280,"internal.metrics.shuffle.push.read.localMergedBlocksFetched",0,0,0,0
843,124281,"internal.metrics.shuffle.push.read.remoteMergedChunksFetched",0,0,0,0
843,124282,"internal.metrics.shuffle.push.read.localMergedChunksFetched",0,0,0,0
843,124283,"internal.metrics.shuffle.push.read.remoteMergedBytesRead",0,0,0,0
843,124284,"internal.metrics.shuffle.push.read.localMergedBytesRead",0,0,0,0
843,124285,"internal.metrics.shuffle.read.remoteReqsDuration",16090,53817,199590,43217525
843,124286,"internal.metrics.shuffle.push.read.remoteMergedReqsDuration",0,0,0,0
843,124287,"internal.metrics.shuffle.write.bytesWritten",20156323,26344325,32208976,21075628352
843,124288,"internal.metrics.shuffle.write.recordsWritten",1104083,1437323,1768331,1150017784
843,124289,"internal.metrics.shuffle.write.writeTime",15932194,29934223,163651068,23947536552
845,117799,"remote blocks read",1028,1028,1032,2612615
845,117800,"local blocks read",4,4,8,14681
845,117801,"remote bytes read",65526207,73199528,80928932,185538603171
845,117803,"local bytes read",261246,410919,621220,1042168766
845,117804,"fetch wait time",0,0,171,14100
845,117805,"records read",2786247,3124797,3452922,7920664457
845,117814,"remote reqs duration",7667,23696,78096,68978565
845,118690,"remote blocks read",392,392,400,317585
845,118691,"local blocks read",1,1,5,1787
845,118692,"remote bytes read",62205,64050,66486,51393375
845,118694,"local bytes read",88,214,842,287615
845,118695,"fetch wait time",0,0,0,0
845,118696,"records read",2345,2409,2669,2000000
845,118705,"remote reqs duration",10115,28660,82208,23086565
845,122690,"data size",61828648,80501033,99026536,64400995904
845,122709,"shuffle bytes written",22747487,29361054,35976627,23489003394
845,122710,"shuffle records written",1104083,1437323,1768331,1150017784
845,122711,"shuffle write time",18821232,34369032,166919540,27495383312
845,122712,"duration",1997,3046,4165,2594784
845,122713,"number of output rows",1104083,1437323,1768331,1150017784
845,122714,"spill size",0,0,0,0
845,122717,"sort time",111,119,370,134200
845,122718,"peak memory",335544320,335544320,335544320,268435456000
845,122719,"spill size",0,0,0,0
845,122720,"duration",3994,6313,8424,5207003
845,122721,"sort time",0,0,7,10
845,122722,"peak memory",67239936,67239936,67239936,53791948800
845,122723,"spill size",0,0,0,0
845,124294,"internal.metrics.executorDeserializeTime",2,2,438,18197
845,124295,"internal.metrics.executorDeserializeCpuTime",2375933,4396213,9175595,3517126437
845,124296,"internal.metrics.executorRunTime",2765,4258,5896,3566452
845,124297,"internal.metrics.executorCpuTime",2762587296,3674705893,4597283592,2939764875787
845,124298,"internal.metrics.resultSize",7951,7975,8040,6396286
845,124299,"internal.metrics.jvmGCTime",21,37,398,111717
845,124300,"internal.metrics.resultSerializationTime",1,4,20,43
845,124303,"internal.metrics.peakExecutionMemory",570556416,570556416,570556416,456445132800
845,124305,"internal.metrics.shuffle.read.remoteBlocksFetched",1421,1421,1432,1141756
845,124306,"internal.metrics.shuffle.read.localBlocksFetched",4,4,12,6416
845,124307,"internal.metrics.shuffle.read.remoteBytesRead",65591504,73263749,80993151,58611167369
845,124308,"internal.metrics.shuffle.read.remoteBytesReadToDisk",0,0,0,0
845,124309,"internal.metrics.shuffle.read.localBytesRead",261806,411281,621447,329183835
845,124310,"internal.metrics.shuffle.read.fetchWaitTime",0,0,171,4315
845,124311,"internal.metrics.shuffle.read.recordsRead",2788822,3127301,3455431,2502000000
845,124312,"internal.metrics.shuffle.push.read.corruptMergedBlockChunks",0,0,0,0
845,124313,"internal.metrics.shuffle.push.read.mergedFetchFallbackCount",0,0,0,0
845,124314,"internal.metrics.shuffle.push.read.remoteMergedBlocksFetched",0,0,0,0
845,124315,"internal.metrics.shuffle.push.read.localMergedBlocksFetched",0,0,0,0
845,124316,"internal.metrics.shuffle.push.read.remoteMergedChunksFetched",0,0,0,0
845,124317,"internal.metrics.shuffle.push.read.localMergedChunksFetched",0,0,0,0
845,124318,"internal.metrics.shuffle.push.read.remoteMergedBytesRead",0,0,0,0
845,124319,"internal.metrics.shuffle.push.read.localMergedBytesRead",0,0,0,0
845,124320,"internal.metrics.shuffle.read.remoteReqsDuration",19770,52556,150371,42205609
845,124321,"internal.metrics.shuffle.push.read.remoteMergedReqsDuration",0,0,0,0
845,124322,"internal.metrics.shuffle.write.bytesWritten",22747487,29361054,35976627,23489003394
845,124323,"internal.metrics.shuffle.write.recordsWritten",1104083,1437323,1768331,1150017784
845,124324,"internal.metrics.shuffle.write.writeTime",18821232,34369032,166919540,27495383312
846,117799,"remote blocks read",1028,1028,1032,3296653
846,117800,"local blocks read",4,4,8,18547
846,117801,"remote bytes read",65779150,73198476,80610253,234237272422
846,117803,"local bytes read",257468,411966,643983,1317408434
846,117804,"fetch wait time",0,0,239,17911
846,117805,"records read",2786247,3124796,3452922,10000000000
846,117814,"remote reqs duration",8054,21335,109536,83306484
846,118102,"remote blocks read",390,390,400,635150
846,118103,"local blocks read",1,1,8,3594
846,118104,"remote bytes read",42637,43725,45350,70297663
846,118106,"local bytes read",74,195,954,396271
846,118107,"fetch wait time",0,0,1,4
846,118108,"records read",2345,2410,2669,4000000
846,118117,"remote reqs duration",7843,21130,88691,37664578
846,122851,"data size",52995984,69000870,84879888,55200853632
846,122870,"shuffle bytes written",22840446,29430335,36136038,23544427254
846,122871,"shuffle records written",1104083,1437320,1768331,1150017784
846,122872,"shuffle write time",16983405,32862946,164289120,26290525097
846,122873,"duration",1895,2919,3998,2491206
846,122874,"number of output rows",1104083,1437320,1768331,1150017784
846,122875,"spill size",0,0,0,0
846,122878,"sort time",118,124,375,135744
846,122879,"peak memory",335544320,335544320,335544320,268435456000
846,122880,"spill size",0,0,0,0
846,122881,"duration",3790,6046,7998,4996913
846,122882,"sort time",0,0,7,10
846,122883,"peak memory",67239936,67239936,67239936,53791948800
846,122884,"spill size",0,0,0,0
846,124329,"internal.metrics.executorDeserializeTime",2,2,260,9553
846,124330,"internal.metrics.executorDeserializeCpuTime",2355702,4322425,8782465,3458087346
846,124331,"internal.metrics.executorRunTime",2579,4060,5473,3413736
846,124332,"internal.metrics.executorCpuTime",2549288611,3598292986,4385358360,2878634549963
846,124333,"internal.metrics.resultSize",7951,7978,8040,6396162
846,124334,"internal.metrics.jvmGCTime",18,28,331,97760
846,124335,"internal.metrics.resultSerializationTime",1,1,4,13
846,124338,"internal.metrics.peakExecutionMemory",503447552,569381818,570556416,455505608704
846,124340,"internal.metrics.shuffle.read.remoteBlocksFetched",1422,1422,1432,1141722
846,124341,"internal.metrics.shuffle.read.localBlocksFetched",4,4,12,6450
846,124342,"internal.metrics.shuffle.read.remoteBytesRead",65823410,73242406,80654810,58594089378
846,124343,"internal.metrics.shuffle.read.remoteBytesReadToDisk",0,0,0,0
846,124344,"internal.metrics.shuffle.read.localBytesRead",257842,412206,643983,329927803
846,124345,"internal.metrics.shuffle.read.fetchWaitTime",0,0,239,4184
846,124346,"internal.metrics.shuffle.read.recordsRead",2788822,3127294,3455431,2502000000
846,124347,"internal.metrics.shuffle.push.read.corruptMergedBlockChunks",0,0,0,0
846,124348,"internal.metrics.shuffle.push.read.mergedFetchFallbackCount",0,0,0,0
846,124349,"internal.metrics.shuffle.push.read.remoteMergedBlocksFetched",0,0,0,0
846,124350,"internal.metrics.shuffle.push.read.localMergedBlocksFetched",0,0,0,0
846,124351,"internal.metrics.shuffle.push.read.remoteMergedChunksFetched",0,0,0,0
846,124352,"internal.metrics.shuffle.push.read.localMergedChunksFetched",0,0,0,0
846,124353,"internal.metrics.shuffle.push.read.remoteMergedBytesRead",0,0,0,0
846,124354,"internal.metrics.shuffle.push.read.localMergedBytesRead",0,0,0,0
846,124355,"internal.metrics.shuffle.read.remoteReqsDuration",16337,42665,198227,34288325
846,124356,"internal.metrics.shuffle.push.read.remoteMergedReqsDuration",0,0,0,0
846,124357,"internal.metrics.shuffle.write.bytesWritten",22840446,29430335,36136038,23544427254
846,124358,"internal.metrics.shuffle.write.recordsWritten",1104083,1437320,1768331,1150017784
846,124359,"internal.metrics.shuffle.write.writeTime",16983405,32862946,164289120,26290525097
850,117531,"remote blocks read",392,392,400,318029
850,117532,"local blocks read",1,1,8,1954
850,117533,"remote bytes read",71786,74047,76291,59396767
850,117535,"local bytes read",160,670,1615,361990
850,117536,"fetch wait time",0,0,1,1
850,117537,"records read",3552,3651,3959,3000000
850,117546,"remote reqs duration",2463,14825,45823,12023272
850,121653,"remote blocks read",792,792,796,636440
850,121654,"local blocks read",4,4,8,3560
850,121655,"remote bytes read",42166264,46126115,49850755,36901059322
850,121657,"local bytes read",204116,258171,499187,206698593
850,121658,"fetch wait time",0,0,206,6910
850,121659,"records read",1304989,1437326,1559174,1150017784
850,121668,"remote reqs duration",9643,25532,83277,20588803
850,124718,"data size",23659896,32131094,41105688,25705033432
850,124737,"shuffle bytes written",8109905,10978433,14009477,8782906558
850,124738,"shuffle records written",227499,308755,395247,247163783
850,124739,"shuffle write time",9036897,17235996,59385840,13788951947
850,124740,"duration",1037,1679,2345,1490868
850,124741,"number of output rows",227499,308755,395247,247163783
850,124742,"spill size",0,0,0,0
850,124744,"duration",1040,1715,2436,1519914
850,124745,"sort time",55,57,232,68001
850,124746,"peak memory",201326592,220787957,268435456,176630530048
850,124747,"spill size",0,0,0,0
850,124749,"sort time",0,0,2,6
850,124750,"peak memory",67239936,67239936,67239936,53791948800
850,124751,"spill size",0,0,0,0
850,124752,"internal.metrics.executorDeserializeTime",2,2,279,10496
850,124753,"internal.metrics.executorDeserializeCpuTime",2785914,5181641,11356884,4145477530
850,124754,"internal.metrics.executorRunTime",1279,2163,3207,1879855
850,124755,"internal.metrics.executorCpuTime",1278802408,1956786876,2330798473,1565429657594
850,124756,"internal.metrics.resultSize",11591,11591,11680,9302452
850,124757,"internal.metrics.jvmGCTime",16,18,195,41075
850,124758,"internal.metrics.resultSerializationTime",1,2,10,20
850,124761,"internal.metrics.peakExecutionMemory",339869696,363242258,411172864,290593964032
850,124763,"internal.metrics.shuffle.read.remoteBlocksFetched",1184,1184,1196,954469
850,124764,"internal.metrics.shuffle.read.localBlocksFetched",4,4,16,5514
850,124765,"internal.metrics.shuffle.read.remoteBytesRead",42240373,46200375,49925575,36960456089
850,124766,"internal.metrics.shuffle.read.remoteBytesReadToDisk",0,0,0,0
850,124767,"internal.metrics.shuffle.read.localBytesRead",204116,258628,500730,207060583
850,124768,"internal.metrics.shuffle.read.fetchWaitTime",0,0,206,6911
850,124769,"internal.metrics.shuffle.read.recordsRead",1308709,1441076,1562936,1153017784
850,124770,"internal.metrics.shuffle.push.read.corruptMergedBlockChunks",0,0,0,0
850,124771,"internal.metrics.shuffle.push.read.mergedFetchFallbackCount",0,0,0,0
850,124772,"internal.metrics.shuffle.push.read.remoteMergedBlocksFetched",0,0,0,0
850,124773,"internal.metrics.shuffle.push.read.localMergedBlocksFetched",0,0,0,0
850,124774,"internal.metrics.shuffle.push.read.remoteMergedChunksFetched",0,0,0,0
850,124775,"internal.metrics.shuffle.push.read.localMergedChunksFetched",0,0,0,0
850,124776,"internal.metrics.shuffle.push.read.remoteMergedBytesRead",0,0,0,0
850,124777,"internal.metrics.shuffle.push.read.localMergedBytesRead",0,0,0,0
850,124778,"internal.metrics.shuffle.read.remoteReqsDuration",13427,40567,128897,32612075
850,124779,"internal.metrics.shuffle.push.read.remoteMergedReqsDuration",0,0,0,0
850,124780,"internal.metrics.shuffle.write.bytesWritten",8109905,10978433,14009477,8782906558
850,124781,"internal.metrics.shuffle.write.recordsWritten",227499,308755,395247,247163783
850,124782,"internal.metrics.shuffle.write.writeTime",9036897,17235996,59385840,13788951947
853,117831,"remote blocks read",392,392,400,318253
853,117832,"local blocks read",1,1,8,1730
853,117833,"remote bytes read",55574,57279,59046,45985884
853,117835,"local bytes read",94,343,1227,248645
853,117836,"fetch wait time",0,0,2,4
853,117837,"records read",3552,3650,3959,3000000
853,117846,"remote reqs duration",1240,14516,41490,11772827
853,122116,"remote blocks read",792,792,798,657083
853,122117,"local blocks read",2,2,8,3717
853,122118,"remote bytes read",30789019,33553763,36083710,27710310852
853,122120,"local bytes read",82201,189705,366705,156849817
853,122121,"fetch wait time",0,0,173,5012
853,122122,"records read",1304989,1437310,1559174,1187144577
853,122131,"remote reqs duration",6507,19592,62236,16263313
853,125153,"data size",16379928,22244544,28457784,17795792376
853,125172,"shuffle bytes written",5957767,8006714,10206064,6405528925
853,125173,"shuffle records written",227499,308757,395247,247163783
853,125174,"shuffle write time",8311855,15382657,100154304,12306286537
853,125175,"duration",1019,1538,2170,1371913
853,125176,"number of output rows",227499,308757,395247,247163783
853,125177,"spill size",0,0,0,0
853,125179,"duration",1023,1565,2235,1395939
853,125180,"sort time",53,60,229,70105
853,125181,"peak memory",201326592,201326592,201326592,161061273600
853,125182,"spill size",0,0,0,0
853,125184,"sort time",0,0,10,27
853,125185,"peak memory",67239936,67239936,67239936,53791948800
853,125186,"spill size",0,0,0,0
853,125615,"internal.metrics.executorDeserializeTime",2,2,229,8679
853,125616,"internal.metrics.executorDeserializeCpuTime",2852128,5183152,9778803,4146686173
853,125617,"internal.metrics.executorRunTime",1301,1961,2722,1719799
853,125618,"internal.metrics.executorCpuTime",1276777090,1786934530,2093265434,1429547778388
853,125619,"internal.metrics.resultSize",11591,11591,11680,9300643
853,125620,"internal.metrics.jvmGCTime",15,15,264,34481
853,125621,"internal.metrics.resultSerializationTime",1,3,7,20
853,125624,"internal.metrics.peakExecutionMemory",339869696,343780681,344064000,275024707584
853,125626,"internal.metrics.shuffle.read.remoteBlocksFetched",1187,1187,1198,954654
853,125627,"internal.metrics.shuffle.read.localBlocksFetched",2,2,13,5329
853,125628,"internal.metrics.shuffle.read.remoteBytesRead",30846526,33611240,36141165,26889154470
853,125629,"internal.metrics.shuffle.read.remoteBytesReadToDisk",0,0,0,0
853,125630,"internal.metrics.shuffle.read.localBytesRead",82201,190025,366705,152175029
853,125631,"internal.metrics.shuffle.read.fetchWaitTime",0,0,173,4954
853,125632,"internal.metrics.shuffle.read.recordsRead",1308709,1441066,1562936,1153017784
853,125633,"internal.metrics.shuffle.push.read.corruptMergedBlockChunks",0,0,0,0
853,125634,"internal.metrics.shuffle.push.read.mergedFetchFallbackCount",0,0,0,0
853,125635,"internal.metrics.shuffle.push.read.remoteMergedBlocksFetched",0,0,0,0
853,125636,"internal.metrics.shuffle.push.read.localMergedBlocksFetched",0,0,0,0
853,125637,"internal.metrics.shuffle.push.read.remoteMergedChunksFetched",0,0,0,0
853,125638,"internal.metrics.shuffle.push.read.localMergedChunksFetched",0,0,0,0
853,125639,"internal.metrics.shuffle.push.read.remoteMergedBytesRead",0,0,0,0
853,125640,"internal.metrics.shuffle.push.read.localMergedBytesRead",0,0,0,0
853,125641,"internal.metrics.shuffle.read.remoteReqsDuration",11377,34311,103634,27604457
853,125642,"internal.metrics.shuffle.push.read.remoteMergedReqsDuration",0,0,0,0
853,125643,"internal.metrics.shuffle.write.bytesWritten",5957767,8006714,10206064,6405528925
853,125644,"internal.metrics.shuffle.write.recordsWritten",227499,308757,395247,247163783
853,125645,"internal.metrics.shuffle.write.writeTime",8311855,15382657,100154304,12306286537
854,117531,"remote blocks read",392,392,400,636257
854,117532,"local blocks read",1,1,8,3709
854,117533,"remote bytes read",72174,74091,76291,118826779
854,117535,"local bytes read",144,677,1579,690735
854,117536,"fetch wait time",0,0,2,8
854,117537,"records read",3552,3651,3959,6000000
854,117546,"remote reqs duration",2969,11614,36269,21473963
854,122116,"remote blocks read",792,792,798,1272804
854,122117,"local blocks read",2,2,8,7196
854,122118,"remote bytes read",30816230,33554041,36159798,53686560452
854,122120,"local bytes read",84497,189424,358051,303629488
854,122121,"fetch wait time",0,0,171,9797
854,122122,"records read",1304989,1437324,1559174,2300035568
854,122131,"remote reqs duration",7173,19383,70486,31496568
854,125482,"data size",21839904,29659452,37943712,23727723168
854,125501,"shuffle bytes written",6760407,9153347,11698438,7322833898
854,125502,"shuffle records written",227499,308753,395247,247163783
854,125503,"shuffle write time",8816320,15645268,103871668,12516366091
854,125504,"duration",1077,1556,2212,1381690
854,125505,"number of output rows",227499,308753,395247,247163783
854,125506,"spill size",0,0,0,0
854,125508,"duration",1082,1580,2245,1405209
854,125509,"sort time",58,61,286,70273
854,125510,"peak memory",201326592,201326592,201326592,161061273600
854,125511,"spill size",0,0,0,0
854,125513,"sort time",0,0,67,80
854,125514,"peak memory",67239936,67239936,67239936,53791948800
854,125515,"spill size",0,0,0,0
854,125650,"internal.metrics.executorDeserializeTime",2,2,143,8921
854,125651,"internal.metrics.executorDeserializeCpuTime",2859860,5256553,9714827,4205400979
854,125652,"internal.metrics.executorRunTime",1368,1985,2747,1732770
854,125653,"internal.metrics.executorCpuTime",1365251325,1827244662,2289278362,1461795888839
854,125654,"internal.metrics.resultSize",11591,11591,11680,9300673
854,125655,"internal.metrics.jvmGCTime",15,15,293,31231
854,125656,"internal.metrics.resultSerializationTime",2,2,5,15
854,125659,"internal.metrics.peakExecutionMemory",339869696,343780688,344064000,275024707584
854,125661,"internal.metrics.shuffle.read.remoteBlocksFetched",1184,1184,1197,954631
854,125662,"internal.metrics.shuffle.read.localBlocksFetched",3,3,16,5352
854,125663,"internal.metrics.shuffle.read.remoteBytesRead",30890537,33628319,36234618,26902821878
854,125664,"internal.metrics.shuffle.read.remoteBytesReadToDisk",0,0,0,0
854,125665,"internal.metrics.shuffle.read.localBytesRead",85126,189836,359548,152031849
854,125666,"internal.metrics.shuffle.read.fetchWaitTime",0,0,171,4854
854,125667,"internal.metrics.shuffle.read.recordsRead",1308709,1441069,1562936,1153017784
854,125668,"internal.metrics.shuffle.push.read.corruptMergedBlockChunks",0,0,0,0
854,125669,"internal.metrics.shuffle.push.read.mergedFetchFallbackCount",0,0,0,0
854,125670,"internal.metrics.shuffle.push.read.remoteMergedBlocksFetched",0,0,0,0
854,125671,"internal.metrics.shuffle.push.read.localMergedBlocksFetched",0,0,0,0
854,125672,"internal.metrics.shuffle.push.read.remoteMergedChunksFetched",0,0,0,0
854,125673,"internal.metrics.shuffle.push.read.localMergedChunksFetched",0,0,0,0
854,125674,"internal.metrics.shuffle.push.read.remoteMergedBytesRead",0,0,0,0
854,125675,"internal.metrics.shuffle.push.read.localMergedBytesRead",0,0,0,0
854,125676,"internal.metrics.shuffle.read.remoteReqsDuration",11358,31187,106655,25115629
854,125677,"internal.metrics.shuffle.push.read.remoteMergedReqsDuration",0,0,0,0
854,125678,"internal.metrics.shuffle.write.bytesWritten",6760407,9153347,11698438,7322833898
854,125679,"internal.metrics.shuffle.write.recordsWritten",227499,308753,395247,247163783
854,125680,"internal.metrics.shuffle.write.writeTime",8816320,15645268,103871668,12516366091
856,117831,"remote blocks read",392,392,400,636467
856,117832,"local blocks read",1,1,8,3499
856,117833,"remote bytes read",55412,57280,59394,91966130
856,117835,"local bytes read",94,349,1258,502928
856,117836,"fetch wait time",0,0,1,6
856,117837,"records read",3552,3648,3959,6000000
856,117846,"remote reqs duration",953,11452,36490,21089058
856,122277,"remote blocks read",793,793,798,684935
856,122278,"local blocks read",2,2,7,3865
856,122279,"remote bytes read",23884525,26196488,28349430,22550966494
856,122281,"local bytes read",64901,147641,234993,127139329
856,122282,"fetch wait time",0,0,121,3463
856,122283,"records read",1304989,1437322,1559174,1237441931
856,122292,"remote reqs duration",5562,16013,55951,13885397
856,126023,"data size",7279968,9886360,12647904,7909241056
856,126042,"shuffle bytes written",2968057,3932902,4935700,3146478646
856,126043,"shuffle records written",227499,308758,395247,247163783
856,126044,"shuffle write time",5522858,10968444,65875757,8774913811
856,126045,"duration",863,1296,1897,1159480
856,126046,"number of output rows",227499,308758,395247,247163783
856,126047,"spill size",0,0,0,0
856,126049,"duration",867,1328,1912,1187403
856,126050,"sort time",55,62,235,70305
856,126051,"peak memory",134217728,135643597,201326592,108515033088
856,126052,"spill size",0,0,0,0
856,126054,"sort time",0,0,1,2
856,126055,"peak memory",67239936,67239936,67239936,53791948800
856,126056,"spill size",0,0,0,0
856,126964,"internal.metrics.executorDeserializeTime",2,2,206,8489
856,126965,"internal.metrics.executorDeserializeCpuTime",2843399,5095460,9408753,4076528815
856,126966,"internal.metrics.executorRunTime",1021,1615,2290,1425890
856,126967,"internal.metrics.executorCpuTime",1020142934,1489030310,1755499396,1191224404895
856,126968,"internal.metrics.resultSize",11591,11591,11678,9297182
856,126969,"internal.metrics.jvmGCTime",16,17,215,22557
856,126970,"internal.metrics.resultSerializationTime",1,1,2,6
856,126973,"internal.metrics.peakExecutionMemory",272760832,278097881,344064000,222478467072
856,126975,"internal.metrics.shuffle.read.remoteBlocksFetched",1185,1185,1197,954619
856,126976,"internal.metrics.shuffle.read.localBlocksFetched",3,3,15,5364
856,126977,"internal.metrics.shuffle.read.remoteBytesRead",23941421,26253959,28407208,21003330666
856,126978,"internal.metrics.shuffle.read.remoteBytesReadToDisk",0,0,0,0
856,126979,"internal.metrics.shuffle.read.localBytesRead",65415,147969,235407,118532215
856,126980,"internal.metrics.shuffle.read.fetchWaitTime",0,0,121,3358
856,126981,"internal.metrics.shuffle.read.recordsRead",1308709,1441072,1562936,1153017784
856,126982,"internal.metrics.shuffle.push.read.corruptMergedBlockChunks",0,0,0,0
856,126983,"internal.metrics.shuffle.push.read.mergedFetchFallbackCount",0,0,0,0
856,126984,"internal.metrics.shuffle.push.read.remoteMergedBlocksFetched",0,0,0,0
856,126985,"internal.metrics.shuffle.push.read.localMergedBlocksFetched",0,0,0,0
856,126986,"internal.metrics.shuffle.push.read.remoteMergedChunksFetched",0,0,0,0
856,126987,"internal.metrics.shuffle.push.read.localMergedChunksFetched",0,0,0,0
856,126988,"internal.metrics.shuffle.push.read.remoteMergedBytesRead",0,0,0,0
856,126989,"internal.metrics.shuffle.push.read.localMergedBytesRead",0,0,0,0
856,126990,"internal.metrics.shuffle.read.remoteReqsDuration",8704,27651,91852,22281356
856,126991,"internal.metrics.shuffle.push.read.remoteMergedReqsDuration",0,0,0,0
856,126992,"internal.metrics.shuffle.write.bytesWritten",2968057,3932902,4935700,3146478646
856,126993,"internal.metrics.shuffle.write.recordsWritten",227499,308758,395247,247163783
856,126994,"internal.metrics.shuffle.write.writeTime",5522858,10968444,65875757,8774913811
857,117531,"remote blocks read",392,392,400,954442
857,117532,"local blocks read",1,1,8,5507
857,117533,"remote bytes read",72187,74082,76291,178249405
857,117535,"local bytes read",178,672,1638,1026866
857,117536,"fetch wait time",0,0,3,11
857,117537,"records read",3552,3650,3959,9000000
857,117546,"remote reqs duration",1964,9597,31099,29306412
857,122277,"remote blocks read",793,793,798,1272816
857,122278,"local blocks read",2,2,7,7184
857,122279,"remote bytes read",23888174,26196729,28340531,41914890030
857,122281,"local bytes read",66292,147418,233878,236366674
857,122282,"fetch wait time",0,0,127,6768
857,122283,"records read",1304989,1437324,1559174,2300035568
857,122292,"remote reqs duration",6143,16237,48075,26109789
857,126156,"data size",12739944,17301269,22133832,13841171848
857,126175,"shuffle bytes written",3554438,4769418,6067362,3815690597
857,126176,"shuffle records written",227499,308752,395247,247163783
857,126177,"shuffle write time",6518063,12029898,50753164,9624075110
857,126178,"duration",929,1315,1957,1177519
857,126179,"number of output rows",227499,308752,395247,247163783
857,126180,"spill size",0,0,0,0
857,126182,"duration",932,1345,1962,1202432
857,126183,"sort time",56,61,252,70194
857,126184,"peak memory",134217728,135643600,201326592,108515033088
857,126185,"spill size",0,0,0,0
857,126187,"sort time",0,0,2,4
857,126188,"peak memory",67239936,67239936,67239936,53791948800
857,126189,"spill size",0,0,0,0
857,126999,"internal.metrics.executorDeserializeTime",2,2,192,9413
857,127000,"internal.metrics.executorDeserializeCpuTime",2797090,5175387,10286361,4140470560
857,127001,"internal.metrics.executorRunTime",1131,1660,2378,1465633
857,127002,"internal.metrics.executorCpuTime",1129984217,1541805828,1889387827,1233444824111
857,127003,"internal.metrics.resultSize",11591,11591,11680,9295910
857,127004,"internal.metrics.jvmGCTime",13,13,215,19440
857,127005,"internal.metrics.resultSerializationTime",2,8,30,55
857,127008,"internal.metrics.peakExecutionMemory",272760832,278097892,344064000,222478467072
857,127010,"internal.metrics.shuffle.read.remoteBlocksFetched",1187,1187,1198,954596
857,127011,"internal.metrics.shuffle.read.localBlocksFetched",2,2,13,5387
857,127012,"internal.metrics.shuffle.read.remoteBytesRead",23962625,26270999,28414979,21016962236
857,127013,"internal.metrics.shuffle.read.remoteBytesReadToDisk",0,0,0,0
857,127014,"internal.metrics.shuffle.read.localBytesRead",66292,147828,233878,118424873
857,127015,"internal.metrics.shuffle.read.fetchWaitTime",0,0,127,3415
857,127016,"internal.metrics.shuffle.read.recordsRead",1308709,1441068,1562936,1153017784
857,127017,"internal.metrics.shuffle.push.read.corruptMergedBlockChunks",0,0,0,0
857,127018,"internal.metrics.shuffle.push.read.mergedFetchFallbackCount",0,0,0,0
857,127019,"internal.metrics.shuffle.push.read.remoteMergedBlocksFetched",0,0,0,0
857,127020,"internal.metrics.shuffle.push.read.localMergedBlocksFetched",0,0,0,0
857,127021,"internal.metrics.shuffle.push.read.remoteMergedChunksFetched",0,0,0,0
857,127022,"internal.metrics.shuffle.push.read.localMergedChunksFetched",0,0,0,0
857,127023,"internal.metrics.shuffle.push.read.remoteMergedBytesRead",0,0,0,0
857,127024,"internal.metrics.shuffle.push.read.localMergedBytesRead",0,0,0,0
857,127025,"internal.metrics.shuffle.read.remoteReqsDuration",9140,26015,78946,20977113
857,127026,"internal.metrics.shuffle.push.read.remoteMergedReqsDuration",0,0,0,0
857,127027,"internal.metrics.shuffle.write.bytesWritten",3554438,4769418,6067362,3815690597
857,127028,"internal.metrics.shuffle.write.recordsWritten",227499,308752,395247,247163783
857,127029,"internal.metrics.shuffle.write.writeTime",6518063,12029898,50753164,9624075110
860,117831,"remote blocks read",392,392,400,1001297
860,117832,"local blocks read",1,1,8,5450
860,117833,"remote bytes read",55710,57286,59106,144683651
860,117835,"local bytes read",102,356,1347,785590
860,117836,"fetch wait time",0,0,7,14
860,117837,"records read",3552,3650,3959,9439337
860,117846,"remote reqs duration",2782,13968,51410,34198784
860,122692,"remote blocks read",792,792,798,636394
860,122693,"local blocks read",2,2,8,3606
860,122694,"remote bytes read",26532429,29195660,31476046,23356688178
860,122696,"local bytes read",74793,165193,322328,132315216
860,122697,"fetch wait time",0,0,161,5195
860,122698,"records read",1304989,1437320,1559174,1150017784
860,122707,"remote reqs duration",7441,18744,69548,15152077
860,127288,"data size",10919952,14829633,18971856,11863861584
860,127307,"shuffle bytes written",3698734,4898913,6172112,3919289146
860,127308,"shuffle records written",227499,308751,395247,247163783
860,127309,"shuffle write time",6902648,12202300,50492915,9761999552
860,127310,"duration",877,1396,1995,1246413
860,127311,"number of output rows",227499,308751,395247,247163783
860,127312,"spill size",0,0,0,0
860,127314,"duration",881,1428,2003,1273614
860,127315,"sort time",52,58,237,70521
860,127316,"peak memory",201326592,201326592,201326592,161061273600
860,127317,"spill size",0,0,0,0
860,127319,"sort time",0,0,10,18
860,127320,"peak memory",67239936,67239936,67239936,53791948800
860,127321,"spill size",0,0,0,0
860,127517,"internal.metrics.executorDeserializeTime",2,2,204,9555
860,127518,"internal.metrics.executorDeserializeCpuTime",2767516,5192041,10087471,4153798470
860,127519,"internal.metrics.executorRunTime",1066,1744,2471,1536733
860,127520,"internal.metrics.executorCpuTime",1058098184,1606253454,1913847449,1285002918278
860,127521,"internal.metrics.resultSize",11591,11591,11680,9299045
860,127522,"internal.metrics.jvmGCTime",15,15,149,22509
860,127523,"internal.metrics.resultSerializationTime",2,2,2,2
860,127526,"internal.metrics.peakExecutionMemory",339869696,343780689,344064000,275024707584
860,127528,"internal.metrics.shuffle.read.remoteBlocksFetched",1187,1187,1196,954649
860,127529,"internal.metrics.shuffle.read.localBlocksFetched",4,4,13,5334
860,127530,"internal.metrics.shuffle.read.remoteBytesRead",26589936,29253145,31533530,23402672508
860,127531,"internal.metrics.shuffle.read.remoteBytesReadToDisk",0,0,0,0
860,127532,"internal.metrics.shuffle.read.localBytesRead",75240,165515,322328,132565415
860,127533,"internal.metrics.shuffle.read.fetchWaitTime",0,0,161,5203
860,127534,"internal.metrics.shuffle.read.recordsRead",1308709,1441073,1562936,1153017784
860,127535,"internal.metrics.shuffle.push.read.corruptMergedBlockChunks",0,0,0,0
860,127536,"internal.metrics.shuffle.push.read.mergedFetchFallbackCount",0,0,0,0
860,127537,"internal.metrics.shuffle.push.read.remoteMergedBlocksFetched",0,0,0,0
860,127538,"internal.metrics.shuffle.push.read.localMergedBlocksFetched",0,0,0,0
860,127539,"internal.metrics.shuffle.push.read.remoteMergedChunksFetched",0,0,0,0
860,127540,"internal.metrics.shuffle.push.read.localMergedChunksFetched",0,0,0,0
860,127541,"internal.metrics.shuffle.push.read.remoteMergedBytesRead",0,0,0,0
860,127542,"internal.metrics.shuffle.push.read.localMergedBytesRead",0,0,0,0
860,127543,"internal.metrics.shuffle.read.remoteReqsDuration",11842,32902,116043,26483826
860,127544,"internal.metrics.shuffle.push.read.remoteMergedReqsDuration",0,0,0,0
860,127545,"internal.metrics.shuffle.write.bytesWritten",3698734,4898913,6172112,3919289146
860,127546,"internal.metrics.shuffle.write.recordsWritten",227499,308751,395247,247163783
860,127547,"internal.metrics.shuffle.write.writeTime",6902648,12202300,50492915,9761999552
862,117831,"remote blocks read",392,392,400,1272942
862,117832,"local blocks read",1,1,8,6990
862,117833,"remote bytes read",54966,57284,59394,183930944
862,117835,"local bytes read",102,342,1263,1007172
862,117836,"fetch wait time",0,0,10,27
862,117837,"records read",3552,3649,3959,12000000
862,117846,"remote reqs duration",2361,13705,48632,43541410
862,122853,"remote blocks read",794,794,797,636407
862,122854,"local blocks read",3,3,6,3593
862,122855,"remote bytes read",26848970,29265129,31671361,23412265358
862,122857,"local bytes read",107829,165001,234830,132161896
862,122858,"fetch wait time",0,0,200,5196
862,122859,"records read",1304989,1437326,1559174,1150017784
862,122868,"remote reqs duration",6195,18332,68085,14823861
862,127778,"data size",9099960,12357982,15809880,9886551320
862,127797,"shuffle bytes written",4085647,5433692,6847578,4347114303
862,127798,"shuffle records written",227499,308757,395247,247163783
862,127799,"shuffle write time",5979344,12253711,84534885,9803123959
862,127800,"duration",926,1331,2023,1193477
862,127801,"number of output rows",227499,308757,395247,247163783
862,127802,"spill size",0,0,0,0
862,127804,"duration",950,1361,2046,1220393
862,127805,"sort time",54,58,220,67520
862,127806,"peak memory",201326592,201326592,201326592,161061273600
862,127807,"spill size",0,0,0,0
862,127809,"sort time",0,0,1,2
862,127810,"peak memory",67239936,67239936,67239936,53791948800
862,127811,"spill size",0,0,0,0
862,127979,"internal.metrics.executorDeserializeTime",2,2,224,9784
862,127980,"internal.metrics.executorDeserializeCpuTime",2570570,5131356,12468717,4105248592
862,127981,"internal.metrics.executorRunTime",1115,1671,2434,1474937
862,127982,"internal.metrics.executorCpuTime",1090269747,1576921368,1874281847,1261537256439
862,127983,"internal.metrics.resultSize",11591,11591,11679,9298278
862,127984,"internal.metrics.jvmGCTime",16,16,108,21427
862,127985,"internal.metrics.resultSerializationTime",1,12,68,81
862,127988,"internal.metrics.peakExecutionMemory",339869696,343780683,344064000,275024707584
862,127990,"internal.metrics.shuffle.read.remoteBlocksFetched",1187,1187,1197,954627
862,127991,"internal.metrics.shuffle.read.localBlocksFetched",3,3,13,5356
862,127992,"internal.metrics.shuffle.read.remoteBytesRead",26906293,29322603,31728811,23458245842
862,127993,"internal.metrics.shuffle.read.remoteBytesReadToDisk",0,0,0,0
862,127994,"internal.metrics.shuffle.read.localBytesRead",108628,165312,235539,132415941
862,127995,"internal.metrics.shuffle.read.fetchWaitTime",0,0,200,5209
862,127996,"internal.metrics.shuffle.read.recordsRead",1308709,1441073,1562936,1153017784
862,127997,"internal.metrics.shuffle.push.read.corruptMergedBlockChunks",0,0,0,0
862,127998,"internal.metrics.shuffle.push.read.mergedFetchFallbackCount",0,0,0,0
862,127999,"internal.metrics.shuffle.push.read.remoteMergedBlocksFetched",0,0,0,0
862,128000,"internal.metrics.shuffle.push.read.localMergedBlocksFetched",0,0,0,0
862,128001,"internal.metrics.shuffle.push.read.remoteMergedChunksFetched",0,0,0,0
862,128002,"internal.metrics.shuffle.push.read.localMergedChunksFetched",0,0,0,0
862,128003,"internal.metrics.shuffle.push.read.remoteMergedBytesRead",0,0,0,0
862,128004,"internal.metrics.shuffle.push.read.localMergedBytesRead",0,0,0,0
862,128005,"internal.metrics.shuffle.read.remoteReqsDuration",10838,32228,112872,25944464
862,128006,"internal.metrics.shuffle.push.read.remoteMergedReqsDuration",0,0,0,0
862,128007,"internal.metrics.shuffle.write.bytesWritten",4085647,5433692,6847578,4347114303
862,128008,"internal.metrics.shuffle.write.recordsWritten",227499,308757,395247,247163783
862,128009,"internal.metrics.shuffle.write.writeTime",5979344,12253711,84534885,9803123959
867,117560,"remote blocks read",288,292,642,251511
867,117561,"local blocks read",1,1,5,1418
867,117562,"remote bytes read",40869,44694,90871,35824915
867,117564,"local bytes read",102,258,771,201619
867,117565,"fetch wait time",0,0,1,2
867,117566,"records read",537,578,1292,500000
867,117575,"remote reqs duration",497,4896,16409,4066632
867,124720,"remote blocks read",792,792,1590,636412
867,124721,"local blocks read",1,1,10,3588
867,124722,"remote bytes read",5102916,10944596,20545367,8733946862
867,124724,"local bytes read",8549,61777,196158,48959696
867,124725,"fetch wait time",0,0,52,675
867,124726,"records read",132986,309530,600917,247163783
867,124735,"remote reqs duration",2511,7828,24646,6408587
867,128340,"data size",18968128,44318220,85949976,35366102832
867,128359,"shuffle bytes written",6529756,12589392,22209115,10046493193
867,128360,"shuffle records written",132986,309530,600917,247163783
867,128361,"shuffle write time",9295854,18047818,104366425,14402313030
867,128362,"duration",350,609,1336,629533
867,128363,"number of output rows",132986,309530,600917,247163783
867,128364,"spill size",0,0,0,0
867,128366,"duration",355,641,1436,660134
867,128367,"sort time",4,4,56,8365
867,128368,"peak memory",75497472,80995069,100663296,64634224640
867,128369,"spill size",0,0,0,0
867,128373,"duration",351,615,1357,636922
867,128374,"sort time",0,0,0,0
867,128375,"peak memory",67174400,67174400,67174400,53605171200
867,128376,"spill size",0,0,0,0
867,128380,"internal.metrics.executorDeserializeTime",3,3,175,10297
867,128381,"internal.metrics.executorDeserializeCpuTime",3354556,6575459,10955134,5247379772
867,128382,"internal.metrics.executorRunTime",607,1091,2178,1029012
867,128383,"internal.metrics.executorCpuTime",584659912,1097686809,1843507360,875954236024
867,128384,"internal.metrics.resultSize",15231,15231,15320,12173817
867,128385,"internal.metrics.jvmGCTime",15,15,126,14897
867,128386,"internal.metrics.resultSerializationTime",1,1,18,30
867,128389,"internal.metrics.peakExecutionMemory",213975040,227687801,318832640,181695021056
867,128391,"internal.metrics.shuffle.read.remoteBlocksFetched",1083,1088,2232,887923
867,128392,"internal.metrics.shuffle.read.localBlocksFetched",0,0,15,5006
867,128393,"internal.metrics.shuffle.read.remoteBytesRead",5143785,10989495,20589475,8769771777
867,128394,"internal.metrics.shuffle.read.remoteBytesReadToDisk",0,0,0,0
867,128395,"internal.metrics.shuffle.read.localBytesRead",0,61404,196581,49161315
867,128396,"internal.metrics.shuffle.read.fetchWaitTime",0,0,52,677
867,128397,"internal.metrics.shuffle.read.recordsRead",133523,310156,601540,247663783
867,128398,"internal.metrics.shuffle.push.read.corruptMergedBlockChunks",0,0,0,0
867,128399,"internal.metrics.shuffle.push.read.mergedFetchFallbackCount",0,0,0,0
867,128400,"internal.metrics.shuffle.push.read.remoteMergedBlocksFetched",0,0,0,0
867,128401,"internal.metrics.shuffle.push.read.localMergedBlocksFetched",0,0,0,0
867,128402,"internal.metrics.shuffle.push.read.remoteMergedChunksFetched",0,0,0,0
867,128403,"internal.metrics.shuffle.push.read.localMergedChunksFetched",0,0,0,0
867,128404,"internal.metrics.shuffle.push.read.remoteMergedBytesRead",0,0,0,0
867,128405,"internal.metrics.shuffle.push.read.localMergedBytesRead",0,0,0,0
867,128406,"internal.metrics.shuffle.read.remoteReqsDuration",3400,12926,39343,10475219
867,128407,"internal.metrics.shuffle.push.read.remoteMergedReqsDuration",0,0,0,0
867,128408,"internal.metrics.shuffle.write.bytesWritten",6529756,12589392,22209115,10046493193
867,128409,"internal.metrics.shuffle.write.recordsWritten",132986,309530,600917,247163783
867,128410,"internal.metrics.shuffle.write.writeTime",9295854,18047818,104366425,14402313030
870,117860,"remote blocks read",288,292,640,251501
870,117861,"local blocks read",1,1,7,1428
870,117862,"remote bytes read",23866,25908,52760,20865297
870,117864,"local bytes read",75,100,602,118296
870,117865,"fetch wait time",0,0,3,11
870,117866,"records read",537,575,1237,500000
870,117875,"remote reqs duration",541,4265,15556,3561592
870,125155,"remote blocks read",792,792,1588,636399
870,125156,"local blocks read",4,4,12,3601
870,125157,"remote bytes read",3788346,7971595,14925962,6369473350
870,125159,"local bytes read",18035,44929,117734,36055575
870,125160,"fetch wait time",0,0,42,447
870,125161,"records read",132986,309136,600917,247163783
870,125170,"remote reqs duration",2461,6734,23532,5536852
870,128753,"data size",8511104,19797652,38458688,15818482112
870,128772,"shuffle bytes written",2542288,5741740,10999702,4587811439
870,128773,"shuffle records written",132986,309136,600917,247163783
870,128774,"shuffle write time",6801328,12670392,54921405,10123800935
870,128775,"duration",304,520,1210,546661
870,128776,"number of output rows",132986,309136,600917,247163783
870,128777,"spill size",0,0,0,0
870,128779,"duration",309,549,1266,567702
870,128780,"sort time",3,3,51,8807
870,128781,"peak memory",75497472,80977689,100663296,64701333504
870,128782,"spill size",0,0,0,0
870,128786,"duration",305,529,1223,552754
870,128787,"sort time",0,0,1,2
870,128788,"peak memory",67174400,67174400,67174400,53672345600
870,128789,"spill size",0,0,0,0
870,129072,"internal.metrics.executorDeserializeTime",4,4,104,9184
870,129073,"internal.metrics.executorDeserializeCpuTime",4127357,6707306,13618443,5359298935
870,129074,"internal.metrics.executorRunTime",493,880,1753,846641
870,129075,"internal.metrics.executorCpuTime",481547949,880218669,1451545209,703294874798
870,129076,"internal.metrics.resultSize",15231,15231,15319,12186003
870,129077,"internal.metrics.jvmGCTime",15,18,89,13014
870,129078,"internal.metrics.resultSerializationTime",1,5,28,32
870,129081,"internal.metrics.peakExecutionMemory",213975040,222195469,251723776,177534337024
870,129083,"internal.metrics.shuffle.read.remoteBlocksFetched",1084,1088,2228,887900
870,129084,"internal.metrics.shuffle.read.localBlocksFetched",4,4,19,5029
870,129085,"internal.metrics.shuffle.read.remoteBytesRead",3812497,7997720,14951491,6390338647
870,129086,"internal.metrics.shuffle.read.remoteBytesReadToDisk",0,0,0,0
870,129087,"internal.metrics.shuffle.read.localBytesRead",18367,45073,117734,36173871
870,129088,"internal.metrics.shuffle.read.fetchWaitTime",0,0,42,458
870,129089,"internal.metrics.shuffle.read.recordsRead",133523,309765,601540,247663783
870,129090,"internal.metrics.shuffle.push.read.corruptMergedBlockChunks",0,0,0,0
870,129091,"internal.metrics.shuffle.push.read.mergedFetchFallbackCount",0,0,0,0
870,129092,"internal.metrics.shuffle.push.read.remoteMergedBlocksFetched",0,0,0,0
870,129093,"internal.metrics.shuffle.push.read.localMergedBlocksFetched",0,0,0,0
870,129094,"internal.metrics.shuffle.push.read.remoteMergedChunksFetched",0,0,0,0
870,129095,"internal.metrics.shuffle.push.read.localMergedChunksFetched",0,0,0,0
870,129096,"internal.metrics.shuffle.push.read.remoteMergedBytesRead",0,0,0,0
870,129097,"internal.metrics.shuffle.push.read.localMergedBytesRead",0,0,0,0
870,129098,"internal.metrics.shuffle.read.remoteReqsDuration",3345,11191,38366,9098444
870,129099,"internal.metrics.shuffle.push.read.remoteMergedReqsDuration",0,0,0,0
870,129100,"internal.metrics.shuffle.write.bytesWritten",2542288,5741740,10999702,4587811439
870,129101,"internal.metrics.shuffle.write.recordsWritten",132986,309136,600917,247163783
870,129102,"internal.metrics.shuffle.write.writeTime",6801328,12670392,54921405,10123800935
872,117560,"remote blocks read",286,292,647,678583
872,117561,"local blocks read",1,1,5,3445
872,117562,"remote bytes read",40805,44635,90628,96654680
872,117564,"local bytes read",99,267,769,491356
872,117565,"fetch wait time",0,0,41,52
872,117566,"records read",537,575,1237,1349003
872,117575,"remote reqs duration",700,4549,17477,9472768
872,125484,"remote blocks read",792,792,1590,636409
872,125485,"local blocks read",4,4,10,3591
872,125486,"remote bytes read",4317225,9113337,16950958,7281715629
872,125488,"local bytes read",21826,51258,119082,41118269
872,125489,"fetch wait time",0,0,75,524
872,125490,"records read",132986,309143,600917,247163783
872,125499,"remote reqs duration",2130,7314,25212,6002304
872,129411,"data size",17904240,41788022,81142640,33388792568
872,129430,"shuffle bytes written",5650136,10594570,18370576,8465218792
872,129431,"shuffle records written",132986,309143,600917,247163783
872,129432,"shuffle write time",7145600,16069620,95366645,12839785492
872,129433,"duration",227,616,1460,640062
872,129434,"number of output rows",132986,309143,600917,247163783
872,129435,"spill size",0,0,0,0
872,129437,"duration",231,647,1513,662825
872,129438,"sort time",3,3,57,8496
872,129439,"peak memory",75497472,80977683,100663296,64701333504
872,129440,"spill size",0,0,0,0
872,129444,"duration",227,626,1480,646487
872,129445,"sort time",0,0,2,3
872,129446,"peak memory",67174400,67174400,67174400,53672345600
872,129447,"spill size",0,0,0,0
872,129451,"internal.metrics.executorDeserializeTime",3,3,103,10266
872,129452,"internal.metrics.executorDeserializeCpuTime",3973636,7008298,18728509,5599785934
872,129453,"internal.metrics.executorRunTime",415,1061,2162,1005509
872,129454,"internal.metrics.executorCpuTime",415503511,1080191811,1831898449,863073425351
872,129455,"internal.metrics.resultSize",15231,15231,15319,12188081
872,129456,"internal.metrics.jvmGCTime",15,16,114,13881
872,129457,"internal.metrics.resultSerializationTime",1,1,1,2
872,129460,"internal.metrics.peakExecutionMemory",213975040,224799189,318832640,179614711808
872,129462,"internal.metrics.shuffle.read.remoteBlocksFetched",1082,1088,2237,887889
872,129463,"internal.metrics.shuffle.read.localBlocksFetched",4,4,11,5040
872,129464,"internal.metrics.shuffle.read.remoteBytesRead",4358030,9158172,16995066,7317534633
872,129465,"internal.metrics.shuffle.read.remoteBytesReadToDisk",0,0,0,0
872,129466,"internal.metrics.shuffle.read.localBytesRead",21826,51525,119082,41325799
872,129467,"internal.metrics.shuffle.read.fetchWaitTime",0,0,75,568
872,129468,"internal.metrics.shuffle.read.recordsRead",133523,309770,601540,247663783
872,129469,"internal.metrics.shuffle.push.read.corruptMergedBlockChunks",0,0,0,0
872,129470,"internal.metrics.shuffle.push.read.mergedFetchFallbackCount",0,0,0,0
872,129471,"internal.metrics.shuffle.push.read.remoteMergedBlocksFetched",0,0,0,0
872,129472,"internal.metrics.shuffle.push.read.localMergedBlocksFetched",0,0,0,0
872,129473,"internal.metrics.shuffle.push.read.remoteMergedChunksFetched",0,0,0,0
872,129474,"internal.metrics.shuffle.push.read.localMergedChunksFetched",0,0,0,0
872,129475,"internal.metrics.shuffle.push.read.remoteMergedBytesRead",0,0,0,0
872,129476,"internal.metrics.shuffle.push.read.localMergedBytesRead",0,0,0,0
872,129477,"internal.metrics.shuffle.read.remoteReqsDuration",3567,12057,41936,9795388
872,129478,"internal.metrics.shuffle.push.read.remoteMergedReqsDuration",0,0,0,0
872,129479,"internal.metrics.shuffle.write.bytesWritten",5650136,10594570,18370576,8465218792
872,129480,"internal.metrics.shuffle.write.recordsWritten",132986,309143,600917,247163783
872,129481,"internal.metrics.shuffle.write.writeTime",7145600,16069620,95366645,12839785492
874,117560,"remote blocks read",288,292,339,754527
874,117561,"local blocks read",1,1,5,4260
874,117562,"remote bytes read",40634,44595,49238,107473489
874,117564,"local bytes read",100,249,779,606113
874,117565,"fetch wait time",0,0,4,52
874,117566,"records read",537,575,713,1500000
874,117575,"remote reqs duration",398,2755,8691,10218378
874,126025,"remote blocks read",792,792,799,894945
874,126026,"local blocks read",1,1,8,5055
874,126027,"remote bytes read",1930276,3910836,7057970,4271253131
874,126029,"local bytes read",3517,21867,58874,24059485
874,126030,"fetch wait time",0,0,27,383
874,126031,"records read",132986,308758,600917,335794017
874,126040,"remote reqs duration",1326,4736,12717,5556626
874,129796,"data size",9393136,21962689,42683952,17570310456
874,129815,"shuffle bytes written",2561985,3944652,5924316,3155879864
874,129816,"shuffle records written",132986,308758,600917,247163783
874,129817,"shuffle write time",5862415,10901899,76643109,8721679068
874,129818,"duration",269,413,1083,460919
874,129819,"number of output rows",132986,308758,600917,247163783
874,129820,"spill size",0,0,0,0
874,129822,"duration",281,436,1108,479988
874,129823,"sort time",3,3,71,8897
874,129824,"peak memory",75497472,80960350,100663296,64768442368
874,129825,"spill size",0,0,0,0
874,129826,"duration",270,419,1090,465800
874,129827,"sort time",0,0,0,0
874,129828,"peak memory",67174400,67174400,67174400,53739520000
874,129829,"spill size",0,0,0,0
874,130399,"internal.metrics.executorDeserializeTime",3,3,111,7683
874,130400,"internal.metrics.executorDeserializeCpuTime",3269555,6060324,11872411,4848423733
874,130401,"internal.metrics.executorRunTime",445,731,1524,731693
874,130402,"internal.metrics.executorCpuTime",421750507,774912037,1271961949,619929791294
874,130403,"internal.metrics.resultSize",15231,15231,15320,12197890
874,130404,"internal.metrics.jvmGCTime",15,18,82,9719
874,130405,"internal.metrics.resultSerializationTime",1,1,2,11
874,130408,"internal.metrics.peakExecutionMemory",213975040,222169461,251723776,177735729152
874,130410,"internal.metrics.shuffle.read.remoteBlocksFetched",1083,1086,1135,887939
874,130411,"internal.metrics.shuffle.read.localBlocksFetched",2,2,12,4990
874,130412,"internal.metrics.shuffle.read.remoteBytesRead",1970910,3955612,7102078,3164652001
874,130413,"internal.metrics.shuffle.read.remoteBytesReadToDisk",0,0,0,0
874,130414,"internal.metrics.shuffle.read.localBytesRead",3816,22113,59294,17853179
874,130415,"internal.metrics.shuffle.read.fetchWaitTime",0,0,27,285
874,130416,"internal.metrics.shuffle.read.recordsRead",133523,309388,601540,247663783
874,130417,"internal.metrics.shuffle.push.read.corruptMergedBlockChunks",0,0,0,0
874,130418,"internal.metrics.shuffle.push.read.mergedFetchFallbackCount",0,0,0,0
874,130419,"internal.metrics.shuffle.push.read.remoteMergedBlocksFetched",0,0,0,0
874,130420,"internal.metrics.shuffle.push.read.localMergedBlocksFetched",0,0,0,0
874,130421,"internal.metrics.shuffle.push.read.remoteMergedChunksFetched",0,0,0,0
874,130422,"internal.metrics.shuffle.push.read.localMergedChunksFetched",0,0,0,0
874,130423,"internal.metrics.shuffle.push.read.remoteMergedBytesRead",0,0,0,0
874,130424,"internal.metrics.shuffle.push.read.localMergedBytesRead",0,0,0,0
874,130425,"internal.metrics.shuffle.read.remoteReqsDuration",2180,7687,20968,6307004
874,130426,"internal.metrics.shuffle.push.read.remoteMergedReqsDuration",0,0,0,0
874,130427,"internal.metrics.shuffle.write.bytesWritten",2561985,3944652,5924316,3155879864
874,130428,"internal.metrics.shuffle.write.recordsWritten",132986,308758,600917,247163783
874,130429,"internal.metrics.shuffle.write.writeTime",5862415,10901899,76643109,8721679068
875,117860,"remote blocks read",288,291,343,503013
875,117861,"local blocks read",1,1,6,2845
875,117862,"remote bytes read",23866,25885,28294,41731132
875,117864,"local bytes read",75,105,523,236054
875,117865,"fetch wait time",0,0,4,22
875,117866,"records read",537,574,713,1000000
875,117875,"remote reqs duration",552,2928,10951,6073718
875,126025,"remote blocks read",792,792,799,1272799
875,126026,"local blocks read",1,1,8,7201
875,126027,"remote bytes read",1940200,3910795,7066597,6257610446
875,126029,"local bytes read",3171,21913,50619,35346846
875,126030,"fetch wait time",0,0,27,692
875,126031,"records read",132986,308756,600917,494327566
875,126040,"remote reqs duration",1528,5004,16961,8109325
875,129901,"data size",3191664,7414720,14422008,5931930792
875,129920,"shuffle bytes written",844904,1858961,3529286,1487329697
875,129921,"shuffle records written",132986,308756,600917,247163783
875,129922,"shuffle write time",3783808,8799822,79781087,7040014720
875,129923,"duration",217,381,922,424532
875,129924,"number of output rows",132986,308756,600917,247163783
875,129925,"spill size",0,0,0,0
875,129927,"duration",224,400,953,444373
875,129928,"sort time",3,4,38,8804
875,129929,"peak memory",75497472,80960353,100663296,64768442368
875,129930,"spill size",0,0,0,0
875,129931,"duration",218,386,923,430053
875,129932,"sort time",0,0,0,0
875,129933,"peak memory",67174400,67174400,67174400,53739520000
875,129934,"spill size",0,0,0,0
875,130434,"internal.metrics.executorDeserializeTime",3,3,125,8518
875,130435,"internal.metrics.executorDeserializeCpuTime",3224833,6067447,10417578,4854105145
875,130436,"internal.metrics.executorRunTime",350,630,1405,643527
875,130437,"internal.metrics.executorCpuTime",348332961,666742028,1101976260,533393782239
875,130438,"internal.metrics.resultSize",15231,15231,15320,12198568
875,130439,"internal.metrics.jvmGCTime",15,18,92,11158
875,130440,"internal.metrics.resultSerializationTime",1,5,11,16
875,130443,"internal.metrics.peakExecutionMemory",213975040,222169463,251723776,177735729152
875,130445,"internal.metrics.shuffle.read.remoteBlocksFetched",1084,1087,1139,887908
875,130446,"internal.metrics.shuffle.read.localBlocksFetched",3,3,11,5021
875,130447,"internal.metrics.shuffle.read.remoteBytesRead",1964434,3936867,7091959,3149653850
875,130448,"internal.metrics.shuffle.read.remoteBytesReadToDisk",0,0,0,0
875,130449,"internal.metrics.shuffle.read.localBytesRead",3607,22066,50619,17808389
875,130450,"internal.metrics.shuffle.read.fetchWaitTime",0,0,27,424
875,130451,"internal.metrics.shuffle.read.recordsRead",133523,309381,601540,247663783
875,130452,"internal.metrics.shuffle.push.read.corruptMergedBlockChunks",0,0,0,0
875,130453,"internal.metrics.shuffle.push.read.mergedFetchFallbackCount",0,0,0,0
875,130454,"internal.metrics.shuffle.push.read.remoteMergedBlocksFetched",0,0,0,0
875,130455,"internal.metrics.shuffle.push.read.localMergedBlocksFetched",0,0,0,0
875,130456,"internal.metrics.shuffle.push.read.remoteMergedChunksFetched",0,0,0,0
875,130457,"internal.metrics.shuffle.push.read.localMergedChunksFetched",0,0,0,0
875,130458,"internal.metrics.shuffle.push.read.remoteMergedBytesRead",0,0,0,0
875,130459,"internal.metrics.shuffle.push.read.localMergedBytesRead",0,0,0,0
875,130460,"internal.metrics.shuffle.read.remoteReqsDuration",2528,8146,27351,6673109
875,130461,"internal.metrics.shuffle.push.read.remoteMergedReqsDuration",0,0,0,0
875,130462,"internal.metrics.shuffle.write.bytesWritten",844904,1858961,3529286,1487329697
875,130463,"internal.metrics.shuffle.write.recordsWritten",132986,308756,600917,247163783
875,130464,"internal.metrics.shuffle.write.writeTime",3783808,8799822,79781087,7040014720
878,118304,"remote blocks read",288,292,341,251527
878,118305,"local blocks read",1,1,4,1402
878,118306,"remote bytes read",32790,35644,39255,28675939
878,118308,"local bytes read",88,119,557,160670
878,118309,"fetch wait time",0,0,0,0
878,118310,"records read",537,576,713,500000
878,118319,"remote reqs duration",811,3843,13398,3235634
878,126158,"remote blocks read",792,792,796,636396
878,126159,"local blocks read",4,4,8,3604
878,126160,"remote bytes read",2400459,4742563,8560375,3794212638
878,126162,"local bytes read",10963,26643,77653,21477959
878,126163,"fetch wait time",0,0,51,337
878,126164,"records read",132986,308749,600917,247163783
878,126173,"remote reqs duration",1801,5333,21653,4424510
878,130751,"data size",8999888,21008688,41826936,16807114560
878,130770,"shuffle bytes written",2099337,4146646,7487325,3317474430
878,130771,"shuffle records written",132986,308749,600917,247163783
878,130772,"shuffle write time",5302302,10775486,71466468,8620552210
878,130773,"duration",237,459,1141,507985
878,130774,"number of output rows",132986,308749,600917,247163783
878,130775,"spill size",0,0,0,0
878,130777,"duration",241,483,1204,531116
878,130778,"sort time",4,4,75,8534
878,130779,"peak memory",75497472,80960340,100663296,64768442368
878,130780,"spill size",0,0,0,0
878,130781,"duration",238,465,1163,514759
878,130782,"sort time",0,0,1,1
878,130783,"peak memory",67174400,67174400,67174400,53739520000
878,130784,"spill size",0,0,0,0
878,131008,"internal.metrics.executorDeserializeTime",3,3,94,8734
878,131009,"internal.metrics.executorDeserializeCpuTime",3206870,6162781,11211366,4930374360
878,131010,"internal.metrics.executorRunTime",404,789,1718,784276
878,131011,"internal.metrics.executorCpuTime",403271420,826685891,1395091844,661348877096
878,131012,"internal.metrics.resultSize",15231,15231,15319,12197361
878,131013,"internal.metrics.jvmGCTime",17,20,92,10002
878,131014,"internal.metrics.resultSerializationTime",1,1,1,4
878,131017,"internal.metrics.peakExecutionMemory",213975040,222169472,251723776,177735729152
878,131019,"internal.metrics.shuffle.read.remoteBlocksFetched",1084,1087,1137,887923
878,131020,"internal.metrics.shuffle.read.localBlocksFetched",4,4,11,5006
878,131021,"internal.metrics.shuffle.read.remoteBytesRead",2433579,4778412,8595481,3822888577
878,131022,"internal.metrics.shuffle.read.remoteBytesReadToDisk",0,0,0,0
878,131023,"internal.metrics.shuffle.read.localBytesRead",10963,26847,77653,21638629
878,131024,"internal.metrics.shuffle.read.fetchWaitTime",0,0,51,337
878,131025,"internal.metrics.shuffle.read.recordsRead",133523,309375,601540,247663783
878,131026,"internal.metrics.shuffle.push.read.corruptMergedBlockChunks",0,0,0,0
878,131027,"internal.metrics.shuffle.push.read.mergedFetchFallbackCount",0,0,0,0
878,131028,"internal.metrics.shuffle.push.read.remoteMergedBlocksFetched",0,0,0,0
878,131029,"internal.metrics.shuffle.push.read.localMergedBlocksFetched",0,0,0,0
878,131030,"internal.metrics.shuffle.push.read.remoteMergedChunksFetched",0,0,0,0
878,131031,"internal.metrics.shuffle.push.read.localMergedChunksFetched",0,0,0,0
878,131032,"internal.metrics.shuffle.push.read.remoteMergedBytesRead",0,0,0,0
878,131033,"internal.metrics.shuffle.push.read.localMergedBytesRead",0,0,0,0
878,131034,"internal.metrics.shuffle.read.remoteReqsDuration",3102,9368,29410,7660144
878,131035,"internal.metrics.shuffle.push.read.remoteMergedReqsDuration",0,0,0,0
878,131036,"internal.metrics.shuffle.write.bytesWritten",2099337,4146646,7487325,3317474430
878,131037,"internal.metrics.shuffle.write.recordsWritten",132986,308749,600917,247163783
878,131038,"internal.metrics.shuffle.write.writeTime",5302302,10775486,71466468,8620552210
883,118722,"remote blocks read",287,292,341,251523
883,118723,"local blocks read",1,1,4,1406
883,118724,"remote bytes read",32742,35544,39035,28593807
883,118726,"local bytes read",88,92,534,159305
883,118727,"fetch wait time",0,0,4,7
883,118728,"records read",537,575,713,500000
883,118737,"remote reqs duration",700,4591,18013,3832271
883,127290,"remote blocks read",792,792,796,636406
883,127291,"local blocks read",4,4,8,3594
883,127292,"remote bytes read",2446278,4871447,8927253,3897313236
883,127294,"local bytes read",12588,27271,66492,21975910
883,127295,"fetch wait time",0,0,25,296
883,127296,"records read",132986,308752,600917,247163783
883,127305,"remote reqs duration",1572,5584,19585,4624376
883,131269,"data size",7840464,18255258,35020000,14604367744
883,131288,"shuffle bytes written",2132553,3736403,6294458,2989280520
883,131289,"shuffle records written",132986,308752,600917,247163783
883,131290,"shuffle write time",6005107,10689197,106162041,8551515114
883,131291,"duration",280,447,1009,495607
883,131292,"number of output rows",132986,308752,600917,247163783
883,131293,"spill size",0,0,0,0
883,131295,"duration",284,472,1083,518004
883,131296,"sort time",3,3,55,8756
883,131297,"peak memory",75497472,80960350,100663296,64768442368
883,131298,"spill size",0,0,0,0
883,131299,"duration",280,453,1020,501699
883,131300,"sort time",0,0,0,0
883,131301,"peak memory",67174400,67174400,67174400,53739520000
883,131302,"spill size",0,0,0,0
883,131470,"internal.metrics.executorDeserializeTime",3,3,94,8604
883,131471,"internal.metrics.executorDeserializeCpuTime",3307339,6124782,11496745,4899986283
883,131472,"internal.metrics.executorRunTime",497,773,1618,763673
883,131473,"internal.metrics.executorCpuTime",453533608,805358817,1275649427,644287216887
883,131474,"internal.metrics.resultSize",15231,15231,15320,12198621
883,131475,"internal.metrics.jvmGCTime",18,18,82,10334
883,131476,"internal.metrics.resultSerializationTime",1,7,35,52
883,131479,"internal.metrics.peakExecutionMemory",213975040,222169466,251723776,177735729152
883,131481,"internal.metrics.shuffle.read.remoteBlocksFetched",1083,1088,1137,887929
883,131482,"internal.metrics.shuffle.read.localBlocksFetched",4,4,11,5000
883,131483,"internal.metrics.shuffle.read.remoteBytesRead",2479106,4907192,8962379,3925907043
883,131484,"internal.metrics.shuffle.read.remoteBytesReadToDisk",0,0,0,0
883,131485,"internal.metrics.shuffle.read.localBytesRead",12818,27468,66672,22135215
883,131486,"internal.metrics.shuffle.read.fetchWaitTime",0,0,25,303
883,131487,"internal.metrics.shuffle.read.recordsRead",133523,309379,601540,247663783
883,131488,"internal.metrics.shuffle.push.read.corruptMergedBlockChunks",0,0,0,0
883,131489,"internal.metrics.shuffle.push.read.mergedFetchFallbackCount",0,0,0,0
883,131490,"internal.metrics.shuffle.push.read.remoteMergedBlocksFetched",0,0,0,0
883,131491,"internal.metrics.shuffle.push.read.localMergedBlocksFetched",0,0,0,0
883,131492,"internal.metrics.shuffle.push.read.remoteMergedChunksFetched",0,0,0,0
883,131493,"internal.metrics.shuffle.push.read.localMergedChunksFetched",0,0,0,0
883,131494,"internal.metrics.shuffle.push.read.remoteMergedBytesRead",0,0,0,0
883,131495,"internal.metrics.shuffle.push.read.localMergedBytesRead",0,0,0,0
883,131496,"internal.metrics.shuffle.read.remoteReqsDuration",2692,10372,36104,8456647
883,131497,"internal.metrics.shuffle.push.read.remoteMergedReqsDuration",0,0,0,0
883,131498,"internal.metrics.shuffle.write.bytesWritten",2132553,3736403,6294458,2989280520
883,131499,"internal.metrics.shuffle.write.recordsWritten",132986,308752,600917,247163783
883,131500,"internal.metrics.shuffle.write.writeTime",6005107,10689197,106162041,8551515114
886,117860,"remote blocks read",285,291,640,754542
886,117861,"local blocks read",1,1,7,4245
886,117862,"remote bytes read",23605,25921,52711,62598332
886,117864,"local bytes read",75,104,601,352447
886,117865,"fetch wait time",0,0,10,34
886,117866,"records read",537,576,1237,1500000
886,117875,"remote reqs duration",516,3571,12968,9088425
886,127780,"remote blocks read",792,792,1588,636409
886,127781,"local blocks read",4,4,12,3591
886,127782,"remote bytes read",2599102,5409977,9988415,4322732657
886,127784,"local bytes read",13443,30320,78342,24381646
886,127785,"fetch wait time",0,0,61,316
886,127786,"records read",132986,309143,600917,247163783
886,127795,"remote reqs duration",1409,5815,19337,4807752
886,131703,"data size",4255552,9898726,19229344,7909241056
886,131722,"shuffle bytes written",1523129,3429061,6547843,2739977499
886,131723,"shuffle records written",132986,309143,600917,247163783
886,131724,"shuffle write time",4730305,11483474,191867071,9175450810
886,131725,"duration",263,399,1063,455098
886,131726,"number of output rows",132986,309143,600917,247163783
886,131727,"spill size",0,0,0,0
886,131729,"duration",282,427,1068,476471
886,131730,"sort time",3,3,75,8962
886,131731,"peak memory",75497472,80977689,100663296,64701333504
886,131732,"spill size",0,0,0,0
886,131736,"duration",273,410,1064,460849
886,131737,"sort time",0,0,0,0
886,131738,"peak memory",67174400,67174400,67174400,53672345600
886,131739,"spill size",0,0,0,0
886,131882,"internal.metrics.executorDeserializeTime",4,4,74,9614
886,131883,"internal.metrics.executorDeserializeCpuTime",3814262,7025886,11851538,5613845943
886,131884,"internal.metrics.executorRunTime",408,708,1649,719249
886,131885,"internal.metrics.executorCpuTime",408631421,717185253,1176086314,573031174695
886,131886,"internal.metrics.resultSize",15231,15231,15319,12182626
886,131887,"internal.metrics.jvmGCTime",17,17,116,11117
886,131888,"internal.metrics.resultSerializationTime",1,1,4,9
886,131891,"internal.metrics.peakExecutionMemory",213975040,222195467,251723776,177534337024
886,131893,"internal.metrics.shuffle.read.remoteBlocksFetched",1081,1088,2228,887938
886,131894,"internal.metrics.shuffle.read.localBlocksFetched",4,4,19,4991
886,131895,"internal.metrics.shuffle.read.remoteBytesRead",2623406,5436099,10013704,4343599857
886,131896,"internal.metrics.shuffle.read.remoteBytesReadToDisk",0,0,0,0
886,131897,"internal.metrics.shuffle.read.localBytesRead",13617,30463,78425,24498039
886,131898,"internal.metrics.shuffle.read.fetchWaitTime",0,0,61,328
886,131899,"internal.metrics.shuffle.read.recordsRead",133523,309767,601540,247663783
886,131900,"internal.metrics.shuffle.push.read.corruptMergedBlockChunks",0,0,0,0
886,131901,"internal.metrics.shuffle.push.read.mergedFetchFallbackCount",0,0,0,0
886,131902,"internal.metrics.shuffle.push.read.remoteMergedBlocksFetched",0,0,0,0
886,131903,"internal.metrics.shuffle.push.read.localMergedBlocksFetched",0,0,0,0
886,131904,"internal.metrics.shuffle.push.read.remoteMergedChunksFetched",0,0,0,0
886,131905,"internal.metrics.shuffle.push.read.localMergedChunksFetched",0,0,0,0
886,131906,"internal.metrics.shuffle.push.read.remoteMergedBytesRead",0,0,0,0
886,131907,"internal.metrics.shuffle.push.read.localMergedBytesRead",0,0,0,0
886,131908,"internal.metrics.shuffle.read.remoteReqsDuration",1925,9593,31880,7822459
886,131909,"internal.metrics.shuffle.push.read.remoteMergedReqsDuration",0,0,0,0
886,131910,"internal.metrics.shuffle.write.bytesWritten",1523129,3429061,6547843,2739977499
886,131911,"internal.metrics.shuffle.write.recordsWritten",132986,309143,600917,247163783
886,131912,"internal.metrics.shuffle.write.writeTime",4730305,11483474,191867071,9175450810
892,117589,"remote blocks read",1,1,18,13411
892,117590,"local blocks read",1,1,3,697
892,117591,"remote bytes read",100,972,1924,1447054
892,117593,"local bytes read",100,101,365,77260
892,117594,"fetch wait time",0,0,0,1
892,117595,"records read",2,2,18,15000
892,117604,"remote reqs duration",5,633,3508,722260
892,128342,"remote blocks read",790,1378,3975,632510
892,128343,"local blocks read",2,2,28,3496
892,128344,"remote bytes read",1738065,23398886,128335843,9991367703
892,128346,"local bytes read",10228,128986,775428,55125490
892,128347,"fetch wait time",0,0,119,1076
892,128348,"records read",34425,578732,3404746,247163783
892,128357,"remote reqs duration",2336,13919,51927,5989119
892,132215,"data size",6027792,99031696,595699040,42286578992
892,132234,"shuffle bytes written",1941856,30212168,174685780,12900641198
892,132235,"shuffle records written",34425,578732,3404746,247163783
892,132236,"shuffle write time",4124887,27721643,156763918,11837187442
892,132237,"duration",154,1257,6076,583151
892,132238,"number of output rows",34425,578732,3404746,247163783
892,132239,"spill size",0,0,0,0
892,132241,"duration",157,1304,6229,604216
892,132242,"sort time",0,0,96,4929
892,132243,"peak memory",69206016,138397190,671088640,59095646208
892,132244,"spill size",0,0,0,0
892,132248,"duration",141,1250,6096,581014
892,132249,"sort time",0,0,0,0
892,132250,"peak memory",67174400,67174400,67174400,28683468800
892,132251,"spill size",0,0,0,0
892,132255,"internal.metrics.executorDeserializeTime",5,5,123,8652
892,132256,"internal.metrics.executorDeserializeCpuTime",4977628,8357130,13963823,3568541117
892,132257,"internal.metrics.executorRunTime",248,2097,9384,942948
892,132258,"internal.metrics.executorCpuTime",230351568,1854778286,8300784274,791990372967
892,132259,"internal.metrics.resultSize",18871,18871,18917,8069180
892,132260,"internal.metrics.jvmGCTime",20,30,318,17238
892,132261,"internal.metrics.resultSerializationTime",1,2,3,6
892,132264,"internal.metrics.peakExecutionMemory",204537856,347772738,1476460544,148499005440
892,132266,"internal.metrics.shuffle.read.remoteBlocksFetched",793,1389,3989,636819
892,132267,"internal.metrics.shuffle.read.localBlocksFetched",2,2,30,3893
892,132268,"internal.metrics.shuffle.read.remoteBytesRead",1738176,23399965,128337033,9991831853
892,132269,"internal.metrics.shuffle.read.remoteBytesReadToDisk",0,0,0,0
892,132270,"internal.metrics.shuffle.read.localBytesRead",10339,129092,775428,55169824
892,132271,"internal.metrics.shuffle.read.fetchWaitTime",0,0,119,1076
892,132272,"internal.metrics.shuffle.read.recordsRead",34427,578745,3404757,247168783
892,132273,"internal.metrics.shuffle.push.read.corruptMergedBlockChunks",0,0,0,0
892,132274,"internal.metrics.shuffle.push.read.mergedFetchFallbackCount",0,0,0,0
892,132275,"internal.metrics.shuffle.push.read.remoteMergedBlocksFetched",0,0,0,0
892,132276,"internal.metrics.shuffle.push.read.localMergedBlocksFetched",0,0,0,0
892,132277,"internal.metrics.shuffle.push.read.remoteMergedChunksFetched",0,0,0,0
892,132278,"internal.metrics.shuffle.push.read.localMergedChunksFetched",0,0,0,0
892,132279,"internal.metrics.shuffle.push.read.remoteMergedBytesRead",0,0,0,0
892,132280,"internal.metrics.shuffle.push.read.localMergedBytesRead",0,0,0,0
892,132281,"internal.metrics.shuffle.read.remoteReqsDuration",2396,14660,55307,6306572
892,132282,"internal.metrics.shuffle.push.read.remoteMergedReqsDuration",0,0,0,0
892,132283,"internal.metrics.shuffle.write.bytesWritten",1941856,30212168,174685780,12900641198
892,132284,"internal.metrics.shuffle.write.recordsWritten",34425,578732,3404746,247163783
892,132285,"internal.metrics.shuffle.write.writeTime",4124887,27721643,156763918,11837187442
896,117889,"remote blocks read",1,1,18,21810
896,117890,"local blocks read",1,1,3,630
896,117891,"remote bytes read",75,678,1350,1646090
896,117893,"local bytes read",74,74,233,47823
896,117894,"fetch wait time",0,0,0,0
896,117895,"records read",2,2,19,24132
896,117904,"remote reqs duration",6,485,3239,785797
896,128755,"remote blocks read",792,1415,3970,633169
896,128756,"local blocks read",2,2,28,3634
896,128757,"remote bytes read",1097704,10940037,65503361,4562038228
896,128759,"local bytes read",6327,61697,402485,25773211
896,128760,"fetch wait time",0,0,48,295
896,128761,"records read",51849,592615,3404746,247163783
896,128770,"remote reqs duration",1172,11628,50921,4890992
896,132600,"data size",2903544,33192155,190665776,13841171848
896,132619,"shuffle bytes written",812502,8456699,48262060,3526485325
896,132620,"shuffle records written",51849,592615,3404746,247163783
896,132621,"shuffle write time",3663815,11336318,78018290,4727288976
896,132622,"duration",120,857,4144,400975
896,132623,"number of output rows",51849,592615,3404746,247163783
896,132624,"spill size",0,0,0,0
896,132626,"duration",125,895,4219,415661
896,132627,"sort time",0,0,90,4793
896,132628,"peak memory",69206016,108106322,402653184,45080379392
896,132629,"spill size",0,0,0,0
896,132633,"duration",112,859,4155,400866
896,132634,"sort time",0,0,0,0
896,132635,"peak memory",67174400,67174400,67174400,28011724800
896,132636,"spill size",0,0,0,0
896,132891,"internal.metrics.executorDeserializeTime",4,4,208,9866
896,132892,"internal.metrics.executorDeserializeCpuTime",3966524,8139383,13555434,3394163596
896,132893,"internal.metrics.executorRunTime",235,1311,6035,589010
896,132894,"internal.metrics.executorCpuTime",216328247,1177451100,5353700189,490997153605
896,132895,"internal.metrics.resultSize",18871,18871,18917,7878643
896,132896,"internal.metrics.jvmGCTime",16,20,161,9272
896,132900,"internal.metrics.peakExecutionMemory",204537856,271256858,805371904,113114152960
896,132902,"internal.metrics.shuffle.read.remoteBlocksFetched",795,1425,3984,637488
896,132903,"internal.metrics.shuffle.read.localBlocksFetched",2,2,29,4021
896,132904,"internal.metrics.shuffle.read.remoteBytesRead",1097854,10940820,65503961,4562364071
896,132905,"internal.metrics.shuffle.read.remoteBytesReadToDisk",0,0,0,0
896,132906,"internal.metrics.shuffle.read.localBytesRead",6410,61770,402485,25802640
896,132907,"internal.metrics.shuffle.read.fetchWaitTime",0,0,48,295
896,132908,"internal.metrics.shuffle.read.recordsRead",51852,592628,3404757,247168783
896,132909,"internal.metrics.shuffle.push.read.corruptMergedBlockChunks",0,0,0,0
896,132910,"internal.metrics.shuffle.push.read.mergedFetchFallbackCount",0,0,0,0
896,132911,"internal.metrics.shuffle.push.read.remoteMergedBlocksFetched",0,0,0,0
896,132912,"internal.metrics.shuffle.push.read.localMergedBlocksFetched",0,0,0,0
896,132913,"internal.metrics.shuffle.push.read.remoteMergedChunksFetched",0,0,0,0
896,132914,"internal.metrics.shuffle.push.read.localMergedChunksFetched",0,0,0,0
896,132915,"internal.metrics.shuffle.push.read.remoteMergedBytesRead",0,0,0,0
896,132916,"internal.metrics.shuffle.push.read.localMergedBytesRead",0,0,0,0
896,132917,"internal.metrics.shuffle.read.remoteReqsDuration",1178,12213,53762,5136245
896,132918,"internal.metrics.shuffle.push.read.remoteMergedReqsDuration",0,0,0,0
896,132919,"internal.metrics.shuffle.write.bytesWritten",812502,8456699,48262060,3526485325
896,132920,"internal.metrics.shuffle.write.recordsWritten",51849,592615,3404746,247163783
896,132921,"internal.metrics.shuffle.write.writeTime",3663815,11336318,78018290,4727288976
899,117589,"remote blocks read",2,2,18,13397
899,117590,"local blocks read",1,1,3,707
899,117591,"remote bytes read",213,1010,1914,1445567
899,117593,"local bytes read",100,101,352,78398
899,117594,"fetch wait time",0,0,0,1
899,117595,"records read",2,2,18,14986
899,117604,"remote reqs duration",13,577,3211,720123
899,129413,"remote blocks read",791,1347,3975,633209
899,129414,"local blocks read",4,4,20,3594
899,129415,"remote bytes read",1505562,19395039,106526364,8417495166
899,129417,"local bytes read",11369,109851,663211,47723626
899,129418,"fetch wait time",0,0,75,509
899,129419,"records read",34425,569391,3404746,247163783
899,129428,"remote reqs duration",2379,12757,47234,5583810
899,133202,"data size",5752392,92878393,568461072,40309268728
899,133221,"shuffle bytes written",1721552,26104330,152996013,11329326089
899,133222,"shuffle records written",34425,569391,3404746,247163783
899,133223,"shuffle write time",4317256,22611285,89476997,9813343209
899,133224,"duration",203,1042,5547,501108
899,133225,"number of output rows",34425,569391,3404746,247163783
899,133226,"spill size",0,0,0,0
899,133228,"duration",248,1080,5686,519047
899,133229,"sort time",0,0,83,4491
899,133230,"peak memory",69206016,136754497,671088640,59351498752
899,133231,"spill size",0,0,0,0
899,133235,"duration",202,1040,5538,499401
899,133236,"sort time",0,0,0,0
899,133237,"peak memory",67174400,67174400,67174400,29153689600
899,133238,"spill size",0,0,0,0
899,133242,"internal.metrics.executorDeserializeTime",4,4,188,9392
899,133243,"internal.metrics.executorDeserializeCpuTime",4392805,8561271,15019652,3715637499
899,133244,"internal.metrics.executorRunTime",361,1779,8519,818038
899,133245,"internal.metrics.executorCpuTime",259849151,1667322952,7750004431,723618211973
899,133246,"internal.metrics.resultSize",18871,18871,18958,8201132
899,133247,"internal.metrics.jvmGCTime",12,18,260,12635
899,133248,"internal.metrics.resultSerializationTime",1,1,1,1
899,133251,"internal.metrics.peakExecutionMemory",204537856,344440506,1409351680,149487222784
899,133253,"internal.metrics.shuffle.read.remoteBlocksFetched",795,1357,3989,637719
899,133254,"internal.metrics.shuffle.read.localBlocksFetched",4,4,23,3790
899,133255,"internal.metrics.shuffle.read.remoteBytesRead",1505784,19396168,106527554,8417982070
899,133256,"internal.metrics.shuffle.read.remoteBytesReadToDisk",0,0,0,0
899,133257,"internal.metrics.shuffle.read.localBytesRead",11369,109897,663211,47745206
899,133258,"internal.metrics.shuffle.read.fetchWaitTime",0,0,75,509
899,133259,"internal.metrics.shuffle.read.recordsRead",34427,569403,3404757,247168783
899,133260,"internal.metrics.shuffle.push.read.corruptMergedBlockChunks",0,0,0,0
899,133261,"internal.metrics.shuffle.push.read.mergedFetchFallbackCount",0,0,0,0
899,133262,"internal.metrics.shuffle.push.read.remoteMergedBlocksFetched",0,0,0,0
899,133263,"internal.metrics.shuffle.push.read.localMergedBlocksFetched",0,0,0,0
899,133264,"internal.metrics.shuffle.push.read.remoteMergedChunksFetched",0,0,0,0
899,133265,"internal.metrics.shuffle.push.read.localMergedChunksFetched",0,0,0,0
899,133266,"internal.metrics.shuffle.push.read.remoteMergedBytesRead",0,0,0,0
899,133267,"internal.metrics.shuffle.push.read.localMergedBytesRead",0,0,0,0
899,133268,"internal.metrics.shuffle.read.remoteReqsDuration",2392,13437,49391,5878716
899,133269,"internal.metrics.shuffle.push.read.remoteMergedReqsDuration",0,0,0,0
899,133270,"internal.metrics.shuffle.write.bytesWritten",1721552,26104330,152996013,11329326089
899,133271,"internal.metrics.shuffle.write.recordsWritten",34425,569391,3404746,247163783
899,133272,"internal.metrics.shuffle.write.writeTime",4317256,22611285,89476997,9813343209
901,117889,"remote blocks read",1,1,15,22559
901,117890,"local blocks read",1,1,4,965
901,117891,"remote bytes read",75,564,1125,1702615
901,117893,"local bytes read",75,75,300,73295
901,117894,"fetch wait time",0,0,0,0
901,117895,"records read",2,2,16,24994
901,117904,"remote reqs duration",5,142,1689,827516
901,129798,"remote blocks read",792,1182,3184,633935
901,129799,"local blocks read",2,2,24,3665
901,129800,"remote bytes read",1240416,6443841,35409584,3138208069
901,129802,"local bytes read",4309,36170,241171,17671795
901,129803,"fetch wait time",0,0,124,402
901,129804,"records read",68953,507400,3404746,247163783
901,129813,"remote reqs duration",1543,6522,41998,3236358
901,133559,"data size",4348960,32018353,214784176,15593000192
901,133578,"shuffle bytes written",1426533,9367089,60633832,4561831809
901,133579,"shuffle records written",68953,507400,3404746,247163783
901,133580,"shuffle write time",3403764,11616612,60952625,5657349201
901,133581,"duration",147,586,3478,348504
901,133582,"number of output rows",68953,507400,3404746,247163783
901,133583,"spill size",0,0,0,0
901,133585,"duration",149,608,3520,359284
901,133586,"sort time",0,0,65,4426
901,133587,"peak memory",71303168,102885206,402653184,50105155584
901,133588,"spill size",0,0,0,0
901,133592,"duration",137,583,3482,345992
901,133593,"sort time",0,0,0,0
901,133594,"peak memory",67174400,67174400,67174400,32713932800
901,133595,"spill size",0,0,0,0
901,133908,"internal.metrics.executorDeserializeTime",4,4,343,7165
901,133909,"internal.metrics.executorDeserializeCpuTime",4044990,7098943,12014737,3457241643
901,133910,"internal.metrics.executorRunTime",265,1011,5656,551915
901,133911,"internal.metrics.executorCpuTime",244028486,1009018195,5138606167,491391919446
901,133912,"internal.metrics.resultSize",18871,18871,18917,9198073
901,133913,"internal.metrics.jvmGCTime",16,22,190,7501
901,133914,"internal.metrics.resultSerializationTime",1,1,1,3
901,133917,"internal.metrics.peakExecutionMemory",207683584,261533325,805371904,127366791168
901,133919,"internal.metrics.shuffle.read.remoteBlocksFetched",795,1190,3194,638332
901,133920,"internal.metrics.shuffle.read.localBlocksFetched",2,2,25,3974
901,133921,"internal.metrics.shuffle.read.remoteBytesRead",1240640,6444525,35410409,3138539916
901,133922,"internal.metrics.shuffle.read.remoteBytesReadToDisk",0,0,0,0
901,133923,"internal.metrics.shuffle.read.localBytesRead",4309,36213,241171,17695220
901,133924,"internal.metrics.shuffle.read.fetchWaitTime",0,0,124,402
901,133925,"internal.metrics.shuffle.read.recordsRead",68957,507410,3404757,247168783
901,133926,"internal.metrics.shuffle.push.read.corruptMergedBlockChunks",0,0,0,0
901,133927,"internal.metrics.shuffle.push.read.mergedFetchFallbackCount",0,0,0,0
901,133928,"internal.metrics.shuffle.push.read.remoteMergedBlocksFetched",0,0,0,0
901,133929,"internal.metrics.shuffle.push.read.localMergedBlocksFetched",0,0,0,0
901,133930,"internal.metrics.shuffle.push.read.remoteMergedChunksFetched",0,0,0,0
901,133931,"internal.metrics.shuffle.push.read.localMergedChunksFetched",0,0,0,0
901,133932,"internal.metrics.shuffle.push.read.remoteMergedBytesRead",0,0,0,0
901,133933,"internal.metrics.shuffle.push.read.localMergedBytesRead",0,0,0,0
901,133934,"internal.metrics.shuffle.read.remoteReqsDuration",1549,6785,43687,3362290
901,133935,"internal.metrics.shuffle.push.read.remoteMergedReqsDuration",0,0,0,0
901,133936,"internal.metrics.shuffle.write.bytesWritten",1426533,9367089,60633832,4561831809
901,133937,"internal.metrics.shuffle.write.recordsWritten",68953,507400,3404746,247163783
901,133938,"internal.metrics.shuffle.write.writeTime",3403764,11616612,60952625,5657349201
903,117589,"remote blocks read",2,2,19,13144
903,117590,"local blocks read",1,1,3,677
903,117591,"remote bytes read",203,1012,2044,1418168
903,117593,"local bytes read",100,108,355,75012
903,117594,"fetch wait time",0,0,1,1
903,117595,"records read",2,3,21,14704
903,117604,"remote reqs duration",5,139,1293,688528
903,129903,"remote blocks read",792,1313,3975,634004
903,129904,"local blocks read",2,2,32,3596
903,129905,"remote bytes read",995427,3345854,21171162,1478916109
903,129907,"local bytes read",4073,18920,135139,8413588
903,129908,"fetch wait time",0,0,21,180
903,129909,"records read",120772,559078,3404746,247163783
903,129918,"remote reqs duration",1167,5407,16033,2440064
903,134169,"data size",5956664,29077733,190249088,12852406952
903,134188,"shuffle bytes written",269650,1000793,5663955,442399721
903,134189,"shuffle records written",120772,559078,3404746,247163783
903,134190,"shuffle write time",2180457,4817011,43096434,2129167155
903,134191,"duration",229,587,3207,310847
903,134192,"number of output rows",120772,559078,3404746,247163783
903,134193,"spill size",0,0,0,0
903,134195,"duration",251,614,3211,319893
903,134196,"sort time",1,1,61,4433
903,134197,"peak memory",71303168,90186916,268435456,39862665216
903,134198,"spill size",0,0,0,0
903,134202,"duration",229,590,3197,309408
903,134203,"sort time",0,0,0,0
903,134204,"peak memory",67174400,67174400,67174400,29691084800
903,134205,"spill size",0,0,0,0
903,134376,"internal.metrics.executorDeserializeTime",4,4,77,5253
903,134377,"internal.metrics.executorDeserializeCpuTime",4221209,7118126,11439048,3146263287
903,134378,"internal.metrics.executorRunTime",353,882,4513,439737
903,134379,"internal.metrics.executorCpuTime",325046135,876374449,4060202536,387357554316
903,134380,"internal.metrics.resultSize",18871,18871,18917,8347386
903,134381,"internal.metrics.jvmGCTime",12,19,128,5499
903,134385,"internal.metrics.peakExecutionMemory",207683584,251344094,671154176,111094136832
903,134387,"internal.metrics.shuffle.read.remoteBlocksFetched",797,1324,3989,638596
903,134388,"internal.metrics.shuffle.read.localBlocksFetched",2,2,32,3710
903,134389,"internal.metrics.shuffle.read.remoteBytesRead",996164,3346975,21172352,1479412109
903,134390,"internal.metrics.shuffle.read.remoteBytesReadToDisk",0,0,0,0
903,134391,"internal.metrics.shuffle.read.localBytesRead",4073,18951,135139,8426072
903,134392,"internal.metrics.shuffle.read.fetchWaitTime",0,0,21,181
903,134393,"internal.metrics.shuffle.read.recordsRead",120779,559089,3404757,247168783
903,134394,"internal.metrics.shuffle.push.read.corruptMergedBlockChunks",0,0,0,0
903,134395,"internal.metrics.shuffle.push.read.mergedFetchFallbackCount",0,0,0,0
903,134396,"internal.metrics.shuffle.push.read.remoteMergedBlocksFetched",0,0,0,0
903,134397,"internal.metrics.shuffle.push.read.localMergedBlocksFetched",0,0,0,0
903,134398,"internal.metrics.shuffle.push.read.remoteMergedChunksFetched",0,0,0,0
903,134399,"internal.metrics.shuffle.push.read.localMergedChunksFetched",0,0,0,0
903,134400,"internal.metrics.shuffle.push.read.remoteMergedBytesRead",0,0,0,0
903,134401,"internal.metrics.shuffle.push.read.localMergedBytesRead",0,0,0,0
903,134402,"internal.metrics.shuffle.read.remoteReqsDuration",1214,5659,17253,2549965
903,134403,"internal.metrics.shuffle.push.read.remoteMergedReqsDuration",0,0,0,0
903,134404,"internal.metrics.shuffle.write.bytesWritten",269650,1000793,5663955,442399721
903,134405,"internal.metrics.shuffle.write.recordsWritten",120772,559078,3404746,247163783
903,134406,"internal.metrics.shuffle.write.writeTime",2180457,4817011,43096434,2129167155
907,117889,"remote blocks read",1,1,17,22563
907,117890,"local blocks read",1,1,3,967
907,117891,"remote bytes read",75,652,1275,1702915
907,117893,"local bytes read",74,75,241,73445
907,117894,"fetch wait time",0,0,0,0
907,117895,"records read",2,2,17,25000
907,117904,"remote reqs duration",7,164,1961,827989
907,130753,"remote blocks read",793,1309,3184,633999
907,130754,"local blocks read",4,4,24,3601
907,130755,"remote bytes read",1137625,7445722,43445911,3298503912
907,130757,"local bytes read",5850,42709,272888,18970518
907,130758,"fetch wait time",0,0,54,186
907,130759,"records read",69041,557826,3404746,247163783
907,130768,"remote reqs duration",1493,6461,24952,2912492
907,134665,"data size",4142576,33475743,204274544,14829804296
907,134684,"shuffle bytes written",897632,6620043,39862115,2932729898
907,134685,"shuffle records written",69041,557826,3404746,247163783
907,134686,"shuffle write time",2514196,8479545,35423377,3756486614
907,134687,"duration",154,634,3691,327420
907,134688,"number of output rows",69041,557826,3404746,247163783
907,134689,"spill size",0,0,0,0
907,134691,"duration",158,655,3753,338173
907,134692,"sort time",0,0,73,4187
907,134693,"peak memory",71303168,105311948,402653184,46653243392
907,134694,"spill size",0,0,0,0
907,134698,"duration",145,628,3702,325726
907,134699,"sort time",0,0,0,0
907,134700,"peak memory",67174400,67174400,67174400,29758259200
907,134701,"spill size",0,0,0,0
907,134900,"internal.metrics.executorDeserializeTime",3,3,96,5822
907,134901,"internal.metrics.executorDeserializeCpuTime",3613240,7228414,11633445,3202236993
907,134902,"internal.metrics.executorRunTime",269,995,5469,490323
907,134903,"internal.metrics.executorCpuTime",231610587,994696451,4869066098,440650576647
907,134904,"internal.metrics.resultSize",18871,18871,18959,8367476
907,134905,"internal.metrics.jvmGCTime",12,18,190,6747
907,134906,"internal.metrics.resultSerializationTime",4,4,4,4
907,134909,"internal.metrics.peakExecutionMemory",207683584,266574150,805371904,118092398592
907,134911,"internal.metrics.shuffle.read.remoteBlocksFetched",796,1321,3198,638465
907,134912,"internal.metrics.shuffle.read.localBlocksFetched",4,4,25,3841
907,134913,"internal.metrics.shuffle.read.remoteBytesRead",1137849,7446485,43446736,3298840944
907,134914,"internal.metrics.shuffle.read.remoteBytesReadToDisk",0,0,0,0
907,134915,"internal.metrics.shuffle.read.localBytesRead",5925,42753,273038,18988758
907,134916,"internal.metrics.shuffle.read.fetchWaitTime",0,0,54,186
907,134917,"internal.metrics.shuffle.read.recordsRead",69045,557838,3404757,247168783
907,134918,"internal.metrics.shuffle.push.read.corruptMergedBlockChunks",0,0,0,0
907,134919,"internal.metrics.shuffle.push.read.mergedFetchFallbackCount",0,0,0,0
907,134920,"internal.metrics.shuffle.push.read.remoteMergedBlocksFetched",0,0,0,0
907,134921,"internal.metrics.shuffle.push.read.localMergedBlocksFetched",0,0,0,0
907,134922,"internal.metrics.shuffle.push.read.remoteMergedChunksFetched",0,0,0,0
907,134923,"internal.metrics.shuffle.push.read.localMergedChunksFetched",0,0,0,0
907,134924,"internal.metrics.shuffle.push.read.remoteMergedBytesRead",0,0,0,0
907,134925,"internal.metrics.shuffle.push.read.localMergedBytesRead",0,0,0,0
907,134926,"internal.metrics.shuffle.read.remoteReqsDuration",1500,6743,26913,3038324
907,134927,"internal.metrics.shuffle.push.read.remoteMergedReqsDuration",0,0,0,0
907,134928,"internal.metrics.shuffle.write.bytesWritten",897632,6620043,39862115,2932729898
907,134929,"internal.metrics.shuffle.write.recordsWritten",69041,557826,3404746,247163783
907,134930,"internal.metrics.shuffle.write.writeTime",2514196,8479545,35423377,3756486614
913,117889,"remote blocks read",2,2,17,22548
913,117890,"local blocks read",1,1,1,742
913,117891,"remote bytes read",150,654,1275,1701790
913,117893,"local bytes read",75,75,75,56320
913,117894,"fetch wait time",0,0,0,0
913,117895,"records read",2,2,17,24979
913,117904,"remote reqs duration",18,272,2066,827081
913,131271,"remote blocks read",792,1230,3184,633969
913,131272,"local blocks read",4,4,24,3631
913,131273,"remote bytes read",1088612,6391762,38250278,2972222115
913,131275,"local bytes read",5255,36560,230547,17058405
913,131276,"fetch wait time",0,0,69,453
913,131277,"records read",69041,531421,3404746,247163783
913,131286,"remote reqs duration",1654,8124,26207,3831290
913,135133,"data size",3525808,27154846,173937440,12627057480
913,135152,"shuffle bytes written",875312,6150837,38768881,2860194002
913,135153,"shuffle records written",69041,531421,3404746,247163783
913,135154,"shuffle write time",2853531,7987987,35241415,3714465860
913,135155,"duration",165,567,3137,320356
913,135156,"number of output rows",69041,531421,3404746,247163783
913,135157,"spill size",0,0,0,0
913,135159,"duration",167,586,3192,329853
913,135160,"sort time",0,0,93,4072
913,135161,"peak memory",71303168,103179762,402653184,47978643456
913,135162,"spill size",0,0,0,0
913,135166,"duration",151,564,3146,318467
913,135167,"sort time",0,0,0,0
913,135168,"peak memory",67174400,67174400,67174400,31236096000
913,135169,"spill size",0,0,0,0
913,135312,"internal.metrics.executorDeserializeTime",3,3,131,5887
913,135313,"internal.metrics.executorDeserializeCpuTime",3807774,6735423,12472776,3132025819
913,135314,"internal.metrics.executorRunTime",279,908,4694,476165
913,135315,"internal.metrics.executorCpuTime",250531066,923121107,4446709568,429251368788
913,135316,"internal.metrics.resultSize",18871,18871,18959,8783452
913,135317,"internal.metrics.jvmGCTime",15,16,131,7388
913,135318,"internal.metrics.resultSerializationTime",1,1,1,2
913,135321,"internal.metrics.peakExecutionMemory",207683584,262425897,738263040,122028097536
913,135323,"internal.metrics.shuffle.read.remoteBlocksFetched",795,1240,3201,638674
913,135324,"internal.metrics.shuffle.read.localBlocksFetched",4,4,24,3632
913,135325,"internal.metrics.shuffle.read.remoteBytesRead",1088911,6392522,38250878,2972577312
913,135326,"internal.metrics.shuffle.read.remoteBytesReadToDisk",0,0,0,0
913,135327,"internal.metrics.shuffle.read.localBytesRead",5255,36560,230547,17058480
913,135328,"internal.metrics.shuffle.read.fetchWaitTime",0,0,69,453
913,135329,"internal.metrics.shuffle.read.recordsRead",69045,531431,3404757,247168783
913,135330,"internal.metrics.shuffle.push.read.corruptMergedBlockChunks",0,0,0,0
913,135331,"internal.metrics.shuffle.push.read.mergedFetchFallbackCount",0,0,0,0
913,135332,"internal.metrics.shuffle.push.read.remoteMergedBlocksFetched",0,0,0,0
913,135333,"internal.metrics.shuffle.push.read.localMergedBlocksFetched",0,0,0,0
913,135334,"internal.metrics.shuffle.push.read.remoteMergedChunksFetched",0,0,0,0
913,135335,"internal.metrics.shuffle.push.read.localMergedChunksFetched",0,0,0,0
913,135336,"internal.metrics.shuffle.push.read.remoteMergedBytesRead",0,0,0,0
913,135337,"internal.metrics.shuffle.push.read.localMergedBytesRead",0,0,0,0
913,135338,"internal.metrics.shuffle.read.remoteReqsDuration",1704,8509,26991,4012822
913,135339,"internal.metrics.shuffle.push.read.remoteMergedReqsDuration",0,0,0,0
913,135340,"internal.metrics.shuffle.write.bytesWritten",875312,6150837,38768881,2860194002
913,135341,"internal.metrics.shuffle.write.recordsWritten",69041,531421,3404746,247163783
913,135342,"internal.metrics.shuffle.write.writeTime",2853531,7987987,35241415,3714465860
917,117889,"remote blocks read",2,2,19,22542
917,117890,"local blocks read",1,1,2,927
917,117891,"remote bytes read",150,698,1425,1701340
917,117893,"local bytes read",75,80,168,70398
917,117894,"fetch wait time",0,0,0,0
917,117895,"records read",2,2,19,24973
917,117904,"remote reqs duration",12,229,1744,826324
917,131705,"remote blocks read",791,1319,3975,633196
917,131706,"local blocks read",3,3,24,3607
917,131707,"remote bytes read",1139974,6205499,37654319,2724259756
917,131709,"local bytes read",4457,35693,362355,15717743
917,131710,"fetch wait time",0,0,56,471
917,131711,"records read",86211,562908,3404746,247163783
917,131720,"remote reqs duration",1293,7194,22813,3205219
917,135517,"data size",2069064,13512263,81713904,5931930792
917,135536,"shuffle bytes written",665672,3889823,23076400,1707679927
917,135537,"shuffle records written",86211,562908,3404746,247163783
917,135538,"shuffle write time",2352466,5518501,22956367,2422668815
917,135539,"duration",150,463,2861,250480
917,135540,"number of output rows",86211,562908,3404746,247163783
917,135541,"spill size",0,0,0,0
917,135543,"duration",159,486,2920,260339
917,135544,"sort time",0,0,64,3942
917,135545,"peak memory",71303168,90373290,268435456,39673921536
917,135546,"spill size",0,0,0,0
917,135550,"duration",154,463,2862,250870
917,135551,"sort time",0,0,0,0
917,135552,"peak memory",67174400,67174400,67174400,29489561600
917,135553,"spill size",0,0,0,0
917,135668,"internal.metrics.executorDeserializeTime",4,4,70,5573
917,135669,"internal.metrics.executorDeserializeCpuTime",3982417,7689867,12432972,3375900792
917,135670,"internal.metrics.executorRunTime",232,717,4285,363951
917,135671,"internal.metrics.executorCpuTime",219570798,755989413,3936688004,331879399701
917,135672,"internal.metrics.resultSize",18871,18871,18957,8291260
917,135673,"internal.metrics.jvmGCTime",16,19,112,5587
917,135674,"internal.metrics.resultSerializationTime",3,3,3,3
917,135677,"internal.metrics.peakExecutionMemory",207683584,236594562,536936448,103865057280
917,135679,"internal.metrics.shuffle.read.remoteBlocksFetched",796,1331,3989,637872
917,135680,"internal.metrics.shuffle.read.localBlocksFetched",3,3,24,3637
917,135681,"internal.metrics.shuffle.read.remoteBytesRead",1140349,6206296,37655144,2724612752
917,135682,"internal.metrics.shuffle.read.remoteBytesReadToDisk",0,0,0,0
917,135683,"internal.metrics.shuffle.read.localBytesRead",4457,35697,362355,15720019
917,135684,"internal.metrics.shuffle.read.fetchWaitTime",0,0,56,471
917,135685,"internal.metrics.shuffle.read.recordsRead",86216,562919,3404757,247168783
917,135686,"internal.metrics.shuffle.push.read.corruptMergedBlockChunks",0,0,0,0
917,135687,"internal.metrics.shuffle.push.read.mergedFetchFallbackCount",0,0,0,0
917,135688,"internal.metrics.shuffle.push.read.remoteMergedBlocksFetched",0,0,0,0
917,135689,"internal.metrics.shuffle.push.read.localMergedBlocksFetched",0,0,0,0
917,135690,"internal.metrics.shuffle.push.read.remoteMergedChunksFetched",0,0,0,0
917,135691,"internal.metrics.shuffle.push.read.localMergedChunksFetched",0,0,0,0
917,135692,"internal.metrics.shuffle.push.read.remoteMergedBytesRead",0,0,0,0
917,135693,"internal.metrics.shuffle.push.read.localMergedBytesRead",0,0,0,0
917,135694,"internal.metrics.shuffle.read.remoteReqsDuration",1331,7528,23773,3354659
917,135695,"internal.metrics.shuffle.push.read.remoteMergedReqsDuration",0,0,0,0
917,135696,"internal.metrics.shuffle.write.bytesWritten",665672,3889823,23076400,1707679927
917,135697,"internal.metrics.shuffle.write.recordsWritten",86211,562908,3404746,247163783
917,135698,"internal.metrics.shuffle.write.writeTime",2352466,5518501,22956367,2422668815
921,118506,"remote blocks read",1,1,8,414
921,118507,"local blocks read",1,1,9,66
921,118508,"remote bytes read",96,181,698,38955
921,118510,"local bytes read",99,228,765,6015
921,118511,"fetch wait time",0,0,0,0
921,118512,"records read",2,2,9,731
921,118521,"remote reqs duration",0,1,112,2576
921,134171,"remote blocks read",433,1003,3978,211126
921,134172,"local blocks read",1,1,36,1034
921,134173,"remote bytes read",1017900,2201770,7222978,440363975
921,134175,"local bytes read",1128,15390,68228,2035746
921,134176,"fetch wait time",0,0,0,0
921,134177,"records read",675295,1235769,3050297,247163783
921,134186,"remote reqs duration",457,4404,11095,890717
921,135895,"data size",864,2538,5184,517536
921,135914,"shuffle bytes written",1598,4683,9550,947000
921,135915,"shuffle records written",14,25,84,8386
921,135916,"shuffle write time",73169,247322,1853864,49475446
921,135917,"duration",242,881,2342,186243
921,135918,"number of output rows",14,25,84,8386
921,135919,"peak memory",262144,262144,262144,52428800
921,135921,"time in aggregation build",240,851,2303,179903
921,135924,"number of output rows",675295,1235769,3050297,247163783
921,135925,"spill size",0,0,0,0
921,135927,"duration",244,979,2458,205120
921,135928,"sort time",4,4,111,4219
921,135929,"peak memory",100663296,148142763,335544320,29628563456
921,135930,"spill size",0,0,0,0
921,135934,"duration",192,819,2221,172372
921,135935,"sort time",0,0,0,0
921,135936,"peak memory",67174400,67174400,67174400,13434880000
921,135937,"spill size",0,0,0,0
921,136074,"internal.metrics.executorDeserializeTime",4,4,139,5705
921,136075,"internal.metrics.executorDeserializeCpuTime",4110332,8383997,16014449,1676809316
921,136076,"internal.metrics.executorRunTime",250,1026,2509,215184
921,136077,"internal.metrics.executorCpuTime",250493628,918084082,2141032901,183616825927
921,136078,"internal.metrics.resultSize",22941,22941,22987,4590809
921,136079,"internal.metrics.jvmGCTime",19,34,170,2569
921,136083,"internal.metrics.peakExecutionMemory",235241472,282720939,470122496,56544198656
921,136085,"internal.metrics.shuffle.read.remoteBlocksFetched",434,1007,3978,211540
921,136086,"internal.metrics.shuffle.read.localBlocksFetched",0,0,36,1100
921,136087,"internal.metrics.shuffle.read.remoteBytesRead",1018325,2201963,7223130,440402930
921,136088,"internal.metrics.shuffle.read.remoteBytesReadToDisk",0,0,0,0
921,136089,"internal.metrics.shuffle.read.localBytesRead",0,10160,68228,2041761
921,136090,"internal.metrics.shuffle.read.fetchWaitTime",0,0,0,0
921,136091,"internal.metrics.shuffle.read.recordsRead",675297,1235772,3050306,247164514
921,136092,"internal.metrics.shuffle.push.read.corruptMergedBlockChunks",0,0,0,0
921,136093,"internal.metrics.shuffle.push.read.mergedFetchFallbackCount",0,0,0,0
921,136094,"internal.metrics.shuffle.push.read.remoteMergedBlocksFetched",0,0,0,0
921,136095,"internal.metrics.shuffle.push.read.localMergedBlocksFetched",0,0,0,0
921,136096,"internal.metrics.shuffle.push.read.remoteMergedChunksFetched",0,0,0,0
921,136097,"internal.metrics.shuffle.push.read.localMergedChunksFetched",0,0,0,0
921,136098,"internal.metrics.shuffle.push.read.remoteMergedBytesRead",0,0,0,0
921,136099,"internal.metrics.shuffle.push.read.localMergedBytesRead",0,0,0,0
921,136100,"internal.metrics.shuffle.read.remoteReqsDuration",457,4415,11152,893293
921,136101,"internal.metrics.shuffle.push.read.remoteMergedReqsDuration",0,0,0,0
921,136102,"internal.metrics.shuffle.write.bytesWritten",1598,4683,9550,947000
921,136103,"internal.metrics.shuffle.write.recordsWritten",14,25,84,8386
921,136104,"internal.metrics.shuffle.write.writeTime",73169,247322,1853864,49475446
926,117918,"remote blocks read",1,1,1,502
926,117919,"local blocks read",1,1,1,18
926,117920,"remote bytes read",74,74,115,39551
926,117922,"local bytes read",75,75,88,1443
926,117923,"fetch wait time",0,0,0,0
926,117924,"records read",1,1,6,782
926,117933,"remote reqs duration",1,5,121,23121
926,132602,"remote blocks read",402,403,417,199052
926,132603,"local blocks read",1,1,15,1108
926,132604,"remote bytes read",4445963,7303652,30866599,3505810427
926,132606,"local bytes read",1986,65350,656531,20674898
926,132607,"fetch wait time",0,0,17,94
926,132608,"records read",336932,514803,2030168,247163783
926,132617,"remote reqs duration",903,5913,11703,2896536
926,136385,"data size",6503040,7641668,16115232,3668056080
926,136404,"shuffle bytes written",1891939,2206194,4528612,1059029488
926,136405,"shuffle records written",135480,159082,335734,76417835
926,136406,"shuffle write time",3979090,8168574,65070263,3920973147
926,136407,"duration",280,894,3409,490454
926,136408,"number of output rows",135480,159082,335734,76417835
926,136409,"peak memory",71303168,71783642,83886080,34456207360
926,136411,"time in aggregation build",238,747,3153,421896
926,136412,"avg hash probes per key",12,12,14,6528
926,136414,"number of output rows",336932,514803,2030168,247163783
926,136415,"spill size",0,0,0,0
926,136417,"duration",242,906,3318,493169
926,136418,"sort time",0,0,46,2235
926,136419,"peak memory",83886080,92344474,201326592,44325404672
926,136420,"spill size",0,0,0,0
926,136424,"duration",104,453,2892,263271
926,136425,"sort time",0,0,0,0
926,136426,"peak memory",67174400,67174400,67174400,32243712000
926,136427,"spill size",0,0,0,0
926,136648,"internal.metrics.executorDeserializeTime",4,9,130,17304
926,136649,"internal.metrics.executorDeserializeCpuTime",4371857,8665179,16948575,4159344080
926,136650,"internal.metrics.executorRunTime",390,1266,3844,657401
926,136651,"internal.metrics.executorCpuTime",388508544,1086499120,3373306392,521519635564
926,136652,"internal.metrics.resultSize",22941,22941,22987,11019066
926,136653,"internal.metrics.jvmGCTime",18,23,170,7399
926,136654,"internal.metrics.resultSerializationTime",1,3,5,6
926,136657,"internal.metrics.peakExecutionMemory",293666816,302640754,427884544,145267621888
926,136659,"internal.metrics.shuffle.read.remoteBlocksFetched",403,404,418,199514
926,136660,"internal.metrics.shuffle.read.localBlocksFetched",0,0,15,1126
926,136661,"internal.metrics.shuffle.read.remoteBytesRead",4446038,7303726,30866714,3505846978
926,136662,"internal.metrics.shuffle.read.remoteBytesReadToDisk",0,0,0,0
926,136663,"internal.metrics.shuffle.read.localBytesRead",0,42958,656531,20676341
926,136664,"internal.metrics.shuffle.read.fetchWaitTime",0,0,17,94
926,136665,"internal.metrics.shuffle.read.recordsRead",336933,514804,2030174,247164514
926,136666,"internal.metrics.shuffle.push.read.corruptMergedBlockChunks",0,0,0,0
926,136667,"internal.metrics.shuffle.push.read.mergedFetchFallbackCount",0,0,0,0
926,136668,"internal.metrics.shuffle.push.read.remoteMergedBlocksFetched",0,0,0,0
926,136669,"internal.metrics.shuffle.push.read.localMergedBlocksFetched",0,0,0,0
926,136670,"internal.metrics.shuffle.push.read.remoteMergedChunksFetched",0,0,0,0
926,136671,"internal.metrics.shuffle.push.read.localMergedChunksFetched",0,0,0,0
926,136672,"internal.metrics.shuffle.push.read.remoteMergedBytesRead",0,0,0,0
926,136673,"internal.metrics.shuffle.push.read.localMergedBytesRead",0,0,0,0
926,136674,"internal.metrics.shuffle.read.remoteReqsDuration",903,5962,11748,2919488
926,136675,"internal.metrics.shuffle.push.read.remoteMergedReqsDuration",0,0,0,0
926,136676,"internal.metrics.shuffle.write.bytesWritten",1891939,2206194,4528612,1059029488
926,136677,"internal.metrics.shuffle.write.recordsWritten",135480,159082,335734,76417835
926,136678,"internal.metrics.shuffle.write.writeTime",3979090,8168574,65070263,3920973147
931,117618,"remote blocks read",1,1,1,948
931,117619,"local blocks read",1,1,1,12
931,117620,"remote bytes read",89,89,180,94386
931,117622,"local bytes read",90,100,126,1228
931,117623,"fetch wait time",0,0,0,0
931,117624,"records read",1,1,6,1462
931,117633,"remote reqs duration",0,14,387,83514
931,133204,"remote blocks read",426,426,434,207155
931,133205,"local blocks read",1,1,8,1165
931,133206,"remote bytes read",15399184,23473666,88022438,11267417540
931,133208,"local bytes read",7760,149435,1324879,61908549
931,133209,"fetch wait time",0,0,301,6015
931,133210,"records read",336932,514802,2030168,247163783
931,133219,"remote reqs duration",3115,17726,43482,8565668
931,136931,"data size",63031192,96335713,379823648,46241199520
931,136950,"shuffle bytes written",17712158,27235655,106833578,13073170113
931,136951,"shuffle records written",336932,514802,2030168,247163783
931,136952,"shuffle write time",11838153,27773913,98714637,13331534794
931,136953,"duration",508,1134,4139,601774
931,136954,"number of output rows",336932,514802,2030168,247163783
931,136955,"spill size",0,0,0,0
931,136957,"duration",553,1220,4368,643652
931,136958,"sort time",0,0,53,2470
931,136959,"peak memory",83886080,125898906,469762048,60431532032
931,136960,"spill size",0,0,0,0
931,136964,"duration",281,744,3818,408176
931,136965,"sort time",0,0,0,0
931,136966,"peak memory",67174400,67174400,67174400,32243712000
931,136967,"spill size",0,0,0,0
931,136971,"internal.metrics.executorDeserializeTime",5,5,348,16646
931,136972,"internal.metrics.executorDeserializeCpuTime",4999883,9608266,15671674,4612025686
931,136973,"internal.metrics.executorRunTime",940,2028,6899,1026947
931,136974,"internal.metrics.executorCpuTime",883128498,1769819960,5974626395,849513639128
931,136975,"internal.metrics.resultSize",22511,22511,22557,10821146
931,136976,"internal.metrics.jvmGCTime",17,19,184,16495
931,136980,"internal.metrics.peakExecutionMemory",226557952,307053514,973144064,147385745408
931,136982,"internal.metrics.shuffle.read.remoteBlocksFetched",427,427,435,207623
931,136983,"internal.metrics.shuffle.read.localBlocksFetched",0,0,8,1177
931,136984,"internal.metrics.shuffle.read.remoteBytesRead",15399274,23473761,88022618,11267464119
931,136985,"internal.metrics.shuffle.read.remoteBytesReadToDisk",0,0,0,0
931,136986,"internal.metrics.shuffle.read.localBytesRead",0,128862,1324879,61909777
931,136987,"internal.metrics.shuffle.read.fetchWaitTime",0,0,301,6015
931,136988,"internal.metrics.shuffle.read.recordsRead",336933,514804,2030174,247164514
931,136989,"internal.metrics.shuffle.push.read.corruptMergedBlockChunks",0,0,0,0
931,136990,"internal.metrics.shuffle.push.read.mergedFetchFallbackCount",0,0,0,0
931,136991,"internal.metrics.shuffle.push.read.remoteMergedBlocksFetched",0,0,0,0
931,136992,"internal.metrics.shuffle.push.read.localMergedBlocksFetched",0,0,0,0
931,136993,"internal.metrics.shuffle.push.read.remoteMergedChunksFetched",0,0,0,0
931,136994,"internal.metrics.shuffle.push.read.localMergedChunksFetched",0,0,0,0
931,136995,"internal.metrics.shuffle.push.read.remoteMergedBytesRead",0,0,0,0
931,136996,"internal.metrics.shuffle.push.read.localMergedBytesRead",0,0,0,0
931,136997,"internal.metrics.shuffle.read.remoteReqsDuration",3127,17821,43575,8610890
931,136998,"internal.metrics.shuffle.push.read.remoteMergedReqsDuration",0,0,0,0
931,136999,"internal.metrics.shuffle.write.bytesWritten",17712158,27235655,106833578,13073170113
931,137000,"internal.metrics.shuffle.write.recordsWritten",336932,514802,2030168,247163783
931,137001,"internal.metrics.shuffle.write.writeTime",11838153,27773913,98714637,13331534794
937,117618,"remote blocks read",1,1,1,947
937,117620,"remote bytes read",89,89,180,94241
937,117623,"fetch wait time",0,0,0,0
937,117624,"records read",1,1,6,1458
937,117633,"remote reqs duration",3,15,369,83407
937,132217,"remote blocks read",417,417,427,203855
937,132218,"local blocks read",1,1,10,1105
937,132219,"remote bytes read",17289976,26740704,102395192,12835592257
937,132221,"local bytes read",7462,182121,946547,65048941
937,132222,"fetch wait time",0,0,207,2481
937,132223,"records read",336932,514802,2030168,247163783
937,132232,"remote reqs duration",2354,9547,31052,4639251
937,137276,"data size",68422104,104574507,412306336,50195820048
937,137295,"shuffle bytes written",20046169,31039052,121974540,14898801352
937,137296,"shuffle records written",336932,514802,2030168,247163783
937,137297,"shuffle write time",16653776,31447518,161924063,15094864483
937,137298,"duration",543,1113,4204,589784
937,137299,"number of output rows",336932,514802,2030168,247163783
937,137300,"spill size",0,0,0,0
937,137302,"duration",545,1158,4248,611933
937,137303,"sort time",0,0,33,2255
937,137304,"peak memory",83886080,125898923,469762048,60431532032
937,137305,"spill size",0,0,0,0
937,137309,"duration",250,691,3727,387748
937,137310,"sort time",0,0,0,0
937,137311,"peak memory",67174400,67174400,67174400,32243712000
937,137312,"spill size",0,0,0,0
937,137569,"internal.metrics.executorDeserializeTime",5,5,380,11809
937,137570,"internal.metrics.executorDeserializeCpuTime",5167636,9481275,15382707,4551067883
937,137571,"internal.metrics.executorRunTime",998,2009,7020,1021993
937,137572,"internal.metrics.executorCpuTime",997904393,1888875246,6263678379,906660175125
937,137573,"internal.metrics.resultSize",22511,22511,22557,10820333
937,137574,"internal.metrics.jvmGCTime",17,17,184,14066
937,137575,"internal.metrics.resultSerializationTime",1,1,3,5
937,137578,"internal.metrics.peakExecutionMemory",293666816,374162404,1040252928,179598000128
937,137580,"internal.metrics.shuffle.read.remoteBlocksFetched",418,418,428,204335
937,137581,"internal.metrics.shuffle.read.localBlocksFetched",0,0,10,1105
937,137582,"internal.metrics.shuffle.read.remoteBytesRead",17290066,26740804,102395372,12835640064
937,137583,"internal.metrics.shuffle.read.remoteBytesReadToDisk",0,0,0,0
937,137584,"internal.metrics.shuffle.read.localBytesRead",0,135402,946547,65048941
937,137585,"internal.metrics.shuffle.read.fetchWaitTime",0,0,207,2481
937,137586,"internal.metrics.shuffle.read.recordsRead",336933,514804,2030174,247164514
937,137587,"internal.metrics.shuffle.push.read.corruptMergedBlockChunks",0,0,0,0
937,137588,"internal.metrics.shuffle.push.read.mergedFetchFallbackCount",0,0,0,0
937,137589,"internal.metrics.shuffle.push.read.remoteMergedBlocksFetched",0,0,0,0
937,137590,"internal.metrics.shuffle.push.read.localMergedBlocksFetched",0,0,0,0
937,137591,"internal.metrics.shuffle.push.read.remoteMergedChunksFetched",0,0,0,0
937,137592,"internal.metrics.shuffle.push.read.localMergedChunksFetched",0,0,0,0
937,137593,"internal.metrics.shuffle.push.read.remoteMergedBytesRead",0,0,0,0
937,137594,"internal.metrics.shuffle.push.read.localMergedBytesRead",0,0,0,0
937,137595,"internal.metrics.shuffle.read.remoteReqsDuration",2357,9625,31124,4677543
937,137596,"internal.metrics.shuffle.push.read.remoteMergedReqsDuration",0,0,0,0
937,137597,"internal.metrics.shuffle.write.bytesWritten",20046169,31039052,121974540,14898801352
937,137598,"internal.metrics.shuffle.write.recordsWritten",336932,514802,2030168,247163783
937,137599,"internal.metrics.shuffle.write.writeTime",16653776,31447518,161924063,15094864483
942,117918,"remote blocks read",1,1,1,1361
942,117919,"local blocks read",1,1,1,28
942,117920,"remote bytes read",74,74,115,107104
942,117922,"local bytes read",75,78,88,2246
942,117923,"fetch wait time",0,0,0,0
942,117924,"records read",1,1,6,2044
942,117933,"remote reqs duration",0,0,85,41140
942,135519,"remote blocks read",430,430,439,209493
942,135520,"local blocks read",1,1,9,1227
942,135521,"remote bytes read",1997790,3536072,16388911,1697370385
942,135523,"local bytes read",943,26682,184977,10309542
942,135524,"fetch wait time",0,0,10,52
942,135525,"records read",336932,514810,2030168,247163783
942,135534,"remote reqs duration",718,2285,8705,1156348
942,137446,"data size",3251520,4976514,19639728,2388783720
942,137465,"shuffle bytes written",978176,1477590,5852732,709297617
942,137466,"shuffle records written",135480,207238,818322,99532655
942,137467,"shuffle write time",3659049,7196716,28681100,3454479852
942,137468,"duration",241,659,3040,374801
942,137469,"number of output rows",135480,207238,818322,99532655
942,137470,"peak memory",71303168,73959437,100663296,35500589056
942,137472,"time in aggregation build",211,543,2790,321789
942,137473,"avg hash probes per key",16,16,16,7680
942,137475,"number of output rows",135480,207238,818322,99532655
942,137476,"peak memory",71303168,73959437,100663296,35500589056
942,137478,"time in aggregation build",187,420,2388,262351
942,137479,"avg hash probes per key",14,14,15,6730
942,137481,"number of output rows",336932,514810,2030168,247163783
942,137482,"spill size",0,0,0,0
942,137484,"duration",191,466,2393,284162
942,137485,"sort time",0,0,34,2288
942,137486,"peak memory",83886080,90946373,134217728,43654316032
942,137487,"spill size",0,0,0,0
942,137491,"duration",99,235,2017,174640
942,137492,"sort time",0,0,0,0
942,137493,"peak memory",67174400,67174400,67174400,32243712000
942,137494,"spill size",0,0,0,0
942,137604,"internal.metrics.executorDeserializeTime",4,4,117,7058
942,137605,"internal.metrics.executorDeserializeCpuTime",4926269,9115099,14207552,4375303482
942,137606,"internal.metrics.executorRunTime",345,882,3501,482998
942,137607,"internal.metrics.executorCpuTime",345038400,883625900,2994926893,424140489277
942,137608,"internal.metrics.resultSize",23277,23277,23323,11178735
942,137609,"internal.metrics.jvmGCTime",17,19,184,4610
942,137613,"internal.metrics.peakExecutionMemory",364969984,379108167,486604800,181971976192
942,137615,"internal.metrics.shuffle.read.remoteBlocksFetched",431,431,440,209963
942,137616,"internal.metrics.shuffle.read.localBlocksFetched",0,0,9,1237
942,137617,"internal.metrics.shuffle.read.remoteBytesRead",1997865,3536148,16389026,1697407576
942,137618,"internal.metrics.shuffle.read.remoteBytesReadToDisk",0,0,0,0
942,137619,"internal.metrics.shuffle.read.localBytesRead",0,21358,184977,10310345
942,137620,"internal.metrics.shuffle.read.fetchWaitTime",0,0,10,52
942,137621,"internal.metrics.shuffle.read.recordsRead",336933,514811,2030174,247164514
942,137622,"internal.metrics.shuffle.push.read.corruptMergedBlockChunks",0,0,0,0
942,137623,"internal.metrics.shuffle.push.read.mergedFetchFallbackCount",0,0,0,0
942,137624,"internal.metrics.shuffle.push.read.remoteMergedBlocksFetched",0,0,0,0
942,137625,"internal.metrics.shuffle.push.read.localMergedBlocksFetched",0,0,0,0
942,137626,"internal.metrics.shuffle.push.read.remoteMergedChunksFetched",0,0,0,0
942,137627,"internal.metrics.shuffle.push.read.localMergedChunksFetched",0,0,0,0
942,137628,"internal.metrics.shuffle.push.read.remoteMergedBytesRead",0,0,0,0
942,137629,"internal.metrics.shuffle.push.read.localMergedBytesRead",0,0,0,0
942,137630,"internal.metrics.shuffle.read.remoteReqsDuration",726,2297,8750,1161627
942,137631,"internal.metrics.shuffle.push.read.remoteMergedReqsDuration",0,0,0,0
942,137632,"internal.metrics.shuffle.write.bytesWritten",978176,1477590,5852732,709297617
942,137633,"internal.metrics.shuffle.write.recordsWritten",135480,207238,818322,99532655
942,137634,"internal.metrics.shuffle.write.writeTime",3659049,7196716,28681100,3454479852
950,118754,"remote blocks read",1,1,1,464
950,118755,"local blocks read",1,1,1,19
950,118756,"remote bytes read",84,84,166,43560
950,118758,"local bytes read",85,91,117,1831
950,118759,"fetch wait time",0,0,0,0
950,118760,"records read",1,1,6,734
950,118769,"remote reqs duration",0,1,155,8974
950,135135,"remote blocks read",458,458,465,222022
950,135136,"local blocks read",1,1,7,1178
950,135137,"remote bytes read",3452390,5927450,26098790,2845230145
950,135139,"local bytes read",1480,44452,370216,14963857
950,135140,"fetch wait time",0,0,44,194
950,135141,"records read",336932,514811,2030168,247163783
950,135150,"remote reqs duration",737,3023,14817,1508152
950,137803,"data size",1824,2767,11520,1384384
950,137822,"shuffle bytes written",3111,4978,19311,2444823
950,137823,"shuffle records written",30,30,189,22708
950,137824,"shuffle write time",116803,316724,6621825,152086885
950,137825,"duration",188,446,2065,272766
950,137826,"number of output rows",30,30,189,22708
950,137827,"peak memory",262144,262144,262144,125829120
950,137829,"time in aggregation build",185,428,1982,263218
950,137832,"number of output rows",336932,514811,2030168,247163783
950,137833,"spill size",0,0,0,0
950,137835,"duration",190,474,2167,288791
950,137836,"sort time",0,0,60,2585
950,137837,"peak memory",83886080,92344474,201326592,44325404672
950,137838,"spill size",0,0,0,0
950,137842,"duration",106,288,2018,198671
950,137843,"sort time",0,0,0,0
950,137844,"peak memory",67174400,67174400,67174400,32243712000
950,137845,"spill size",0,0,0,0
950,138501,"internal.metrics.executorDeserializeTime",4,5,247,7241
950,138502,"internal.metrics.executorDeserializeCpuTime",4489492,8368030,13517464,4016712729
950,138503,"internal.metrics.executorRunTime",198,509,2209,303792
950,138504,"internal.metrics.executorCpuTime",197560024,512825910,1771439963,246156497335
950,138505,"internal.metrics.resultSize",22941,22941,22987,11016122
950,138506,"internal.metrics.jvmGCTime",18,22,86,3387
950,138507,"internal.metrics.resultSerializationTime",1,1,2,3
950,138510,"internal.metrics.peakExecutionMemory",218464256,226922650,335904768,108922929152
950,138512,"internal.metrics.shuffle.read.remoteBlocksFetched",459,459,466,222483
950,138513,"internal.metrics.shuffle.read.localBlocksFetched",0,0,7,1197
950,138514,"internal.metrics.shuffle.read.remoteBytesRead",3452475,5927538,26098956,2845273450
950,138515,"internal.metrics.shuffle.read.remoteBytesReadToDisk",0,0,0,0
950,138516,"internal.metrics.shuffle.read.localBytesRead",0,31060,370216,14965688
950,138517,"internal.metrics.shuffle.read.fetchWaitTime",0,0,44,194
950,138518,"internal.metrics.shuffle.read.recordsRead",336933,514812,2030174,247164514
950,138519,"internal.metrics.shuffle.push.read.corruptMergedBlockChunks",0,0,0,0
950,138520,"internal.metrics.shuffle.push.read.mergedFetchFallbackCount",0,0,0,0
950,138521,"internal.metrics.shuffle.push.read.remoteMergedBlocksFetched",0,0,0,0
950,138522,"internal.metrics.shuffle.push.read.localMergedBlocksFetched",0,0,0,0
950,138523,"internal.metrics.shuffle.push.read.remoteMergedChunksFetched",0,0,0,0
950,138524,"internal.metrics.shuffle.push.read.localMergedChunksFetched",0,0,0,0
950,138525,"internal.metrics.shuffle.push.read.remoteMergedBytesRead",0,0,0,0
950,138526,"internal.metrics.shuffle.push.read.localMergedBytesRead",0,0,0,0
950,138527,"internal.metrics.shuffle.read.remoteReqsDuration",737,3043,14817,1517098
950,138528,"internal.metrics.shuffle.push.read.remoteMergedReqsDuration",0,0,0,0
950,138529,"internal.metrics.shuffle.write.bytesWritten",3111,4978,19311,2444823
950,138530,"internal.metrics.shuffle.write.recordsWritten",30,30,189,22708
950,138531,"internal.metrics.shuffle.write.writeTime",116803,316724,6621825,152086885
953,117918,"remote blocks read",1,1,1,1820
953,117919,"local blocks read",1,1,1,31
953,117920,"remote bytes read",74,74,115,143316
953,117922,"local bytes read",75,77,83,2479
953,117923,"fetch wait time",0,0,0,0
953,117924,"records read",1,1,6,2731
953,117933,"remote reqs duration",0,0,170,52146
953,133561,"remote blocks read",474,476,487,460265
953,133562,"local blocks read",1,1,13,2385
953,133563,"remote bytes read",6075405,9454495,35574961,8816730120
953,133565,"local bytes read",2147,63400,443773,45527234
953,133566,"fetch wait time",0,0,72,901
953,133567,"records read",336932,514802,2030168,479773322
953,133576,"remote reqs duration",1790,4826,16590,4655429
953,138202,"data size",7964464,10654216,23938000,5114081704
953,138221,"shuffle bytes written",2682888,3539196,7761133,1698871297
953,138222,"shuffle records written",144591,193333,434633,92857964
953,138223,"shuffle write time",5229970,9389708,26995444,4507117737
953,138224,"duration",514,992,3183,536293
953,138225,"number of output rows",144591,193333,434633,92857964
953,138226,"peak memory",71303168,73068146,83886080,35072770048
953,138228,"time in aggregation build",447,861,3057,474236
953,138229,"avg hash probes per key",14,14,16,7191
953,138231,"number of output rows",336932,514802,2030168,247163783
953,138232,"spill size",0,0,0,0
953,138234,"duration",453,917,3116,499838
953,138235,"sort time",0,0,107,2666
953,138236,"peak memory",83886080,98496114,268435456,47278194688
953,138237,"spill size",0,0,0,0
953,138241,"duration",165,481,2800,281924
953,138242,"sort time",0,0,0,0
953,138243,"peak memory",67174400,67174400,67174400,32243712000
953,138244,"spill size",0,0,0,0
953,138536,"internal.metrics.executorDeserializeTime",4,4,88,8245
953,138537,"internal.metrics.executorDeserializeCpuTime",4491142,8682180,13330563,4167503111
953,138538,"internal.metrics.executorRunTime",683,1302,3442,681318
953,138539,"internal.metrics.executorCpuTime",668319209,1187718316,3061764662,570104849495
953,138540,"internal.metrics.resultSize",22941,22941,23027,11020647
953,138541,"internal.metrics.jvmGCTime",21,22,95,8587
953,138542,"internal.metrics.resultSerializationTime",1,6,11,12
953,138545,"internal.metrics.peakExecutionMemory",293666816,310505081,494993408,149042495488
953,138547,"internal.metrics.shuffle.read.remoteBlocksFetched",475,477,488,233034
953,138548,"internal.metrics.shuffle.read.localBlocksFetched",0,0,13,1206
953,138549,"internal.metrics.shuffle.read.remoteBytesRead",6075480,9454575,35575076,4538251625
953,138550,"internal.metrics.shuffle.read.remoteBytesReadToDisk",0,0,0,0
953,138551,"internal.metrics.shuffle.read.localBytesRead",0,49084,443773,23618178
953,138552,"internal.metrics.shuffle.read.fetchWaitTime",0,0,72,449
953,138553,"internal.metrics.shuffle.read.recordsRead",336933,514803,2030174,247164514
953,138554,"internal.metrics.shuffle.push.read.corruptMergedBlockChunks",0,0,0,0
953,138555,"internal.metrics.shuffle.push.read.mergedFetchFallbackCount",0,0,0,0
953,138556,"internal.metrics.shuffle.push.read.remoteMergedBlocksFetched",0,0,0,0
953,138557,"internal.metrics.shuffle.push.read.localMergedBlocksFetched",0,0,0,0
953,138558,"internal.metrics.shuffle.push.read.remoteMergedChunksFetched",0,0,0,0
953,138559,"internal.metrics.shuffle.push.read.localMergedChunksFetched",0,0,0,0
953,138560,"internal.metrics.shuffle.push.read.remoteMergedBytesRead",0,0,0,0
953,138561,"internal.metrics.shuffle.push.read.localMergedBytesRead",0,0,0,0
953,138562,"internal.metrics.shuffle.read.remoteReqsDuration",1793,4859,16760,2390738
953,138563,"internal.metrics.shuffle.push.read.remoteMergedReqsDuration",0,0,0,0
953,138564,"internal.metrics.shuffle.write.bytesWritten",2682888,3539196,7761133,1698871297
953,138565,"internal.metrics.shuffle.write.recordsWritten",144591,193333,434633,92857964
953,138566,"internal.metrics.shuffle.write.writeTime",5229970,9389708,26995444,4507117737
954,118754,"remote blocks read",1,1,1,938
954,118755,"local blocks read",1,1,1,22
954,118756,"remote bytes read",84,84,166,88186
954,118758,"local bytes read",85,85,85,2086
954,118759,"fetch wait time",0,0,0,0
954,118760,"records read",1,1,6,1462
954,118769,"remote reqs duration",0,1,140,23053
954,133561,"remote blocks read",474,474,487,465100
954,133562,"local blocks read",1,1,13,2420
954,133563,"remote bytes read",6085541,9454190,35195793,9076283034
954,133565,"local bytes read",2485,62270,625341,47380584
954,133566,"fetch wait time",0,0,73,901
954,133567,"records read",336932,514805,2030168,494327566
954,133576,"remote reqs duration",1272,4813,15144,4743270
954,138257,"data size",10277920,15637130,61955832,7505881408
954,138276,"shuffle bytes written",2768455,4168736,16334660,2001047543
954,138277,"shuffle records written",144591,219885,871674,105605679
954,138278,"shuffle write time",5100969,8676688,20268707,4164864446
954,138279,"duration",350,894,2963,485249
954,138280,"number of output rows",144591,219885,871674,105605679
954,138281,"peak memory",71303168,74099252,167772160,35567697920
954,138283,"time in aggregation build",296,741,2697,409437
954,138284,"avg hash probes per key",14,14,16,7054
954,138286,"number of output rows",336932,514805,2030168,247163783
954,138287,"spill size",0,0,0,0
954,138289,"duration",300,793,2727,437580
954,138290,"sort time",0,0,33,2363
954,138291,"peak memory",83886080,98496127,268435456,47278194688
954,138292,"spill size",0,0,0,0
954,138296,"duration",140,440,2519,261716
954,138297,"sort time",0,0,0,0
954,138298,"peak memory",67174400,67174400,67174400,32243712000
954,138299,"spill size",0,0,0,0
954,138571,"internal.metrics.executorDeserializeTime",4,5,84,8129
954,138572,"internal.metrics.executorDeserializeCpuTime",4643013,8609088,13639765,4132416828
954,138573,"internal.metrics.executorRunTime",488,1179,3416,621427
954,138574,"internal.metrics.executorCpuTime",488160850,1116963760,3129308465,536142661678
954,138575,"internal.metrics.resultSize",22941,22941,22987,11017839
954,138576,"internal.metrics.jvmGCTime",14,21,93,5036
954,138577,"internal.metrics.resultSerializationTime",1,1,1,2
954,138580,"internal.metrics.peakExecutionMemory",293666816,312925560,654376960,150204317696
954,138582,"internal.metrics.shuffle.read.remoteBlocksFetched",475,475,488,233020
954,138583,"internal.metrics.shuffle.read.localBlocksFetched",0,0,13,1220
954,138584,"internal.metrics.shuffle.read.remoteBytesRead",6085626,9454284,35195959,4538114051
954,138585,"internal.metrics.shuffle.read.remoteBytesReadToDisk",0,0,0,0
954,138586,"internal.metrics.shuffle.read.localBytesRead",0,49386,625341,23762894
954,138587,"internal.metrics.shuffle.read.fetchWaitTime",0,0,73,452
954,138588,"internal.metrics.shuffle.read.recordsRead",336933,514806,2030174,247164514
954,138589,"internal.metrics.shuffle.push.read.corruptMergedBlockChunks",0,0,0,0
954,138590,"internal.metrics.shuffle.push.read.mergedFetchFallbackCount",0,0,0,0
954,138591,"internal.metrics.shuffle.push.read.remoteMergedBlocksFetched",0,0,0,0
954,138592,"internal.metrics.shuffle.push.read.localMergedBlocksFetched",0,0,0,0
954,138593,"internal.metrics.shuffle.push.read.remoteMergedChunksFetched",0,0,0,0
954,138594,"internal.metrics.shuffle.push.read.localMergedChunksFetched",0,0,0,0
954,138595,"internal.metrics.shuffle.push.read.remoteMergedBytesRead",0,0,0,0
954,138596,"internal.metrics.shuffle.push.read.localMergedBytesRead",0,0,0,0
954,138597,"internal.metrics.shuffle.read.remoteReqsDuration",1287,4840,15284,2382323
954,138598,"internal.metrics.shuffle.push.read.remoteMergedReqsDuration",0,0,0,0
954,138599,"internal.metrics.shuffle.write.bytesWritten",2768455,4168736,16334660,2001047543
954,138600,"internal.metrics.shuffle.write.recordsWritten",144591,219885,871674,105605679
954,138601,"internal.metrics.shuffle.write.writeTime",5100969,8676688,20268707,4164864446
959,117918,"remote blocks read",1,1,1,1885
959,117919,"local blocks read",1,1,1,35
959,117920,"remote bytes read",74,74,115,149189
959,117922,"local bytes read",75,77,83,2787
959,117923,"fetch wait time",0,0,0,0
959,117924,"records read",1,1,6,2924
959,117933,"remote reqs duration",0,0,99,54641
959,134667,"remote blocks read",435,435,443,211414
959,134668,"local blocks read",1,1,8,1226
959,134669,"remote bytes read",3704017,6073663,25488354,2915413197
959,134671,"local bytes read",2196,41028,298971,17316701
959,134672,"fetch wait time",0,0,42,117
959,134673,"records read",336932,514803,2030168,247163783
959,134682,"remote reqs duration",1007,3981,14708,1970253
959,138826,"data size",11039128,13136384,20392408,6305522152
959,138845,"shuffle bytes written",2391361,2805860,4217825,1346870875
959,138846,"shuffle records written",209825,248986,385484,119570384
959,138847,"shuffle write time",4158167,5503285,34281816,2641633726
959,138848,"duration",383,787,2310,437338
959,138849,"number of output rows",209825,248986,385484,119570384
959,138850,"peak memory",75497472,76423660,83886080,36683382784
959,138852,"time in aggregation build",319,686,2213,389524
959,138853,"avg hash probes per key",13,13,15,7008
959,138855,"number of output rows",336932,514803,2030168,247163783
959,138856,"spill size",0,0,0,0
959,138858,"duration",324,731,2311,410102
959,138859,"sort time",0,0,73,2212
959,138860,"peak memory",83886080,92344485,201326592,44325404672
959,138861,"spill size",0,0,0,0
959,138865,"duration",126,362,2095,229495
959,138866,"sort time",0,0,0,0
959,138867,"peak memory",67174400,67174400,67174400,32243712000
959,138868,"spill size",0,0,0,0
959,139033,"internal.metrics.executorDeserializeTime",5,5,144,7270
959,139034,"internal.metrics.executorDeserializeCpuTime",4962977,8352043,12818074,4009038448
959,139035,"internal.metrics.executorRunTime",524,1006,2643,542023
959,139036,"internal.metrics.executorCpuTime",503678976,1026922451,2504736225,492922831462
959,139037,"internal.metrics.resultSize",22941,22941,22987,11017105
959,139038,"internal.metrics.jvmGCTime",9,11,57,3226
959,139042,"internal.metrics.peakExecutionMemory",297861120,308836106,427884544,148241383424
959,139044,"internal.metrics.shuffle.read.remoteBlocksFetched",436,436,444,211890
959,139045,"internal.metrics.shuffle.read.localBlocksFetched",0,0,8,1230
959,139046,"internal.metrics.shuffle.read.remoteBytesRead",3704092,6073742,25488469,2915450883
959,139047,"internal.metrics.shuffle.read.remoteBytesReadToDisk",0,0,0,0
959,139048,"internal.metrics.shuffle.read.localBytesRead",0,35964,298971,17317009
959,139049,"internal.metrics.shuffle.read.fetchWaitTime",0,0,42,117
959,139050,"internal.metrics.shuffle.read.recordsRead",336933,514805,2030174,247164514
959,139051,"internal.metrics.shuffle.push.read.corruptMergedBlockChunks",0,0,0,0
959,139052,"internal.metrics.shuffle.push.read.mergedFetchFallbackCount",0,0,0,0
959,139053,"internal.metrics.shuffle.push.read.remoteMergedBlocksFetched",0,0,0,0
959,139054,"internal.metrics.shuffle.push.read.localMergedBlocksFetched",0,0,0,0
959,139055,"internal.metrics.shuffle.push.read.remoteMergedChunksFetched",0,0,0,0
959,139056,"internal.metrics.shuffle.push.read.localMergedChunksFetched",0,0,0,0
959,139057,"internal.metrics.shuffle.push.read.remoteMergedBytesRead",0,0,0,0
959,139058,"internal.metrics.shuffle.push.read.localMergedBytesRead",0,0,0,0
959,139059,"internal.metrics.shuffle.read.remoteReqsDuration",1010,4005,14807,1980979
959,139060,"internal.metrics.shuffle.push.read.remoteMergedReqsDuration",0,0,0,0
959,139061,"internal.metrics.shuffle.write.bytesWritten",2391361,2805860,4217825,1346870875
959,139062,"internal.metrics.shuffle.write.recordsWritten",209825,248986,385484,119570384
959,139063,"internal.metrics.shuffle.write.writeTime",4158167,5503285,34281816,2641633726
971,136387,"remote blocks read",462,473,480,666848
971,136388,"local blocks read",2,2,18,3712
971,136389,"remote bytes read",1110848,1316226,1524782,1838422853
971,136391,"local bytes read",4118,7355,56072,10232818
971,136392,"fetch wait time",0,0,0,0
971,136393,"records read",81397,95320,110504,133347861
971,136402,"remote reqs duration",4339,44292,71270,45315365
971,137278,"remote blocks read",474,474,480,381887
971,137279,"local blocks read",1,1,6,2113
971,137280,"remote bytes read",14511075,18521055,22736531,14817003453
971,137282,"local bytes read",21089,106184,291596,81797899
971,137283,"fetch wait time",0,0,321,18939
971,137284,"records read",243575,308768,378310,247163783
971,137293,"remote reqs duration",3725,36752,69053,29562509
971,139310,"data size",45573344,57801307,70780744,46241199520
971,139329,"shuffle bytes written",14897274,18779699,22874312,15023921599
971,139330,"shuffle records written",243575,308768,378310,247163783
971,139331,"shuffle write time",12161694,22272895,75527065,17818475712
971,139332,"duration",961,1291,2442,1191366
971,139333,"number of output rows",243575,308768,378310,247163783
971,139334,"spill size",0,0,0,0
971,139336,"duration",965,1435,2763,1331467
971,139337,"sort time",156,185,578,235942
971,139338,"peak memory",75497472,93952209,150994944,75161927680
971,139339,"spill size",0,0,0,0
971,139340,"duration",962,1341,2523,1236583
971,139341,"sort time",0,0,12,54
971,139342,"peak memory",67174400,67174400,67174400,53739520000
971,139343,"spill size",0,0,0,0
971,139344,"number of output rows",2311,2412,2672,2000000
971,139345,"peak memory",262144,23498389,67371008,18798870528
971,139347,"time in aggregation build",58,75,276,119931
971,139348,"avg hash probes per key",10,10,10,2770
971,139350,"internal.metrics.executorDeserializeTime",7,9,233,32381
971,139351,"internal.metrics.executorDeserializeCpuTime",7703223,14298262,30378683,11438765748
971,139352,"internal.metrics.executorRunTime",1358,2013,3313,1817768
971,139353,"internal.metrics.executorCpuTime",1278141382,1789946722,2505414946,1431957540447
971,139354,"internal.metrics.resultSize",43381,43381,43470,34729211
971,139355,"internal.metrics.jvmGCTime",14,16,168,23629
971,139356,"internal.metrics.resultSerializationTime",1,2,20,42
971,139359,"internal.metrics.peakExecutionMemory",214237184,264715436,428146688,211772506112
971,139361,"internal.metrics.shuffle.read.remoteBlocksFetched",940,947,960,763745
971,139362,"internal.metrics.shuffle.read.localBlocksFetched",0,0,20,4255
971,139363,"internal.metrics.shuffle.read.remoteBytesRead",15621923,19837476,24261313,15870139772
971,139364,"internal.metrics.shuffle.read.remoteBytesReadToDisk",0,0,0,0
971,139365,"internal.metrics.shuffle.read.localBytesRead",0,109419,301184,87691068
971,139366,"internal.metrics.shuffle.read.fetchWaitTime",0,0,321,18939
971,139367,"internal.metrics.shuffle.read.recordsRead",324972,404281,488219,323581618
971,139368,"internal.metrics.shuffle.push.read.corruptMergedBlockChunks",0,0,0,0
971,139369,"internal.metrics.shuffle.push.read.mergedFetchFallbackCount",0,0,0,0
971,139370,"internal.metrics.shuffle.push.read.remoteMergedBlocksFetched",0,0,0,0
971,139371,"internal.metrics.shuffle.push.read.localMergedBlocksFetched",0,0,0,0
971,139372,"internal.metrics.shuffle.push.read.remoteMergedChunksFetched",0,0,0,0
971,139373,"internal.metrics.shuffle.push.read.localMergedChunksFetched",0,0,0,0
971,139374,"internal.metrics.shuffle.push.read.remoteMergedBytesRead",0,0,0,0
971,139375,"internal.metrics.shuffle.push.read.localMergedBytesRead",0,0,0,0
971,139376,"internal.metrics.shuffle.read.remoteReqsDuration",8064,81237,132138,65151062
971,139377,"internal.metrics.shuffle.push.read.remoteMergedReqsDuration",0,0,0,0
971,139378,"internal.metrics.shuffle.write.bytesWritten",14897274,18779699,22874312,15023921599
971,139379,"internal.metrics.shuffle.write.recordsWritten",243575,308768,378310,247163783
971,139380,"internal.metrics.shuffle.write.writeTime",12161694,22272895,75527065,17818475712
976,136387,"remote blocks read",462,473,480,763702
976,136388,"local blocks read",2,2,18,4298
976,136389,"remote bytes read",1112426,1316147,1521338,2106215523
976,136391,"local bytes read",3979,7396,54793,11843453
976,136392,"fetch wait time",0,0,0,0
976,136393,"records read",81397,95328,110504,152835670
976,136402,"remote reqs duration",3249,14845,44730,47624120
976,136933,"remote blocks read",468,471,480,381873
976,136934,"local blocks read",1,1,12,2127
976,136935,"remote bytes read",12736728,16251886,20006964,13001667690
976,136937,"local bytes read",17431,91832,498871,71502423
976,136938,"fetch wait time",0,0,454,40491
976,136939,"records read",243575,308760,378310,247163783
976,136948,"remote reqs duration",3620,13807,48970,11208441
976,139605,"data size",41676144,52858023,64727784,42286578992
976,139624,"shuffle bytes written",13140501,16560883,20160363,13248869382
976,139625,"shuffle records written",243575,308760,378310,247163783
976,139626,"shuffle write time",9833566,16344916,38675787,13076099376
976,139627,"duration",650,1046,1949,1010956
976,139628,"number of output rows",243575,308760,378310,247163783
976,139629,"spill size",0,0,0,0
976,139631,"duration",660,1110,1986,1058785
976,139632,"sort time",135,155,429,197327
976,139633,"peak memory",75497472,78349400,150994944,62679678976
976,139634,"spill size",0,0,0,0
976,139635,"duration",652,1058,1957,1024023
976,139636,"sort time",0,0,5,30
976,139637,"peak memory",67174400,67174400,67174400,53739520000
976,139638,"spill size",0,0,0,0
976,139639,"number of output rows",2311,2414,2672,2000000
976,139640,"peak memory",262144,22407875,67371008,17926455296
976,139642,"time in aggregation build",52,52,216,90590
976,139643,"avg hash probes per key",10,10,10,2640
976,139645,"internal.metrics.executorDeserializeTime",7,7,240,23874
976,139646,"internal.metrics.executorDeserializeCpuTime",7451363,15039029,22888493,12031384035
976,139647,"internal.metrics.executorRunTime",942,1589,2498,1424026
976,139648,"internal.metrics.executorCpuTime",914149484,1528171778,2093564848,1222537584653
976,139649,"internal.metrics.resultSize",39741,39741,39787,31810063
976,139650,"internal.metrics.jvmGCTime",9,12,118,13656
976,139651,"internal.metrics.resultSerializationTime",1,1,1,1
976,139654,"internal.metrics.peakExecutionMemory",214237184,243492260,361037824,194793963520
976,139656,"internal.metrics.shuffle.read.remoteBlocksFetched",940,944,959,763717
976,139657,"internal.metrics.shuffle.read.localBlocksFetched",1,1,20,4283
976,139658,"internal.metrics.shuffle.read.remoteBytesRead",13849154,17568236,21528302,14054746894
976,139659,"internal.metrics.shuffle.read.remoteBytesReadToDisk",0,0,0,0
976,139660,"internal.metrics.shuffle.read.localBytesRead",6569,96621,498871,77452707
976,139661,"internal.metrics.shuffle.read.fetchWaitTime",0,0,454,40491
976,139662,"internal.metrics.shuffle.read.recordsRead",324972,404275,488219,323581618
976,139663,"internal.metrics.shuffle.push.read.corruptMergedBlockChunks",0,0,0,0
976,139664,"internal.metrics.shuffle.push.read.mergedFetchFallbackCount",0,0,0,0
976,139665,"internal.metrics.shuffle.push.read.remoteMergedBlocksFetched",0,0,0,0
976,139666,"internal.metrics.shuffle.push.read.localMergedBlocksFetched",0,0,0,0
976,139667,"internal.metrics.shuffle.push.read.remoteMergedChunksFetched",0,0,0,0
976,139668,"internal.metrics.shuffle.push.read.localMergedChunksFetched",0,0,0,0
976,139669,"internal.metrics.shuffle.push.read.remoteMergedBytesRead",0,0,0,0
976,139670,"internal.metrics.shuffle.push.read.localMergedBytesRead",0,0,0,0
976,139671,"internal.metrics.shuffle.read.remoteReqsDuration",7598,28849,82091,23244008
976,139672,"internal.metrics.shuffle.push.read.remoteMergedReqsDuration",0,0,0,0
976,139673,"internal.metrics.shuffle.write.bytesWritten",13140501,16560883,20160363,13248869382
976,139674,"internal.metrics.shuffle.write.recordsWritten",243575,308760,378310,247163783
976,139675,"internal.metrics.shuffle.write.writeTime",9833566,16344916,38675787,13076099376
990,138204,"remote blocks read",476,476,480,657734
990,138205,"local blocks read",1,1,4,3706
990,138206,"remote bytes read",1888843,2111483,2359302,2905809504
990,138208,"local bytes read",2705,11913,24411,16380943
990,138209,"fetch wait time",0,0,0,5
990,138210,"records read",103062,115881,129404,159705600
990,138219,"remote reqs duration",3597,48524,82570,46297268
990,139312,"remote blocks read",792,792,796,636388
990,139313,"local blocks read",4,4,8,3612
990,139314,"remote bytes read",9219291,18673664,33110231,14939094573
990,139316,"local bytes read",47064,105829,281708,84827026
990,139317,"fetch wait time",0,0,223,3132
990,139318,"records read",138789,308755,551624,247163783
990,139327,"remote reqs duration",2849,40644,80711,32682431
990,139894,"data size",25946704,57801291,104688680,46241199520
990,139913,"shuffle bytes written",9828262,17787171,28939240,14229898043
990,139914,"shuffle records written",138789,308755,551624,247163783
990,139915,"shuffle write time",10267691,22808178,92104940,18246702194
990,139916,"duration",616,1249,2292,1172089
990,139917,"number of output rows",138789,308755,551624,247163783
990,139918,"spill size",0,0,0,0
990,139920,"duration",621,1398,2463,1298263
990,139921,"sort time",98,139,551,206783
990,139922,"peak memory",71303168,99640732,150994944,79712747520
990,139923,"spill size",0,0,0,0
990,139924,"duration",617,1289,2340,1202166
990,139925,"sort time",0,0,1,1
990,139926,"peak memory",67174400,67174400,67174400,53739520000
990,139927,"spill size",0,0,0,0
990,139928,"number of output rows",555,573,693,500000
990,139929,"peak memory",262144,513614,67371008,411041792
990,139931,"time in aggregation build",69,83,286,111417
990,139932,"avg hash probes per key",10,10,10,30
990,139934,"internal.metrics.executorDeserializeTime",10,11,359,42643
990,139935,"internal.metrics.executorDeserializeCpuTime",9411923,17680802,36063153,14144802662
990,139936,"internal.metrics.executorRunTime",902,2093,3461,1792450
990,139937,"internal.metrics.executorCpuTime",871819706,1758327342,2735671944,1406662033600
990,139938,"internal.metrics.resultSize",57213,57213,57301,45794844
990,139939,"internal.metrics.jvmGCTime",19,19,112,21755
990,139940,"internal.metrics.resultSerializationTime",1,1,4,6
990,139943,"internal.metrics.peakExecutionMemory",210042880,266193929,428146688,212955299840
990,139945,"internal.metrics.shuffle.read.remoteBlocksFetched",1268,1268,1276,1018235
990,139946,"internal.metrics.shuffle.read.localBlocksFetched",4,4,12,5765
990,139947,"internal.metrics.shuffle.read.remoteBytesRead",11122585,20785348,35239628,16628440274
990,139948,"internal.metrics.shuffle.read.remoteBytesReadToDisk",0,0,0,0
990,139949,"internal.metrics.shuffle.read.localBytesRead",51253,117738,301871,94352622
990,139950,"internal.metrics.shuffle.read.fetchWaitTime",0,0,223,3132
990,139951,"internal.metrics.shuffle.read.recordsRead",242065,424824,671015,340021747
990,139952,"internal.metrics.shuffle.push.read.corruptMergedBlockChunks",0,0,0,0
990,139953,"internal.metrics.shuffle.push.read.mergedFetchFallbackCount",0,0,0,0
990,139954,"internal.metrics.shuffle.push.read.remoteMergedBlocksFetched",0,0,0,0
990,139955,"internal.metrics.shuffle.push.read.localMergedBlocksFetched",0,0,0,0
990,139956,"internal.metrics.shuffle.push.read.remoteMergedChunksFetched",0,0,0,0
990,139957,"internal.metrics.shuffle.push.read.localMergedChunksFetched",0,0,0,0
990,139958,"internal.metrics.shuffle.push.read.remoteMergedBytesRead",0,0,0,0
990,139959,"internal.metrics.shuffle.push.read.localMergedBytesRead",0,0,0,0
990,139960,"internal.metrics.shuffle.read.remoteReqsDuration",6446,89378,157613,71661344
990,139961,"internal.metrics.shuffle.push.read.remoteMergedReqsDuration",0,0,0,0
990,139962,"internal.metrics.shuffle.write.bytesWritten",9828262,17787171,28939240,14229898043
990,139963,"internal.metrics.shuffle.write.recordsWritten",138789,308755,551624,247163783
990,139964,"internal.metrics.shuffle.write.writeTime",10267691,22808178,92104940,18246702194
996,138204,"remote blocks read",476,476,480,763688
996,138205,"local blocks read",1,1,4,4312
996,138206,"remote bytes read",1883332,2111519,2359020,3378713345
996,138208,"local bytes read",3014,11861,25933,19029249
996,138209,"fetch wait time",0,0,2,5
996,138210,"records read",103062,115893,129404,185715928
996,138219,"remote reqs duration",2354,12647,36595,49256205
996,139607,"remote blocks read",792,792,797,636412
996,139608,"local blocks read",3,3,8,3588
996,139609,"remote bytes read",8141833,16467710,28861145,13174328786
996,139611,"local bytes read",32946,92972,283824,74540596
996,139612,"fetch wait time",0,0,64,897
996,139613,"records read",138789,308758,551624,247163783
996,139622,"remote reqs duration",3169,11943,34486,9715810
996,140161,"data size",23726080,52858021,95864792,42286578992
996,140180,"shuffle bytes written",8788408,15848999,25558416,12679353883
996,140181,"shuffle records written",138789,308758,551624,247163783
996,140182,"shuffle write time",7778594,15136036,39758942,12108988960
996,140183,"duration",468,1091,2193,1033112
996,140184,"number of output rows",138789,308758,551624,247163783
996,140185,"spill size",0,0,0,0
996,140187,"duration",472,1133,2316,1068258
996,140188,"sort time",93,145,505,212831
996,140189,"peak memory",71303168,93013732,150994944,74411147264
996,140190,"spill size",0,0,0,0
996,140191,"duration",468,1099,2210,1041770
996,140192,"sort time",0,0,16,27
996,140193,"peak memory",67174400,67174400,67174400,53739520000
996,140194,"spill size",0,0,0,0
996,140195,"number of output rows",555,574,693,500000
996,140196,"peak memory",262144,513609,67371008,411041792
996,140198,"time in aggregation build",59,61,335,110147
996,140199,"avg hash probes per key",10,10,10,30
996,140201,"internal.metrics.executorDeserializeTime",9,9,142,24003
996,140202,"internal.metrics.executorDeserializeCpuTime",9918495,18894713,30131951,15115925803
996,140203,"internal.metrics.executorRunTime",688,1555,2923,1406898
996,140204,"internal.metrics.executorCpuTime",688482970,1554205498,2514587094,1243364555415
996,140205,"internal.metrics.resultSize",53573,53573,53662,42875963
996,140206,"internal.metrics.jvmGCTime",11,11,81,12793
996,140207,"internal.metrics.resultSerializationTime",3,14,26,29
996,140210,"internal.metrics.peakExecutionMemory",210042880,249584474,428146688,199667744768
996,140212,"internal.metrics.shuffle.read.remoteBlocksFetched",1268,1268,1276,1018253
996,140213,"internal.metrics.shuffle.read.localBlocksFetched",4,4,12,5747
996,140214,"internal.metrics.shuffle.read.remoteBytesRead",10048492,18579417,30983957,14863696430
996,140215,"internal.metrics.shuffle.read.remoteBytesReadToDisk",0,0,0,0
996,140216,"internal.metrics.shuffle.read.localBytesRead",45810,104852,296796,84044249
996,140217,"internal.metrics.shuffle.read.fetchWaitTime",0,0,64,902
996,140218,"internal.metrics.shuffle.read.recordsRead",242065,424832,671015,340021747
996,140219,"internal.metrics.shuffle.push.read.corruptMergedBlockChunks",0,0,0,0
996,140220,"internal.metrics.shuffle.push.read.mergedFetchFallbackCount",0,0,0,0
996,140221,"internal.metrics.shuffle.push.read.remoteMergedBlocksFetched",0,0,0,0
996,140222,"internal.metrics.shuffle.push.read.localMergedBlocksFetched",0,0,0,0
996,140223,"internal.metrics.shuffle.push.read.remoteMergedChunksFetched",0,0,0,0
996,140224,"internal.metrics.shuffle.push.read.localMergedChunksFetched",0,0,0,0
996,140225,"internal.metrics.shuffle.push.read.remoteMergedBytesRead",0,0,0,0
996,140226,"internal.metrics.shuffle.push.read.localMergedBytesRead",0,0,0,0
996,140227,"internal.metrics.shuffle.read.remoteReqsDuration",6897,24792,71081,19993102
996,140228,"internal.metrics.shuffle.push.read.remoteMergedReqsDuration",0,0,0,0
996,140229,"internal.metrics.shuffle.write.bytesWritten",8788408,15848999,25558416,12679353883
996,140230,"internal.metrics.shuffle.write.recordsWritten",138789,308758,551624,247163783
996,140231,"internal.metrics.shuffle.write.writeTime",7778594,15136036,39758942,12108988960
1010,138828,"remote blocks read",474,474,480,489735
1010,138829,"local blocks read",1,1,6,2745
1010,138830,"remote bytes read",1413603,1673949,1939780,1709575124
1010,138832,"local bytes read",2646,9614,24240,9616464
1010,138833,"fetch wait time",0,0,3,4
1010,138834,"records read",126393,149256,172723,152555327
1010,138843,"remote reqs duration",5181,44143,75048,40206779
1010,139896,"remote blocks read",792,792,796,636388
1010,139897,"local blocks read",4,4,8,3612
1010,139898,"remote bytes read",15055904,17686635,20777133,14149466861
1010,139900,"local bytes read",67690,100341,184940,80431182
1010,139901,"fetch wait time",0,0,31,113
1010,139902,"records read",261303,308754,365465,247163783
1010,139911,"remote reqs duration",4512,39245,77268,31556947
1010,140422,"data size",46811224,55329657,65360048,44263889256
1010,140441,"shuffle bytes written",12668018,14910582,17622585,11928625902
1010,140442,"shuffle records written",261303,308754,365465,247163783
1010,140443,"shuffle write time",6863793,13738085,65675784,10990622818
1010,140444,"duration",1019,1264,1848,1159952
1010,140445,"number of output rows",261303,308754,365465,247163783
1010,140446,"spill size",0,0,0,0
1010,140448,"duration",1024,1431,2119,1298210
1010,140449,"sort time",163,182,545,229080
1010,140450,"peak memory",75497472,75874788,150994944,60699967488
1010,140451,"spill size",0,0,0,0
1010,140452,"duration",1019,1299,1878,1187707
1010,140453,"sort time",0,0,4,6
1010,140454,"peak memory",67174400,67174400,67174400,53739520000
1010,140455,"spill size",0,0,0,0
1010,140456,"number of output rows",417,452,574,400000
1010,140457,"peak memory",262144,513667,67371008,411041792
1010,140459,"time in aggregation build",67,86,319,122398
1010,140460,"avg hash probes per key",10,10,10,30
1010,140462,"internal.metrics.executorDeserializeTime",11,14,268,46001
1010,140463,"internal.metrics.executorDeserializeCpuTime",11455150,21352738,40425372,17082355332
1010,140464,"internal.metrics.executorRunTime",1307,1806,2858,1656026
1010,140465,"internal.metrics.executorCpuTime",1227912471,1621179871,2058341040,1296944054153
1010,140466,"internal.metrics.resultSize",69141,69141,69229,55334008
1010,140467,"internal.metrics.jvmGCTime",16,16,155,21244
1010,140468,"internal.metrics.resultSerializationTime",1,4,8,24
1010,140471,"internal.metrics.peakExecutionMemory",214237184,219139077,361037824,175311421440
1010,140473,"internal.metrics.shuffle.read.remoteBlocksFetched",1266,1266,1276,1018243
1010,140474,"internal.metrics.shuffle.read.localBlocksFetched",4,4,14,5757
1010,140475,"internal.metrics.shuffle.read.remoteBytesRead",16555491,19360788,22716913,15488791920
1010,140476,"internal.metrics.shuffle.read.remoteBytesReadToDisk",0,0,0,0
1010,140477,"internal.metrics.shuffle.read.localBytesRead",74504,109769,209180,87976998
1010,140478,"internal.metrics.shuffle.read.fetchWaitTime",0,0,31,117
1010,140479,"internal.metrics.shuffle.read.recordsRead",389031,458222,538188,366734167
1010,140480,"internal.metrics.shuffle.push.read.corruptMergedBlockChunks",0,0,0,0
1010,140481,"internal.metrics.shuffle.push.read.mergedFetchFallbackCount",0,0,0,0
1010,140482,"internal.metrics.shuffle.push.read.remoteMergedBlocksFetched",0,0,0,0
1010,140483,"internal.metrics.shuffle.push.read.localMergedBlocksFetched",0,0,0,0
1010,140484,"internal.metrics.shuffle.push.read.remoteMergedChunksFetched",0,0,0,0
1010,140485,"internal.metrics.shuffle.push.read.localMergedChunksFetched",0,0,0,0
1010,140486,"internal.metrics.shuffle.push.read.remoteMergedBytesRead",0,0,0,0
1010,140487,"internal.metrics.shuffle.push.read.localMergedBytesRead",0,0,0,0
1010,140488,"internal.metrics.shuffle.read.remoteReqsDuration",9693,83586,140537,67029014
1010,140489,"internal.metrics.shuffle.push.read.remoteMergedReqsDuration",0,0,0,0
1010,140490,"internal.metrics.shuffle.write.bytesWritten",12668018,14910582,17622585,11928625902
1010,140491,"internal.metrics.shuffle.write.recordsWritten",261303,308754,365465,247163783
1010,140492,"internal.metrics.shuffle.write.writeTime",6863793,13738085,65675784,10990622818
1017,138828,"remote blocks read",474,474,480,763701
1017,138829,"local blocks read",1,1,6,4299
1017,138830,"remote bytes read",1419737,1673931,1937339,2678629423
1017,138832,"local bytes read",2430,9599,22087,15112327
1017,138833,"fetch wait time",0,0,0,4
1017,138834,"records read",126393,149264,172723,239140768
1017,138843,"remote reqs duration",2369,20381,52379,51931842
1017,140163,"remote blocks read",793,793,797,636411
1017,140164,"local blocks read",3,3,7,3589
1017,140165,"remote bytes read",13446853,15760007,18506413,12608168330
1017,140167,"local bytes read",52668,88781,146841,71185553
1017,140168,"fetch wait time",0,0,202,2800
1017,140169,"records read",261303,308751,365465,247163783
1017,140178,"remote reqs duration",3552,19099,55383,15436644
1017,140661,"data size",42630376,50386389,59512608,40309268728
1017,140680,"shuffle bytes written",10967055,12904780,15257076,10323978940
1017,140681,"shuffle records written",261303,308751,365465,247163783
1017,140682,"shuffle write time",5602985,9829154,62326812,7863480554
1017,140683,"duration",737,1102,1780,1056392
1017,140684,"number of output rows",261303,308751,365465,247163783
1017,140685,"spill size",0,0,0,0
1017,140687,"duration",743,1176,1903,1114187
1017,140688,"sort time",137,157,431,207807
1017,140689,"peak memory",75497472,75539280,83886080,60431532032
1017,140690,"spill size",0,0,0,0
1017,140691,"duration",737,1119,1826,1070581
1017,140692,"sort time",0,0,3,4
1017,140693,"peak memory",67174400,67174400,67174400,53739520000
1017,140694,"spill size",0,0,0,0
1017,140695,"number of output rows",417,451,574,400000
1017,140696,"peak memory",262144,513619,67371008,411041792
1017,140698,"time in aggregation build",63,68,298,117201
1017,140699,"avg hash probes per key",10,10,10,30
1017,140701,"internal.metrics.executorDeserializeTime",11,13,230,38406
1017,140702,"internal.metrics.executorDeserializeCpuTime",11470700,23341607,39342724,18673443494
1017,140703,"internal.metrics.executorRunTime",959,1535,2267,1386365
1017,140704,"internal.metrics.executorCpuTime",938564988,1479408914,1857673015,1183527290529
1017,140705,"internal.metrics.resultSize",65501,65501,65589,52416681
1017,140706,"internal.metrics.jvmGCTime",9,12,135,12514
1017,140707,"internal.metrics.resultSerializationTime",1,1,1,1
1017,140710,"internal.metrics.peakExecutionMemory",214237184,218719650,285540352,174975877120
1017,140712,"internal.metrics.shuffle.read.remoteBlocksFetched",1269,1269,1276,1018257
1017,140713,"internal.metrics.shuffle.read.localBlocksFetched",4,4,11,5743
1017,140714,"internal.metrics.shuffle.read.remoteBytesRead",14918213,17434139,20443752,13947472694
1017,140715,"internal.metrics.shuffle.read.remoteBytesReadToDisk",0,0,0,0
1017,140716,"internal.metrics.shuffle.read.localBytesRead",57235,98238,154718,78752064
1017,140717,"internal.metrics.shuffle.read.fetchWaitTime",0,0,202,2800
1017,140718,"internal.metrics.shuffle.read.recordsRead",389031,458217,538188,366734167
1017,140719,"internal.metrics.shuffle.push.read.corruptMergedBlockChunks",0,0,0,0
1017,140720,"internal.metrics.shuffle.push.read.mergedFetchFallbackCount",0,0,0,0
1017,140721,"internal.metrics.shuffle.push.read.remoteMergedBlocksFetched",0,0,0,0
1017,140722,"internal.metrics.shuffle.push.read.localMergedBlocksFetched",0,0,0,0
1017,140723,"internal.metrics.shuffle.push.read.remoteMergedChunksFetched",0,0,0,0
1017,140724,"internal.metrics.shuffle.push.read.localMergedChunksFetched",0,0,0,0
1017,140725,"internal.metrics.shuffle.push.read.remoteMergedBytesRead",0,0,0,0
1017,140726,"internal.metrics.shuffle.push.read.localMergedBytesRead",0,0,0,0
1017,140727,"internal.metrics.shuffle.read.remoteReqsDuration",5921,39671,107360,31896419
1017,140728,"internal.metrics.shuffle.push.read.remoteMergedReqsDuration",0,0,0,0
1017,140729,"internal.metrics.shuffle.write.bytesWritten",10967055,12904780,15257076,10323978940
1017,140730,"internal.metrics.shuffle.write.recordsWritten",261303,308751,365465,247163783
1017,140731,"internal.metrics.shuffle.write.writeTime",5602985,9829154,62326812,7863480554
1031,135897,"remote blocks read",68,69,125,16342
1031,135898,"local blocks read",1,1,9,80
1031,135899,"remote bytes read",7490,8777,15248,1884775
1031,135901,"local bytes read",107,139,1044,9225
1031,135902,"fetch wait time",0,0,0,0
1031,135903,"records read",70,70,153,16772
1031,135912,"remote reqs duration",284,3481,11405,779899
1031,140424,"remote blocks read",793,793,796,85127
1031,140425,"local blocks read",4,4,7,473
1031,140426,"remote bytes read",16038492,110851522,507909600,11861115598
1031,140428,"local bytes read",76511,630912,3813480,67510304
1031,140429,"fetch wait time",0,0,0,0
1031,140430,"records read",304244,2309917,10906652,247163783
1031,140439,"remote reqs duration",4121,8897,21480,954714
1031,140894,"data size",55699872,413681179,1909638744,44263889256
1031,140913,"shuffle bytes written",10624757,78197813,356378102,8367168851
1031,140914,"shuffle records written",304244,2309917,10906652,247163783
1031,140915,"shuffle write time",5081480,33466801,153312484,3580950249
1031,140916,"duration",481,2882,13066,311087
1031,140917,"number of output rows",304244,2309917,10906652,247163783
1031,140918,"spill size",0,0,0,0
1031,140920,"duration",573,3006,13179,324310
1031,140921,"sort time",26,158,705,19036
1031,140922,"peak memory",75497472,515076184,2281701376,55113154560
1031,140923,"spill size",0,0,0,0
1031,140927,"duration",304,1559,6801,169735
1031,140928,"sort time",0,0,0,0
1031,140929,"peak memory",67174400,67174400,67174400,7187660800
1031,140930,"spill size",0,0,0,0
1031,140931,"number of output rows",1,1,2,112
1031,140932,"peak memory",262144,262144,262144,28049408
1031,140934,"time in aggregation build",3,3,12,460
1031,140940,"internal.metrics.executorDeserializeTime",21,23,130,4434
1031,140941,"internal.metrics.executorDeserializeCpuTime",15745174,22186687,35323019,2373978129
1031,140942,"internal.metrics.executorRunTime",810,4486,19806,482520
1031,140943,"internal.metrics.executorCpuTime",787807145,4407900286,19183984469,471645333645
1031,140944,"internal.metrics.resultSize",79165,79165,79211,8473539
1031,140945,"internal.metrics.jvmGCTime",8,71,692,5290
1031,140949,"internal.metrics.peakExecutionMemory",218431488,1101195257,4630839296,117827895296
1031,140951,"internal.metrics.shuffle.read.remoteBlocksFetched",864,864,921,93296
1031,140952,"internal.metrics.shuffle.read.localBlocksFetched",4,4,13,515
1031,140953,"internal.metrics.shuffle.read.remoteBytesRead",16047192,110860325,507917090,11862057757
1031,140954,"internal.metrics.shuffle.read.remoteBytesReadToDisk",0,0,0,0
1031,140955,"internal.metrics.shuffle.read.localBytesRead",76627,630958,3813587,67515145
1031,140956,"internal.metrics.shuffle.read.fetchWaitTime",0,0,0,0
1031,140957,"internal.metrics.shuffle.read.recordsRead",304319,2309995,10906729,247172169
1031,140958,"internal.metrics.shuffle.push.read.corruptMergedBlockChunks",0,0,0,0
1031,140959,"internal.metrics.shuffle.push.read.mergedFetchFallbackCount",0,0,0,0
1031,140960,"internal.metrics.shuffle.push.read.remoteMergedBlocksFetched",0,0,0,0
1031,140961,"internal.metrics.shuffle.push.read.localMergedBlocksFetched",0,0,0,0
1031,140962,"internal.metrics.shuffle.push.read.remoteMergedChunksFetched",0,0,0,0
1031,140963,"internal.metrics.shuffle.push.read.localMergedChunksFetched",0,0,0,0
1031,140964,"internal.metrics.shuffle.push.read.remoteMergedBytesRead",0,0,0,0
1031,140965,"internal.metrics.shuffle.push.read.localMergedBytesRead",0,0,0,0
1031,140966,"internal.metrics.shuffle.read.remoteReqsDuration",5731,12403,30376,1330319
1031,140967,"internal.metrics.shuffle.push.read.remoteMergedReqsDuration",0,0,0,0
1031,140968,"internal.metrics.shuffle.write.bytesWritten",10624757,78197813,356378102,8367168851
1031,140969,"internal.metrics.shuffle.write.recordsWritten",304244,2309917,10906652,247163783
1031,140970,"internal.metrics.shuffle.write.writeTime",5081480,33466801,153312484,3580950249
1039,135897,"remote blocks read",69,69,126,15891
1039,135898,"local blocks read",1,1,4,78
1039,135899,"remote bytes read",7521,8782,15186,1835621
1039,135901,"local bytes read",107,116,464,9008
1039,135902,"fetch wait time",0,0,0,0
1039,135903,"records read",70,70,153,16319
1039,135912,"remote reqs duration",591,3750,12874,759668
1039,140663,"remote blocks read",793,793,797,85112
1039,140664,"local blocks read",3,3,7,488
1039,140665,"remote bytes read",13696802,95918575,441054665,10263290429
1039,140667,"local bytes read",65840,567156,3322675,60688511
1039,140668,"fetch wait time",0,0,0,0
1039,140669,"records read",304244,2309916,10906652,247163783
1039,140678,"remote reqs duration",3304,7816,20029,839244
1039,141111,"data size",45964064,339763041,1560625880,36354648200
1039,141130,"shuffle bytes written",8628485,64117483,294623197,6860573223
1039,141131,"shuffle records written",304244,2309916,10906652,247163783
1039,141132,"shuffle write time",4062939,27676494,131481612,2961387544
1039,141133,"duration",442,2532,11833,273766
1039,141134,"number of output rows",304244,2309916,10906652,247163783
1039,141135,"spill size",0,0,0,0
1039,141137,"duration",509,2617,11881,282947
1039,141138,"sort time",15,132,675,16757
1039,141139,"peak memory",75497472,484344089,2080374784,51824820224
1039,141140,"spill size",0,0,0,0
1039,141144,"duration",271,1356,5873,148152
1039,141145,"sort time",0,0,0,0
1039,141146,"peak memory",67174400,67174400,67174400,7187660800
1039,141147,"spill size",0,0,0,0
1039,141148,"number of output rows",1,1,2,112
1039,141149,"peak memory",262144,262144,262144,28049408
1039,141151,"time in aggregation build",3,3,8,441
1039,141157,"internal.metrics.executorDeserializeTime",20,21,95,4588
1039,141158,"internal.metrics.executorDeserializeCpuTime",14797325,21645101,33372141,2316028296
1039,141159,"internal.metrics.executorRunTime",704,3903,17618,420498
1039,141160,"internal.metrics.executorCpuTime",697721665,3849466295,17048335545,411892895954
1039,141161,"internal.metrics.resultSize",75525,75525,75571,8083618
1039,141162,"internal.metrics.jvmGCTime",9,82,660,5081
1039,141166,"internal.metrics.peakExecutionMemory",218431488,996455256,4093968384,106620715008
1039,141168,"internal.metrics.shuffle.read.remoteBlocksFetched",864,864,921,93285
1039,141169,"internal.metrics.shuffle.read.localBlocksFetched",3,3,8,526
1039,141170,"internal.metrics.shuffle.read.remoteBytesRead",13705502,95927390,441062915,10264233045
1039,141171,"internal.metrics.shuffle.read.remoteBytesReadToDisk",0,0,0,0
1039,141172,"internal.metrics.shuffle.read.localBytesRead",65840,567198,3322675,60692895
1039,141173,"internal.metrics.shuffle.read.fetchWaitTime",0,0,0,0
1039,141174,"internal.metrics.shuffle.read.recordsRead",304319,2309993,10906729,247172169
1039,141175,"internal.metrics.shuffle.push.read.corruptMergedBlockChunks",0,0,0,0
1039,141176,"internal.metrics.shuffle.push.read.mergedFetchFallbackCount",0,0,0,0
1039,141177,"internal.metrics.shuffle.push.read.remoteMergedBlocksFetched",0,0,0,0
1039,141178,"internal.metrics.shuffle.push.read.localMergedBlocksFetched",0,0,0,0
1039,141179,"internal.metrics.shuffle.push.read.remoteMergedChunksFetched",0,0,0,0
1039,141180,"internal.metrics.shuffle.push.read.localMergedChunksFetched",0,0,0,0
1039,141181,"internal.metrics.shuffle.push.read.remoteMergedBytesRead",0,0,0,0
1039,141182,"internal.metrics.shuffle.push.read.localMergedBytesRead",0,0,0,0
1039,141183,"internal.metrics.shuffle.read.remoteReqsDuration",4368,11593,27245,1243538
1039,141184,"internal.metrics.shuffle.push.read.remoteMergedReqsDuration",0,0,0,0
1039,141185,"internal.metrics.shuffle.write.bytesWritten",8628485,64117483,294623197,6860573223
1039,141186,"internal.metrics.shuffle.write.recordsWritten",304244,2309916,10906652,247163783
1039,141187,"internal.metrics.shuffle.write.writeTime",4062939,27676494,131481612,2961387544
1056,137805,"remote blocks read",27,28,308,42997
1056,137806,"local blocks read",1,1,15,221
1056,137807,"remote bytes read",2912,8464,34926,4851082
1056,137809,"local bytes read",104,157,1765,24942
1056,137810,"fetch wait time",0,0,324,12935
1056,137811,"records read",27,30,310,45265
1056,137820,"remote reqs duration",30,2571,9843,1639559
1056,141113,"remote blocks read",12,12,144,9730
1056,141114,"local blocks read",1,1,4,171
1056,141115,"remote bytes read",715611,21517427,99661201,6132487261
1056,141117,"local bytes read",181,5127326,18508763,728085962
1056,141118,"fetch wait time",0,0,381,5809
1056,141119,"records read",36660,867169,3627603,247163783
1056,141128,"remote reqs duration",27,1385,6891,414322
1056,141300,"data size",5367296,127560094,552044664,36354648200
1056,141319,"shuffle bytes written",1093984,19079603,78483059,5437707660
1056,141320,"shuffle records written",36660,867169,3627603,247163783
1056,141321,"shuffle write time",3337632,14485816,58117598,4128475916
1056,141322,"duration",43,927,3310,283788
1056,141323,"number of output rows",36660,867169,3627603,247163783
1056,141324,"spill size",0,0,0,0
1056,141326,"duration",46,980,3363,298275
1056,141327,"sort time",2,32,863,25930
1056,141328,"peak memory",68157440,195811382,738197504,55806263296
1056,141329,"spill size",0,0,0,0
1056,141333,"duration",42,682,2508,214551
1056,141334,"sort time",0,0,0,0
1056,141335,"peak memory",67174400,67174400,67174400,19144704000
1056,141336,"spill size",0,0,0,0
1056,141337,"number of output rows",1,1,13,841
1056,141338,"peak memory",262144,262144,262144,74711040
1056,141340,"time in aggregation build",1,1,334,6137
1056,141346,"internal.metrics.executorDeserializeTime",14,14,134,9002
1056,141347,"internal.metrics.executorDeserializeCpuTime",14536631,22040263,38723152,6281495397
1056,141348,"internal.metrics.executorRunTime",133,1534,5551,457068
1056,141349,"internal.metrics.executorCpuTime",133370935,1513829883,5474146679,431441536911
1056,141350,"internal.metrics.resultSize",92829,92829,92875,26461956
1056,141351,"internal.metrics.jvmGCTime",10,13,135,4069
1056,141355,"internal.metrics.peakExecutionMemory",203751424,452322734,1476722688,128911998976
1056,141357,"internal.metrics.shuffle.read.remoteBlocksFetched",40,46,452,31285
1056,141358,"internal.metrics.shuffle.read.localBlocksFetched",0,0,15,285
1056,141359,"internal.metrics.shuffle.read.remoteBytesRead",721779,21525959,99673993,6134919079
1056,141360,"internal.metrics.shuffle.read.remoteBytesReadToDisk",0,0,0,0
1056,141361,"internal.metrics.shuffle.read.localBytesRead",0,2554661,18508870,728098967
1056,141362,"internal.metrics.shuffle.read.fetchWaitTime",0,0,442,10639
1056,141363,"internal.metrics.shuffle.read.recordsRead",36833,867249,3627723,247186491
1056,141364,"internal.metrics.shuffle.push.read.corruptMergedBlockChunks",0,0,0,0
1056,141365,"internal.metrics.shuffle.push.read.mergedFetchFallbackCount",0,0,0,0
1056,141366,"internal.metrics.shuffle.push.read.remoteMergedBlocksFetched",0,0,0,0
1056,141367,"internal.metrics.shuffle.push.read.localMergedBlocksFetched",0,0,0,0
1056,141368,"internal.metrics.shuffle.push.read.remoteMergedChunksFetched",0,0,0,0
1056,141369,"internal.metrics.shuffle.push.read.localMergedChunksFetched",0,0,0,0
1056,141370,"internal.metrics.shuffle.push.read.remoteMergedBytesRead",0,0,0,0
1056,141371,"internal.metrics.shuffle.push.read.localMergedBytesRead",0,0,0,0
1056,141372,"internal.metrics.shuffle.read.remoteReqsDuration",96,4022,15789,1166537
1056,141373,"internal.metrics.shuffle.push.read.remoteMergedReqsDuration",0,0,0,0
1056,141374,"internal.metrics.shuffle.write.bytesWritten",1093984,19079603,78483059,5437707660
1056,141375,"internal.metrics.shuffle.write.recordsWritten",36660,867169,3627603,247163783
1056,141376,"internal.metrics.shuffle.write.writeTime",3337632,14485816,58117598,4128475916
1067,137805,"remote blocks read",27,29,307,43113
1067,137806,"local blocks read",1,1,4,225
1067,137807,"remote bytes read",2912,8141,34817,4864248
1067,137809,"local bytes read",103,122,448,25398
1067,137810,"fetch wait time",0,0,424,12935
1067,137811,"records read",27,29,310,45416
1067,137820,"remote reqs duration",41,2962,12752,1650208
1067,140896,"remote blocks read",12,12,144,9777
1067,140897,"local blocks read",1,1,4,124
1067,140898,"remote bytes read",684421,26425009,121120688,7821824896
1067,140900,"local bytes read",213,5049450,20193772,545343955
1067,140901,"fetch wait time",0,0,499,9570
1067,140902,"records read",29170,834939,3627603,247163783
1067,140911,"remote reqs duration",32,1892,7513,584147
1067,141511,"data size",5128448,149540092,668127960,44263889256
1067,141530,"shuffle bytes written",1130887,22789109,97690080,6745598204
1067,141531,"shuffle records written",29170,834939,3627603,247163783
1067,141532,"shuffle write time",3500882,15747009,51275759,4661138462
1067,141533,"duration",47,995,3864,316981
1067,141534,"number of output rows",29170,834939,3627603,247163783
1067,141535,"spill size",0,0,0,0
1067,141537,"duration",50,1064,3946,337390
1067,141538,"sort time",2,25,873,24982
1067,141539,"peak memory",68157440,220399260,872415232,65238204416
1067,141540,"spill size",0,0,0,0
1067,141544,"duration",46,749,2861,242835
1067,141545,"sort time",0,0,0,0
1067,141546,"peak memory",67174400,67174400,67174400,19883622400
1067,141547,"spill size",0,0,0,0
1067,141548,"number of output rows",1,1,13,841
1067,141549,"peak memory",262144,262144,262144,77594624
1067,141551,"time in aggregation build",1,1,429,9414
1067,141557,"internal.metrics.executorDeserializeTime",15,15,127,11097
1067,141558,"internal.metrics.executorDeserializeCpuTime",14672697,24890916,42270640,7367734106
1067,141559,"internal.metrics.executorRunTime",156,1673,6252,516463
1067,141560,"internal.metrics.executorCpuTime",130207462,1618559225,6167083935,479093552707
1067,141561,"internal.metrics.resultSize",96469,96469,96515,28560373
1067,141562,"internal.metrics.jvmGCTime",8,12,135,3786
1067,141566,"internal.metrics.peakExecutionMemory",203227136,501853361,1745158144,148548616192
1067,141568,"internal.metrics.shuffle.read.remoteBlocksFetched",40,43,451,31335
1067,141569,"internal.metrics.shuffle.read.localBlocksFetched",0,0,4,235
1067,141570,"internal.metrics.shuffle.read.remoteBytesRead",687955,26433232,121133482,7824257326
1067,141571,"internal.metrics.shuffle.read.remoteBytesReadToDisk",0,0,0,0
1067,141572,"internal.metrics.shuffle.read.localBytesRead",0,1842347,20193772,545356348
1067,141573,"internal.metrics.shuffle.read.fetchWaitTime",0,0,499,17675
1067,141574,"internal.metrics.shuffle.read.recordsRead",29200,835014,3627723,247186491
1067,141575,"internal.metrics.shuffle.push.read.corruptMergedBlockChunks",0,0,0,0
1067,141576,"internal.metrics.shuffle.push.read.mergedFetchFallbackCount",0,0,0,0
1067,141577,"internal.metrics.shuffle.push.read.remoteMergedBlocksFetched",0,0,0,0
1067,141578,"internal.metrics.shuffle.push.read.localMergedBlocksFetched",0,0,0,0
1067,141579,"internal.metrics.shuffle.push.read.remoteMergedChunksFetched",0,0,0,0
1067,141580,"internal.metrics.shuffle.push.read.localMergedChunksFetched",0,0,0,0
1067,141581,"internal.metrics.shuffle.push.read.remoteMergedBytesRead",0,0,0,0
1067,141582,"internal.metrics.shuffle.push.read.localMergedBytesRead",0,0,0,0
1067,141583,"internal.metrics.shuffle.read.remoteReqsDuration",90,4931,16899,1482140
1067,141584,"internal.metrics.shuffle.push.read.remoteMergedReqsDuration",0,0,0,0
1067,141585,"internal.metrics.shuffle.write.bytesWritten",1130887,22789109,97690080,6745598204
1067,141586,"internal.metrics.shuffle.write.recordsWritten",29170,834939,3627603,247163783
1067,141587,"internal.metrics.shuffle.write.writeTime",3500882,15747009,51275759,4661138462
1082,137448,"remote blocks read",470,470,480,389002
1082,137449,"local blocks read",1,1,10,2198
1082,137450,"remote bytes read",864132,881471,893400,718564320
1082,137452,"local bytes read",996,4940,21107,4025276
1082,137453,"fetch wait time",0,0,245,2340
1082,137454,"records read",123482,124222,125537,101398144
1082,137463,"remote reqs duration",1931,14297,25881,11688118
1082,141302,"remote blocks read",269,269,285,226745
1082,141303,"local blocks read",1,1,16,1255
1082,141304,"remote bytes read",6366648,6759469,6863956,5407733143
1082,141306,"local bytes read",1090,47202,375015,29974517
1082,141307,"fetch wait time",0,0,548,155111
1082,141308,"records read",305726,308752,312517,247163783
1082,141317,"remote reqs duration",1386,11397,23097,9275111
1082,141672,"data size",40069512,40499845,40966872,32400027672
1082,141691,"shuffle bytes written",14720864,14874590,15031177,11899837097
1082,141692,"shuffle records written",305726,308752,312517,247163783
1082,141693,"shuffle write time",10382258,18148875,90023513,14519260418
1082,141694,"duration",856,1076,1909,1060679
1082,141695,"number of output rows",305726,308752,312517,247163783
1082,141696,"spill size",0,0,0,0
1082,141698,"duration",948,1163,2001,1146769
1082,141699,"sort time",165,176,479,204210
1082,141700,"peak memory",75497472,75497472,75497472,60397977600
1082,141701,"spill size",0,0,0,0
1082,141702,"duration",922,1113,1937,1090508
1082,141703,"sort time",45,45,189,53738
1082,141704,"peak memory",71303168,71303168,71303168,57042534400
1082,141705,"spill size",0,0,0,0
1082,141706,"internal.metrics.executorDeserializeTime",18,19,191,43325
1082,141707,"internal.metrics.executorDeserializeCpuTime",17755092,31410778,61634369,25128776835
1082,141708,"internal.metrics.executorRunTime",1262,1598,2559,1519745
1082,141709,"internal.metrics.executorCpuTime",1144984392,1496004431,1791016902,1196803702986
1082,141710,"internal.metrics.resultSize",104925,104925,105013,83956164
1082,141711,"internal.metrics.jvmGCTime",13,13,89,10123
1082,141712,"internal.metrics.resultSerializationTime",1,5,13,37
1082,141715,"internal.metrics.peakExecutionMemory",222298112,222298112,222298112,177838489600
1082,141717,"internal.metrics.shuffle.read.remoteBlocksFetched",746,746,764,608585
1082,141718,"internal.metrics.shuffle.read.localBlocksFetched",1,1,19,3415
1082,141719,"internal.metrics.shuffle.read.remoteBytesRead",7240782,7641143,7753379,6113074111
1082,141720,"internal.metrics.shuffle.read.remoteBytesReadToDisk",0,0,0,0
1082,141721,"internal.metrics.shuffle.read.localBytesRead",996,42214,384991,33931166
1082,141722,"internal.metrics.shuffle.read.fetchWaitTime",0,0,548,157451
1082,141723,"internal.metrics.shuffle.read.recordsRead",429518,433181,437670,346696438
1082,141724,"internal.metrics.shuffle.push.read.corruptMergedBlockChunks",0,0,0,0
1082,141725,"internal.metrics.shuffle.push.read.mergedFetchFallbackCount",0,0,0,0
1082,141726,"internal.metrics.shuffle.push.read.remoteMergedBlocksFetched",0,0,0,0
1082,141727,"internal.metrics.shuffle.push.read.localMergedBlocksFetched",0,0,0,0
1082,141728,"internal.metrics.shuffle.push.read.remoteMergedChunksFetched",0,0,0,0
1082,141729,"internal.metrics.shuffle.push.read.localMergedChunksFetched",0,0,0,0
1082,141730,"internal.metrics.shuffle.push.read.remoteMergedBytesRead",0,0,0,0
1082,141731,"internal.metrics.shuffle.push.read.localMergedBytesRead",0,0,0,0
1082,141732,"internal.metrics.shuffle.read.remoteReqsDuration",3922,25883,48507,20867877
1082,141733,"internal.metrics.shuffle.push.read.remoteMergedReqsDuration",0,0,0,0
1082,141734,"internal.metrics.shuffle.write.bytesWritten",14720864,14874590,15031177,11899837097
1082,141735,"internal.metrics.shuffle.write.recordsWritten",305726,308752,312517,247163783
1082,141736,"internal.metrics.shuffle.write.writeTime",10382258,18148875,90023513,14519260418
1094,137448,"remote blocks read",470,470,480,763703
1094,137449,"local blocks read",1,1,10,4297
1094,137450,"remote bytes read",864020,881498,890294,1410701061
1094,137452,"local bytes read",1105,4883,20620,7894173
1094,137453,"fetch wait time",0,0,0,2340
1094,137454,"records read",123482,124223,125537,199065310
1094,137463,"remote reqs duration",1440,7244,24721,17548231
1094,141513,"remote blocks read",286,286,296,235497
1094,141514,"local blocks read",1,1,10,1303
1094,141515,"remote bytes read",8136928,8385778,8510450,6708783440
1094,141517,"local bytes read",1234,48185,259771,36814764
1094,141518,"fetch wait time",0,0,47,680
1094,141519,"records read",305726,308751,312517,247163783
1094,141528,"remote reqs duration",1385,6475,19800,5340668
1094,141843,"data size",49852744,50386382,50967416,40309268728
1094,141862,"shuffle bytes written",16747905,16938537,17129545,13550986886
1094,141863,"shuffle records written",305726,308751,312517,247163783
1094,141864,"shuffle write time",10730828,17195196,92479563,13756313839
1094,141865,"duration",696,917,1502,904000
1094,141866,"number of output rows",305726,308751,312517,247163783
1094,141867,"spill size",0,0,0,0
1094,141869,"duration",702,958,1593,940744
1094,141870,"sort time",170,178,409,213920
1094,141871,"peak memory",75497472,75497472,75497472,60397977600
1094,141872,"spill size",0,0,0,0
1094,141873,"duration",697,930,1533,913465
1094,141874,"sort time",43,43,117,50418
1094,141875,"peak memory",71303168,71303168,71303168,57042534400
1094,141876,"spill size",0,0,0,0
1094,141877,"internal.metrics.executorDeserializeTime",17,18,149,38946
1094,141878,"internal.metrics.executorDeserializeCpuTime",17140004,33893769,51132451,27115180204
1094,141879,"internal.metrics.executorRunTime",1095,1441,2067,1306652
1094,141880,"internal.metrics.executorCpuTime",1070146822,1496141527,1814209721,1196913387387
1094,141881,"internal.metrics.resultSize",108565,108565,108611,86866509
1094,141882,"internal.metrics.jvmGCTime",10,11,86,10422
1094,141883,"internal.metrics.resultSerializationTime",2,2,2,2
1094,141886,"internal.metrics.peakExecutionMemory",222298112,222298112,222298112,177838489600
1094,141888,"internal.metrics.shuffle.read.remoteBlocksFetched",762,762,775,617360
1094,141889,"internal.metrics.shuffle.read.localBlocksFetched",1,1,14,3440
1094,141890,"internal.metrics.shuffle.read.remoteBytesRead",9010549,9267479,9397487,7414143533
1094,141891,"internal.metrics.shuffle.read.remoteBytesReadToDisk",0,0,0,0
1094,141892,"internal.metrics.shuffle.read.localBytesRead",1123,50738,269742,40752288
1094,141893,"internal.metrics.shuffle.read.fetchWaitTime",0,0,47,680
1094,141894,"internal.metrics.shuffle.read.recordsRead",429518,433180,437670,346696438
1094,141895,"internal.metrics.shuffle.push.read.corruptMergedBlockChunks",0,0,0,0
1094,141896,"internal.metrics.shuffle.push.read.mergedFetchFallbackCount",0,0,0,0
1094,141897,"internal.metrics.shuffle.push.read.remoteMergedBlocksFetched",0,0,0,0
1094,141898,"internal.metrics.shuffle.push.read.localMergedBlocksFetched",0,0,0,0
1094,141899,"internal.metrics.shuffle.push.read.remoteMergedChunksFetched",0,0,0,0
1094,141900,"internal.metrics.shuffle.push.read.localMergedChunksFetched",0,0,0,0
1094,141901,"internal.metrics.shuffle.push.read.remoteMergedBytesRead",0,0,0,0
1094,141902,"internal.metrics.shuffle.push.read.localMergedBytesRead",0,0,0,0
1094,141903,"internal.metrics.shuffle.read.remoteReqsDuration",3491,13921,40730,11296133
1094,141904,"internal.metrics.shuffle.push.read.remoteMergedReqsDuration",0,0,0,0
1094,141905,"internal.metrics.shuffle.write.bytesWritten",16747905,16938537,17129545,13550986886
1094,141906,"internal.metrics.shuffle.write.recordsWritten",305726,308751,312517,247163783
1094,141907,"internal.metrics.shuffle.write.writeTime",10730828,17195196,92479563,13756313839
1106,138259,"remote blocks read",473,473,480,381820
1106,138260,"local blocks read",1,1,7,2180
1106,138261,"remote bytes read",2414539,2486859,2554819,1989645010
1106,138263,"local bytes read",3102,14348,31974,11402533
1106,138264,"fetch wait time",0,0,16,25
1106,138265,"records read",128372,131806,135439,105605679
1106,138274,"remote reqs duration",4827,34002,74671,27363754
1106,141674,"remote blocks read",792,792,796,636414
1106,141675,"local blocks read",4,4,8,3586
1106,141676,"remote bytes read",12264848,14791330,17203250,11833225432
1106,141678,"local bytes read",61113,83066,166959,66611665
1106,141679,"fetch wait time",0,0,181,1740
1106,141680,"records read",255073,308757,361545,247163783
1106,141689,"remote reqs duration",4699,30513,59461,24580960
1106,141958,"data size",77432,77765,78080,62332416
1106,141977,"shuffle bytes written",84373,84846,85372,68002769
1106,141978,"shuffle records written",793,793,800,638571
1106,141979,"shuffle write time",1738749,3591783,67558494,2873584034
1106,141980,"duration",995,1352,2112,1244738
1106,141981,"number of output rows",793,793,800,638571
1106,141982,"peak memory",262144,262144,262144,209715200
1106,141984,"time in aggregation build",988,1300,2033,1195447
1106,141987,"number of output rows",255073,308757,361545,247163783
1106,141988,"spill size",0,0,0,0
1106,141990,"duration",1009,1495,2374,1399723
1106,141991,"sort time",193,215,586,252579
1106,141992,"peak memory",75497472,75602181,83886080,60481863680
1106,141993,"spill size",0,0,0,0
1106,141994,"duration",997,1408,2195,1307005
1106,141995,"sort time",3,3,80,5730
1106,141996,"peak memory",67633152,67633152,67633152,54106521600
1106,141997,"spill size",0,0,0,0
1106,141998,"number of output rows",14596,14850,15372,11999597
1106,141999,"peak memory",67371008,67371008,67371008,53896806400
1106,142001,"time in aggregation build",90,127,369,167374
1106,142002,"avg hash probes per key",10,10,10,8000
1106,142004,"internal.metrics.executorDeserializeTime",18,25,348,51363
1106,142005,"internal.metrics.executorDeserializeCpuTime",18009692,34394578,60330921,27515820777
1106,142006,"internal.metrics.executorRunTime",1079,1602,2572,1493935
1106,142007,"internal.metrics.executorCpuTime",952815366,1446774516,1838203679,1157419773459
1106,142008,"internal.metrics.resultSize",109741,109741,109830,87808411
1106,142009,"internal.metrics.jvmGCTime",15,23,109,15748
1106,142010,"internal.metrics.resultSerializationTime",1,2,10,22
1106,142013,"internal.metrics.peakExecutionMemory",277905408,278010117,286294016,222408212480
1106,142015,"internal.metrics.shuffle.read.remoteBlocksFetched",1265,1265,1276,1018234
1106,142016,"internal.metrics.shuffle.read.localBlocksFetched",4,4,15,5766
1106,142017,"internal.metrics.shuffle.read.remoteBytesRead",14712480,17278387,19735009,13822870442
1106,142018,"internal.metrics.shuffle.read.remoteBytesReadToDisk",0,0,0,0
1106,142019,"internal.metrics.shuffle.read.localBytesRead",67208,97318,194596,78014198
1106,142020,"internal.metrics.shuffle.read.fetchWaitTime",0,0,181,1765
1106,142021,"internal.metrics.shuffle.read.recordsRead",385839,440766,496190,352769462
1106,142022,"internal.metrics.shuffle.push.read.corruptMergedBlockChunks",0,0,0,0
1106,142023,"internal.metrics.shuffle.push.read.mergedFetchFallbackCount",0,0,0,0
1106,142024,"internal.metrics.shuffle.push.read.remoteMergedBlocksFetched",0,0,0,0
1106,142025,"internal.metrics.shuffle.push.read.localMergedBlocksFetched",0,0,0,0
1106,142026,"internal.metrics.shuffle.push.read.remoteMergedChunksFetched",0,0,0,0
1106,142027,"internal.metrics.shuffle.push.read.localMergedChunksFetched",0,0,0,0
1106,142028,"internal.metrics.shuffle.push.read.remoteMergedBytesRead",0,0,0,0
1106,142029,"internal.metrics.shuffle.push.read.localMergedBytesRead",0,0,0,0
1106,142030,"internal.metrics.shuffle.read.remoteReqsDuration",9607,64731,133938,51944714
1106,142031,"internal.metrics.shuffle.push.read.remoteMergedReqsDuration",0,0,0,0
1106,142032,"internal.metrics.shuffle.write.bytesWritten",84373,84846,85372,68002769
1106,142033,"internal.metrics.shuffle.write.recordsWritten",793,793,800,638571
1106,142034,"internal.metrics.shuffle.write.writeTime",1738749,3591783,67558494,2873584034
1119,138259,"remote blocks read",473,473,480,763666
1119,138260,"local blocks read",1,1,7,4334
1119,138261,"remote bytes read",2417903,2487147,2554418,3979525544
1119,138263,"local bytes read",2955,14106,32263,22569542
1119,138264,"fetch wait time",0,0,0,25
1119,138265,"records read",128372,131805,135439,211211358
1119,138274,"remote reqs duration",6347,24856,70953,47407158
1119,141845,"remote blocks read",792,792,796,636417
1119,141846,"local blocks read",4,4,8,3583
1119,141847,"remote bytes read",13907236,16843745,19742229,13475156005
1119,141849,"local bytes read",68318,94580,173964,75830881
1119,141850,"fetch wait time",0,0,102,1176
1119,141851,"records read",255073,308757,361545,247163783
1119,141860,"remote reqs duration",6267,22849,71917,18439532
1119,142107,"data size",5727352,5913172,6095312,4730693736
1119,142126,"shuffle bytes written",2137215,2197513,2259977,1758168354
1119,142127,"shuffle records written",36567,37517,38868,30172522
1119,142128,"shuffle write time",3806874,6306475,84343257,5045333218
1119,142129,"duration",823,1627,2288,1444375
1119,142130,"number of output rows",36567,37517,38868,30172522
1119,142131,"peak memory",67371008,67371008,67371008,53896806400
1119,142133,"time in aggregation build",801,1494,2191,1343712
1119,142134,"avg hash probes per key",10,10,10,8000
1119,142136,"number of output rows",255073,308757,361545,247163783
1119,142137,"spill size",0,0,0,0
1119,142139,"duration",814,1699,2432,1504420
1119,142140,"sort time",160,202,562,255836
1119,142141,"peak memory",75497472,75602143,83886080,60481863680
1119,142142,"spill size",0,0,0,0
1119,142143,"duration",805,1616,2372,1435690
1119,142144,"sort time",3,3,51,5611
1119,142145,"peak memory",67633152,67633152,67633152,54106521600
1119,142146,"spill size",0,0,0,0
1119,142147,"number of output rows",14596,14849,15372,11999597
1119,142148,"peak memory",67371008,67371008,67371008,53896806400
1119,142150,"time in aggregation build",81,88,391,174586
1119,142151,"avg hash probes per key",10,10,10,8000
1119,142153,"internal.metrics.executorDeserializeTime",20,26,426,69951
1119,142154,"internal.metrics.executorDeserializeCpuTime",20465866,37786935,68198650,30229704569
1119,142155,"internal.metrics.executorRunTime",922,1918,2666,1696409
1119,142156,"internal.metrics.executorCpuTime",895813988,1702672962,2075999830,1362138525507
1119,142157,"internal.metrics.resultSize",113381,113381,113470,90725172
1119,142158,"internal.metrics.jvmGCTime",12,12,107,21600
1119,142159,"internal.metrics.resultSerializationTime",1,1,1,1
1119,142162,"internal.metrics.peakExecutionMemory",346030080,346134751,354418688,276907950080
1119,142164,"internal.metrics.shuffle.read.remoteBlocksFetched",1268,1268,1276,1018263
1119,142165,"internal.metrics.shuffle.read.localBlocksFetched",4,4,12,5737
1119,142166,"internal.metrics.shuffle.read.remoteBytesRead",16367987,19331097,22263448,15465036539
1119,142167,"internal.metrics.shuffle.read.remoteBytesReadToDisk",0,0,0,0
1119,142168,"internal.metrics.shuffle.read.localBytesRead",75246,108547,199880,86997890
1119,142169,"internal.metrics.shuffle.read.fetchWaitTime",0,0,102,1176
1119,142170,"internal.metrics.shuffle.read.recordsRead",385839,440761,496190,352769462
1119,142171,"internal.metrics.shuffle.push.read.corruptMergedBlockChunks",0,0,0,0
1119,142172,"internal.metrics.shuffle.push.read.mergedFetchFallbackCount",0,0,0,0
1119,142173,"internal.metrics.shuffle.push.read.remoteMergedBlocksFetched",0,0,0,0
1119,142174,"internal.metrics.shuffle.push.read.localMergedBlocksFetched",0,0,0,0
1119,142175,"internal.metrics.shuffle.push.read.remoteMergedChunksFetched",0,0,0,0
1119,142176,"internal.metrics.shuffle.push.read.localMergedChunksFetched",0,0,0,0
1119,142177,"internal.metrics.shuffle.push.read.remoteMergedBytesRead",0,0,0,0
1119,142178,"internal.metrics.shuffle.push.read.localMergedBytesRead",0,0,0,0
1119,142179,"internal.metrics.shuffle.read.remoteReqsDuration",13027,47897,142270,38482936
1119,142180,"internal.metrics.shuffle.push.read.remoteMergedReqsDuration",0,0,0,0
1119,142181,"internal.metrics.shuffle.write.bytesWritten",2137215,2197513,2259977,1758168354
1119,142182,"internal.metrics.shuffle.write.recordsWritten",36567,37517,38868,30172522
1119,142183,"internal.metrics.shuffle.write.writeTime",3806874,6306475,84343257,5045333218
1177,142109,"remote blocks read",792,792,796,636410
1177,142110,"local blocks read",4,4,8,3590
1177,142111,"remote bytes read",1508501,2185158,2922406,1748283222
1177,142113,"local bytes read",7323,12162,28075,9885132
1177,142114,"fetch wait time",0,0,38,190
1177,142115,"records read",25318,37510,52381,30172522
1177,142124,"remote reqs duration",1341,8412,19255,6891904
1177,142228,"data size",13392,16613,21160,13455088
1177,142247,"shuffle bytes written",16403,20016,25016,16168168
1177,142248,"shuffle records written",136,139,215,136673
1177,142249,"shuffle write time",433966,809984,10273890,648152296
1177,142250,"duration",85,131,376,202439
1177,142251,"number of output rows",136,139,215,136673
1177,142252,"peak memory",262144,262144,262144,209715200
1177,142254,"time in aggregation build",81,116,342,174144
1177,142257,"internal.metrics.executorDeserializeTime",19,25,120,45297
1177,142258,"internal.metrics.executorDeserializeCpuTime",19213273,33697433,63067474,26958111516
1177,142259,"internal.metrics.executorRunTime",101,212,486,282499
1177,142260,"internal.metrics.executorCpuTime",97207251,221470091,320716301,177176227493
1177,142261,"internal.metrics.resultSize",115005,115005,115093,92008882
1177,142262,"internal.metrics.jvmGCTime",11,17,69,3044
1177,142263,"internal.metrics.resultSerializationTime",15,15,15,15
1177,142266,"internal.metrics.peakExecutionMemory",67403776,67403776,67403776,53923020800
1177,142268,"internal.metrics.shuffle.read.remoteBlocksFetched",792,792,796,636410
1177,142269,"internal.metrics.shuffle.read.localBlocksFetched",4,4,8,3590
1177,142270,"internal.metrics.shuffle.read.remoteBytesRead",1508501,2185158,2922406,1748283222
1177,142271,"internal.metrics.shuffle.read.remoteBytesReadToDisk",0,0,0,0
1177,142272,"internal.metrics.shuffle.read.localBytesRead",7323,12162,28075,9885132
1177,142273,"internal.metrics.shuffle.read.fetchWaitTime",0,0,38,190
1177,142274,"internal.metrics.shuffle.read.recordsRead",25318,37510,52381,30172522
1177,142275,"internal.metrics.shuffle.push.read.corruptMergedBlockChunks",0,0,0,0
1177,142276,"internal.metrics.shuffle.push.read.mergedFetchFallbackCount",0,0,0,0
1177,142277,"internal.metrics.shuffle.push.read.remoteMergedBlocksFetched",0,0,0,0
1177,142278,"internal.metrics.shuffle.push.read.localMergedBlocksFetched",0,0,0,0
1177,142279,"internal.metrics.shuffle.push.read.remoteMergedChunksFetched",0,0,0,0
1177,142280,"internal.metrics.shuffle.push.read.localMergedChunksFetched",0,0,0,0
1177,142281,"internal.metrics.shuffle.push.read.remoteMergedBytesRead",0,0,0,0
1177,142282,"internal.metrics.shuffle.push.read.localMergedBytesRead",0,0,0,0
1177,142283,"internal.metrics.shuffle.read.remoteReqsDuration",1341,8412,19255,6891904
1177,142284,"internal.metrics.shuffle.push.read.remoteMergedReqsDuration",0,0,0,0
1177,142285,"internal.metrics.shuffle.write.bytesWritten",16403,20016,25016,16168168
1177,142286,"internal.metrics.shuffle.write.recordsWritten",136,139,215,136673
1177,142287,"internal.metrics.shuffle.write.writeTime",433966,809984,10273890,648152296
1247,141960,"remote blocks read",3980,5182,6368,400535
1247,141961,"local blocks read",20,23,49,2224
1247,141962,"remote bytes read",796151,878250,997154,67626574
1247,141964,"local bytes read",4018,4866,8448,376195
1247,141965,"fetch wait time",0,0,0,0
1247,141966,"records read",6397,8274,11911,638571
1247,141975,"remote reqs duration",1742,4512,11209,348719
1247,142230,"remote blocks read",1153,1415,1911,110428
1247,142231,"local blocks read",3,4,21,624
1247,142232,"remote bytes read",161575,208778,290948,16077489
1247,142234,"local bytes read",432,1160,3017,90679
1247,142235,"fetch wait time",0,0,0,0
1247,142236,"records read",1350,1757,2707,136673
1247,142245,"remote reqs duration",747,1748,5610,135989
1247,142298,"data size",16,16,16,1232
1247,142317,"shuffle bytes written",75,75,75,5775
1247,142318,"shuffle records written",1,1,1,77
1247,142319,"shuffle write time",7978938,10945291,30260855,842789051
1247,142320,"duration",309,344,460,28022
1247,142321,"number of output rows",1,1,1,77
1247,142324,"time in aggregation build",307,341,457,27840
1247,142327,"number of output rows",1350,1757,2707,136673
1247,142328,"spill size",0,0,0,0
1247,142330,"duration",373,426,563,34431
1247,142331,"sort time",3,3,7,303
1247,142332,"peak memory",67174400,67174400,67174400,5172428800
1247,142333,"spill size",0,0,0,0
1247,142337,"duration",325,364,493,29541
1247,142338,"sort time",0,0,0,0
1247,142339,"peak memory",67174400,67174400,67174400,5172428800
1247,142340,"spill size",0,0,0,0
1247,142341,"number of output rows",8,8,15,800
1247,142342,"peak memory",262144,262144,262144,20185088
1247,142344,"time in aggregation build",219,252,360,21135
1247,142350,"internal.metrics.executorDeserializeTime",47,56,124,5903
1247,142351,"internal.metrics.executorDeserializeCpuTime",32502005,38262275,55928538,2946196598
1247,142352,"internal.metrics.executorRunTime",418,473,599,37897
1247,142353,"internal.metrics.executorCpuTime",397260102,464560102,545142569,35771129274
1247,142354,"internal.metrics.resultSize",140072,140072,140118,10786056
1247,142355,"internal.metrics.jvmGCTime",14,19,38,189
1247,142359,"internal.metrics.peakExecutionMemory",134610944,134610944,134610944,10365042688
1247,142361,"internal.metrics.shuffle.read.remoteBlocksFetched",5368,6620,7778,510963
1247,142362,"internal.metrics.shuffle.read.localBlocksFetched",27,28,66,2848
1247,142363,"internal.metrics.shuffle.read.remoteBytesRead",985086,1087047,1288102,83704063
1247,142364,"internal.metrics.shuffle.read.remoteBytesReadToDisk",0,0,0,0
1247,142365,"internal.metrics.shuffle.read.localBytesRead",4638,6042,11045,466874
1247,142366,"internal.metrics.shuffle.read.fetchWaitTime",0,0,0,0
1247,142367,"internal.metrics.shuffle.read.recordsRead",7754,10048,14618,775244
1247,142368,"internal.metrics.shuffle.push.read.corruptMergedBlockChunks",0,0,0,0
1247,142369,"internal.metrics.shuffle.push.read.mergedFetchFallbackCount",0,0,0,0
1247,142370,"internal.metrics.shuffle.push.read.remoteMergedBlocksFetched",0,0,0,0
1247,142371,"internal.metrics.shuffle.push.read.localMergedBlocksFetched",0,0,0,0
1247,142372,"internal.metrics.shuffle.push.read.remoteMergedChunksFetched",0,0,0,0
1247,142373,"internal.metrics.shuffle.push.read.localMergedChunksFetched",0,0,0,0
1247,142374,"internal.metrics.shuffle.push.read.remoteMergedBytesRead",0,0,0,0
1247,142375,"internal.metrics.shuffle.push.read.localMergedBytesRead",0,0,0,0
1247,142376,"internal.metrics.shuffle.read.remoteReqsDuration",3045,6276,13044,484708
1247,142377,"internal.metrics.shuffle.push.read.remoteMergedReqsDuration",0,0,0,0
1247,142378,"internal.metrics.shuffle.write.bytesWritten",75,75,75,5775
1247,142379,"internal.metrics.shuffle.write.recordsWritten",1,1,1,77
1247,142380,"internal.metrics.shuffle.write.writeTime",7978938,10945291,30260855,842789051
1318,142300,"remote blocks read",76,76,76,76
1318,142301,"local blocks read",1,1,1,1
1318,142302,"remote bytes read",5700,5700,5700,5700
1318,142304,"local bytes read",75,75,75,75
1318,142305,"fetch wait time",0,0,0,0
1318,142306,"records read",77,77,77,77
1318,142315,"remote reqs duration",118,118,118,118
1318,142385,"duration",8,8,8,8
1318,142386,"number of output rows",1,1,1,1
1318,142389,"time in aggregation build",7,7,7,7
1318,142392,"internal.metrics.executorDeserializeTime",10,10,10,10
1318,142393,"internal.metrics.executorDeserializeCpuTime",8009446,8009446,8009446,8009446
1318,142394,"internal.metrics.executorRunTime",20,20,20,20
1318,142395,"internal.metrics.executorCpuTime",19553907,19553907,19553907,19553907
1318,142396,"internal.metrics.resultSize",3995,3995,3995,3995
1318,142403,"internal.metrics.shuffle.read.remoteBlocksFetched",76,76,76,76
1318,142404,"internal.metrics.shuffle.read.localBlocksFetched",1,1,1,1
1318,142405,"internal.metrics.shuffle.read.remoteBytesRead",5700,5700,5700,5700
1318,142406,"internal.metrics.shuffle.read.remoteBytesReadToDisk",0,0,0,0
1318,142407,"internal.metrics.shuffle.read.localBytesRead",75,75,75,75
1318,142408,"internal.metrics.shuffle.read.fetchWaitTime",0,0,0,0
1318,142409,"internal.metrics.shuffle.read.recordsRead",77,77,77,77
1318,142410,"internal.metrics.shuffle.push.read.corruptMergedBlockChunks",0,0,0,0
1318,142411,"internal.metrics.shuffle.push.read.mergedFetchFallbackCount",0,0,0,0
1318,142412,"internal.metrics.shuffle.push.read.remoteMergedBlocksFetched",0,0,0,0
1318,142413,"internal.metrics.shuffle.push.read.localMergedBlocksFetched",0,0,0,0
1318,142414,"internal.metrics.shuffle.push.read.remoteMergedChunksFetched",0,0,0,0
1318,142415,"internal.metrics.shuffle.push.read.localMergedChunksFetched",0,0,0,0
1318,142416,"internal.metrics.shuffle.push.read.remoteMergedBytesRead",0,0,0,0
1318,142417,"internal.metrics.shuffle.push.read.localMergedBytesRead",0,0,0,0
1318,142418,"internal.metrics.shuffle.read.remoteReqsDuration",118,118,118,118
1318,142419,"internal.metrics.shuffle.push.read.remoteMergedReqsDuration",0,0,0,0
